backend,array_layout,tile_extent_rows,query_chunk_rows,cache_mode,pattern,batch_size,overlap_case,overlap_placement,width,sample,latency_ms,slowest_rank,slowest_rank_has_storage,process_read_bytes,device_read_bytes,measured_read_bytes,cpu_seconds,requested_rows,unique_rows,node_unique_rows,within_rank_unique_row_fraction,node_unique_row_fraction,within_rank_repetition,requesting_ranks_per_unique_row,owner_unique_rows_mean,owner_unique_rows_max,owner_unique_max_to_mean,contiguous_ranges,estimated_tiles_touched,cuda_peak_temporary_bytes,rss_bytes_after,node_unique_id_sha256,node_contiguous_ranges,node_estimated_tiles_touched,clustered_run_count,storage_owner_count,id_routing_rank_max_ms,id_routing_rank_mean_ms,id_routing_rank_max_rank,id_routing_storage_owner_max_ms,id_routing_storage_owner_mean_ms,gpu_sort_rank_max_ms,gpu_sort_rank_mean_ms,gpu_sort_rank_max_rank,gpu_sort_storage_owner_max_ms,gpu_sort_storage_owner_mean_ms,gpu_deduplicate_rank_max_ms,gpu_deduplicate_rank_mean_ms,gpu_deduplicate_rank_max_rank,gpu_deduplicate_storage_owner_max_ms,gpu_deduplicate_storage_owner_mean_ms,staging_allocation_rank_max_ms,staging_allocation_rank_mean_ms,staging_allocation_rank_max_rank,staging_allocation_storage_owner_max_ms,staging_allocation_storage_owner_mean_ms,indices_d2h_rank_max_ms,indices_d2h_rank_mean_ms,indices_d2h_rank_max_rank,indices_d2h_storage_owner_max_ms,indices_d2h_storage_owner_mean_ms,tiledb_read_rank_max_ms,tiledb_read_rank_mean_ms,tiledb_read_rank_max_rank,tiledb_read_storage_owner_max_ms,tiledb_read_storage_owner_mean_ms,id_decode_rank_max_ms,id_decode_rank_mean_ms,id_decode_rank_max_rank,id_decode_storage_owner_max_ms,id_decode_storage_owner_mean_ms,id_sort_rank_max_ms,id_sort_rank_mean_ms,id_sort_rank_max_rank,id_sort_storage_owner_max_ms,id_sort_storage_owner_mean_ms,id_deduplicate_rank_max_ms,id_deduplicate_rank_mean_ms,id_deduplicate_rank_max_rank,id_deduplicate_storage_owner_max_ms,id_deduplicate_storage_owner_mean_ms,query_setup_rank_max_ms,query_setup_rank_mean_ms,query_setup_rank_max_rank,query_setup_storage_owner_max_ms,query_setup_storage_owner_mean_ms,range_build_rank_max_ms,range_build_rank_mean_ms,range_build_rank_max_rank,range_build_storage_owner_max_ms,range_build_storage_owner_mean_ms,query_submit_rank_max_ms,query_submit_rank_mean_ms,query_submit_rank_max_rank,query_submit_storage_owner_max_ms,query_submit_storage_owner_mean_ms,cpu_reorder_rank_max_ms,cpu_reorder_rank_mean_ms,cpu_reorder_rank_max_rank,cpu_reorder_storage_owner_max_ms,cpu_reorder_storage_owner_mean_ms,rows_h2d_rank_max_ms,rows_h2d_rank_mean_ms,rows_h2d_rank_max_rank,rows_h2d_storage_owner_max_ms,rows_h2d_storage_owner_mean_ms,gpu_expand_rank_max_ms,gpu_expand_rank_mean_ms,gpu_expand_rank_max_rank,gpu_expand_storage_owner_max_ms,gpu_expand_storage_owner_mean_ms,embedding_exchange_rank_max_ms,embedding_exchange_rank_mean_ms,embedding_exchange_rank_max_rank,embedding_exchange_storage_owner_max_ms,embedding_exchange_storage_owner_mean_ms,output_reorder_rank_max_ms,output_reorder_rank_mean_ms,output_reorder_rank_max_rank,output_reorder_storage_owner_max_ms,output_reorder_storage_owner_mean_ms,storage_requested_rows_rank_max,storage_requested_rows_rank_mean,storage_requested_rows_rank_max_rank,storage_requested_rows_storage_owner_max,storage_requested_rows_storage_owner_mean,storage_unique_rows_rank_max,storage_unique_rows_rank_mean,storage_unique_rows_rank_max_rank,storage_unique_rows_storage_owner_max,storage_unique_rows_storage_owner_mean,storage_range_count_rank_max,storage_range_count_rank_mean,storage_range_count_rank_max_rank,storage_range_count_storage_owner_max,storage_range_count_storage_owner_mean,storage_query_count_rank_max,storage_query_count_rank_mean,storage_query_count_rank_max_rank,storage_query_count_storage_owner_max,storage_query_count_storage_owner_mean,index_bytes_rank_max,index_bytes_rank_mean,index_bytes_rank_max_rank,index_bytes_storage_owner_max,index_bytes_storage_owner_mean,raw_staging_bytes_rank_max,raw_staging_bytes_rank_mean,raw_staging_bytes_rank_max_rank,raw_staging_bytes_storage_owner_max,raw_staging_bytes_storage_owner_mean,output_bytes_rank_max,output_bytes_rank_mean,output_bytes_rank_max_rank,output_bytes_storage_owner_max,output_bytes_storage_owner_mean,id_routing_ms,gpu_sort_ms,gpu_deduplicate_ms,staging_allocation_ms,indices_d2h_ms,tiledb_read_ms,id_decode_ms,id_sort_ms,id_deduplicate_ms,query_setup_ms,range_build_ms,query_submit_ms,cpu_reorder_ms,rows_h2d_ms,gpu_expand_ms,embedding_exchange_ms,output_reorder_ms,storage_requested_rows,storage_unique_rows,storage_range_count,storage_query_count,index_bytes,raw_staging_bytes,output_bytes,tile_overlap_planning_ms,relevant_tile_overlap_ms,partition_planning_ms,internal_tile_read_ms,internal_unfilter_ms,internal_copy_ms,internal_reader_work_ms,tiledb_ranges_requested,tiledb_tiles_read,tiledb_vfs_read_ops,tiledb_vfs_read_bytes
cpu,none,,0,resident,overlap_clustered_runs_10_cross_rank_25,100000,cross_rank_25,clustered_runs_10,2048,0,34.805460018105805,3,False,0,0,0,0.140031944,400000,400000,100000,1.0,0.25,1.0,4,25000,25000,1.0,40,,2461560320,143566426112,06515cd658be08d88e7d3e9ba7197f2bac224210af08eb4eb4d14a4eb4dea90a,10,,10,0,0.0,0.0,0,,,0.0,0.0,0,,,0.0,0.0,0,,,0.0,0.0,0,,,0.0,0.0,0,,,0.0,0.0,0,,,0.0,0.0,0,,,0.0,0.0,0,,,0.0,0.0,0,,,0.0,0.0,0,,,0.0,0.0,0,,,0.0,0.0,0,,,0.0,0.0,0,,,0.0,0.0,0,,,0.0,0.0,0,,,0.0,0.0,0,,,0.0,0.0,0,,,0,0,0,,,0,0,0,,,0,0,0,,,0,0,0,,,0,0,0,,,0,0,0,,,0,0,0,,,0.0,0.0,0.0,0.0,0.0,0.0,0.0,0.0,0.0,0.0,0.0,0.0,0.0,0.0,0.0,0.0,0.0,0,0,0,0,0,0,0,,,,,,,,,,,
cpu,none,,0,resident,overlap_clustered_runs_10_cross_rank_25,100000,cross_rank_25,clustered_runs_10,2048,1,34.887038986198604,3,False,0,0,0,0.139609884,400000,400000,100000,1.0,0.25,1.0,4,25000,25000,1.0,40,,2461560320,143600799744,c4a9bdb6b29370f3c20a2b88174636e3da01163f290b1a479e0eff071a9cc3d5,10,,10,0,0.0,0.0,0,,,0.0,0.0,0,,,0.0,0.0,0,,,0.0,0.0,0,,,0.0,0.0,0,,,0.0,0.0,0,,,0.0,0.0,0,,,0.0,0.0,0,,,0.0,0.0,0,,,0.0,0.0,0,,,0.0,0.0,0,,,0.0,0.0,0,,,0.0,0.0,0,,,0.0,0.0,0,,,0.0,0.0,0,,,0.0,0.0,0,,,0.0,0.0,0,,,0,0,0,,,0,0,0,,,0,0,0,,,0,0,0,,,0,0,0,,,0,0,0,,,0,0,0,,,0.0,0.0,0.0,0.0,0.0,0.0,0.0,0.0,0.0,0.0,0.0,0.0,0.0,0.0,0.0,0.0,0.0,0,0,0,0,0,0,0,,,,,,,,,,,
cpu,none,,0,resident,overlap_clustered_runs_10_cross_rank_25,100000,cross_rank_25,clustered_runs_10,2048,2,34.97066703857854,3,False,0,0,0,0.139842064,400000,400000,100000,1.0,0.25,1.0,4,25000,25000,1.0,40,,2461560320,143600951296,9b8d000a2d371ea934f56b4b32da6a64c4ab410445bbf1d1b3719ca99c66d8bf,10,,10,0,0.0,0.0,0,,,0.0,0.0,0,,,0.0,0.0,0,,,0.0,0.0,0,,,0.0,0.0,0,,,0.0,0.0,0,,,0.0,0.0,0,,,0.0,0.0,0,,,0.0,0.0,0,,,0.0,0.0,0,,,0.0,0.0,0,,,0.0,0.0,0,,,0.0,0.0,0,,,0.0,0.0,0,,,0.0,0.0,0,,,0.0,0.0,0,,,0.0,0.0,0,,,0,0,0,,,0,0,0,,,0,0,0,,,0,0,0,,,0,0,0,,,0,0,0,,,0,0,0,,,0.0,0.0,0.0,0.0,0.0,0.0,0.0,0.0,0.0,0.0,0.0,0.0,0.0,0.0,0.0,0.0,0.0,0,0,0,0,0,0,0,,,,,,,,,,,
cpu,none,,0,resident,overlap_clustered_runs_10_cross_rank_25,100000,cross_rank_25,clustered_runs_10,2048,3,34.77145003853366,3,False,0,0,0,0.138980184,400000,400000,100000,1.0,0.25,1.0,4,25000,25000,1.0,40,,2461560320,143601065984,ab433b66c347b17f84e6d73a175da384dcf266e6a028195ce7972f63016af071,10,,10,0,0.0,0.0,0,,,0.0,0.0,0,,,0.0,0.0,0,,,0.0,0.0,0,,,0.0,0.0,0,,,0.0,0.0,0,,,0.0,0.0,0,,,0.0,0.0,0,,,0.0,0.0,0,,,0.0,0.0,0,,,0.0,0.0,0,,,0.0,0.0,0,,,0.0,0.0,0,,,0.0,0.0,0,,,0.0,0.0,0,,,0.0,0.0,0,,,0.0,0.0,0,,,0,0,0,,,0,0,0,,,0,0,0,,,0,0,0,,,0,0,0,,,0,0,0,,,0,0,0,,,0.0,0.0,0.0,0.0,0.0,0.0,0.0,0.0,0.0,0.0,0.0,0.0,0.0,0.0,0.0,0.0,0.0,0,0,0,0,0,0,0,,,,,,,,,,,
cpu,none,,0,resident,overlap_clustered_runs_10_cross_rank_25,100000,cross_rank_25,clustered_runs_10,2048,4,34.726391022559255,3,False,0,0,0,0.138908774,400000,400000,100000,1.0,0.25,1.0,4,25000,25000,1.0,40,,2461560320,143601078272,9893bfa0df948d445bbec04d0a96bea1e28ba260f5d6e19c7064ab9943885cfe,10,,10,0,0.0,0.0,0,,,0.0,0.0,0,,,0.0,0.0,0,,,0.0,0.0,0,,,0.0,0.0,0,,,0.0,0.0,0,,,0.0,0.0,0,,,0.0,0.0,0,,,0.0,0.0,0,,,0.0,0.0,0,,,0.0,0.0,0,,,0.0,0.0,0,,,0.0,0.0,0,,,0.0,0.0,0,,,0.0,0.0,0,,,0.0,0.0,0,,,0.0,0.0,0,,,0,0,0,,,0,0,0,,,0,0,0,,,0,0,0,,,0,0,0,,,0,0,0,,,0,0,0,,,0.0,0.0,0.0,0.0,0.0,0.0,0.0,0.0,0.0,0.0,0.0,0.0,0.0,0.0,0.0,0.0,0.0,0,0,0,0,0,0,0,,,,,,,,,,,
cpu,none,,0,resident,overlap_clustered_runs_10_within_rank_25,100000,within_rank_25,clustered_runs_10,2048,0,35.46978998929262,1,False,0,0,0,0.12673462,400000,100000,100000,0.25,0.25,4.0,1,25000,25000,1.0,13,,2461560320,143601160192,06515cd658be08d88e7d3e9ba7197f2bac224210af08eb4eb4d14a4eb4dea90a,10,,10,0,0.0,0.0,0,,,0.0,0.0,0,,,0.0,0.0,0,,,0.0,0.0,0,,,0.0,0.0,0,,,0.0,0.0,0,,,0.0,0.0,0,,,0.0,0.0,0,,,0.0,0.0,0,,,0.0,0.0,0,,,0.0,0.0,0,,,0.0,0.0,0,,,0.0,0.0,0,,,0.0,0.0,0,,,0.0,0.0,0,,,0.0,0.0,0,,,0.0,0.0,0,,,0,0,0,,,0,0,0,,,0,0,0,,,0,0,0,,,0,0,0,,,0,0,0,,,0,0,0,,,0.0,0.0,0.0,0.0,0.0,0.0,0.0,0.0,0.0,0.0,0.0,0.0,0.0,0.0,0.0,0.0,0.0,0,0,0,0,0,0,0,,,,,,,,,,,
cpu,none,,0,resident,overlap_clustered_runs_10_within_rank_25,100000,within_rank_25,clustered_runs_10,2048,1,35.43495002668351,1,False,0,0,0,0.1266002,400000,100000,100000,0.25,0.25,4.0,1,25000,25000,1.0,13,,2461560320,143601287168,c4a9bdb6b29370f3c20a2b88174636e3da01163f290b1a479e0eff071a9cc3d5,10,,10,0,0.0,0.0,0,,,0.0,0.0,0,,,0.0,0.0,0,,,0.0,0.0,0,,,0.0,0.0,0,,,0.0,0.0,0,,,0.0,0.0,0,,,0.0,0.0,0,,,0.0,0.0,0,,,0.0,0.0,0,,,0.0,0.0,0,,,0.0,0.0,0,,,0.0,0.0,0,,,0.0,0.0,0,,,0.0,0.0,0,,,0.0,0.0,0,,,0.0,0.0,0,,,0,0,0,,,0,0,0,,,0,0,0,,,0,0,0,,,0,0,0,,,0,0,0,,,0,0,0,,,0.0,0.0,0.0,0.0,0.0,0.0,0.0,0.0,0.0,0.0,0.0,0.0,0.0,0.0,0.0,0.0,0.0,0,0,0,0,0,0,0,,,,,,,,,,,
cpu,none,,0,resident,overlap_clustered_runs_10_within_rank_25,100000,within_rank_25,clustered_runs_10,2048,2,35.540539014618844,1,False,0,0,0,0.12691922,400000,100000,100000,0.25,0.25,4.0,1,25000,25000,1.0,13,,2461560320,143601446912,9b8d000a2d371ea934f56b4b32da6a64c4ab410445bbf1d1b3719ca99c66d8bf,10,,10,0,0.0,0.0,0,,,0.0,0.0,0,,,0.0,0.0,0,,,0.0,0.0,0,,,0.0,0.0,0,,,0.0,0.0,0,,,0.0,0.0,0,,,0.0,0.0,0,,,0.0,0.0,0,,,0.0,0.0,0,,,0.0,0.0,0,,,0.0,0.0,0,,,0.0,0.0,0,,,0.0,0.0,0,,,0.0,0.0,0,,,0.0,0.0,0,,,0.0,0.0,0,,,0,0,0,,,0,0,0,,,0,0,0,,,0,0,0,,,0,0,0,,,0,0,0,,,0,0,0,,,0.0,0.0,0.0,0.0,0.0,0.0,0.0,0.0,0.0,0.0,0.0,0.0,0.0,0.0,0.0,0.0,0.0,0,0,0,0,0,0,0,,,,,,,,,,,
cpu,none,,0,resident,overlap_clustered_runs_10_within_rank_25,100000,within_rank_25,clustered_runs_10,2048,3,35.49343900522217,1,False,0,0,0,0.126594129,400000,100000,100000,0.25,0.25,4.0,1,25000,25000,1.0,13,,2461560320,143601532928,ab433b66c347b17f84e6d73a175da384dcf266e6a028195ce7972f63016af071,10,,10,0,0.0,0.0,0,,,0.0,0.0,0,,,0.0,0.0,0,,,0.0,0.0,0,,,0.0,0.0,0,,,0.0,0.0,0,,,0.0,0.0,0,,,0.0,0.0,0,,,0.0,0.0,0,,,0.0,0.0,0,,,0.0,0.0,0,,,0.0,0.0,0,,,0.0,0.0,0,,,0.0,0.0,0,,,0.0,0.0,0,,,0.0,0.0,0,,,0.0,0.0,0,,,0,0,0,,,0,0,0,,,0,0,0,,,0,0,0,,,0,0,0,,,0,0,0,,,0,0,0,,,0.0,0.0,0.0,0.0,0.0,0.0,0.0,0.0,0.0,0.0,0.0,0.0,0.0,0.0,0.0,0.0,0.0,0,0,0,0,0,0,0,,,,,,,,,,,
cpu,none,,0,resident,overlap_clustered_runs_10_within_rank_25,100000,within_rank_25,clustered_runs_10,2048,4,35.42431001551449,1,False,0,0,0,0.12659958,400000,100000,100000,0.25,0.25,4.0,1,25000,25000,1.0,13,,2461560320,143601532928,9893bfa0df948d445bbec04d0a96bea1e28ba260f5d6e19c7064ab9943885cfe,10,,10,0,0.0,0.0,0,,,0.0,0.0,0,,,0.0,0.0,0,,,0.0,0.0,0,,,0.0,0.0,0,,,0.0,0.0,0,,,0.0,0.0,0,,,0.0,0.0,0,,,0.0,0.0,0,,,0.0,0.0,0,,,0.0,0.0,0,,,0.0,0.0,0,,,0.0,0.0,0,,,0.0,0.0,0,,,0.0,0.0,0,,,0.0,0.0,0,,,0.0,0.0,0,,,0,0,0,,,0,0,0,,,0,0,0,,,0,0,0,,,0,0,0,,,0,0,0,,,0,0,0,,,0.0,0.0,0.0,0.0,0.0,0.0,0.0,0.0,0.0,0.0,0.0,0.0,0.0,0.0,0.0,0.0,0.0,0,0,0,0,0,0,0,,,,,,,,,,,
cpu,none,,0,resident,overlap_clustered_runs_40_cross_rank_25,100000,cross_rank_25,clustered_runs_40,2048,0,34.67644198099151,3,False,0,0,0,0.13871171399999999,400000,400000,100000,1.0,0.25,1.0,4,25000,25000,1.0,160,,2461560320,143601573888,bee75faa87e67be1f8773a3b91bca0359f7c2ca546d099257ab6611a547e69b1,40,,40,0,0.0,0.0,0,,,0.0,0.0,0,,,0.0,0.0,0,,,0.0,0.0,0,,,0.0,0.0,0,,,0.0,0.0,0,,,0.0,0.0,0,,,0.0,0.0,0,,,0.0,0.0,0,,,0.0,0.0,0,,,0.0,0.0,0,,,0.0,0.0,0,,,0.0,0.0,0,,,0.0,0.0,0,,,0.0,0.0,0,,,0.0,0.0,0,,,0.0,0.0,0,,,0,0,0,,,0,0,0,,,0,0,0,,,0,0,0,,,0,0,0,,,0,0,0,,,0,0,0,,,0.0,0.0,0.0,0.0,0.0,0.0,0.0,0.0,0.0,0.0,0.0,0.0,0.0,0.0,0.0,0.0,0.0,0,0,0,0,0,0,0,,,,,,,,,,,
cpu,none,,0,resident,overlap_clustered_runs_40_cross_rank_25,100000,cross_rank_25,clustered_runs_40,2048,1,34.88247899804264,3,False,0,0,0,0.139538944,400000,400000,100000,1.0,0.25,1.0,4,25000,25000,1.0,160,,2461560320,143601618944,feda3e29af8130d212fb1b5a9444586694cc88c14a72a273e53a8905fb9e1a67,40,,40,0,0.0,0.0,0,,,0.0,0.0,0,,,0.0,0.0,0,,,0.0,0.0,0,,,0.0,0.0,0,,,0.0,0.0,0,,,0.0,0.0,0,,,0.0,0.0,0,,,0.0,0.0,0,,,0.0,0.0,0,,,0.0,0.0,0,,,0.0,0.0,0,,,0.0,0.0,0,,,0.0,0.0,0,,,0.0,0.0,0,,,0.0,0.0,0,,,0.0,0.0,0,,,0,0,0,,,0,0,0,,,0,0,0,,,0,0,0,,,0,0,0,,,0,0,0,,,0,0,0,,,0.0,0.0,0.0,0.0,0.0,0.0,0.0,0.0,0.0,0.0,0.0,0.0,0.0,0.0,0.0,0.0,0.0,0,0,0,0,0,0,0,,,,,,,,,,,
cpu,none,,0,resident,overlap_clustered_runs_40_cross_rank_25,100000,cross_rank_25,clustered_runs_40,2048,2,34.910067974124104,3,False,0,0,0,0.139592104,400000,400000,100000,1.0,0.25,1.0,4,25000,25000,1.0,160,,2461560320,143601635328,9908655c3e0c4f575e26e5181051499771dd5d741c0bc4da7c09c5886d9f776f,40,,40,0,0.0,0.0,0,,,0.0,0.0,0,,,0.0,0.0,0,,,0.0,0.0,0,,,0.0,0.0,0,,,0.0,0.0,0,,,0.0,0.0,0,,,0.0,0.0,0,,,0.0,0.0,0,,,0.0,0.0,0,,,0.0,0.0,0,,,0.0,0.0,0,,,0.0,0.0,0,,,0.0,0.0,0,,,0.0,0.0,0,,,0.0,0.0,0,,,0.0,0.0,0,,,0,0,0,,,0,0,0,,,0,0,0,,,0,0,0,,,0,0,0,,,0,0,0,,,0,0,0,,,0.0,0.0,0.0,0.0,0.0,0.0,0.0,0.0,0.0,0.0,0.0,0.0,0.0,0.0,0.0,0.0,0.0,0,0,0,0,0,0,0,,,,,,,,,,,
cpu,none,,0,resident,overlap_clustered_runs_40_cross_rank_25,100000,cross_rank_25,clustered_runs_40,2048,3,34.92866799933836,3,False,0,0,0,0.13960899,400000,400000,100000,1.0,0.25,1.0,4,25000,25000,1.0,160,,2461560320,143601786880,3ef88a05032ac7d8f932159c91871ccf138153c97090ef9c6bfabec2aa14f642,40,,40,0,0.0,0.0,0,,,0.0,0.0,0,,,0.0,0.0,0,,,0.0,0.0,0,,,0.0,0.0,0,,,0.0,0.0,0,,,0.0,0.0,0,,,0.0,0.0,0,,,0.0,0.0,0,,,0.0,0.0,0,,,0.0,0.0,0,,,0.0,0.0,0,,,0.0,0.0,0,,,0.0,0.0,0,,,0.0,0.0,0,,,0.0,0.0,0,,,0.0,0.0,0,,,0,0,0,,,0,0,0,,,0,0,0,,,0,0,0,,,0,0,0,,,0,0,0,,,0,0,0,,,0.0,0.0,0.0,0.0,0.0,0.0,0.0,0.0,0.0,0.0,0.0,0.0,0.0,0.0,0.0,0.0,0.0,0,0,0,0,0,0,0,,,,,,,,,,,
cpu,none,,0,resident,overlap_clustered_runs_40_cross_rank_25,100000,cross_rank_25,clustered_runs_40,2048,4,34.63818196905777,3,False,0,0,0,0.138617654,400000,400000,100000,1.0,0.25,1.0,4,25000,25000,1.0,160,,2461560320,143601930240,be2531b0b90632b33d29c1658aa560d2ecab05e5948896fca9e514eb0029ba8a,40,,40,0,0.0,0.0,0,,,0.0,0.0,0,,,0.0,0.0,0,,,0.0,0.0,0,,,0.0,0.0,0,,,0.0,0.0,0,,,0.0,0.0,0,,,0.0,0.0,0,,,0.0,0.0,0,,,0.0,0.0,0,,,0.0,0.0,0,,,0.0,0.0,0,,,0.0,0.0,0,,,0.0,0.0,0,,,0.0,0.0,0,,,0.0,0.0,0,,,0.0,0.0,0,,,0,0,0,,,0,0,0,,,0,0,0,,,0,0,0,,,0,0,0,,,0,0,0,,,0,0,0,,,0.0,0.0,0.0,0.0,0.0,0.0,0.0,0.0,0.0,0.0,0.0,0.0,0.0,0.0,0.0,0.0,0.0,0,0,0,0,0,0,0,,,,,,,,,,,
cpu,none,,0,resident,overlap_clustered_runs_40_within_rank_25,100000,within_rank_25,clustered_runs_40,2048,0,24.78016196982935,2,False,0,0,0,0.09890637199999999,400000,100000,100000,0.25,0.25,4.0,1,25000,25000,1.0,40,,2461560320,143602241536,bee75faa87e67be1f8773a3b91bca0359f7c2ca546d099257ab6611a547e69b1,40,,40,0,0.0,0.0,0,,,0.0,0.0,0,,,0.0,0.0,0,,,0.0,0.0,0,,,0.0,0.0,0,,,0.0,0.0,0,,,0.0,0.0,0,,,0.0,0.0,0,,,0.0,0.0,0,,,0.0,0.0,0,,,0.0,0.0,0,,,0.0,0.0,0,,,0.0,0.0,0,,,0.0,0.0,0,,,0.0,0.0,0,,,0.0,0.0,0,,,0.0,0.0,0,,,0,0,0,,,0,0,0,,,0,0,0,,,0,0,0,,,0,0,0,,,0,0,0,,,0,0,0,,,0.0,0.0,0.0,0.0,0.0,0.0,0.0,0.0,0.0,0.0,0.0,0.0,0.0,0.0,0.0,0.0,0.0,0,0,0,0,0,0,0,,,,,,,,,,,
cpu,none,,0,resident,overlap_clustered_runs_40_within_rank_25,100000,within_rank_25,clustered_runs_40,2048,1,24.551346024964005,2,False,0,0,0,0.097602241,400000,100000,100000,0.25,0.25,4.0,1,25000,25000,1.0,40,,2461560320,143602241536,feda3e29af8130d212fb1b5a9444586694cc88c14a72a273e53a8905fb9e1a67,40,,40,0,0.0,0.0,0,,,0.0,0.0,0,,,0.0,0.0,0,,,0.0,0.0,0,,,0.0,0.0,0,,,0.0,0.0,0,,,0.0,0.0,0,,,0.0,0.0,0,,,0.0,0.0,0,,,0.0,0.0,0,,,0.0,0.0,0,,,0.0,0.0,0,,,0.0,0.0,0,,,0.0,0.0,0,,,0.0,0.0,0,,,0.0,0.0,0,,,0.0,0.0,0,,,0,0,0,,,0,0,0,,,0,0,0,,,0,0,0,,,0,0,0,,,0,0,0,,,0,0,0,,,0.0,0.0,0.0,0.0,0.0,0.0,0.0,0.0,0.0,0.0,0.0,0.0,0.0,0.0,0.0,0.0,0.0,0,0,0,0,0,0,0,,,,,,,,,,,
cpu,none,,0,resident,overlap_clustered_runs_40_within_rank_25,100000,within_rank_25,clustered_runs_40,2048,2,24.737533996813,2,False,0,0,0,0.098332608,400000,100000,100000,0.25,0.25,4.0,1,25000,25000,1.0,40,,2461560320,143602241536,9908655c3e0c4f575e26e5181051499771dd5d741c0bc4da7c09c5886d9f776f,40,,40,0,0.0,0.0,0,,,0.0,0.0,0,,,0.0,0.0,0,,,0.0,0.0,0,,,0.0,0.0,0,,,0.0,0.0,0,,,0.0,0.0,0,,,0.0,0.0,0,,,0.0,0.0,0,,,0.0,0.0,0,,,0.0,0.0,0,,,0.0,0.0,0,,,0.0,0.0,0,,,0.0,0.0,0,,,0.0,0.0,0,,,0.0,0.0,0,,,0.0,0.0,0,,,0,0,0,,,0,0,0,,,0,0,0,,,0,0,0,,,0,0,0,,,0,0,0,,,0,0,0,,,0.0,0.0,0.0,0.0,0.0,0.0,0.0,0.0,0.0,0.0,0.0,0.0,0.0,0.0,0.0,0.0,0.0,0,0,0,0,0,0,0,,,,,,,,,,,
cpu,none,,0,resident,overlap_clustered_runs_40_within_rank_25,100000,within_rank_25,clustered_runs_40,2048,3,24.703193979803473,1,False,0,0,0,0.09834172199999999,400000,100000,100000,0.25,0.25,4.0,1,25000,25000,1.0,40,,2461560320,143602245632,3ef88a05032ac7d8f932159c91871ccf138153c97090ef9c6bfabec2aa14f642,40,,40,0,0.0,0.0,0,,,0.0,0.0,0,,,0.0,0.0,0,,,0.0,0.0,0,,,0.0,0.0,0,,,0.0,0.0,0,,,0.0,0.0,0,,,0.0,0.0,0,,,0.0,0.0,0,,,0.0,0.0,0,,,0.0,0.0,0,,,0.0,0.0,0,,,0.0,0.0,0,,,0.0,0.0,0,,,0.0,0.0,0,,,0.0,0.0,0,,,0.0,0.0,0,,,0,0,0,,,0,0,0,,,0,0,0,,,0,0,0,,,0,0,0,,,0,0,0,,,0,0,0,,,0.0,0.0,0.0,0.0,0.0,0.0,0.0,0.0,0.0,0.0,0.0,0.0,0.0,0.0,0.0,0.0,0.0,0,0,0,0,0,0,0,,,,,,,,,,,
cpu,none,,0,resident,overlap_clustered_runs_40_within_rank_25,100000,within_rank_25,clustered_runs_40,2048,4,24.465797003358603,2,False,0,0,0,0.097602419,400000,100000,100000,0.25,0.25,4.0,1,25000,25000,1.0,40,,2461560320,143602257920,be2531b0b90632b33d29c1658aa560d2ecab05e5948896fca9e514eb0029ba8a,40,,40,0,0.0,0.0,0,,,0.0,0.0,0,,,0.0,0.0,0,,,0.0,0.0,0,,,0.0,0.0,0,,,0.0,0.0,0,,,0.0,0.0,0,,,0.0,0.0,0,,,0.0,0.0,0,,,0.0,0.0,0,,,0.0,0.0,0,,,0.0,0.0,0,,,0.0,0.0,0,,,0.0,0.0,0,,,0.0,0.0,0,,,0.0,0.0,0,,,0.0,0.0,0,,,0,0,0,,,0,0,0,,,0,0,0,,,0,0,0,,,0,0,0,,,0,0,0,,,0,0,0,,,0.0,0.0,0.0,0.0,0.0,0.0,0.0,0.0,0.0,0.0,0.0,0.0,0.0,0.0,0.0,0.0,0.0,0,0,0,0,0,0,0,,,,,,,,,,,
cpu,none,,0,resident,overlap_clustered_runs_100_cross_rank_25,100000,cross_rank_25,clustered_runs_100,2048,0,34.75375095149502,3,False,0,0,0,0.139013544,400000,400000,100000,1.0,0.25,1.0,4,25000,25000,1.0,400,,2461560320,143602397184,1a7341e1fb12073b6f4d534d9d1181af2fb5f2969ec7e239233887c24dd0025d,100,,100,0,0.0,0.0,0,,,0.0,0.0,0,,,0.0,0.0,0,,,0.0,0.0,0,,,0.0,0.0,0,,,0.0,0.0,0,,,0.0,0.0,0,,,0.0,0.0,0,,,0.0,0.0,0,,,0.0,0.0,0,,,0.0,0.0,0,,,0.0,0.0,0,,,0.0,0.0,0,,,0.0,0.0,0,,,0.0,0.0,0,,,0.0,0.0,0,,,0.0,0.0,0,,,0,0,0,,,0,0,0,,,0,0,0,,,0,0,0,,,0,0,0,,,0,0,0,,,0,0,0,,,0.0,0.0,0.0,0.0,0.0,0.0,0.0,0.0,0.0,0.0,0.0,0.0,0.0,0.0,0.0,0.0,0.0,0,0,0,0,0,0,0,,,,,,,,,,,
cpu,none,,0,resident,overlap_clustered_runs_100_cross_rank_25,100000,cross_rank_25,clustered_runs_100,2048,1,34.78097997140139,3,False,0,0,0,0.139038644,400000,400000,100000,1.0,0.25,1.0,4,25000,25000,1.0,400,,2461560320,143602434048,4e9af92e727e080188c683f3999dedde6ee901ebe2223c853002da7f2c379057,100,,100,0,0.0,0.0,0,,,0.0,0.0,0,,,0.0,0.0,0,,,0.0,0.0,0,,,0.0,0.0,0,,,0.0,0.0,0,,,0.0,0.0,0,,,0.0,0.0,0,,,0.0,0.0,0,,,0.0,0.0,0,,,0.0,0.0,0,,,0.0,0.0,0,,,0.0,0.0,0,,,0.0,0.0,0,,,0.0,0.0,0,,,0.0,0.0,0,,,0.0,0.0,0,,,0,0,0,,,0,0,0,,,0,0,0,,,0,0,0,,,0,0,0,,,0,0,0,,,0,0,0,,,0.0,0.0,0.0,0.0,0.0,0.0,0.0,0.0,0.0,0.0,0.0,0.0,0.0,0.0,0.0,0.0,0.0,0,0,0,0,0,0,0,,,,,,,,,,,
cpu,none,,0,resident,overlap_clustered_runs_100_cross_rank_25,100000,cross_rank_25,clustered_runs_100,2048,2,34.80453998781741,3,False,0,0,0,0.13915766000000002,400000,400000,100000,1.0,0.25,1.0,4,25000,25000,1.0,400,,2461560320,143602466816,618d2664490a8ac1870afb9b9300e638c80761ae044b7bbbe302adb0330ef3da,100,,100,0,0.0,0.0,0,,,0.0,0.0,0,,,0.0,0.0,0,,,0.0,0.0,0,,,0.0,0.0,0,,,0.0,0.0,0,,,0.0,0.0,0,,,0.0,0.0,0,,,0.0,0.0,0,,,0.0,0.0,0,,,0.0,0.0,0,,,0.0,0.0,0,,,0.0,0.0,0,,,0.0,0.0,0,,,0.0,0.0,0,,,0.0,0.0,0,,,0.0,0.0,0,,,0,0,0,,,0,0,0,,,0,0,0,,,0,0,0,,,0,0,0,,,0,0,0,,,0,0,0,,,0.0,0.0,0.0,0.0,0.0,0.0,0.0,0.0,0.0,0.0,0.0,0.0,0.0,0.0,0.0,0.0,0.0,0,0,0,0,0,0,0,,,,,,,,,,,
cpu,none,,0,resident,overlap_clustered_runs_100_cross_rank_25,100000,cross_rank_25,clustered_runs_100,2048,3,34.89708894630894,3,False,0,0,0,0.13948117399999999,400000,400000,100000,1.0,0.25,1.0,4,25000,25000,1.0,400,,2461560320,143602573312,c431334b174e0b10e6781199628eb37bc918b0acdf21e1cd77217a06b3301cbc,100,,100,0,0.0,0.0,0,,,0.0,0.0,0,,,0.0,0.0,0,,,0.0,0.0,0,,,0.0,0.0,0,,,0.0,0.0,0,,,0.0,0.0,0,,,0.0,0.0,0,,,0.0,0.0,0,,,0.0,0.0,0,,,0.0,0.0,0,,,0.0,0.0,0,,,0.0,0.0,0,,,0.0,0.0,0,,,0.0,0.0,0,,,0.0,0.0,0,,,0.0,0.0,0,,,0,0,0,,,0,0,0,,,0,0,0,,,0,0,0,,,0,0,0,,,0,0,0,,,0,0,0,,,0.0,0.0,0.0,0.0,0.0,0.0,0.0,0.0,0.0,0.0,0.0,0.0,0.0,0.0,0.0,0.0,0.0,0,0,0,0,0,0,0,,,,,,,,,,,
cpu,none,,0,resident,overlap_clustered_runs_100_cross_rank_25,100000,cross_rank_25,clustered_runs_100,2048,4,34.780389978550375,2,False,0,0,0,0.139431404,400000,400000,100000,1.0,0.25,1.0,4,25000,25000,1.0,400,,2461560320,143602573312,62b7086c06814e91ec3a77b53ae2bc91d91f03a1f4c875fe2b09425a9d8e201a,100,,100,0,0.0,0.0,0,,,0.0,0.0,0,,,0.0,0.0,0,,,0.0,0.0,0,,,0.0,0.0,0,,,0.0,0.0,0,,,0.0,0.0,0,,,0.0,0.0,0,,,0.0,0.0,0,,,0.0,0.0,0,,,0.0,0.0,0,,,0.0,0.0,0,,,0.0,0.0,0,,,0.0,0.0,0,,,0.0,0.0,0,,,0.0,0.0,0,,,0.0,0.0,0,,,0,0,0,,,0,0,0,,,0,0,0,,,0,0,0,,,0,0,0,,,0,0,0,,,0,0,0,,,0.0,0.0,0.0,0.0,0.0,0.0,0.0,0.0,0.0,0.0,0.0,0.0,0.0,0.0,0.0,0.0,0.0,0,0,0,0,0,0,0,,,,,,,,,,,
cpu,none,,0,resident,overlap_clustered_runs_100_within_rank_25,100000,within_rank_25,clustered_runs_100,2048,0,22.35535002546385,3,False,0,0,0,0.089540218,400000,100000,100000,0.25,0.25,4.0,1,25000,25000,1.0,100,,2461560320,143602753536,1a7341e1fb12073b6f4d534d9d1181af2fb5f2969ec7e239233887c24dd0025d,100,,100,0,0.0,0.0,0,,,0.0,0.0,0,,,0.0,0.0,0,,,0.0,0.0,0,,,0.0,0.0,0,,,0.0,0.0,0,,,0.0,0.0,0,,,0.0,0.0,0,,,0.0,0.0,0,,,0.0,0.0,0,,,0.0,0.0,0,,,0.0,0.0,0,,,0.0,0.0,0,,,0.0,0.0,0,,,0.0,0.0,0,,,0.0,0.0,0,,,0.0,0.0,0,,,0,0,0,,,0,0,0,,,0,0,0,,,0,0,0,,,0,0,0,,,0,0,0,,,0,0,0,,,0.0,0.0,0.0,0.0,0.0,0.0,0.0,0.0,0.0,0.0,0.0,0.0,0.0,0.0,0.0,0.0,0.0,0,0,0,0,0,0,0,,,,,,,,,,,
cpu,none,,0,resident,overlap_clustered_runs_100_within_rank_25,100000,within_rank_25,clustered_runs_100,2048,1,22.359239985235035,3,False,0,0,0,0.089370638,400000,100000,100000,0.25,0.25,4.0,1,25000,25000,1.0,100,,2461560320,143602753536,4e9af92e727e080188c683f3999dedde6ee901ebe2223c853002da7f2c379057,100,,100,0,0.0,0.0,0,,,0.0,0.0,0,,,0.0,0.0,0,,,0.0,0.0,0,,,0.0,0.0,0,,,0.0,0.0,0,,,0.0,0.0,0,,,0.0,0.0,0,,,0.0,0.0,0,,,0.0,0.0,0,,,0.0,0.0,0,,,0.0,0.0,0,,,0.0,0.0,0,,,0.0,0.0,0,,,0.0,0.0,0,,,0.0,0.0,0,,,0.0,0.0,0,,,0,0,0,,,0,0,0,,,0,0,0,,,0,0,0,,,0,0,0,,,0,0,0,,,0,0,0,,,0.0,0.0,0.0,0.0,0.0,0.0,0.0,0.0,0.0,0.0,0.0,0.0,0.0,0.0,0.0,0.0,0.0,0,0,0,0,0,0,0,,,,,,,,,,,
cpu,none,,0,resident,overlap_clustered_runs_100_within_rank_25,100000,within_rank_25,clustered_runs_100,2048,2,22.32210000511259,3,False,0,0,0,0.089229698,400000,100000,100000,0.25,0.25,4.0,1,25000,25000,1.0,100,,2461560320,143602753536,618d2664490a8ac1870afb9b9300e638c80761ae044b7bbbe302adb0330ef3da,100,,100,0,0.0,0.0,0,,,0.0,0.0,0,,,0.0,0.0,0,,,0.0,0.0,0,,,0.0,0.0,0,,,0.0,0.0,0,,,0.0,0.0,0,,,0.0,0.0,0,,,0.0,0.0,0,,,0.0,0.0,0,,,0.0,0.0,0,,,0.0,0.0,0,,,0.0,0.0,0,,,0.0,0.0,0,,,0.0,0.0,0,,,0.0,0.0,0,,,0.0,0.0,0,,,0,0,0,,,0,0,0,,,0,0,0,,,0,0,0,,,0,0,0,,,0,0,0,,,0,0,0,,,0.0,0.0,0.0,0.0,0.0,0.0,0.0,0.0,0.0,0.0,0.0,0.0,0.0,0.0,0.0,0.0,0.0,0,0,0,0,0,0,0,,,,,,,,,,,
cpu,none,,0,resident,overlap_clustered_runs_100_within_rank_25,100000,within_rank_25,clustered_runs_100,2048,3,22.278789954725653,1,False,0,0,0,0.089341948,400000,100000,100000,0.25,0.25,4.0,1,25000,25000,1.0,100,,2461560320,143602769920,c431334b174e0b10e6781199628eb37bc918b0acdf21e1cd77217a06b3301cbc,100,,100,0,0.0,0.0,0,,,0.0,0.0,0,,,0.0,0.0,0,,,0.0,0.0,0,,,0.0,0.0,0,,,0.0,0.0,0,,,0.0,0.0,0,,,0.0,0.0,0,,,0.0,0.0,0,,,0.0,0.0,0,,,0.0,0.0,0,,,0.0,0.0,0,,,0.0,0.0,0,,,0.0,0.0,0,,,0.0,0.0,0,,,0.0,0.0,0,,,0.0,0.0,0,,,0,0,0,,,0,0,0,,,0,0,0,,,0,0,0,,,0,0,0,,,0,0,0,,,0,0,0,,,0.0,0.0,0.0,0.0,0.0,0.0,0.0,0.0,0.0,0.0,0.0,0.0,0.0,0.0,0.0,0.0,0.0,0,0,0,0,0,0,0,,,,,,,,,,,
cpu,none,,0,resident,overlap_clustered_runs_100_within_rank_25,100000,within_rank_25,clustered_runs_100,2048,4,22.38384896190837,3,False,0,0,0,0.089614628,400000,100000,100000,0.25,0.25,4.0,1,25000,25000,1.0,100,,2461560320,143602786304,62b7086c06814e91ec3a77b53ae2bc91d91f03a1f4c875fe2b09425a9d8e201a,100,,100,0,0.0,0.0,0,,,0.0,0.0,0,,,0.0,0.0,0,,,0.0,0.0,0,,,0.0,0.0,0,,,0.0,0.0,0,,,0.0,0.0,0,,,0.0,0.0,0,,,0.0,0.0,0,,,0.0,0.0,0,,,0.0,0.0,0,,,0.0,0.0,0,,,0.0,0.0,0,,,0.0,0.0,0,,,0.0,0.0,0,,,0.0,0.0,0,,,0.0,0.0,0,,,0,0,0,,,0,0,0,,,0,0,0,,,0,0,0,,,0,0,0,,,0,0,0,,,0,0,0,,,0.0,0.0,0.0,0.0,0.0,0.0,0.0,0.0,0.0,0.0,0.0,0.0,0.0,0.0,0.0,0.0,0.0,0,0,0,0,0,0,0,,,,,,,,,,,
tiledb,node,256,0,cold,overlap_clustered_runs_10_cross_rank_25,100000,cross_rank_25,clustered_runs_10,2048,0,221.19824000401422,2,True,850427904,850427904,850427904,1.609631758,400000,400000,100000,1.0,0.25,1.0,4,25000,25000,1.0,40,1612,2670282240,7274975232,06515cd658be08d88e7d3e9ba7197f2bac224210af08eb4eb4d14a4eb4dea90a,10,403,10,4,0.327805,0.302113,2,0.327805,0.302113,0.091119,0.089156,0,0.091119,0.089156,0.038649,0.03797475,0,0.038649,0.03797475,0.01558,0.01407925,0,0.01558,0.01407925,0.01173,0.011532500000000001,0,0.01173,0.011532500000000001,196.611265,180.40611725000002,3,196.611265,180.40611725000002,0.02178,0.02143,0,0.02178,0.02143,0.0,0.0,0,0.0,0.0,0.0,0.0,0,0.0,0.0,0.112998,0.0815185,0,0.112998,0.0815185,0.01711,0.014827,0,0.01711,0.014827,196.104323,179.92215975,3,196.104323,179.92215975,0.0,0.0,0,0.0,0.0,3.773972,3.7004635,2,3.773972,3.7004635,0.979315,0.97371775,3,0.979315,0.97371775,50.431952,33.996367,0,50.431952,33.996367,1.186492,1.161747,2,1.186492,1.161747,100000,100000,0,100000,100000,25000,25000,0,25000,25000,3,2.5,0,3,2.5,1,1,0,1,1,200000,200000,0,200000,200000,204800000,204800000,0,204800000,204800000,204800000,204800000,0,204800000,204800000,0.327805,0.087388,0.03766,0.013319,0.01131,196.34469,0.02162,0.0,0.0,0.073339,0.013789,195.924146,0.0,3.773972,0.973315,18.080484,1.186492,100000,25000,2,1,200000,204800000,204800000,,,,,,,,,,,
tiledb,node,256,0,cold,overlap_clustered_runs_10_cross_rank_25,100000,cross_rank_25,clustered_runs_10,2048,1,216.75706800306216,3,True,848330752,848330752,848330752,1.5502583460000001,400000,400000,100000,1.0,0.25,1.0,4,25000,25000,1.0,40,1608,2670282240,7275130880,c4a9bdb6b29370f3c20a2b88174636e3da01163f290b1a479e0eff071a9cc3d5,10,402,10,4,0.272186,0.24461925,2,0.272186,0.24461925,0.091209,0.08862149999999999,3,0.091209,0.08862149999999999,0.03887,0.038042,1,0.03887,0.038042,0.01606,0.012747,3,0.01606,0.012747,0.016,0.0138975,0,0.016,0.0138975,192.322251,174.22363375,3,192.322251,174.22363375,0.02065,0.02051,3,0.02065,0.02051,0.0,0.0,0,0.0,0.0,0.0,0.0,0,0.0,0.0,0.082738,0.077086,0,0.082738,0.077086,0.01404,0.013656999999999999,0,0.01404,0.013656999999999999,191.874718,173.4303985,3,191.874718,173.4303985,0.0,0.0,0,0.0,0.0,3.755643,3.6942060000000003,2,3.755643,3.6942060000000003,0.971135,0.9659255,0,0.971135,0.9659255,54.500559,35.84631875,0,54.500559,35.84631875,1.183762,1.16430975,3,1.183762,1.16430975,100000,100000,0,100000,100000,25000,25000,0,25000,25000,3,2.5,0,3,2.5,1,1,0,1,1,200000,200000,0,200000,200000,204800000,204800000,0,204800000,204800000,204800000,204800000,0,204800000,204800000,0.229797,0.091209,0.037969,0.01606,0.01101,192.322251,0.02065,0.0,0.0,0.07360900000000001,0.013869,191.874718,0.0,3.677083,0.967346,17.861538,1.183762,100000,25000,2,1,200000,204800000,204800000,,,,,,,,,,,
tiledb,node,256,0,cold,overlap_clustered_runs_10_cross_rank_25,100000,cross_rank_25,clustered_runs_10,2048,2,216.6497499565594,3,True,846245888,846245888,846245888,1.538658763,400000,400000,100000,1.0,0.25,1.0,4,25000,25000,1.0,40,1604,2670282240,7275220992,9b8d000a2d371ea934f56b4b32da6a64c4ab410445bbf1d1b3719ca99c66d8bf,10,401,10,4,0.239956,0.235736,1,0.239956,0.235736,0.090899,0.088754,3,0.090899,0.088754,0.039299,0.038279,1,0.039299,0.038279,0.01384,0.012284999999999999,0,0.01384,0.012284999999999999,0.01206,0.0116175,1,0.01206,0.0116175,192.301451,173.61493025,3,192.301451,173.61493025,0.020999,0.020654,0,0.020999,0.020654,0.0,0.0,0,0.0,0.0,0.0,0.0,0,0.0,0.0,0.08094900000000001,0.077509,0,0.08094900000000001,0.077509,0.01459,0.0137825,0,0.01459,0.0137825,191.851628,173.1110705,3,191.851628,173.1110705,0.0,0.0,0,0.0,0.0,3.770753,3.6826315,2,3.770753,3.6826315,1.055344,0.99486725,2,1.055344,0.99486725,58.357562,36.34277875,1,58.357562,36.34277875,1.183302,1.16553475,3,1.183302,1.16553475,100000,100000,0,100000,100000,25000,25000,0,25000,25000,3,2.5,0,3,2.5,1,1,0,1,1,200000,200000,0,200000,200000,204800000,204800000,0,204800000,204800000,204800000,204800000,0,204800000,204800000,0.230406,0.090899,0.037149,0.01215,0.01104,192.301451,0.020309,0.0,0.0,0.073379,0.01305,191.851628,0.0,3.690953,0.968366,17.777099,1.183302,100000,25000,2,1,200000,204800000,204800000,,,,,,,,,,,
tiledb,node,256,0,cold,overlap_clustered_runs_10_cross_rank_25,100000,cross_rank_25,clustered_runs_10,2048,3,216.1286979680881,2,True,846233600,846233600,846233600,1.527973556,400000,400000,100000,1.0,0.25,1.0,4,25000,25000,1.0,40,1604,2670282240,7275323392,ab433b66c347b17f84e6d73a175da384dcf266e6a028195ce7972f63016af071,10,401,10,4,0.294286,0.249404,1,0.294286,0.249404,0.088958,0.08784549999999999,3,0.088958,0.08784549999999999,0.03907,0.038255,0,0.03907,0.038255,0.012339,0.01122725,0,0.012339,0.01122725,0.011549,0.0107195,2,0.011549,0.0107195,191.69184,175.885206,3,191.69184,175.885206,0.02112,0.020819999999999998,2,0.02112,0.020819999999999998,0.0,0.0,0,0.0,0.0,0.0,0.0,0,0.0,0.0,0.085069,0.0802035,0,0.085069,0.0802035,0.013909,0.01368975,0,0.013909,0.01368975,191.161839,175.25354575,3,191.161839,175.25354575,0.0,0.0,0,0.0,0.0,3.767822,3.68235375,2,3.767822,3.68235375,0.978855,0.9733705,2,0.978855,0.9733705,50.017458,33.552026749999996,0,50.017458,33.552026749999996,1.182512,1.16179225,2,1.182512,1.16179225,100000,100000,0,100000,100000,25000,25000,0,25000,25000,3,2.5,0,3,2.5,1,1,0,1,1,200000,200000,0,200000,200000,204800000,204800000,0,204800000,204800000,204800000,204800000,0,204800000,204800000,0.230987,0.087658,0.03836,0.01104,0.011549,191.357596,0.02112,0.0,0.0,0.078398,0.01367,190.693036,0.0,3.767822,0.978855,18.105715,1.182512,100000,25000,2,1,200000,204800000,204800000,,,,,,,,,,,
tiledb,node,256,0,cold,overlap_clustered_runs_10_cross_rank_25,100000,cross_rank_25,clustered_runs_10,2048,4,215.14607197605073,0,True,848334848,848334848,848334848,1.52487477,400000,400000,100000,1.0,0.25,1.0,4,25000,25000,1.0,40,1608,2670282240,7275438080,9893bfa0df948d445bbec04d0a96bea1e28ba260f5d6e19c7064ab9943885cfe,10,402,10,4,0.533852,0.309528,0,0.533852,0.309528,0.089688,0.0881055,3,0.089688,0.0881055,0.03818,0.03777,2,0.03818,0.03777,0.01369,0.01184,0,0.01369,0.01184,0.011449,0.0111565,2,0.011449,0.0111565,190.451179,169.5434825,3,190.451179,169.5434825,0.02084,0.0204275,0,0.02084,0.0204275,0.0,0.0,0,0.0,0.0,0.0,0.0,0,0.0,0.0,0.08870800000000001,0.0791885,0,0.08870800000000001,0.0791885,0.01495,0.013735,0,0.01495,0.013735,190.000375,169.0286475,3,190.000375,169.0286475,0.0,0.0,0,0.0,0.0,3.751303,3.70766875,1,3.751303,3.70766875,0.985705,0.9751325,2,0.985705,0.9751325,59.230907,38.8115465,1,59.230907,38.8115465,1.179872,1.1652672499999999,3,1.179872,1.1652672499999999,100000,100000,0,100000,100000,25000,25000,0,25000,25000,3,2.5,0,3,2.5,1,1,0,1,1,200000,200000,0,200000,200000,204800000,204800000,0,204800000,204800000,204800000,204800000,0,204800000,204800000,0.533852,0.087828,0.0379,0.01369,0.011049,150.076144,0.02084,0.0,0.0,0.08870800000000001,0.01495,149.376945,0.0,3.700814,0.969315,58.211244,1.144082,100000,25000,3,1,200000,204800000,204800000,,,,,,,,,,,
tiledb,node,256,0,cold,overlap_clustered_runs_10_within_rank_25,100000,within_rank_25,clustered_runs_10,2048,0,222.2301050205715,1,True,850427904,850427904,850427904,1.5489271690000002,400000,100000,100000,0.25,0.25,4.0,1,25000,25000,1.0,13,406,2670282240,7275810816,06515cd658be08d88e7d3e9ba7197f2bac224210af08eb4eb4d14a4eb4dea90a,10,403,10,4,0.285316,0.26653625000000003,3,0.285316,0.26653625000000003,0.091039,0.089059,0,0.091039,0.089059,0.048069,0.040814,2,0.048069,0.040814,0.01421,0.013655,0,0.01421,0.013655,0.01166,0.011125,2,0.01166,0.011125,194.061174,176.20069375,3,194.061174,176.20069375,0.02237,0.0222275,1,0.02237,0.0222275,0.0,0.0,0,0.0,0.0,0.0,0.0,0,0.0,0.0,0.087358,0.08070625000000001,0,0.087358,0.08070625000000001,0.01609,0.01532975,0,0.01609,0.01532975,193.617121,175.71376375,3,193.617121,175.71376375,0.0,0.0,0,0.0,0.0,3.721923,3.65713925,2,3.721923,3.65713925,0.792768,0.7901455000000001,0,0.792768,0.7901455000000001,56.789215,36.6521845,0,56.789215,36.6521845,1.182822,1.173342,1,1.182822,1.173342,100000,100000,0,100000,100000,25000,25000,0,25000,25000,3,2.5,0,3,2.5,1,1,0,1,1,200000,200000,0,200000,200000,204800000,204800000,0,204800000,204800000,204800000,204800000,0,204800000,204800000,0.275706,0.090709,0.039399,0.01301,0.01163,163.377122,0.02237,0.0,0.0,0.079759,0.01516,162.900359,0.0,3.636324,0.788618,52.437782,1.182822,100000,25000,3,1,200000,204800000,204800000,,,,,,,,,,,
tiledb,node,256,0,cold,overlap_clustered_runs_10_within_rank_25,100000,within_rank_25,clustered_runs_10,2048,1,216.12518798792735,1,True,848330752,848330752,848330752,1.553110277,400000,100000,100000,0.25,0.25,4.0,1,25000,25000,1.0,13,405,2670282240,7275876352,c4a9bdb6b29370f3c20a2b88174636e3da01163f290b1a479e0eff071a9cc3d5,10,402,10,4,0.330515,0.26239575,1,0.330515,0.26239575,0.087199,0.086414,1,0.087199,0.086414,0.038559,0.0379065,1,0.038559,0.0379065,0.01401,0.0109625,0,0.01401,0.0109625,0.01161,0.01105,2,0.01161,0.01105,187.856278,169.98599825,3,187.856278,169.98599825,0.021589,0.021092,0,0.021589,0.021092,0.0,0.0,0,0.0,0.0,0.0,0.0,0,0.0,0.0,0.084509,0.0751365,0,0.084509,0.0751365,0.01476,0.0136425,0,0.01476,0.0136425,187.397986,169.50562075,3,187.397986,169.50562075,0.0,0.0,0,0.0,0.0,3.730313,3.680399,2,3.730313,3.680399,0.796318,0.7892055,3,0.796318,0.7892055,57.667162,36.670419,1,57.667162,36.670419,1.219451,1.1800395,1,1.219451,1.1800395,100000,100000,0,100000,100000,25000,25000,0,25000,25000,3,2.5,0,3,2.5,1,1,0,1,1,200000,200000,0,200000,200000,204800000,204800000,0,204800000,204800000,204800000,204800000,0,204800000,204800000,0.330515,0.087199,0.038559,0.00869,0.01095,151.926326,0.0205,0.0,0.0,0.064859,0.01331,151.466443,0.0,3.669004,0.785658,57.667162,1.219451,100000,25000,3,1,200000,204800000,204800000,,,,,,,,,,,
tiledb,node,256,0,cold,overlap_clustered_runs_10_within_rank_25,100000,within_rank_25,clustered_runs_10,2048,2,219.77558301296085,1,True,846245888,846245888,846245888,1.539086427,400000,100000,100000,0.25,0.25,4.0,1,25000,25000,1.0,13,404,2670282240,7275954176,9b8d000a2d371ea934f56b4b32da6a64c4ab410445bbf1d1b3719ca99c66d8bf,10,401,10,4,0.318285,0.26038075,1,0.318285,0.26038075,0.086949,0.0863915,3,0.086949,0.0863915,0.037809,0.037264,0,0.037809,0.037264,0.01357,0.0116525,0,0.01357,0.0116525,0.01157,0.0112025,2,0.01157,0.0112025,191.550782,170.9350885,3,191.550782,170.9350885,0.021099,0.0207245,0,0.021099,0.0207245,0.0,0.0,0,0.0,0.0,0.0,0.0,0,0.0,0.0,0.08939899999999999,0.08060925,1,0.08939899999999999,0.08060925,0.01533,0.01394725,0,0.01533,0.01394725,191.01991,170.40103675,3,191.01991,170.40103675,0.0,0.0,0,0.0,0.0,3.736543,3.690179,1,3.736543,3.690179,0.792158,0.7878555,0,0.792158,0.7878555,62.762824,39.467614,1,62.762824,39.467614,1.174422,1.1670495,1,1.174422,1.1670495,100000,100000,0,100000,100000,25000,25000,0,25000,25000,3,2.5,0,3,2.5,1,1,0,1,1,200000,200000,0,200000,200000,204800000,204800000,0,204800000,204800000,204800000,204800000,0,204800000,204800000,0.318285,0.086599,0.036929,0.00963,0.01093,150.518367,0.02065,0.0,0.0,0.08939899999999999,0.01384,149.996325,0.0,3.736543,0.786038,62.762824,1.174422,100000,25000,3,1,200000,204800000,204800000,,,,,,,,,,,
tiledb,node,256,0,cold,overlap_clustered_runs_10_within_rank_25,100000,within_rank_25,clustered_runs_10,2048,3,216.5079620317556,1,True,846233600,846233600,846233600,1.517452105,400000,100000,100000,0.25,0.25,4.0,1,25000,25000,1.0,13,404,2670282240,7276036096,ab433b66c347b17f84e6d73a175da384dcf266e6a028195ce7972f63016af071,10,401,10,4,0.257856,0.24436425,1,0.257856,0.24436425,0.087909,0.086124,0,0.087909,0.086124,0.038629,0.03709675,0,0.038629,0.03709675,0.01416,0.012744750000000001,0,0.01416,0.012744750000000001,0.01116,0.0100775,1,0.01116,0.0100775,187.78857,173.85143475,3,187.78857,173.85143475,0.02068,0.020497500000000002,0,0.02068,0.020497500000000002,0.0,0.0,0,0.0,0.0,0.0,0.0,0,0.0,0.0,0.084619,0.07713125,0,0.084619,0.07713125,0.01498,0.01404225,0,0.01498,0.01404225,187.310757,173.32711725000001,3,187.310757,173.32711725000001,0.0,0.0,0,0.0,0.0,3.782922,3.68447325,2,3.782922,3.68447325,0.790158,0.7880130000000001,2,0.790158,0.7880130000000001,48.318394,33.3552495,1,48.318394,33.3552495,1.178052,1.1668045,0,1.178052,1.1668045,100000,100000,0,100000,100000,25000,25000,0,25000,25000,3,2.5,0,3,2.5,1,1,0,1,1,200000,200000,0,200000,200000,204800000,204800000,0,204800000,204800000,204800000,204800000,0,204800000,204800000,0.257856,0.086109,0.037449,0.01163,0.01116,161.848555,0.02032,0.0,0.0,0.07558899999999999,0.01416,161.222154,0.0,3.630884,0.785738,48.318394,1.176542,100000,25000,3,1,200000,204800000,204800000,,,,,,,,,,,
tiledb,node,256,0,cold,overlap_clustered_runs_10_within_rank_25,100000,within_rank_25,clustered_runs_10,2048,4,218.56697998009622,1,True,848334848,848334848,848334848,1.536533533,400000,100000,100000,0.25,0.25,4.0,1,25000,25000,1.0,13,405,2670282240,7276146688,9893bfa0df948d445bbec04d0a96bea1e28ba260f5d6e19c7064ab9943885cfe,10,402,10,4,0.305965,0.262911,1,0.305965,0.262911,0.089228,0.0869605,3,0.089228,0.0869605,0.03826,0.0380475,0,0.03826,0.0380475,0.013669,0.011857,0,0.013669,0.011857,0.01108,0.01092975,0,0.01108,0.01092975,190.577497,168.837596,3,190.577497,168.837596,0.02058,0.02047225,1,0.02058,0.02047225,0.0,0.0,0,0.0,0.0,0.0,0.0,0,0.0,0.0,0.087399,0.07559375,0,0.087399,0.07559375,0.013909,0.01358975,0,0.013909,0.01358975,190.124574,168.3469205,3,190.124574,168.3469205,0.0,0.0,0,0.0,0.0,3.718663,3.69196875,1,3.718663,3.69196875,0.795417,0.78891025,3,0.795417,0.78891025,63.553872,40.391727,1,63.553872,40.391727,1.174732,1.1701825000000001,0,1.174732,1.1701825000000001,100000,100000,0,100000,100000,25000,25000,0,25000,25000,3,2.5,0,3,2.5,1,1,0,1,1,200000,200000,0,200000,200000,204800000,204800000,0,204800000,204800000,204800000,204800000,0,204800000,204800000,0.305965,0.086968,0.03822,0.0101,0.010889,148.552988,0.02058,0.0,0.0,0.068879,0.01341,148.060644,0.0,3.718663,0.784468,63.553872,1.174022,100000,25000,3,1,200000,204800000,204800000,,,,,,,,,,,
tiledb,node,256,0,cold,overlap_clustered_runs_40_cross_rank_25,100000,cross_rank_25,clustered_runs_40,2048,0,220.410903042648,0,True,915943424,915943424,915943424,1.115902754,400000,400000,100000,1.0,0.25,1.0,4,25000,25000,1.0,160,1716,2670282240,7276638208,bee75faa87e67be1f8773a3b91bca0359f7c2ca546d099257ab6611a547e69b1,40,429,40,4,0.321945,0.29388274999999997,1,0.321945,0.29388274999999997,0.090828,0.08845375,3,0.090828,0.08845375,0.038529,0.03823175,2,0.038529,0.03823175,0.01393,0.0132375,0,0.01393,0.0132375,0.01194,0.011765,2,0.01194,0.011765,196.174261,194.828292,0,196.174261,194.828292,0.022149,0.0215715,3,0.022149,0.0215715,0.0,0.0,0,0.0,0.0,0.0,0.0,0,0.0,0.0,0.09479900000000001,0.0791265,0,0.09479900000000001,0.0791265,0.018029,0.01735225,0,0.018029,0.01735225,195.622821,194.30235274999998,0,195.622821,194.30235274999998,0.0,0.0,0,0.0,0.0,3.891751,3.77856,2,3.891751,3.77856,0.984995,0.98021,3,0.984995,0.98021,20.316881,18.77941175,3,20.316881,18.77941175,1.178132,1.17494725,2,1.178132,1.17494725,100000,100000,0,100000,100000,25000,25000,0,25000,25000,10,10,0,10,10,1,1,0,1,1,200000,200000,0,200000,200000,204800000,204800000,0,204800000,204800000,204800000,204800000,0,204800000,204800000,0.241336,0.088579,0.037869,0.01393,0.01171,196.174261,0.021249,0.0,0.0,0.09479900000000001,0.018029,195.622821,0.0,3.708144,0.974755,17.587542,1.171393,100000,25000,10,1,200000,204800000,204800000,,,,,,,,,,,
tiledb,node,256,0,cold,overlap_clustered_runs_40_cross_rank_25,100000,cross_rank_25,clustered_runs_40,2048,1,224.72485702019185,1,True,913854464,913854464,913854464,1.103432739,400000,400000,100000,1.0,0.25,1.0,4,25000,25000,1.0,160,1712,2670282240,7276724224,feda3e29af8130d212fb1b5a9444586694cc88c14a72a273e53a8905fb9e1a67,40,428,40,4,0.251246,0.243809,1,0.251246,0.243809,0.091369,0.08795125000000001,3,0.091369,0.08795125000000001,0.03884,0.0377925,2,0.03884,0.0377925,0.013949,0.012449,0,0.013949,0.012449,0.01125,0.01072,3,0.01125,0.01072,200.588395,199.492434,1,200.588395,199.492434,0.02089,0.020720000000000002,3,0.02089,0.020720000000000002,0.0,0.0,0,0.0,0.0,0.0,0.0,0,0.0,0.0,0.085269,0.07924625,0,0.085269,0.07924625,0.017479,0.01643425,3,0.017479,0.01643425,200.026443,198.90689550000002,1,200.026443,198.90689550000002,0.0,0.0,0,0.0,0.0,3.768233,3.7487105,0,3.768233,3.7487105,0.991925,0.9793925,0,0.991925,0.9793925,19.450464,18.4822885,2,19.450464,18.4822885,1.180762,1.1780645,0,1.180762,1.1780645,100000,100000,0,100000,100000,25000,25000,0,25000,25000,10,10,0,10,10,1,1,0,1,1,200000,200000,0,200000,200000,204800000,204800000,0,204800000,204800000,204800000,204800000,0,204800000,204800000,0.251246,0.086308,0.03636,0.012319,0.0094,200.588395,0.02084,0.0,0.0,0.07887799999999999,0.01579,200.026443,0.0,3.753133,0.965045,17.485554,1.179182,100000,25000,10,1,200000,204800000,204800000,,,,,,,,,,,
tiledb,node,256,0,cold,overlap_clustered_runs_40_cross_rank_25,100000,cross_rank_25,clustered_runs_40,2048,2,227.65139199327677,0,True,918089728,918089728,918089728,1.114817561,400000,400000,100000,1.0,0.25,1.0,4,25000,25000,1.0,160,1720,2670282240,7276789760,9908655c3e0c4f575e26e5181051499771dd5d741c0bc4da7c09c5886d9f776f,40,430,40,4,0.253926,0.2430535,0,0.253926,0.2430535,0.091019,0.088589,3,0.091019,0.088589,0.038869,0.0381415,1,0.038869,0.0381415,0.01235,0.01178,3,0.01235,0.01178,0.01171,0.0113475,2,0.01171,0.0113475,203.451171,202.92866625,0,203.451171,202.92866625,0.020659,0.020554,1,0.020659,0.020554,0.0,0.0,0,0.0,0.0,0.0,0.0,0,0.0,0.0,0.078139,0.075709,2,0.078139,0.075709,0.01695,0.0160675,1,0.01695,0.0160675,202.969308,202.40688925,2,202.969308,202.40688925,0.0,0.0,0,0.0,0.0,3.795812,3.760365,2,3.795812,3.760365,0.985875,0.97498275,3,0.985875,0.97498275,18.522058,17.977139,3,18.522058,17.977139,1.183222,1.1794345,3,1.183222,1.1794345,100000,100000,0,100000,100000,25000,25000,0,25000,25000,10,10,0,10,10,1,1,0,1,1,200000,200000,0,200000,200000,204800000,204800000,0,204800000,204800000,204800000,204800000,0,204800000,204800000,0.253926,0.087649,0.037669,0.01207,0.01091,203.451171,0.020509,0.0,0.0,0.076269,0.01597,202.85731,0.0,3.755262,0.971866,17.545283,1.177992,100000,25000,10,1,200000,204800000,204800000,,,,,,,,,,,
tiledb,node,256,0,cold,overlap_clustered_runs_40_cross_rank_25,100000,cross_rank_25,clustered_runs_40,2048,3,224.55937904305756,1,True,918036480,918036480,918036480,1.0771231700000001,400000,400000,100000,1.0,0.25,1.0,4,25000,25000,1.0,160,1720,2670282240,7276838912,3ef88a05032ac7d8f932159c91871ccf138153c97090ef9c6bfabec2aa14f642,40,430,40,4,0.264356,0.24314875,2,0.264356,0.24314875,0.088578,0.087698,2,0.088578,0.087698,0.03878,0.0384275,0,0.03878,0.0384275,0.013449,0.011662249999999999,0,0.013449,0.011662249999999999,0.011409,0.011159249999999999,1,0.011409,0.011159249999999999,200.549566,198.267723,1,200.549566,198.267723,0.02086,0.0205125,0,0.02086,0.0205125,0.0,0.0,0,0.0,0.0,0.0,0.0,0,0.0,0.0,0.090119,0.08296100000000001,0,0.090119,0.08296100000000001,0.015899,0.01561225,0,0.015899,0.01561225,200.035273,197.77328,1,200.035273,197.77328,0.0,0.0,0,0.0,0.0,3.771622,3.6931659999999997,2,3.771622,3.6931659999999997,0.979335,0.97234025,2,0.979335,0.97234025,23.858367,19.60316625,3,23.858367,19.60316625,1.180632,1.177092,2,1.180632,1.177092,100000,100000,0,100000,100000,25000,25000,0,25000,25000,10,10,0,10,10,1,1,0,1,1,200000,200000,0,200000,200000,204800000,204800000,0,204800000,204800000,204800000,204800000,0,204800000,204800000,0.236066,0.086148,0.03827,0.0115,0.011409,200.549566,0.02055,0.0,0.0,0.084388,0.0154,200.035273,0.0,3.689603,0.968146,17.436414,1.178872,100000,25000,10,1,200000,204800000,204800000,,,,,,,,,,,
tiledb,node,256,0,cold,overlap_clustered_runs_40_cross_rank_25,100000,cross_rank_25,clustered_runs_40,2048,4,225.60093400534242,2,True,920166400,920166400,920166400,1.117975653,400000,400000,100000,1.0,0.25,1.0,4,25000,25000,1.0,160,1724,2670282240,7276875776,be2531b0b90632b33d29c1658aa560d2ecab05e5948896fca9e514eb0029ba8a,40,431,40,4,0.594181,0.5883235,2,0.594181,0.5883235,0.090039,0.088044,3,0.090039,0.088044,0.038629,0.037634,1,0.038629,0.037634,0.01311,0.012255,0,0.01311,0.012255,0.01184,0.01159,0,0.01184,0.01159,201.010068,200.12144949999998,2,201.010068,200.12144949999998,0.0212,0.02081,1,0.0212,0.02081,0.0,0.0,0,0.0,0.0,0.0,0.0,0,0.0,0.0,0.08937800000000001,0.08466575000000001,0,0.08937800000000001,0.08466575000000001,0.01629,0.015907499999999998,0,0.01629,0.015907499999999998,200.503606,199.57148,2,200.503606,199.57148,0.0,0.0,0,0.0,0.0,3.870951,3.748645,2,3.870951,3.748645,0.987415,0.971168,3,0.987415,0.971168,19.816878,18.39312475,3,19.816878,18.39312475,1.180182,1.174142,3,1.180182,1.174142,100000,100000,0,100000,100000,25000,25000,0,25000,25000,10,10,0,10,10,1,1,0,1,1,200000,200000,0,200000,200000,204800000,204800000,0,204800000,204800000,204800000,204800000,0,204800000,204800000,0.594181,0.088129,0.037139,0.01274,0.01133,201.010068,0.02038,0.0,0.0,0.084048,0.01547,200.503606,0.0,3.870951,0.965336,17.476554,1.174102,100000,25000,10,1,200000,204800000,204800000,,,,,,,,,,,
tiledb,node,256,0,cold,overlap_clustered_runs_40_within_rank_25,100000,within_rank_25,clustered_runs_40,2048,0,225.8107609814033,2,True,915943424,915943424,915943424,1.177342796,400000,100000,100000,0.25,0.25,4.0,1,25000,25000,1.0,40,429,2670282240,7277162496,bee75faa87e67be1f8773a3b91bca0359f7c2ca546d099257ab6611a547e69b1,40,429,40,4,0.263415,0.25503575,2,0.263415,0.25503575,0.090109,0.0875315,3,0.090109,0.0875315,0.038919,0.0382515,2,0.038919,0.0382515,0.01394,0.0133925,3,0.01394,0.0133925,0.01193,0.0117125,1,0.01193,0.0117125,200.662903,199.74939225,3,200.662903,199.74939225,0.02235,0.02191225,0,0.02235,0.02191225,0.0,0.0,0,0.0,0.0,0.0,0.0,0,0.0,0.0,0.082749,0.0796965,3,0.082749,0.0796965,0.01819,0.01702,0,0.01819,0.01702,200.103352,199.2506975,3,200.103352,199.2506975,0.0,0.0,0,0.0,0.0,3.802052,3.7548655,2,3.802052,3.7548655,0.798038,0.795563,0,0.798038,0.795563,20.265061,19.3887895,0,20.265061,19.3887895,1.176552,1.17464975,1,1.176552,1.17464975,100000,100000,0,100000,100000,25000,25000,0,25000,25000,10,10,0,10,10,1,1,0,1,1,200000,200000,0,200000,200000,204800000,204800000,0,204800000,204800000,204800000,204800000,0,204800000,204800000,0.263415,0.087009,0.038919,0.01288,0.0118,199.861146,0.02142,0.0,0.0,0.082209,0.0171,199.379113,0.0,3.802052,0.796878,19.387214,1.173013,100000,25000,10,1,200000,204800000,204800000,,,,,,,,,,,
tiledb,node,256,0,cold,overlap_clustered_runs_40_within_rank_25,100000,within_rank_25,clustered_runs_40,2048,1,222.47561102267355,2,True,913854464,913854464,913854464,1.135505215,400000,100000,100000,0.25,0.25,4.0,1,25000,25000,1.0,40,428,2670282240,7277203456,feda3e29af8130d212fb1b5a9444586694cc88c14a72a273e53a8905fb9e1a67,40,428,40,4,0.249596,0.237469,1,0.249596,0.237469,0.090068,0.088258,3,0.090068,0.088258,0.03868,0.038155,1,0.03868,0.038155,0.01169,0.011237500000000001,3,0.01169,0.011237500000000001,0.011779,0.0114515,0,0.011779,0.0114515,196.98937,196.39270125000002,0,196.98937,196.39270125000002,0.02082,0.0206125,2,0.02082,0.0206125,0.0,0.0,0,0.0,0.0,0.0,0.0,0,0.0,0.0,0.079699,0.07588825,2,0.079699,0.07588825,0.023449,0.01762975,2,0.023449,0.01762975,196.503577,195.90001375,0,196.503577,195.90001375,0.0,0.0,0,0.0,0.0,3.814622,3.760473,0,3.814622,3.760473,0.794308,0.789443,1,0.794308,0.789443,19.961726,19.33640325,2,19.961726,19.33640325,1.180882,1.175562,1,1.180882,1.175562,100000,100000,0,100000,100000,25000,25000,0,25000,25000,10,10,0,10,10,1,1,0,1,1,200000,200000,0,200000,200000,204800000,204800000,0,204800000,204800000,204800000,204800000,0,204800000,204800000,0.228167,0.087258,0.03824,0.01113,0.011719,196.033704,0.02082,0.0,0.0,0.079699,0.023449,195.524602,0.0,3.785923,0.787168,19.961726,1.172152,100000,25000,10,1,200000,204800000,204800000,,,,,,,,,,,
tiledb,node,256,0,cold,overlap_clustered_runs_40_within_rank_25,100000,within_rank_25,clustered_runs_40,2048,2,226.96215298492461,1,True,918089728,918089728,918089728,1.1203554470000001,400000,100000,100000,0.25,0.25,4.0,1,25000,25000,1.0,40,430,2670282240,7277260800,9908655c3e0c4f575e26e5181051499771dd5d741c0bc4da7c09c5886d9f776f,40,430,40,4,0.244157,0.2395995,2,0.244157,0.2395995,0.088299,0.0864265,3,0.088299,0.0864265,0.037959,0.037406499999999995,0,0.037959,0.037406499999999995,0.01206,0.0115,0,0.01206,0.0115,0.01157,0.011317500000000001,1,0.01157,0.011317500000000001,201.476641,200.54747275,1,201.476641,200.54747275,0.02086,0.0206675,1,0.02086,0.0206675,0.0,0.0,0,0.0,0.0,0.0,0.0,0,0.0,0.0,0.094168,0.08388625,0,0.094168,0.08388625,0.01671,0.01601925,0,0.01671,0.01601925,200.949389,200.0350105,1,200.949389,200.0350105,0.0,0.0,0,0.0,0.0,3.834512,3.76160775,2,3.834512,3.76160775,0.798658,0.792953,3,0.798658,0.792953,20.260541,19.676568,3,20.260541,19.676568,1.177242,1.1739695,2,1.177242,1.1739695,100000,100000,0,100000,100000,25000,25000,0,25000,25000,10,10,0,10,10,1,1,0,1,1,200000,200000,0,200000,200000,204800000,204800000,0,204800000,204800000,204800000,204800000,0,204800000,204800000,0.241247,0.085189,0.037089,0.01154,0.01157,201.476641,0.02086,0.0,0.0,0.080549,0.016049,200.949389,0.0,3.734373,0.790288,19.04921,1.172832,100000,25000,10,1,200000,204800000,204800000,,,,,,,,,,,
tiledb,node,256,0,cold,overlap_clustered_runs_40_within_rank_25,100000,within_rank_25,clustered_runs_40,2048,3,225.10500199859962,2,True,918036480,918036480,918036480,1.100445006,400000,100000,100000,0.25,0.25,4.0,1,25000,25000,1.0,40,430,2670282240,7277285376,3ef88a05032ac7d8f932159c91871ccf138153c97090ef9c6bfabec2aa14f642,40,430,40,4,0.268766,0.243666,1,0.268766,0.243666,0.088809,0.086114,3,0.088809,0.086114,0.038409,0.037179000000000004,0,0.038409,0.037179000000000004,0.01211,0.01152,0,0.01211,0.01152,0.01137,0.0108125,0,0.01137,0.0108125,200.112542,197.9193525,0,200.112542,197.9193525,0.021079,0.020694,2,0.021079,0.020694,0.0,0.0,0,0.0,0.0,0.0,0.0,0,0.0,0.0,0.081199,0.07709150000000001,0,0.081199,0.07709150000000001,0.01693,0.016375,1,0.01693,0.016375,199.53965,197.41402525,0,199.53965,197.41402525,0.0,0.0,0,0.0,0.0,3.723293,3.671889,2,3.723293,3.671889,0.798708,0.7910455,2,0.798708,0.7910455,22.525607,20.19517,3,22.525607,20.19517,1.176112,1.17359225,2,1.176112,1.17359225,100000,100000,0,100000,100000,25000,25000,0,25000,25000,10,10,0,10,10,1,1,0,1,1,200000,200000,0,200000,200000,204800000,204800000,0,204800000,204800000,204800000,204800000,0,204800000,204800000,0.242836,0.085429,0.034979,0.01135,0.00955,197.972724,0.021079,0.0,0.0,0.075589,0.01603,197.493332,0.0,3.723293,0.798708,20.691745,1.176112,100000,25000,10,1,200000,204800000,204800000,,,,,,,,,,,
tiledb,node,256,0,cold,overlap_clustered_runs_40_within_rank_25,100000,within_rank_25,clustered_runs_40,2048,4,227.76287997839972,1,True,920166400,920166400,920166400,1.082592257,400000,100000,100000,0.25,0.25,4.0,1,25000,25000,1.0,40,431,2670282240,7277330432,be2531b0b90632b33d29c1658aa560d2ecab05e5948896fca9e514eb0029ba8a,40,431,40,4,0.263386,0.2449735,1,0.263386,0.2449735,0.089329,0.0867565,3,0.089329,0.0867565,0.039959,0.038581500000000005,1,0.039959,0.038581500000000005,0.01625,0.0143975,0,0.01625,0.0143975,0.01148,0.0112125,1,0.01148,0.0112125,201.959023,199.311219,1,201.959023,199.311219,0.020729,0.020642,0,0.020729,0.020642,0.0,0.0,0,0.0,0.0,0.0,0.0,0,0.0,0.0,0.081789,0.078969,0,0.081789,0.078969,0.01654,0.01596,3,0.01654,0.01596,201.49152,198.81143125,1,201.49152,198.81143125,0.0,0.0,0,0.0,0.0,3.661684,3.64935425,3,3.661684,3.64935425,0.794808,0.7900929999999999,0,0.794808,0.7900929999999999,24.398979,21.47675275,3,24.398979,21.47675275,1.184582,1.17895475,1,1.184582,1.17895475,100000,100000,0,100000,100000,25000,25000,0,25000,25000,10,10,0,10,10,1,1,0,1,1,200000,200000,0,200000,200000,204800000,204800000,0,204800000,204800000,204800000,204800000,0,204800000,204800000,0.263386,0.085459,0.039959,0.01325,0.01148,201.959023,0.020479,0.0,0.0,0.07823899999999999,0.01612,201.49152,0.0,3.650295,0.787658,19.416594,1.184582,100000,25000,10,1,200000,204800000,204800000,,,,,,,,,,,
tiledb,node,256,0,cold,overlap_clustered_runs_100_cross_rank_25,100000,cross_rank_25,clustered_runs_100,2048,0,261.62184501299635,3,True,1069322240,1069322240,1069322240,1.253353823,400000,400000,100000,1.0,0.25,1.0,4,25000,25000,1.0,400,1968,2670282240,7277924352,1a7341e1fb12073b6f4d534d9d1181af2fb5f2969ec7e239233887c24dd0025d,100,492,100,4,0.297385,0.28123775,2,0.297385,0.28123775,0.090679,0.0892215,3,0.090679,0.0892215,0.039009,0.038469,1,0.039009,0.038469,0.01402,0.013675,0,0.01402,0.013675,0.012,0.011665,2,0.012,0.011665,237.389164,236.32026975,2,237.389164,236.32026975,0.021839,0.021569,2,0.021839,0.021569,0.0,0.0,0,0.0,0.0,0.0,0.0,0,0.0,0.0,0.100059,0.082949,0,0.100059,0.082949,0.02168,0.02026725,1,0.02168,0.02026725,236.877811,235.85891225,2,236.877811,235.85891225,0.0,0.0,0,0.0,0.0,3.810652,3.78505,1,3.810652,3.78505,0.980265,0.97458775,1,0.980265,0.97458775,19.116339,18.45973125,0,19.116339,18.45973125,1.179512,1.1757495,3,1.179512,1.1757495,100000,100000,0,100000,100000,25000,25000,0,25000,25000,25,25,0,25,25,1,1,0,1,1,200000,200000,0,200000,200000,204800000,204800000,0,204800000,204800000,204800000,204800000,0,204800000,204800000,0.294385,0.090679,0.037459,0.01374,0.01148,236.417128,0.021559,0.0,0.0,0.073859,0.01854,235.955546,0.0,3.782383,0.979025,18.432899,1.179512,100000,25000,25,1,200000,204800000,204800000,,,,,,,,,,,
tiledb,node,256,0,cold,overlap_clustered_runs_100_cross_rank_25,100000,cross_rank_25,clustered_runs_100,2048,1,255.03617501817644,1,True,1068216320,1068216320,1068216320,1.244798216,400000,400000,100000,1.0,0.25,1.0,4,25000,25000,1.0,400,1964,2670282240,7278006272,4e9af92e727e080188c683f3999dedde6ee901ebe2223c853002da7f2c379057,100,491,100,4,0.254326,0.244086,1,0.254326,0.244086,0.092168,0.089093,3,0.092168,0.089093,0.03807,0.0379725,0,0.03807,0.0379725,0.01548,0.0141125,0,0.01548,0.0141125,0.011629,0.0113815,3,0.011629,0.0113815,230.931873,229.89169850000002,1,230.931873,229.89169850000002,0.02078,0.0204625,3,0.02078,0.0204625,0.0,0.0,0,0.0,0.0,0.0,0.0,0,0.0,0.0,0.084959,0.08002075,0,0.084959,0.08002075,0.019189,0.017972250000000002,0,0.019189,0.017972250000000002,230.390521,229.340422,1,230.390521,229.340422,0.0,0.0,0,0.0,0.0,3.802912,3.7495777500000003,2,3.802912,3.7495777500000003,0.985745,0.97443525,3,0.985745,0.97443525,20.052975,18.383497249999998,3,20.052975,18.383497249999998,1.180562,1.17810725,3,1.180562,1.17810725,100000,100000,0,100000,100000,25000,25000,0,25000,25000,25,25,0,25,25,1,1,0,1,1,200000,200000,0,200000,200000,204800000,204800000,0,204800000,204800000,204800000,204800000,0,204800000,204800000,0.254326,0.087688,0.03792,0.01369,0.011069,230.931873,0.02055,0.0,0.0,0.079748,0.01815,230.390521,0.0,3.753153,0.970385,17.444194,1.180372,100000,25000,25,1,200000,204800000,204800000,,,,,,,,,,,
tiledb,node,256,0,cold,overlap_clustered_runs_100_cross_rank_25,100000,cross_rank_25,clustered_runs_100,2048,2,255.30697096837685,1,True,1064005632,1064005632,1064005632,1.1884226679999998,400000,400000,100000,1.0,0.25,1.0,4,25000,25000,1.0,400,1956,2670282240,7278067712,618d2664490a8ac1870afb9b9300e638c80761ae044b7bbbe302adb0330ef3da,100,489,100,4,0.271536,0.25236625,2,0.271536,0.25236625,0.089839,0.0889265,3,0.089839,0.0889265,0.03861,0.03808975,3,0.03861,0.03808975,0.012359,0.01190675,3,0.012359,0.01190675,0.01832,0.0145175,0,0.01832,0.0145175,231.202279,230.47365225,1,231.202279,230.47365225,0.0284,0.02419,2,0.0284,0.02419,0.0,0.0,0,0.0,0.0,0.0,0.0,0,0.0,0.0,0.08481899999999999,0.07713149999999999,0,0.08481899999999999,0.07713149999999999,0.01886,0.01817425,0,0.01886,0.01817425,230.652227,229.9007635,1,230.652227,229.9007635,0.0,0.0,0,0.0,0.0,3.820732,3.7484355000000003,2,3.820732,3.7484355000000003,1.048144,0.99481225,0,1.048144,0.99481225,18.723215,18.05957475,3,18.723215,18.05957475,1.182272,1.1797345,2,1.182272,1.1797345,100000,100000,0,100000,100000,25000,25000,0,25000,25000,25,25,0,25,25,1,1,0,1,1,200000,200000,0,200000,200000,204800000,204800000,0,204800000,204800000,204800000,204800000,0,204800000,204800000,0.253986,0.087859,0.0382,0.012159,0.01094,231.202279,0.02749,0.0,0.0,0.074789,0.018319,230.652227,0.0,3.733073,0.984995,17.448064,1.181432,100000,25000,25,1,200000,204800000,204800000,,,,,,,,,,,
tiledb,node,256,0,cold,overlap_clustered_runs_100_cross_rank_25,100000,cross_rank_25,clustered_runs_100,2048,3,261.95675000781193,2,True,1069809664,1069809664,1069809664,1.211694279,400000,400000,100000,1.0,0.25,1.0,4,25000,25000,1.0,400,1968,2670282240,7278170112,c431334b174e0b10e6781199628eb37bc918b0acdf21e1cd77217a06b3301cbc,100,492,100,4,0.241116,0.23417100000000002,0,0.241116,0.23417100000000002,0.090458,0.08855125,3,0.090458,0.08855125,0.045939,0.04484175,2,0.045939,0.04484175,0.01245,0.01199,0,0.01245,0.01199,0.011599,0.011209,2,0.011599,0.011209,237.803168,236.72362975,2,237.803168,236.72362975,0.02087,0.0205725,2,0.02087,0.0205725,0.0,0.0,0,0.0,0.0,0.0,0.0,0,0.0,0.0,0.082688,0.0774685,0,0.082688,0.0774685,0.01894,0.01802,0,0.01894,0.01802,237.216577,236.173395,2,237.216577,236.173395,0.0,0.0,0,0.0,0.0,3.765092,3.7301905,1,3.765092,3.7301905,0.977965,0.9736575,1,0.977965,0.9736575,19.930096,18.48653325,1,19.930096,18.48653325,1.180832,1.1769545,3,1.180832,1.1769545,100000,100000,0,100000,100000,25000,25000,0,25000,25000,25,25,0,25,25,1,1,0,1,1,200000,200000,0,200000,200000,204800000,204800000,0,204800000,204800000,204800000,204800000,0,204800000,204800000,0.231136,0.087989,0.045939,0.01134,0.011599,237.803168,0.02087,0.0,0.0,0.07793800000000001,0.01752,237.216577,0.0,3.743733,0.970205,17.511583,1.177282,100000,25000,25,1,200000,204800000,204800000,,,,,,,,,,,
tiledb,node,256,0,cold,overlap_clustered_runs_100_cross_rank_25,100000,cross_rank_25,clustered_runs_100,2048,4,260.0682280026376,2,True,1061974016,1061974016,1061974016,1.140306581,400000,400000,100000,1.0,0.25,1.0,4,25000,25000,1.0,400,1952,2670282240,7278202880,62b7086c06814e91ec3a77b53ae2bc91d91f03a1f4c875fe2b09425a9d8e201a,100,488,100,4,0.603391,0.51088975,1,0.603391,0.51088975,0.089878,0.088423,3,0.089878,0.088423,0.03903,0.037625,2,0.03903,0.037625,0.0129,0.0122775,0,0.0129,0.0122775,0.0115,0.0105675,2,0.0115,0.0105675,235.484033,233.49577299999999,2,235.484033,233.49577299999999,0.02095,0.02052175,0,0.02095,0.02052175,0.0,0.0,0,0.0,0.0,0.0,0.0,0,0.0,0.0,0.084148,0.07960875,0,0.084148,0.07960875,0.01965,0.0181325,0,0.01965,0.0181325,234.821383,232.88676275,2,234.821383,232.88676275,0.0,0.0,0,0.0,0.0,3.786262,3.702711,2,3.786262,3.702711,0.985285,0.97498025,2,0.985285,0.97498025,22.145453,19.51319775,3,22.145453,19.51319775,1.184262,1.179552,1,1.184262,1.179552,100000,100000,0,100000,100000,25000,25000,0,25000,25000,25,25,0,25,25,1,1,0,1,1,200000,200000,0,200000,200000,204800000,204800000,0,204800000,204800000,204800000,204800000,0,204800000,204800000,0.600971,0.087688,0.03903,0.01124,0.0115,235.484033,0.020599,0.0,0.0,0.08080899999999999,0.01757,234.821383,0.0,3.786262,0.985285,17.527213,1.176952,100000,25000,25,1,200000,204800000,204800000,,,,,,,,,,,
tiledb,node,256,0,cold,overlap_clustered_runs_100_within_rank_25,100000,within_rank_25,clustered_runs_100,2048,0,262.5731810112484,3,True,1069322240,1069322240,1069322240,1.256946098,400000,100000,100000,0.25,0.25,4.0,1,25000,25000,1.0,100,492,2670282240,7278583808,1a7341e1fb12073b6f4d534d9d1181af2fb5f2969ec7e239233887c24dd0025d,100,492,100,4,0.303156,0.28202375,1,0.303156,0.28202375,0.089998,0.08815049999999999,3,0.089998,0.08815049999999999,0.03949,0.038615,1,0.03949,0.038615,0.014179,0.013577,0,0.014179,0.013577,0.011779,0.0116145,1,0.011779,0.0116145,239.060969,236.6163635,3,239.060969,236.6163635,0.02217,0.0216275,0,0.02217,0.0216275,0.0,0.0,0,0.0,0.0,0.0,0.0,0,0.0,0.0,0.092579,0.081616,0,0.092579,0.081616,0.02077,0.0201545,1,0.02077,0.0201545,238.638365,236.154143,3,238.638365,236.154143,0.0,0.0,0,0.0,0.0,3.709873,3.67173175,2,3.709873,3.67173175,0.869167,0.81045,2,0.869167,0.81045,21.940276,19.3424455,0,21.940276,19.3424455,1.180412,1.174782,3,1.180412,1.174782,100000,100000,0,100000,100000,25000,25000,0,25000,25000,25,25,0,25,25,1,1,0,1,1,200000,200000,0,200000,200000,204800000,204800000,0,204800000,204800000,204800000,204800000,0,204800000,204800000,0.294866,0.089998,0.03887,0.013679,0.01176,239.060969,0.02139,0.0,0.0,0.078459,0.019259,238.638365,0.0,3.682034,0.791998,17.022091,1.180412,100000,25000,25,1,200000,204800000,204800000,,,,,,,,,,,
tiledb,node,256,0,cold,overlap_clustered_runs_100_within_rank_25,100000,within_rank_25,clustered_runs_100,2048,1,262.94524502009153,0,True,1068216320,1068216320,1068216320,1.3333966130000001,400000,100000,100000,0.25,0.25,4.0,1,25000,25000,1.0,100,491,2670282240,7278673920,4e9af92e727e080188c683f3999dedde6ee901ebe2223c853002da7f2c379057,100,491,100,4,0.237946,0.234281,3,0.237946,0.234281,0.344545,0.151498,0,0.344545,0.151498,0.040099,0.038404,0,0.040099,0.038404,0.014,0.012212500000000001,0,0.014,0.012212500000000001,0.01163,0.010494999999999999,0,0.01163,0.010494999999999999,239.424403,237.89463875,0,239.424403,237.89463875,0.021599,0.020842,0,0.021599,0.020842,0.0,0.0,0,0.0,0.0,0.0,0.0,0,0.0,0.0,0.083639,0.07945150000000001,0,0.083639,0.07945150000000001,0.01858,0.0182975,3,0.01858,0.0182975,238.760473,237.32879475,0,238.760473,237.32879475,0.0,0.0,0,0.0,0.0,3.762402,3.7362805,1,3.762402,3.7362805,0.791818,0.7907505,3,0.791818,0.7907505,19.413435,18.450789,1,19.413435,18.450789,1.179242,1.1756247499999999,1,1.179242,1.1756247499999999,100000,100000,0,100000,100000,25000,25000,0,25000,25000,25,25,0,25,25,1,1,0,1,1,200000,200000,0,200000,200000,204800000,204800000,0,204800000,204800000,204800000,204800000,0,204800000,204800000,0.230686,0.344545,0.040099,0.014,0.01163,239.424403,0.021599,0.0,0.0,0.083639,0.01822,238.760473,0.0,3.751363,0.791378,16.793174,1.178752,100000,25000,25,1,200000,204800000,204800000,,,,,,,,,,,
tiledb,node,256,0,cold,overlap_clustered_runs_100_within_rank_25,100000,within_rank_25,clustered_runs_100,2048,2,254.05464100185782,2,True,1064005632,1064005632,1064005632,1.249313687,400000,100000,100000,0.25,0.25,4.0,1,25000,25000,1.0,100,489,2670282240,7278751744,618d2664490a8ac1870afb9b9300e638c80761ae044b7bbbe302adb0330ef3da,100,489,100,4,0.229666,0.22933599999999998,2,0.229666,0.22933599999999998,0.090429,0.0878765,3,0.090429,0.0878765,0.038569,0.0379115,0,0.038569,0.0379115,0.013,0.0116225,0,0.013,0.0116225,0.01133,0.0111225,3,0.01133,0.0111225,230.745865,228.99199425,2,230.745865,228.99199425,0.021539,0.0205615,0,0.021539,0.0205615,0.0,0.0,0,0.0,0.0,0.0,0.0,0,0.0,0.0,0.085549,0.07868649999999999,0,0.085549,0.07868649999999999,0.01918,0.0182475,0,0.01918,0.0182475,230.069725,228.42146775,2,230.069725,228.42146775,0.0,0.0,0,0.0,0.0,3.805842,3.74253025,3,3.805842,3.74253025,0.796197,0.79112775,0,0.796197,0.79112775,19.789048,18.51342525,0,19.789048,18.51342525,1.179582,1.17675725,1,1.179582,1.17675725,100000,100000,0,100000,100000,25000,25000,0,25000,25000,25,25,0,25,25,1,1,0,1,1,200000,200000,0,200000,200000,204800000,204800000,0,204800000,204800000,204800000,204800000,0,204800000,204800000,0.229666,0.087789,0.037289,0.01065,0.01115,230.745865,0.019809,0.0,0.0,0.078829,0.01812,230.069725,0.0,3.780082,0.787358,16.815253,1.178603,100000,25000,25,1,200000,204800000,204800000,,,,,,,,,,,
tiledb,node,256,0,cold,overlap_clustered_runs_100_within_rank_25,100000,within_rank_25,clustered_runs_100,2048,3,252.3336359881796,0,True,1069809664,1069809664,1069809664,1.201860487,400000,100000,100000,0.25,0.25,4.0,1,25000,25000,1.0,100,492,2670282240,7278825472,c431334b174e0b10e6781199628eb37bc918b0acdf21e1cd77217a06b3301cbc,100,492,100,4,0.249386,0.23522674999999998,0,0.249386,0.23522674999999998,0.089769,0.0879485,3,0.089769,0.0879485,0.0391,0.0388825,3,0.0391,0.0388825,0.013319,0.011954,0,0.013319,0.011954,0.01155,0.011445,3,0.01155,0.011445,229.049641,227.63559775,0,229.049641,227.63559775,0.02141,0.020909999999999998,0,0.02141,0.020909999999999998,0.0,0.0,0,0.0,0.0,0.0,0.0,0,0.0,0.0,0.08122900000000001,0.07693900000000001,0,0.08122900000000001,0.07693900000000001,0.019089,0.0184565,1,0.019089,0.0184565,228.387461,227.096406,0,228.387461,227.096406,0.0,0.0,0,0.0,0.0,3.948,3.78710225,1,3.948,3.78710225,0.796488,0.7923005,3,0.796488,0.7923005,18.842713,18.08812925,2,18.842713,18.08812925,1.183382,1.17420725,0,1.183382,1.17420725,100000,100000,0,100000,100000,25000,25000,0,25000,25000,25,25,0,25,25,1,1,0,1,1,200000,200000,0,200000,200000,204800000,204800000,0,204800000,204800000,204800000,204800000,0,204800000,204800000,0.249386,0.087829,0.03873,0.013319,0.01123,229.049641,0.02141,0.0,0.0,0.08122900000000001,0.018389,228.387461,0.0,3.766203,0.792758,16.772684,1.183382,100000,25000,25,1,200000,204800000,204800000,,,,,,,,,,,
tiledb,node,256,0,cold,overlap_clustered_runs_100_within_rank_25,100000,within_rank_25,clustered_runs_100,2048,4,254.4102250249125,2,True,1061974016,1061974016,1061974016,1.227514242,400000,100000,100000,0.25,0.25,4.0,1,25000,25000,1.0,100,488,2670282240,7278948352,62b7086c06814e91ec3a77b53ae2bc91d91f03a1f4c875fe2b09425a9d8e201a,100,488,100,4,0.243866,0.23921125,0,0.243866,0.23921125,0.090388,0.087733,3,0.090388,0.087733,0.03787,0.03771,1,0.03787,0.03771,0.01308,0.01176225,0,0.01308,0.01176225,0.011339,0.011154250000000001,0,0.011339,0.011154250000000001,231.192709,228.73452125,2,231.192709,228.73452125,0.02107,0.0207325,0,0.02107,0.0207325,0.0,0.0,0,0.0,0.0,0.0,0.0,0,0.0,0.0,0.08255799999999999,0.07893549999999999,0,0.08255799999999999,0.07893549999999999,0.01805,0.0178525,0,0.01805,0.0178525,230.632587,228.2182165,2,230.632587,228.2182165,0.0,0.0,0,0.0,0.0,3.710993,3.6708265,2,3.710993,3.6708265,0.795878,0.7911205,3,0.795878,0.7911205,21.470693,19.1971475,3,21.470693,19.1971475,1.180412,1.1763075,2,1.180412,1.1763075,100000,100000,0,100000,100000,25000,25000,0,25000,25000,25,25,0,25,25,1,1,0,1,1,200000,200000,0,200000,200000,204800000,204800000,0,204800000,204800000,204800000,204800000,0,204800000,204800000,0.233247,0.087238,0.03782,0.01084,0.010979,231.192709,0.02058,0.0,0.0,0.079928,0.01772,230.632587,0.0,3.710993,0.793378,16.786945,1.180412,100000,25000,25,1,200000,204800000,204800000,,,,,,,,,,,
tiledb,node,256,0,warm,overlap_clustered_runs_10_cross_rank_25,100000,cross_rank_25,clustered_runs_10,2048,0,104.32954999851063,2,True,0,0,0,1.127879896,400000,400000,100000,1.0,0.25,1.0,4,25000,25000,1.0,40,1612,2670282240,7279169536,06515cd658be08d88e7d3e9ba7197f2bac224210af08eb4eb4d14a4eb4dea90a,10,403,10,4,0.258856,0.24708375,2,0.258856,0.24708375,0.089558,0.08899825,1,0.089558,0.08899825,0.039629,0.03865225,3,0.039629,0.03865225,0.013759,0.013427,0,0.013759,0.013427,0.0123,0.01202475,1,0.0123,0.01202475,80.155369,77.29360525,2,80.155369,77.29360525,0.02181,0.02169,1,0.02181,0.02169,0.0,0.0,0,0.0,0.0,0.0,0.0,0,0.0,0.0,0.085039,0.08081625,0,0.085039,0.08081625,0.018589,0.0162245,0,0.018589,0.0162245,79.777005,76.8736615,2,79.777005,76.8736615,0.0,0.0,0,0.0,0.0,3.716964,3.6729642499999997,2,3.716964,3.6729642499999997,0.978355,0.9769399999999999,1,0.978355,0.9769399999999999,25.390434,20.336865500000002,1,25.390434,20.336865500000002,1.183532,1.17856225,2,1.183532,1.17856225,100000,100000,0,100000,100000,25000,25000,0,25000,25000,3,2.5,0,3,2.5,1,1,0,1,1,200000,200000,0,200000,200000,204800000,204800000,0,204800000,204800000,204800000,204800000,0,204800000,204800000,0.258856,0.088828,0.03683,0.01323,0.011879,80.155369,0.02164,0.0,0.0,0.071728,0.01462,79.777005,0.0,3.716964,0.977745,17.522203,1.183532,100000,25000,2,1,200000,204800000,204800000,,,,,,,,,,,
tiledb,node,256,0,warm,overlap_clustered_runs_10_cross_rank_25,100000,cross_rank_25,clustered_runs_10,2048,1,101.39306500786915,3,True,0,0,0,1.0970298360000001,400000,400000,100000,1.0,0.25,1.0,4,25000,25000,1.0,40,1608,2670282240,7279185920,c4a9bdb6b29370f3c20a2b88174636e3da01163f290b1a479e0eff071a9cc3d5,10,402,10,4,0.253016,0.23902175,0,0.253016,0.23902175,0.088558,0.08749825,1,0.088558,0.08749825,0.03851,0.037945,1,0.03851,0.037945,0.012989,0.012174,0,0.012989,0.012174,0.01134,0.0110975,2,0.01134,0.0110975,77.295493,74.74706175,3,77.295493,74.74706175,0.02099,0.0207175,1,0.02099,0.0207175,0.0,0.0,0,0.0,0.0,0.0,0.0,0,0.0,0.0,0.07983799999999999,0.078296,2,0.07983799999999999,0.078296,0.013989,0.0137245,1,0.013989,0.0137245,76.85232,74.20958475,3,76.85232,74.20958475,0.0,0.0,0,0.0,0.0,3.733923,3.685901,2,3.733923,3.685901,0.978745,0.9718154999999999,0,0.978745,0.9718154999999999,24.800662,19.98269275,1,24.800662,19.98269275,1.181692,1.17315725,3,1.181692,1.17315725,100000,100000,0,100000,100000,25000,25000,0,25000,25000,3,2.5,0,3,2.5,1,1,0,1,1,200000,200000,0,200000,200000,204800000,204800000,0,204800000,204800000,204800000,204800000,0,204800000,204800000,0.239917,0.087328,0.03675,0.011509,0.011,77.295493,0.02046,0.0,0.0,0.074748,0.01351,76.85232,0.0,3.699203,0.968976,17.505693,1.181692,100000,25000,2,1,200000,204800000,204800000,,,,,,,,,,,
tiledb,node,256,0,warm,overlap_clustered_runs_10_cross_rank_25,100000,cross_rank_25,clustered_runs_10,2048,2,103.99413597770035,2,True,0,0,0,1.103859556,400000,400000,100000,1.0,0.25,1.0,4,25000,25000,1.0,40,1604,2670282240,7279202304,9b8d000a2d371ea934f56b4b32da6a64c4ab410445bbf1d1b3719ca99c66d8bf,10,401,10,4,0.253986,0.240396,2,0.253986,0.240396,0.088308,0.08768325,3,0.088308,0.08768325,0.03865,0.03798725,0,0.03865,0.03798725,0.01257,0.011487500000000001,0,0.01257,0.011487500000000001,0.01147,0.0110675,2,0.01147,0.0110675,79.743375,76.554421,2,79.743375,76.554421,0.020679,0.020274,3,0.020679,0.020274,0.0,0.0,0,0.0,0.0,0.0,0.0,0,0.0,0.0,0.076389,0.0745865,0,0.076389,0.0745865,0.01403,0.0136125,1,0.01403,0.0136125,79.301412,76.06428875,2,79.301412,76.06428875,0.0,0.0,0,0.0,0.0,3.687763,3.665094,0,3.687763,3.665094,0.985065,0.97450025,0,0.985065,0.97450025,25.671289,20.78034125,1,25.671289,20.78034125,1.178462,1.17706975,1,1.178462,1.17706975,100000,100000,0,100000,100000,25000,25000,0,25000,25000,3,2.5,0,3,2.5,1,1,0,1,1,200000,200000,0,200000,200000,204800000,204800000,0,204800000,204800000,204800000,204800000,0,204800000,204800000,0.253986,0.086499,0.037539,0.01025,0.01147,79.743375,0.019719,0.0,0.0,0.075449,0.01336,79.301412,0.0,3.682424,0.970335,17.671481,1.178102,100000,25000,2,1,200000,204800000,204800000,,,,,,,,,,,
tiledb,node,256,0,warm,overlap_clustered_runs_10_cross_rank_25,100000,cross_rank_25,clustered_runs_10,2048,3,100.48119002021849,0,True,0,0,0,1.096687354,400000,400000,100000,1.0,0.25,1.0,4,25000,25000,1.0,40,1604,2670282240,7279222784,ab433b66c347b17f84e6d73a175da384dcf266e6a028195ce7972f63016af071,10,401,10,4,0.252396,0.2355865,2,0.252396,0.2355865,0.088098,0.0873755,2,0.088098,0.0873755,0.03809,0.037315,1,0.03809,0.037315,0.01297,0.0117,0,0.01297,0.0117,0.011359,0.0111415,2,0.011359,0.0111415,76.380907,74.58226425,0,76.380907,74.58226425,0.02047,0.02031,1,0.02047,0.02031,0.0,0.0,0,0.0,0.0,0.0,0.0,0,0.0,0.0,0.07739800000000001,0.07504125,0,0.07739800000000001,0.07504125,0.01429,0.0138025,1,0.01429,0.0138025,75.741667,74.04305475,0,75.741667,74.04305475,0.0,0.0,0,0.0,0.0,3.823182,3.71703825,2,3.823182,3.71703825,0.985635,0.96944025,0,0.985635,0.96944025,20.495647,19.204742250000002,1,20.495647,19.204742250000002,1.180972,1.17483225,0,1.180972,1.17483225,100000,100000,0,100000,100000,25000,25000,0,25000,25000,3,2.5,0,3,2.5,1,1,0,1,1,200000,200000,0,200000,200000,204800000,204800000,0,204800000,204800000,204800000,204800000,0,204800000,204800000,0.234736,0.087398,0.03725,0.01297,0.011209,76.380907,0.02033,0.0,0.0,0.07739800000000001,0.0142,75.741667,0.0,3.648684,0.985635,17.544232,1.180972,100000,25000,3,1,200000,204800000,204800000,,,,,,,,,,,
tiledb,node,256,0,warm,overlap_clustered_runs_10_cross_rank_25,100000,cross_rank_25,clustered_runs_10,2048,4,103.9532859576866,2,True,0,0,0,1.113708959,400000,400000,100000,1.0,0.25,1.0,4,25000,25000,1.0,40,1608,2670282240,7279230976,9893bfa0df948d445bbec04d0a96bea1e28ba260f5d6e19c7064ab9943885cfe,10,402,10,4,0.684049,0.6358575,2,0.684049,0.6358575,0.088388,0.08714825,1,0.088388,0.08714825,0.03888,0.037427249999999995,3,0.03888,0.037427249999999995,0.01266,0.0118425,1,0.01266,0.0118425,0.011489,0.010739499999999999,0,0.011489,0.010739499999999999,79.576598,75.50437775,2,79.576598,75.50437775,0.02108,0.02065225,0,0.02108,0.02065225,0.0,0.0,0,0.0,0.0,0.0,0.0,0,0.0,0.0,0.082478,0.07602125,0,0.082478,0.07602125,0.01458,0.013735,0,0.01458,0.013735,79.200504,75.0306595,2,79.200504,75.0306595,0.0,0.0,0,0.0,0.0,3.678454,3.651939,2,3.678454,3.651939,0.986435,0.9688555,0,0.986435,0.9688555,27.797546,21.45313275,1,27.797546,21.45313275,1.180422,1.1746175,2,1.180422,1.1746175,100000,100000,0,100000,100000,25000,25000,0,25000,25000,3,2.5,0,3,2.5,1,1,0,1,1,200000,200000,0,200000,200000,204800000,204800000,0,204800000,204800000,204800000,204800000,0,204800000,204800000,0.684049,0.084929,0.034439,0.0097,0.0093,79.576598,0.020119,0.0,0.0,0.065579,0.01254,79.200504,0.0,3.678454,0.953515,17.498543,1.180422,100000,25000,2,1,200000,204800000,204800000,,,,,,,,,,,
tiledb,node,256,0,warm,overlap_clustered_runs_10_within_rank_25,100000,within_rank_25,clustered_runs_10,2048,0,112.24488000152633,1,True,0,0,0,1.128959869,400000,100000,100000,0.25,0.25,4.0,1,25000,25000,1.0,13,406,2670282240,7279538176,06515cd658be08d88e7d3e9ba7197f2bac224210af08eb4eb4d14a4eb4dea90a,10,403,10,4,0.290866,0.24980425,2,0.290866,0.24980425,0.088069,0.08665875,0,0.088069,0.08665875,0.038719,0.037637000000000004,0,0.038719,0.037637000000000004,0.013519,0.01263225,1,0.013519,0.01263225,0.01157,0.01082225,0,0.01157,0.01082225,79.725256,75.29006825,3,79.725256,75.29006825,0.02199,0.02155,0,0.02199,0.02155,0.0,0.0,0,0.0,0.0,0.0,0.0,0,0.0,0.0,0.087298,0.078806,3,0.087298,0.078806,0.016219,0.01484475,1,0.016219,0.01484475,79.327862,74.84914225,3,79.327862,74.84914225,0.0,0.0,0,0.0,0.0,3.661594,3.650582,0,3.661594,3.650582,0.789878,0.788148,2,0.789878,0.788148,33.530789,25.3524185,1,33.530789,25.3524185,1.174002,1.15549725,1,1.174002,1.15549725,100000,100000,0,100000,100000,25000,25000,0,25000,25000,3,2.5,0,3,2.5,1,1,0,1,1,200000,200000,0,200000,200000,204800000,204800000,0,204800000,204800000,204800000,204800000,0,204800000,204800000,0.230457,0.085789,0.03677,0.013519,0.01041,72.342078,0.02179,0.0,0.0,0.083109,0.016219,71.934554,0.0,3.659665,0.787848,33.530789,1.174002,100000,25000,3,1,200000,204800000,204800000,,,,,,,,,,,
tiledb,node,256,0,warm,overlap_clustered_runs_10_within_rank_25,100000,within_rank_25,clustered_runs_10,2048,1,105.44793301960453,1,True,0,0,0,1.1092587040000002,400000,100000,100000,0.25,0.25,4.0,1,25000,25000,1.0,13,405,2670282240,7279599616,c4a9bdb6b29370f3c20a2b88174636e3da01163f290b1a479e0eff071a9cc3d5,10,402,10,4,0.290396,0.26019425,2,0.290396,0.26019425,0.087569,0.0861765,0,0.087569,0.0861765,0.038369,0.03730675,1,0.038369,0.03730675,0.01189,0.01108725,0,0.01189,0.01108725,0.01162,0.0111275,0,0.01162,0.0111275,78.260878,72.57887450000001,2,78.260878,72.57887450000001,0.0208,0.0203075,0,0.0208,0.0203075,0.0,0.0,0,0.0,0.0,0.0,0.0,0,0.0,0.0,0.07433000000000001,0.0730095,0,0.07433000000000001,0.0730095,0.013589,0.01332425,3,0.013589,0.01332425,77.779646,72.0675225,2,77.779646,72.0675225,0.0,0.0,0,0.0,0.0,3.711684,3.66251425,1,3.711684,3.66251425,0.790628,0.785323,3,0.790628,0.785323,29.253944,24.39802075,3,29.253944,24.39802075,1.182152,1.1673975,2,1.182152,1.1673975,100000,100000,0,100000,100000,25000,25000,0,25000,25000,3,2.5,0,3,2.5,1,1,0,1,1,200000,200000,0,200000,200000,204800000,204800000,0,204800000,204800000,204800000,204800000,0,204800000,204800000,0.239917,0.086409,0.038369,0.01114,0.01107,70.336848,0.02029,0.0,0.0,0.07364,0.013379,69.812037,0.0,3.711684,0.787568,28.688763,1.181772,100000,25000,3,1,200000,204800000,204800000,,,,,,,,,,,
tiledb,node,256,0,warm,overlap_clustered_runs_10_within_rank_25,100000,within_rank_25,clustered_runs_10,2048,2,105.46109301503748,1,True,0,0,0,1.083203126,400000,100000,100000,0.25,0.25,4.0,1,25000,25000,1.0,13,404,2670282240,7279693824,9b8d000a2d371ea934f56b4b32da6a64c4ab410445bbf1d1b3719ca99c66d8bf,10,401,10,4,0.324005,0.27612875000000003,2,0.324005,0.27612875000000003,0.086679,0.08622874999999999,0,0.086679,0.08622874999999999,0.038169,0.03771675,1,0.038169,0.03771675,0.0116,0.0104975,0,0.0116,0.0104975,0.01146,0.01088225,0,0.01146,0.01088225,71.245665,69.7122205,2,71.245665,69.7122205,0.02064,0.0201975,0,0.02064,0.0201975,0.0,0.0,0,0.0,0.0,0.0,0.0,0,0.0,0.0,0.074359,0.06727925,0,0.074359,0.06727925,0.013999,0.01334925,0,0.013999,0.01334925,70.812721,69.19317875,2,70.812721,69.19317875,0.0,0.0,0,0.0,0.0,3.886731,3.74680825,2,3.886731,3.74680825,0.794068,0.7871455,3,0.794068,0.7871455,30.80124,25.9147275,3,30.80124,25.9147275,1.175712,1.15866225,1,1.175712,1.15866225,100000,100000,0,100000,100000,25000,25000,0,25000,25000,3,2.5,0,3,2.5,1,1,0,1,1,200000,200000,0,200000,200000,204800000,204800000,0,204800000,204800000,204800000,204800000,0,204800000,204800000,0.244707,0.086619,0.038169,0.01046,0.01063,69.494961,0.02052,0.0,0.0,0.07141,0.013789,68.95095,0.0,3.696854,0.786478,29.558349,1.175712,100000,25000,3,1,200000,204800000,204800000,,,,,,,,,,,
tiledb,node,256,0,warm,overlap_clustered_runs_10_within_rank_25,100000,within_rank_25,clustered_runs_10,2048,3,112.85654100356624,1,True,0,0,0,1.118381094,400000,100000,100000,0.25,0.25,4.0,1,25000,25000,1.0,13,404,2670282240,7279775744,ab433b66c347b17f84e6d73a175da384dcf266e6a028195ce7972f63016af071,10,401,10,4,0.314976,0.26617325000000003,2,0.314976,0.26617325000000003,0.108428,0.09463875,1,0.108428,0.09463875,0.03837,0.03730925,1,0.03837,0.03730925,0.01233,0.0109875,1,0.01233,0.0109875,0.01125,0.010585,1,0.01125,0.010585,80.991456,76.60765275,2,80.991456,76.60765275,0.020659,0.02040675,1,0.020659,0.02040675,0.0,0.0,0,0.0,0.0,0.0,0.0,0,0.0,0.0,0.076569,0.06712875,0,0.076569,0.06712875,0.01387,0.012885,0,0.01387,0.012885,80.625282,76.12427025,2,80.625282,76.12427025,0.0,0.0,0,0.0,0.0,3.717374,3.6893215,1,3.717374,3.6893215,0.787518,0.7838430000000001,1,0.787518,0.7838430000000001,33.576288,25.253438,1,33.576288,25.253438,1.182652,1.1667619999999999,1,1.182652,1.1667619999999999,100000,100000,0,100000,100000,25000,25000,0,25000,25000,3,2.5,0,3,2.5,1,1,0,1,1,200000,200000,0,200000,200000,204800000,204800000,0,204800000,204800000,204800000,204800000,0,204800000,204800000,0.230716,0.108428,0.03837,0.01233,0.01125,72.82536,0.020659,0.0,0.0,0.067439,0.01281,72.366607,0.0,3.717374,0.787518,33.576288,1.182652,100000,25000,3,1,200000,204800000,204800000,,,,,,,,,,,
tiledb,node,256,0,warm,overlap_clustered_runs_10_within_rank_25,100000,within_rank_25,clustered_runs_10,2048,4,111.07831803383306,1,True,0,0,0,1.112294117,400000,100000,100000,0.25,0.25,4.0,1,25000,25000,1.0,13,405,2670282240,7279837184,9893bfa0df948d445bbec04d0a96bea1e28ba260f5d6e19c7064ab9943885cfe,10,402,10,4,0.335344,0.26350799999999996,2,0.335344,0.26350799999999996,0.086829,0.0855365,0,0.086829,0.0855365,0.038569,0.0372865,1,0.038569,0.0372865,0.01161,0.0109025,0,0.01161,0.0109025,0.01128,0.0106275,3,0.01128,0.0106275,78.066161,74.26856599999999,3,78.066161,74.26856599999999,0.020599,0.02031425,0,0.020599,0.02031425,0.0,0.0,0,0.0,0.0,0.0,0.0,0,0.0,0.0,0.078859,0.0703465,0,0.078859,0.0703465,0.0142,0.013375,0,0.0142,0.013375,77.605178,73.793271,3,77.605178,73.793271,0.0,0.0,0,0.0,0.0,3.700963,3.690476,2,3.700963,3.690476,0.859667,0.80579025,3,0.859667,0.80579025,34.13863,25.51903375,1,34.13863,25.51903375,1.183882,1.16298225,1,1.183882,1.16298225,100000,100000,0,100000,100000,25000,25000,0,25000,25000,3,2.5,0,3,2.5,1,1,0,1,1,200000,200000,0,200000,200000,204800000,204800000,0,204800000,204800000,204800000,204800000,0,204800000,204800000,0.240976,0.086249,0.038569,0.01144,0.01124,70.531055,0.020189,0.0,0.0,0.073329,0.01407,70.071123,0.0,3.694664,0.788658,34.13863,1.183882,100000,25000,3,1,200000,204800000,204800000,,,,,,,,,,,
tiledb,node,256,0,warm,overlap_clustered_runs_40_cross_rank_25,100000,cross_rank_25,clustered_runs_40,2048,0,90.9075959934853,1,True,0,0,0,1.318375266,400000,400000,100000,1.0,0.25,1.0,4,25000,25000,1.0,160,1716,2670282240,7280111616,bee75faa87e67be1f8773a3b91bca0359f7c2ca546d099257ab6611a547e69b1,40,429,40,4,0.241977,0.2385045,3,0.241977,0.2385045,0.090969,0.08859125,3,0.090969,0.08859125,0.03913,0.0382,2,0.03913,0.0382,0.013459,0.0129715,3,0.013459,0.0129715,0.01201,0.01125,3,0.01201,0.01125,66.694214,64.68401475,1,66.694214,64.68401475,0.02153,0.021255,2,0.02153,0.021255,0.0,0.0,0,0.0,0.0,0.0,0.0,0,0.0,0.0,0.087008,0.08068875,1,0.087008,0.08068875,0.018239,0.017322,0,0.018239,0.017322,66.28794,64.25710875,1,66.28794,64.25710875,0.0,0.0,0,0.0,0.0,3.738563,3.6800315,1,3.738563,3.6800315,0.983935,0.9803075,2,0.983935,0.9803075,22.622805,19.506037499999998,3,22.622805,19.506037499999998,1.177242,1.175675,1,1.177242,1.175675,100000,100000,0,100000,100000,25000,25000,0,25000,25000,10,10,0,10,10,1,1,0,1,1,200000,200000,0,200000,200000,204800000,204800000,0,204800000,204800000,204800000,204800000,0,204800000,204800000,0.233237,0.087618,0.0387,0.013449,0.0116,66.694214,0.02121,0.0,0.0,0.087008,0.01712,66.28794,0.0,3.738563,0.983235,17.549832,1.177242,100000,25000,10,1,200000,204800000,204800000,,,,,,,,,,,
tiledb,node,256,0,warm,overlap_clustered_runs_40_cross_rank_25,100000,cross_rank_25,clustered_runs_40,2048,1,91.51937597198412,0,True,0,0,0,1.317490826,400000,400000,100000,1.0,0.25,1.0,4,25000,25000,1.0,160,1712,2670282240,7280189440,feda3e29af8130d212fb1b5a9444586694cc88c14a72a273e53a8905fb9e1a67,40,428,40,4,0.242126,0.2356385,0,0.242126,0.2356385,0.087779,0.08749124999999999,2,0.087779,0.08749124999999999,0.0383,0.0375995,0,0.0383,0.0375995,0.01418,0.01395,1,0.01418,0.01395,0.01129,0.0111575,2,0.01129,0.0111575,67.295944,66.14851925,0,67.295944,66.14851925,0.02636,0.02575425,0,0.02636,0.02575425,0.0,0.0,0,0.0,0.0,0.0,0.0,0,0.0,0.0,0.080718,0.07817349999999999,2,0.080718,0.07817349999999999,0.01617,0.0154875,2,0.01617,0.0154875,66.775443,65.65593975,0,66.775443,65.65593975,0.0,0.0,0,0.0,0.0,3.775113,3.710801,0,3.775113,3.710801,0.971195,0.96754525,0,0.971195,0.96754525,21.727249,18.681540249999998,2,21.727249,18.681540249999998,1.177602,1.1765970000000001,0,1.177602,1.1765970000000001,100000,100000,0,100000,100000,25000,25000,0,25000,25000,10,10,0,10,10,1,1,0,1,1,200000,200000,0,200000,200000,204800000,204800000,0,204800000,204800000,204800000,204800000,0,204800000,204800000,0.242126,0.087068,0.0383,0.01397,0.01114,67.295944,0.02636,0.0,0.0,0.07983799999999999,0.01576,66.775443,0.0,3.775113,0.971195,17.546833,1.177602,100000,25000,10,1,200000,204800000,204800000,,,,,,,,,,,
tiledb,node,256,0,warm,overlap_clustered_runs_40_cross_rank_25,100000,cross_rank_25,clustered_runs_40,2048,2,92.07447699736804,0,True,0,0,0,1.322564915,400000,400000,100000,1.0,0.25,1.0,4,25000,25000,1.0,160,1720,2670282240,7280242688,9908655c3e0c4f575e26e5181051499771dd5d741c0bc4da7c09c5886d9f776f,40,430,40,4,0.252936,0.2379585,0,0.252936,0.2379585,0.088899,0.08831900000000001,3,0.088899,0.08831900000000001,0.038289,0.0377915,0,0.038289,0.0377915,0.01801,0.014735,0,0.01801,0.014735,0.01712,0.014245,2,0.01712,0.014245,67.874436,66.6905965,0,67.874436,66.6905965,0.020719,0.02029925,2,0.020719,0.02029925,0.0,0.0,0,0.0,0.0,0.0,0.0,0,0.0,0.0,0.077279,0.0765365,1,0.077279,0.0765365,0.01639,0.015805,0,0.01639,0.015805,67.229716,66.13861025,0,67.229716,66.13861025,0.0,0.0,0,0.0,0.0,3.812942,3.7390879999999997,1,3.812942,3.7390879999999997,0.983165,0.9754499999999999,2,0.983165,0.9754499999999999,20.163933,18.644613749999998,2,20.163933,18.644613749999998,1.178832,1.177912,2,1.178832,1.177912,100000,100000,0,100000,100000,25000,25000,0,25000,25000,10,10,0,10,10,1,1,0,1,1,200000,200000,0,200000,200000,204800000,204800000,0,204800000,204800000,204800000,204800000,0,204800000,204800000,0.252936,0.087939,0.038289,0.01801,0.01158,67.874436,0.020439,0.0,0.0,0.07679899999999999,0.01639,67.229716,0.0,3.733723,0.970985,17.551713,1.177722,100000,25000,10,1,200000,204800000,204800000,,,,,,,,,,,
tiledb,node,256,0,warm,overlap_clustered_runs_40_cross_rank_25,100000,cross_rank_25,clustered_runs_40,2048,3,91.94350894540548,1,True,0,0,0,1.300205992,400000,400000,100000,1.0,0.25,1.0,4,25000,25000,1.0,160,1720,2670282240,7280283648,3ef88a05032ac7d8f932159c91871ccf138153c97090ef9c6bfabec2aa14f642,40,430,40,4,0.243457,0.232352,0,0.243457,0.232352,0.087459,0.0870915,2,0.087459,0.0870915,0.038479,0.037322,1,0.038479,0.037322,0.012429,0.011717,3,0.012429,0.011717,0.01124,0.01026,1,0.01124,0.01026,67.797778,64.4534135,1,67.797778,64.4534135,0.02096,0.0206675,3,0.02096,0.0206675,0.0,0.0,0,0.0,0.0,0.0,0.0,0,0.0,0.0,0.079849,0.07769875000000001,2,0.079849,0.07769875000000001,0.01608,0.01578425,3,0.01608,0.01578425,67.332475,63.95895875,1,67.332475,63.95895875,0.0,0.0,0,0.0,0.0,3.716613,3.669639,3,3.716613,3.669639,0.977795,0.97503525,0,0.977795,0.97503525,24.073333,20.844907499999998,3,24.073333,20.844907499999998,1.177532,1.175327,1,1.177532,1.175327,100000,100000,0,100000,100000,25000,25000,0,25000,25000,10,10,0,10,10,1,1,0,1,1,200000,200000,0,200000,200000,204800000,204800000,0,204800000,204800000,204800000,204800000,0,204800000,204800000,0.234017,0.087279,0.038479,0.01168,0.01124,67.797778,0.02052,0.0,0.0,0.07735900000000001,0.016049,67.332475,0.0,3.655964,0.975735,17.595052,1.177532,100000,25000,10,1,200000,204800000,204800000,,,,,,,,,,,
tiledb,node,256,0,warm,overlap_clustered_runs_40_cross_rank_25,100000,cross_rank_25,clustered_runs_40,2048,4,91.52104501845315,0,True,0,0,0,1.341349706,400000,400000,100000,1.0,0.25,1.0,4,25000,25000,1.0,160,1724,2670282240,7280332800,be2531b0b90632b33d29c1658aa560d2ecab05e5948896fca9e514eb0029ba8a,40,431,40,4,0.287596,0.26256625,1,0.287596,0.26256625,0.088208,0.0869405,2,0.088208,0.0869405,0.0379,0.03734,1,0.0379,0.03734,0.01269,0.0115975,0,0.01269,0.0115975,0.011649,0.010837,2,0.011649,0.010837,67.271855,65.86199425000001,0,67.271855,65.86199425000001,0.020669,0.0201895,0,0.020669,0.0201895,0.0,0.0,0,0.0,0.0,0.0,0.0,0,0.0,0.0,0.077939,0.073269,0,0.077939,0.073269,0.016,0.015575,3,0.016,0.015575,66.606815,65.263058,0,66.606815,65.263058,0.0,0.0,0,0.0,0.0,3.752953,3.72276125,0,3.752953,3.72276125,0.980565,0.973395,2,0.980565,0.973395,19.736159,18.94413375,3,19.736159,18.94413375,1.176772,1.1742145,2,1.176772,1.1742145,100000,100000,0,100000,100000,25000,25000,0,25000,25000,10,10,0,10,10,1,1,0,1,1,200000,200000,0,200000,200000,204800000,204800000,0,204800000,204800000,204800000,204800000,0,204800000,204800000,0.253726,0.085938,0.0363,0.01269,0.00908,67.271855,0.020669,0.0,0.0,0.077939,0.01566,66.606815,0.0,3.752953,0.972705,17.586442,1.176662,100000,25000,10,1,200000,204800000,204800000,,,,,,,,,,,
tiledb,node,256,0,warm,overlap_clustered_runs_40_within_rank_25,100000,within_rank_25,clustered_runs_40,2048,0,92.55490999203175,0,True,0,0,0,1.32029588,400000,100000,100000,0.25,0.25,4.0,1,25000,25000,1.0,40,429,2670282240,7280988160,bee75faa87e67be1f8773a3b91bca0359f7c2ca546d099257ab6611a547e69b1,40,429,40,4,0.625011,0.34841,0,0.625011,0.34841,0.087769,0.0871215,2,0.087769,0.0871215,0.039229,0.03872425,1,0.039229,0.03872425,0.01363,0.013022249999999999,1,0.01363,0.013022249999999999,0.01184,0.01158,3,0.01184,0.01158,66.748584,65.655295,0,66.748584,65.655295,0.02187,0.021575,0,0.02187,0.021575,0.0,0.0,0,0.0,0.0,0.0,0.0,0,0.0,0.0,0.086779,0.08366625,1,0.086779,0.08366625,0.01986,0.01839475,0,0.01986,0.01839475,66.171212,65.19806925,0,66.171212,65.19806925,0.0,0.0,0,0.0,0.0,3.817392,3.73799575,3,3.817392,3.73799575,0.792548,0.7908155,1,0.792548,0.7908155,21.343475,19.4976805,2,21.343475,19.4976805,1.175332,1.1719645,3,1.175332,1.1719645,100000,100000,0,100000,100000,25000,25000,0,25000,25000,10,10,0,10,10,1,1,0,1,1,200000,200000,0,200000,200000,204800000,204800000,0,204800000,204800000,204800000,204800000,0,204800000,204800000,0.625011,0.086769,0.0387,0.012869,0.01119,66.748584,0.02187,0.0,0.0,0.08556799999999999,0.01986,66.171212,0.0,3.789392,0.790018,18.909622,1.169472,100000,25000,10,1,200000,204800000,204800000,,,,,,,,,,,
tiledb,node,256,0,warm,overlap_clustered_runs_40_within_rank_25,100000,within_rank_25,clustered_runs_40,2048,1,92.0747279888019,2,True,0,0,0,1.318955887,400000,100000,100000,0.25,0.25,4.0,1,25000,25000,1.0,40,428,2670282240,7281045504,feda3e29af8130d212fb1b5a9444586694cc88c14a72a273e53a8905fb9e1a67,40,428,40,4,0.271566,0.244804,0,0.271566,0.244804,0.087038,0.085593,3,0.087038,0.085593,0.03857,0.0375725,2,0.03857,0.0375725,0.01202,0.01162,1,0.01202,0.01162,0.011059,0.010569,2,0.011059,0.010569,66.660355,65.842555,0,66.660355,65.842555,0.02089,0.0205775,0,0.02089,0.0205775,0.0,0.0,0,0.0,0.0,0.0,0.0,0,0.0,0.0,0.07654899999999999,0.07558625,1,0.07654899999999999,0.07558625,0.01591,0.0155375,0,0.01591,0.0155375,66.056334,65.32831,0,66.056334,65.32831,0.0,0.0,0,0.0,0.0,3.821142,3.77028,3,3.821142,3.77028,0.797988,0.7936380000000001,3,0.797988,0.7936380000000001,20.950101,19.546789500000003,2,20.950101,19.546789500000003,1.177972,1.1759395,0,1.177972,1.1759395,100000,100000,0,100000,100000,25000,25000,0,25000,25000,10,10,0,10,10,1,1,0,1,1,200000,200000,0,200000,200000,204800000,204800000,0,204800000,204800000,204800000,204800000,0,204800000,204800000,0.235017,0.085218,0.03857,0.01122,0.011059,64.742634,0.02057,0.0,0.0,0.075638,0.01516,64.265932,0.0,3.667664,0.794668,20.950101,1.175552,100000,25000,10,1,200000,204800000,204800000,,,,,,,,,,,
tiledb,node,256,0,warm,overlap_clustered_runs_40_within_rank_25,100000,within_rank_25,clustered_runs_40,2048,2,93.28353899763897,2,True,0,0,0,1.347478509,400000,100000,100000,0.25,0.25,4.0,1,25000,25000,1.0,40,430,2670282240,7281074176,9908655c3e0c4f575e26e5181051499771dd5d741c0bc4da7c09c5886d9f776f,40,430,40,4,0.251136,0.239011,0,0.251136,0.239011,0.086169,0.085984,3,0.086169,0.085984,0.037979,0.0376465,1,0.037979,0.0376465,0.01208,0.01127,3,0.01208,0.01127,0.01121,0.011157499999999999,2,0.01121,0.011157499999999999,67.878426,67.09845775,1,67.878426,67.09845775,0.020769,0.020486499999999998,0,0.020769,0.020486499999999998,0.0,0.0,0,0.0,0.0,0.0,0.0,0,0.0,0.0,0.076329,0.075159,0,0.076329,0.075159,0.01564,0.015375,0,0.01564,0.015375,67.271835,66.57248325,1,67.271835,66.57248325,0.0,0.0,0,0.0,0.0,3.91584,3.80622425,0,3.91584,3.80622425,0.799348,0.7910905,2,0.799348,0.7910905,20.574276,19.445001,2,20.574276,19.445001,1.176882,1.1745047499999999,2,1.176882,1.1745047499999999,100000,100000,0,100000,100000,25000,25000,0,25000,25000,10,10,0,10,10,1,1,0,1,1,200000,200000,0,200000,200000,204800000,204800000,0,204800000,204800000,204800000,204800000,0,204800000,204800000,0.234706,0.085949,0.037459,0.01073,0.01121,66.223321,0.020439,0.0,0.0,0.073839,0.01501,65.754818,0.0,3.752683,0.799348,20.574276,1.176882,100000,25000,10,1,200000,204800000,204800000,,,,,,,,,,,
tiledb,node,256,0,warm,overlap_clustered_runs_40_within_rank_25,100000,within_rank_25,clustered_runs_40,2048,3,91.6437539854087,2,True,0,0,0,1.331758075,400000,100000,100000,0.25,0.25,4.0,1,25000,25000,1.0,40,430,2670282240,7281131520,3ef88a05032ac7d8f932159c91871ccf138153c97090ef9c6bfabec2aa14f642,40,430,40,4,0.262796,0.2405435,1,0.262796,0.2405435,0.086609,0.085929,3,0.086609,0.085929,0.046699,0.0449815,2,0.046699,0.0449815,0.01229,0.0115025,0,0.01229,0.0115025,0.011349,0.011199500000000001,2,0.011349,0.011199500000000001,66.172992,65.538754,0,66.172992,65.538754,0.02072,0.0203845,2,0.02072,0.0203845,0.0,0.0,0,0.0,0.0,0.0,0.0,0,0.0,0.0,0.07861900000000001,0.0752565,2,0.07861900000000001,0.0752565,0.01578,0.0153275,2,0.01578,0.0153275,65.567391,65.02040925,0,65.567391,65.02040925,0.0,0.0,0,0.0,0.0,3.926761,3.8142372499999997,0,3.926761,3.8142372499999997,0.799918,0.7934155,3,0.799918,0.7934155,20.150963,19.3299505,2,20.150963,19.3299505,1.182462,1.1721795,2,1.182462,1.1721795,100000,100000,0,100000,100000,25000,25000,0,25000,25000,10,10,0,10,10,1,1,0,1,1,200000,200000,0,200000,200000,204800000,204800000,0,204800000,204800000,204800000,204800000,0,204800000,204800000,0.232786,0.085799,0.046699,0.01059,0.011349,65.090869,0.02072,0.0,0.0,0.07861900000000001,0.01578,64.650995,0.0,3.676284,0.799908,20.150963,1.182462,100000,25000,10,1,200000,204800000,204800000,,,,,,,,,,,
tiledb,node,256,0,warm,overlap_clustered_runs_40_within_rank_25,100000,within_rank_25,clustered_runs_40,2048,4,92.21433603670448,2,True,0,0,0,1.361311019,400000,100000,100000,0.25,0.25,4.0,1,25000,25000,1.0,40,431,2670282240,7281225728,be2531b0b90632b33d29c1658aa560d2ecab05e5948896fca9e514eb0029ba8a,40,431,40,4,0.247256,0.234811,0,0.247256,0.234811,0.085629,0.0855065,1,0.085629,0.0855065,0.039059,0.038334,2,0.039059,0.038334,0.01178,0.011245,0,0.01178,0.011245,0.01145,0.011175000000000001,2,0.01145,0.011175000000000001,66.729653,66.01985425000001,0,66.729653,66.01985425000001,0.02093,0.020635,0,0.02093,0.020635,0.0,0.0,0,0.0,0.0,0.0,0.0,0,0.0,0.0,0.07997900000000001,0.0772265,0,0.07997900000000001,0.0772265,0.01714,0.0156425,3,0.01714,0.0156425,66.128063,65.5149745,0,66.128063,65.5149745,0.0,0.0,0,0.0,0.0,3.840391,3.76738,2,3.840391,3.76738,0.792648,0.788448,3,0.792648,0.788448,19.571892,19.349900249999997,3,19.571892,19.349900249999997,1.178502,1.1751225,3,1.178502,1.1751225,100000,100000,0,100000,100000,25000,25000,0,25000,25000,10,10,0,10,10,1,1,0,1,1,200000,200000,0,200000,200000,204800000,204800000,0,204800000,204800000,204800000,204800000,0,204800000,204800000,0.229536,0.085329,0.039059,0.0106,0.01145,66.32621,0.02057,0.0,0.0,0.078269,0.01492,65.881866,0.0,3.840391,0.785778,19.358415,1.172143,100000,25000,10,1,200000,204800000,204800000,,,,,,,,,,,
tiledb,node,256,0,warm,overlap_clustered_runs_100_cross_rank_25,100000,cross_rank_25,clustered_runs_100,2048,0,99.00018194457516,2,True,0,0,0,1.509250915,400000,400000,100000,1.0,0.25,1.0,4,25000,25000,1.0,400,1968,2670282240,7281623040,1a7341e1fb12073b6f4d534d9d1181af2fb5f2969ec7e239233887c24dd0025d,100,492,100,4,0.248526,0.2382685,0,0.248526,0.2382685,0.089708,0.08870325,3,0.089708,0.08870325,0.03897,0.03864475,3,0.03897,0.03864475,0.01334,0.01321,1,0.01334,0.01321,0.012319,0.01153425,2,0.012319,0.01153425,74.89318,72.70863275,2,74.89318,72.70863275,0.02262,0.02166475,2,0.02262,0.02166475,0.0,0.0,0,0.0,0.0,0.0,0.0,0,0.0,0.0,0.084438,0.08382375,0,0.084438,0.08382375,0.023269,0.02183425,3,0.023269,0.02183425,74.457116,72.24423999999999,2,74.457116,72.24423999999999,0.0,0.0,0,0.0,0.0,3.772112,3.699416,1,3.772112,3.699416,0.983155,0.97746275,1,0.983155,0.97746275,23.321475,19.591276999999998,0,23.321475,19.591276999999998,1.180192,1.1748295,2,1.180192,1.1748295,100000,100000,0,100000,100000,25000,25000,0,25000,25000,25,25,0,25,25,1,1,0,1,1,200000,200000,0,200000,200000,204800000,204800000,0,204800000,204800000,204800000,204800000,0,204800000,204800000,0.239496,0.089368,0.03808,0.01319,0.012319,74.89318,0.02262,0.0,0.0,0.08387900000000001,0.021309,74.457116,0.0,3.664134,0.974195,17.511214,1.180192,100000,25000,25,1,200000,204800000,204800000,,,,,,,,,,,
tiledb,node,256,0,warm,overlap_clustered_runs_100_cross_rank_25,100000,cross_rank_25,clustered_runs_100,2048,1,96.2234539911151,3,True,0,0,0,1.46448872,400000,400000,100000,1.0,0.25,1.0,4,25000,25000,1.0,400,1964,2670282240,7281688576,4e9af92e727e080188c683f3999dedde6ee901ebe2223c853002da7f2c379057,100,491,100,4,0.255226,0.241401,0,0.255226,0.241401,0.089829,0.088049,3,0.089829,0.088049,0.038669,0.0378665,1,0.038669,0.0378665,0.0126,0.0117775,2,0.0126,0.0117775,0.01129,0.010685,1,0.01129,0.010685,72.083392,68.4594945,0,72.083392,68.4594945,0.026259,0.0246545,3,0.026259,0.0246545,0.0,0.0,0,0.0,0.0,0.0,0.0,0,0.0,0.0,0.08037899999999999,0.0777615,0,0.08037899999999999,0.0777615,0.01867,0.01783,2,0.01867,0.01783,71.51981,67.9525445,0,71.51981,67.9525445,0.0,0.0,0,0.0,0.0,3.639125,3.6368225,1,3.639125,3.6368225,0.982435,0.9765474999999999,2,0.982435,0.9765474999999999,25.044149,21.10269625,2,25.044149,21.10269625,1.180492,1.165332,3,1.180492,1.165332,100000,100000,0,100000,100000,25000,25000,0,25000,25000,25,25,0,25,25,1,1,0,1,1,200000,200000,0,200000,200000,204800000,204800000,0,204800000,204800000,204800000,204800000,0,204800000,204800000,0.238826,0.089829,0.037619,0.01136,0.0111,71.749467,0.026259,0.0,0.0,0.077039,0.01806,71.269164,0.0,3.634365,0.973965,17.932767,1.180492,100000,25000,25,1,200000,204800000,204800000,,,,,,,,,,,
tiledb,node,256,0,warm,overlap_clustered_runs_100_cross_rank_25,100000,cross_rank_25,clustered_runs_100,2048,2,93.88455998850986,1,True,0,0,0,1.425158737,400000,400000,100000,1.0,0.25,1.0,4,25000,25000,1.0,400,1956,2670282240,7281786880,618d2664490a8ac1870afb9b9300e638c80761ae044b7bbbe302adb0330ef3da,100,489,100,4,0.310175,0.272293,1,0.310175,0.272293,0.088769,0.0880515,2,0.088769,0.0880515,0.039309,0.0384565,0,0.039309,0.0384565,0.01218,0.0108775,3,0.01218,0.0108775,0.01115,0.010857499999999999,2,0.01115,0.010857499999999999,69.831296,67.66609925,1,69.831296,67.66609925,0.020899,0.020429,0,0.020899,0.020429,0.0,0.0,0,0.0,0.0,0.0,0.0,0,0.0,0.0,0.07871900000000001,0.07261400000000001,0,0.07871900000000001,0.07261400000000001,0.01817,0.017705,1,0.01817,0.017705,69.327414,67.17088175,1,69.327414,67.17088175,0.0,0.0,0,0.0,0.0,3.818042,3.694586,3,3.818042,3.694586,0.977205,0.96806775,2,0.977205,0.96806775,24.645924,19.51825775,2,24.645924,19.51825775,1.184262,1.180917,2,1.184262,1.180917,100000,100000,0,100000,100000,25000,25000,0,25000,25000,25,25,0,25,25,1,1,0,1,1,200000,200000,0,200000,200000,204800000,204800000,0,204800000,204800000,204800000,204800000,0,204800000,204800000,0.310175,0.087759,0.038859,0.00942,0.01083,69.831296,0.020239,0.0,0.0,0.067859,0.01817,69.327414,0.0,3.670634,0.960656,17.445004,1.181602,100000,25000,25,1,200000,204800000,204800000,,,,,,,,,,,
tiledb,node,256,0,warm,overlap_clustered_runs_100_cross_rank_25,100000,cross_rank_25,clustered_runs_100,2048,3,97.97532699303702,3,True,0,0,0,1.42472281,400000,400000,100000,1.0,0.25,1.0,4,25000,25000,1.0,400,1968,2670282240,7281823744,c431334b174e0b10e6781199628eb37bc918b0acdf21e1cd77217a06b3301cbc,100,492,100,4,0.300835,0.269443,2,0.300835,0.269443,0.089489,0.088439,1,0.089489,0.088439,0.038439,0.037124000000000004,1,0.038439,0.037124000000000004,0.01146,0.0106625,3,0.01146,0.0106625,0.01153,0.01064,1,0.01153,0.01064,73.878855,72.1521585,3,73.878855,72.1521585,0.020719,0.0204945,0,0.020719,0.0204945,0.0,0.0,0,0.0,0.0,0.0,0.0,0,0.0,0.0,0.076489,0.07164175,0,0.076489,0.07164175,0.01866,0.01789475,3,0.01866,0.01789475,73.360873,71.61629675,3,73.360873,71.61629675,0.0,0.0,0,0.0,0.0,3.703203,3.66122675,0,3.703203,3.66122675,0.988785,0.9810775,2,0.988785,0.9810775,20.545197,19.17084825,2,20.545197,19.17084825,1.176602,1.173562,3,1.176602,1.173562,100000,100000,0,100000,100000,25000,25000,0,25000,25000,25,25,0,25,25,1,1,0,1,1,200000,200000,0,200000,200000,204800000,204800000,0,204800000,204800000,204800000,204800000,0,204800000,204800000,0.226616,0.087909,0.035629,0.01146,0.00897,73.878855,0.02049,0.0,0.0,0.075249,0.01866,73.360873,0.0,3.659994,0.987105,17.528063,1.176602,100000,25000,25,1,200000,204800000,204800000,,,,,,,,,,,
tiledb,node,256,0,warm,overlap_clustered_runs_100_cross_rank_25,100000,cross_rank_25,clustered_runs_100,2048,4,96.79645602591336,1,True,0,0,0,1.457654757,400000,400000,100000,1.0,0.25,1.0,4,25000,25000,1.0,400,1952,2670282240,7281889280,62b7086c06814e91ec3a77b53ae2bc91d91f03a1f4c875fe2b09425a9d8e201a,100,488,100,4,0.279906,0.25823875,2,0.279906,0.25823875,0.089318,0.0872005,3,0.089318,0.0872005,0.03831,0.037275,3,0.03831,0.037275,0.012319,0.0112045,0,0.012319,0.0112045,0.011589,0.0110495,2,0.011589,0.0110495,72.718163,71.985814,1,72.718163,71.985814,0.02071,0.0202775,3,0.02071,0.0202775,0.0,0.0,0,0.0,0.0,0.0,0.0,0,0.0,0.0,0.07772799999999999,0.07457074999999999,1,0.07772799999999999,0.07457074999999999,0.01805,0.017565,2,0.01805,0.017565,72.166901,71.38114525,1,72.166901,71.38114525,0.0,0.0,0,0.0,0.0,3.850832,3.76344525,3,3.850832,3.76344525,0.981615,0.972995,0,0.981615,0.972995,19.272966,18.0645745,0,19.272966,18.0645745,1.179163,1.175155,3,1.179163,1.175155,100000,100000,0,100000,100000,25000,25000,0,25000,25000,25,25,0,25,25,1,1,0,1,1,200000,200000,0,200000,200000,204800000,204800000,0,204800000,204800000,204800000,204800000,0,204800000,204800000,0.222727,0.085958,0.03583,0.01188,0.010099,72.718163,0.02004,0.0,0.0,0.07772799999999999,0.01696,72.166901,0.0,3.754183,0.962145,17.448134,1.175992,100000,25000,25,1,200000,204800000,204800000,,,,,,,,,,,
tiledb,node,256,0,warm,overlap_clustered_runs_100_within_rank_25,100000,within_rank_25,clustered_runs_100,2048,0,96.48348001064733,3,True,0,0,0,1.47310814,400000,100000,100000,0.25,0.25,4.0,1,25000,25000,1.0,100,492,2670282240,7282417664,1a7341e1fb12073b6f4d534d9d1181af2fb5f2969ec7e239233887c24dd0025d,100,492,100,4,0.236906,0.2315835,3,0.236906,0.2315835,0.089529,0.088234,3,0.089529,0.088234,0.038929,0.038124,0,0.038929,0.038124,0.01411,0.0135075,3,0.01411,0.0135075,0.01183,0.0112725,1,0.01183,0.0112725,73.253554,71.64801625,3,73.253554,71.64801625,0.02174,0.02134975,0,0.02174,0.02134975,0.0,0.0,0,0.0,0.0,0.0,0.0,0,0.0,0.0,0.08918899999999999,0.0851715,3,0.08918899999999999,0.0851715,0.02306,0.02214,2,0.02306,0.02214,72.724862,71.146366,3,72.724862,71.146366,0.0,0.0,0,0.0,0.0,3.825331,3.7350825,2,3.825331,3.7350825,0.793118,0.7890305,3,0.793118,0.7890305,19.353056,18.280959,0,19.353056,18.280959,1.178152,1.1752470000000002,0,1.178152,1.1752470000000002,100000,100000,0,100000,100000,25000,25000,0,25000,25000,25,25,0,25,25,1,1,0,1,1,200000,200000,0,200000,200000,204800000,204800000,0,204800000,204800000,204800000,204800000,0,204800000,204800000,0.236906,0.089529,0.038399,0.01411,0.01179,73.253554,0.021379,0.0,0.0,0.08918899999999999,0.02286,72.724862,0.0,3.738113,0.793118,16.751735,1.176842,100000,25000,25,1,200000,204800000,204800000,,,,,,,,,,,
tiledb,node,256,0,warm,overlap_clustered_runs_100_within_rank_25,100000,within_rank_25,clustered_runs_100,2048,1,96.8196359463036,3,True,0,0,0,1.454363807,400000,100000,100000,0.25,0.25,4.0,1,25000,25000,1.0,100,491,2670282240,7282315264,4e9af92e727e080188c683f3999dedde6ee901ebe2223c853002da7f2c379057,100,491,100,4,0.255916,0.24417375,3,0.255916,0.24417375,0.087808,0.0873305,3,0.087808,0.0873305,0.03914,0.037945,1,0.03914,0.037945,0.012999,0.0117695,0,0.012999,0.0117695,0.011879,0.011557,2,0.011879,0.011557,73.686508,72.21665275000001,3,73.686508,72.21665275000001,0.02134,0.02061,0,0.02134,0.02061,0.0,0.0,0,0.0,0.0,0.0,0.0,0,0.0,0.0,0.078238,0.077053,2,0.078238,0.077053,0.01828,0.018090000000000002,1,0.01828,0.018090000000000002,73.189516,71.67166375,3,73.189516,71.67166375,0.0,0.0,0,0.0,0.0,4.015789,3.798972,2,4.015789,3.798972,0.795708,0.7900155,0,0.795708,0.7900155,19.06139,17.98458875,0,19.06139,17.98458875,1.178622,1.174402,3,1.178622,1.174402,100000,100000,0,100000,100000,25000,25000,0,25000,25000,25,25,0,25,25,1,1,0,1,1,200000,200000,0,200000,200000,204800000,204800000,0,204800000,204800000,204800000,204800000,0,204800000,204800000,0.255916,0.087808,0.03781,0.01129,0.011399,73.686508,0.02022,0.0,0.0,0.075878,0.01821,73.189516,0.0,3.710583,0.788318,16.696145,1.178622,100000,25000,25,1,200000,204800000,204800000,,,,,,,,,,,
tiledb,node,256,0,warm,overlap_clustered_runs_100_within_rank_25,100000,within_rank_25,clustered_runs_100,2048,2,97.18296001665294,1,True,0,0,0,1.458099099,400000,100000,100000,0.25,0.25,4.0,1,25000,25000,1.0,100,489,2670282240,7282315264,618d2664490a8ac1870afb9b9300e638c80761ae044b7bbbe302adb0330ef3da,100,489,100,4,0.267816,0.24763375,0,0.267816,0.24763375,0.088318,0.087438,3,0.088318,0.087438,0.03766,0.037462499999999996,3,0.03766,0.037462499999999996,0.01221,0.011525,0,0.01221,0.011525,0.011209,0.011059,2,0.011209,0.011059,74.005063,72.40071275,1,74.005063,72.40071275,0.02137,0.02063,3,0.02137,0.02063,0.0,0.0,0,0.0,0.0,0.0,0.0,0,0.0,0.0,0.078518,0.07547875,2,0.078518,0.07547875,0.01827,0.0179325,3,0.01827,0.0179325,73.401321,71.87554475,1,73.401321,71.87554475,0.0,0.0,0,0.0,0.0,3.748092,3.7438877500000003,3,3.748092,3.7438877500000003,0.795978,0.790953,0,0.795978,0.790953,19.845207,18.2574345,0,19.845207,18.2574345,1.176053,1.17460225,0,1.176053,1.17460225,100000,100000,0,100000,100000,25000,25000,0,25000,25000,25,25,0,25,25,1,1,0,1,1,200000,200000,0,200000,200000,204800000,204800000,0,204800000,204800000,204800000,204800000,0,204800000,204800000,0.237186,0.086628,0.03762,0.01094,0.011109,74.005063,0.01975,0.0,0.0,0.074749,0.01787,73.401321,0.0,3.740953,0.790898,16.728236,1.175132,100000,25000,25,1,200000,204800000,204800000,,,,,,,,,,,
tiledb,node,256,0,warm,overlap_clustered_runs_100_within_rank_25,100000,within_rank_25,clustered_runs_100,2048,3,96.86664497712627,3,True,0,0,0,1.4392859470000001,400000,100000,100000,0.25,0.25,4.0,1,25000,25000,1.0,100,492,2670282240,7282380800,c431334b174e0b10e6781199628eb37bc918b0acdf21e1cd77217a06b3301cbc,100,492,100,4,0.266066,0.24651625,1,0.266066,0.24651625,0.087778,0.0866805,3,0.087778,0.0866805,0.03855,0.037485,2,0.03855,0.037485,0.01135,0.010852500000000001,0,0.01135,0.010852500000000001,0.011199,0.0107045,3,0.011199,0.0107045,73.649119,72.13254375,3,73.649119,72.13254375,0.02117,0.0208145,3,0.02117,0.0208145,0.0,0.0,0,0.0,0.0,0.0,0.0,0,0.0,0.0,0.079989,0.076374,2,0.079989,0.076374,0.01885,0.01825,1,0.01885,0.01825,73.099986,71.591864,3,73.099986,71.591864,0.0,0.0,0,0.0,0.0,3.797213,3.73837075,0,3.797213,3.73837075,0.799267,0.7927575,1,0.799267,0.7927575,20.236901,18.20272525,1,20.236901,18.20272525,1.181412,1.17556475,2,1.181412,1.17556475,100000,100000,0,100000,100000,25000,25000,0,25000,25000,25,25,0,25,25,1,1,0,1,1,200000,200000,0,200000,200000,204800000,204800000,0,204800000,204800000,204800000,204800000,0,204800000,204800000,0.226887,0.087778,0.03814,0.01109,0.011199,73.649119,0.02117,0.0,0.0,0.076089,0.01777,73.099986,0.0,3.790782,0.787928,16.718986,1.179303,100000,25000,25,1,200000,204800000,204800000,,,,,,,,,,,
tiledb,node,256,0,warm,overlap_clustered_runs_100_within_rank_25,100000,within_rank_25,clustered_runs_100,2048,4,96.76903596846387,2,True,0,0,0,1.4609257900000001,400000,100000,100000,0.25,0.25,4.0,1,25000,25000,1.0,100,488,2670282240,7282450432,62b7086c06814e91ec3a77b53ae2bc91d91f03a1f4c875fe2b09425a9d8e201a,100,488,100,4,0.253296,0.23862675,0,0.253296,0.23862675,0.088099,0.08739649999999999,3,0.088099,0.08739649999999999,0.03937,0.03872475,1,0.03937,0.03872475,0.012309,0.01142925,2,0.012309,0.01142925,0.01154,0.01134,2,0.01154,0.01134,73.55063,71.19231075,2,73.55063,71.19231075,0.02078,0.02049,3,0.02078,0.02049,0.0,0.0,0,0.0,0.0,0.0,0.0,0,0.0,0.0,0.080709,0.07661899999999999,2,0.080709,0.07661899999999999,0.018509,0.018224,2,0.018509,0.018224,73.092507,70.6611115,2,73.092507,70.6611115,0.0,0.0,0,0.0,0.0,3.777762,3.69268125,3,3.777762,3.69268125,0.797418,0.789343,1,0.797418,0.789343,21.384554,19.0922465,0,21.384554,19.0922465,1.181332,1.176662,2,1.181332,1.176662,100000,100000,0,100000,100000,25000,25000,0,25000,25000,25,25,0,25,25,1,1,0,1,1,200000,200000,0,200000,200000,204800000,204800000,0,204800000,204800000,204800000,204800000,0,204800000,204800000,0.237807,0.087319,0.03839,0.012309,0.01154,73.55063,0.02047,0.0,0.0,0.080709,0.018509,73.092507,0.0,3.668394,0.787278,16.832154,1.181332,100000,25000,25,1,200000,204800000,204800000,,,,,,,,,,,
