backend,array_layout,tile_extent_rows,query_chunk_rows,cache_mode,pattern,batch_size,overlap_case,overlap_placement,width,sample,latency_ms,slowest_rank,slowest_rank_has_storage,process_read_bytes,device_read_bytes,measured_read_bytes,cpu_seconds,requested_rows,unique_rows,node_unique_rows,within_rank_unique_row_fraction,node_unique_row_fraction,within_rank_repetition,requesting_ranks_per_unique_row,owner_unique_rows_mean,owner_unique_rows_max,owner_unique_max_to_mean,contiguous_ranges,estimated_tiles_touched,cuda_peak_temporary_bytes,rss_bytes_after,node_unique_id_sha256,node_contiguous_ranges,node_estimated_tiles_touched,clustered_run_count,storage_owner_count,id_routing_rank_max_ms,id_routing_rank_mean_ms,id_routing_rank_max_rank,id_routing_storage_owner_max_ms,id_routing_storage_owner_mean_ms,gpu_sort_rank_max_ms,gpu_sort_rank_mean_ms,gpu_sort_rank_max_rank,gpu_sort_storage_owner_max_ms,gpu_sort_storage_owner_mean_ms,gpu_deduplicate_rank_max_ms,gpu_deduplicate_rank_mean_ms,gpu_deduplicate_rank_max_rank,gpu_deduplicate_storage_owner_max_ms,gpu_deduplicate_storage_owner_mean_ms,staging_allocation_rank_max_ms,staging_allocation_rank_mean_ms,staging_allocation_rank_max_rank,staging_allocation_storage_owner_max_ms,staging_allocation_storage_owner_mean_ms,indices_d2h_rank_max_ms,indices_d2h_rank_mean_ms,indices_d2h_rank_max_rank,indices_d2h_storage_owner_max_ms,indices_d2h_storage_owner_mean_ms,tiledb_read_rank_max_ms,tiledb_read_rank_mean_ms,tiledb_read_rank_max_rank,tiledb_read_storage_owner_max_ms,tiledb_read_storage_owner_mean_ms,id_decode_rank_max_ms,id_decode_rank_mean_ms,id_decode_rank_max_rank,id_decode_storage_owner_max_ms,id_decode_storage_owner_mean_ms,id_sort_rank_max_ms,id_sort_rank_mean_ms,id_sort_rank_max_rank,id_sort_storage_owner_max_ms,id_sort_storage_owner_mean_ms,id_deduplicate_rank_max_ms,id_deduplicate_rank_mean_ms,id_deduplicate_rank_max_rank,id_deduplicate_storage_owner_max_ms,id_deduplicate_storage_owner_mean_ms,query_setup_rank_max_ms,query_setup_rank_mean_ms,query_setup_rank_max_rank,query_setup_storage_owner_max_ms,query_setup_storage_owner_mean_ms,range_build_rank_max_ms,range_build_rank_mean_ms,range_build_rank_max_rank,range_build_storage_owner_max_ms,range_build_storage_owner_mean_ms,query_submit_rank_max_ms,query_submit_rank_mean_ms,query_submit_rank_max_rank,query_submit_storage_owner_max_ms,query_submit_storage_owner_mean_ms,cpu_reorder_rank_max_ms,cpu_reorder_rank_mean_ms,cpu_reorder_rank_max_rank,cpu_reorder_storage_owner_max_ms,cpu_reorder_storage_owner_mean_ms,rows_h2d_rank_max_ms,rows_h2d_rank_mean_ms,rows_h2d_rank_max_rank,rows_h2d_storage_owner_max_ms,rows_h2d_storage_owner_mean_ms,gpu_expand_rank_max_ms,gpu_expand_rank_mean_ms,gpu_expand_rank_max_rank,gpu_expand_storage_owner_max_ms,gpu_expand_storage_owner_mean_ms,embedding_exchange_rank_max_ms,embedding_exchange_rank_mean_ms,embedding_exchange_rank_max_rank,embedding_exchange_storage_owner_max_ms,embedding_exchange_storage_owner_mean_ms,output_reorder_rank_max_ms,output_reorder_rank_mean_ms,output_reorder_rank_max_rank,output_reorder_storage_owner_max_ms,output_reorder_storage_owner_mean_ms,storage_requested_rows_rank_max,storage_requested_rows_rank_mean,storage_requested_rows_rank_max_rank,storage_requested_rows_storage_owner_max,storage_requested_rows_storage_owner_mean,storage_unique_rows_rank_max,storage_unique_rows_rank_mean,storage_unique_rows_rank_max_rank,storage_unique_rows_storage_owner_max,storage_unique_rows_storage_owner_mean,storage_range_count_rank_max,storage_range_count_rank_mean,storage_range_count_rank_max_rank,storage_range_count_storage_owner_max,storage_range_count_storage_owner_mean,storage_query_count_rank_max,storage_query_count_rank_mean,storage_query_count_rank_max_rank,storage_query_count_storage_owner_max,storage_query_count_storage_owner_mean,index_bytes_rank_max,index_bytes_rank_mean,index_bytes_rank_max_rank,index_bytes_storage_owner_max,index_bytes_storage_owner_mean,raw_staging_bytes_rank_max,raw_staging_bytes_rank_mean,raw_staging_bytes_rank_max_rank,raw_staging_bytes_storage_owner_max,raw_staging_bytes_storage_owner_mean,output_bytes_rank_max,output_bytes_rank_mean,output_bytes_rank_max_rank,output_bytes_storage_owner_max,output_bytes_storage_owner_mean,id_routing_ms,gpu_sort_ms,gpu_deduplicate_ms,staging_allocation_ms,indices_d2h_ms,tiledb_read_ms,id_decode_ms,id_sort_ms,id_deduplicate_ms,query_setup_ms,range_build_ms,query_submit_ms,cpu_reorder_ms,rows_h2d_ms,gpu_expand_ms,embedding_exchange_ms,output_reorder_ms,storage_requested_rows,storage_unique_rows,storage_range_count,storage_query_count,index_bytes,raw_staging_bytes,output_bytes,tile_overlap_planning_ms,relevant_tile_overlap_ms,partition_planning_ms,internal_tile_read_ms,internal_unfilter_ms,internal_copy_ms,internal_reader_work_ms,tiledb_ranges_requested,tiledb_tiles_read,tiledb_vfs_read_ops,tiledb_vfs_read_bytes
cpu,none,,0,resident,overlap_clustered_independent,48000,independent,clustered,2048,0,55.45685096876696,0,False,0,0,0,0.219558541,192000,192000,192000,1.0,1.0,1.0,1,48000,192000,4.0,4,,2363313664,143328796672,ce501085653caf63eff56ef649f37bb990b8224cf186a8fa4219bbf619674170,1,,,0,0.0,0.0,0,,,0.0,0.0,0,,,0.0,0.0,0,,,0.0,0.0,0,,,0.0,0.0,0,,,0.0,0.0,0,,,0.0,0.0,0,,,0.0,0.0,0,,,0.0,0.0,0,,,0.0,0.0,0,,,0.0,0.0,0,,,0.0,0.0,0,,,0.0,0.0,0,,,0.0,0.0,0,,,0.0,0.0,0,,,0.0,0.0,0,,,0.0,0.0,0,,,0,0,0,,,0,0,0,,,0,0,0,,,0,0,0,,,0,0,0,,,0,0,0,,,0,0,0,,,0.0,0.0,0.0,0.0,0.0,0.0,0.0,0.0,0.0,0.0,0.0,0.0,0.0,0.0,0.0,0.0,0.0,0,0,0,0,0,0,0,,,,,,,,,,,
cpu,none,,0,resident,overlap_clustered_independent,48000,independent,clustered,2048,1,55.43247202876955,1,False,0,0,0,0.219539191,192000,192000,192000,1.0,1.0,1.0,1,48000,192000,4.0,4,,2363313664,143349178368,01bdbcff8034d649fc01c0c3ce677d9e7f792ca1f2003a68526ac206c3b83798,1,,,0,0.0,0.0,0,,,0.0,0.0,0,,,0.0,0.0,0,,,0.0,0.0,0,,,0.0,0.0,0,,,0.0,0.0,0,,,0.0,0.0,0,,,0.0,0.0,0,,,0.0,0.0,0,,,0.0,0.0,0,,,0.0,0.0,0,,,0.0,0.0,0,,,0.0,0.0,0,,,0.0,0.0,0,,,0.0,0.0,0,,,0.0,0.0,0,,,0.0,0.0,0,,,0,0,0,,,0,0,0,,,0,0,0,,,0,0,0,,,0,0,0,,,0,0,0,,,0,0,0,,,0.0,0.0,0.0,0.0,0.0,0.0,0.0,0.0,0.0,0.0,0.0,0.0,0.0,0.0,0.0,0.0,0.0,0,0,0,0,0,0,0,,,,,,,,,,,
cpu,none,,0,resident,overlap_clustered_independent,48000,independent,clustered,2048,2,55.50722999032587,2,False,0,0,0,0.219710038,192000,192000,192000,1.0,1.0,1.0,1,48000,192000,4.0,4,,2363313664,143349354496,2d8bf9b414f9069a6a63a17345a88013f66a8930a97f375aa31f5a6412478a17,1,,,0,0.0,0.0,0,,,0.0,0.0,0,,,0.0,0.0,0,,,0.0,0.0,0,,,0.0,0.0,0,,,0.0,0.0,0,,,0.0,0.0,0,,,0.0,0.0,0,,,0.0,0.0,0,,,0.0,0.0,0,,,0.0,0.0,0,,,0.0,0.0,0,,,0.0,0.0,0,,,0.0,0.0,0,,,0.0,0.0,0,,,0.0,0.0,0,,,0.0,0.0,0,,,0,0,0,,,0,0,0,,,0,0,0,,,0,0,0,,,0,0,0,,,0,0,0,,,0,0,0,,,0.0,0.0,0.0,0.0,0.0,0.0,0.0,0.0,0.0,0.0,0.0,0.0,0.0,0.0,0.0,0.0,0.0,0,0,0,0,0,0,0,,,,,,,,,,,
cpu,none,,0,resident,overlap_clustered_independent,48000,independent,clustered,2048,3,55.37921201903373,0,False,0,0,0,0.219260711,192000,192000,192000,1.0,1.0,1.0,1,48000,192000,4.0,4,,2363313664,143349448704,0bd9b84e445297a973ff52b17e2c9cc224e2042291c88918896ace1f3e147dea,1,,,0,0.0,0.0,0,,,0.0,0.0,0,,,0.0,0.0,0,,,0.0,0.0,0,,,0.0,0.0,0,,,0.0,0.0,0,,,0.0,0.0,0,,,0.0,0.0,0,,,0.0,0.0,0,,,0.0,0.0,0,,,0.0,0.0,0,,,0.0,0.0,0,,,0.0,0.0,0,,,0.0,0.0,0,,,0.0,0.0,0,,,0.0,0.0,0,,,0.0,0.0,0,,,0,0,0,,,0,0,0,,,0,0,0,,,0,0,0,,,0,0,0,,,0,0,0,,,0,0,0,,,0.0,0.0,0.0,0.0,0.0,0.0,0.0,0.0,0.0,0.0,0.0,0.0,0.0,0.0,0.0,0.0,0.0,0,0,0,0,0,0,0,,,,,,,,,,,
cpu,none,,0,resident,overlap_clustered_independent,48000,independent,clustered,2048,4,55.45935098780319,1,False,0,0,0,0.219342317,192000,192000,192000,1.0,1.0,1.0,1,48000,192000,4.0,4,,2363313664,143349460992,f54ecb2d6db8f9af0f2ece7fcc582a535d988b3aa8269f6e6b37bee573541c6b,1,,,0,0.0,0.0,0,,,0.0,0.0,0,,,0.0,0.0,0,,,0.0,0.0,0,,,0.0,0.0,0,,,0.0,0.0,0,,,0.0,0.0,0,,,0.0,0.0,0,,,0.0,0.0,0,,,0.0,0.0,0,,,0.0,0.0,0,,,0.0,0.0,0,,,0.0,0.0,0,,,0.0,0.0,0,,,0.0,0.0,0,,,0.0,0.0,0,,,0.0,0.0,0,,,0,0,0,,,0,0,0,,,0,0,0,,,0,0,0,,,0,0,0,,,0,0,0,,,0,0,0,,,0.0,0.0,0.0,0.0,0.0,0.0,0.0,0.0,0.0,0.0,0.0,0.0,0.0,0.0,0.0,0.0,0.0,0,0,0,0,0,0,0,,,,,,,,,,,
cpu,none,,0,resident,overlap_clustered_independent,100000,independent,clustered,2048,0,114.90263103041798,0,False,0,0,0,0.454708332,400000,400000,400000,1.0,1.0,1.0,1,100000,400000,4.0,4,,4921035776,143349592064,002a640dafb29725a6a96ab7d6e3787f95da0dd1a6e978e5e2409dbb27763dcb,1,,,0,0.0,0.0,0,,,0.0,0.0,0,,,0.0,0.0,0,,,0.0,0.0,0,,,0.0,0.0,0,,,0.0,0.0,0,,,0.0,0.0,0,,,0.0,0.0,0,,,0.0,0.0,0,,,0.0,0.0,0,,,0.0,0.0,0,,,0.0,0.0,0,,,0.0,0.0,0,,,0.0,0.0,0,,,0.0,0.0,0,,,0.0,0.0,0,,,0.0,0.0,0,,,0,0,0,,,0,0,0,,,0,0,0,,,0,0,0,,,0,0,0,,,0,0,0,,,0,0,0,,,0.0,0.0,0.0,0.0,0.0,0.0,0.0,0.0,0.0,0.0,0.0,0.0,0.0,0.0,0.0,0.0,0.0,0,0,0,0,0,0,0,,,,,,,,,,,
cpu,none,,0,resident,overlap_clustered_independent,100000,independent,clustered,2048,1,115.12897699140012,0,False,0,0,0,0.455251739,400000,400000,400000,1.0,1.0,1.0,1,100000,400000,4.0,4,,4921035776,143363923968,6bb974abc81f2ba6ba920f70674eedb9c3e3f8ea3b84bc4f945db32bf1a803fb,1,,,0,0.0,0.0,0,,,0.0,0.0,0,,,0.0,0.0,0,,,0.0,0.0,0,,,0.0,0.0,0,,,0.0,0.0,0,,,0.0,0.0,0,,,0.0,0.0,0,,,0.0,0.0,0,,,0.0,0.0,0,,,0.0,0.0,0,,,0.0,0.0,0,,,0.0,0.0,0,,,0.0,0.0,0,,,0.0,0.0,0,,,0.0,0.0,0,,,0.0,0.0,0,,,0,0,0,,,0,0,0,,,0,0,0,,,0,0,0,,,0,0,0,,,0,0,0,,,0,0,0,,,0.0,0.0,0.0,0.0,0.0,0.0,0.0,0.0,0.0,0.0,0.0,0.0,0.0,0.0,0.0,0.0,0.0,0,0,0,0,0,0,0,,,,,,,,,,,
cpu,none,,0,resident,overlap_clustered_independent,100000,independent,clustered,2048,2,115.1600280427374,0,False,0,0,0,0.455318792,400000,400000,400000,1.0,1.0,1.0,1,100000,400000,4.0,4,,4921035776,143364083712,41422c75c4dda92bcc06e098a7ee0ba259d011dfc01c75876317611df0d0077a,1,,,0,0.0,0.0,0,,,0.0,0.0,0,,,0.0,0.0,0,,,0.0,0.0,0,,,0.0,0.0,0,,,0.0,0.0,0,,,0.0,0.0,0,,,0.0,0.0,0,,,0.0,0.0,0,,,0.0,0.0,0,,,0.0,0.0,0,,,0.0,0.0,0,,,0.0,0.0,0,,,0.0,0.0,0,,,0.0,0.0,0,,,0.0,0.0,0,,,0.0,0.0,0,,,0,0,0,,,0,0,0,,,0,0,0,,,0,0,0,,,0,0,0,,,0,0,0,,,0,0,0,,,0.0,0.0,0.0,0.0,0.0,0.0,0.0,0.0,0.0,0.0,0.0,0.0,0.0,0.0,0.0,0.0,0.0,0,0,0,0,0,0,0,,,,,,,,,,,
cpu,none,,0,resident,overlap_clustered_independent,100000,independent,clustered,2048,3,115.23560603382066,2,False,0,0,0,0.455687793,400000,400000,400000,1.0,1.0,1.0,1,100000,400000,4.0,4,,4921035776,143364198400,2b6864e7f00fc67d81f3a5cb8ddfc814fb6fac85c10272979ef0a8412053f4be,1,,,0,0.0,0.0,0,,,0.0,0.0,0,,,0.0,0.0,0,,,0.0,0.0,0,,,0.0,0.0,0,,,0.0,0.0,0,,,0.0,0.0,0,,,0.0,0.0,0,,,0.0,0.0,0,,,0.0,0.0,0,,,0.0,0.0,0,,,0.0,0.0,0,,,0.0,0.0,0,,,0.0,0.0,0,,,0.0,0.0,0,,,0.0,0.0,0,,,0.0,0.0,0,,,0,0,0,,,0,0,0,,,0,0,0,,,0,0,0,,,0,0,0,,,0,0,0,,,0,0,0,,,0.0,0.0,0.0,0.0,0.0,0.0,0.0,0.0,0.0,0.0,0.0,0.0,0.0,0.0,0.0,0.0,0.0,0,0,0,0,0,0,0,,,,,,,,,,,
cpu,none,,0,resident,overlap_clustered_independent,100000,independent,clustered,2048,4,115.30366499209777,1,False,0,0,0,0.455631032,400000,400000,400000,1.0,1.0,1.0,1,100000,400000,4.0,4,,4921035776,143364198400,57c2024bc3c00839323cd98729719070cc74a7ab62003f8180dcb78f3ddfb0b2,1,,,0,0.0,0.0,0,,,0.0,0.0,0,,,0.0,0.0,0,,,0.0,0.0,0,,,0.0,0.0,0,,,0.0,0.0,0,,,0.0,0.0,0,,,0.0,0.0,0,,,0.0,0.0,0,,,0.0,0.0,0,,,0.0,0.0,0,,,0.0,0.0,0,,,0.0,0.0,0,,,0.0,0.0,0,,,0.0,0.0,0,,,0.0,0.0,0,,,0.0,0.0,0,,,0,0,0,,,0,0,0,,,0,0,0,,,0,0,0,,,0,0,0,,,0,0,0,,,0,0,0,,,0.0,0.0,0.0,0.0,0.0,0.0,0.0,0.0,0.0,0.0,0.0,0.0,0.0,0.0,0.0,0.0,0.0,0,0,0,0,0,0,0,,,,,,,,,,,
cpu,none,,0,resident,overlap_clustered_cross_rank_25,48000,cross_rank_25,clustered,2048,0,55.41537096723914,2,False,0,0,0,0.219368171,192000,192000,48000,1.0,0.25,1.0,4,12000,48000,4.0,4,,2363313664,143364259840,e83ee9b5a85e526364d2755f72c8faad1aa31d30f405fceb5a881e90b768bf85,1,,,0,0.0,0.0,0,,,0.0,0.0,0,,,0.0,0.0,0,,,0.0,0.0,0,,,0.0,0.0,0,,,0.0,0.0,0,,,0.0,0.0,0,,,0.0,0.0,0,,,0.0,0.0,0,,,0.0,0.0,0,,,0.0,0.0,0,,,0.0,0.0,0,,,0.0,0.0,0,,,0.0,0.0,0,,,0.0,0.0,0,,,0.0,0.0,0,,,0.0,0.0,0,,,0,0,0,,,0,0,0,,,0,0,0,,,0,0,0,,,0,0,0,,,0,0,0,,,0,0,0,,,0.0,0.0,0.0,0.0,0.0,0.0,0.0,0.0,0.0,0.0,0.0,0.0,0.0,0.0,0.0,0.0,0.0,0,0,0,0,0,0,0,,,,,,,,,,,
cpu,none,,0,resident,overlap_clustered_cross_rank_25,48000,cross_rank_25,clustered,2048,1,55.369251989759505,2,False,0,0,0,0.219271351,192000,192000,48000,1.0,0.25,1.0,4,12000,48000,4.0,4,,2363313664,143364268032,05b079a8c7e98a45c3eff0dff9f2d7ce8c58cdaed44733be55da58cf4fdfe28f,1,,,0,0.0,0.0,0,,,0.0,0.0,0,,,0.0,0.0,0,,,0.0,0.0,0,,,0.0,0.0,0,,,0.0,0.0,0,,,0.0,0.0,0,,,0.0,0.0,0,,,0.0,0.0,0,,,0.0,0.0,0,,,0.0,0.0,0,,,0.0,0.0,0,,,0.0,0.0,0,,,0.0,0.0,0,,,0.0,0.0,0,,,0.0,0.0,0,,,0.0,0.0,0,,,0,0,0,,,0,0,0,,,0,0,0,,,0,0,0,,,0,0,0,,,0,0,0,,,0,0,0,,,0.0,0.0,0.0,0.0,0.0,0.0,0.0,0.0,0.0,0.0,0.0,0.0,0.0,0.0,0.0,0.0,0.0,0,0,0,0,0,0,0,,,,,,,,,,,
cpu,none,,0,resident,overlap_clustered_cross_rank_25,48000,cross_rank_25,clustered,2048,2,55.427851038984954,2,False,0,0,0,0.219368827,192000,192000,48000,1.0,0.25,1.0,4,12000,48000,4.0,4,,2363313664,143364308992,dd68c3c2ef8589e68a9a2c3cad7beefd243700659030642edb517f4396f9ec7e,1,,,0,0.0,0.0,0,,,0.0,0.0,0,,,0.0,0.0,0,,,0.0,0.0,0,,,0.0,0.0,0,,,0.0,0.0,0,,,0.0,0.0,0,,,0.0,0.0,0,,,0.0,0.0,0,,,0.0,0.0,0,,,0.0,0.0,0,,,0.0,0.0,0,,,0.0,0.0,0,,,0.0,0.0,0,,,0.0,0.0,0,,,0.0,0.0,0,,,0.0,0.0,0,,,0,0,0,,,0,0,0,,,0,0,0,,,0,0,0,,,0,0,0,,,0,0,0,,,0,0,0,,,0.0,0.0,0.0,0.0,0.0,0.0,0.0,0.0,0.0,0.0,0.0,0.0,0.0,0.0,0.0,0.0,0.0,0,0,0,0,0,0,0,,,,,,,,,,,
cpu,none,,0,resident,overlap_clustered_cross_rank_25,48000,cross_rank_25,clustered,2048,3,55.382261984050274,0,False,0,0,0,0.21907058699999998,192000,192000,48000,1.0,0.25,1.0,4,12000,48000,4.0,4,,2363313664,143364370432,ddc904ecde74f4ccfd98667f48660a43e778439e8155eca6becc6d7f5bdfe153,1,,,0,0.0,0.0,0,,,0.0,0.0,0,,,0.0,0.0,0,,,0.0,0.0,0,,,0.0,0.0,0,,,0.0,0.0,0,,,0.0,0.0,0,,,0.0,0.0,0,,,0.0,0.0,0,,,0.0,0.0,0,,,0.0,0.0,0,,,0.0,0.0,0,,,0.0,0.0,0,,,0.0,0.0,0,,,0.0,0.0,0,,,0.0,0.0,0,,,0.0,0.0,0,,,0,0,0,,,0,0,0,,,0,0,0,,,0,0,0,,,0,0,0,,,0,0,0,,,0,0,0,,,0.0,0.0,0.0,0.0,0.0,0.0,0.0,0.0,0.0,0.0,0.0,0.0,0.0,0.0,0.0,0.0,0.0,0,0,0,0,0,0,0,,,,,,,,,,,
cpu,none,,0,resident,overlap_clustered_cross_rank_25,48000,cross_rank_25,clustered,2048,4,55.5448800441809,2,False,0,0,0,0.219627578,192000,192000,48000,1.0,0.25,1.0,4,12000,48000,4.0,4,,2363313664,143364530176,a309dd8711c30ee159c2054520cb0b9754ff14d117251c9414e38b0746c65fae,1,,,0,0.0,0.0,0,,,0.0,0.0,0,,,0.0,0.0,0,,,0.0,0.0,0,,,0.0,0.0,0,,,0.0,0.0,0,,,0.0,0.0,0,,,0.0,0.0,0,,,0.0,0.0,0,,,0.0,0.0,0,,,0.0,0.0,0,,,0.0,0.0,0,,,0.0,0.0,0,,,0.0,0.0,0,,,0.0,0.0,0,,,0.0,0.0,0,,,0.0,0.0,0,,,0,0,0,,,0,0,0,,,0,0,0,,,0,0,0,,,0,0,0,,,0,0,0,,,0,0,0,,,0.0,0.0,0.0,0.0,0.0,0.0,0.0,0.0,0.0,0.0,0.0,0.0,0.0,0.0,0.0,0.0,0.0,0,0,0,0,0,0,0,,,,,,,,,,,
cpu,none,,0,resident,overlap_clustered_cross_rank_25,100000,cross_rank_25,clustered,2048,0,114.92077098228037,0,False,0,0,0,0.45513987300000003,400000,400000,100000,1.0,0.25,1.0,4,25000,100000,4.0,4,,4921035776,143364845568,1ef431b664d23cfba7bfef6ecbd96dfe4a579d98a1dede3574d832df1ab6904d,1,,,0,0.0,0.0,0,,,0.0,0.0,0,,,0.0,0.0,0,,,0.0,0.0,0,,,0.0,0.0,0,,,0.0,0.0,0,,,0.0,0.0,0,,,0.0,0.0,0,,,0.0,0.0,0,,,0.0,0.0,0,,,0.0,0.0,0,,,0.0,0.0,0,,,0.0,0.0,0,,,0.0,0.0,0,,,0.0,0.0,0,,,0.0,0.0,0,,,0.0,0.0,0,,,0,0,0,,,0,0,0,,,0,0,0,,,0,0,0,,,0,0,0,,,0,0,0,,,0,0,0,,,0.0,0.0,0.0,0.0,0.0,0.0,0.0,0.0,0.0,0.0,0.0,0.0,0.0,0.0,0.0,0.0,0.0,0,0,0,0,0,0,0,,,,,,,,,,,
cpu,none,,0,resident,overlap_clustered_cross_rank_25,100000,cross_rank_25,clustered,2048,1,114.89276099018753,0,False,0,0,0,0.454657182,400000,400000,100000,1.0,0.25,1.0,4,25000,100000,4.0,4,,4921035776,143366279168,8b620a11217e3ec9028aff7bab338a87c8610543271627b8966301d4f2de2786,1,,,0,0.0,0.0,0,,,0.0,0.0,0,,,0.0,0.0,0,,,0.0,0.0,0,,,0.0,0.0,0,,,0.0,0.0,0,,,0.0,0.0,0,,,0.0,0.0,0,,,0.0,0.0,0,,,0.0,0.0,0,,,0.0,0.0,0,,,0.0,0.0,0,,,0.0,0.0,0,,,0.0,0.0,0,,,0.0,0.0,0,,,0.0,0.0,0,,,0.0,0.0,0,,,0,0,0,,,0,0,0,,,0,0,0,,,0,0,0,,,0,0,0,,,0,0,0,,,0,0,0,,,0.0,0.0,0.0,0.0,0.0,0.0,0.0,0.0,0.0,0.0,0.0,0.0,0.0,0.0,0.0,0.0,0.0,0,0,0,0,0,0,0,,,,,,,,,,,
cpu,none,,0,resident,overlap_clustered_cross_rank_25,100000,cross_rank_25,clustered,2048,2,115.03315903246403,2,False,0,0,0,0.454870232,400000,400000,100000,1.0,0.25,1.0,4,25000,100000,4.0,4,,4921035776,143366283264,5aed05750d6eb4725ef15c817b5658e9c16e32fc25bdb6bd3f104c68a37c49ec,1,,,0,0.0,0.0,0,,,0.0,0.0,0,,,0.0,0.0,0,,,0.0,0.0,0,,,0.0,0.0,0,,,0.0,0.0,0,,,0.0,0.0,0,,,0.0,0.0,0,,,0.0,0.0,0,,,0.0,0.0,0,,,0.0,0.0,0,,,0.0,0.0,0,,,0.0,0.0,0,,,0.0,0.0,0,,,0.0,0.0,0,,,0.0,0.0,0,,,0.0,0.0,0,,,0,0,0,,,0,0,0,,,0,0,0,,,0,0,0,,,0,0,0,,,0,0,0,,,0,0,0,,,0.0,0.0,0.0,0.0,0.0,0.0,0.0,0.0,0.0,0.0,0.0,0.0,0.0,0.0,0.0,0.0,0.0,0,0,0,0,0,0,0,,,,,,,,,,,
cpu,none,,0,resident,overlap_clustered_cross_rank_25,100000,cross_rank_25,clustered,2048,3,114.86777098616585,0,False,0,0,0,0.454592889,400000,400000,100000,1.0,0.25,1.0,4,25000,100000,4.0,4,,4921035776,143366287360,8e39e3c9f8232d5ab505c076825beede285e70d8d4457f3e09b9122ed88f2a0d,1,,,0,0.0,0.0,0,,,0.0,0.0,0,,,0.0,0.0,0,,,0.0,0.0,0,,,0.0,0.0,0,,,0.0,0.0,0,,,0.0,0.0,0,,,0.0,0.0,0,,,0.0,0.0,0,,,0.0,0.0,0,,,0.0,0.0,0,,,0.0,0.0,0,,,0.0,0.0,0,,,0.0,0.0,0,,,0.0,0.0,0,,,0.0,0.0,0,,,0.0,0.0,0,,,0,0,0,,,0,0,0,,,0,0,0,,,0,0,0,,,0,0,0,,,0,0,0,,,0,0,0,,,0.0,0.0,0.0,0.0,0.0,0.0,0.0,0.0,0.0,0.0,0.0,0.0,0.0,0.0,0.0,0.0,0.0,0,0,0,0,0,0,0,,,,,,,,,,,
cpu,none,,0,resident,overlap_clustered_cross_rank_25,100000,cross_rank_25,clustered,2048,4,115.11314800009131,0,False,0,0,0,0.455329922,400000,400000,100000,1.0,0.25,1.0,4,25000,100000,4.0,4,,4921035776,143366299648,de6726a9748611993943992c84bc562a0e510bc946cae28495b41c954d4d3d2a,1,,,0,0.0,0.0,0,,,0.0,0.0,0,,,0.0,0.0,0,,,0.0,0.0,0,,,0.0,0.0,0,,,0.0,0.0,0,,,0.0,0.0,0,,,0.0,0.0,0,,,0.0,0.0,0,,,0.0,0.0,0,,,0.0,0.0,0,,,0.0,0.0,0,,,0.0,0.0,0,,,0.0,0.0,0,,,0.0,0.0,0,,,0.0,0.0,0,,,0.0,0.0,0,,,0,0,0,,,0,0,0,,,0,0,0,,,0,0,0,,,0,0,0,,,0,0,0,,,0,0,0,,,0.0,0.0,0.0,0.0,0.0,0.0,0.0,0.0,0.0,0.0,0.0,0.0,0.0,0.0,0.0,0.0,0.0,0,0,0,0,0,0,0,,,,,,,,,,,
cpu,none,,0,resident,overlap_clustered_within_rank_25,48000,within_rank_25,clustered,2048,0,32.86592202493921,0,False,0,0,0,0.129320919,192000,48000,48000,0.25,0.25,4.0,1,12000,48000,4.0,4,,2363313664,143366443008,e83ee9b5a85e526364d2755f72c8faad1aa31d30f405fceb5a881e90b768bf85,1,,,0,0.0,0.0,0,,,0.0,0.0,0,,,0.0,0.0,0,,,0.0,0.0,0,,,0.0,0.0,0,,,0.0,0.0,0,,,0.0,0.0,0,,,0.0,0.0,0,,,0.0,0.0,0,,,0.0,0.0,0,,,0.0,0.0,0,,,0.0,0.0,0,,,0.0,0.0,0,,,0.0,0.0,0,,,0.0,0.0,0,,,0.0,0.0,0,,,0.0,0.0,0,,,0,0,0,,,0,0,0,,,0,0,0,,,0,0,0,,,0,0,0,,,0,0,0,,,0,0,0,,,0.0,0.0,0.0,0.0,0.0,0.0,0.0,0.0,0.0,0.0,0.0,0.0,0.0,0.0,0.0,0.0,0.0,0,0,0,0,0,0,0,,,,,,,,,,,
cpu,none,,0,resident,overlap_clustered_within_rank_25,48000,within_rank_25,clustered,2048,1,32.84231299767271,0,False,0,0,0,0.128979223,192000,48000,48000,0.25,0.25,4.0,1,12000,48000,4.0,4,,2363313664,143366443008,05b079a8c7e98a45c3eff0dff9f2d7ce8c58cdaed44733be55da58cf4fdfe28f,1,,,0,0.0,0.0,0,,,0.0,0.0,0,,,0.0,0.0,0,,,0.0,0.0,0,,,0.0,0.0,0,,,0.0,0.0,0,,,0.0,0.0,0,,,0.0,0.0,0,,,0.0,0.0,0,,,0.0,0.0,0,,,0.0,0.0,0,,,0.0,0.0,0,,,0.0,0.0,0,,,0.0,0.0,0,,,0.0,0.0,0,,,0.0,0.0,0,,,0.0,0.0,0,,,0,0,0,,,0,0,0,,,0,0,0,,,0,0,0,,,0,0,0,,,0,0,0,,,0,0,0,,,0.0,0.0,0.0,0.0,0.0,0.0,0.0,0.0,0.0,0.0,0.0,0.0,0.0,0.0,0.0,0.0,0.0,0,0,0,0,0,0,0,,,,,,,,,,,
cpu,none,,0,resident,overlap_clustered_within_rank_25,48000,within_rank_25,clustered,2048,2,32.67451497958973,0,False,0,0,0,0.12845647300000002,192000,48000,48000,0.25,0.25,4.0,1,12000,48000,4.0,4,,2363313664,143366447104,dd68c3c2ef8589e68a9a2c3cad7beefd243700659030642edb517f4396f9ec7e,1,,,0,0.0,0.0,0,,,0.0,0.0,0,,,0.0,0.0,0,,,0.0,0.0,0,,,0.0,0.0,0,,,0.0,0.0,0,,,0.0,0.0,0,,,0.0,0.0,0,,,0.0,0.0,0,,,0.0,0.0,0,,,0.0,0.0,0,,,0.0,0.0,0,,,0.0,0.0,0,,,0.0,0.0,0,,,0.0,0.0,0,,,0.0,0.0,0,,,0.0,0.0,0,,,0,0,0,,,0,0,0,,,0,0,0,,,0,0,0,,,0,0,0,,,0,0,0,,,0,0,0,,,0.0,0.0,0.0,0.0,0.0,0.0,0.0,0.0,0.0,0.0,0.0,0.0,0.0,0.0,0.0,0.0,0.0,0,0,0,0,0,0,0,,,,,,,,,,,
cpu,none,,0,resident,overlap_clustered_within_rank_25,48000,within_rank_25,clustered,2048,3,32.85667201271281,1,False,0,0,0,0.129240893,192000,48000,48000,0.25,0.25,4.0,1,12000,48000,4.0,4,,2363313664,143366529024,ddc904ecde74f4ccfd98667f48660a43e778439e8155eca6becc6d7f5bdfe153,1,,,0,0.0,0.0,0,,,0.0,0.0,0,,,0.0,0.0,0,,,0.0,0.0,0,,,0.0,0.0,0,,,0.0,0.0,0,,,0.0,0.0,0,,,0.0,0.0,0,,,0.0,0.0,0,,,0.0,0.0,0,,,0.0,0.0,0,,,0.0,0.0,0,,,0.0,0.0,0,,,0.0,0.0,0,,,0.0,0.0,0,,,0.0,0.0,0,,,0.0,0.0,0,,,0,0,0,,,0,0,0,,,0,0,0,,,0,0,0,,,0,0,0,,,0,0,0,,,0,0,0,,,0.0,0.0,0.0,0.0,0.0,0.0,0.0,0.0,0.0,0.0,0.0,0.0,0.0,0.0,0.0,0.0,0.0,0,0,0,0,0,0,0,,,,,,,,,,,
cpu,none,,0,resident,overlap_clustered_within_rank_25,48000,within_rank_25,clustered,2048,4,32.84669300774112,2,False,0,0,0,0.128895949,192000,48000,48000,0.25,0.25,4.0,1,12000,48000,4.0,4,,2363313664,143366529024,a309dd8711c30ee159c2054520cb0b9754ff14d117251c9414e38b0746c65fae,1,,,0,0.0,0.0,0,,,0.0,0.0,0,,,0.0,0.0,0,,,0.0,0.0,0,,,0.0,0.0,0,,,0.0,0.0,0,,,0.0,0.0,0,,,0.0,0.0,0,,,0.0,0.0,0,,,0.0,0.0,0,,,0.0,0.0,0,,,0.0,0.0,0,,,0.0,0.0,0,,,0.0,0.0,0,,,0.0,0.0,0,,,0.0,0.0,0,,,0.0,0.0,0,,,0,0,0,,,0,0,0,,,0,0,0,,,0,0,0,,,0,0,0,,,0,0,0,,,0,0,0,,,0.0,0.0,0.0,0.0,0.0,0.0,0.0,0.0,0.0,0.0,0.0,0.0,0.0,0.0,0.0,0.0,0.0,0,0,0,0,0,0,0,,,,,,,,,,,
cpu,none,,0,resident,overlap_clustered_within_rank_25,100000,within_rank_25,clustered,2048,0,68.06144997244701,1,False,0,0,0,0.266965393,400000,100000,100000,0.25,0.25,4.0,1,25000,100000,4.0,4,,4921035776,143366762496,1ef431b664d23cfba7bfef6ecbd96dfe4a579d98a1dede3574d832df1ab6904d,1,,,0,0.0,0.0,0,,,0.0,0.0,0,,,0.0,0.0,0,,,0.0,0.0,0,,,0.0,0.0,0,,,0.0,0.0,0,,,0.0,0.0,0,,,0.0,0.0,0,,,0.0,0.0,0,,,0.0,0.0,0,,,0.0,0.0,0,,,0.0,0.0,0,,,0.0,0.0,0,,,0.0,0.0,0,,,0.0,0.0,0,,,0.0,0.0,0,,,0.0,0.0,0,,,0,0,0,,,0,0,0,,,0,0,0,,,0,0,0,,,0,0,0,,,0,0,0,,,0,0,0,,,0.0,0.0,0.0,0.0,0.0,0.0,0.0,0.0,0.0,0.0,0.0,0.0,0.0,0.0,0.0,0.0,0.0,0,0,0,0,0,0,0,,,,,,,,,,,
cpu,none,,0,resident,overlap_clustered_within_rank_25,100000,within_rank_25,clustered,2048,1,67.85488297464326,0,False,0,0,0,0.266376123,400000,100000,100000,0.25,0.25,4.0,1,25000,100000,4.0,4,,4921035776,143366762496,8b620a11217e3ec9028aff7bab338a87c8610543271627b8966301d4f2de2786,1,,,0,0.0,0.0,0,,,0.0,0.0,0,,,0.0,0.0,0,,,0.0,0.0,0,,,0.0,0.0,0,,,0.0,0.0,0,,,0.0,0.0,0,,,0.0,0.0,0,,,0.0,0.0,0,,,0.0,0.0,0,,,0.0,0.0,0,,,0.0,0.0,0,,,0.0,0.0,0,,,0.0,0.0,0,,,0.0,0.0,0,,,0.0,0.0,0,,,0.0,0.0,0,,,0,0,0,,,0,0,0,,,0,0,0,,,0,0,0,,,0,0,0,,,0,0,0,,,0,0,0,,,0.0,0.0,0.0,0.0,0.0,0.0,0.0,0.0,0.0,0.0,0.0,0.0,0.0,0.0,0.0,0.0,0.0,0,0,0,0,0,0,0,,,,,,,,,,,
cpu,none,,0,resident,overlap_clustered_within_rank_25,100000,within_rank_25,clustered,2048,2,68.00368096446618,1,False,0,0,0,0.266809223,400000,100000,100000,0.25,0.25,4.0,1,25000,100000,4.0,4,,4921035776,143366762496,5aed05750d6eb4725ef15c817b5658e9c16e32fc25bdb6bd3f104c68a37c49ec,1,,,0,0.0,0.0,0,,,0.0,0.0,0,,,0.0,0.0,0,,,0.0,0.0,0,,,0.0,0.0,0,,,0.0,0.0,0,,,0.0,0.0,0,,,0.0,0.0,0,,,0.0,0.0,0,,,0.0,0.0,0,,,0.0,0.0,0,,,0.0,0.0,0,,,0.0,0.0,0,,,0.0,0.0,0,,,0.0,0.0,0,,,0.0,0.0,0,,,0.0,0.0,0,,,0,0,0,,,0,0,0,,,0,0,0,,,0,0,0,,,0,0,0,,,0,0,0,,,0,0,0,,,0.0,0.0,0.0,0.0,0.0,0.0,0.0,0.0,0.0,0.0,0.0,0.0,0.0,0.0,0.0,0.0,0.0,0,0,0,0,0,0,0,,,,,,,,,,,
cpu,none,,0,resident,overlap_clustered_within_rank_25,100000,within_rank_25,clustered,2048,3,68.08931898558512,0,False,0,0,0,0.266874343,400000,100000,100000,0.25,0.25,4.0,1,25000,100000,4.0,4,,4921035776,143366766592,8e39e3c9f8232d5ab505c076825beede285e70d8d4457f3e09b9122ed88f2a0d,1,,,0,0.0,0.0,0,,,0.0,0.0,0,,,0.0,0.0,0,,,0.0,0.0,0,,,0.0,0.0,0,,,0.0,0.0,0,,,0.0,0.0,0,,,0.0,0.0,0,,,0.0,0.0,0,,,0.0,0.0,0,,,0.0,0.0,0,,,0.0,0.0,0,,,0.0,0.0,0,,,0.0,0.0,0,,,0.0,0.0,0,,,0.0,0.0,0,,,0.0,0.0,0,,,0,0,0,,,0,0,0,,,0,0,0,,,0,0,0,,,0,0,0,,,0,0,0,,,0,0,0,,,0.0,0.0,0.0,0.0,0.0,0.0,0.0,0.0,0.0,0.0,0.0,0.0,0.0,0.0,0.0,0.0,0.0,0,0,0,0,0,0,0,,,,,,,,,,,
cpu,none,,0,resident,overlap_clustered_within_rank_25,100000,within_rank_25,clustered,2048,4,67.8922119550407,2,False,0,0,0,0.26668832200000003,400000,100000,100000,0.25,0.25,4.0,1,25000,100000,4.0,4,,4921035776,143366778880,de6726a9748611993943992c84bc562a0e510bc946cae28495b41c954d4d3d2a,1,,,0,0.0,0.0,0,,,0.0,0.0,0,,,0.0,0.0,0,,,0.0,0.0,0,,,0.0,0.0,0,,,0.0,0.0,0,,,0.0,0.0,0,,,0.0,0.0,0,,,0.0,0.0,0,,,0.0,0.0,0,,,0.0,0.0,0,,,0.0,0.0,0,,,0.0,0.0,0,,,0.0,0.0,0,,,0.0,0.0,0,,,0.0,0.0,0,,,0.0,0.0,0,,,0,0,0,,,0,0,0,,,0,0,0,,,0,0,0,,,0,0,0,,,0,0,0,,,0,0,0,,,0.0,0.0,0.0,0.0,0.0,0.0,0.0,0.0,0.0,0.0,0.0,0.0,0.0,0.0,0.0,0.0,0.0,0,0,0,0,0,0,0,,,,,,,,,,,
cpu,none,,0,resident,overlap_clustered_combined_12_5,48000,combined_12_5,clustered,2048,0,40.454847970977426,0,False,0,0,0,0.159329251,192000,96000,24000,0.5,0.125,2.0,4,6000,24000,4.0,4,,2363313664,143367110656,2c04948adeec15cc0bae67a1fa8f8fa0a7399d9de17310ae4bf30615c4b6e2ed,1,,,0,0.0,0.0,0,,,0.0,0.0,0,,,0.0,0.0,0,,,0.0,0.0,0,,,0.0,0.0,0,,,0.0,0.0,0,,,0.0,0.0,0,,,0.0,0.0,0,,,0.0,0.0,0,,,0.0,0.0,0,,,0.0,0.0,0,,,0.0,0.0,0,,,0.0,0.0,0,,,0.0,0.0,0,,,0.0,0.0,0,,,0.0,0.0,0,,,0.0,0.0,0,,,0,0,0,,,0,0,0,,,0,0,0,,,0,0,0,,,0,0,0,,,0,0,0,,,0,0,0,,,0.0,0.0,0.0,0.0,0.0,0.0,0.0,0.0,0.0,0.0,0.0,0.0,0.0,0.0,0.0,0.0,0.0,0,0,0,0,0,0,0,,,,,,,,,,,
cpu,none,,0,resident,overlap_clustered_combined_12_5,48000,combined_12_5,clustered,2048,1,40.47486704075709,2,False,0,0,0,0.159598041,192000,96000,24000,0.5,0.125,2.0,4,6000,24000,4.0,4,,2363313664,143367110656,60e2e239082894e5f42aae94fa3247936c7f20632a6e48dc27b4a9d10003c5f7,1,,,0,0.0,0.0,0,,,0.0,0.0,0,,,0.0,0.0,0,,,0.0,0.0,0,,,0.0,0.0,0,,,0.0,0.0,0,,,0.0,0.0,0,,,0.0,0.0,0,,,0.0,0.0,0,,,0.0,0.0,0,,,0.0,0.0,0,,,0.0,0.0,0,,,0.0,0.0,0,,,0.0,0.0,0,,,0.0,0.0,0,,,0.0,0.0,0,,,0.0,0.0,0,,,0,0,0,,,0,0,0,,,0,0,0,,,0,0,0,,,0,0,0,,,0,0,0,,,0,0,0,,,0.0,0.0,0.0,0.0,0.0,0.0,0.0,0.0,0.0,0.0,0.0,0.0,0.0,0.0,0.0,0.0,0.0,0,0,0,0,0,0,0,,,,,,,,,,,
cpu,none,,0,resident,overlap_clustered_combined_12_5,48000,combined_12_5,clustered,2048,2,40.310150012373924,0,False,0,0,0,0.158876117,192000,96000,24000,0.5,0.125,2.0,4,6000,24000,4.0,4,,2363313664,143367110656,170b81a2afb9fb41db25666756b435d3d43c1fec143a8feeaf06c2709d7e04d0,1,,,0,0.0,0.0,0,,,0.0,0.0,0,,,0.0,0.0,0,,,0.0,0.0,0,,,0.0,0.0,0,,,0.0,0.0,0,,,0.0,0.0,0,,,0.0,0.0,0,,,0.0,0.0,0,,,0.0,0.0,0,,,0.0,0.0,0,,,0.0,0.0,0,,,0.0,0.0,0,,,0.0,0.0,0,,,0.0,0.0,0,,,0.0,0.0,0,,,0.0,0.0,0,,,0,0,0,,,0,0,0,,,0,0,0,,,0,0,0,,,0,0,0,,,0,0,0,,,0,0,0,,,0.0,0.0,0.0,0.0,0.0,0.0,0.0,0.0,0.0,0.0,0.0,0.0,0.0,0.0,0.0,0.0,0.0,0,0,0,0,0,0,0,,,,,,,,,,,
cpu,none,,0,resident,overlap_clustered_combined_12_5,48000,combined_12_5,clustered,2048,3,40.288140007760376,0,False,0,0,0,0.15919092099999999,192000,96000,24000,0.5,0.125,2.0,4,6000,24000,4.0,4,,2363313664,143367110656,b2564ed0ff53a930800ec200c9bff29293a3288d54fe7581062f47e0901345fa,1,,,0,0.0,0.0,0,,,0.0,0.0,0,,,0.0,0.0,0,,,0.0,0.0,0,,,0.0,0.0,0,,,0.0,0.0,0,,,0.0,0.0,0,,,0.0,0.0,0,,,0.0,0.0,0,,,0.0,0.0,0,,,0.0,0.0,0,,,0.0,0.0,0,,,0.0,0.0,0,,,0.0,0.0,0,,,0.0,0.0,0,,,0.0,0.0,0,,,0.0,0.0,0,,,0,0,0,,,0,0,0,,,0,0,0,,,0,0,0,,,0,0,0,,,0,0,0,,,0,0,0,,,0.0,0.0,0.0,0.0,0.0,0.0,0.0,0.0,0.0,0.0,0.0,0.0,0.0,0.0,0.0,0.0,0.0,0,0,0,0,0,0,0,,,,,,,,,,,
cpu,none,,0,resident,overlap_clustered_combined_12_5,48000,combined_12_5,clustered,2048,4,40.38827802287415,0,False,0,0,0,0.159830191,192000,96000,24000,0.5,0.125,2.0,4,6000,24000,4.0,4,,2363313664,143367114752,05bfa2df12ba6d553a452e6d8fa20f55ea894b9e5a122ff229dcf5bb126b0443,1,,,0,0.0,0.0,0,,,0.0,0.0,0,,,0.0,0.0,0,,,0.0,0.0,0,,,0.0,0.0,0,,,0.0,0.0,0,,,0.0,0.0,0,,,0.0,0.0,0,,,0.0,0.0,0,,,0.0,0.0,0,,,0.0,0.0,0,,,0.0,0.0,0,,,0.0,0.0,0,,,0.0,0.0,0,,,0.0,0.0,0,,,0.0,0.0,0,,,0.0,0.0,0,,,0,0,0,,,0,0,0,,,0,0,0,,,0,0,0,,,0,0,0,,,0,0,0,,,0,0,0,,,0.0,0.0,0.0,0.0,0.0,0.0,0.0,0.0,0.0,0.0,0.0,0.0,0.0,0.0,0.0,0.0,0.0,0,0,0,0,0,0,0,,,,,,,,,,,
cpu,none,,0,resident,overlap_clustered_combined_12_5,100000,combined_12_5,clustered,2048,0,83.90850096475333,2,False,0,0,0,0.330770654,400000,200000,50000,0.5,0.125,2.0,4,12500,50000,4.0,4,,4921822208,143367225344,e503c7cb99f9b706f31ea7bbdb7d912e6118cde2c8f074ad630d36d6e8e92385,1,,,0,0.0,0.0,0,,,0.0,0.0,0,,,0.0,0.0,0,,,0.0,0.0,0,,,0.0,0.0,0,,,0.0,0.0,0,,,0.0,0.0,0,,,0.0,0.0,0,,,0.0,0.0,0,,,0.0,0.0,0,,,0.0,0.0,0,,,0.0,0.0,0,,,0.0,0.0,0,,,0.0,0.0,0,,,0.0,0.0,0,,,0.0,0.0,0,,,0.0,0.0,0,,,0,0,0,,,0,0,0,,,0,0,0,,,0,0,0,,,0,0,0,,,0,0,0,,,0,0,0,,,0.0,0.0,0.0,0.0,0.0,0.0,0.0,0.0,0.0,0.0,0.0,0.0,0.0,0.0,0.0,0.0,0.0,0,0,0,0,0,0,0,,,,,,,,,,,
cpu,none,,0,resident,overlap_clustered_combined_12_5,100000,combined_12_5,clustered,2048,1,83.69517303071916,3,False,0,0,0,0.32968166200000004,400000,200000,50000,0.5,0.125,2.0,4,12500,50000,4.0,4,,4921822208,143367225344,2ba0910f71c67d14737709a679d3f61541396496df427c5e6d019d6b197b208e,1,,,0,0.0,0.0,0,,,0.0,0.0,0,,,0.0,0.0,0,,,0.0,0.0,0,,,0.0,0.0,0,,,0.0,0.0,0,,,0.0,0.0,0,,,0.0,0.0,0,,,0.0,0.0,0,,,0.0,0.0,0,,,0.0,0.0,0,,,0.0,0.0,0,,,0.0,0.0,0,,,0.0,0.0,0,,,0.0,0.0,0,,,0.0,0.0,0,,,0.0,0.0,0,,,0,0,0,,,0,0,0,,,0,0,0,,,0,0,0,,,0,0,0,,,0,0,0,,,0,0,0,,,0.0,0.0,0.0,0.0,0.0,0.0,0.0,0.0,0.0,0.0,0.0,0.0,0.0,0.0,0.0,0.0,0.0,0,0,0,0,0,0,0,,,,,,,,,,,
cpu,none,,0,resident,overlap_clustered_combined_12_5,100000,combined_12_5,clustered,2048,2,83.8419710053131,1,False,0,0,0,0.32996010200000003,400000,200000,50000,0.5,0.125,2.0,4,12500,50000,4.0,4,,4921822208,143367225344,d42fd5add5b02c164d390790687ecf2b4baf06b18ad7453cabebaeccb8e7febb,1,,,0,0.0,0.0,0,,,0.0,0.0,0,,,0.0,0.0,0,,,0.0,0.0,0,,,0.0,0.0,0,,,0.0,0.0,0,,,0.0,0.0,0,,,0.0,0.0,0,,,0.0,0.0,0,,,0.0,0.0,0,,,0.0,0.0,0,,,0.0,0.0,0,,,0.0,0.0,0,,,0.0,0.0,0,,,0.0,0.0,0,,,0.0,0.0,0,,,0.0,0.0,0,,,0,0,0,,,0,0,0,,,0,0,0,,,0,0,0,,,0,0,0,,,0,0,0,,,0,0,0,,,0.0,0.0,0.0,0.0,0.0,0.0,0.0,0.0,0.0,0.0,0.0,0.0,0.0,0.0,0.0,0.0,0.0,0,0,0,0,0,0,0,,,,,,,,,,,
cpu,none,,0,resident,overlap_clustered_combined_12_5,100000,combined_12_5,clustered,2048,3,83.67774297948927,3,False,0,0,0,0.329354192,400000,200000,50000,0.5,0.125,2.0,4,12500,50000,4.0,4,,4921822208,143367225344,1868ae3f0978c6f66a29ea1d1f123fe88c527eff6adda8ef08474961e17c2c9b,1,,,0,0.0,0.0,0,,,0.0,0.0,0,,,0.0,0.0,0,,,0.0,0.0,0,,,0.0,0.0,0,,,0.0,0.0,0,,,0.0,0.0,0,,,0.0,0.0,0,,,0.0,0.0,0,,,0.0,0.0,0,,,0.0,0.0,0,,,0.0,0.0,0,,,0.0,0.0,0,,,0.0,0.0,0,,,0.0,0.0,0,,,0.0,0.0,0,,,0.0,0.0,0,,,0,0,0,,,0,0,0,,,0,0,0,,,0,0,0,,,0,0,0,,,0,0,0,,,0,0,0,,,0.0,0.0,0.0,0.0,0.0,0.0,0.0,0.0,0.0,0.0,0.0,0.0,0.0,0.0,0.0,0.0,0.0,0,0,0,0,0,0,0,,,,,,,,,,,
cpu,none,,0,resident,overlap_clustered_combined_12_5,100000,combined_12_5,clustered,2048,4,83.70328397722915,3,False,0,0,0,0.329536982,400000,200000,50000,0.5,0.125,2.0,4,12500,50000,4.0,4,,4921822208,143367225344,dd821f2e5a2af1dc96ecaa69e54d44cceaefedbb956b67436cc06dc3a30f8f89,1,,,0,0.0,0.0,0,,,0.0,0.0,0,,,0.0,0.0,0,,,0.0,0.0,0,,,0.0,0.0,0,,,0.0,0.0,0,,,0.0,0.0,0,,,0.0,0.0,0,,,0.0,0.0,0,,,0.0,0.0,0,,,0.0,0.0,0,,,0.0,0.0,0,,,0.0,0.0,0,,,0.0,0.0,0,,,0.0,0.0,0,,,0.0,0.0,0,,,0.0,0.0,0,,,0,0,0,,,0,0,0,,,0,0,0,,,0,0,0,,,0,0,0,,,0,0,0,,,0,0,0,,,0.0,0.0,0.0,0.0,0.0,0.0,0.0,0.0,0.0,0.0,0.0,0.0,0.0,0.0,0.0,0.0,0.0,0,0,0,0,0,0,0,,,,,,,,,,,
cpu,none,,0,resident,overlap_clustered_combined_6_25,48000,combined_6_25,clustered,2048,0,32.76958398055285,1,False,0,0,0,0.128735163,192000,48000,12000,0.25,0.0625,4.0,4,3000,12000,4.0,4,,2362265088,143367409664,b0ba11a9dc3d89e6668f192d0ffaaf1c4b3137a34f194d9968fe90f3812bbdac,1,,,0,0.0,0.0,0,,,0.0,0.0,0,,,0.0,0.0,0,,,0.0,0.0,0,,,0.0,0.0,0,,,0.0,0.0,0,,,0.0,0.0,0,,,0.0,0.0,0,,,0.0,0.0,0,,,0.0,0.0,0,,,0.0,0.0,0,,,0.0,0.0,0,,,0.0,0.0,0,,,0.0,0.0,0,,,0.0,0.0,0,,,0.0,0.0,0,,,0.0,0.0,0,,,0,0,0,,,0,0,0,,,0,0,0,,,0,0,0,,,0,0,0,,,0,0,0,,,0,0,0,,,0.0,0.0,0.0,0.0,0.0,0.0,0.0,0.0,0.0,0.0,0.0,0.0,0.0,0.0,0.0,0.0,0.0,0,0,0,0,0,0,0,,,,,,,,,,,
cpu,none,,0,resident,overlap_clustered_combined_6_25,48000,combined_6_25,clustered,2048,1,33.037990040611476,1,False,0,0,0,0.129600869,192000,48000,12000,0.25,0.0625,4.0,4,3000,12000,4.0,4,,2362265088,143367409664,febecd069f91c1ef95a9cf71955c1296230db1e3ea4f9532cf14eee97a14994f,1,,,0,0.0,0.0,0,,,0.0,0.0,0,,,0.0,0.0,0,,,0.0,0.0,0,,,0.0,0.0,0,,,0.0,0.0,0,,,0.0,0.0,0,,,0.0,0.0,0,,,0.0,0.0,0,,,0.0,0.0,0,,,0.0,0.0,0,,,0.0,0.0,0,,,0.0,0.0,0,,,0.0,0.0,0,,,0.0,0.0,0,,,0.0,0.0,0,,,0.0,0.0,0,,,0,0,0,,,0,0,0,,,0,0,0,,,0,0,0,,,0,0,0,,,0,0,0,,,0,0,0,,,0.0,0.0,0.0,0.0,0.0,0.0,0.0,0.0,0.0,0.0,0.0,0.0,0.0,0.0,0.0,0.0,0.0,0,0,0,0,0,0,0,,,,,,,,,,,
cpu,none,,0,resident,overlap_clustered_combined_6_25,48000,combined_6_25,clustered,2048,2,32.962150988169014,3,False,0,0,0,0.129277449,192000,48000,12000,0.25,0.0625,4.0,4,3000,12000,4.0,4,,2362265088,143367409664,51fec51bb6c3bee42deca9487e8ffc675164e83a7d2b8558c5b63ef62971676b,1,,,0,0.0,0.0,0,,,0.0,0.0,0,,,0.0,0.0,0,,,0.0,0.0,0,,,0.0,0.0,0,,,0.0,0.0,0,,,0.0,0.0,0,,,0.0,0.0,0,,,0.0,0.0,0,,,0.0,0.0,0,,,0.0,0.0,0,,,0.0,0.0,0,,,0.0,0.0,0,,,0.0,0.0,0,,,0.0,0.0,0,,,0.0,0.0,0,,,0.0,0.0,0,,,0,0,0,,,0,0,0,,,0,0,0,,,0,0,0,,,0,0,0,,,0,0,0,,,0,0,0,,,0.0,0.0,0.0,0.0,0.0,0.0,0.0,0.0,0.0,0.0,0.0,0.0,0.0,0.0,0.0,0.0,0.0,0,0,0,0,0,0,0,,,,,,,,,,,
cpu,none,,0,resident,overlap_clustered_combined_6_25,48000,combined_6_25,clustered,2048,3,32.96651103300974,1,False,0,0,0,0.129557749,192000,48000,12000,0.25,0.0625,4.0,4,3000,12000,4.0,4,,2362265088,143367409664,e0638e2a91138e970af73d3756db4943bbbc0045cba9d2e3824f3e328d708efb,1,,,0,0.0,0.0,0,,,0.0,0.0,0,,,0.0,0.0,0,,,0.0,0.0,0,,,0.0,0.0,0,,,0.0,0.0,0,,,0.0,0.0,0,,,0.0,0.0,0,,,0.0,0.0,0,,,0.0,0.0,0,,,0.0,0.0,0,,,0.0,0.0,0,,,0.0,0.0,0,,,0.0,0.0,0,,,0.0,0.0,0,,,0.0,0.0,0,,,0.0,0.0,0,,,0,0,0,,,0,0,0,,,0,0,0,,,0,0,0,,,0,0,0,,,0,0,0,,,0,0,0,,,0.0,0.0,0.0,0.0,0.0,0.0,0.0,0.0,0.0,0.0,0.0,0.0,0.0,0.0,0.0,0.0,0.0,0,0,0,0,0,0,0,,,,,,,,,,,
cpu,none,,0,resident,overlap_clustered_combined_6_25,48000,combined_6_25,clustered,2048,4,33.148917951621115,2,False,0,0,0,0.130234839,192000,48000,12000,0.25,0.0625,4.0,4,3000,12000,4.0,4,,2362265088,143367409664,18aee6a14d32a8c1b0c51523a001f42464679e5c39ce99cdb35ad5ad1fa94def,1,,,0,0.0,0.0,0,,,0.0,0.0,0,,,0.0,0.0,0,,,0.0,0.0,0,,,0.0,0.0,0,,,0.0,0.0,0,,,0.0,0.0,0,,,0.0,0.0,0,,,0.0,0.0,0,,,0.0,0.0,0,,,0.0,0.0,0,,,0.0,0.0,0,,,0.0,0.0,0,,,0.0,0.0,0,,,0.0,0.0,0,,,0.0,0.0,0,,,0.0,0.0,0,,,0,0,0,,,0,0,0,,,0,0,0,,,0,0,0,,,0,0,0,,,0,0,0,,,0,0,0,,,0.0,0.0,0.0,0.0,0.0,0.0,0.0,0.0,0.0,0.0,0.0,0.0,0.0,0.0,0.0,0.0,0.0,0,0,0,0,0,0,0,,,,,,,,,,,
cpu,none,,0,resident,overlap_clustered_combined_6_25,100000,combined_6_25,clustered,2048,0,67.95779196545482,3,False,0,0,0,0.26660883199999996,400000,100000,25000,0.25,0.0625,4.0,4,6250,25000,4.0,4,,4921822208,143367516160,84bb9c2acbf4e30809952e8de290bd1b9a7a25ced4c4fa43aca8df64b86fa1c3,1,,,0,0.0,0.0,0,,,0.0,0.0,0,,,0.0,0.0,0,,,0.0,0.0,0,,,0.0,0.0,0,,,0.0,0.0,0,,,0.0,0.0,0,,,0.0,0.0,0,,,0.0,0.0,0,,,0.0,0.0,0,,,0.0,0.0,0,,,0.0,0.0,0,,,0.0,0.0,0,,,0.0,0.0,0,,,0.0,0.0,0,,,0.0,0.0,0,,,0.0,0.0,0,,,0,0,0,,,0,0,0,,,0,0,0,,,0,0,0,,,0,0,0,,,0,0,0,,,0,0,0,,,0.0,0.0,0.0,0.0,0.0,0.0,0.0,0.0,0.0,0.0,0.0,0.0,0.0,0.0,0.0,0.0,0.0,0,0,0,0,0,0,0,,,,,,,,,,,
cpu,none,,0,resident,overlap_clustered_combined_6_25,100000,combined_6_25,clustered,2048,1,68.01319099031389,3,False,0,0,0,0.266927366,400000,100000,25000,0.25,0.0625,4.0,4,6250,25000,4.0,4,,4921822208,143367516160,099ae8b87add43962c93e78691747ffba91e00bc05c5e53b921aa00755634219,1,,,0,0.0,0.0,0,,,0.0,0.0,0,,,0.0,0.0,0,,,0.0,0.0,0,,,0.0,0.0,0,,,0.0,0.0,0,,,0.0,0.0,0,,,0.0,0.0,0,,,0.0,0.0,0,,,0.0,0.0,0,,,0.0,0.0,0,,,0.0,0.0,0,,,0.0,0.0,0,,,0.0,0.0,0,,,0.0,0.0,0,,,0.0,0.0,0,,,0.0,0.0,0,,,0,0,0,,,0,0,0,,,0,0,0,,,0,0,0,,,0,0,0,,,0,0,0,,,0,0,0,,,0.0,0.0,0.0,0.0,0.0,0.0,0.0,0.0,0.0,0.0,0.0,0.0,0.0,0.0,0.0,0.0,0.0,0,0,0,0,0,0,0,,,,,,,,,,,
cpu,none,,0,resident,overlap_clustered_combined_6_25,100000,combined_6_25,clustered,2048,2,68.09969898313284,2,False,0,0,0,0.267291576,400000,100000,25000,0.25,0.0625,4.0,4,6250,25000,4.0,4,,4921822208,143367516160,e42ddac3a7a22b798994f0c89e738e5cc9c8871d8f39cffbaf0755d36ced77d7,1,,,0,0.0,0.0,0,,,0.0,0.0,0,,,0.0,0.0,0,,,0.0,0.0,0,,,0.0,0.0,0,,,0.0,0.0,0,,,0.0,0.0,0,,,0.0,0.0,0,,,0.0,0.0,0,,,0.0,0.0,0,,,0.0,0.0,0,,,0.0,0.0,0,,,0.0,0.0,0,,,0.0,0.0,0,,,0.0,0.0,0,,,0.0,0.0,0,,,0.0,0.0,0,,,0,0,0,,,0,0,0,,,0,0,0,,,0,0,0,,,0,0,0,,,0,0,0,,,0,0,0,,,0.0,0.0,0.0,0.0,0.0,0.0,0.0,0.0,0.0,0.0,0.0,0.0,0.0,0.0,0.0,0.0,0.0,0,0,0,0,0,0,0,,,,,,,,,,,
cpu,none,,0,resident,overlap_clustered_combined_6_25,100000,combined_6_25,clustered,2048,3,68.0813190410845,1,False,0,0,0,0.266691203,400000,100000,25000,0.25,0.0625,4.0,4,6250,25000,4.0,4,,4921822208,143367516160,7168199ecc7aa17e3f8896999ab5635300cd44be21ad77a24b3b3a2e3a687d8a,1,,,0,0.0,0.0,0,,,0.0,0.0,0,,,0.0,0.0,0,,,0.0,0.0,0,,,0.0,0.0,0,,,0.0,0.0,0,,,0.0,0.0,0,,,0.0,0.0,0,,,0.0,0.0,0,,,0.0,0.0,0,,,0.0,0.0,0,,,0.0,0.0,0,,,0.0,0.0,0,,,0.0,0.0,0,,,0.0,0.0,0,,,0.0,0.0,0,,,0.0,0.0,0,,,0,0,0,,,0,0,0,,,0,0,0,,,0,0,0,,,0,0,0,,,0,0,0,,,0,0,0,,,0.0,0.0,0.0,0.0,0.0,0.0,0.0,0.0,0.0,0.0,0.0,0.0,0.0,0.0,0.0,0.0,0.0,0,0,0,0,0,0,0,,,,,,,,,,,
cpu,none,,0,resident,overlap_clustered_combined_6_25,100000,combined_6_25,clustered,2048,4,68.10526899062097,1,False,0,0,0,0.267275193,400000,100000,25000,0.25,0.0625,4.0,4,6250,25000,4.0,4,,4921822208,143367516160,8aa2fb5e2d3dfdc0c2e2522404dc8e477e7bd2fbe1beff3a860df4674931c6a2,1,,,0,0.0,0.0,0,,,0.0,0.0,0,,,0.0,0.0,0,,,0.0,0.0,0,,,0.0,0.0,0,,,0.0,0.0,0,,,0.0,0.0,0,,,0.0,0.0,0,,,0.0,0.0,0,,,0.0,0.0,0,,,0.0,0.0,0,,,0.0,0.0,0,,,0.0,0.0,0,,,0.0,0.0,0,,,0.0,0.0,0,,,0.0,0.0,0,,,0.0,0.0,0,,,0,0,0,,,0,0,0,,,0,0,0,,,0,0,0,,,0,0,0,,,0,0,0,,,0,0,0,,,0.0,0.0,0.0,0.0,0.0,0.0,0.0,0.0,0.0,0.0,0.0,0.0,0.0,0.0,0.0,0.0,0.0,0,0,0,0,0,0,0,,,,,,,,,,,
cpu,none,,0,resident,overlap_clustered_combined_3_125,48000,combined_3_125,clustered,2048,0,29.047239979263395,1,False,0,0,0,0.113916325,192000,24000,6000,0.125,0.03125,8.0,4,1500,6000,4.0,4,,2362265088,143367700480,83f8f0199efe304615658fabb8d8e06dac750c292d9e9bc209cfd1f7fa651fb9,1,,,0,0.0,0.0,0,,,0.0,0.0,0,,,0.0,0.0,0,,,0.0,0.0,0,,,0.0,0.0,0,,,0.0,0.0,0,,,0.0,0.0,0,,,0.0,0.0,0,,,0.0,0.0,0,,,0.0,0.0,0,,,0.0,0.0,0,,,0.0,0.0,0,,,0.0,0.0,0,,,0.0,0.0,0,,,0.0,0.0,0,,,0.0,0.0,0,,,0.0,0.0,0,,,0,0,0,,,0,0,0,,,0,0,0,,,0,0,0,,,0,0,0,,,0,0,0,,,0,0,0,,,0.0,0.0,0.0,0.0,0.0,0.0,0.0,0.0,0.0,0.0,0.0,0.0,0.0,0.0,0.0,0.0,0.0,0,0,0,0,0,0,0,,,,,,,,,,,
cpu,none,,0,resident,overlap_clustered_combined_3_125,48000,combined_3_125,clustered,2048,1,29.207957966718823,1,False,0,0,0,0.114267716,192000,24000,6000,0.125,0.03125,8.0,4,1500,6000,4.0,4,,2362265088,143367700480,c5361ebf3ccae6fe7a458e06272274c5a4eecccd2879189bbcd2c797906ff53a,1,,,0,0.0,0.0,0,,,0.0,0.0,0,,,0.0,0.0,0,,,0.0,0.0,0,,,0.0,0.0,0,,,0.0,0.0,0,,,0.0,0.0,0,,,0.0,0.0,0,,,0.0,0.0,0,,,0.0,0.0,0,,,0.0,0.0,0,,,0.0,0.0,0,,,0.0,0.0,0,,,0.0,0.0,0,,,0.0,0.0,0,,,0.0,0.0,0,,,0.0,0.0,0,,,0,0,0,,,0,0,0,,,0,0,0,,,0,0,0,,,0,0,0,,,0,0,0,,,0,0,0,,,0.0,0.0,0.0,0.0,0.0,0.0,0.0,0.0,0.0,0.0,0.0,0.0,0.0,0.0,0.0,0.0,0.0,0,0,0,0,0,0,0,,,,,,,,,,,
cpu,none,,0,resident,overlap_clustered_combined_3_125,48000,combined_3_125,clustered,2048,2,29.17109802365303,3,False,0,0,0,0.11433206500000001,192000,24000,6000,0.125,0.03125,8.0,4,1500,6000,4.0,4,,2362265088,143367700480,d2f8f401af52b36e2cfa89cd02f39a75380fca0027a0134c1d0d8e2a879c0c8f,1,,,0,0.0,0.0,0,,,0.0,0.0,0,,,0.0,0.0,0,,,0.0,0.0,0,,,0.0,0.0,0,,,0.0,0.0,0,,,0.0,0.0,0,,,0.0,0.0,0,,,0.0,0.0,0,,,0.0,0.0,0,,,0.0,0.0,0,,,0.0,0.0,0,,,0.0,0.0,0,,,0.0,0.0,0,,,0.0,0.0,0,,,0.0,0.0,0,,,0.0,0.0,0,,,0,0,0,,,0,0,0,,,0,0,0,,,0,0,0,,,0,0,0,,,0,0,0,,,0,0,0,,,0.0,0.0,0.0,0.0,0.0,0.0,0.0,0.0,0.0,0.0,0.0,0.0,0.0,0.0,0.0,0.0,0.0,0,0,0,0,0,0,0,,,,,,,,,,,
cpu,none,,0,resident,overlap_clustered_combined_3_125,48000,combined_3_125,clustered,2048,3,29.16789799928665,1,False,0,0,0,0.114248765,192000,24000,6000,0.125,0.03125,8.0,4,1500,6000,4.0,4,,2362265088,143367700480,825c8827ed25623c86f98a4c518f6ac4074e26b8b9a875e9d3787fd96510a334,1,,,0,0.0,0.0,0,,,0.0,0.0,0,,,0.0,0.0,0,,,0.0,0.0,0,,,0.0,0.0,0,,,0.0,0.0,0,,,0.0,0.0,0,,,0.0,0.0,0,,,0.0,0.0,0,,,0.0,0.0,0,,,0.0,0.0,0,,,0.0,0.0,0,,,0.0,0.0,0,,,0.0,0.0,0,,,0.0,0.0,0,,,0.0,0.0,0,,,0.0,0.0,0,,,0,0,0,,,0,0,0,,,0,0,0,,,0,0,0,,,0,0,0,,,0,0,0,,,0,0,0,,,0.0,0.0,0.0,0.0,0.0,0.0,0.0,0.0,0.0,0.0,0.0,0.0,0.0,0.0,0.0,0.0,0.0,0,0,0,0,0,0,0,,,,,,,,,,,
cpu,none,,0,resident,overlap_clustered_combined_3_125,48000,combined_3_125,clustered,2048,4,29.048149997834116,1,False,0,0,0,0.113691825,192000,24000,6000,0.125,0.03125,8.0,4,1500,6000,4.0,4,,2362265088,143367700480,156d07439fd9bafff06755b7043afee95556c93cfa0d1246f7fac717745ff501,1,,,0,0.0,0.0,0,,,0.0,0.0,0,,,0.0,0.0,0,,,0.0,0.0,0,,,0.0,0.0,0,,,0.0,0.0,0,,,0.0,0.0,0,,,0.0,0.0,0,,,0.0,0.0,0,,,0.0,0.0,0,,,0.0,0.0,0,,,0.0,0.0,0,,,0.0,0.0,0,,,0.0,0.0,0,,,0.0,0.0,0,,,0.0,0.0,0,,,0.0,0.0,0,,,0,0,0,,,0,0,0,,,0,0,0,,,0,0,0,,,0,0,0,,,0,0,0,,,0,0,0,,,0.0,0.0,0.0,0.0,0.0,0.0,0.0,0.0,0.0,0.0,0.0,0.0,0.0,0.0,0.0,0.0,0.0,0,0,0,0,0,0,0,,,,,,,,,,,
cpu,none,,0,resident,overlap_clustered_combined_3_125,100000,combined_3_125,clustered,2048,0,60.091570019721985,1,False,0,0,0,0.23498713400000001,400000,50000,12500,0.125,0.03125,8.0,4,3125,12500,4.0,4,,4921822208,143367892992,23539a2deec1b65b53470296a63def95404ee5e76bee94d9da27f6f7faaa4fa9,1,,,0,0.0,0.0,0,,,0.0,0.0,0,,,0.0,0.0,0,,,0.0,0.0,0,,,0.0,0.0,0,,,0.0,0.0,0,,,0.0,0.0,0,,,0.0,0.0,0,,,0.0,0.0,0,,,0.0,0.0,0,,,0.0,0.0,0,,,0.0,0.0,0,,,0.0,0.0,0,,,0.0,0.0,0,,,0.0,0.0,0,,,0.0,0.0,0,,,0.0,0.0,0,,,0,0,0,,,0,0,0,,,0,0,0,,,0,0,0,,,0,0,0,,,0,0,0,,,0,0,0,,,0.0,0.0,0.0,0.0,0.0,0.0,0.0,0.0,0.0,0.0,0.0,0.0,0.0,0.0,0.0,0.0,0.0,0,0,0,0,0,0,0,,,,,,,,,,,
cpu,none,,0,resident,overlap_clustered_combined_3_125,100000,combined_3_125,clustered,2048,1,60.075421002693474,1,False,0,0,0,0.234884662,400000,50000,12500,0.125,0.03125,8.0,4,3125,12500,4.0,4,,4921822208,143367892992,dd735e702aab6a5ef4e078e005d31bae113c86702f38c9b08a1107977ef0c950,1,,,0,0.0,0.0,0,,,0.0,0.0,0,,,0.0,0.0,0,,,0.0,0.0,0,,,0.0,0.0,0,,,0.0,0.0,0,,,0.0,0.0,0,,,0.0,0.0,0,,,0.0,0.0,0,,,0.0,0.0,0,,,0.0,0.0,0,,,0.0,0.0,0,,,0.0,0.0,0,,,0.0,0.0,0,,,0.0,0.0,0,,,0.0,0.0,0,,,0.0,0.0,0,,,0,0,0,,,0,0,0,,,0,0,0,,,0,0,0,,,0,0,0,,,0,0,0,,,0,0,0,,,0.0,0.0,0.0,0.0,0.0,0.0,0.0,0.0,0.0,0.0,0.0,0.0,0.0,0.0,0.0,0.0,0.0,0,0,0,0,0,0,0,,,,,,,,,,,
cpu,none,,0,resident,overlap_clustered_combined_3_125,100000,combined_3_125,clustered,2048,2,60.01286202808842,1,False,0,0,0,0.235116372,400000,50000,12500,0.125,0.03125,8.0,4,3125,12500,4.0,4,,4921822208,143367892992,1f3440f1ece5472a09fa600f0d3b94e74502e6d5c62dacc3b9b56e7b9c63eade,1,,,0,0.0,0.0,0,,,0.0,0.0,0,,,0.0,0.0,0,,,0.0,0.0,0,,,0.0,0.0,0,,,0.0,0.0,0,,,0.0,0.0,0,,,0.0,0.0,0,,,0.0,0.0,0,,,0.0,0.0,0,,,0.0,0.0,0,,,0.0,0.0,0,,,0.0,0.0,0,,,0.0,0.0,0,,,0.0,0.0,0,,,0.0,0.0,0,,,0.0,0.0,0,,,0,0,0,,,0,0,0,,,0,0,0,,,0,0,0,,,0,0,0,,,0,0,0,,,0,0,0,,,0.0,0.0,0.0,0.0,0.0,0.0,0.0,0.0,0.0,0.0,0.0,0.0,0.0,0.0,0.0,0.0,0.0,0,0,0,0,0,0,0,,,,,,,,,,,
cpu,none,,0,resident,overlap_clustered_combined_3_125,100000,combined_3_125,clustered,2048,3,60.34006702248007,1,False,0,0,0,0.235372524,400000,50000,12500,0.125,0.03125,8.0,4,3125,12500,4.0,4,,4921822208,143367892992,b85c5508b2843b381d9e27bae605a062858046c0dc876dbb271c5505b644d538,1,,,0,0.0,0.0,0,,,0.0,0.0,0,,,0.0,0.0,0,,,0.0,0.0,0,,,0.0,0.0,0,,,0.0,0.0,0,,,0.0,0.0,0,,,0.0,0.0,0,,,0.0,0.0,0,,,0.0,0.0,0,,,0.0,0.0,0,,,0.0,0.0,0,,,0.0,0.0,0,,,0.0,0.0,0,,,0.0,0.0,0,,,0.0,0.0,0,,,0.0,0.0,0,,,0,0,0,,,0,0,0,,,0,0,0,,,0,0,0,,,0,0,0,,,0,0,0,,,0,0,0,,,0.0,0.0,0.0,0.0,0.0,0.0,0.0,0.0,0.0,0.0,0.0,0.0,0.0,0.0,0.0,0.0,0.0,0,0,0,0,0,0,0,,,,,,,,,,,
cpu,none,,0,resident,overlap_clustered_combined_3_125,100000,combined_3_125,clustered,2048,4,60.15333899995312,1,False,0,0,0,0.235087304,400000,50000,12500,0.125,0.03125,8.0,4,3125,12500,4.0,4,,4921822208,143367892992,d096782fef9ffccf811ca1387bca6e2ec7ceddfe8a93f2d44027c449f3b9c1a2,1,,,0,0.0,0.0,0,,,0.0,0.0,0,,,0.0,0.0,0,,,0.0,0.0,0,,,0.0,0.0,0,,,0.0,0.0,0,,,0.0,0.0,0,,,0.0,0.0,0,,,0.0,0.0,0,,,0.0,0.0,0,,,0.0,0.0,0,,,0.0,0.0,0,,,0.0,0.0,0,,,0.0,0.0,0,,,0.0,0.0,0,,,0.0,0.0,0,,,0.0,0.0,0,,,0,0,0,,,0,0,0,,,0,0,0,,,0,0,0,,,0,0,0,,,0,0,0,,,0,0,0,,,0.0,0.0,0.0,0.0,0.0,0.0,0.0,0.0,0.0,0.0,0.0,0.0,0.0,0.0,0.0,0.0,0.0,0,0,0,0,0,0,0,,,,,,,,,,,
cpu,none,,0,resident,overlap_clustered_stress_1,48000,stress_1,clustered,2048,0,29.435794975142926,1,False,0,0,0,0.115192055,192000,7680,1920,0.04,0.01,25.0,4,480,1920,4.0,4,,2362265088,143368142848,90e2d2ca041b88b2975626c715d8c3e87719d12dd96480c7502b510b0c7f7404,1,,,0,0.0,0.0,0,,,0.0,0.0,0,,,0.0,0.0,0,,,0.0,0.0,0,,,0.0,0.0,0,,,0.0,0.0,0,,,0.0,0.0,0,,,0.0,0.0,0,,,0.0,0.0,0,,,0.0,0.0,0,,,0.0,0.0,0,,,0.0,0.0,0,,,0.0,0.0,0,,,0.0,0.0,0,,,0.0,0.0,0,,,0.0,0.0,0,,,0.0,0.0,0,,,0,0,0,,,0,0,0,,,0,0,0,,,0,0,0,,,0,0,0,,,0,0,0,,,0,0,0,,,0.0,0.0,0.0,0.0,0.0,0.0,0.0,0.0,0.0,0.0,0.0,0.0,0.0,0.0,0.0,0.0,0.0,0,0,0,0,0,0,0,,,,,,,,,,,
cpu,none,,0,resident,overlap_clustered_stress_1,48000,stress_1,clustered,2048,1,29.510113992728293,1,False,0,0,0,0.115505179,192000,7680,1920,0.04,0.01,25.0,4,480,1920,4.0,4,,2362265088,143368142848,df20b74ad087b323ab553f64c4a7a52ef654d9f7b0a13a39cb9974b295d5277a,1,,,0,0.0,0.0,0,,,0.0,0.0,0,,,0.0,0.0,0,,,0.0,0.0,0,,,0.0,0.0,0,,,0.0,0.0,0,,,0.0,0.0,0,,,0.0,0.0,0,,,0.0,0.0,0,,,0.0,0.0,0,,,0.0,0.0,0,,,0.0,0.0,0,,,0.0,0.0,0,,,0.0,0.0,0,,,0.0,0.0,0,,,0.0,0.0,0,,,0.0,0.0,0,,,0,0,0,,,0,0,0,,,0,0,0,,,0,0,0,,,0,0,0,,,0,0,0,,,0,0,0,,,0.0,0.0,0.0,0.0,0.0,0.0,0.0,0.0,0.0,0.0,0.0,0.0,0.0,0.0,0.0,0.0,0.0,0,0,0,0,0,0,0,,,,,,,,,,,
cpu,none,,0,resident,overlap_clustered_stress_1,48000,stress_1,clustered,2048,2,29.455695010256022,3,False,0,0,0,0.115298096,192000,7680,1920,0.04,0.01,25.0,4,480,1920,4.0,4,,2362265088,143368142848,a25ba20d31a5f1abe64d6161e588d623f1086629241462ab9dad31ee23063d9b,1,,,0,0.0,0.0,0,,,0.0,0.0,0,,,0.0,0.0,0,,,0.0,0.0,0,,,0.0,0.0,0,,,0.0,0.0,0,,,0.0,0.0,0,,,0.0,0.0,0,,,0.0,0.0,0,,,0.0,0.0,0,,,0.0,0.0,0,,,0.0,0.0,0,,,0.0,0.0,0,,,0.0,0.0,0,,,0.0,0.0,0,,,0.0,0.0,0,,,0.0,0.0,0,,,0,0,0,,,0,0,0,,,0,0,0,,,0,0,0,,,0,0,0,,,0,0,0,,,0,0,0,,,0.0,0.0,0.0,0.0,0.0,0.0,0.0,0.0,0.0,0.0,0.0,0.0,0.0,0.0,0.0,0.0,0.0,0,0,0,0,0,0,0,,,,,,,,,,,
cpu,none,,0,resident,overlap_clustered_stress_1,48000,stress_1,clustered,2048,3,29.259636998176575,1,False,0,0,0,0.114259965,192000,7680,1920,0.04,0.01,25.0,4,480,1920,4.0,4,,2362265088,143368142848,836a51e2c1e7f75892e921a92b487d1d13c973d7174838ce643cde9f65c36b00,1,,,0,0.0,0.0,0,,,0.0,0.0,0,,,0.0,0.0,0,,,0.0,0.0,0,,,0.0,0.0,0,,,0.0,0.0,0,,,0.0,0.0,0,,,0.0,0.0,0,,,0.0,0.0,0,,,0.0,0.0,0,,,0.0,0.0,0,,,0.0,0.0,0,,,0.0,0.0,0,,,0.0,0.0,0,,,0.0,0.0,0,,,0.0,0.0,0,,,0.0,0.0,0,,,0,0,0,,,0,0,0,,,0,0,0,,,0,0,0,,,0,0,0,,,0,0,0,,,0,0,0,,,0.0,0.0,0.0,0.0,0.0,0.0,0.0,0.0,0.0,0.0,0.0,0.0,0.0,0.0,0.0,0.0,0.0,0,0,0,0,0,0,0,,,,,,,,,,,
cpu,none,,0,resident,overlap_clustered_stress_1,48000,stress_1,clustered,2048,4,29.60456197615713,1,False,0,0,0,0.115839265,192000,7680,1920,0.04,0.01,25.0,4,480,1920,4.0,4,,2362265088,143368142848,bc842f9225a1bf728702fb0d031739ec9045409541505f128a700ec014890e45,1,,,0,0.0,0.0,0,,,0.0,0.0,0,,,0.0,0.0,0,,,0.0,0.0,0,,,0.0,0.0,0,,,0.0,0.0,0,,,0.0,0.0,0,,,0.0,0.0,0,,,0.0,0.0,0,,,0.0,0.0,0,,,0.0,0.0,0,,,0.0,0.0,0,,,0.0,0.0,0,,,0.0,0.0,0,,,0.0,0.0,0,,,0.0,0.0,0,,,0.0,0.0,0,,,0,0,0,,,0,0,0,,,0,0,0,,,0,0,0,,,0,0,0,,,0,0,0,,,0,0,0,,,0.0,0.0,0.0,0.0,0.0,0.0,0.0,0.0,0.0,0.0,0.0,0.0,0.0,0.0,0.0,0.0,0.0,0,0,0,0,0,0,0,,,,,,,,,,,
cpu,none,,0,resident,overlap_clustered_stress_1,100000,stress_1,clustered,2048,0,59.892783989198506,2,False,0,0,0,0.234462581,400000,16000,4000,0.04,0.01,25.0,4,1000,4000,4.0,4,,4921822208,143368372224,a2c4b3b8e2fdd4b2e2e10a92c5cb5282f0630ea1798ef3c2f9fbb20a2af67363,1,,,0,0.0,0.0,0,,,0.0,0.0,0,,,0.0,0.0,0,,,0.0,0.0,0,,,0.0,0.0,0,,,0.0,0.0,0,,,0.0,0.0,0,,,0.0,0.0,0,,,0.0,0.0,0,,,0.0,0.0,0,,,0.0,0.0,0,,,0.0,0.0,0,,,0.0,0.0,0,,,0.0,0.0,0,,,0.0,0.0,0,,,0.0,0.0,0,,,0.0,0.0,0,,,0,0,0,,,0,0,0,,,0,0,0,,,0,0,0,,,0,0,0,,,0,0,0,,,0,0,0,,,0.0,0.0,0.0,0.0,0.0,0.0,0.0,0.0,0.0,0.0,0.0,0.0,0.0,0.0,0.0,0.0,0.0,0,0,0,0,0,0,0,,,,,,,,,,,
cpu,none,,0,resident,overlap_clustered_stress_1,100000,stress_1,clustered,2048,1,60.01593201654032,3,False,0,0,0,0.234870914,400000,16000,4000,0.04,0.01,25.0,4,1000,4000,4.0,4,,4921822208,143368372224,db91bdaebcd0e69de86822aedf9b846e1387b455c9a7b47d61aec4a8c1d88519,1,,,0,0.0,0.0,0,,,0.0,0.0,0,,,0.0,0.0,0,,,0.0,0.0,0,,,0.0,0.0,0,,,0.0,0.0,0,,,0.0,0.0,0,,,0.0,0.0,0,,,0.0,0.0,0,,,0.0,0.0,0,,,0.0,0.0,0,,,0.0,0.0,0,,,0.0,0.0,0,,,0.0,0.0,0,,,0.0,0.0,0,,,0.0,0.0,0,,,0.0,0.0,0,,,0,0,0,,,0,0,0,,,0,0,0,,,0,0,0,,,0,0,0,,,0,0,0,,,0,0,0,,,0.0,0.0,0.0,0.0,0.0,0.0,0.0,0.0,0.0,0.0,0.0,0.0,0.0,0.0,0.0,0.0,0.0,0,0,0,0,0,0,0,,,,,,,,,,,
cpu,none,,0,resident,overlap_clustered_stress_1,100000,stress_1,clustered,2048,2,60.19916897639632,2,False,0,0,0,0.23570137400000002,400000,16000,4000,0.04,0.01,25.0,4,1000,4000,4.0,4,,4921822208,143368372224,433351ebbc526cfbffd56af38f1c1e44f3aa076854688f6acd3fff540d67bdb5,1,,,0,0.0,0.0,0,,,0.0,0.0,0,,,0.0,0.0,0,,,0.0,0.0,0,,,0.0,0.0,0,,,0.0,0.0,0,,,0.0,0.0,0,,,0.0,0.0,0,,,0.0,0.0,0,,,0.0,0.0,0,,,0.0,0.0,0,,,0.0,0.0,0,,,0.0,0.0,0,,,0.0,0.0,0,,,0.0,0.0,0,,,0.0,0.0,0,,,0.0,0.0,0,,,0,0,0,,,0,0,0,,,0,0,0,,,0,0,0,,,0,0,0,,,0,0,0,,,0,0,0,,,0.0,0.0,0.0,0.0,0.0,0.0,0.0,0.0,0.0,0.0,0.0,0.0,0.0,0.0,0.0,0.0,0.0,0,0,0,0,0,0,0,,,,,,,,,,,
cpu,none,,0,resident,overlap_clustered_stress_1,100000,stress_1,clustered,2048,3,60.34540699329227,1,False,0,0,0,0.23553786399999999,400000,16000,4000,0.04,0.01,25.0,4,1000,4000,4.0,4,,4921822208,143368372224,8ac78a257781d9fdb9dc9b8e82f774322fe2329139601e87ca7b4a1d00f208a4,1,,,0,0.0,0.0,0,,,0.0,0.0,0,,,0.0,0.0,0,,,0.0,0.0,0,,,0.0,0.0,0,,,0.0,0.0,0,,,0.0,0.0,0,,,0.0,0.0,0,,,0.0,0.0,0,,,0.0,0.0,0,,,0.0,0.0,0,,,0.0,0.0,0,,,0.0,0.0,0,,,0.0,0.0,0,,,0.0,0.0,0,,,0.0,0.0,0,,,0.0,0.0,0,,,0,0,0,,,0,0,0,,,0,0,0,,,0,0,0,,,0,0,0,,,0,0,0,,,0,0,0,,,0.0,0.0,0.0,0.0,0.0,0.0,0.0,0.0,0.0,0.0,0.0,0.0,0.0,0.0,0.0,0.0,0.0,0,0,0,0,0,0,0,,,,,,,,,,,
cpu,none,,0,resident,overlap_clustered_stress_1,100000,stress_1,clustered,2048,4,59.863744012545794,3,False,0,0,0,0.23425537400000002,400000,16000,4000,0.04,0.01,25.0,4,1000,4000,4.0,4,,4921822208,143368372224,fa56805010965a551d918947a5c97d69553e8b18cc05129fd376495ae544c8b0,1,,,0,0.0,0.0,0,,,0.0,0.0,0,,,0.0,0.0,0,,,0.0,0.0,0,,,0.0,0.0,0,,,0.0,0.0,0,,,0.0,0.0,0,,,0.0,0.0,0,,,0.0,0.0,0,,,0.0,0.0,0,,,0.0,0.0,0,,,0.0,0.0,0,,,0.0,0.0,0,,,0.0,0.0,0,,,0.0,0.0,0,,,0.0,0.0,0,,,0.0,0.0,0,,,0,0,0,,,0,0,0,,,0,0,0,,,0,0,0,,,0,0,0,,,0,0,0,,,0,0,0,,,0.0,0.0,0.0,0.0,0.0,0.0,0.0,0.0,0.0,0.0,0.0,0.0,0.0,0.0,0.0,0.0,0.0,0,0,0,0,0,0,0,,,,,,,,,,,
tiledb,node,256,0,cold,overlap_clustered_independent,48000,independent,clustered,2048,0,447.2663609776646,2,False,1575759872,1575759872,1575759872,3.149652936,192000,192000,192000,1.0,1.0,1.0,1,48000,192000,4.0,4,754,3942321664,8126582784,ce501085653caf63eff56ef649f37bb990b8224cf186a8fa4219bbf619674170,1,751,,1,0.417454,0.33225024999999997,2,0.260956,0.260956,0.094679,0.02366975,1,0.094679,0.094679,0.036139,0.00903475,1,0.036139,0.036139,0.01426,0.011814999999999999,1,0.01426,0.01426,0.033899,0.00847475,1,0.033899,0.033899,391.590825,97.89829625,1,391.590825,391.590825,0.152798,0.0381995,1,0.152798,0.152798,0.0,0.0,0,0.0,0.0,0.0,0.0,0,0.0,0.0,0.08889899999999999,0.022224749999999998,1,0.08889899999999999,0.08889899999999999,0.056909,0.01422725,1,0.056909,0.056909,390.689518,97.6723795,1,390.689518,390.689518,0.0,0.0,0,0.0,0.0,27.584392,6.896098,1,27.584392,27.584392,2.237186,0.5592965,1,2.237186,2.237186,446.140078,340.006797,2,24.45417,24.45417,0.585431,0.5697565,0,0.533201,0.533201,192000,48000,1,192000,192000,192000,48000,1,192000,192000,1,0.25,1,1,1,1,0.25,1,1,1,1536000,384000,1,1536000,1536000,1572864000,393216000,1,1572864000,1572864000,1572864000,393216000,1,1572864000,1572864000,0.417454,0.0,0.0,0.00938,0.0,0.00055,0.0,0.0,0.0,0.0,0.0,0.0,0.0,0.0,0.0,446.140078,0.581012,0,0,0,0,0,0,0,,,,,,,,,,,
tiledb,node,256,0,cold,overlap_clustered_independent,48000,independent,clustered,2048,1,445.43719000648707,0,False,1575600128,1575600128,1575600128,3.0964296669999998,192000,192000,192000,1.0,1.0,1.0,1,48000,192000,4.0,4,754,3942321664,8135270400,01bdbcff8034d649fc01c0c3ce677d9e7f792ca1f2003a68526ac206c3b83798,1,751,,1,0.369744,0.31035025,2,0.227086,0.227086,0.100949,0.02523725,1,0.100949,0.100949,0.037849,0.00946225,1,0.037849,0.037849,0.01196,0.00968225,1,0.01196,0.01196,0.036039,0.00900975,1,0.036039,0.036039,389.92959,97.483005,1,389.92959,389.92959,0.150628,0.037657,1,0.150628,0.150628,0.0,0.0,0,0.0,0.0,0.0,0.0,0,0.0,0.0,0.08037799999999999,0.020094499999999998,1,0.08037799999999999,0.08037799999999999,0.05163,0.0129075,1,0.05163,0.05163,389.048653,97.26216325,1,389.048653,389.048653,0.0,0.0,0,0.0,0.0,27.583752,6.895938,1,27.583752,27.583752,2.236716,0.559179,1,2.236716,2.236716,444.365716,338.74940100000003,0,24.358031,24.358031,0.581361,0.5675015,3,0.532122,0.532122,192000,48000,1,192000,192000,192000,48000,1,192000,192000,1,0.25,1,1,1,1,0.25,1,1,1,1536000,384000,1,1536000,1536000,1572864000,393216000,1,1572864000,1572864000,1572864000,393216000,1,1572864000,1572864000,0.280676,0.0,0.0,0.009449,0.0,0.00129,0.0,0.0,0.0,0.0,0.0,0.0,0.0,0.0,0.0,444.365716,0.579601,0,0,0,0,0,0,0,,,,,,,,,,,
tiledb,node,256,0,cold,overlap_clustered_independent,48000,independent,clustered,2048,2,438.99752700235695,0,False,1575702528,1575702528,1575702528,3.067523709,192000,192000,192000,1.0,1.0,1.0,1,48000,192000,4.0,4,754,3942321664,8136085504,2d8bf9b414f9069a6a63a17345a88013f66a8930a97f375aa31f5a6412478a17,1,751,,1,0.364375,0.310858,2,0.225036,0.225036,0.095439,0.02385975,1,0.095439,0.095439,0.036299,0.00907475,1,0.036299,0.036299,0.0117,0.009725,1,0.0117,0.0117,0.036059,0.00901475,1,0.036059,0.036059,383.468547,95.86769175,1,383.468547,383.468547,0.150868,0.037717,1,0.150868,0.150868,0.0,0.0,0,0.0,0.0,0.0,0.0,0,0.0,0.0,0.078668,0.019667,1,0.078668,0.078668,0.052,0.013,1,0.052,0.052,382.570531,95.64263275,1,382.570531,382.570531,0.0,0.0,0,0.0,0.0,27.582353,6.89558825,1,27.582353,27.582353,2.309335,0.57733375,1,2.309335,2.309335,437.941713,333.91666975,2,24.326912,24.326912,0.580721,0.56811375,2,0.532222,0.532222,192000,48000,1,192000,192000,192000,48000,1,192000,192000,1,0.25,1,1,1,1,0.25,1,1,1,1536000,384000,1,1536000,1536000,1572864000,393216000,1,1572864000,1572864000,1572864000,393216000,1,1572864000,1572864000,0.292456,0.0,0.0,0.00964,0.0,0.00077,0.0,0.0,0.0,0.0,0.0,0.0,0.0,0.0,0.0,437.938143,0.579901,0,0,0,0,0,0,0,,,,,,,,,,,
tiledb,node,256,0,cold,overlap_clustered_independent,48000,independent,clustered,2048,3,444.30003699380904,0,False,1575542784,1575542784,1575542784,3.090266844,192000,192000,192000,1.0,1.0,1.0,1,48000,192000,4.0,4,754,3942321664,8136175616,0bd9b84e445297a973ff52b17e2c9cc224e2042291c88918896ace1f3e147dea,1,751,,1,0.329464,0.282043,3,0.215037,0.215037,0.096148,0.024037,1,0.096148,0.096148,0.03803,0.0095075,1,0.03803,0.03803,0.010339,0.008879749999999999,1,0.010339,0.010339,0.03555,0.0088875,1,0.03555,0.03555,388.803206,97.2011615,1,388.803206,388.803206,0.150148,0.037537,1,0.150148,0.150148,0.0,0.0,0,0.0,0.0,0.0,0.0,0,0.0,0.0,0.06462899999999999,0.016157249999999998,1,0.06462899999999999,0.06462899999999999,0.051249,0.01281225,1,0.051249,0.051249,387.92353,96.9808825,1,387.92353,387.92353,0.0,0.0,0,0.0,0.0,27.582743,6.89568575,1,27.582743,27.582743,2.242726,0.5606815,1,2.242726,2.242726,443.284152,337.90361175,2,24.398601,24.398601,0.580311,0.56677125,2,0.530462,0.530462,192000,48000,1,192000,192000,192000,48000,1,192000,192000,1,0.25,1,1,1,1,0.25,1,1,1,1536000,384000,1,1536000,1536000,1572864000,393216000,1,1572864000,1572864000,1572864000,393216000,1,1572864000,1572864000,0.258186,0.0,0.0,0.0084,0.0,0.00085,0.0,0.0,0.0,0.0,0.0,0.0,0.0,0.0,0.0,443.283622,0.579821,0,0,0,0,0,0,0,,,,,,,,,,,
tiledb,node,256,0,cold,overlap_clustered_independent,48000,independent,clustered,2048,4,442.40786496084183,2,False,1575702528,1575702528,1575702528,3.044338366,192000,192000,192000,1.0,1.0,1.0,1,48000,192000,4.0,4,754,3942321664,8136273920,f54ecb2d6db8f9af0f2ece7fcc582a535d988b3aa8269f6e6b37bee573541c6b,1,751,,1,0.307245,0.26988075,3,0.211177,0.211177,0.095169,0.02379225,1,0.095169,0.095169,0.036859,0.00921475,1,0.036859,0.036859,0.00979,0.00867,1,0.00979,0.00979,0.03563,0.0089075,1,0.03563,0.03563,386.909865,96.72797875,1,386.909865,386.909865,0.157457,0.03936425,1,0.157457,0.157457,0.0,0.0,0,0.0,0.0,0.0,0.0,0,0.0,0.0,0.064179,0.01604475,1,0.064179,0.064179,0.051469,0.01286725,1,0.051469,0.051469,358.588664,89.647166,1,358.588664,358.588664,0.0,0.0,0,0.0,0.0,27.582932,6.895733,1,27.582932,27.582932,2.235467,0.55886675,1,2.235467,2.235467,441.39061,336.474668,2,24.394141,24.394141,0.590971,0.5728737500000001,2,0.534302,0.534302,192000,48000,1,192000,192000,192000,48000,1,192000,192000,1,0.25,1,1,1,1,0.25,1,1,1,1536000,384000,1,1536000,1536000,1572864000,393216000,1,1572864000,1572864000,1572864000,393216000,1,1572864000,1572864000,0.307235,0.0,0.0,0.00775,0.0,0.00047,0.0,0.0,0.0,0.0,0.0,0.0,0.0,0.0,0.0,441.39061,0.590971,0,0,0,0,0,0,0,,,,,,,,,,,
tiledb,node,256,0,cold,overlap_clustered_independent,100000,independent,clustered,2048,0,781.0802700114436,0,False,3278843904,3278843904,3278843904,4.994837359,400000,400000,400000,1.0,1.0,1.0,1,100000,400000,4.0,4,1566,8211684352,12441235456,002a640dafb29725a6a96ab7d6e3787f95da0dd1a6e978e5e2409dbb27763dcb,1,1563,,1,0.571021,0.47682025,2,0.270586,0.270586,0.108088,0.027022,1,0.108088,0.108088,0.03759,0.0093975,1,0.03759,0.03759,0.0146,0.011365,1,0.0146,0.0146,0.066489,0.01662225,1,0.066489,0.066489,665.997771,166.50007524999998,1,665.997771,665.997771,0.313665,0.07841625,1,0.313665,0.313665,0.0,0.0,0,0.0,0.0,0.0,0.0,0,0.0,0.0,0.089158,0.0222895,1,0.089158,0.089158,0.109459,0.02736475,1,0.109459,0.109459,629.856019,157.46400475,1,629.856019,629.856019,0.0,0.0,0,0.0,0.0,57.443341,14.36083525,1,57.443341,57.443341,4.582371,1.14559275,1,4.582371,4.582371,779.143409,595.6046240000001,2,50.787701,50.787701,1.191872,1.17361975,3,1.135643,1.135643,400000,100000,1,400000,400000,400000,100000,1,400000,400000,1,0.25,1,1,1,1,0.25,1,1,1,3200000,800000,1,3200000,3200000,3276800000,819200000,1,3276800000,3276800000,3276800000,819200000,1,3276800000,3276800000,0.524652,0.0,0.0,0.0143,0.0,0.00127,0.0,0.0,0.0,0.0,0.0,0.0,0.0,0.0,0.0,779.024991,1.187442,0,0,0,0,0,0,0,,,,,,,,,,,
tiledb,node,256,0,cold,overlap_clustered_independent,100000,independent,clustered,2048,1,796.0902330232784,2,False,3279003648,3279003648,3279003648,5.070427211,400000,400000,400000,1.0,1.0,1.0,1,100000,400000,4.0,4,1566,8211684352,12451164160,6bb974abc81f2ba6ba920f70674eedb9c3e3f8ea3b84bc4f945db32bf1a803fb,1,1563,,1,0.440424,0.34425249999999996,2,0.275706,0.275706,0.108129,0.02703225,1,0.108129,0.108129,0.037389,0.00934725,1,0.037389,0.037389,0.0126,0.01021,1,0.0126,0.0126,0.065269,0.01631725,1,0.065269,0.065269,681.260861,170.31569525,1,681.260861,681.260861,0.317155,0.07928875,1,0.317155,0.317155,0.0,0.0,0,0.0,0.0,0.0,0.0,0,0.0,0.0,0.083469,0.02086725,1,0.083469,0.083469,0.111748,0.027937,1,0.111748,0.111748,643.836207,160.95905175,1,643.836207,643.836207,0.0,0.0,0,0.0,0.0,57.439591,14.35989775,1,57.439591,57.439591,4.58585,1.1464625,1,4.58585,4.58585,794.34173,607.04633675,2,50.726483,50.726483,1.188011,1.1739519999999999,0,1.134423,1.134423,400000,100000,1,400000,400000,400000,100000,1,400000,400000,1,0.25,1,1,1,1,0.25,1,1,1,3200000,800000,1,3200000,3200000,3276800000,819200000,1,3276800000,3276800000,3276800000,819200000,1,3276800000,3276800000,0.440424,0.0,0.0,0.0081,0.0,0.00057,0.0,0.0,0.0,0.0,0.0,0.0,0.0,0.0,0.0,794.34173,1.187272,0,0,0,0,0,0,0,,,,,,,,,,,
tiledb,node,256,0,cold,overlap_clustered_independent,100000,independent,clustered,2048,2,801.0833080043085,0,False,3278819328,3278819328,3278819328,5.057755825,400000,400000,400000,1.0,1.0,1.0,1,100000,400000,4.0,4,1566,8211684352,12451241984,41422c75c4dda92bcc06e098a7ee0ba259d011dfc01c75876317611df0d0077a,1,1563,,1,0.443213,0.353432,2,0.264396,0.264396,0.108648,0.027162,1,0.108648,0.108648,0.03807,0.0095175,1,0.03807,0.03807,0.012309,0.00973475,1,0.012309,0.012309,0.065649,0.01641225,1,0.065649,0.065649,686.283855,171.57158625,1,686.283855,686.283855,0.312036,0.078009,1,0.312036,0.312036,0.0,0.0,0,0.0,0.0,0.0,0.0,0,0.0,0.0,0.08532799999999999,0.021331999999999997,1,0.08532799999999999,0.08532799999999999,0.108229,0.02705725,1,0.108229,0.108229,605.484028,151.371007,1,605.484028,605.484028,0.0,0.0,0,0.0,0.0,57.414991,14.35374775,1,57.414991,57.414991,4.574861,1.14371525,1,4.574861,4.574861,799.376934,610.812212,0,50.795492,50.795492,1.194761,1.17592175,0,1.136902,1.136902,400000,100000,1,400000,400000,400000,100000,1,400000,400000,1,0.25,1,1,1,1,0.25,1,1,1,3200000,800000,1,3200000,3200000,3276800000,819200000,1,3276800000,3276800000,3276800000,819200000,1,3276800000,3276800000,0.266676,0.0,0.0,0.01005,0.0,0.00117,0.0,0.0,0.0,0.0,0.0,0.0,0.0,0.0,0.0,799.376934,1.194761,0,0,0,0,0,0,0,,,,,,,,,,,
tiledb,node,256,0,cold,overlap_clustered_independent,100000,independent,clustered,2048,3,801.5917590237223,0,False,3278917632,3278917632,3278917632,5.089822353,400000,400000,400000,1.0,1.0,1.0,1,100000,400000,4.0,4,1566,8211684352,12451254272,2b6864e7f00fc67d81f3a5cb8ddfc814fb6fac85c10272979ef0a8412053f4be,1,1563,,1,0.432013,0.3503595,2,0.265666,0.265666,0.107589,0.02689725,1,0.107589,0.107589,0.037719,0.00942975,1,0.037719,0.037719,0.01409,0.0108925,1,0.01409,0.01409,0.065889,0.01647225,1,0.065889,0.065889,686.764417,171.69164924999998,1,686.764417,686.764417,0.65649,0.1641225,1,0.65649,0.65649,0.0,0.0,0,0.0,0.0,0.0,0.0,0,0.0,0.0,0.08260899999999999,0.020652249999999997,1,0.08260899999999999,0.08260899999999999,0.111078,0.0277695,1,0.111078,0.111078,600.576222,150.1440555,1,600.576222,600.576222,0.0,0.0,0,0.0,0.0,57.418411,14.35460275,1,57.418411,57.418411,4.586741,1.14668525,1,4.586741,4.586741,799.869095,611.1552315,0,50.793962,50.793962,1.200502,1.1789144999999999,0,1.136762,1.136762,400000,100000,1,400000,400000,400000,100000,1,400000,400000,1,0.25,1,1,1,1,0.25,1,1,1,3200000,800000,1,3200000,3200000,3276800000,819200000,1,3276800000,3276800000,3276800000,819200000,1,3276800000,3276800000,0.275496,0.0,0.0,0.0118,0.0,0.00118,0.0,0.0,0.0,0.0,0.0,0.0,0.0,0.0,0.0,799.869095,1.200502,0,0,0,0,0,0,0,,,,,,,,,,,
tiledb,node,256,0,cold,overlap_clustered_independent,100000,independent,clustered,2048,4,809.8250849870965,0,False,3280855040,3280855040,3280855040,5.121867361,400000,400000,400000,1.0,1.0,1.0,1,100000,400000,4.0,4,1567,8211684352,12451315712,57c2024bc3c00839323cd98729719070cc74a7ab62003f8180dcb78f3ddfb0b2,1,1564,,1,0.424054,0.34623,2,0.277426,0.277426,0.107568,0.026892,1,0.107568,0.107568,0.03839,0.0095975,1,0.03839,0.03839,0.011959,0.00948975,1,0.011959,0.011959,0.065899,0.01647475,1,0.065899,0.065899,695.060832,173.765768,1,695.060832,695.060832,0.307916,0.076979,1,0.307916,0.307916,0.0,0.0,0,0.0,0.0,0.0,0.0,0,0.0,0.0,0.086618,0.0216545,1,0.086618,0.086618,0.103339,0.02583475,1,0.103339,0.103339,608.258215,152.06455375,1,608.258215,608.258215,0.0,0.0,0,0.0,0.0,57.443971,14.36099275,1,57.443971,57.443971,4.584061,1.14601525,1,4.584061,4.584061,808.102121,617.405869,0,50.708102,50.708102,1.201032,1.18175725,0,1.138383,1.138383,400000,100000,1,400000,400000,400000,100000,1,400000,400000,1,0.25,1,1,1,1,0.25,1,1,1,3200000,800000,1,3200000,3200000,3276800000,819200000,1,3276800000,3276800000,3276800000,819200000,1,3276800000,3276800000,0.268986,0.0,0.0,0.01016,0.0,0.00117,0.0,0.0,0.0,0.0,0.0,0.0,0.0,0.0,0.0,808.102121,1.201032,0,0,0,0,0,0,0,,,,,,,,,,,
tiledb,node,256,0,cold,overlap_clustered_cross_rank_25,48000,cross_rank_25,clustered,2048,0,162.97883400693536,1,True,394833920,394833920,394833920,0.917778813,192000,192000,48000,1.0,0.25,1.0,4,12000,48000,4.0,4,752,2762673664,12979728384,e83ee9b5a85e526364d2755f72c8faad1aa31d30f405fceb5a881e90b768bf85,1,188,,1,0.402984,0.3126525,2,0.220136,0.220136,0.094189,0.02354725,1,0.094189,0.094189,0.036769,0.00919225,1,0.036769,0.036769,0.01217,0.009772,1,0.01217,0.01217,0.01563,0.0039075,1,0.01563,0.01563,128.758131,32.189837749999995,1,128.758131,128.758131,0.038969,0.00974225,1,0.038969,0.038969,0.0,0.0,0,0.0,0.0,0.0,0.0,0,0.0,0.0,0.07392900000000001,0.018482250000000002,1,0.07392900000000001,0.07392900000000001,0.019169,0.00479225,1,0.019169,0.019169,93.230069,23.30751725,1,93.230069,93.230069,0.0,0.0,0,0.0,0.0,6.935975,1.73399375,1,6.935975,6.935975,1.597846,0.3994615,1,1.597846,1.597846,161.92044,126.88735275,0,24.400291,24.400291,0.579251,0.5657687499999999,3,0.532662,0.532662,192000,48000,1,192000,192000,48000,12000,1,48000,48000,1,0.25,1,1,1,1,0.25,1,1,1,384000,96000,1,384000,384000,393216000,98304000,1,393216000,393216000,393216000,98304000,1,393216000,393216000,0.220136,0.094189,0.036769,0.01217,0.01563,128.758131,0.038969,0.0,0.0,0.07392900000000001,0.019169,93.230069,0.0,6.935975,1.597846,24.400291,0.532662,192000,48000,1,1,384000,393216000,393216000,,,,,,,,,,,
tiledb,node,256,0,cold,overlap_clustered_cross_rank_25,48000,cross_rank_25,clustered,2048,1,165.84493999835104,2,False,394674176,394674176,394674176,0.936145138,192000,192000,48000,1.0,0.25,1.0,4,12000,48000,4.0,4,752,2762673664,12979736576,05b079a8c7e98a45c3eff0dff9f2d7ce8c58cdaed44733be55da58cf4fdfe28f,1,188,,1,0.362214,0.318115,2,0.219507,0.219507,0.094349,0.02358725,1,0.094349,0.094349,0.037859,0.00946475,1,0.037859,0.037859,0.01036,0.0086075,1,0.01036,0.01036,0.01496,0.00374,1,0.01496,0.01496,131.652498,32.913312000000005,1,131.652498,131.652498,0.038149,0.00953725,1,0.038149,0.038149,0.0,0.0,0,0.0,0.0,0.0,0.0,0,0.0,0.0,0.073049,0.01826225,1,0.073049,0.073049,0.01873,0.0046825,1,0.01873,0.01873,93.527124,23.381781,1,93.527124,93.527124,0.0,0.0,0,0.0,0.0,6.927975,1.73199375,1,6.927975,6.927975,1.590646,0.3976615,1,1.590646,1.590646,164.811236,129.02982225,2,24.392431,24.392431,0.576812,0.56572925,0,0.534592,0.534592,192000,48000,1,192000,192000,48000,12000,1,48000,48000,1,0.25,1,1,1,1,0.25,1,1,1,384000,96000,1,384000,384000,393216000,98304000,1,393216000,393216000,393216000,98304000,1,393216000,393216000,0.362214,0.0,0.0,0.00789,0.0,0.00016,0.0,0.0,0.0,0.0,0.0,0.0,0.0,0.0,0.0,164.811236,0.574781,0,0,0,0,0,0,0,,,,,,,,,,,
tiledb,node,256,0,cold,overlap_clustered_cross_rank_25,48000,cross_rank_25,clustered,2048,2,166.49569995934144,2,False,394776576,394776576,394776576,0.939667114,192000,192000,48000,1.0,0.25,1.0,4,12000,48000,4.0,4,752,2762673664,12979744768,dd68c3c2ef8589e68a9a2c3cad7beefd243700659030642edb517f4396f9ec7e,1,188,,1,0.345915,0.306958,2,0.214897,0.214897,0.094358,0.0235895,1,0.094358,0.094358,0.03684,0.00921,1,0.03684,0.03684,0.01019,0.0085825,1,0.01019,0.01019,0.015159,0.00378975,1,0.015159,0.015159,132.321438,33.0806045,1,132.321438,132.321438,0.03753,0.0093825,1,0.03753,0.03753,0.0,0.0,0,0.0,0.0,0.0,0.0,0,0.0,0.0,0.07569,0.0189225,1,0.07569,0.07569,0.018899,0.00472475,1,0.018899,0.018899,94.535629,23.63390725,1,94.535629,94.535629,0.0,0.0,0,0.0,0.0,6.929075,1.73226875,1,6.929075,6.929075,1.595236,0.398809,1,1.595236,1.595236,165.475716,129.54396500000001,2,24.384301,24.384301,0.575671,0.564229,3,0.532342,0.532342,192000,48000,1,192000,192000,48000,12000,1,48000,48000,1,0.25,1,1,1,1,0.25,1,1,1,384000,96000,1,384000,384000,393216000,98304000,1,393216000,393216000,393216000,98304000,1,393216000,393216000,0.345915,0.0,0.0,0.00799,0.0,0.00028,0.0,0.0,0.0,0.0,0.0,0.0,0.0,0.0,0.0,165.475716,0.575102,0,0,0,0,0,0,0,,,,,,,,,,,
tiledb,node,256,0,cold,overlap_clustered_cross_rank_25,48000,cross_rank_25,clustered,2048,3,166.4652110193856,2,False,396713984,396713984,396713984,0.958987728,192000,192000,48000,1.0,0.25,1.0,4,12000,48000,4.0,4,756,2762673664,12979740672,ddc904ecde74f4ccfd98667f48660a43e778439e8155eca6becc6d7f5bdfe153,1,189,,1,0.337615,0.30167299999999997,3,0.216397,0.216397,0.093678,0.0234195,1,0.093678,0.093678,0.0366,0.00915,1,0.0366,0.0366,0.01027,0.008577,1,0.01027,0.01027,0.01499,0.0037475,1,0.01499,0.01499,132.266438,33.0668445,1,132.266438,132.266438,0.037709,0.00942725,1,0.037709,0.037709,0.0,0.0,0,0.0,0.0,0.0,0.0,0,0.0,0.0,0.07667900000000001,0.019169750000000003,1,0.07667900000000001,0.07667900000000001,0.018459,0.00461475,1,0.018459,0.018459,95.8027,23.950675,1,95.8027,95.8027,0.0,0.0,0,0.0,0.0,6.928615,1.73215375,1,6.928615,6.928615,1.580586,0.3951465,1,1.580586,1.580586,165.453277,129.500753,2,24.42726,24.42726,0.577411,0.565694,2,0.533192,0.533192,192000,48000,1,192000,192000,48000,12000,1,48000,48000,1,0.25,1,1,1,1,0.25,1,1,1,384000,96000,1,384000,384000,393216000,98304000,1,393216000,393216000,393216000,98304000,1,393216000,393216000,0.336845,0.0,0.0,0.00778,0.0,0.00022,0.0,0.0,0.0,0.0,0.0,0.0,0.0,0.0,0.0,165.453277,0.577411,0,0,0,0,0,0,0,,,,,,,,,,,
tiledb,node,256,0,cold,overlap_clustered_cross_rank_25,48000,cross_rank_25,clustered,2048,4,165.61727301450446,2,False,396816384,396816384,396816384,0.938758927,192000,192000,48000,1.0,0.25,1.0,4,12000,48000,4.0,4,756,2762673664,12979765248,a309dd8711c30ee159c2054520cb0b9754ff14d117251c9414e38b0746c65fae,1,189,,1,0.344915,0.3075355,2,0.214337,0.214337,0.093428,0.023357,1,0.093428,0.093428,0.03647,0.0091175,1,0.03647,0.03647,0.01068,0.0086,1,0.01068,0.01068,0.014849,0.00371225,1,0.014849,0.014849,131.424321,32.85635025,1,131.424321,131.424321,0.03767,0.0094175,1,0.03767,0.03767,0.0,0.0,0,0.0,0.0,0.0,0.0,0,0.0,0.0,0.07642,0.019105,1,0.07642,0.07642,0.026119,0.00652975,1,0.026119,0.026119,95.211579,23.80289475,1,95.211579,95.211579,0.0,0.0,0,0.0,0.0,6.927406,1.7318515,1,6.927406,6.927406,1.582736,0.395684,1,1.582736,1.582736,164.599579,128.86585225000002,2,24.42504,24.42504,0.577332,0.5652517499999999,2,0.532442,0.532442,192000,48000,1,192000,192000,48000,12000,1,48000,48000,1,0.25,1,1,1,1,0.25,1,1,1,384000,96000,1,384000,384000,393216000,98304000,1,393216000,393216000,393216000,98304000,1,393216000,393216000,0.344915,0.0,0.0,0.00764,0.0,0.00039,0.0,0.0,0.0,0.0,0.0,0.0,0.0,0.0,0.0,164.599579,0.577332,0,0,0,0,0,0,0,,,,,,,,,,,
tiledb,node,256,0,cold,overlap_clustered_cross_rank_25,100000,cross_rank_25,clustered,2048,0,326.03638601722196,2,False,822562816,822562816,822562816,1.909106037,400000,400000,100000,1.0,0.25,1.0,4,25000,100000,4.0,4,1568,5753035776,14055170048,1ef431b664d23cfba7bfef6ecbd96dfe4a579d98a1dede3574d832df1ab6904d,1,392,,1,0.857157,0.64012525,3,0.67038,0.67038,0.106998,0.0267495,1,0.106998,0.106998,0.03817,0.0095425,1,0.03817,0.03817,0.013759,0.009794750000000001,1,0.013759,0.013759,0.02258,0.005645,1,0.02258,0.02258,254.211433,63.55337825,1,254.211433,254.211433,0.085179,0.02129475,1,0.085179,0.085179,0.0,0.0,0,0.0,0.0,0.0,0.0,0,0.0,0.0,0.08251900000000001,0.020629750000000002,1,0.08251900000000001,0.08251900000000001,0.034529,0.00863225,1,0.034529,0.034529,191.554572,47.888643,1,191.554572,191.554572,0.0,0.0,0,0.0,0.0,14.386403,3.59660075,1,14.386403,14.386403,4.259155,1.06478875,1,4.259155,4.259155,323.900838,254.24550225000002,2,50.759872,50.759872,1.181062,1.17026725,0,1.140483,1.140483,400000,100000,1,400000,400000,100000,25000,1,100000,100000,1,0.25,1,1,1,1,0.25,1,1,1,800000,200000,1,800000,800000,819200000,204800000,1,819200000,819200000,819200000,204800000,1,819200000,819200000,0.841547,0.0,0.0,0.00855,0.0,0.00078,0.0,0.0,0.0,0.0,0.0,0.0,0.0,0.0,0.0,323.900838,1.179122,0,0,0,0,0,0,0,,,,,,,,,,,
tiledb,node,256,0,cold,overlap_clustered_cross_rank_25,100000,cross_rank_25,clustered,2048,1,307.78252199525014,0,False,822665216,822665216,822665216,1.892797691,400000,400000,100000,1.0,0.25,1.0,4,25000,100000,4.0,4,1568,5753035776,14055137280,8b620a11217e3ec9028aff7bab338a87c8610543271627b8966301d4f2de2786,1,392,,1,0.413344,0.3732295,2,0.265456,0.265456,0.105808,0.026452,1,0.105808,0.105808,0.03688,0.00922,1,0.03688,0.03688,0.011919,0.0092065,1,0.011919,0.011919,0.02299,0.0057475,1,0.02299,0.02299,236.359293,59.09006325,1,236.359293,236.359293,0.085699,0.02142475,1,0.085699,0.085699,0.0,0.0,0,0.0,0.0,0.0,0.0,0,0.0,0.0,0.082909,0.02072725,1,0.082909,0.082909,0.031349,0.00783725,1,0.031349,0.031349,172.305993,43.07649825,1,172.305993,172.305993,0.0,0.0,0,0.0,0.0,14.388623,3.59715575,1,14.388623,14.388623,4.245305,1.06132625,1,4.245305,4.245305,306.084269,240.81437875,0,50.808611,50.808611,1.184342,1.16989725,2,1.137333,1.137333,400000,100000,1,400000,400000,100000,25000,1,100000,100000,1,0.25,1,1,1,1,0.25,1,1,1,800000,200000,1,800000,800000,819200000,204800000,1,819200000,819200000,819200000,204800000,1,819200000,819200000,0.403134,0.0,0.0,0.008809,0.0,0.00044,0.0,0.0,0.0,0.0,0.0,0.0,0.0,0.0,0.0,306.084269,1.178172,0,0,0,0,0,0,0,,,,,,,,,,,
tiledb,node,256,0,cold,overlap_clustered_cross_rank_25,100000,cross_rank_25,clustered,2048,2,300.47819297760725,0,False,822505472,822505472,822505472,1.8679355960000001,400000,400000,100000,1.0,0.25,1.0,4,25000,100000,4.0,4,1568,5753035776,14055141376,5aed05750d6eb4725ef15c817b5658e9c16e32fc25bdb6bd3f104c68a37c49ec,1,392,,1,0.423354,0.37873450000000003,3,0.263826,0.263826,0.109228,0.027307,1,0.109228,0.109228,0.036919,0.00922975,1,0.036919,0.036919,0.01195,0.0090725,1,0.01195,0.01195,0.02344,0.00586,1,0.02344,0.02344,229.065003,57.26679575,1,229.065003,229.065003,0.078269,0.01956725,1,0.078269,0.078269,0.0,0.0,0,0.0,0.0,0.0,0.0,0,0.0,0.0,0.08226900000000001,0.020567250000000002,1,0.08226900000000001,0.08226900000000001,0.031259,0.00781475,1,0.031259,0.031259,165.1934,41.29835,1,165.1934,165.1934,0.0,0.0,0,0.0,0.0,14.390702,3.5976755,1,14.390702,14.390702,4.258066,1.0645165,1,4.258066,4.258066,298.767999,235.34004149999998,0,50.762872,50.762872,1.189042,1.17185475,2,1.135683,1.135683,400000,100000,1,400000,400000,100000,25000,1,100000,100000,1,0.25,1,1,1,1,0.25,1,1,1,800000,200000,1,800000,800000,819200000,204800000,1,819200000,819200000,819200000,204800000,1,819200000,819200000,0.404774,0.0,0.0,0.0084,0.0,0.00077,0.0,0.0,0.0,0.0,0.0,0.0,0.0,0.0,0.0,298.767999,1.182272,0,0,0,0,0,0,0,,,,,,,,,,,
tiledb,node,256,0,cold,overlap_clustered_cross_rank_25,100000,cross_rank_25,clustered,2048,3,289.1592350206338,2,False,822607872,822607872,822607872,1.8153681339999999,400000,400000,100000,1.0,0.25,1.0,4,25000,100000,4.0,4,1568,5753035776,14055161856,8e39e3c9f8232d5ab505c076825beede285e70d8d4457f3e09b9122ed88f2a0d,1,392,,1,0.436844,0.386107,2,0.260596,0.260596,0.107168,0.026792,1,0.107168,0.107168,0.03684,0.00921,1,0.03684,0.03684,0.012289,0.00929675,1,0.012289,0.012289,0.02274,0.005685,1,0.02274,0.02274,217.653036,54.413514,1,217.653036,217.653036,0.078039,0.01950975,1,0.078039,0.078039,0.0,0.0,0,0.0,0.0,0.0,0.0,0,0.0,0.0,0.087428,0.021857,1,0.087428,0.087428,0.03057,0.0076425,1,0.03057,0.03057,154.538232,38.634558,1,154.538232,154.538232,0.0,0.0,0,0.0,0.0,14.413972,3.603493,1,14.413972,14.413972,4.245416,1.061354,1,4.245416,4.245416,287.432361,226.843155,2,50.838351,50.838351,1.184622,1.1698475,2,1.134433,1.134433,400000,100000,1,400000,400000,100000,25000,1,100000,100000,1,0.25,1,1,1,1,0.25,1,1,1,800000,200000,1,800000,800000,819200000,204800000,1,819200000,819200000,819200000,204800000,1,819200000,819200000,0.436844,0.0,0.0,0.007999,0.0,0.0004,0.0,0.0,0.0,0.0,0.0,0.0,0.0,0.0,0.0,287.432361,1.184622,0,0,0,0,0,0,0,,,,,,,,,,,
tiledb,node,256,0,cold,overlap_clustered_cross_rank_25,100000,cross_rank_25,clustered,2048,4,296.5894019580446,0,False,822710272,822710272,822710272,1.851478634,400000,400000,100000,1.0,0.25,1.0,4,25000,100000,4.0,4,1568,5753035776,14055182336,de6726a9748611993943992c84bc562a0e510bc946cae28495b41c954d4d3d2a,1,392,,1,0.410234,0.366112,2,0.257206,0.257206,0.108618,0.0271545,1,0.108618,0.108618,0.03819,0.0095475,1,0.03819,0.03819,0.01369,0.0099225,1,0.01369,0.01369,0.022989,0.00574725,1,0.022989,0.022989,225.236272,56.3095055,1,225.236272,225.236272,0.077839,0.01945975,1,0.077839,0.077839,0.0,0.0,0,0.0,0.0,0.0,0.0,0,0.0,0.0,0.079389,0.01984725,1,0.079389,0.079389,0.03164,0.00791,1,0.03164,0.03164,161.621214,40.4053035,1,161.621214,161.621214,0.0,0.0,0,0.0,0.0,14.385732,3.596433,1,14.385732,14.385732,4.241076,1.060269,1,4.241076,4.241076,294.896857,232.4188275,0,50.752842,50.752842,1.189452,1.17508475,0,1.137893,1.137893,400000,100000,1,400000,400000,100000,25000,1,100000,100000,1,0.25,1,1,1,1,0.25,1,1,1,800000,200000,1,800000,800000,819200000,204800000,1,819200000,819200000,819200000,204800000,1,819200000,819200000,0.389034,0.0,0.0,0.00885,0.0,0.00048,0.0,0.0,0.0,0.0,0.0,0.0,0.0,0.0,0.0,294.896857,1.189452,0,0,0,0,0,0,0,,,,,,,,,,,
tiledb,node,256,0,cold,overlap_clustered_within_rank_25,48000,within_rank_25,clustered,2048,0,163.16660499433056,2,False,394833920,394833920,394833920,0.932074899,192000,48000,48000,0.25,0.25,4.0,1,12000,48000,4.0,4,191,2762673664,14053928960,e83ee9b5a85e526364d2755f72c8faad1aa31d30f405fceb5a881e90b768bf85,1,188,,1,0.419013,0.36159175,2,0.237556,0.237556,0.091629,0.02290725,1,0.091629,0.091629,0.036539,0.00913475,1,0.036539,0.036539,0.01275,0.009315,1,0.01275,0.01275,0.01518,0.003795,1,0.01518,0.01518,128.825477,32.20660675,1,128.825477,128.825477,0.039389,0.00984725,1,0.039389,0.039389,0.0,0.0,0,0.0,0.0,0.0,0.0,0,0.0,0.0,0.076319,0.01907975,1,0.076319,0.076319,0.020599,0.00514975,1,0.020599,0.020599,94.430412,23.607603,1,94.430412,94.430412,0.0,0.0,0,0.0,0.0,6.925865,1.73146625,1,6.925865,6.925865,1.468828,0.367207,1,1.468828,1.468828,161.890364,126.83095025,2,24.402648,24.402648,0.61517,0.57568375,2,0.532222,0.532222,192000,48000,1,192000,192000,48000,12000,1,48000,48000,1,0.25,1,1,1,1,0.25,1,1,1,384000,96000,1,384000,384000,393216000,98304000,1,393216000,393216000,393216000,98304000,1,393216000,393216000,0.419013,0.0,0.0,0.0076,0.0,0.00021,0.0,0.0,0.0,0.0,0.0,0.0,0.0,0.0,0.0,161.890364,0.61517,0,0,0,0,0,0,0,,,,,,,,,,,
tiledb,node,256,0,cold,overlap_clustered_within_rank_25,48000,within_rank_25,clustered,2048,1,165.39785102941096,2,False,394674176,394674176,394674176,0.941024215,192000,48000,48000,0.25,0.25,4.0,1,12000,48000,4.0,4,191,2762673664,14053974016,05b079a8c7e98a45c3eff0dff9f2d7ce8c58cdaed44733be55da58cf4fdfe28f,1,188,,1,0.314225,0.26040325,3,0.211086,0.211086,0.092639,0.02315975,1,0.092639,0.092639,0.036829,0.00920725,1,0.036829,0.036829,0.0099,0.00873,1,0.0099,0.0099,0.01456,0.00364,1,0.01456,0.01456,131.355909,32.839437249999996,1,131.355909,131.355909,0.037779,0.00944475,1,0.037779,0.037779,0.0,0.0,0,0.0,0.0,0.0,0.0,0,0.0,0.0,0.085799,0.02144975,1,0.085799,0.085799,0.018749,0.00468725,1,0.018749,0.018749,96.601419,24.15035475,1,96.601419,96.601419,0.0,0.0,0,0.0,0.0,6.931714,1.7329285,1,6.931714,6.931714,1.468668,0.367167,1,1.468668,1.468668,164.359406,128.6948595,0,24.361169,24.361169,0.588711,0.56957125,2,0.534422,0.534422,192000,48000,1,192000,192000,48000,12000,1,48000,48000,1,0.25,1,1,1,1,0.25,1,1,1,384000,96000,1,384000,384000,393216000,98304000,1,393216000,393216000,393216000,98304000,1,393216000,393216000,0.216097,0.0,0.0,0.00921,0.0,0.00095,0.0,0.0,0.0,0.0,0.0,0.0,0.0,0.0,0.0,164.300277,0.588711,0,0,0,0,0,0,0,,,,,,,,,,,
tiledb,node,256,0,cold,overlap_clustered_within_rank_25,48000,within_rank_25,clustered,2048,2,164.03484100010246,1,True,394776576,394776576,394776576,0.9393627,192000,48000,48000,0.25,0.25,4.0,1,12000,48000,4.0,4,191,2762673664,14053986304,dd68c3c2ef8589e68a9a2c3cad7beefd243700659030642edb517f4396f9ec7e,1,188,,1,0.320295,0.25903575,3,0.211766,0.211766,0.092239,0.02305975,1,0.092239,0.092239,0.036369,0.00909225,1,0.036369,0.036369,0.0099,0.008960000000000001,1,0.0099,0.0099,0.01464,0.00366,1,0.01464,0.01464,130.031069,32.50817475,1,130.031069,130.031069,0.038029,0.00950725,1,0.038029,0.038029,0.0,0.0,0,0.0,0.0,0.0,0.0,0,0.0,0.0,0.076318,0.0190795,1,0.076318,0.076318,0.019,0.00475,1,0.019,0.019,95.351048,23.837762,1,95.351048,95.351048,0.0,0.0,0,0.0,0.0,6.928045,1.73201125,1,6.928045,6.928045,1.469547,0.36738675,1,1.469547,1.469547,163.045096,127.72672425,0,24.378668,24.378668,0.579251,0.56649875,3,0.534512,0.534512,192000,48000,1,192000,192000,48000,12000,1,48000,48000,1,0.25,1,1,1,1,0.25,1,1,1,384000,96000,1,384000,384000,393216000,98304000,1,393216000,393216000,393216000,98304000,1,393216000,393216000,0.211766,0.092239,0.036369,0.0099,0.01464,130.031069,0.038029,0.0,0.0,0.076318,0.019,95.351048,0.0,6.928045,1.469547,24.378668,0.534512,192000,48000,1,1,384000,393216000,393216000,,,,,,,,,,,
tiledb,node,256,0,cold,overlap_clustered_within_rank_25,48000,within_rank_25,clustered,2048,3,165.06593604572117,1,True,396713984,396713984,396713984,0.950468529,192000,48000,48000,0.25,0.25,4.0,1,12000,48000,4.0,4,192,2762673664,14053969920,ddc904ecde74f4ccfd98667f48660a43e778439e8155eca6becc6d7f5bdfe153,1,189,,1,0.321265,0.26596825,3,0.212597,0.212597,0.092479,0.02311975,1,0.092479,0.092479,0.03629,0.0090725,1,0.03629,0.03629,0.01313,0.01087725,0,0.009689,0.009689,0.01428,0.00357,1,0.01428,0.01428,131.112983,32.77866575,1,131.112983,131.112983,0.03809,0.0095225,1,0.03809,0.03809,0.0,0.0,0,0.0,0.0,0.0,0.0,0,0.0,0.0,0.075779,0.01894475,1,0.075779,0.075779,0.01928,0.00482,1,0.01928,0.01928,96.145175,24.03629375,1,96.145175,96.145175,0.0,0.0,0,0.0,0.0,6.932354,1.7330885,1,6.932354,6.932354,1.471768,0.367942,1,1.471768,1.471768,164.071851,128.502105,0,24.31973,24.31973,0.578101,0.5663515,3,0.532752,0.532752,192000,48000,1,192000,192000,48000,12000,1,48000,48000,1,0.25,1,1,1,1,0.25,1,1,1,384000,96000,1,384000,384000,393216000,98304000,1,393216000,393216000,393216000,98304000,1,393216000,393216000,0.212597,0.092479,0.03629,0.009689,0.01428,131.112983,0.03809,0.0,0.0,0.075779,0.01928,96.145175,0.0,6.932354,1.471768,24.31973,0.532752,192000,48000,1,1,384000,393216000,393216000,,,,,,,,,,,
tiledb,node,256,0,cold,overlap_clustered_within_rank_25,48000,within_rank_25,clustered,2048,4,163.5178190190345,2,False,396816384,396816384,396816384,0.940561272,192000,48000,48000,0.25,0.25,4.0,1,12000,48000,4.0,4,192,2762673664,14053986304,a309dd8711c30ee159c2054520cb0b9754ff14d117251c9414e38b0746c65fae,1,189,,1,0.328785,0.274656,3,0.212637,0.212637,0.092498,0.0231245,1,0.092498,0.092498,0.03703,0.0092575,1,0.03703,0.03703,0.00955,0.0085125,1,0.00955,0.00955,0.014339,0.00358475,1,0.014339,0.014339,129.404529,32.35149725,1,129.404529,129.404529,0.03778,0.009445,1,0.03778,0.03778,0.0,0.0,0,0.0,0.0,0.0,0.0,0,0.0,0.0,0.073499,0.01837475,1,0.073499,0.073499,0.019309,0.00482725,1,0.019309,0.019309,95.060752,23.765188,1,95.060752,95.060752,0.0,0.0,0,0.0,0.0,6.928695,1.73217375,1,6.928695,6.928695,1.470777,0.36769425,1,1.470777,1.470777,162.462815,127.2682515,2,24.425398,24.425398,0.593491,0.56965625,2,0.533432,0.533432,192000,48000,1,192000,192000,48000,12000,1,48000,48000,1,0.25,1,1,1,1,0.25,1,1,1,384000,96000,1,384000,384000,393216000,98304000,1,393216000,393216000,393216000,98304000,1,393216000,393216000,0.242636,0.0,0.0,0.00855,0.0,0.00072,0.0,0.0,0.0,0.0,0.0,0.0,0.0,0.0,0.0,162.462815,0.593491,0,0,0,0,0,0,0,,,,,,,,,,,
tiledb,node,256,0,cold,overlap_clustered_within_rank_25,100000,within_rank_25,clustered,2048,0,322.42319895885885,1,True,822562816,822562816,822562816,1.882923077,400000,100000,100000,0.25,0.25,4.0,1,25000,100000,4.0,4,395,5753035776,14055288832,1ef431b664d23cfba7bfef6ecbd96dfe4a579d98a1dede3574d832df1ab6904d,1,392,,1,0.459403,0.33972475,3,0.283126,0.283126,0.104998,0.0262495,1,0.104998,0.104998,0.0367,0.009175,1,0.0367,0.0367,0.01329,0.009282499999999999,1,0.01329,0.01329,0.023649,0.00591225,1,0.023649,0.023649,252.363496,63.091224,1,252.363496,252.363496,0.080389,0.02009725,1,0.080389,0.080389,0.0,0.0,0,0.0,0.0,0.0,0.0,0,0.0,0.0,0.08483900000000001,0.021209750000000003,1,0.08483900000000001,0.08483900000000001,0.033849,0.00846225,1,0.033849,0.033849,190.38551,47.5963775,1,190.38551,190.38551,0.0,0.0,0,0.0,0.0,14.388081,3.59702025,1,14.388081,14.388081,2.992044,0.748011,1,2.992044,2.992044,320.739364,251.85341825,0,50.708087,50.708087,1.183522,1.17095975,2,1.141763,1.141763,400000,100000,1,400000,400000,100000,25000,1,100000,100000,1,0.25,1,1,1,1,0.25,1,1,1,800000,200000,1,800000,800000,819200000,204800000,1,819200000,819200000,819200000,204800000,1,819200000,819200000,0.283126,0.104998,0.0367,0.01329,0.023649,252.363496,0.080389,0.0,0.0,0.08483900000000001,0.033849,190.38551,0.0,14.388081,2.992044,50.708087,1.141763,400000,100000,1,1,800000,819200000,819200000,,,,,,,,,,,
tiledb,node,256,0,cold,overlap_clustered_within_rank_25,100000,within_rank_25,clustered,2048,1,304.86588599160314,0,False,822665216,822665216,822665216,1.863996168,400000,100000,100000,0.25,0.25,4.0,1,25000,100000,4.0,4,395,5753035776,14055325696,8b620a11217e3ec9028aff7bab338a87c8610543271627b8966301d4f2de2786,1,392,,1,0.342664,0.3182425,2,0.254856,0.254856,0.106339,0.02658475,1,0.106339,0.106339,0.042499,0.01062475,1,0.042499,0.042499,0.01116,0.00908,1,0.01116,0.01116,0.022439,0.00560975,1,0.022439,0.022439,234.784164,58.696311,1,234.784164,234.784164,0.079369,0.01984225,1,0.079369,0.079369,0.0,0.0,0,0.0,0.0,0.0,0.0,0,0.0,0.0,0.080358,0.0200895,1,0.080358,0.080358,0.03136,0.00784,1,0.03136,0.03136,170.483413,42.62085325,1,170.483413,170.483413,0.0,0.0,0,0.0,0.0,14.386561,3.59664025,1,14.386561,14.386561,2.990864,0.747716,1,2.990864,2.990864,303.215481,238.68604125000002,0,50.764186,50.764186,1.189602,1.17319,0,1.140483,1.140483,400000,100000,1,400000,400000,100000,25000,1,100000,100000,1,0.25,1,1,1,1,0.25,1,1,1,800000,200000,1,800000,800000,819200000,204800000,1,819200000,819200000,819200000,204800000,1,819200000,819200000,0.334135,0.0,0.0,0.00879,0.0,0.00035,0.0,0.0,0.0,0.0,0.0,0.0,0.0,0.0,0.0,303.215481,1.189602,0,0,0,0,0,0,0,,,,,,,,,,,
tiledb,node,256,0,cold,overlap_clustered_within_rank_25,100000,within_rank_25,clustered,2048,2,318.1196540244855,2,False,822505472,822505472,822505472,1.8785459979999999,400000,100000,100000,0.25,0.25,4.0,1,25000,100000,4.0,4,395,5753035776,14055342080,5aed05750d6eb4725ef15c817b5658e9c16e32fc25bdb6bd3f104c68a37c49ec,1,392,,1,0.370905,0.33322275,3,0.242886,0.242886,0.104778,0.0261945,1,0.104778,0.104778,0.03975,0.0099375,1,0.03975,0.03975,0.010789,0.0089745,1,0.010789,0.010789,0.0221,0.005525,1,0.0221,0.0221,247.988153,61.99732325,1,247.988153,247.988153,0.079949,0.01998725,1,0.079949,0.079949,0.0,0.0,0,0.0,0.0,0.0,0.0,0,0.0,0.0,0.077448,0.019362,1,0.077448,0.077448,0.03111,0.0077775,1,0.03111,0.03111,185.089261,46.27231525,1,185.089261,185.089261,0.0,0.0,0,0.0,0.0,14.38862,3.597155,1,14.38862,14.38862,2.982495,0.74562375,1,2.982495,2.982495,316.47187,248.62605825,2,50.834896,50.834896,1.186571,1.17296425,0,1.139672,1.139672,400000,100000,1,400000,400000,100000,25000,1,100000,100000,1,0.25,1,1,1,1,0.25,1,1,1,800000,200000,1,800000,800000,819200000,204800000,1,819200000,819200000,819200000,204800000,1,819200000,819200000,0.369625,0.0,0.0,0.008359,0.0,0.00028,0.0,0.0,0.0,0.0,0.0,0.0,0.0,0.0,0.0,316.47187,1.180732,0,0,0,0,0,0,0,,,,,,,,,,,
tiledb,node,256,0,cold,overlap_clustered_within_rank_25,100000,within_rank_25,clustered,2048,3,309.88763901405036,2,False,822607872,822607872,822607872,1.85862896,400000,100000,100000,0.25,0.25,4.0,1,25000,100000,4.0,4,395,5753035776,14055370752,8e39e3c9f8232d5ab505c076825beede285e70d8d4457f3e09b9122ed88f2a0d,1,392,,1,0.421824,0.37693449999999995,3,0.261966,0.261966,0.105099,0.02627475,1,0.105099,0.105099,0.036609,0.00915225,1,0.036609,0.036609,0.01184,0.00898,1,0.01184,0.01184,0.02297,0.0057425,1,0.02297,0.02297,239.644299,59.91132725,1,239.644299,239.644299,0.079858,0.0199645,1,0.079858,0.079858,0.0,0.0,0,0.0,0.0,0.0,0.0,0,0.0,0.0,0.080059,0.02001475,1,0.080059,0.080059,0.030949,0.00773725,1,0.030949,0.030949,176.282445,44.07061125,1,176.282445,176.282445,0.0,0.0,0,0.0,0.0,14.424631,3.60615775,1,14.424631,14.424631,3.000974,0.7502435,1,3.000974,3.000974,308.186486,242.38398825,2,50.824326,50.824326,1.183272,1.17185225,3,1.139923,1.139923,400000,100000,1,400000,400000,100000,25000,1,100000,100000,1,0.25,1,1,1,1,0.25,1,1,1,800000,200000,1,800000,800000,819200000,204800000,1,819200000,819200000,819200000,204800000,1,819200000,819200000,0.419824,0.0,0.0,0.00769,0.0,0.00037,0.0,0.0,0.0,0.0,0.0,0.0,0.0,0.0,0.0,308.186486,1.182092,0,0,0,0,0,0,0,,,,,,,,,,,
tiledb,node,256,0,cold,overlap_clustered_within_rank_25,100000,within_rank_25,clustered,2048,4,310.45358104165643,2,False,822710272,822710272,822710272,1.850766458,400000,100000,100000,0.25,0.25,4.0,1,25000,100000,4.0,4,395,5753035776,14055387136,de6726a9748611993943992c84bc562a0e510bc946cae28495b41c954d4d3d2a,1,392,,1,0.364914,0.32850225,2,0.250596,0.250596,0.105598,0.0263995,1,0.105598,0.105598,0.03634,0.009085,1,0.03634,0.03634,0.01035,0.0085925,1,0.01035,0.01035,0.022469,0.00561725,1,0.022469,0.022469,240.357239,60.08971475,1,240.357239,240.357239,0.079509,0.01987725,1,0.079509,0.079509,0.0,0.0,0,0.0,0.0,0.0,0.0,0,0.0,0.0,0.076429,0.01910725,1,0.076429,0.076429,0.03085,0.0077125,1,0.03085,0.03085,176.994974,44.2487435,1,176.994974,176.994974,0.0,0.0,0,0.0,0.0,14.387231,3.59680775,1,14.387231,14.387231,2.986225,0.74655625,1,2.986225,2.986225,308.806826,242.856798,2,50.797666,50.797666,1.183342,1.17082475,3,1.139543,1.139543,400000,100000,1,400000,400000,100000,25000,1,100000,100000,1,0.25,1,1,1,1,0.25,1,1,1,800000,200000,1,800000,800000,819200000,204800000,1,819200000,819200000,819200000,204800000,1,819200000,819200000,0.364914,0.0,0.0,0.00773,0.0,0.00063,0.0,0.0,0.0,0.0,0.0,0.0,0.0,0.0,0.0,308.806826,1.178892,0,0,0,0,0,0,0,,,,,,,,,,,
tiledb,node,256,0,cold,overlap_clustered_combined_12_5,48000,combined_12_5,clustered,2048,0,111.34636402130127,2,False,197623808,197623808,197623808,0.58022098,192000,96000,24000,0.5,0.125,2.0,4,6000,24000,4.0,4,376,2566065664,14324092928,2c04948adeec15cc0bae67a1fa8f8fa0a7399d9de17310ae4bf30615c4b6e2ed,1,94,,1,0.401104,0.34961725,2,0.219457,0.219457,0.093748,0.023437,1,0.093748,0.093748,0.03633,0.0090825,1,0.03633,0.03633,0.01245,0.00898675,1,0.01245,0.01245,0.012379,0.00309475,1,0.012379,0.012379,80.79681,20.199544999999997,1,80.79681,80.79681,0.02133,0.0053325,1,0.02133,0.02133,0.0,0.0,0,0.0,0.0,0.0,0.0,0,0.0,0.0,0.072189,0.01804725,1,0.072189,0.072189,0.01456,0.00364,1,0.01456,0.01456,60.747964,15.186991,1,60.747964,60.747964,0.0,0.0,0,0.0,0.0,3.481807,0.87045175,1,3.481807,3.481807,1.350389,0.33759725,1,1.350389,1.350389,110.283391,88.13597775,2,24.409248,24.409248,0.577991,0.5643615,0,0.532692,0.532692,192000,48000,1,192000,192000,24000,6000,1,24000,24000,1,0.25,1,1,1,1,0.25,1,1,1,192000,48000,1,192000,192000,196608000,49152000,1,196608000,196608000,196608000,49152000,1,196608000,196608000,0.401104,0.0,0.0,0.007509,0.0,0.00033,0.0,0.0,0.0,0.0,0.0,0.0,0.0,0.0,0.0,110.283391,0.574151,0,0,0,0,0,0,0,,,,,,,,,,,
tiledb,node,256,0,cold,overlap_clustered_combined_12_5,48000,combined_12_5,clustered,2048,1,110.19386199768633,1,True,197464064,197464064,197464064,0.5746287880000001,192000,96000,24000,0.5,0.125,2.0,4,6000,24000,4.0,4,376,2566065664,14324097024,60e2e239082894e5f42aae94fa3247936c7f20632a6e48dc27b4a9d10003c5f7,1,94,,1,0.311385,0.277848,2,0.203107,0.203107,0.090608,0.022652,1,0.090608,0.090608,0.03554,0.008885,1,0.03554,0.03554,0.00959,0.0082225,1,0.00959,0.00959,0.009929,0.00248225,1,0.009929,0.009929,79.800045,19.950163749999998,1,79.800045,79.800045,0.01991,0.0049775,1,0.01991,0.01991,0.0,0.0,0,0.0,0.0,0.0,0.0,0,0.0,0.0,0.069989,0.01749725,1,0.069989,0.069989,0.0126,0.00315,1,0.0126,0.0126,59.973716,14.993429,1,59.973716,59.973716,0.0,0.0,0,0.0,0.0,3.482597,0.87064925,1,3.482597,3.482597,1.357189,0.33929725,1,1.357189,1.357189,109.213267,87.360272,0,24.352809,24.352809,0.576492,0.5632715,2,0.530962,0.530962,192000,48000,1,192000,192000,24000,6000,1,24000,24000,1,0.25,1,1,1,1,0.25,1,1,1,192000,48000,1,192000,192000,196608000,49152000,1,196608000,196608000,196608000,49152000,1,196608000,196608000,0.203107,0.090608,0.03554,0.00959,0.009929,79.800045,0.01991,0.0,0.0,0.069989,0.0126,59.973716,0.0,3.482597,1.357189,24.352809,0.530962,192000,24000,1,1,192000,196608000,196608000,,,,,,,,,,,
tiledb,node,256,0,cold,overlap_clustered_combined_12_5,48000,combined_12_5,clustered,2048,2,110.29728001449257,2,False,199663616,199663616,199663616,0.574998898,192000,96000,24000,0.5,0.125,2.0,4,6000,24000,4.0,4,380,2566065664,14324084736,170b81a2afb9fb41db25666756b435d3d43c1fec143a8feeaf06c2709d7e04d0,1,95,,1,0.331915,0.295848,2,0.209747,0.209747,0.093038,0.0232595,1,0.093038,0.093038,0.03706,0.009265,1,0.03706,0.03706,0.0098,0.008435,1,0.0098,0.0098,0.012419,0.00310475,1,0.012419,0.012419,79.813405,19.95348375,1,79.813405,79.813405,0.01981,0.0049525,1,0.01981,0.01981,0.0,0.0,0,0.0,0.0,0.0,0.0,0,0.0,0.0,0.074889,0.01872225,1,0.074889,0.074889,0.01274,0.003185,1,0.01274,0.01274,59.163848,14.790962,1,59.163848,59.163848,0.0,0.0,0,0.0,0.0,3.487066,0.8717665,1,3.487066,3.487066,1.35231,0.3380775,1,1.35231,1.35231,109.297905,87.40504875,2,24.407398,24.407398,0.575711,0.5636165,3,0.531532,0.531532,192000,48000,1,192000,192000,24000,6000,1,24000,24000,1,0.25,1,1,1,1,0.25,1,1,1,192000,48000,1,192000,192000,196608000,49152000,1,196608000,196608000,196608000,49152000,1,196608000,196608000,0.331915,0.0,0.0,0.00798,0.0,0.00016,0.0,0.0,0.0,0.0,0.0,0.0,0.0,0.0,0.0,109.297905,0.573152,0,0,0,0,0,0,0,,,,,,,,,,,
tiledb,node,256,0,cold,overlap_clustered_combined_12_5,48000,combined_12_5,clustered,2048,3,107.37389500718564,2,False,199766016,199766016,199766016,0.5533031900000001,192000,96000,24000,0.5,0.125,2.0,4,6000,24000,4.0,4,380,2566065664,14324097024,b2564ed0ff53a930800ec200c9bff29293a3288d54fe7581062f47e0901345fa,1,95,,1,0.319966,0.28578125,2,0.210887,0.210887,0.093728,0.023432,1,0.093728,0.093728,0.03713,0.0092825,1,0.03713,0.03713,0.00933,0.008275,1,0.00933,0.00933,0.012319,0.00307975,1,0.012319,0.012319,76.908179,19.22717475,1,76.908179,76.908179,0.01934,0.004835,1,0.01934,0.01934,0.0,0.0,0,0.0,0.0,0.0,0.0,0,0.0,0.0,0.079509,0.01987725,1,0.079509,0.079509,0.01337,0.0033425,1,0.01337,0.01337,56.42451,14.1061275,1,56.42451,56.42451,0.0,0.0,0,0.0,0.0,3.484517,0.87112925,1,3.484517,3.484517,1.350479,0.33761975,1,1.350479,1.350479,106.38868,85.225857,2,24.406638,24.406638,0.577201,0.56420125,0,0.530432,0.530432,192000,48000,1,192000,192000,24000,6000,1,24000,24000,1,0.25,1,1,1,1,0.25,1,1,1,192000,48000,1,192000,192000,196608000,49152000,1,196608000,196608000,196608000,49152000,1,196608000,196608000,0.319966,0.0,0.0,0.00767,0.0,0.00019,0.0,0.0,0.0,0.0,0.0,0.0,0.0,0.0,0.0,106.38868,0.572761,0,0,0,0,0,0,0,,,,,,,,,,,
tiledb,node,256,0,cold,overlap_clustered_combined_12_5,48000,combined_12_5,clustered,2048,4,111.00923898629844,0,False,199606272,199606272,199606272,0.5799283,192000,96000,24000,0.5,0.125,2.0,4,6000,24000,4.0,4,380,2566065664,14324092928,05bfa2df12ba6d553a452e6d8fa20f55ea894b9e5a122ff229dcf5bb126b0443,1,95,,1,0.382375,0.336133,2,0.214687,0.214687,0.093698,0.0234245,1,0.093698,0.093698,0.03719,0.0092975,1,0.03719,0.03719,0.01235,0.0109175,0,0.01143,0.01143,0.012189,0.00304725,1,0.012189,0.012189,80.486055,20.121658749999998,1,80.486055,80.486055,0.02005,0.0050125,1,0.02005,0.02005,0.0,0.0,0,0.0,0.0,0.0,0.0,0,0.0,0.0,0.07436899999999999,0.018592249999999998,1,0.07436899999999999,0.07436899999999999,0.01341,0.0033525,1,0.01341,0.01341,60.207133,15.05178325,1,60.207133,60.207133,0.0,0.0,0,0.0,0.0,3.485267,0.87131675,1,3.485267,3.485267,1.35648,0.33912,1,1.35648,1.35648,109.961395,87.884479,0,24.397798,24.397798,0.573841,0.5626340000000001,3,0.529662,0.529662,192000,48000,1,192000,192000,24000,6000,1,24000,24000,1,0.25,1,1,1,1,0.25,1,1,1,192000,48000,1,192000,192000,196608000,49152000,1,196608000,196608000,196608000,49152000,1,196608000,196608000,0.367455,0.0,0.0,0.01235,0.0,0.00017,0.0,0.0,0.0,0.0,0.0,0.0,0.0,0.0,0.0,109.961395,0.573312,0,0,0,0,0,0,0,,,,,,,,,,,
tiledb,node,256,0,cold,overlap_clustered_combined_12_5,100000,combined_12_5,clustered,2048,0,270.76291502453387,2,True,413581312,413581312,413581312,1.3789327409999999,400000,200000,50000,0.5,0.125,2.0,4,12500,50000,4.0,4,788,5344222208,14856552448,e503c7cb99f9b706f31ea7bbdb7d912e6118cde2c8f074ad630d36d6e8e92385,1,197,,1,0.448823,0.362222,2,0.448823,0.448823,0.107838,0.0269595,2,0.107838,0.107838,0.03686,0.009215,2,0.03686,0.03686,82.308806,20.5841415,2,82.308806,82.308806,0.041449,0.01036225,2,0.041449,0.041449,125.40591,31.351747500000002,2,125.40591,125.40591,0.04069,0.0101725,2,0.04069,0.04069,0.0,0.0,0,0.0,0.0,0.0,0.0,0,0.0,0.0,0.107019,0.02675475,2,0.107019,0.107019,0.020669,0.00516725,2,0.020669,0.020669,124.907028,31.226757,2,124.907028,124.907028,0.0,0.0,0,0.0,0.0,7.21988,1.80497,2,7.21988,7.21988,3.042244,0.760561,2,3.042244,3.042244,269.032143,213.0512425,3,50.773967,50.773967,1.189252,1.1726320000000001,0,1.137712,1.137712,400000,100000,2,400000,400000,50000,12500,2,50000,50000,1,0.25,2,1,1,1,0.25,2,1,1,400000,100000,2,400000,400000,409600000,102400000,2,409600000,409600000,409600000,102400000,2,409600000,409600000,0.448823,0.107838,0.03686,82.308806,0.041449,125.40591,0.04069,0.0,0.0,0.107019,0.020669,124.907028,0.0,7.21988,3.042244,50.773967,1.137712,400000,50000,1,1,400000,409600000,409600000,,,,,,,,,,,
tiledb,node,256,0,cold,overlap_clustered_combined_12_5,100000,combined_12_5,clustered,2048,1,202.3218689719215,1,False,413683712,413683712,413683712,1.162023321,400000,200000,50000,0.5,0.125,2.0,4,12500,50000,4.0,4,788,5344222208,14859026432,2ba0910f71c67d14737709a679d3f61541396496df427c5e6d019d6b197b208e,1,197,,1,0.70447,0.46433800000000003,0,0.286705,0.286705,0.103569,0.02589225,2,0.103569,0.103569,0.038819,0.00970475,2,0.038819,0.038819,0.01184,0.00989,2,0.01184,0.01184,0.01464,0.00366,2,0.01464,0.01464,139.216889,34.80467225,2,139.216889,139.216889,0.039169,0.00979225,2,0.039169,0.039169,0.0,0.0,0,0.0,0.0,0.0,0.0,0,0.0,0.0,0.07844899999999999,0.019612249999999998,2,0.07844899999999999,0.07844899999999999,0.018829,0.00470725,2,0.018829,0.018829,138.743107,34.68577675,2,138.743107,138.743107,0.0,0.0,0,0.0,0.0,7.21834,1.804585,2,7.21834,7.21834,3.036434,0.7591085,2,3.036434,3.036434,200.545105,161.66207275,1,50.795877,50.795877,1.205622,1.1765645,1,1.138282,1.138282,400000,100000,2,400000,400000,50000,12500,2,50000,50000,1,0.25,2,1,1,1,0.25,2,1,1,400000,100000,2,400000,400000,409600000,102400000,2,409600000,409600000,409600000,102400000,2,409600000,409600000,0.240876,0.0,0.0,0.00995,0.0,0.00079,0.0,0.0,0.0,0.0,0.0,0.0,0.0,0.0,0.0,200.545105,1.205622,0,0,0,0,0,0,0,,,,,,,,,,,
tiledb,node,256,0,cold,overlap_clustered_combined_12_5,100000,combined_12_5,clustered,2048,2,206.4903340069577,1,False,413523968,413523968,413523968,1.183480768,400000,200000,50000,0.5,0.125,2.0,4,12500,50000,4.0,4,788,5344222208,14859055104,d42fd5add5b02c164d390790687ecf2b4baf06b18ad7453cabebaeccb8e7febb,1,197,,1,0.426573,0.31680025,3,0.261766,0.261766,0.104198,0.0260495,2,0.104198,0.104198,0.03788,0.00947,2,0.03788,0.03788,0.01277,0.0099475,2,0.01277,0.01277,0.014519,0.00362975,2,0.014519,0.014519,143.522014,35.8809485,2,143.522014,143.522014,0.03965,0.0099125,2,0.03965,0.03965,0.0,0.0,0,0.0,0.0,0.0,0.0,0,0.0,0.0,0.078679,0.01966975,2,0.078679,0.078679,0.01881,0.0047025,2,0.01881,0.01881,143.042851,35.76071275,2,143.042851,143.042851,0.0,0.0,0,0.0,0.0,7.21715,1.8042875,2,7.21715,7.21715,3.033634,0.7584085,2,3.033634,3.033634,204.800981,164.87324125,1,50.786627,50.786627,1.189332,1.17207725,0,1.133343,1.133343,400000,100000,2,400000,400000,50000,12500,2,50000,50000,1,0.25,2,1,1,1,0.25,2,1,1,400000,100000,2,400000,400000,409600000,102400000,2,409600000,409600000,409600000,102400000,2,409600000,409600000,0.227527,0.0,0.0,0.01031,0.0,0.0011,0.0,0.0,0.0,0.0,0.0,0.0,0.0,0.0,0.0,204.800981,1.184952,0,0,0,0,0,0,0,,,,,,,,,,,
tiledb,node,256,0,cold,overlap_clustered_combined_12_5,100000,combined_12_5,clustered,2048,3,206.7102610017173,1,False,411529216,411529216,411529216,1.195527145,400000,200000,50000,0.5,0.125,2.0,4,12500,50000,4.0,4,784,5344222208,14859096064,1868ae3f0978c6f66a29ea1d1f123fe88c527eff6adda8ef08474961e17c2c9b,1,196,,1,0.432413,0.32432,3,0.264506,0.264506,0.103248,0.025812,2,0.103248,0.103248,0.03913,0.0097825,2,0.03913,0.03913,0.012129,0.00983925,2,0.012129,0.012129,0.01512,0.00378,2,0.01512,0.01512,143.78876,35.947595,2,143.78876,143.78876,0.04013,0.0100325,2,0.04013,0.04013,0.0,0.0,0,0.0,0.0,0.0,0.0,0,0.0,0.0,0.078509,0.01962725,2,0.078509,0.078509,0.01859,0.0046475,2,0.01859,0.01859,143.297537,35.82438425,2,143.297537,143.297537,0.0,0.0,0,0.0,0.0,7.21599,1.8039975,2,7.21599,7.21599,3.028754,0.7571885,2,3.028754,3.028754,205.031247,165.04810600000002,1,50.739577,50.739577,1.193552,1.1741472499999999,0,1.140483,1.140483,400000,100000,2,400000,400000,50000,12500,2,50000,50000,1,0.25,2,1,1,1,0.25,2,1,1,400000,100000,2,400000,400000,409600000,102400000,2,409600000,409600000,409600000,102400000,2,409600000,409600000,0.249686,0.0,0.0,0.009719,0.0,0.00066,0.0,0.0,0.0,0.0,0.0,0.0,0.0,0.0,0.0,205.031247,1.181722,0,0,0,0,0,0,0,,,,,,,,,,,
tiledb,node,256,0,cold,overlap_clustered_combined_12_5,100000,combined_12_5,clustered,2048,4,199.41435201326385,3,False,411631616,411631616,411631616,1.1172206869999999,400000,200000,50000,0.5,0.125,2.0,4,12500,50000,4.0,4,784,5344222208,14859124736,dd821f2e5a2af1dc96ecaa69e54d44cceaefedbb956b67436cc06dc3a30f8f89,1,196,,1,0.432774,0.3266575,3,0.258646,0.258646,0.103679,0.02591975,2,0.103679,0.103679,0.037719,0.00942975,2,0.037719,0.037719,0.01275,0.009545,2,0.01275,0.01275,0.01435,0.0035875,2,0.01435,0.01435,136.399412,34.1004105,2,136.399412,136.399412,0.039739,0.00993475,2,0.039739,0.039739,0.0,0.0,0,0.0,0.0,0.0,0.0,0,0.0,0.0,0.082678,0.0206695,2,0.082678,0.082678,0.01931,0.0048275,2,0.01931,0.01931,135.89742,33.974355,2,135.89742,135.89742,0.0,0.0,0,0.0,0.0,7.24218,1.810545,2,7.24218,7.24218,3.032134,0.7580335,2,3.032134,3.032134,197.694529,159.55358475,3,50.748407,50.748407,1.188642,1.17615975,1,1.144373,1.144373,400000,100000,2,400000,400000,50000,12500,2,50000,50000,1,0.25,2,1,1,1,0.25,2,1,1,400000,100000,2,400000,400000,409600000,102400000,2,409600000,409600000,409600000,102400000,2,409600000,409600000,0.432774,0.0,0.0,0.00812,0.0,0.00043,0.0,0.0,0.0,0.0,0.0,0.0,0.0,0.0,0.0,197.694529,1.186792,0,0,0,0,0,0,0,,,,,,,,,,,
tiledb,node,256,0,cold,overlap_clustered_combined_6_25,48000,combined_6_25,clustered,2048,0,86.28437499282882,3,False,100986880,100986880,100986880,0.41821238,192000,48000,12000,0.25,0.0625,4.0,4,3000,12000,4.0,4,192,2466713088,15123329024,b0ba11a9dc3d89e6668f192d0ffaaf1c4b3137a34f194d9968fe90f3812bbdac,1,48,,1,0.424354,0.30703025,3,0.221647,0.221647,0.091368,0.022842,2,0.091368,0.091368,0.03537,0.0088425,2,0.03537,0.03537,0.01363,0.010087500000000001,2,0.01363,0.01363,0.007329,0.00183225,2,0.007329,0.007329,57.583623,14.396170750000001,2,57.583623,57.583623,0.01088,0.00272,2,0.01088,0.01088,0.0,0.0,0,0.0,0.0,0.0,0.0,0,0.0,0.0,0.07786900000000001,0.019467250000000002,2,0.07786900000000001,0.07786900000000001,0.01097,0.0027425,2,0.01097,0.01097,57.257828,14.314457,2,57.257828,57.257828,0.0,0.0,0,0.0,0.0,1.767533,0.44188325,2,1.767533,1.767533,1.279871,0.31996775,2,1.279871,1.279871,85.225232,69.34381375,1,24.374749,24.374749,0.578781,0.56519175,1,0.534442,0.534442,192000,48000,2,192000,192000,12000,3000,2,12000,12000,1,0.25,2,1,1,1,0.25,2,1,1,96000,24000,2,96000,96000,98304000,24576000,2,98304000,98304000,98304000,24576000,2,98304000,98304000,0.424354,0.0,0.0,0.00781,0.0,0.00036,0.0,0.0,0.0,0.0,0.0,0.0,0.0,0.0,0.0,85.199252,0.573822,0,0,0,0,0,0,0,,,,,,,,,,,
tiledb,node,256,0,cold,overlap_clustered_combined_6_25,48000,combined_6_25,clustered,2048,1,86.00970002589747,1,False,101089280,101089280,101089280,0.417771921,192000,48000,12000,0.25,0.0625,4.0,4,3000,12000,4.0,4,192,2466713088,15124242432,febecd069f91c1ef95a9cf71955c1296230db1e3ea4f9532cf14eee97a14994f,1,48,,1,0.394674,0.31270275000000003,3,0.219097,0.219097,0.092199,0.02304975,2,0.092199,0.092199,0.037669,0.00941725,2,0.037669,0.037669,0.01414,0.01051,2,0.01414,0.01414,0.00868,0.00217,2,0.00868,0.00868,57.326597,14.33186175,2,57.326597,57.326597,0.01046,0.002615,2,0.01046,0.01046,0.0,0.0,0,0.0,0.0,0.0,0.0,0,0.0,0.0,0.083318,0.0208295,2,0.083318,0.083318,0.0105,0.002625,2,0.0105,0.0105,56.958983,14.23974575,2,56.958983,56.958983,0.0,0.0,0,0.0,0.0,1.768523,0.44213075,2,1.768523,1.768523,1.27486,0.318715,2,1.27486,1.27486,84.990045,69.16950125,1,24.390108,24.390108,0.574841,0.56223625,3,0.531052,0.531052,192000,48000,2,192000,192000,12000,3000,2,12000,12000,1,0.25,2,1,1,1,0.25,2,1,1,96000,24000,2,96000,96000,98304000,24576000,2,98304000,98304000,98304000,24576000,2,98304000,98304000,0.276956,0.0,0.0,0.01056,0.0,0.00052,0.0,0.0,0.0,0.0,0.0,0.0,0.0,0.0,0.0,84.990045,0.571561,0,0,0,0,0,0,0,,,,,,,,,,,
tiledb,node,256,0,cold,overlap_clustered_combined_6_25,48000,combined_6_25,clustered,2048,2,83.30584096256644,3,False,101191680,101191680,101191680,0.403989655,192000,48000,12000,0.25,0.0625,4.0,4,3000,12000,4.0,4,192,2466713088,15124250624,51fec51bb6c3bee42deca9487e8ffc675164e83a7d2b8558c5b63ef62971676b,1,48,,1,0.385084,0.3207575,3,0.213967,0.213967,0.091869,0.02296725,2,0.091869,0.091869,0.036169,0.00904225,2,0.036169,0.036169,0.01183,0.0091825,2,0.01183,0.01183,0.0072,0.0018,2,0.0072,0.0072,54.548689,13.637409750000002,2,54.548689,54.548689,0.01073,0.0026825,2,0.01073,0.01073,0.0,0.0,0,0.0,0.0,0.0,0.0,0,0.0,0.0,0.077529,0.01938225,2,0.077529,0.077529,0.01088,0.00272,2,0.01088,0.01088,54.138775,13.53469375,2,54.138775,54.138775,0.0,0.0,0,0.0,0.0,1.771983,0.44299575,2,1.771983,1.771983,1.282021,0.32050525,2,1.282021,1.282021,82.256487,67.10030525,3,24.420148,24.420148,0.574871,0.5632889999999999,1,0.531862,0.531862,192000,48000,2,192000,192000,12000,3000,2,12000,12000,1,0.25,2,1,1,1,0.25,2,1,1,96000,24000,2,96000,96000,98304000,24576000,2,98304000,98304000,98304000,24576000,2,98304000,98304000,0.385084,0.0,0.0,0.00773,0.0,0.00026,0.0,0.0,0.0,0.0,0.0,0.0,0.0,0.0,0.0,82.256487,0.573591,0,0,0,0,0,0,0,,,,,,,,,,,
tiledb,node,256,0,cold,overlap_clustered_combined_6_25,48000,combined_6_25,clustered,2048,3,84.39580397680402,1,False,101031936,101031936,101031936,0.409116215,192000,48000,12000,0.25,0.0625,4.0,4,3000,12000,4.0,4,192,2466713088,15124258816,e0638e2a91138e970af73d3756db4943bbbc0045cba9d2e3824f3e328d708efb,1,48,,1,0.390854,0.3215975,3,0.219686,0.219686,0.093609,0.02340225,2,0.093609,0.093609,0.038279,0.00956975,2,0.038279,0.038279,0.01212,0.00925725,2,0.01212,0.01212,0.00871,0.0021775,2,0.00871,0.00871,55.714791,13.92887025,2,55.714791,55.714791,0.01068,0.00267,2,0.01068,0.01068,0.0,0.0,0,0.0,0.0,0.0,0.0,0,0.0,0.0,0.076889,0.01922225,2,0.076889,0.076889,0.01077,0.0026925,2,0.01077,0.01077,55.356557,13.83913925,2,55.356557,55.356557,0.0,0.0,0,0.0,0.0,1.776153,0.44403825,2,1.776153,1.776153,1.274151,0.31853775,2,1.274151,1.274151,83.355931,67.96227475,1,24.355549,24.355549,0.581871,0.5647815,0,0.532832,0.532832,192000,48000,2,192000,192000,12000,3000,2,12000,12000,1,0.25,2,1,1,1,0.25,2,1,1,96000,24000,2,96000,96000,98304000,24576000,2,98304000,98304000,98304000,24576000,2,98304000,98304000,0.312175,0.0,0.0,0.008889,0.0,0.00035,0.0,0.0,0.0,0.0,0.0,0.0,0.0,0.0,0.0,83.355931,0.574091,0,0,0,0,0,0,0,,,,,,,,,,,
tiledb,node,256,0,cold,overlap_clustered_combined_6_25,48000,combined_6_25,clustered,2048,4,85.90535103576258,1,False,101130240,101130240,101130240,0.422743059,192000,48000,12000,0.25,0.0625,4.0,4,3000,12000,4.0,4,192,2466713088,15124267008,18aee6a14d32a8c1b0c51523a001f42464679e5c39ce99cdb35ad5ad1fa94def,1,48,,1,0.382415,0.3094555,3,0.219997,0.219997,0.092188,0.023047,2,0.092188,0.092188,0.03724,0.00931,2,0.03724,0.03724,0.011599,0.00907975,2,0.011599,0.011599,0.00927,0.0023175,2,0.00927,0.00927,57.186959,14.296977250000001,2,57.186959,57.186959,0.01075,0.0026875,2,0.01075,0.01075,0.0,0.0,0,0.0,0.0,0.0,0.0,0,0.0,0.0,0.077449,0.01936225,2,0.077449,0.077449,0.01029,0.0025725,2,0.01029,0.01029,56.828714,14.2071785,2,56.828714,56.828714,0.0,0.0,0,0.0,0.0,1.771533,0.44288325,2,1.771533,1.771533,1.275521,0.31888025,2,1.275521,1.275521,84.867287,69.0738205,1,24.396229,24.396229,0.576851,0.564139,0,0.530022,0.530022,192000,48000,2,192000,192000,12000,3000,2,12000,12000,1,0.25,2,1,1,1,0.25,2,1,1,96000,24000,2,96000,96000,98304000,24576000,2,98304000,98304000,98304000,24576000,2,98304000,98304000,0.331615,0.0,0.0,0.00826,0.0,0.00039,0.0,0.0,0.0,0.0,0.0,0.0,0.0,0.0,0.0,84.867287,0.574432,0,0,0,0,0,0,0,,,,,,,,,,,
tiledb,node,256,0,cold,overlap_clustered_combined_6_25,100000,combined_6_25,clustered,2048,0,142.06921600271016,1,False,208199680,208199680,208199680,0.734406131,400000,100000,25000,0.25,0.0625,4.0,4,6250,25000,4.0,4,396,5139422208,15393562624,84bb9c2acbf4e30809952e8de290bd1b9a7a25ced4c4fa43aca8df64b86fa1c3,1,99,,1,0.431083,0.33533225,3,0.262916,0.262916,0.102978,0.0257445,2,0.102978,0.102978,0.03992,0.00998,2,0.03992,0.03992,0.012679,0.0099745,2,0.012679,0.012679,0.0116,0.0029,2,0.0116,0.0116,83.006766,20.751894,2,83.006766,83.006766,0.02169,0.0054225,2,0.02169,0.02169,0.0,0.0,0,0.0,0.0,0.0,0.0,0,0.0,0.0,0.084669,0.02116725,2,0.084669,0.084669,0.015179,0.00379475,2,0.015179,0.015179,82.622862,20.6557155,2,82.622862,82.622862,0.0,0.0,0,0.0,0.0,3.638134,0.9095335,2,3.638134,3.638134,2.68205,0.6705125,2,2.68205,2.68205,140.397102,116.58311425,1,50.800106,50.800106,1.179232,1.1689375,0,1.140863,1.140863,400000,100000,2,400000,400000,25000,6250,2,25000,25000,1,0.25,2,1,1,1,0.25,2,1,1,200000,50000,2,200000,200000,204800000,51200000,2,204800000,204800000,204800000,51200000,2,204800000,204800000,0.318105,0.0,0.0,0.01008,0.0,0.00033,0.0,0.0,0.0,0.0,0.0,0.0,0.0,0.0,0.0,140.397102,1.177382,0,0,0,0,0,0,0,,,,,,,,,,,
tiledb,node,256,0,cold,overlap_clustered_combined_6_25,100000,combined_6_25,clustered,2048,1,145.0230409973301,1,False,208015360,208015360,208015360,0.742102939,400000,100000,25000,0.25,0.0625,4.0,4,6250,25000,4.0,4,396,5139422208,15394906112,099ae8b87add43962c93e78691747ffba91e00bc05c5e53b921aa00755634219,1,99,,1,0.418403,0.3401595,3,0.263276,0.263276,0.102639,0.02565975,2,0.102639,0.102639,0.038099,0.00952475,2,0.038099,0.038099,0.01214,0.009455,2,0.01214,0.01214,0.01117,0.0027925,2,0.01117,0.01117,86.077939,21.51969475,2,86.077939,86.077939,0.02062,0.005155,2,0.02062,0.02062,0.0,0.0,0,0.0,0.0,0.0,0.0,0,0.0,0.0,0.07663900000000001,0.019159750000000003,2,0.07663900000000001,0.07663900000000001,0.01323,0.0033075,2,0.01323,0.01323,85.655805,21.41395125,2,85.655805,85.655805,0.0,0.0,0,0.0,0.0,3.634164,0.908541,2,3.634164,3.634164,2.6679,0.666975,2,2.6679,2.6679,143.350426,118.82556025,1,50.715008,50.715008,1.181062,1.1706322500000002,3,1.143082,1.143082,400000,100000,2,400000,400000,25000,6250,2,25000,25000,1,0.25,2,1,1,1,0.25,2,1,1,200000,50000,2,200000,200000,204800000,51200000,2,204800000,204800000,204800000,51200000,2,204800000,204800000,0.302335,0.0,0.0,0.00943,0.0,0.0003,0.0,0.0,0.0,0.0,0.0,0.0,0.0,0.0,0.0,143.350426,1.178303,0,0,0,0,0,0,0,,,,,,,,,,,
tiledb,node,256,0,cold,overlap_clustered_combined_6_25,100000,combined_6_25,clustered,2048,2,139.63722303742543,3,False,208113664,208113664,208113664,0.7039657770000001,400000,100000,25000,0.25,0.0625,4.0,4,6250,25000,4.0,4,396,5139422208,15394902016,e42ddac3a7a22b798994f0c89e738e5cc9c8871d8f39cffbaf0755d36ced77d7,1,99,,1,0.410214,0.339845,3,0.258616,0.258616,0.103268,0.025817,2,0.103268,0.103268,0.03884,0.00971,2,0.03884,0.03884,0.01159,0.00911,2,0.01159,0.01159,0.011119,0.00277975,2,0.011119,0.011119,80.610273,20.15288075,2,80.610273,80.610273,0.02037,0.0050925,2,0.02037,0.02037,0.0,0.0,0,0.0,0.0,0.0,0.0,0,0.0,0.0,0.07772899999999999,0.019432249999999998,2,0.07772899999999999,0.07772899999999999,0.0135,0.003375,2,0.0135,0.0135,80.177128,20.044282,2,80.177128,80.177128,0.0,0.0,0,0.0,0.0,3.632194,0.9080485,2,3.632194,3.632194,2.67197,0.6679925,2,2.67197,2.67197,137.947948,114.7390945,3,50.763957,50.763957,1.223671,1.18112675,0,1.140472,1.140472,400000,100000,2,400000,400000,25000,6250,2,25000,25000,1,0.25,2,1,1,1,0.25,2,1,1,200000,50000,2,200000,200000,204800000,51200000,2,204800000,204800000,204800000,51200000,2,204800000,204800000,0.410214,0.0,0.0,0.00778,0.0,0.00049,0.0,0.0,0.0,0.0,0.0,0.0,0.0,0.0,0.0,137.947948,1.178952,0,0,0,0,0,0,0,,,,,,,,,,,
tiledb,node,256,0,cold,overlap_clustered_combined_6_25,100000,combined_6_25,clustered,2048,3,142.7972040255554,3,False,207953920,207953920,207953920,0.729888024,400000,100000,25000,0.25,0.0625,4.0,4,6250,25000,4.0,4,396,5139422208,15394918400,7168199ecc7aa17e3f8896999ab5635300cd44be21ad77a24b3b3a2e3a687d8a,1,99,,1,0.420523,0.32581225,3,0.262946,0.262946,0.102279,0.02556975,2,0.102279,0.102279,0.038049,0.00951225,2,0.038049,0.038049,0.0114,0.009237500000000001,2,0.0114,0.0114,0.01124,0.00281,2,0.01124,0.01124,83.764244,20.941581000000003,2,83.764244,83.764244,0.020219,0.00505475,2,0.020219,0.020219,0.0,0.0,0,0.0,0.0,0.0,0.0,0,0.0,0.0,0.074689,0.01867225,2,0.074689,0.074689,0.01335,0.0033375,2,0.01335,0.01335,83.332211,20.83305275,2,83.332211,83.332211,0.0,0.0,0,0.0,0.0,3.651974,0.9129935,2,3.651974,3.651974,2.66313,0.6657825,2,2.66313,2.66313,141.101881,117.10478375,3,50.753117,50.753117,1.187932,1.174612,1,1.144142,1.144142,400000,100000,2,400000,400000,25000,6250,2,25000,25000,1,0.25,2,1,1,1,0.25,2,1,1,200000,50000,2,200000,200000,204800000,51200000,2,204800000,204800000,204800000,51200000,2,204800000,204800000,0.420523,0.0,0.0,0.00787,0.0,0.00022,0.0,0.0,0.0,0.0,0.0,0.0,0.0,0.0,0.0,141.101881,1.183062,0,0,0,0,0,0,0,,,,,,,,,,,
tiledb,node,256,0,cold,overlap_clustered_combined_6_25,100000,combined_6_25,clustered,2048,4,141.79939002497122,2,True,208056320,208056320,208056320,0.714091491,400000,100000,25000,0.25,0.0625,4.0,4,6250,25000,4.0,4,396,5139422208,15394959360,8aa2fb5e2d3dfdc0c2e2522404dc8e477e7bd2fbe1beff3a860df4674931c6a2,1,99,,1,0.440333,0.3342845,3,0.265146,0.265146,0.102649,0.02566225,2,0.102649,0.102649,0.038909,0.00972725,2,0.038909,0.038909,0.01088,0.009017500000000001,2,0.01088,0.01088,0.0113,0.002825,2,0.0113,0.0113,82.754819,20.68899225,2,82.754819,82.754819,0.020819,0.00520475,2,0.020819,0.020819,0.0,0.0,0,0.0,0.0,0.0,0.0,0,0.0,0.0,0.073029,0.01825725,2,0.073029,0.073029,0.01333,0.0033325,2,0.01333,0.01333,82.325026,20.5812565,2,82.325026,82.325026,0.0,0.0,0,0.0,0.0,3.636335,0.90908375,2,3.636335,3.636335,2.663579,0.66589475,2,2.663579,2.663579,140.127076,116.3131185,1,50.809596,50.809596,1.188681,1.17224425,0,1.139312,1.139312,400000,100000,2,400000,400000,25000,6250,2,25000,25000,1,0.25,2,1,1,1,0.25,2,1,1,200000,50000,2,200000,200000,204800000,51200000,2,204800000,204800000,204800000,51200000,2,204800000,204800000,0.265146,0.102649,0.038909,0.01088,0.0113,82.754819,0.020819,0.0,0.0,0.073029,0.01333,82.325026,0.0,3.636335,2.663579,50.809596,1.139312,400000,25000,1,1,200000,204800000,204800000,,,,,,,,,,,
tiledb,node,256,0,cold,overlap_clustered_combined_3_125,48000,combined_3_125,clustered,2048,0,55.457684968132526,3,False,50737152,50737152,50737152,0.256589939,192000,24000,6000,0.125,0.03125,8.0,4,1500,6000,4.0,4,96,2417561088,15461588992,83f8f0199efe304615658fabb8d8e06dac750c292d9e9bc209cfd1f7fa651fb9,1,24,,1,0.397434,0.306778,3,0.214127,0.214127,0.092729,0.02318225,2,0.092729,0.092729,0.035999,0.00899975,2,0.035999,0.035999,0.01434,0.0101075,2,0.01434,0.01434,0.00833,0.0020825,2,0.00833,0.00833,27.647319,6.91203475,2,27.647319,27.647319,0.00679,0.0016975,2,0.00679,0.00679,0.0,0.0,0,0.0,0.0,0.0,0.0,0,0.0,0.0,0.071759,0.01793975,2,0.071759,0.071759,0.00806,0.002015,2,0.00806,0.00806,27.372313,6.84307825,2,27.372313,27.372313,0.0,0.0,0,0.0,0.0,0.895356,0.223839,2,0.895356,0.895356,1.221462,0.3053655,2,1.221462,1.221462,54.394691,46.197173750000005,3,24.403458,24.403458,0.577641,0.5640514999999999,0,0.533742,0.533742,192000,48000,2,192000,192000,6000,1500,2,6000,6000,1,0.25,2,1,1,1,0.25,2,1,1,48000,12000,2,48000,48000,49152000,12288000,2,49152000,49152000,49152000,12288000,2,49152000,49152000,0.397434,0.0,0.0,0.0079,0.0,0.00018,0.0,0.0,0.0,0.0,0.0,0.0,0.0,0.0,0.0,54.394691,0.571692,0,0,0,0,0,0,0,,,,,,,,,,,
tiledb,node,256,0,cold,overlap_clustered_combined_3_125,48000,combined_3_125,clustered,2048,1,55.743801000062376,1,False,50839552,50839552,50839552,0.25892222,192000,24000,6000,0.125,0.03125,8.0,4,1500,6000,4.0,4,96,2417561088,15461605376,c5361ebf3ccae6fe7a458e06272274c5a4eecccd2879189bbcd2c797906ff53a,1,24,,1,0.361055,0.29596075,3,0.204617,0.204617,0.090719,0.02267975,2,0.090719,0.090719,0.034919,0.00872975,2,0.034919,0.034919,0.01099,0.008995,2,0.01099,0.01099,0.00614,0.001535,2,0.00614,0.00614,28.056083,7.01424325,2,28.056083,28.056083,0.00583,0.0014575,2,0.00583,0.00583,0.0,0.0,0,0.0,0.0,0.0,0.0,0,0.0,0.0,0.071589,0.01789725,2,0.071589,0.071589,0.00871,0.0021775,2,0.00871,0.00871,27.762207,6.94055175,2,27.762207,27.762207,0.0,0.0,0,0.0,0.0,0.892086,0.2230215,2,0.892086,0.892086,1.220392,0.305098,2,1.220392,1.220392,54.736347,46.472045,1,24.364979,24.364979,0.577142,0.5645215,3,0.532652,0.532652,192000,48000,2,192000,192000,6000,1500,2,6000,6000,1,0.25,2,1,1,1,0.25,2,1,1,48000,12000,2,48000,48000,49152000,12288000,2,49152000,49152000,49152000,12288000,2,49152000,49152000,0.334225,0.0,0.0,0.00858,0.0,0.00017,0.0,0.0,0.0,0.0,0.0,0.0,0.0,0.0,0.0,54.736347,0.572811,0,0,0,0,0,0,0,,,,,,,,,,,
tiledb,node,256,0,cold,overlap_clustered_combined_3_125,48000,combined_3_125,clustered,2048,2,55.68256200058386,3,False,50679808,50679808,50679808,0.259050098,192000,24000,6000,0.125,0.03125,8.0,4,1500,6000,4.0,4,96,2417561088,15461609472,d2f8f401af52b36e2cfa89cd02f39a75380fca0027a0134c1d0d8e2a879c0c8f,1,24,,1,0.362355,0.29471325,3,0.211157,0.211157,0.091748,0.022937,2,0.091748,0.091748,0.0368,0.0092,2,0.0368,0.0368,0.01028,0.008815,2,0.01028,0.01028,0.00789,0.0019725,2,0.00789,0.00789,27.982343,6.99587575,2,27.982343,27.982343,0.005999,0.00149975,2,0.005999,0.005999,0.0,0.0,0,0.0,0.0,0.0,0.0,0,0.0,0.0,0.071159,0.01778975,2,0.071159,0.071159,0.00833,0.0020825,2,0.00833,0.00833,27.701648,6.925412,2,27.701648,27.701648,0.0,0.0,0,0.0,0.0,0.887527,0.22188175,2,0.887527,0.887527,1.217471,0.30436775,2,1.217471,1.217471,54.661397,46.414668,3,24.364669,24.364669,0.574531,0.56642125,1,0.547591,0.547591,192000,48000,2,192000,192000,6000,1500,2,6000,6000,1,0.25,2,1,1,1,0.25,2,1,1,48000,12000,2,48000,48000,49152000,12288000,2,49152000,49152000,49152000,12288000,2,49152000,49152000,0.362355,0.0,0.0,0.0076,0.0,0.00038,0.0,0.0,0.0,0.0,0.0,0.0,0.0,0.0,0.0,54.661397,0.570272,0,0,0,0,0,0,0,,,,,,,,,,,
tiledb,node,256,0,cold,overlap_clustered_combined_3_125,48000,combined_3_125,clustered,2048,3,55.7879299740307,1,False,50782208,50782208,50782208,0.260053199,192000,24000,6000,0.125,0.03125,8.0,4,1500,6000,4.0,4,96,2417561088,15461609472,825c8827ed25623c86f98a4c518f6ac4074e26b8b9a875e9d3787fd96510a334,1,24,,1,0.335485,0.27826075,3,0.207687,0.207687,0.090818,0.0227045,2,0.090818,0.090818,0.03479,0.0086975,2,0.03479,0.03479,0.009879,0.008587250000000001,2,0.009879,0.009879,0.00619,0.0015475,2,0.00619,0.00619,28.168371,7.04228525,2,28.168371,28.168371,0.00607,0.0015175,2,0.00607,0.00607,0.0,0.0,0,0.0,0.0,0.0,0.0,0,0.0,0.0,0.066789,0.01669725,2,0.066789,0.066789,0.00693,0.0017325,2,0.00693,0.00693,27.894705,6.97367625,2,27.894705,27.894705,0.0,0.0,0,0.0,0.0,0.887027,0.22175675,2,0.887027,0.887027,1.224341,0.30608525,2,1.224341,1.224341,54.810245,46.539156,1,24.325759,24.325759,0.574531,0.56278875,3,0.530712,0.530712,192000,48000,2,192000,192000,6000,1500,2,6000,6000,1,0.25,2,1,1,1,0.25,2,1,1,48000,12000,2,48000,48000,49152000,12288000,2,49152000,49152000,49152000,12288000,2,49152000,49152000,0.294615,0.0,0.0,0.00834,0.0,0.00015,0.0,0.0,0.0,0.0,0.0,0.0,0.0,0.0,0.0,54.810245,0.571971,0,0,0,0,0,0,0,,,,,,,,,,,
tiledb,node,256,0,cold,overlap_clustered_combined_3_125,48000,combined_3_125,clustered,2048,4,57.88422899786383,3,False,52719616,52719616,52719616,0.27566784,192000,24000,6000,0.125,0.03125,8.0,4,1500,6000,4.0,4,100,2417561088,15461609472,156d07439fd9bafff06755b7043afee95556c93cfa0d1246f7fac717745ff501,1,25,,1,0.329415,0.2758885,3,0.205357,0.205357,0.091908,0.022977,2,0.091908,0.091908,0.03554,0.008885,2,0.03554,0.03554,0.0102,0.008615,2,0.0102,0.0102,0.00815,0.0020375,2,0.00815,0.00815,30.16503,7.541385,2,30.16503,30.16503,0.00607,0.0015175,2,0.00607,0.00607,0.0,0.0,0,0.0,0.0,0.0,0.0,0,0.0,0.0,0.06664,0.01666,2,0.06664,0.06664,0.01232,0.00308,2,0.01232,0.01232,29.826646,7.4566615,2,29.826646,29.826646,0.0,0.0,0,0.0,0.0,0.911686,0.2279215,2,0.911686,0.911686,1.230401,0.30760025,2,1.230401,1.230401,56.909083,48.12339975,1,24.365059,24.365059,0.573921,0.56261125,0,0.531291,0.531291,192000,48000,2,192000,192000,6000,1500,2,6000,6000,1,0.25,2,1,1,1,0.25,2,1,1,48000,12000,2,48000,48000,49152000,12288000,2,49152000,49152000,49152000,12288000,2,49152000,49152000,0.329415,0.0,0.0,0.00772,0.0,0.00016,0.0,0.0,0.0,0.0,0.0,0.0,0.0,0.0,0.0,56.894324,0.572111,0,0,0,0,0,0,0,,,,,,,,,,,
tiledb,node,256,0,cold,overlap_clustered_combined_3_125,100000,combined_3_125,clustered,2048,0,109.32760400464758,3,False,105213952,105213952,105213952,0.49700433099999997,400000,50000,12500,0.125,0.03125,8.0,4,3125,12500,4.0,4,200,5037022208,15462055936,23539a2deec1b65b53470296a63def95404ee5e76bee94d9da27f6f7faaa4fa9,1,50,,1,0.342045,0.2651135,3,0.228596,0.228596,0.102388,0.025597,2,0.102388,0.102388,0.03449,0.0086225,2,0.03449,0.03449,0.01077,0.00928475,2,0.01077,0.01077,0.008899,0.00222475,2,0.008899,0.008899,52.468101,13.11716525,2,52.468101,52.468101,0.01123,0.0028075,2,0.01123,0.01123,0.0,0.0,0,0.0,0.0,0.0,0.0,0,0.0,0.0,0.054089,0.01352225,2,0.054089,0.054089,0.00852,0.00213,2,0.00852,0.00852,52.239405,13.05985125,2,52.239405,52.239405,0.0,0.0,0,0.0,0.0,1.815683,0.45392075,2,1.815683,1.815683,2.534301,0.63357525,2,2.534301,2.534301,107.7123,92.08264525,3,50.681508,50.681508,1.184632,1.1692945,3,1.139212,1.139212,400000,100000,2,400000,400000,12500,3125,2,12500,12500,1,0.25,2,1,1,1,0.25,2,1,1,100000,25000,2,100000,100000,102400000,25600000,2,102400000,102400000,102400000,25600000,2,102400000,102400000,0.342045,0.0,0.0,0.00771,0.0,0.00011,0.0,0.0,0.0,0.0,0.0,0.0,0.0,0.0,0.0,107.7123,1.184632,0,0,0,0,0,0,0,,,,,,,,,,,
tiledb,node,256,0,cold,overlap_clustered_combined_3_125,100000,combined_3_125,clustered,2048,1,110.4216980165802,3,False,105369600,105369600,105369600,0.503769709,400000,50000,12500,0.125,0.03125,8.0,4,3125,12500,4.0,4,200,5037022208,15462109184,dd735e702aab6a5ef4e078e005d31bae113c86702f38c9b08a1107977ef0c950,1,50,,1,0.6777,0.527562,3,0.593911,0.593911,0.099979,0.02499475,2,0.099979,0.099979,0.034679,0.00866975,2,0.034679,0.034679,0.01016,0.008847250000000001,2,0.01016,0.01016,0.00717,0.0017925,2,0.00717,0.00717,53.211299,13.30309975,2,53.211299,53.211299,0.0111,0.002775,2,0.0111,0.0111,0.0,0.0,0,0.0,0.0,0.0,0.0,0,0.0,0.0,0.056569,0.01414225,2,0.056569,0.056569,0.00859,0.0021475,2,0.00859,0.00859,52.951124,13.237781,2,52.951124,52.951124,0.0,0.0,0,0.0,0.0,1.814792,0.453698,2,1.814792,1.814792,2.544382,0.6360955,2,2.544382,2.544382,108.465797,92.62373625,3,50.686057,50.686057,1.185402,1.17128225,1,1.137313,1.137313,400000,100000,2,400000,400000,12500,3125,2,12500,12500,1,0.25,2,1,1,1,0.25,2,1,1,100000,25000,2,100000,100000,102400000,25600000,2,102400000,102400000,102400000,25600000,2,102400000,102400000,0.6777,0.0,0.0,0.00789,0.0,0.00015,0.0,0.0,0.0,0.0,0.0,0.0,0.0,0.0,0.0,108.465797,1.183792,0,0,0,0,0,0,0,,,,,,,,,,,
tiledb,node,256,0,cold,overlap_clustered_combined_3_125,100000,combined_3_125,clustered,2048,2,109.78719795821235,1,False,105185280,105185280,105185280,0.50168908,400000,50000,12500,0.125,0.03125,8.0,4,3125,12500,4.0,4,200,5037022208,15462125568,1f3440f1ece5472a09fa600f0d3b94e74502e6d5c62dacc3b9b56e7b9c63eade,1,50,,1,0.298485,0.24591849999999998,3,0.240316,0.240316,0.102208,0.025552,2,0.102208,0.102208,0.03575,0.0089375,2,0.03575,0.03575,0.00989,0.00879475,2,0.00989,0.00989,0.0085,0.002125,2,0.0085,0.0085,53.053071,13.26344525,2,53.053071,53.053071,0.010559,0.00263975,2,0.010559,0.010559,0.0,0.0,0,0.0,0.0,0.0,0.0,0,0.0,0.0,0.051429,0.01285725,2,0.051429,0.051429,0.00904,0.00226,2,0.00904,0.00904,52.758797,13.18969925,2,52.758797,52.758797,0.0,0.0,0,0.0,0.0,1.814073,0.45351825,2,1.814073,1.814073,2.535041,0.63376025,2,2.535041,2.535041,108.235701,92.44736425,1,50.612039,50.612039,1.182882,1.16757975,0,1.139553,1.139553,400000,100000,2,400000,400000,12500,3125,2,12500,12500,1,0.25,2,1,1,1,0.25,2,1,1,100000,25000,2,100000,100000,102400000,25600000,2,102400000,102400000,102400000,25600000,2,102400000,102400000,0.248726,0.0,0.0,0.00816,0.0,0.00015,0.0,0.0,0.0,0.0,0.0,0.0,0.0,0.0,0.0,108.235701,1.175512,0,0,0,0,0,0,0,,,,,,,,,,,
tiledb,node,256,0,cold,overlap_clustered_combined_3_125,100000,combined_3_125,clustered,2048,3,111.56720103463158,3,False,103190528,103190528,103190528,0.517138869,400000,50000,12500,0.125,0.03125,8.0,4,3125,12500,4.0,4,196,5037022208,15462133760,b85c5508b2843b381d9e27bae605a062858046c0dc876dbb271c5505b644d538,1,49,,1,0.316065,0.256181,3,0.252926,0.252926,0.102899,0.02572475,2,0.102899,0.102899,0.035009,0.00875225,2,0.035009,0.035009,0.00915,0.0086975,0,0.00912,0.00912,0.00904,0.00226,2,0.00904,0.00904,54.639848,13.660192,2,54.639848,54.639848,0.01097,0.0027425,2,0.01097,0.01097,0.0,0.0,0,0.0,0.0,0.0,0.0,0,0.0,0.0,0.048868999999999996,0.012217249999999999,2,0.048868999999999996,0.048868999999999996,0.00761,0.0019025,2,0.00761,0.00761,54.386092,13.596523,2,54.386092,54.386092,0.0,0.0,0,0.0,0.0,1.819102,0.4547755,2,1.819102,1.819102,2.527191,0.63179775,2,2.527191,2.527191,109.975855,93.74916225,3,50.777027,50.777027,1.185772,1.17097225,0,1.136763,1.136763,400000,100000,2,400000,400000,12500,3125,2,12500,12500,1,0.25,2,1,1,1,0.25,2,1,1,100000,25000,2,100000,100000,102400000,25600000,2,102400000,102400000,102400000,25600000,2,102400000,102400000,0.316065,0.0,0.0,0.00788,0.0,0.00021,0.0,0.0,0.0,0.0,0.0,0.0,0.0,0.0,0.0,109.975855,1.181762,0,0,0,0,0,0,0,,,,,,,,,,,
tiledb,node,256,0,cold,overlap_clustered_combined_3_125,100000,combined_3_125,clustered,2048,4,110.85039097815752,3,False,105390080,105390080,105390080,0.509991258,400000,50000,12500,0.125,0.03125,8.0,4,3125,12500,4.0,4,200,5037022208,15462146048,d096782fef9ffccf811ca1387bca6e2ec7ceddfe8a93f2d44027c449f3b9c1a2,1,50,,1,0.312485,0.26221574999999997,3,0.268875,0.268875,0.102369,0.02559225,2,0.102369,0.102369,0.036789,0.00919725,2,0.036789,0.036789,0.00914,0.008565,2,0.00914,0.00914,0.00871,0.0021775,2,0.00871,0.00871,53.941298,13.485509500000001,2,53.941298,53.941298,0.01105,0.0027625,2,0.01105,0.01105,0.0,0.0,0,0.0,0.0,0.0,0.0,0,0.0,0.0,0.050969999999999994,0.012742499999999999,2,0.050969999999999994,0.050969999999999994,0.00755,0.0018875,2,0.00755,0.00755,53.676432,13.419108,2,53.676432,53.676432,0.0,0.0,0,0.0,0.0,1.813702,0.4534255,2,1.813702,1.813702,2.538812,0.634703,2,2.538812,2.538812,109.267786,93.2203475,3,50.749867,50.749867,1.186042,1.168212,0,1.136712,1.136712,400000,100000,2,400000,400000,12500,3125,2,12500,12500,1,0.25,2,1,1,1,0.25,2,1,1,100000,25000,2,100000,100000,102400000,25600000,2,102400000,102400000,102400000,25600000,2,102400000,102400000,0.312485,0.0,0.0,0.00787,0.0,0.00021,0.0,0.0,0.0,0.0,0.0,0.0,0.0,0.0,0.0,109.267786,1.175692,0,0,0,0,0,0,0,,,,,,,,,,,
tiledb,node,256,0,cold,overlap_clustered_stress_1,48000,stress_1,clustered,2048,0,37.49621898168698,1,False,19361792,19361792,19361792,0.153980842,192000,7680,1920,0.04,0.01,25.0,4,480,1920,4.0,4,36,2384137728,15478722560,90e2d2ca041b88b2975626c715d8c3e87719d12dd96480c7502b510b0c7f7404,1,9,,1,0.227256,0.194409,3,0.185197,0.185197,0.087908,0.021977,2,0.087908,0.087908,0.02812,0.00703,2,0.02812,0.02812,0.00872,0.0080975,0,0.00845,0.00845,0.00522,0.001305,2,0.00522,0.00522,10.686077,2.67163425,2,10.686077,10.686077,0.00231,0.0005775,2,0.00231,0.00231,0.0,0.0,0,0.0,0.0,0.0,0.0,0,0.0,0.0,0.027729,0.00693225,2,0.027729,0.027729,0.00226,0.000565,2,0.00226,0.00226,9.915039,2.47875975,2,9.915039,9.915039,0.0,0.0,0,0.0,0.0,0.291515,0.07287875,2,0.291515,0.291515,1.154433,0.28860825,2,1.154433,1.154433,36.635142,32.8838215,1,24.337799,24.337799,0.572461,0.5608965,3,0.530702,0.530702,192000,48000,2,192000,192000,1920,480,2,1920,1920,1,0.25,2,1,1,1,0.25,2,1,1,15360,3840,2,15360,15360,15728640,3932160,2,15728640,15728640,15728640,3932160,2,15728640,15728640,0.209016,0.0,0.0,0.00778,0.0,7e-05,0.0,0.0,0.0,0.0,0.0,0.0,0.0,0.0,0.0,36.635142,0.569371,0,0,0,0,0,0,0,,,,,,,,,,,
tiledb,node,256,0,cold,overlap_clustered_stress_1,48000,stress_1,clustered,2048,1,37.545508006587625,3,False,19202048,19202048,19202048,0.161194151,192000,7680,1920,0.04,0.01,25.0,4,480,1920,4.0,4,36,2384137728,15478722560,df20b74ad087b323ab553f64c4a7a52ef654d9f7b0a13a39cb9974b295d5277a,1,9,,1,0.199267,0.179067,3,0.176837,0.176837,0.088879,0.02221975,2,0.088879,0.088879,0.028089,0.00702225,2,0.028089,0.028089,0.00858,0.008145,0,0.00815,0.00815,0.00513,0.0012825,2,0.00513,0.00513,10.705867,2.6766467499999997,2,10.705867,10.705867,0.00266,0.000665,2,0.00266,0.00266,0.0,0.0,0,0.0,0.0,0.0,0.0,0,0.0,0.0,0.027189,0.00679725,2,0.027189,0.027189,0.00236,0.00059,2,0.00236,0.00236,10.595449,2.64886225,2,10.595449,10.595449,0.0,0.0,0,0.0,0.0,0.289945,0.07248625,2,0.289945,0.289945,1.156443,0.28911075,2,1.156443,1.156443,36.686141,32.92211075,3,24.377968,24.377968,0.572802,0.5596795,0,0.528132,0.528132,192000,48000,2,192000,192000,1920,480,2,1920,1920,1,0.25,2,1,1,1,0.25,2,1,1,15360,3840,2,15360,15360,15728640,3932160,2,15728640,15728640,15728640,3932160,2,15728640,15728640,0.199267,0.0,0.0,0.00787,0.0,0.00025,0.0,0.0,0.0,0.0,0.0,0.0,0.0,0.0,0.0,36.686141,0.569452,0,0,0,0,0,0,0,,,,,,,,,,,
tiledb,node,256,0,cold,overlap_clustered_stress_1,48000,stress_1,clustered,2048,2,37.02319599688053,1,False,19304448,19304448,19304448,0.151269126,192000,7680,1920,0.04,0.01,25.0,4,480,1920,4.0,4,36,2384137728,15478722560,a25ba20d31a5f1abe64d6161e588d623f1086629241462ab9dad31ee23063d9b,1,9,,1,0.202647,0.181392,3,0.182837,0.182837,0.088908,0.022227,2,0.088908,0.088908,0.02871,0.0071775,2,0.02871,0.02871,0.00819,0.0079875,0,0.00813,0.00813,0.00713,0.0017825,2,0.00713,0.00713,10.228184,2.5571835000000003,2,10.228184,10.228184,0.00274,0.000685,2,0.00274,0.00274,0.0,0.0,0,0.0,0.0,0.0,0.0,0,0.0,0.0,0.025379,0.00634475,2,0.025379,0.025379,0.0023,0.000575,2,0.0023,0.0023,10.120136,2.530034,2,10.120136,10.120136,0.0,0.0,0,0.0,0.0,0.289976,0.072494,2,0.289976,0.289976,1.160122,0.2900305,2,1.160122,1.160122,36.182409,32.566534,1,24.341869,24.341869,0.571871,0.5592462500000001,0,0.526722,0.526722,192000,48000,2,192000,192000,1920,480,2,1920,1920,1,0.25,2,1,1,1,0.25,2,1,1,15360,3840,2,15360,15360,15728640,3932160,2,15728640,15728640,15728640,3932160,2,15728640,15728640,0.185777,0.0,0.0,0.00789,0.0,0.00018,0.0,0.0,0.0,0.0,0.0,0.0,0.0,0.0,0.0,36.182409,0.568261,0,0,0,0,0,0,0,,,,,,,,,,,
tiledb,node,256,0,cold,overlap_clustered_stress_1,48000,stress_1,clustered,2048,3,37.340631999541074,1,False,19144704,19144704,19144704,0.160111468,192000,7680,1920,0.04,0.01,25.0,4,480,1920,4.0,4,36,2384137728,15478722560,836a51e2c1e7f75892e921a92b487d1d13c973d7174838ce643cde9f65c36b00,1,9,,1,0.198827,0.183095,3,0.181358,0.181358,0.089929,0.02248225,2,0.089929,0.089929,0.030539,0.00763475,2,0.030539,0.030539,0.00828,0.008107,1,0.00822,0.00822,0.00717,0.0017925,2,0.00717,0.00717,10.599569,2.65002225,2,10.599569,10.599569,0.00265,0.0006625,2,0.00265,0.00265,0.0,0.0,0,0.0,0.0,0.0,0.0,0,0.0,0.0,0.02481,0.0062025,2,0.02481,0.02481,0.00236,0.00059,2,0.00236,0.00236,10.49481,2.6237025,2,10.49481,10.49481,0.0,0.0,0,0.0,0.0,0.289825,0.07245625,2,0.289825,0.289825,1.159143,0.28978575,2,1.159143,1.159143,36.493705,32.80652325,1,24.27902,24.27902,0.575571,0.56168625,1,0.527092,0.527092,192000,48000,2,192000,192000,1920,480,2,1920,1920,1,0.25,2,1,1,1,0.25,2,1,1,15360,3840,2,15360,15360,15728640,3932160,2,15728640,15728640,15728640,3932160,2,15728640,15728640,0.189417,0.0,0.0,0.00828,0.0,0.00015,0.0,0.0,0.0,0.0,0.0,0.0,0.0,0.0,0.0,36.493705,0.575571,0,0,0,0,0,0,0,,,,,,,,,,,
tiledb,node,256,0,cold,overlap_clustered_stress_1,48000,stress_1,clustered,2048,4,37.39939001388848,1,False,19247104,19247104,19247104,0.160282948,192000,7680,1920,0.04,0.01,25.0,4,480,1920,4.0,4,36,2384137728,15478722560,bc842f9225a1bf728702fb0d031739ec9045409541505f128a700ec014890e45,1,9,,1,0.190007,0.17412450000000002,3,0.172657,0.172657,0.086999,0.02174975,2,0.086999,0.086999,0.027969,0.00699225,2,0.027969,0.027969,0.00844,0.008065,0,0.00812,0.00812,0.00699,0.0017475,2,0.00699,0.00699,10.602538,2.6507495,2,10.602538,10.602538,0.00236,0.00059,2,0.00236,0.00236,0.0,0.0,0,0.0,0.0,0.0,0.0,0,0.0,0.0,0.024239,0.00605975,2,0.024239,0.024239,0.00229,0.0005725,2,0.00229,0.00229,10.49571,2.6239275,2,10.49571,10.49571,0.0,0.0,0,0.0,0.0,0.289046,0.0722615,2,0.289046,0.289046,1.151762,0.2879405,2,1.151762,1.151762,36.560933,32.8443645,1,24.361559,24.361559,0.572231,0.5599467499999999,1,0.526802,0.526802,192000,48000,2,192000,192000,1920,480,2,1920,1920,1,0.25,2,1,1,1,0.25,2,1,1,15360,3840,2,15360,15360,15728640,3932160,2,15728640,15728640,15728640,3932160,2,15728640,15728640,0.182367,0.0,0.0,0.00785,0.0,0.00015,0.0,0.0,0.0,0.0,0.0,0.0,0.0,0.0,0.0,36.560933,0.572231,0,0,0,0,0,0,0,,,,,,,,,,,
tiledb,node,256,0,cold,overlap_clustered_stress_1,100000,stress_1,clustered,2048,0,74.58687399048358,1,False,36093952,36093952,36093952,0.317346295,400000,16000,4000,0.04,0.01,25.0,4,1000,4000,4.0,4,68,4967390208,15512616960,a2c4b3b8e2fdd4b2e2e10a92c5cb5282f0630ea1798ef3c2f9fbb20a2af67363,1,17,,1,0.279986,0.2391435,2,0.279986,0.279986,0.100318,0.0250795,2,0.100318,0.100318,0.0304,0.0076,2,0.0304,0.0304,0.00935,0.008602499999999999,3,0.0086,0.0086,0.007019,0.00175475,2,0.007019,0.007019,19.207558,4.801997,2,19.207558,19.207558,0.0043,0.001075,2,0.0043,0.0043,0.0,0.0,0,0.0,0.0,0.0,0.0,0,0.0,0.0,0.02453,0.0061325,2,0.02453,0.02453,0.00276,0.00069,2,0.00276,0.00276,17.910277,4.47756925,2,17.910277,17.910277,0.0,0.0,0,0.0,0.0,0.587941,0.14698525,2,0.587941,0.587941,2.380144,0.595036,2,2.380144,2.380144,73.049017,66.09819325,1,50.679258,50.679258,1.187541,1.1691095,3,1.133143,1.133143,400000,100000,2,400000,400000,4000,1000,2,4000,4000,1,0.25,2,1,1,1,0.25,2,1,1,32000,8000,2,32000,32000,32768000,8192000,2,32768000,32768000,32768000,8192000,2,32768000,32768000,0.276225,0.0,0.0,0.00784,0.0,0.00012,0.0,0.0,0.0,0.0,0.0,0.0,0.0,0.0,0.0,73.049017,1.178732,0,0,0,0,0,0,0,,,,,,,,,,,
tiledb,node,256,0,cold,overlap_clustered_stress_1,100000,stress_1,clustered,2048,1,74.90032899659127,1,False,35934208,35934208,35934208,0.318442612,400000,16000,4000,0.04,0.01,25.0,4,1000,4000,4.0,4,68,4967390208,15512637440,db91bdaebcd0e69de86822aedf9b846e1387b455c9a7b47d61aec4a8c1d88519,1,17,,1,0.63594,0.50113475,2,0.63594,0.63594,0.100689,0.02517225,2,0.100689,0.100689,0.030789,0.00769725,2,0.030789,0.030789,0.00858,0.0082325,0,0.00829,0.00829,0.00687,0.0017175,2,0.00687,0.00687,19.136748,4.784347,2,19.136748,19.136748,0.00409,0.0010225,2,0.00409,0.00409,0.0,0.0,0,0.0,0.0,0.0,0.0,0,0.0,0.0,0.024309,0.00607725,2,0.024309,0.024309,0.00274,0.000685,2,0.00274,0.00274,17.683111,4.42077775,2,17.683111,17.683111,0.0,0.0,0,0.0,0.0,0.588221,0.14705525,2,0.588221,0.588221,2.379384,0.594846,2,2.379384,2.379384,73.020677,66.024924,1,50.715267,50.715267,1.177002,1.1648497500000001,1,1.136483,1.136483,400000,100000,2,400000,400000,4000,1000,2,4000,4000,1,0.25,2,1,1,1,0.25,2,1,1,32000,8000,2,32000,32000,32768000,8192000,2,32768000,32768000,32768000,8192000,2,32768000,32768000,0.606441,0.0,0.0,0.00804,0.0,0.00019,0.0,0.0,0.0,0.0,0.0,0.0,0.0,0.0,0.0,73.020677,1.177002,0,0,0,0,0,0,0,,,,,,,,,,,
tiledb,node,256,0,cold,overlap_clustered_stress_1,100000,stress_1,clustered,2048,2,74.0885220002383,1,False,33996800,33996800,33996800,0.317132397,400000,16000,4000,0.04,0.01,25.0,4,1000,4000,4.0,4,64,4967390208,15512649728,433351ebbc526cfbffd56af38f1c1e44f3aa076854688f6acd3fff540d67bdb5,1,16,,1,0.530772,0.3200375,0,0.280356,0.280356,0.100219,0.02505475,2,0.100219,0.100219,0.031069,0.00776725,2,0.031069,0.031069,0.00841,0.0083525,0,0.00841,0.00841,0.00718,0.001795,2,0.00718,0.00718,18.635336,4.6589865,2,18.635336,18.635336,0.00414,0.001035,2,0.00414,0.00414,0.0,0.0,0,0.0,0.0,0.0,0.0,0,0.0,0.0,0.02546,0.006365,2,0.02546,0.02546,0.00288,0.00072,2,0.00288,0.00288,17.291716,4.322929,2,17.291716,17.291716,0.0,0.0,0,0.0,0.0,0.623011,0.15575275,2,0.623011,0.623011,2.391523,0.59788075,2,2.391523,2.391523,72.528855,65.65974475,1,50.685858,50.685858,1.183852,1.16730225,0,1.131253,1.131253,400000,100000,2,400000,400000,4000,1000,2,4000,4000,1,0.25,2,1,1,1,0.25,2,1,1,32000,8000,2,32000,32000,32768000,8192000,2,32768000,32768000,32768000,8192000,2,32768000,32768000,0.289865,0.0,0.0,0.00832,0.0,0.00017,0.0,0.0,0.0,0.0,0.0,0.0,0.0,0.0,0.0,72.528855,1.173652,0,0,0,0,0,0,0,,,,,,,,,,,
tiledb,node,256,0,cold,overlap_clustered_stress_1,100000,stress_1,clustered,2048,3,73.09369603171945,3,False,34070528,34070528,34070528,0.311145071,400000,16000,4000,0.04,0.01,25.0,4,1000,4000,4.0,4,64,4967390208,15512666112,8ac78a257781d9fdb9dc9b8e82f774322fe2329139601e87ca7b4a1d00f208a4,1,16,,1,0.246507,0.2244315,2,0.246507,0.246507,0.100739,0.02518475,2,0.100739,0.100739,0.032179,0.00804475,2,0.032179,0.032179,0.00849,0.008315,0,0.0084,0.0084,0.0071,0.001775,2,0.0071,0.0071,17.7096,4.42763,2,17.7096,17.7096,0.00417,0.0010425,2,0.00417,0.00417,0.0,0.0,0,0.0,0.0,0.0,0.0,0,0.0,0.0,0.026350000000000002,0.0065875000000000005,2,0.026350000000000002,0.026350000000000002,0.00302,0.000755,2,0.00302,0.00302,16.39882,4.099705,2,16.39882,16.39882,0.0,0.0,0,0.0,0.0,0.588621,0.14715525,2,0.588621,0.588621,2.379954,0.5949885,2,2.379954,2.379954,71.57524,64.96056325,3,50.709418,50.709418,1.181091,1.16737675,3,1.135402,1.135402,400000,100000,2,400000,400000,4000,1000,2,4000,4000,1,0.25,2,1,1,1,0.25,2,1,1,32000,8000,2,32000,32000,32768000,8192000,2,32768000,32768000,32768000,8192000,2,32768000,32768000,0.236506,0.0,0.0,0.00829,0.0,0.00021,0.0,0.0,0.0,0.0,0.0,0.0,0.0,0.0,0.0,71.57524,1.181091,0,0,0,0,0,0,0,,,,,,,,,,,
tiledb,node,256,0,cold,overlap_clustered_stress_1,100000,stress_1,clustered,2048,4,73.43550195218995,3,False,33910784,33910784,33910784,0.312674382,400000,16000,4000,0.04,0.01,25.0,4,1000,4000,4.0,4,64,4967390208,15512682496,fa56805010965a551d918947a5c97d69553e8b18cc05129fd376495ae544c8b0,1,16,,1,0.258296,0.23310125,2,0.258296,0.258296,0.100749,0.02518725,2,0.100749,0.100749,0.031799,0.00794975,2,0.031799,0.031799,0.00846,0.008202000000000001,2,0.00846,0.00846,0.00705,0.0017625,2,0.00705,0.00705,18.104774,4.526343499999999,2,18.104774,18.104774,0.004,0.001,2,0.004,0.004,0.0,0.0,0,0.0,0.0,0.0,0.0,0,0.0,0.0,0.026049,0.00651225,2,0.026049,0.026049,0.0028,0.0007,2,0.0028,0.0028,16.708266,4.1770665,2,16.708266,16.708266,0.0,0.0,0,0.0,0.0,0.588191,0.14704775,2,0.588191,0.588191,2.393214,0.5983035,2,2.393214,2.393214,71.923405,65.27559625,3,50.647189,50.647189,1.182652,1.16526725,1,1.128253,1.128253,400000,100000,2,400000,400000,4000,1000,2,4000,4000,1,0.25,2,1,1,1,0.25,2,1,1,32000,8000,2,32000,32000,32768000,8192000,2,32768000,32768000,32768000,8192000,2,32768000,32768000,0.245156,0.0,0.0,0.008229,0.0,0.00017,0.0,0.0,0.0,0.0,0.0,0.0,0.0,0.0,0.0,71.923405,1.173742,0,0,0,0,0,0,0,,,,,,,,,,,
tiledb,node,256,0,warm,overlap_clustered_independent,48000,independent,clustered,2048,0,271.3635269901715,0,False,0,0,0,2.140674278,192000,192000,192000,1.0,1.0,1.0,1,48000,192000,4.0,4,754,3942321664,15521665024,ce501085653caf63eff56ef649f37bb990b8224cf186a8fa4219bbf619674170,1,751,,1,0.323645,0.263848,2,0.238186,0.238186,0.096148,0.024037,1,0.096148,0.096148,0.03594,0.008985,1,0.03594,0.03594,0.01319,0.011577500000000001,0,0.01248,0.01248,0.035499,0.00887475,1,0.035499,0.035499,215.777053,53.94471075,1,215.777053,215.777053,0.151198,0.0377995,1,0.151198,0.151198,0.0,0.0,0,0.0,0.0,0.0,0.0,0,0.0,0.0,0.078189,0.01954725,1,0.078189,0.078189,0.054479,0.01361975,1,0.054479,0.054479,153.785078,38.4462695,1,153.785078,153.785078,0.0,0.0,0,0.0,0.0,27.5809,6.895225,1,27.5809,27.5809,2.234296,0.558574,1,2.234296,2.234296,270.212284,208.092998,0,24.380809,24.380809,0.596911,0.57598875,0,0.536352,0.536352,192000,48000,1,192000,192000,192000,48000,1,192000,192000,1,0.25,1,1,1,1,0.25,1,1,1,1536000,384000,1,1536000,1536000,1572864000,393216000,1,1572864000,1572864000,1572864000,393216000,1,1572864000,1572864000,0.216536,0.0,0.0,0.01319,0.0,0.00097,0.0,0.0,0.0,0.0,0.0,0.0,0.0,0.0,0.0,270.212284,0.596911,0,0,0,0,0,0,0,,,,,,,,,,,
tiledb,node,256,0,warm,overlap_clustered_independent,48000,independent,clustered,2048,1,282.68240398028865,1,True,0,0,0,2.094348298,192000,192000,192000,1.0,1.0,1.0,1,48000,192000,4.0,4,754,3942321664,15523184640,01bdbcff8034d649fc01c0c3ce677d9e7f792ca1f2003a68526ac206c3b83798,1,751,,1,0.346705,0.251594,2,0.242017,0.242017,0.095059,0.02376475,1,0.095059,0.095059,0.037039,0.00925975,1,0.037039,0.037039,0.011129,0.01006725,0,0.01047,0.01047,0.03536,0.00884,1,0.03536,0.03536,227.13157,56.783465,1,227.13157,227.13157,0.150437,0.03760925,1,0.150437,0.150437,0.0,0.0,0,0.0,0.0,0.0,0.0,0,0.0,0.0,0.07987899999999999,0.019969749999999998,1,0.07987899999999999,0.07987899999999999,0.053139,0.01328475,1,0.053139,0.053139,165.639817,41.40995425,1,165.639817,165.639817,0.0,0.0,0,0.0,0.0,27.605099,6.90127475,1,27.605099,27.605099,2.234387,0.55859675,1,2.234387,2.234387,281.65112,216.64925775,2,24.415108,24.415108,0.588561,0.56945875,3,0.531772,0.531772,192000,48000,1,192000,192000,192000,48000,1,192000,192000,1,0.25,1,1,1,1,0.25,1,1,1,1536000,384000,1,1536000,1536000,1572864000,393216000,1,1572864000,1572864000,1572864000,393216000,1,1572864000,1572864000,0.242017,0.095059,0.037039,0.01047,0.03536,227.13157,0.150437,0.0,0.0,0.07987899999999999,0.053139,165.639817,0.0,27.605099,2.234387,24.415108,0.531772,192000,192000,1,1,1536000,1572864000,1572864000,,,,,,,,,,,
tiledb,node,256,0,warm,overlap_clustered_independent,48000,independent,clustered,2048,2,277.7569090249017,2,False,0,0,0,2.041759307,192000,192000,192000,1.0,1.0,1.0,1,48000,192000,4.0,4,754,3942321664,15523233792,2d8bf9b414f9069a6a63a17345a88013f66a8930a97f375aa31f5a6412478a17,1,751,,1,0.382944,0.27299575,2,0.222897,0.222897,0.095428,0.023857,1,0.095428,0.095428,0.03733,0.0093325,1,0.03733,0.03733,0.011869,0.00983975,1,0.011869,0.011869,0.03557,0.0088925,1,0.03557,0.03557,222.151056,55.538351500000005,1,222.151056,222.151056,0.149768,0.037442,1,0.149768,0.149768,0.0,0.0,0,0.0,0.0,0.0,0.0,0,0.0,0.0,0.08296899999999999,0.020742249999999997,1,0.08296899999999999,0.08296899999999999,0.057859,0.01446475,1,0.057859,0.057859,160.702912,40.175728,1,160.702912,160.702912,0.0,0.0,0,0.0,0.0,27.608809,6.90220225,1,27.608809,27.608809,2.233577,0.55839425,1,2.233577,2.233577,276.691035,212.94568375,2,24.428608,24.428608,0.582531,0.5678965,3,0.531962,0.531962,192000,48000,1,192000,192000,192000,48000,1,192000,192000,1,0.25,1,1,1,1,0.25,1,1,1,1536000,384000,1,1536000,1536000,1572864000,393216000,1,1572864000,1572864000,1572864000,393216000,1,1572864000,1572864000,0.382944,0.0,0.0,0.0091,0.0,0.00057,0.0,0.0,0.0,0.0,0.0,0.0,0.0,0.0,0.0,276.691035,0.576012,0,0,0,0,0,0,0,,,,,,,,,,,
tiledb,node,256,0,warm,overlap_clustered_independent,48000,independent,clustered,2048,3,288.25334896100685,2,False,0,0,0,2.179137843,192000,192000,192000,1.0,1.0,1.0,1,48000,192000,4.0,4,754,3942321664,15523274752,0bd9b84e445297a973ff52b17e2c9cc224e2042291c88918896ace1f3e147dea,1,751,,1,0.372744,0.27243075,2,0.218397,0.218397,0.093949,0.02348725,1,0.093949,0.093949,0.035579,0.00889475,1,0.035579,0.035579,0.01181,0.0095095,1,0.01181,0.01181,0.03312,0.00828,1,0.03312,0.03312,232.702735,58.17631125,1,232.702735,232.702735,0.153757,0.03843925,1,0.153757,0.153757,0.0,0.0,0,0.0,0.0,0.0,0.0,0,0.0,0.0,0.078609,0.01965225,1,0.078609,0.078609,0.053619,0.01340475,1,0.053619,0.053619,169.277921,42.31948025,1,169.277921,169.277921,0.0,0.0,0,0.0,0.0,27.60461,6.9011525,1,27.60461,27.60461,2.236425,0.55910625,1,2.236425,2.236425,287.207815,220.822659,2,24.403498,24.403498,0.599371,0.57157625,3,0.535362,0.535362,192000,48000,1,192000,192000,192000,48000,1,192000,192000,1,0.25,1,1,1,1,0.25,1,1,1,1536000,384000,1,1536000,1536000,1572864000,393216000,1,1572864000,1572864000,1572864000,393216000,1,1572864000,1572864000,0.372744,0.0,0.0,0.00854,0.0,0.00042,0.0,0.0,0.0,0.0,0.0,0.0,0.0,0.0,0.0,287.207815,0.569891,0,0,0,0,0,0,0,,,,,,,,,,,
tiledb,node,256,0,warm,overlap_clustered_independent,48000,independent,clustered,2048,4,293.34544198354706,0,False,0,0,0,2.210970654,192000,192000,192000,1.0,1.0,1.0,1,48000,192000,4.0,4,754,3942321664,15523299328,f54ecb2d6db8f9af0f2ece7fcc582a535d988b3aa8269f6e6b37bee573541c6b,1,751,,1,0.371965,0.29082074999999996,2,0.221707,0.221707,0.095838,0.0239595,1,0.095838,0.095838,0.03726,0.009315,1,0.03726,0.03726,0.01127,0.0090275,1,0.01127,0.01127,0.035769,0.00894225,1,0.035769,0.035769,237.773698,59.443897,1,237.773698,237.773698,0.150818,0.0377045,1,0.150818,0.150818,0.0,0.0,0,0.0,0.0,0.0,0.0,0,0.0,0.0,0.082029,0.02050725,1,0.082029,0.082029,0.053259,0.01331475,1,0.053259,0.053259,174.128277,43.53206925,1,174.128277,174.128277,0.0,0.0,0,0.0,0.0,27.60731,6.9018275,1,27.60731,27.60731,2.234956,0.558739,1,2.234956,2.234956,292.276208,224.62262575,0,24.405138,24.405138,0.582361,0.56740675,0,0.533802,0.533802,192000,48000,1,192000,192000,192000,48000,1,192000,192000,1,0.25,1,1,1,1,0.25,1,1,1,1536000,384000,1,1536000,1536000,1572864000,393216000,1,1572864000,1572864000,1572864000,393216000,1,1572864000,1572864000,0.256056,0.0,0.0,0.00859,0.0,0.00077,0.0,0.0,0.0,0.0,0.0,0.0,0.0,0.0,0.0,292.276208,0.582361,0,0,0,0,0,0,0,,,,,,,,,,,
tiledb,node,256,0,warm,overlap_clustered_independent,100000,independent,clustered,2048,0,462.1821100008674,0,False,0,0,0,3.792416418,400000,400000,400000,1.0,1.0,1.0,1,100000,400000,4.0,4,1566,8211684352,15528857600,002a640dafb29725a6a96ab7d6e3787f95da0dd1a6e978e5e2409dbb27763dcb,1,1563,,1,0.436543,0.321365,3,0.262996,0.262996,0.107438,0.0268595,1,0.107438,0.107438,0.03907,0.0097675,1,0.03907,0.03907,0.01233,0.01029475,1,0.01233,0.01233,0.065209,0.01630225,1,0.065209,0.065209,347.373428,86.8439695,1,347.373428,347.373428,0.320975,0.08024375,1,0.320975,0.320975,0.0,0.0,0,0.0,0.0,0.0,0.0,0,0.0,0.0,0.093578,0.0233945,1,0.093578,0.093578,0.103699,0.02592475,1,0.103699,0.103699,281.772998,70.4432495,1,281.772998,281.772998,0.0,0.0,0,0.0,0.0,57.438205,14.35955125,1,57.438205,57.438205,4.576641,1.14416025,1,4.576641,4.576641,460.334169,356.54268675,0,50.635729,50.635729,1.228441,1.192794,0,1.138942,1.138942,400000,100000,1,400000,400000,400000,100000,1,400000,400000,1,0.25,1,1,1,1,0.25,1,1,1,3200000,800000,1,3200000,3200000,3276800000,819200000,1,3276800000,3276800000,3276800000,819200000,1,3276800000,3276800000,0.283136,0.0,0.0,0.011169,0.0,0.00107,0.0,0.0,0.0,0.0,0.0,0.0,0.0,0.0,0.0,460.334169,1.228441,0,0,0,0,0,0,0,,,,,,,,,,,
tiledb,node,256,0,warm,overlap_clustered_independent,100000,independent,clustered,2048,1,458.707393030636,0,False,0,0,0,3.732207182,400000,400000,400000,1.0,1.0,1.0,1,100000,400000,4.0,4,1566,8211684352,15532216320,6bb974abc81f2ba6ba920f70674eedb9c3e3f8ea3b84bc4f945db32bf1a803fb,1,1563,,1,0.425714,0.34145225,3,0.261216,0.261216,0.107498,0.0268745,1,0.107498,0.107498,0.037439,0.00935975,1,0.037439,0.037439,0.01156,0.00927,1,0.01156,0.01156,0.064499,0.01612475,1,0.064499,0.064499,343.877132,85.9699805,1,343.877132,343.877132,0.314046,0.0785115,1,0.314046,0.314046,0.0,0.0,0,0.0,0.0,0.0,0.0,0,0.0,0.0,0.08552900000000001,0.021382250000000002,1,0.08552900000000001,0.08552900000000001,0.101969,0.02549225,1,0.101969,0.101969,281.548831,70.38720775,1,281.548831,281.548831,0.0,0.0,0,0.0,0.0,57.440135,14.36003375,1,57.440135,57.440135,4.578621,1.14465525,1,4.578621,4.578621,456.90197,353.94463125,0,50.702078,50.702078,1.198072,1.1799145,3,1.140582,1.140582,400000,100000,1,400000,400000,400000,100000,1,400000,400000,1,0.25,1,1,1,1,0.25,1,1,1,3200000,800000,1,3200000,3200000,3276800000,819200000,1,3276800000,3276800000,3276800000,819200000,1,3276800000,3276800000,0.345885,0.0,0.0,0.00872,0.0,0.00107,0.0,0.0,0.0,0.0,0.0,0.0,0.0,0.0,0.0,456.90197,1.194812,0,0,0,0,0,0,0,,,,,,,,,,,
tiledb,node,256,0,warm,overlap_clustered_independent,100000,independent,clustered,2048,2,451.73028897261247,2,False,0,0,0,3.5122396950000003,400000,400000,400000,1.0,1.0,1.0,1,100000,400000,4.0,4,1566,8211684352,15532269568,41422c75c4dda92bcc06e098a7ee0ba259d011dfc01c75876317611df0d0077a,1,1563,,1,0.416364,0.35289475000000003,3,0.271816,0.271816,0.107218,0.0268045,1,0.107218,0.107218,0.0366,0.00915,1,0.0366,0.0366,0.01196,0.009285,1,0.01196,0.01196,0.065099,0.01627475,1,0.065099,0.065099,336.845999,84.21200475,1,336.845999,336.845999,0.308345,0.07708625,1,0.308345,0.308345,0.0,0.0,0,0.0,0.0,0.0,0.0,0,0.0,0.0,0.082319,0.02057975,1,0.082319,0.082319,0.103338,0.0258345,1,0.103338,0.103338,275.378915,68.84472875,1,275.378915,275.378915,0.0,0.0,0,0.0,0.0,57.413525,14.35338125,1,57.413525,57.413525,4.650379,1.16259475,1,4.650379,4.650379,450.015085,348.7866095,2,50.777446,50.777446,1.193592,1.17911425,2,1.139243,1.139243,400000,100000,1,400000,400000,400000,100000,1,400000,400000,1,0.25,1,1,1,1,0.25,1,1,1,3200000,800000,1,3200000,3200000,3276800000,819200000,1,3276800000,3276800000,3276800000,819200000,1,3276800000,3276800000,0.407014,0.0,0.0,0.00811,0.0,0.00058,0.0,0.0,0.0,0.0,0.0,0.0,0.0,0.0,0.0,450.015085,1.193592,0,0,0,0,0,0,0,,,,,,,,,,,
tiledb,node,256,0,warm,overlap_clustered_independent,100000,independent,clustered,2048,3,413.9552949927747,0,False,0,0,0,3.1831793310000003,400000,400000,400000,1.0,1.0,1.0,1,100000,400000,4.0,4,1566,8211684352,15532322816,2b6864e7f00fc67d81f3a5cb8ddfc814fb6fac85c10272979ef0a8412053f4be,1,1563,,1,0.384824,0.33077475,2,0.257276,0.257276,0.107778,0.0269445,1,0.107778,0.107778,0.03802,0.009505,1,0.03802,0.03802,0.011279,0.00892975,1,0.011279,0.011279,0.06517,0.0162925,1,0.06517,0.06517,299.193083,74.79878075,1,299.193083,299.193083,0.308416,0.077104,1,0.308416,0.308416,0.0,0.0,0,0.0,0.0,0.0,0.0,0,0.0,0.0,0.08259899999999999,0.020649749999999998,1,0.08259899999999999,0.08259899999999999,0.102788,0.025697,1,0.102788,0.102788,233.972976,58.493244,1,233.972976,233.972976,0.0,0.0,0,0.0,0.0,57.430015,14.35750375,1,57.430015,57.430015,4.578301,1.14457525,1,4.578301,4.578301,412.24537,320.44600075,0,50.721147,50.721147,1.185412,1.17315225,0,1.139303,1.139303,400000,100000,1,400000,400000,400000,100000,1,400000,400000,1,0.25,1,1,1,1,0.25,1,1,1,3200000,800000,1,3200000,3200000,3276800000,819200000,1,3276800000,3276800000,3276800000,819200000,1,3276800000,3276800000,0.304905,0.0,0.0,0.00803,0.0,0.00075,0.0,0.0,0.0,0.0,0.0,0.0,0.0,0.0,0.0,412.24537,1.185412,0,0,0,0,0,0,0,,,,,,,,,,,
tiledb,node,256,0,warm,overlap_clustered_independent,100000,independent,clustered,2048,4,470.18054802902043,0,False,0,0,0,3.8784874240000002,400000,400000,400000,1.0,1.0,1.0,1,100000,400000,4.0,4,1567,8211684352,15532355584,57c2024bc3c00839323cd98729719070cc74a7ab62003f8180dcb78f3ddfb0b2,1,1564,,1,0.416074,0.34662725,3,0.259506,0.259506,0.105438,0.0263595,1,0.105438,0.105438,0.034899,0.00872475,1,0.034899,0.034899,0.01259,0.009430000000000001,1,0.01259,0.01259,0.063599,0.01589975,1,0.063599,0.063599,355.398047,88.84993175000001,1,355.398047,355.398047,0.316815,0.07920375,1,0.316815,0.316815,0.0,0.0,0,0.0,0.0,0.0,0.0,0,0.0,0.0,0.082069,0.02051725,1,0.082069,0.082069,0.102219,0.02555475,1,0.102219,0.102219,291.824465,72.95611625,1,291.824465,291.824465,0.0,0.0,0,0.0,0.0,57.410125,14.35253125,1,57.410125,57.410125,4.58657,1.1466425,1,4.58657,4.58657,468.462064,362.628229,0,50.760757,50.760757,1.192832,1.176167,0,1.140212,1.140212,400000,100000,1,400000,400000,400000,100000,1,400000,400000,1,0.25,1,1,1,1,0.25,1,1,1,3200000,800000,1,3200000,3200000,3276800000,819200000,1,3276800000,3276800000,3276800000,819200000,1,3276800000,3276800000,0.301535,0.0,0.0,0.00914,0.0,0.00062,0.0,0.0,0.0,0.0,0.0,0.0,0.0,0.0,0.0,468.462064,1.192832,0,0,0,0,0,0,0,,,,,,,,,,,
tiledb,node,256,0,warm,overlap_clustered_cross_rank_25,48000,cross_rank_25,clustered,2048,0,139.56738397246227,2,False,0,0,0,0.895574891,192000,192000,48000,1.0,0.25,1.0,4,12000,48000,4.0,4,752,2762673664,15523921920,e83ee9b5a85e526364d2755f72c8faad1aa31d30f405fceb5a881e90b768bf85,1,188,,1,0.390834,0.311305,3,0.212536,0.212536,0.094169,0.02354225,1,0.094169,0.094169,0.036249,0.00906225,1,0.036249,0.036249,0.01222,0.0093775,1,0.01222,0.01222,0.01532,0.00383,1,0.01532,0.01532,105.462733,26.36580825,1,105.462733,105.462733,0.040589,0.01014725,1,0.040589,0.040589,0.0,0.0,0,0.0,0.0,0.0,0.0,0,0.0,0.0,0.07227800000000001,0.018069500000000002,1,0.07227800000000001,0.07227800000000001,0.01972,0.00493,1,0.01972,0.01972,71.024538,17.7561345,1,71.024538,71.024538,0.0,0.0,0,0.0,0.0,6.928275,1.73206875,1,6.928275,6.928275,1.590696,0.397674,1,1.590696,1.590696,138.528929,109.36744350000001,0,24.311659,24.311659,0.582441,0.5662165,0,0.533722,0.533722,192000,48000,1,192000,192000,48000,12000,1,48000,48000,1,0.25,1,1,1,1,0.25,1,1,1,384000,96000,1,384000,384000,393216000,98304000,1,393216000,393216000,393216000,98304000,1,393216000,393216000,0.381044,0.0,0.0,0.00769,0.0,8e-05,0.0,0.0,0.0,0.0,0.0,0.0,0.0,0.0,0.0,138.51553,0.574561,0,0,0,0,0,0,0,,,,,,,,,,,
tiledb,node,256,0,warm,overlap_clustered_cross_rank_25,48000,cross_rank_25,clustered,2048,1,129.54146700212732,0,False,0,0,0,0.807125394,192000,192000,48000,1.0,0.25,1.0,4,12000,48000,4.0,4,752,2762673664,15523934208,05b079a8c7e98a45c3eff0dff9f2d7ce8c58cdaed44733be55da58cf4fdfe28f,1,188,,1,0.416993,0.34941425,3,0.222817,0.222817,0.093518,0.0233795,1,0.093518,0.093518,0.03755,0.0093875,1,0.03755,0.03755,0.011409,0.00896225,1,0.011409,0.011409,0.01431,0.0035775,1,0.01431,0.01431,95.262339,23.81582975,1,95.262339,95.262339,0.03792,0.00948,1,0.03792,0.03792,0.0,0.0,0,0.0,0.0,0.0,0.0,0,0.0,0.0,0.077889,0.01947225,1,0.077889,0.077889,0.01814,0.004535,1,0.01814,0.01814,60.971421,15.24285525,1,60.971421,60.971421,0.0,0.0,0,0.0,0.0,6.929445,1.73236125,1,6.929445,6.929445,1.583156,0.395789,1,1.583156,1.583156,128.431644,101.74904025000001,2,24.409658,24.409658,0.581151,0.56871125,0,0.535442,0.535442,192000,48000,1,192000,192000,48000,12000,1,48000,48000,1,0.25,1,1,1,1,0.25,1,1,1,384000,96000,1,384000,384000,393216000,98304000,1,393216000,393216000,393216000,98304000,1,393216000,393216000,0.345484,0.0,0.0,0.0086,0.0,0.00029,0.0,0.0,0.0,0.0,0.0,0.0,0.0,0.0,0.0,128.420734,0.581151,0,0,0,0,0,0,0,,,,,,,,,,,
tiledb,node,256,0,warm,overlap_clustered_cross_rank_25,48000,cross_rank_25,clustered,2048,2,139.5440749474801,0,False,0,0,0,0.8964231380000001,192000,192000,48000,1.0,0.25,1.0,4,12000,48000,4.0,4,752,2762673664,15523946496,dd68c3c2ef8589e68a9a2c3cad7beefd243700659030642edb517f4396f9ec7e,1,188,,1,0.422043,0.35364925,3,0.223257,0.223257,0.093459,0.02336475,1,0.093459,0.093459,0.037909,0.00947725,1,0.037909,0.037909,0.01095,0.0085625,1,0.01095,0.01095,0.01518,0.003795,1,0.01518,0.01518,105.257227,26.31458925,1,105.257227,105.257227,0.038099,0.00952475,1,0.038099,0.038099,0.0,0.0,0,0.0,0.0,0.0,0.0,0,0.0,0.0,0.079319,0.01982975,1,0.079319,0.079319,0.01918,0.004795,1,0.01918,0.01918,71.130926,17.7827315,1,71.130926,71.130926,0.0,0.0,0,0.0,0.0,6.926694,1.7316735,1,6.926694,6.926694,1.588116,0.397029,1,1.588116,1.588116,138.422531,109.22953375,0,24.409199,24.409199,0.578841,0.5664215,3,0.531811,0.531811,192000,48000,1,192000,192000,48000,12000,1,48000,48000,1,0.25,1,1,1,1,0.25,1,1,1,384000,96000,1,384000,384000,393216000,98304000,1,393216000,393216000,393216000,98304000,1,393216000,393216000,0.355224,0.0,0.0,0.00783,0.0,0.0003,0.0,0.0,0.0,0.0,0.0,0.0,0.0,0.0,0.0,138.422531,0.577872,0,0,0,0,0,0,0,,,,,,,,,,,
tiledb,node,256,0,warm,overlap_clustered_cross_rank_25,48000,cross_rank_25,clustered,2048,3,131.10736303497106,2,False,0,0,0,0.820977848,192000,192000,48000,1.0,0.25,1.0,4,12000,48000,4.0,4,756,2762673664,15523938304,ddc904ecde74f4ccfd98667f48660a43e778439e8155eca6becc6d7f5bdfe153,1,189,,1,0.355324,0.29312275,3,0.216977,0.216977,0.093999,0.02349975,1,0.093999,0.093999,0.037699,0.00942475,1,0.037699,0.037699,0.01059,0.0085775,1,0.01059,0.01059,0.01434,0.003585,1,0.01434,0.01434,96.911514,24.2280435,1,96.911514,96.911514,0.038359,0.00958975,1,0.038359,0.038359,0.0,0.0,0,0.0,0.0,0.0,0.0,0,0.0,0.0,0.07613800000000001,0.019034500000000003,1,0.07613800000000001,0.07613800000000001,0.01893,0.0047325,1,0.01893,0.01893,62.823394,15.7058485,1,62.823394,62.823394,0.0,0.0,0,0.0,0.0,6.926104,1.731526,1,6.926104,6.926104,1.591626,0.3979065,1,1.591626,1.591626,130.094178,102.9964435,2,24.420418,24.420418,0.575621,0.56462625,3,0.532772,0.532772,192000,48000,1,192000,192000,48000,12000,1,48000,48000,1,0.25,1,1,1,1,0.25,1,1,1,384000,96000,1,384000,384000,393216000,98304000,1,393216000,393216000,393216000,98304000,1,393216000,393216000,0.344194,0.0,0.0,0.00789,0.0,0.00019,0.0,0.0,0.0,0.0,0.0,0.0,0.0,0.0,0.0,130.094178,0.575161,0,0,0,0,0,0,0,,,,,,,,,,,
tiledb,node,256,0,warm,overlap_clustered_cross_rank_25,48000,cross_rank_25,clustered,2048,4,140.6441579456441,0,False,0,0,0,0.902927216,192000,192000,48000,1.0,0.25,1.0,4,12000,48000,4.0,4,756,2762673664,15523954688,a309dd8711c30ee159c2054520cb0b9754ff14d117251c9414e38b0746c65fae,1,189,,1,0.405094,0.331595,3,0.222107,0.222107,0.094379,0.02359475,1,0.094379,0.094379,0.037619,0.00940475,1,0.037619,0.037619,0.01119,0.0089625,1,0.01119,0.01119,0.01465,0.0036625,1,0.01465,0.01465,106.36565,26.5916,1,106.36565,106.36565,0.037719,0.00942975,1,0.037719,0.037719,0.0,0.0,0,0.0,0.0,0.0,0.0,0,0.0,0.0,0.07896900000000001,0.019742250000000003,1,0.07896900000000001,0.07896900000000001,0.0186,0.00465,1,0.0186,0.0186,71.796916,17.949229,1,71.796916,71.796916,0.0,0.0,0,0.0,0.0,6.955694,1.7389235,1,6.955694,6.955694,1.584516,0.396129,1,1.584516,1.584516,139.555544,110.07550075,0,24.414388,24.414388,0.580511,0.56579625,0,0.530812,0.530812,192000,48000,1,192000,192000,48000,12000,1,48000,48000,1,0.25,1,1,1,1,0.25,1,1,1,384000,96000,1,384000,384000,393216000,98304000,1,393216000,393216000,393216000,98304000,1,393216000,393216000,0.309175,0.0,0.0,0.00896,0.0,0.00032,0.0,0.0,0.0,0.0,0.0,0.0,0.0,0.0,0.0,139.555544,0.580511,0,0,0,0,0,0,0,,,,,,,,,,,
tiledb,node,256,0,warm,overlap_clustered_cross_rank_25,100000,cross_rank_25,clustered,2048,0,247.09202599478886,2,False,0,0,0,1.7844766870000002,400000,400000,100000,1.0,0.25,1.0,4,25000,100000,4.0,4,1568,5753035776,15525478400,1ef431b664d23cfba7bfef6ecbd96dfe4a579d98a1dede3574d832df1ab6904d,1,392,,1,0.441964,0.36372225,3,0.262736,0.262736,0.107249,0.02681225,1,0.107249,0.107249,0.039319,0.00982975,1,0.039319,0.039319,0.01316,0.0094125,1,0.01316,0.01316,0.02242,0.005605,1,0.02242,0.02242,175.644944,43.9115935,1,175.644944,175.644944,0.080348,0.020087,1,0.080348,0.080348,0.0,0.0,0,0.0,0.0,0.0,0.0,0,0.0,0.0,0.086738,0.0216845,1,0.086738,0.086738,0.03432,0.00858,1,0.03432,0.03432,112.950169,28.23754225,1,112.950169,112.950169,0.0,0.0,0,0.0,0.0,14.412011,3.60300275,1,14.412011,14.412011,4.260905,1.06522625,1,4.260905,4.260905,245.383392,195.2877655,2,50.774507,50.774507,1.182152,1.16915725,3,1.140422,1.140422,400000,100000,1,400000,400000,100000,25000,1,100000,100000,1,0.25,1,1,1,1,0.25,1,1,1,800000,200000,1,800000,800000,819200000,204800000,1,819200000,819200000,819200000,204800000,1,819200000,819200000,0.436854,0.0,0.0,0.00771,0.0,0.00049,0.0,0.0,0.0,0.0,0.0,0.0,0.0,0.0,0.0,245.383392,1.174583,0,0,0,0,0,0,0,,,,,,,,,,,
tiledb,node,256,0,warm,overlap_clustered_cross_rank_25,100000,cross_rank_25,clustered,2048,1,248.8873690017499,2,False,0,0,0,1.806052005,400000,400000,100000,1.0,0.25,1.0,4,25000,100000,4.0,4,1568,5753035776,15525519360,8b620a11217e3ec9028aff7bab338a87c8610543271627b8966301d4f2de2786,1,392,,1,0.401974,0.33884475000000003,3,0.256526,0.256526,0.107319,0.02682975,1,0.107319,0.107319,0.036459,0.00911475,1,0.036459,0.036459,0.01271,0.010045,1,0.01271,0.01271,0.022439,0.00560975,1,0.022439,0.022439,177.466837,44.36703175,1,177.466837,177.466837,0.076979,0.01924475,1,0.076979,0.076979,0.0,0.0,0,0.0,0.0,0.0,0.0,0,0.0,0.0,0.07926899999999999,0.019817249999999998,1,0.07926899999999999,0.07926899999999999,0.031419,0.00785475,1,0.031419,0.031419,113.765447,28.44136175,1,113.765447,113.765447,0.0,0.0,0,0.0,0.0,14.385991,3.59649775,1,14.385991,14.385991,4.265475,1.06636875,1,4.265475,4.265475,247.208724,196.680374,2,50.803906,50.803906,1.191591,1.17558425,0,1.144242,1.144242,400000,100000,1,400000,400000,100000,25000,1,100000,100000,1,0.25,1,1,1,1,0.25,1,1,1,800000,200000,1,800000,800000,819200000,204800000,1,819200000,819200000,819200000,204800000,1,819200000,819200000,0.392674,0.0,0.0,0.00859,0.0,0.00045,0.0,0.0,0.0,0.0,0.0,0.0,0.0,0.0,0.0,247.208724,1.181822,0,0,0,0,0,0,0,,,,,,,,,,,
tiledb,node,256,0,warm,overlap_clustered_cross_rank_25,100000,cross_rank_25,clustered,2048,2,242.20413999864832,2,False,0,0,0,1.736801246,400000,400000,100000,1.0,0.25,1.0,4,25000,100000,4.0,4,1568,5753035776,15525568512,5aed05750d6eb4725ef15c817b5658e9c16e32fc25bdb6bd3f104c68a37c49ec,1,392,,1,0.681719,0.5267765,2,0.553661,0.553661,0.106739,0.02668475,1,0.106739,0.106739,0.037359,0.00933975,1,0.037359,0.037359,0.01083,0.008812500000000001,1,0.01083,0.01083,0.02207,0.0055175,1,0.02207,0.02207,170.593361,42.64863275,1,170.593361,170.593361,0.084989,0.02124725,1,0.084989,0.084989,0.0,0.0,0,0.0,0.0,0.0,0.0,0,0.0,0.0,0.080719,0.02017975,1,0.080719,0.080719,0.0306,0.00765,1,0.0306,0.0306,107.413804,26.853451,1,107.413804,107.413804,0.0,0.0,0,0.0,0.0,14.388391,3.59709775,1,14.388391,14.388391,4.219706,1.0549265,1,4.219706,4.219706,240.232151,191.4718585,2,50.730387,50.730387,1.184682,1.17298975,3,1.143443,1.143443,400000,100000,1,400000,400000,100000,25000,1,100000,100000,1,0.25,1,1,1,1,0.25,1,1,1,800000,200000,1,800000,800000,819200000,204800000,1,819200000,819200000,819200000,204800000,1,819200000,819200000,0.681719,0.0,0.0,0.00808,0.0,0.00036,0.0,0.0,0.0,0.0,0.0,0.0,0.0,0.0,0.0,240.232151,1.183732,0,0,0,0,0,0,0,,,,,,,,,,,
tiledb,node,256,0,warm,overlap_clustered_cross_rank_25,100000,cross_rank_25,clustered,2048,3,243.0343180312775,0,False,0,0,0,1.7479322430000002,400000,400000,100000,1.0,0.25,1.0,4,25000,100000,4.0,4,1568,5753035776,15525572608,8e39e3c9f8232d5ab505c076825beede285e70d8d4457f3e09b9122ed88f2a0d,1,392,,1,0.377454,0.33083,2,0.263836,0.263836,0.106838,0.0267095,1,0.106838,0.106838,0.037269,0.00931725,1,0.037269,0.037269,0.01098,0.008787,1,0.01098,0.01098,0.02248,0.00562,1,0.02248,0.02248,171.749634,42.937701,1,171.749634,171.749634,0.076929,0.01923225,1,0.076929,0.076929,0.0,0.0,0,0.0,0.0,0.0,0.0,0,0.0,0.0,0.079958,0.0199895,1,0.079958,0.079958,0.03063,0.0076575,1,0.03063,0.03063,108.059764,27.014941,1,108.059764,108.059764,0.0,0.0,0,0.0,0.0,14.385771,3.59644275,1,14.385771,14.385771,4.234845,1.05871125,1,4.234845,4.234845,241.343474,192.2927535,0,50.697187,50.697187,1.190682,1.17147475,2,1.133153,1.133153,400000,100000,1,400000,400000,100000,25000,1,100000,100000,1,0.25,1,1,1,1,0.25,1,1,1,800000,200000,1,800000,800000,819200000,204800000,1,819200000,819200000,819200000,204800000,1,819200000,819200000,0.305776,0.0,0.0,0.00846,0.0,0.00049,0.0,0.0,0.0,0.0,0.0,0.0,0.0,0.0,0.0,241.343474,1.183032,0,0,0,0,0,0,0,,,,,,,,,,,
tiledb,node,256,0,warm,overlap_clustered_cross_rank_25,100000,cross_rank_25,clustered,2048,4,248.6101440154016,2,False,0,0,0,1.792077442,400000,400000,100000,1.0,0.25,1.0,4,25000,100000,4.0,4,1568,5753035776,15525601280,de6726a9748611993943992c84bc562a0e510bc946cae28495b41c954d4d3d2a,1,392,,1,0.417703,0.3505395,2,0.260216,0.260216,0.107118,0.0267795,1,0.107118,0.107118,0.04228,0.01057,1,0.04228,0.04228,0.01249,0.0092875,1,0.01249,0.01249,0.022039,0.00550975,1,0.022039,0.022039,177.203751,44.30118275,1,177.203751,177.203751,0.076969,0.01924225,1,0.076969,0.076969,0.0,0.0,0,0.0,0.0,0.0,0.0,0,0.0,0.0,0.08420899999999999,0.021052249999999998,1,0.08420899999999999,0.08420899999999999,0.03128,0.00782,1,0.03128,0.03128,113.429092,28.357273,1,113.429092,113.429092,0.0,0.0,0,0.0,0.0,14.388641,3.59716025,1,14.388641,14.388641,4.262585,1.06564625,1,4.262585,4.262585,246.908009,196.44431525,2,50.763957,50.763957,1.188532,1.17308225,3,1.135023,1.135023,400000,100000,1,400000,400000,100000,25000,1,100000,100000,1,0.25,1,1,1,1,0.25,1,1,1,800000,200000,1,800000,800000,819200000,204800000,1,819200000,819200000,819200000,204800000,1,819200000,819200000,0.417703,0.0,0.0,0.00784,0.0,0.00043,0.0,0.0,0.0,0.0,0.0,0.0,0.0,0.0,0.0,246.908009,1.183392,0,0,0,0,0,0,0,,,,,,,,,,,
tiledb,node,256,0,warm,overlap_clustered_within_rank_25,48000,within_rank_25,clustered,2048,0,140.5634389957413,0,False,0,0,0,0.883366568,192000,48000,48000,0.25,0.25,4.0,1,12000,48000,4.0,4,191,2762673664,15524458496,e83ee9b5a85e526364d2755f72c8faad1aa31d30f405fceb5a881e90b768bf85,1,188,,1,0.439453,0.3541795,3,0.229547,0.229547,0.094949,0.02373725,1,0.094949,0.094949,0.037059,0.00926475,1,0.037059,0.037059,0.01379,0.009792499999999999,1,0.01379,0.01379,0.01552,0.00388,1,0.01552,0.01552,106.396069,26.59917225,1,106.396069,106.396069,0.039829,0.00995725,1,0.039829,0.039829,0.0,0.0,0,0.0,0.0,0.0,0.0,0,0.0,0.0,0.080609,0.02015225,1,0.080609,0.080609,0.020179,0.00504475,1,0.020179,0.020179,68.420178,17.1050445,1,68.420178,68.420178,0.0,0.0,0,0.0,0.0,6.955644,1.738911,1,6.955644,6.955644,1.468068,0.367017,1,1.468068,1.468068,139.488625,110.02858625,0,24.422668,24.422668,0.579041,0.5641415000000001,0,0.532152,0.532152,192000,48000,1,192000,192000,48000,12000,1,48000,48000,1,0.25,1,1,1,1,0.25,1,1,1,384000,96000,1,384000,384000,393216000,98304000,1,393216000,393216000,393216000,98304000,1,393216000,393216000,0.313645,0.0,0.0,0.00951,0.0,0.00021,0.0,0.0,0.0,0.0,0.0,0.0,0.0,0.0,0.0,139.488625,0.579041,0,0,0,0,0,0,0,,,,,,,,,,,
tiledb,node,256,0,warm,overlap_clustered_within_rank_25,48000,within_rank_25,clustered,2048,1,135.11274196207523,0,False,0,0,0,0.837238342,192000,48000,48000,0.25,0.25,4.0,1,12000,48000,4.0,4,191,2762673664,15524466688,05b079a8c7e98a45c3eff0dff9f2d7ce8c58cdaed44733be55da58cf4fdfe28f,1,188,,1,0.326645,0.27990550000000003,3,0.210856,0.210856,0.092019,0.02300475,1,0.092019,0.092019,0.036829,0.00920725,1,0.036829,0.036829,0.00969,0.008512500000000001,1,0.00969,0.00969,0.01425,0.0035625,1,0.01425,0.01425,101.07024,25.2678775,1,101.07024,101.07024,0.038459,0.00961475,1,0.038459,0.038459,0.0,0.0,0,0.0,0.0,0.0,0.0,0,0.0,0.0,0.073188,0.018297,1,0.073188,0.073188,0.01922,0.004805,1,0.01922,0.01922,62.638056,15.659514,1,62.638056,62.638056,0.0,0.0,0,0.0,0.0,6.926465,1.73161625,1,6.926465,6.926465,1.465027,0.36625675,1,1.465027,1.465027,134.086067,105.98890750000001,2,24.388798,24.388798,0.580541,0.56789625,0,0.536282,0.536282,192000,48000,1,192000,192000,48000,12000,1,48000,48000,1,0.25,1,1,1,1,0.25,1,1,1,384000,96000,1,384000,384000,393216000,98304000,1,393216000,393216000,393216000,98304000,1,393216000,393216000,0.262146,0.0,0.0,0.00817,0.0,0.00042,0.0,0.0,0.0,0.0,0.0,0.0,0.0,0.0,0.0,134.073967,0.580541,0,0,0,0,0,0,0,,,,,,,,,,,
tiledb,node,256,0,warm,overlap_clustered_within_rank_25,48000,within_rank_25,clustered,2048,2,142.24325300892815,0,False,0,0,0,0.906595512,192000,48000,48000,0.25,0.25,4.0,1,12000,48000,4.0,4,191,2762673664,15524470784,dd68c3c2ef8589e68a9a2c3cad7beefd243700659030642edb517f4396f9ec7e,1,188,,1,0.326365,0.26853350000000004,2,0.208437,0.208437,0.092179,0.02304475,1,0.092179,0.092179,0.036969,0.00924225,1,0.036969,0.036969,0.00946,0.0085825,1,0.00946,0.00946,0.01483,0.0037075,1,0.01483,0.01483,108.182162,27.045783,1,108.182162,108.182162,0.043199,0.01079975,1,0.043199,0.043199,0.0,0.0,0,0.0,0.0,0.0,0.0,0,0.0,0.0,0.074499,0.01862475,1,0.074499,0.074499,0.018509,0.00462725,1,0.018509,0.018509,70.044573,17.51114325,1,70.044573,70.044573,0.0,0.0,0,0.0,0.0,6.927434,1.7318585,1,6.927434,6.927434,1.467608,0.366902,1,1.467608,1.467608,141.212839,111.35374125,0,24.409819,24.409819,0.587471,0.56633625,0,0.529091,0.529091,192000,48000,1,192000,192000,48000,12000,1,48000,48000,1,0.25,1,1,1,1,0.25,1,1,1,384000,96000,1,384000,384000,393216000,98304000,1,393216000,393216000,393216000,98304000,1,393216000,393216000,0.214127,0.0,0.0,0.00882,0.0,0.00047,0.0,0.0,0.0,0.0,0.0,0.0,0.0,0.0,0.0,141.212839,0.587471,0,0,0,0,0,0,0,,,,,,,,,,,
tiledb,node,256,0,warm,overlap_clustered_within_rank_25,48000,within_rank_25,clustered,2048,3,137.8322200034745,0,False,0,0,0,0.870164266,192000,48000,48000,0.25,0.25,4.0,1,12000,48000,4.0,4,192,2762673664,15524470784,ddc904ecde74f4ccfd98667f48660a43e778439e8155eca6becc6d7f5bdfe153,1,189,,1,0.406074,0.3251025,3,0.226057,0.226057,0.093038,0.0232595,1,0.093038,0.093038,0.03651,0.0091275,1,0.03651,0.03651,0.01075,0.00899,1,0.01075,0.01075,0.014879,0.00371975,1,0.014879,0.014879,103.72785,25.932275,1,103.72785,103.72785,0.03905,0.0097625,1,0.03905,0.03905,0.0,0.0,0,0.0,0.0,0.0,0.0,0,0.0,0.0,0.08446899999999999,0.021117249999999997,1,0.08446899999999999,0.08446899999999999,0.01865,0.0046625,1,0.01865,0.01865,65.885106,16.4712765,1,65.885106,65.885106,0.0,0.0,0,0.0,0.0,6.927935,1.73198375,1,6.927935,6.927935,1.464497,0.36612425,1,1.464497,1.464497,136.755427,108.00132500000001,2,24.400768,24.400768,0.578471,0.56411125,0,0.531172,0.531172,192000,48000,1,192000,192000,48000,12000,1,48000,48000,1,0.25,1,1,1,1,0.25,1,1,1,384000,96000,1,384000,384000,393216000,98304000,1,393216000,393216000,393216000,98304000,1,393216000,393216000,0.266475,0.0,0.0,0.00922,0.0,0.00092,0.0,0.0,0.0,0.0,0.0,0.0,0.0,0.0,0.0,136.749697,0.578471,0,0,0,0,0,0,0,,,,,,,,,,,
tiledb,node,256,0,warm,overlap_clustered_within_rank_25,48000,within_rank_25,clustered,2048,4,142.8867129725404,1,True,0,0,0,0.913376946,192000,48000,48000,0.25,0.25,4.0,1,12000,48000,4.0,4,192,2762673664,15524470784,a309dd8711c30ee159c2054520cb0b9754ff14d117251c9414e38b0746c65fae,1,189,,1,0.325585,0.272486,3,0.213407,0.213407,0.092178,0.0230445,1,0.092178,0.092178,0.03557,0.0088925,1,0.03557,0.03557,0.00975,0.00843725,1,0.00975,0.00975,0.01502,0.003755,1,0.01502,0.01502,108.872981,27.21852775,1,108.872981,108.872981,0.038089,0.00952225,1,0.038089,0.038089,0.0,0.0,0,0.0,0.0,0.0,0.0,0,0.0,0.0,0.073479,0.01836975,1,0.073479,0.073479,0.018859,0.00471475,1,0.018859,0.018859,71.182556,17.795639,1,71.182556,71.182556,0.0,0.0,0,0.0,0.0,6.927095,1.73177375,1,6.927095,6.927095,1.475277,0.36881925,1,1.475277,1.475277,141.883319,111.83624675,0,24.387859,24.387859,0.577591,0.5650265,0,0.531932,0.531932,192000,48000,1,192000,192000,48000,12000,1,48000,48000,1,0.25,1,1,1,1,0.25,1,1,1,384000,96000,1,384000,384000,393216000,98304000,1,393216000,393216000,393216000,98304000,1,393216000,393216000,0.213407,0.092178,0.03557,0.00975,0.01502,108.872981,0.038089,0.0,0.0,0.073479,0.018859,71.182556,0.0,6.927095,1.475277,24.387859,0.531932,192000,48000,1,1,384000,393216000,393216000,,,,,,,,,,,
tiledb,node,256,0,warm,overlap_clustered_within_rank_25,100000,within_rank_25,clustered,2048,0,270.4917790251784,0,False,0,0,0,1.784652732,400000,100000,100000,0.25,0.25,4.0,1,25000,100000,4.0,4,395,5753035776,15525990400,1ef431b664d23cfba7bfef6ecbd96dfe4a579d98a1dede3574d832df1ab6904d,1,392,,1,0.439473,0.36228175,3,0.263046,0.263046,0.105498,0.0263745,1,0.105498,0.105498,0.03813,0.0095325,1,0.03813,0.03813,0.01268,0.009625,1,0.01268,0.01268,0.022299,0.00557475,1,0.022299,0.022299,200.308259,50.077484749999996,1,200.308259,200.308259,0.080639,0.02015975,1,0.080639,0.080639,0.0,0.0,0,0.0,0.0,0.0,0.0,0,0.0,0.0,0.08857799999999999,0.022144499999999998,1,0.08857799999999999,0.08857799999999999,0.03336,0.00834,1,0.03336,0.03336,131.054044,32.763511,1,131.054044,131.054044,0.0,0.0,0,0.0,0.0,14.387371,3.59684275,1,14.387371,14.387371,2.988655,0.74716375,1,2.988655,2.988655,268.749046,212.817068,0,50.798756,50.798756,1.189552,1.17209725,0,1.137053,1.137053,400000,100000,1,400000,400000,100000,25000,1,100000,100000,1,0.25,1,1,1,1,0.25,1,1,1,800000,200000,1,800000,800000,819200000,204800000,1,819200000,819200000,819200000,204800000,1,819200000,819200000,0.313585,0.0,0.0,0.01023,0.0,0.00066,0.0,0.0,0.0,0.0,0.0,0.0,0.0,0.0,0.0,268.749046,1.189552,0,0,0,0,0,0,0,,,,,,,,,,,
tiledb,node,256,0,warm,overlap_clustered_within_rank_25,100000,within_rank_25,clustered,2048,1,275.851289043203,2,False,0,0,0,1.849833311,400000,100000,100000,0.25,0.25,4.0,1,25000,100000,4.0,4,395,5753035776,15526010880,8b620a11217e3ec9028aff7bab338a87c8610543271627b8966301d4f2de2786,1,392,,1,0.398444,0.34227975,3,0.248046,0.248046,0.103408,0.025852,1,0.103408,0.103408,0.035749,0.00893725,1,0.035749,0.035749,0.01213,0.0090125,1,0.01213,0.01213,0.02066,0.005165,1,0.02066,0.02066,205.706947,51.427186750000004,1,205.706947,205.706947,0.079359,0.01983975,1,0.079359,0.079359,0.0,0.0,0,0.0,0.0,0.0,0.0,0,0.0,0.0,0.079909,0.01997725,1,0.079909,0.079909,0.030999,0.00774975,1,0.030999,0.030999,137.180561,34.29514025,1,137.180561,137.180561,0.0,0.0,0,0.0,0.0,14.38649,3.5966225,1,14.38649,14.38649,2.982985,0.74574625,1,2.982985,2.982985,274.161994,216.865694,2,50.814786,50.814786,1.191452,1.17536975,0,1.137283,1.137283,400000,100000,1,400000,400000,100000,25000,1,100000,100000,1,0.25,1,1,1,1,0.25,1,1,1,800000,200000,1,800000,800000,819200000,204800000,1,819200000,819200000,819200000,204800000,1,819200000,819200000,0.398394,0.0,0.0,0.00768,0.0,0.00061,0.0,0.0,0.0,0.0,0.0,0.0,0.0,0.0,0.0,274.161994,1.187812,0,0,0,0,0,0,0,,,,,,,,,,,
tiledb,node,256,0,warm,overlap_clustered_within_rank_25,100000,within_rank_25,clustered,2048,2,249.4084110367112,0,False,0,0,0,1.781110307,400000,100000,100000,0.25,0.25,4.0,1,25000,100000,4.0,4,395,5753035776,15526047744,5aed05750d6eb4725ef15c817b5658e9c16e32fc25bdb6bd3f104c68a37c49ec,1,392,,1,0.417403,0.35523425,3,0.257226,0.257226,0.104649,0.02616225,1,0.104649,0.104649,0.037349,0.00933725,1,0.037349,0.037349,0.438713,0.11644825,0,0.01155,0.01155,0.022259,0.00556475,1,0.022259,0.022259,179.298359,44.82490975,1,179.298359,179.298359,0.080239,0.02005975,1,0.080239,0.080239,0.0,0.0,0,0.0,0.0,0.0,0.0,0,0.0,0.0,0.081139,0.02028475,1,0.081139,0.081139,0.03119,0.0077975,1,0.03119,0.03119,109.531251,27.38281275,1,109.531251,109.531251,0.0,0.0,0,0.0,0.0,14.388291,3.59707275,1,14.388291,14.388291,2.991034,0.7477585,1,2.991034,2.991034,247.594668,196.922855,2,50.719437,50.719437,1.185252,1.16878775,0,1.132943,1.132943,400000,100000,1,400000,400000,100000,25000,1,100000,100000,1,0.25,1,1,1,1,0.25,1,1,1,800000,200000,1,800000,800000,819200000,204800000,1,819200000,819200000,819200000,204800000,1,819200000,819200000,0.333045,0.0,0.0,0.438713,0.0,0.00065,0.0,0.0,0.0,0.0,0.0,0.0,0.0,0.0,0.0,247.237144,1.185252,0,0,0,0,0,0,0,,,,,,,,,,,
tiledb,node,256,0,warm,overlap_clustered_within_rank_25,100000,within_rank_25,clustered,2048,3,243.59306000405923,0,False,0,0,0,1.715179658,400000,100000,100000,0.25,0.25,4.0,1,25000,100000,4.0,4,395,5753035776,15526072320,8e39e3c9f8232d5ab505c076825beede285e70d8d4457f3e09b9122ed88f2a0d,1,392,,1,0.68445,0.5175572500000001,0,0.251046,0.251046,0.104759,0.02618975,1,0.104759,0.104759,0.036809,0.00920225,1,0.036809,0.036809,0.01123,0.0088725,1,0.01123,0.01123,0.020729,0.00518225,1,0.020729,0.020729,173.258581,43.31500525,1,173.258581,173.258581,0.079149,0.01978725,1,0.079149,0.079149,0.0,0.0,0,0.0,0.0,0.0,0.0,0,0.0,0.0,0.07908899999999999,0.019772249999999998,1,0.07908899999999999,0.07908899999999999,0.030719,0.00767975,1,0.030719,0.030719,102.755545,25.68888625,1,102.755545,102.755545,0.0,0.0,0,0.0,0.0,14.386571,3.59664275,1,14.386571,14.386571,2.990765,0.74769125,1,2.990765,2.990765,241.665419,192.51291750000001,2,50.752097,50.752097,1.188062,1.17271225,2,1.131883,1.131883,400000,100000,1,400000,400000,100000,25000,1,100000,100000,1,0.25,1,1,1,1,0.25,1,1,1,800000,200000,1,800000,800000,819200000,204800000,1,819200000,819200000,819200000,204800000,1,819200000,819200000,0.68445,0.0,0.0,0.00821,0.0,0.00059,0.0,0.0,0.0,0.0,0.0,0.0,0.0,0.0,0.0,241.511851,1.186062,0,0,0,0,0,0,0,,,,,,,,,,,
tiledb,node,256,0,warm,overlap_clustered_within_rank_25,100000,within_rank_25,clustered,2048,4,239.7106479620561,0,False,0,0,0,1.706803575,400000,100000,100000,0.25,0.25,4.0,1,25000,100000,4.0,4,395,5753035776,15526076416,de6726a9748611993943992c84bc562a0e510bc946cae28495b41c954d4d3d2a,1,392,,1,0.363664,0.3039775,3,0.250846,0.250846,0.104859,0.02621475,1,0.104859,0.104859,0.036759,0.00918975,1,0.036759,0.036759,0.01119,0.0089475,1,0.01119,0.01119,0.02241,0.0056025,1,0.02241,0.02241,169.784143,42.44633075,1,169.784143,169.784143,0.080308,0.020077,1,0.080308,0.080308,0.0,0.0,0,0.0,0.0,0.0,0.0,0,0.0,0.0,0.079139,0.01978475,1,0.079139,0.079139,0.030479,0.00761975,1,0.030479,0.030479,99.649902,24.9124755,1,99.649902,99.649902,0.0,0.0,0,0.0,0.0,14.389121,3.59728025,1,14.389121,14.389121,2.990735,0.74768375,1,2.990735,2.990735,238.042334,189.8798625,0,50.611249,50.611249,1.194322,1.17652475,3,1.136783,1.136783,400000,100000,1,400000,400000,100000,25000,1,100000,100000,1,0.25,1,1,1,1,0.25,1,1,1,800000,200000,1,800000,800000,819200000,204800000,1,819200000,819200000,819200000,204800000,1,819200000,819200000,0.252526,0.0,0.0,0.00866,0.0,0.00024,0.0,0.0,0.0,0.0,0.0,0.0,0.0,0.0,0.0,238.042334,1.190382,0,0,0,0,0,0,0,,,,,,,,,,,
tiledb,node,256,0,warm,overlap_clustered_combined_12_5,48000,combined_12_5,clustered,2048,0,94.35913199558854,1,True,0,0,0,0.510258141,192000,96000,24000,0.5,0.125,2.0,4,6000,24000,4.0,4,376,2566065664,15524356096,2c04948adeec15cc0bae67a1fa8f8fa0a7399d9de17310ae4bf30615c4b6e2ed,1,94,,1,0.393374,0.3133305,3,0.210367,0.210367,0.093718,0.0234295,1,0.093718,0.093718,0.03661,0.0091525,1,0.03661,0.03661,0.012209,0.00901975,1,0.012209,0.012209,0.01171,0.0029275,1,0.01171,0.01171,63.902647,15.97600175,1,63.902647,63.902647,0.02157,0.0053925,1,0.02157,0.02157,0.0,0.0,0,0.0,0.0,0.0,0.0,0,0.0,0.0,0.082849,0.02071225,1,0.082849,0.082849,0.014279,0.00356975,1,0.014279,0.014279,42.199217,10.54980425,1,42.199217,42.199217,0.0,0.0,0,0.0,0.0,3.486257,0.87156425,1,3.486257,3.486257,1.351179,0.33779475,1,1.351179,1.351179,93.338458,75.456928,0,24.367218,24.367218,0.576551,0.56393125,0,0.534282,0.534282,192000,48000,1,192000,192000,24000,6000,1,24000,24000,1,0.25,1,1,1,1,0.25,1,1,1,192000,48000,1,192000,192000,196608000,49152000,1,196608000,196608000,196608000,49152000,1,196608000,196608000,0.210367,0.093718,0.03661,0.012209,0.01171,63.902647,0.02157,0.0,0.0,0.082849,0.014279,42.199217,0.0,3.486257,1.351179,24.367218,0.534282,192000,24000,1,1,192000,196608000,196608000,,,,,,,,,,,
tiledb,node,256,0,warm,overlap_clustered_combined_12_5,48000,combined_12_5,clustered,2048,1,93.67536299396306,2,False,0,0,0,0.505700695,192000,96000,24000,0.5,0.125,2.0,4,6000,24000,4.0,4,376,2566065664,15524356096,60e2e239082894e5f42aae94fa3247936c7f20632a6e48dc27b4a9d10003c5f7,1,94,,1,0.395724,0.34238475,3,0.217677,0.217677,0.093399,0.02334975,1,0.093399,0.093399,0.036959,0.00923975,1,0.036959,0.036959,0.01228,0.008865,1,0.01228,0.01228,0.01154,0.002885,1,0.01154,0.01154,62.915352,15.7289805,1,62.915352,62.915352,0.01989,0.0049725,1,0.01989,0.01989,0.0,0.0,0,0.0,0.0,0.0,0.0,0,0.0,0.0,0.073099,0.01827475,1,0.073099,0.073099,0.01278,0.003195,1,0.01278,0.01278,41.317771,10.32944275,1,41.317771,41.317771,0.0,0.0,0,0.0,0.0,3.485287,0.87132175,1,3.485287,3.485287,1.355159,0.33878975,1,1.355159,1.355159,92.614689,74.94906075,2,24.619085,24.619085,0.575332,0.5633889999999999,0,0.531072,0.531072,192000,48000,1,192000,192000,24000,6000,1,24000,24000,1,0.25,1,1,1,1,0.25,1,1,1,192000,48000,1,192000,192000,196608000,49152000,1,196608000,196608000,196608000,49152000,1,196608000,196608000,0.394674,0.0,0.0,0.00781,0.0,0.00023,0.0,0.0,0.0,0.0,0.0,0.0,0.0,0.0,0.0,92.614689,0.573051,0,0,0,0,0,0,0,,,,,,,,,,,
tiledb,node,256,0,warm,overlap_clustered_combined_12_5,48000,combined_12_5,clustered,2048,2,94.57481902791187,0,False,0,0,0,0.518100251,192000,96000,24000,0.5,0.125,2.0,4,6000,24000,4.0,4,380,2566065664,15524360192,170b81a2afb9fb41db25666756b435d3d43c1fec143a8feeaf06c2709d7e04d0,1,95,,1,0.399934,0.34212750000000003,3,0.218877,0.218877,0.093418,0.0233545,1,0.093418,0.093418,0.03625,0.0090625,1,0.03625,0.03625,0.01158,0.008935,1,0.01158,0.01158,0.011739,0.00293475,1,0.011739,0.011739,64.048285,16.01224875,1,64.048285,64.048285,0.02007,0.0050175,1,0.02007,0.02007,0.0,0.0,0,0.0,0.0,0.0,0.0,0,0.0,0.0,0.073989,0.01849725,1,0.073989,0.073989,0.01299,0.0032475,1,0.01299,0.01299,42.327305,10.58182625,1,42.327305,42.327305,0.0,0.0,0,0.0,0.0,3.485447,0.87136175,1,3.485447,3.485447,1.356109,0.33902725,1,1.356109,1.356109,93.484306,75.55594675,2,24.351339,24.351339,0.580701,0.5656365,0,0.532482,0.532482,192000,48000,1,192000,192000,24000,6000,1,24000,24000,1,0.25,1,1,1,1,0.25,1,1,1,192000,48000,1,192000,192000,196608000,49152000,1,196608000,196608000,196608000,49152000,1,196608000,196608000,0.351595,0.0,0.0,0.00824,0.0,0.00027,0.0,0.0,0.0,0.0,0.0,0.0,0.0,0.0,0.0,93.482916,0.580701,0,0,0,0,0,0,0,,,,,,,,,,,
tiledb,node,256,0,warm,overlap_clustered_combined_12_5,48000,combined_12_5,clustered,2048,3,94.71068700077012,1,True,0,0,0,0.512084485,192000,96000,24000,0.5,0.125,2.0,4,6000,24000,4.0,4,380,2566065664,15524364288,b2564ed0ff53a930800ec200c9bff29293a3288d54fe7581062f47e0901345fa,1,95,,1,0.326755,0.2720085,3,0.205997,0.205997,0.092478,0.0231195,1,0.092478,0.092478,0.03736,0.00934,1,0.03736,0.03736,0.01521,0.009765,1,0.01521,0.01521,0.011899,0.00297475,1,0.011899,0.011899,64.255182,16.0639855,1,64.255182,64.255182,0.01991,0.0049775,1,0.01991,0.01991,0.0,0.0,0,0.0,0.0,0.0,0.0,0,0.0,0.0,0.072129,0.01803225,1,0.072129,0.072129,0.01236,0.00309,1,0.01236,0.01236,42.124878,10.5312195,1,42.124878,42.124878,0.0,0.0,0,0.0,0.0,3.484257,0.87106425,1,3.484257,3.484257,1.351119,0.33777975,1,1.351119,1.351119,93.726023,75.726427,2,24.397469,24.397469,0.581391,0.5645565,0,0.534372,0.534372,192000,48000,1,192000,192000,24000,6000,1,24000,24000,1,0.25,1,1,1,1,0.25,1,1,1,192000,48000,1,192000,192000,196608000,49152000,1,196608000,196608000,196608000,49152000,1,196608000,196608000,0.205997,0.092478,0.03736,0.01521,0.011899,64.255182,0.01991,0.0,0.0,0.072129,0.01236,42.124878,0.0,3.484257,1.351119,24.397469,0.534372,192000,24000,1,1,192000,196608000,196608000,,,,,,,,,,,
tiledb,node,256,0,warm,overlap_clustered_combined_12_5,48000,combined_12_5,clustered,2048,4,95.08514200570062,0,False,0,0,0,0.5205750499999999,192000,96000,24000,0.5,0.125,2.0,4,6000,24000,4.0,4,380,2566065664,15524360192,05bfa2df12ba6d553a452e6d8fa20f55ea894b9e5a122ff229dcf5bb126b0443,1,95,,1,0.331244,0.27452825000000003,3,0.212007,0.212007,0.093648,0.023412,1,0.093648,0.093648,0.03715,0.0092875,1,0.03715,0.03715,0.009669,0.00831475,1,0.009669,0.009669,0.0114,0.00285,1,0.0114,0.0114,64.636396,16.1593115,1,64.636396,64.636396,0.0201,0.005025,1,0.0201,0.0201,0.0,0.0,0,0.0,0.0,0.0,0.0,0,0.0,0.0,0.071489,0.01787225,1,0.071489,0.071489,0.01293,0.0032325,1,0.01293,0.01293,42.991025,10.74775625,1,42.991025,42.991025,0.0,0.0,0,0.0,0.0,3.483077,0.87076925,1,3.483077,3.483077,1.352499,0.33812475,1,1.352499,1.352499,94.091107,76.0036625,0,24.392929,24.392929,0.575781,0.56411625,0,0.530842,0.530842,192000,48000,1,192000,192000,24000,6000,1,24000,24000,1,0.25,1,1,1,1,0.25,1,1,1,192000,48000,1,192000,192000,196608000,49152000,1,196608000,196608000,196608000,49152000,1,196608000,196608000,0.233016,0.0,0.0,0.00809,0.0,0.00032,0.0,0.0,0.0,0.0,0.0,0.0,0.0,0.0,0.0,94.091107,0.575781,0,0,0,0,0,0,0,,,,,,,,,,,
tiledb,node,256,0,warm,overlap_clustered_combined_12_5,100000,combined_12_5,clustered,2048,0,168.0998590309173,2,True,0,0,0,0.999107055,400000,200000,50000,0.5,0.125,2.0,4,12500,50000,4.0,4,788,5344222208,15519674368,e503c7cb99f9b706f31ea7bbdb7d912e6118cde2c8f074ad630d36d6e8e92385,1,197,,1,0.454213,0.339275,2,0.454213,0.454213,0.103178,0.0257945,2,0.103178,0.103178,0.0368,0.0092,2,0.0368,0.0368,0.01115,0.00928475,1,0.00878,0.00878,0.014379,0.00359475,2,0.014379,0.014379,105.107559,26.277199749999998,2,105.107559,105.107559,0.03855,0.0096375,2,0.03855,0.03855,0.0,0.0,0,0.0,0.0,0.0,0.0,0,0.0,0.0,0.086449,0.02161225,2,0.086449,0.086449,0.01899,0.0047475,2,0.01899,0.01899,104.622536,26.155634,2,104.622536,104.622536,0.0,0.0,0,0.0,0.0,7.24012,1.81003,2,7.24012,7.24012,3.027814,0.7569535,2,3.027814,3.027814,166.344626,136.04634025000001,1,50.735097,50.735097,1.202402,1.1785245,3,1.140493,1.140493,400000,100000,2,400000,400000,50000,12500,2,50000,50000,1,0.25,2,1,1,1,0.25,2,1,1,400000,100000,2,400000,400000,409600000,102400000,2,409600000,409600000,409600000,102400000,2,409600000,409600000,0.454213,0.103178,0.0368,0.00878,0.014379,105.107559,0.03855,0.0,0.0,0.086449,0.01899,104.622536,0.0,7.24012,3.027814,50.735097,1.140493,400000,50000,1,1,400000,409600000,409600000,,,,,,,,,,,
tiledb,node,256,0,warm,overlap_clustered_combined_12_5,100000,combined_12_5,clustered,2048,1,165.46325897797942,3,False,0,0,0,0.9782418580000001,400000,200000,50000,0.5,0.125,2.0,4,12500,50000,4.0,4,788,5344222208,15521968128,2ba0910f71c67d14737709a679d3f61541396496df427c5e6d019d6b197b208e,1,197,,1,0.353545,0.26701874999999997,0,0.263666,0.263666,0.104468,0.026117,2,0.104468,0.104468,0.03675,0.0091875,2,0.03675,0.03675,0.012379,0.010007249999999999,2,0.012379,0.012379,0.014,0.0035,2,0.014,0.014,102.484349,25.62161725,2,102.484349,102.484349,0.03934,0.009835,2,0.03934,0.03934,0.0,0.0,0,0.0,0.0,0.0,0.0,0,0.0,0.0,0.079049,0.01976225,2,0.079049,0.079049,0.01899,0.0047475,2,0.01899,0.01899,101.994986,25.4987465,2,101.994986,101.994986,0.0,0.0,0,0.0,0.0,7.21963,1.8049075,2,7.21963,7.21963,3.030544,0.757636,2,3.030544,3.030544,163.717036,134.1335245,3,50.731748,50.731748,1.200182,1.17777175,3,1.139222,1.139222,400000,100000,2,400000,400000,50000,12500,2,50000,50000,1,0.25,2,1,1,1,0.25,2,1,1,400000,100000,2,400000,400000,409600000,102400000,2,409600000,409600000,409600000,102400000,2,409600000,409600000,0.226437,0.0,0.0,0.00993,0.0,0.00073,0.0,0.0,0.0,0.0,0.0,0.0,0.0,0.0,0.0,163.717036,1.200182,0,0,0,0,0,0,0,,,,,,,,,,,
tiledb,node,256,0,warm,overlap_clustered_combined_12_5,100000,combined_12_5,clustered,2048,2,168.08974999003112,1,False,0,0,0,1.002424037,400000,200000,50000,0.5,0.125,2.0,4,12500,50000,4.0,4,788,5344222208,15522041856,d42fd5add5b02c164d390790687ecf2b4baf06b18ad7453cabebaeccb8e7febb,1,197,,1,0.374204,0.285768,0,0.262096,0.262096,0.103349,0.02583725,2,0.103349,0.103349,0.038039,0.00950975,2,0.038039,0.038039,0.01216,0.0099125,2,0.01216,0.01216,0.01449,0.0036225,2,0.01449,0.01449,105.159388,26.290327,2,105.159388,105.159388,0.039389,0.00984725,2,0.039389,0.039389,0.0,0.0,0,0.0,0.0,0.0,0.0,0,0.0,0.0,0.077798,0.0194495,2,0.077798,0.077798,0.01943,0.0048575,2,0.01943,0.01943,104.665756,26.166439,2,104.665756,104.665756,0.0,0.0,0,0.0,0.0,7.21986,1.804965,2,7.21986,7.21986,3.052424,0.763106,2,3.052424,3.052424,166.394125,136.1057515,1,50.707277,50.707277,1.203312,1.17553725,3,1.137833,1.137833,400000,100000,2,400000,400000,50000,12500,2,50000,50000,1,0.25,2,1,1,1,0.25,2,1,1,400000,100000,2,400000,400000,409600000,102400000,2,409600000,409600000,409600000,102400000,2,409600000,409600000,0.275446,0.0,0.0,0.00912,0.0,0.00072,0.0,0.0,0.0,0.0,0.0,0.0,0.0,0.0,0.0,166.394125,1.179042,0,0,0,0,0,0,0,,,,,,,,,,,
tiledb,node,256,0,warm,overlap_clustered_combined_12_5,100000,combined_12_5,clustered,2048,3,165.47945997444913,1,False,0,0,0,0.9729123120000001,400000,200000,50000,0.5,0.125,2.0,4,12500,50000,4.0,4,784,5344222208,15522082816,1868ae3f0978c6f66a29ea1d1f123fe88c527eff6adda8ef08474961e17c2c9b,1,196,,1,0.405484,0.2909005,0,0.261656,0.261656,0.103808,0.025952,2,0.103808,0.103808,0.038059,0.00951475,2,0.038059,0.038059,0.01125,0.00965225,2,0.01125,0.01125,0.01446,0.003615,2,0.01446,0.01446,102.592997,25.64871925,2,102.592997,102.592997,0.038959,0.00973975,2,0.038959,0.038959,0.0,0.0,0,0.0,0.0,0.0,0.0,0,0.0,0.0,0.07797899999999999,0.019494749999999998,2,0.07797899999999999,0.07797899999999999,0.01889,0.0047225,2,0.01889,0.01889,102.100954,25.5252385,2,102.100954,102.100954,0.0,0.0,0,0.0,0.0,7.21968,1.80492,2,7.21968,7.21968,3.022184,0.755546,2,3.022184,3.022184,163.819755,134.1320245,1,50.721997,50.721997,1.195362,1.17211475,3,1.136083,1.136083,400000,100000,2,400000,400000,50000,12500,2,50000,50000,1,0.25,2,1,1,1,0.25,2,1,1,400000,100000,2,400000,400000,409600000,102400000,2,409600000,409600000,409600000,102400000,2,409600000,409600000,0.255846,0.0,0.0,0.00866,0.0,0.00082,0.0,0.0,0.0,0.0,0.0,0.0,0.0,0.0,0.0,163.819755,1.182722,0,0,0,0,0,0,0,,,,,,,,,,,
tiledb,node,256,0,warm,overlap_clustered_combined_12_5,100000,combined_12_5,clustered,2048,4,167.11826500250027,1,False,0,0,0,0.997173015,400000,200000,50000,0.5,0.125,2.0,4,12500,50000,4.0,4,784,5344222208,15522140160,dd821f2e5a2af1dc96ecaa69e54d44cceaefedbb956b67436cc06dc3a30f8f89,1,196,,1,0.353044,0.2747555,0,0.257866,0.257866,0.103839,0.02595975,2,0.103839,0.103839,0.036669,0.00916725,2,0.036669,0.036669,0.01223,0.009802499999999999,2,0.01223,0.01223,0.01455,0.0036375,2,0.01455,0.01455,104.182073,26.04603325,2,104.182073,104.182073,0.039219,0.00980475,2,0.039219,0.039219,0.0,0.0,0,0.0,0.0,0.0,0.0,0,0.0,0.0,0.077278,0.0193195,2,0.077278,0.077278,0.01894,0.004735,2,0.01894,0.01894,103.702331,25.92558275,2,103.702331,103.702331,0.0,0.0,0,0.0,0.0,7.2156,1.8039,2,7.2156,7.2156,3.022224,0.755556,2,3.022224,3.022224,165.41134,135.376395,1,50.727767,50.727767,1.196182,1.175685,3,1.140093,1.140093,400000,100000,2,400000,400000,50000,12500,2,50000,50000,1,0.25,2,1,1,1,0.25,2,1,1,400000,100000,2,400000,400000,409600000,102400000,2,409600000,409600000,409600000,102400000,2,409600000,409600000,0.260806,0.0,0.0,0.0089,0.0,0.00069,0.0,0.0,0.0,0.0,0.0,0.0,0.0,0.0,0.0,165.41134,1.191412,0,0,0,0,0,0,0,,,,,,,,,,,
tiledb,node,256,0,warm,overlap_clustered_combined_6_25,48000,combined_6_25,clustered,2048,0,68.94152000313625,3,False,0,0,0,0.341549664,192000,48000,12000,0.25,0.0625,4.0,4,3000,12000,4.0,4,192,2466713088,15518232576,b0ba11a9dc3d89e6668f192d0ffaaf1c4b3137a34f194d9968fe90f3812bbdac,1,48,,1,0.286916,0.24485875000000001,2,0.286916,0.286916,0.091718,0.0229295,2,0.091718,0.091718,0.04125,0.0103125,2,0.04125,0.04125,0.01197,0.0103575,3,0.01034,0.01034,0.009339,0.00233475,2,0.009339,0.009339,40.387535,10.09721875,2,40.387535,40.387535,0.00999,0.0024975,2,0.00999,0.00999,0.0,0.0,0,0.0,0.0,0.0,0.0,0,0.0,0.0,0.059149,0.01478725,2,0.059149,0.059149,0.00913,0.0022825,2,0.00913,0.00913,40.146478,10.0366195,2,40.146478,40.146478,0.0,0.0,0,0.0,0.0,1.740534,0.4351335,2,1.740534,1.740534,1.26256,0.31564,2,1.26256,1.26256,67.907105,56.36693875,3,24.341729,24.341729,0.582521,0.56752625,3,0.534582,0.534582,192000,48000,2,192000,192000,12000,3000,2,12000,12000,1,0.25,2,1,1,1,0.25,2,1,1,96000,24000,2,96000,96000,98304000,24576000,2,98304000,98304000,98304000,24576000,2,98304000,98304000,0.198677,0.0,0.0,0.01197,0.0,0.00065,0.0,0.0,0.0,0.0,0.0,0.0,0.0,0.0,0.0,67.907105,0.582521,0,0,0,0,0,0,0,,,,,,,,,,,
tiledb,node,256,0,warm,overlap_clustered_combined_6_25,48000,combined_6_25,clustered,2048,1,68.10252298600972,1,False,0,0,0,0.33506550599999996,192000,48000,12000,0.25,0.0625,4.0,4,3000,12000,4.0,4,192,2466713088,15519113216,febecd069f91c1ef95a9cf71955c1296230db1e3ea4f9532cf14eee97a14994f,1,48,,1,0.289575,0.25813600000000003,2,0.289575,0.289575,0.091709,0.02292725,2,0.091709,0.091709,0.036039,0.00900975,2,0.036039,0.036039,0.00991,0.00899225,3,0.00945,0.00945,0.00884,0.00221,2,0.00884,0.00884,39.560277,9.890441749999999,2,39.560277,39.560277,0.01025,0.0025625,2,0.01025,0.01025,0.0,0.0,0,0.0,0.0,0.0,0.0,0,0.0,0.0,0.057789,0.01444725,2,0.057789,0.057789,0.00889,0.0022225,2,0.00889,0.00889,39.279121,9.81978025,2,39.279121,39.279121,0.0,0.0,0,0.0,0.0,1.744354,0.4360885,2,1.744354,1.744354,1.26046,0.315115,2,1.26046,1.26046,67.121658,55.749311,1,24.367509,24.367509,0.578101,0.563874,3,0.529102,0.529102,192000,48000,2,192000,192000,12000,3000,2,12000,12000,1,0.25,2,1,1,1,0.25,2,1,1,96000,24000,2,96000,96000,98304000,24576000,2,98304000,98304000,98304000,24576000,2,98304000,98304000,0.262026,0.0,0.0,0.00859,0.0,0.00045,0.0,0.0,0.0,0.0,0.0,0.0,0.0,0.0,0.0,67.121658,0.576001,0,0,0,0,0,0,0,,,,,,,,,,,
tiledb,node,256,0,warm,overlap_clustered_combined_6_25,48000,combined_6_25,clustered,2048,2,69.66974900569767,3,False,0,0,0,0.345240334,192000,48000,12000,0.25,0.0625,4.0,4,3000,12000,4.0,4,192,2466713088,15519105024,51fec51bb6c3bee42deca9487e8ffc675164e83a7d2b8558c5b63ef62971676b,1,48,,1,0.258346,0.2195245,0,0.208397,0.208397,0.092009,0.02300225,2,0.092009,0.092009,0.036799,0.00919975,2,0.036799,0.036799,0.0099,0.00888725,2,0.0099,0.0099,0.00881,0.0022025,2,0.00881,0.00881,41.105514,10.2767085,2,41.105514,41.105514,0.01023,0.0025575,2,0.01023,0.01023,0.0,0.0,0,0.0,0.0,0.0,0.0,0,0.0,0.0,0.06069,0.0151725,2,0.06069,0.06069,0.009289,0.00232225,2,0.009289,0.009289,40.826439,10.20660975,2,40.826439,40.826439,0.0,0.0,0,0.0,0.0,1.770393,0.44259825,2,1.770393,1.770393,1.26183,0.3154575,2,1.26183,1.26183,68.704464,56.945878,3,24.374599,24.374599,0.582741,0.56377875,3,0.530242,0.530242,192000,48000,2,192000,192000,12000,3000,2,12000,12000,1,0.25,2,1,1,1,0.25,2,1,1,96000,24000,2,96000,96000,98304000,24576000,2,98304000,98304000,98304000,24576000,2,98304000,98304000,0.181848,0.0,0.0,0.0089,0.0,0.00092,0.0,0.0,0.0,0.0,0.0,0.0,0.0,0.0,0.0,68.704464,0.582741,0,0,0,0,0,0,0,,,,,,,,,,,
tiledb,node,256,0,warm,overlap_clustered_combined_6_25,48000,combined_6_25,clustered,2048,3,68.78916296409443,3,False,0,0,0,0.341705664,192000,48000,12000,0.25,0.0625,4.0,4,3000,12000,4.0,4,192,2466713088,15519133696,e0638e2a91138e970af73d3756db4943bbbc0045cba9d2e3824f3e328d708efb,1,48,,1,0.265736,0.2267415,0,0.216336,0.216336,0.091709,0.02292725,2,0.091709,0.091709,0.035019,0.00875475,2,0.035019,0.035019,0.00964,0.00878,2,0.00964,0.00964,0.00853,0.0021325,2,0.00853,0.00853,40.264447,10.066456749999999,2,40.264447,40.264447,0.01031,0.0025775,2,0.01031,0.01031,0.0,0.0,0,0.0,0.0,0.0,0.0,0,0.0,0.0,0.056528999999999996,0.014132249999999999,2,0.056528999999999996,0.056528999999999996,0.00911,0.0022775,2,0.00911,0.00911,39.99631,9.9990775,2,39.99631,39.99631,0.0,0.0,0,0.0,0.0,1.744603,0.43615075,2,1.744603,1.744603,1.263191,0.31579775,2,1.263191,1.263191,67.832107,56.30682475,1,24.369159,24.369159,0.581261,0.56502675,3,0.529882,0.529882,192000,48000,2,192000,192000,12000,3000,2,12000,12000,1,0.25,2,1,1,1,0.25,2,1,1,96000,24000,2,96000,96000,98304000,24576000,2,98304000,98304000,98304000,24576000,2,98304000,98304000,0.185408,0.0,0.0,0.00916,0.0,0.00091,0.0,0.0,0.0,0.0,0.0,0.0,0.0,0.0,0.0,67.821027,0.581261,0,0,0,0,0,0,0,,,,,,,,,,,
tiledb,node,256,0,warm,overlap_clustered_combined_6_25,48000,combined_6_25,clustered,2048,4,67.01632897602394,1,False,0,0,0,0.333184326,192000,48000,12000,0.25,0.0625,4.0,4,3000,12000,4.0,4,192,2466713088,15519145984,18aee6a14d32a8c1b0c51523a001f42464679e5c39ce99cdb35ad5ad1fa94def,1,48,,1,0.263896,0.2187865,0,0.208737,0.208737,0.091578,0.0228945,2,0.091578,0.091578,0.03523,0.0088075,2,0.03523,0.03523,0.009189,0.00850975,2,0.009189,0.009189,0.00904,0.00226,2,0.00904,0.00904,38.577213,9.64455325,2,38.577213,38.577213,0.01029,0.0025725,2,0.01029,0.01029,0.0,0.0,0,0.0,0.0,0.0,0.0,0,0.0,0.0,0.055789,0.01394725,2,0.055789,0.055789,0.00854,0.002135,2,0.00854,0.00854,38.304957,9.57623925,2,38.304957,38.304957,0.0,0.0,0,0.0,0.0,1.747363,0.43684075,2,1.747363,1.747363,1.264771,0.31619275,2,1.264771,1.264771,66.097343,55.003241749999994,1,24.306679,24.306679,0.577471,0.562889,3,0.528082,0.528082,192000,48000,2,192000,192000,12000,3000,2,12000,12000,1,0.25,2,1,1,1,0.25,2,1,1,96000,24000,2,96000,96000,98304000,24576000,2,98304000,98304000,98304000,24576000,2,98304000,98304000,0.219606,0.0,0.0,0.00827,0.0,0.00015,0.0,0.0,0.0,0.0,0.0,0.0,0.0,0.0,0.0,66.097343,0.573561,0,0,0,0,0,0,0,,,,,,,,,,,
tiledb,node,256,0,warm,overlap_clustered_combined_6_25,100000,combined_6_25,clustered,2048,0,119.24336297670379,1,False,0,0,0,0.615662354,400000,100000,25000,0.25,0.0625,4.0,4,6250,25000,4.0,4,396,5139422208,15519944704,84bb9c2acbf4e30809952e8de290bd1b9a7a25ced4c4fa43aca8df64b86fa1c3,1,99,,1,0.315586,0.2805685,0,0.254986,0.254986,0.103488,0.025872,2,0.103488,0.103488,0.038199,0.00954975,2,0.038199,0.038199,0.01345,0.011287499999999999,3,0.013,0.013,0.0113,0.002825,2,0.0113,0.0113,60.258662,15.065018,2,60.258662,60.258662,0.02062,0.005155,2,0.02062,0.02062,0.0,0.0,0,0.0,0.0,0.0,0.0,0,0.0,0.0,0.070659,0.01766475,2,0.070659,0.070659,0.014759,0.00368975,2,0.014759,0.014759,59.904398,14.9760995,2,59.904398,59.904398,0.0,0.0,0,0.0,0.0,3.625665,0.90641625,2,3.625665,3.625665,2.670049,0.66751225,2,2.670049,2.670049,117.589859,99.45921,1,50.787106,50.787106,1.206592,1.1764972500000002,3,1.140653,1.140653,400000,100000,2,400000,400000,25000,6250,2,25000,25000,1,0.25,2,1,1,1,0.25,2,1,1,200000,50000,2,200000,200000,204800000,51200000,2,204800000,204800000,204800000,51200000,2,204800000,204800000,0.305116,0.0,0.0,0.00957,0.0,0.00046,0.0,0.0,0.0,0.0,0.0,0.0,0.0,0.0,0.0,117.589859,1.178392,0,0,0,0,0,0,0,,,,,,,,,,,
tiledb,node,256,0,warm,overlap_clustered_combined_6_25,100000,combined_6_25,clustered,2048,1,123.45398898469284,1,False,0,0,0,0.641727485,400000,100000,25000,0.25,0.0625,4.0,4,6250,25000,4.0,4,396,5139422208,15521320960,099ae8b87add43962c93e78691747ffba91e00bc05c5e53b921aa00755634219,1,99,,1,0.391464,0.29636799999999996,0,0.279475,0.279475,0.102648,0.025662,2,0.102648,0.102648,0.03554,0.008885,2,0.03554,0.03554,0.01206,0.00976225,2,0.01206,0.01206,0.011849,0.00296225,2,0.011849,0.011849,64.551867,16.13844925,2,64.551867,64.551867,0.02019,0.0050475,2,0.02019,0.02019,0.0,0.0,0,0.0,0.0,0.0,0.0,0,0.0,0.0,0.071459,0.01786475,2,0.071459,0.071459,0.01289,0.0032225,2,0.01289,0.01289,64.199892,16.049973,2,64.199892,64.199892,0.0,0.0,0,0.0,0.0,3.611105,0.90277625,2,3.611105,3.611105,2.65094,0.662735,2,2.65094,2.65094,121.752995,102.62267925,1,50.704787,50.704787,1.196241,1.174477,3,1.132693,1.132693,400000,100000,2,400000,400000,25000,6250,2,25000,25000,1,0.25,2,1,1,1,0.25,2,1,1,200000,50000,2,200000,200000,204800000,51200000,2,204800000,204800000,204800000,51200000,2,204800000,204800000,0.291276,0.0,0.0,0.00841,0.0,0.00058,0.0,0.0,0.0,0.0,0.0,0.0,0.0,0.0,0.0,121.752995,1.188022,0,0,0,0,0,0,0,,,,,,,,,,,
tiledb,node,256,0,warm,overlap_clustered_combined_6_25,100000,combined_6_25,clustered,2048,2,123.35237103980035,3,False,0,0,0,0.642501377,400000,100000,25000,0.25,0.0625,4.0,4,6250,25000,4.0,4,396,5139422208,15521337344,e42ddac3a7a22b798994f0c89e738e5cc9c8871d8f39cffbaf0755d36ced77d7,1,99,,1,0.367895,0.27877825,0,0.288756,0.288756,0.102698,0.0256745,2,0.102698,0.102698,0.036289,0.00907225,2,0.036289,0.036289,0.01816,0.01243,0,0.01004,0.01004,0.01128,0.00282,2,0.01128,0.01128,64.455548,16.114366999999998,2,64.455548,64.455548,0.02024,0.00506,2,0.02024,0.02024,0.0,0.0,0,0.0,0.0,0.0,0.0,0,0.0,0.0,0.062508,0.015627,2,0.062508,0.062508,0.01196,0.00299,2,0.01196,0.01196,64.127754,16.0319385,2,64.127754,64.127754,0.0,0.0,0,0.0,0.0,3.609365,0.90234125,2,3.609365,3.609365,2.66321,0.6658025,2,2.66321,2.66321,121.687526,102.55104750000001,1,50.753656,50.753656,1.219651,1.1854295000000001,0,1.137933,1.137933,400000,100000,2,400000,400000,25000,6250,2,25000,25000,1,0.25,2,1,1,1,0.25,2,1,1,200000,50000,2,200000,200000,204800000,51200000,2,204800000,204800000,204800000,51200000,2,204800000,204800000,0.238636,0.0,0.0,0.01043,0.0,0.00073,0.0,0.0,0.0,0.0,0.0,0.0,0.0,0.0,0.0,121.609637,1.201602,0,0,0,0,0,0,0,,,,,,,,,,,
tiledb,node,256,0,warm,overlap_clustered_combined_6_25,100000,combined_6_25,clustered,2048,3,116.5072150179185,1,False,0,0,0,0.598366291,400000,100000,25000,0.25,0.0625,4.0,4,6250,25000,4.0,4,396,5139422208,15521353728,7168199ecc7aa17e3f8896999ab5635300cd44be21ad77a24b3b3a2e3a687d8a,1,99,,1,0.710949,0.5574935000000001,2,0.710949,0.710949,0.103219,0.02580475,2,0.103219,0.103219,0.060579,0.01514475,2,0.060579,0.060579,0.01066,0.009864999999999999,3,0.01014,0.01014,0.01162,0.002905,2,0.01162,0.01162,57.185819,14.29710975,2,57.185819,57.185819,0.019989,0.00499725,2,0.019989,0.019989,0.0,0.0,0,0.0,0.0,0.0,0.0,0,0.0,0.0,0.061109,0.01527725,2,0.061109,0.061109,0.01132,0.00283,2,0.01132,0.01132,56.871584,14.217896,2,56.871584,56.871584,0.0,0.0,0,0.0,0.0,3.606325,0.90158125,2,3.606325,3.606325,2.657659,0.66441475,2,2.657659,2.657659,114.418107,97.0882835,1,50.717487,50.717487,1.201822,1.17870975,3,1.141953,1.141953,400000,100000,2,400000,400000,25000,6250,2,25000,25000,1,0.25,2,1,1,1,0.25,2,1,1,200000,50000,2,200000,200000,204800000,51200000,2,204800000,204800000,204800000,51200000,2,204800000,204800000,0.685139,0.0,0.0,0.00915,0.0,0.00048,0.0,0.0,0.0,0.0,0.0,0.0,0.0,0.0,0.0,114.418107,1.186492,0,0,0,0,0,0,0,,,,,,,,,,,
tiledb,node,256,0,warm,overlap_clustered_combined_6_25,100000,combined_6_25,clustered,2048,4,123.79673396935686,3,False,0,0,0,0.638045057,400000,100000,25000,0.25,0.0625,4.0,4,6250,25000,4.0,4,396,5139422208,15521386496,8aa2fb5e2d3dfdc0c2e2522404dc8e477e7bd2fbe1beff3a860df4674931c6a2,1,99,,1,0.322405,0.28970324999999997,2,0.322405,0.322405,0.102938,0.0257345,2,0.102938,0.102938,0.03637,0.0090925,2,0.03637,0.03637,0.00984,0.00944975,2,0.00984,0.00984,0.01161,0.0029025,2,0.01161,0.01161,64.889261,16.222787750000002,2,64.889261,64.889261,0.019799,0.00494975,2,0.019799,0.019799,0.0,0.0,0,0.0,0.0,0.0,0.0,0,0.0,0.0,0.058669,0.01466725,2,0.058669,0.058669,0.01186,0.002965,2,0.01186,0.01186,64.584266,16.1460665,2,64.584266,64.584266,0.0,0.0,0,0.0,0.0,3.605415,0.90135375,2,3.605415,3.605415,2.64327,0.6608175,2,2.64327,2.64327,122.078621,102.83301125,3,50.730767,50.730767,1.199372,1.17471975,3,1.136503,1.136503,400000,100000,2,400000,400000,25000,6250,2,25000,25000,1,0.25,2,1,1,1,0.25,2,1,1,200000,50000,2,200000,200000,204800000,51200000,2,204800000,204800000,204800000,51200000,2,204800000,204800000,0.228347,0.0,0.0,0.009689,0.0,0.00074,0.0,0.0,0.0,0.0,0.0,0.0,0.0,0.0,0.0,122.078621,1.199372,0,0,0,0,0,0,0,,,,,,,,,,,
tiledb,node,256,0,warm,overlap_clustered_combined_3_125,48000,combined_3_125,clustered,2048,0,47.29160899296403,1,False,0,0,0,0.21903641899999998,192000,24000,6000,0.125,0.03125,8.0,4,1500,6000,4.0,4,96,2417561088,15521046528,83f8f0199efe304615658fabb8d8e06dac750c292d9e9bc209cfd1f7fa651fb9,1,24,,1,0.297405,0.26718825,0,0.281246,0.281246,0.091689,0.02292225,2,0.091689,0.091689,0.03313,0.0082825,2,0.03313,0.03313,0.01064,0.00912475,3,0.010169,0.010169,0.00764,0.00191,2,0.00764,0.00764,19.756639,4.93944225,2,19.756639,19.756639,0.00587,0.0014675,2,0.00587,0.00587,0.0,0.0,0,0.0,0.0,0.0,0.0,0,0.0,0.0,0.048350000000000004,0.012087500000000001,2,0.048350000000000004,0.048350000000000004,0.006169,0.00154225,2,0.006169,0.006169,19.582442,4.8956105,2,19.582442,19.582442,0.0,0.0,0,0.0,0.0,0.876407,0.21910175,2,0.876407,0.876407,1.209042,0.3022605,2,1.209042,1.209042,46.327714,40.1871855,1,24.30623,24.30623,0.574721,0.563859,3,0.535292,0.535292,192000,48000,2,192000,192000,6000,1500,2,6000,6000,1,0.25,2,1,1,1,0.25,2,1,1,48000,12000,2,48000,48000,49152000,12288000,2,49152000,49152000,49152000,12288000,2,49152000,49152000,0.295185,0.0,0.0,0.00785,0.0,0.00014,0.0,0.0,0.0,0.0,0.0,0.0,0.0,0.0,0.0,46.327714,0.572622,0,0,0,0,0,0,0,,,,,,,,,,,
tiledb,node,256,0,warm,overlap_clustered_combined_3_125,48000,combined_3_125,clustered,2048,1,47.726393037009984,3,False,0,0,0,0.22224381,192000,24000,6000,0.125,0.03125,8.0,4,1500,6000,4.0,4,96,2417561088,15521062912,c5361ebf3ccae6fe7a458e06272274c5a4eecccd2879189bbcd2c797906ff53a,1,24,,1,0.220216,0.207324,1,0.185387,0.185387,0.089538,0.0223845,2,0.089538,0.089538,0.03248,0.00812,2,0.03248,0.03248,0.0091,0.008235,2,0.0091,0.0091,0.007699,0.00192475,2,0.007699,0.007699,20.202603,5.05079575,2,20.202603,20.202603,0.00599,0.0014975,2,0.00599,0.00599,0.0,0.0,0,0.0,0.0,0.0,0.0,0,0.0,0.0,0.04505,0.0112625,2,0.04505,0.04505,0.00579,0.0014475,2,0.00579,0.00579,20.014895,5.00372375,2,20.014895,20.014895,0.0,0.0,0,0.0,0.0,0.876236,0.219059,2,0.876236,0.876236,1.205942,0.3014855,2,1.205942,1.205942,46.837296,40.52862475,3,24.382238,24.382238,0.573531,0.56319175,0,0.535172,0.535172,192000,48000,2,192000,192000,6000,1500,2,6000,6000,1,0.25,2,1,1,1,0.25,2,1,1,48000,12000,2,48000,48000,49152000,12288000,2,49152000,49152000,49152000,12288000,2,49152000,49152000,0.208107,0.0,0.0,0.00788,0.0,0.00019,0.0,0.0,0.0,0.0,0.0,0.0,0.0,0.0,0.0,46.837296,0.571212,0,0,0,0,0,0,0,,,,,,,,,,,
tiledb,node,256,0,warm,overlap_clustered_combined_3_125,48000,combined_3_125,clustered,2048,2,48.00827900180593,1,False,0,0,0,0.22387696899999998,192000,24000,6000,0.125,0.03125,8.0,4,1500,6000,4.0,4,96,2417561088,15521058816,d2f8f401af52b36e2cfa89cd02f39a75380fca0027a0134c1d0d8e2a879c0c8f,1,24,,1,0.228677,0.21387699999999998,1,0.186297,0.186297,0.090759,0.02268975,2,0.090759,0.090759,0.032009,0.00800225,2,0.032009,0.032009,0.00883,0.008367,2,0.00883,0.00883,0.00808,0.00202,2,0.00808,0.00808,20.503898,5.126122,2,20.503898,20.503898,0.00592,0.00148,2,0.00592,0.00592,0.0,0.0,0,0.0,0.0,0.0,0.0,0,0.0,0.0,0.043209000000000004,0.010802250000000001,2,0.043209000000000004,0.043209000000000004,0.00546,0.001365,2,0.00546,0.00546,20.310091,5.07752275,2,20.310091,20.310091,0.0,0.0,0,0.0,0.0,0.907846,0.2269615,2,0.907846,0.907846,1.207581,0.30189525,2,1.207581,1.207581,47.116903,40.756927250000004,1,24.32042,24.32042,0.573051,0.56254125,0,0.533242,0.533242,192000,48000,2,192000,192000,6000,1500,2,6000,6000,1,0.25,2,1,1,1,0.25,2,1,1,48000,12000,2,48000,48000,49152000,12288000,2,49152000,49152000,49152000,12288000,2,49152000,49152000,0.228677,0.0,0.0,0.008069,0.0,0.00021,0.0,0.0,0.0,0.0,0.0,0.0,0.0,0.0,0.0,47.116903,0.571591,0,0,0,0,0,0,0,,,,,,,,,,,
tiledb,node,256,0,warm,overlap_clustered_combined_3_125,48000,combined_3_125,clustered,2048,3,48.313073988538235,1,False,0,0,0,0.2223857,192000,24000,6000,0.125,0.03125,8.0,4,1500,6000,4.0,4,96,2417561088,15521058816,825c8827ed25623c86f98a4c518f6ac4074e26b8b9a875e9d3787fd96510a334,1,24,,1,0.218996,0.2071315,1,0.185437,0.185437,0.090548,0.022637,2,0.090548,0.090548,0.03391,0.0084775,2,0.03391,0.03391,0.00888,0.00831,2,0.00888,0.00888,0.007529,0.00188225,2,0.007529,0.007529,20.782254,5.1956834999999995,2,20.782254,20.782254,0.00563,0.0014075,2,0.00563,0.00563,0.0,0.0,0,0.0,0.0,0.0,0.0,0,0.0,0.0,0.04043,0.0101075,2,0.04043,0.04043,0.00504,0.00126,2,0.00504,0.00504,20.599636,5.149909,2,20.599636,20.599636,0.0,0.0,0,0.0,0.0,0.875967,0.21899175,2,0.875967,0.875967,1.210131,0.30253275,2,1.210131,1.210131,47.417528,40.9663735,1,24.370509,24.370509,0.572561,0.56104875,0,0.530982,0.530982,192000,48000,2,192000,192000,6000,1500,2,6000,6000,1,0.25,2,1,1,1,0.25,2,1,1,48000,12000,2,48000,48000,49152000,12288000,2,49152000,49152000,49152000,12288000,2,49152000,49152000,0.218996,0.0,0.0,0.00796,0.0,0.00014,0.0,0.0,0.0,0.0,0.0,0.0,0.0,0.0,0.0,47.417528,0.570691,0,0,0,0,0,0,0,,,,,,,,,,,
tiledb,node,256,0,warm,overlap_clustered_combined_3_125,48000,combined_3_125,clustered,2048,4,48.817517003044486,3,False,0,0,0,0.22852659,192000,24000,6000,0.125,0.03125,8.0,4,1500,6000,4.0,4,100,2417561088,15521062912,156d07439fd9bafff06755b7043afee95556c93cfa0d1246f7fac717745ff501,1,25,,1,0.211367,0.2015045,0,0.183397,0.183397,0.090398,0.0225995,2,0.090398,0.090398,0.03965,0.0099125,2,0.03965,0.03965,0.008699,0.00813475,2,0.008699,0.008699,0.00773,0.0019325,2,0.00773,0.00773,21.279146,5.3199815,2,21.279146,21.279146,0.00579,0.0014475,2,0.00579,0.00579,0.0,0.0,0,0.0,0.0,0.0,0.0,0,0.0,0.0,0.039639,0.00990975,2,0.039639,0.039639,0.00496,0.00124,2,0.00496,0.00496,21.101299,5.27532475,2,21.101299,21.101299,0.0,0.0,0,0.0,0.0,0.875747,0.21893675,2,0.875747,0.875747,1.208641,0.30216025,2,1.208641,1.208641,47.94026,41.37517,3,24.391579,24.391579,0.574191,0.56184875,1,0.529552,0.529552,192000,48000,2,192000,192000,6000,1500,2,6000,6000,1,0.25,2,1,1,1,0.25,2,1,1,48000,12000,2,48000,48000,49152000,12288000,2,49152000,49152000,49152000,12288000,2,49152000,49152000,0.210367,0.0,0.0,0.00783,0.0,0.00024,0.0,0.0,0.0,0.0,0.0,0.0,0.0,0.0,0.0,47.94026,0.573591,0,0,0,0,0,0,0,,,,,,,,,,,
tiledb,node,256,0,warm,overlap_clustered_combined_3_125,100000,combined_3_125,clustered,2048,0,97.0659619779326,1,False,0,0,0,0.453003131,400000,50000,12500,0.125,0.03125,8.0,4,3125,12500,4.0,4,200,5037022208,15521464320,23539a2deec1b65b53470296a63def95404ee5e76bee94d9da27f6f7faaa4fa9,1,50,,1,0.255756,0.2234565,2,0.255756,0.255756,0.101338,0.0253345,2,0.101338,0.101338,0.03377,0.0084425,2,0.03377,0.03377,0.00973,0.0091725,1,0.00902,0.00902,0.00892,0.00223,2,0.00892,0.00892,40.326775,10.08181375,2,40.326775,40.326775,0.010629,0.00265725,2,0.010629,0.010629,0.0,0.0,0,0.0,0.0,0.0,0.0,0,0.0,0.0,0.03839,0.0095975,2,0.03839,0.03839,0.00678,0.001695,2,0.00678,0.00678,40.148828,10.037207,2,40.148828,40.148828,0.0,0.0,0,0.0,0.0,1.808683,0.45217075,2,1.808683,1.808683,2.540831,0.63520775,2,2.540831,2.540831,95.560984,82.93644625,1,50.675768,50.675768,1.184582,1.16723975,3,1.134963,1.134963,400000,100000,2,400000,400000,12500,3125,2,12500,12500,1,0.25,2,1,1,1,0.25,2,1,1,100000,25000,2,100000,100000,102400000,25600000,2,102400000,102400000,102400000,25600000,2,102400000,102400000,0.212597,0.0,0.0,0.00973,0.0,0.00019,0.0,0.0,0.0,0.0,0.0,0.0,0.0,0.0,0.0,95.560984,1.174332,0,0,0,0,0,0,0,,,,,,,,,,,
tiledb,node,256,0,warm,overlap_clustered_combined_3_125,100000,combined_3_125,clustered,2048,1,95.20563000114635,1,False,0,0,0,0.438750459,400000,50000,12500,0.125,0.03125,8.0,4,3125,12500,4.0,4,200,5037022208,15521480704,dd735e702aab6a5ef4e078e005d31bae113c86702f38c9b08a1107977ef0c950,1,50,,1,0.245177,0.2250895,0,0.243576,0.243576,0.101998,0.0254995,2,0.101998,0.101998,0.03313,0.0082825,2,0.03313,0.03313,0.00882,0.008546999999999999,2,0.00882,0.00882,0.00866,0.002165,2,0.00866,0.00866,38.379385,9.59497375,2,38.379385,38.379385,0.010519,0.00262975,2,0.010519,0.010519,0.0,0.0,0,0.0,0.0,0.0,0.0,0,0.0,0.0,0.03825,0.0095625,2,0.03825,0.03825,0.00671,0.0016775,2,0.00671,0.00671,38.181138,9.5452845,2,38.181138,38.181138,0.0,0.0,0,0.0,0.0,1.808852,0.452213,2,1.808852,1.808852,2.531792,0.632948,2,2.531792,2.531792,93.690673,81.4856615,1,50.772786,50.772786,1.183812,1.17014225,3,1.140433,1.140433,400000,100000,2,400000,400000,12500,3125,2,12500,12500,1,0.25,2,1,1,1,0.25,2,1,1,100000,25000,2,100000,100000,102400000,25600000,2,102400000,102400000,102400000,25600000,2,102400000,102400000,0.229117,0.0,0.0,0.008679,0.0,0.00015,0.0,0.0,0.0,0.0,0.0,0.0,0.0,0.0,0.0,93.690673,1.178302,0,0,0,0,0,0,0,,,,,,,,,,,
tiledb,node,256,0,warm,overlap_clustered_combined_3_125,100000,combined_3_125,clustered,2048,2,96.82480501942337,1,False,0,0,0,0.451187241,400000,50000,12500,0.125,0.03125,8.0,4,3125,12500,4.0,4,200,5037022208,15521488896,1f3440f1ece5472a09fa600f0d3b94e74502e6d5c62dacc3b9b56e7b9c63eade,1,50,,1,0.251636,0.229234,0,0.243967,0.243967,0.101629,0.02540725,2,0.101629,0.101629,0.034209,0.00855225,2,0.034209,0.034209,0.00872,0.00842,2,0.00872,0.00872,0.00869,0.0021725,2,0.00869,0.00869,39.974251,9.99366775,2,39.974251,39.974251,0.0106,0.00265,2,0.0106,0.0106,0.0,0.0,0,0.0,0.0,0.0,0.0,0,0.0,0.0,0.036849,0.00921225,2,0.036849,0.036849,0.00651,0.0016275,2,0.00651,0.00651,39.775884,9.943971,2,39.775884,39.775884,0.0,0.0,0,0.0,0.0,1.810273,0.45256825,2,1.810273,1.810273,2.522391,0.63059775,2,2.522391,2.522391,95.317128,82.679198,1,50.805036,50.805036,1.178082,1.16491975,0,1.133603,1.133603,400000,100000,2,400000,400000,12500,3125,2,12500,12500,1,0.25,2,1,1,1,0.25,2,1,1,100000,25000,2,100000,100000,102400000,25600000,2,102400000,102400000,102400000,25600000,2,102400000,102400000,0.236046,0.0,0.0,0.00831,0.0,0.00014,0.0,0.0,0.0,0.0,0.0,0.0,0.0,0.0,0.0,95.317128,1.171662,0,0,0,0,0,0,0,,,,,,,,,,,
tiledb,node,256,0,warm,overlap_clustered_combined_3_125,100000,combined_3_125,clustered,2048,3,100.0394060392864,1,False,0,0,0,0.463041014,400000,50000,12500,0.125,0.03125,8.0,4,3125,12500,4.0,4,196,5037022208,15521492992,b85c5508b2843b381d9e27bae605a062858046c0dc876dbb271c5505b644d538,1,49,,1,0.260856,0.24134875,2,0.260856,0.260856,0.100468,0.025117,2,0.100468,0.100468,0.031349,0.00783725,2,0.031349,0.031349,0.00875,0.0082425,2,0.00875,0.00875,0.00685,0.0017125,2,0.00685,0.00685,43.205592,10.801495500000001,2,43.205592,43.205592,0.01054,0.002635,2,0.01054,0.01054,0.0,0.0,0,0.0,0.0,0.0,0.0,0,0.0,0.0,0.03615,0.0090375,2,0.03615,0.03615,0.006589,0.00164725,2,0.006589,0.006589,43.009415,10.75235375,2,43.009415,43.009415,0.0,0.0,0,0.0,0.0,1.809653,0.45241325,2,1.809653,1.809653,2.532111,0.63302775,2,2.532111,2.532111,98.50248,85.11986375000001,1,50.754067,50.754067,1.181922,1.1682519999999998,1,1.135322,1.135322,400000,100000,2,400000,400000,12500,3125,2,12500,12500,1,0.25,2,1,1,1,0.25,2,1,1,100000,25000,2,100000,100000,102400000,25600000,2,102400000,102400000,102400000,25600000,2,102400000,102400000,0.258766,0.0,0.0,0.00838,0.0,8e-05,0.0,0.0,0.0,0.0,0.0,0.0,0.0,0.0,0.0,98.50248,1.181922,0,0,0,0,0,0,0,,,,,,,,,,,
tiledb,node,256,0,warm,overlap_clustered_combined_3_125,100000,combined_3_125,clustered,2048,4,97.63510298216715,3,False,0,0,0,0.458422773,400000,50000,12500,0.125,0.03125,8.0,4,3125,12500,4.0,4,200,5037022208,15521509376,d096782fef9ffccf811ca1387bca6e2ec7ceddfe8a93f2d44027c449f3b9c1a2,1,50,,1,0.64644,0.33315975,0,0.259036,0.259036,0.101278,0.0253195,2,0.101278,0.101278,0.03386,0.008465,2,0.03386,0.03386,0.008919,0.00818725,2,0.008919,0.008919,0.00873,0.0021825,2,0.00873,0.00873,40.863348,10.2159645,2,40.863348,40.863348,0.01064,0.00266,2,0.01064,0.01064,0.0,0.0,0,0.0,0.0,0.0,0.0,0,0.0,0.0,0.036430000000000004,0.009107500000000001,2,0.036430000000000004,0.036430000000000004,0.006349,0.00158725,2,0.006349,0.006349,40.666771,10.16669275,2,40.666771,40.666771,0.0,0.0,0,0.0,0.0,1.809352,0.452338,2,1.809352,1.809352,2.529212,0.632303,2,2.529212,2.529212,96.104746,83.3639325,3,50.701547,50.701547,1.184502,1.16985225,3,1.130883,1.130883,400000,100000,2,400000,400000,12500,3125,2,12500,12500,1,0.25,2,1,1,1,0.25,2,1,1,100000,25000,2,100000,100000,102400000,25600000,2,102400000,102400000,102400000,25600000,2,102400000,102400000,0.180367,0.0,0.0,0.00806,0.0,0.00014,0.0,0.0,0.0,0.0,0.0,0.0,0.0,0.0,0.0,96.104746,1.184502,0,0,0,0,0,0,0,,,,,,,,,,,
tiledb,node,256,0,warm,overlap_clustered_stress_1,48000,stress_1,clustered,2048,0,33.99779199389741,1,False,0,0,0,0.141819753,192000,7680,1920,0.04,0.01,25.0,4,480,1920,4.0,4,36,2384137728,15521378304,90e2d2ca041b88b2975626c715d8c3e87719d12dd96480c7502b510b0c7f7404,1,9,,1,0.182168,0.16920025,0,0.168177,0.168177,0.088249,0.02206225,2,0.088249,0.088249,0.029919,0.00747975,2,0.029919,0.029919,0.00882,0.008265,2,0.00882,0.00882,0.00554,0.001385,2,0.00554,0.00554,7.136011,1.78429525,2,7.136011,7.136011,0.00237,0.0005925,2,0.00237,0.00237,0.0,0.0,0,0.0,0.0,0.0,0.0,0,0.0,0.0,0.026769,0.00669225,2,0.026769,0.026769,0.00281,0.0007025,2,0.00281,0.00281,7.032203,1.75805075,2,7.032203,7.032203,0.0,0.0,0,0.0,0.0,0.289996,0.072499,2,0.289996,0.289996,1.153432,0.288358,2,1.153432,1.153432,33.171605,30.26217925,1,24.431318,24.431318,0.575911,0.56261625,1,0.531002,0.531002,192000,48000,2,192000,192000,1920,480,2,1920,1920,1,0.25,2,1,1,1,0.25,2,1,1,15360,3840,2,15360,15360,15728640,3932160,2,15728640,15728640,15728640,3932160,2,15728640,15728640,0.167798,0.0,0.0,0.00793,0.0,0.00028,0.0,0.0,0.0,0.0,0.0,0.0,0.0,0.0,0.0,33.171605,0.575911,0,0,0,0,0,0,0,,,,,,,,,,,
tiledb,node,256,0,warm,overlap_clustered_stress_1,48000,stress_1,clustered,2048,1,35.24257295066491,3,False,0,0,0,0.151555545,192000,7680,1920,0.04,0.01,25.0,4,480,1920,4.0,4,36,2384137728,15521374208,df20b74ad087b323ab553f64c4a7a52ef654d9f7b0a13a39cb9974b295d5277a,1,9,,1,0.181647,0.17862725000000002,0,0.175958,0.175958,0.088219,0.02205475,2,0.088219,0.088219,0.03196,0.00799,2,0.03196,0.03196,0.00869,0.0079925,2,0.00869,0.00869,0.006879,0.00171975,2,0.006879,0.006879,8.432542,2.108273,2,8.432542,8.432542,0.00256,0.00064,2,0.00256,0.00256,0.0,0.0,0,0.0,0.0,0.0,0.0,0,0.0,0.0,0.02802,0.007005,2,0.02802,0.02802,0.0028,0.0007,2,0.0028,0.0028,8.317463,2.07936575,2,8.317463,8.317463,0.0,0.0,0,0.0,0.0,0.290205,0.07255125,2,0.290205,0.290205,1.157043,0.28926075,2,1.157043,1.157043,34.401676,31.22433425,1,24.355929,24.355929,0.574401,0.5607187499999999,0,0.528362,0.528362,192000,48000,2,192000,192000,1920,480,2,1920,1920,1,0.25,2,1,1,1,0.25,2,1,1,15360,3840,2,15360,15360,15728640,3932160,2,15728640,15728640,15728640,3932160,2,15728640,15728640,0.178207,0.0,0.0,0.0077,0.0,0.00016,0.0,0.0,0.0,0.0,0.0,0.0,0.0,0.0,0.0,34.398846,0.571421,0,0,0,0,0,0,0,,,,,,,,,,,
tiledb,node,256,0,warm,overlap_clustered_stress_1,48000,stress_1,clustered,2048,2,34.6502719912678,3,False,0,0,0,0.144747373,192000,7680,1920,0.04,0.01,25.0,4,480,1920,4.0,4,36,2384137728,15521374208,a25ba20d31a5f1abe64d6161e588d623f1086629241462ab9dad31ee23063d9b,1,9,,1,0.185267,0.1807595,1,0.173097,0.173097,0.089059,0.02226475,2,0.089059,0.089059,0.030589,0.00764725,2,0.030589,0.030589,0.00858,0.007945,2,0.00858,0.00858,0.00692,0.00173,2,0.00692,0.00692,7.87164,1.9680475,2,7.87164,7.87164,0.00255,0.0006375,2,0.00255,0.00255,0.0,0.0,0,0.0,0.0,0.0,0.0,0,0.0,0.0,0.027979,0.00699475,2,0.027979,0.027979,0.00261,0.0006525,2,0.00261,0.00261,7.751552,1.937888,2,7.751552,7.751552,0.0,0.0,0,0.0,0.0,0.290335,0.07258375,2,0.290335,0.290335,1.152493,0.28812325,2,1.152493,1.152493,33.814415,30.785728499999998,3,24.336199,24.336199,0.570622,0.559949,1,0.530712,0.530712,192000,48000,2,192000,192000,1920,480,2,1920,1920,1,0.25,2,1,1,1,0.25,2,1,1,15360,3840,2,15360,15360,15728640,3932160,2,15728640,15728640,15728640,3932160,2,15728640,15728640,0.180267,0.0,0.0,0.00765,0.0,0.00017,0.0,0.0,0.0,0.0,0.0,0.0,0.0,0.0,0.0,33.814415,0.568011,0,0,0,0,0,0,0,,,,,,,,,,,
tiledb,node,256,0,warm,overlap_clustered_stress_1,48000,stress_1,clustered,2048,3,34.947198000736535,1,False,0,0,0,0.149872845,192000,7680,1920,0.04,0.01,25.0,4,480,1920,4.0,4,36,2384137728,15521374208,836a51e2c1e7f75892e921a92b487d1d13c973d7174838ce643cde9f65c36b00,1,9,,1,0.195357,0.188542,0,0.172697,0.172697,0.089019,0.02225475,2,0.089019,0.089019,0.030349,0.00758725,2,0.030349,0.030349,0.00812,0.0078675,2,0.00812,0.00812,0.00696,0.00174,2,0.00696,0.00696,8.130116,2.0326139999999997,2,8.130116,8.130116,0.00283,0.0007075,2,0.00283,0.00283,0.0,0.0,0,0.0,0.0,0.0,0.0,0,0.0,0.0,0.026678999999999998,0.0066697499999999995,2,0.026678999999999998,0.026678999999999998,0.00259,0.0006475,2,0.00259,0.00259,8.017498,2.0043745,2,8.017498,8.017498,0.0,0.0,0,0.0,0.0,0.290186,0.0725465,2,0.290186,0.290186,1.155962,0.2889905,2,1.155962,1.155962,34.100951,30.99935575,1,24.359909,24.359909,0.573431,0.56083625,3,0.529282,0.529282,192000,48000,2,192000,192000,1920,480,2,1920,1920,1,0.25,2,1,1,1,0.25,2,1,1,15360,3840,2,15360,15360,15728640,3932160,2,15728640,15728640,15728640,3932160,2,15728640,15728640,0.191927,0.0,0.0,0.00793,0.0,0.0001,0.0,0.0,0.0,0.0,0.0,0.0,0.0,0.0,0.0,34.100951,0.571071,0,0,0,0,0,0,0,,,,,,,,,,,
tiledb,node,256,0,warm,overlap_clustered_stress_1,48000,stress_1,clustered,2048,4,35.989822004921734,3,False,0,0,0,0.154471415,192000,7680,1920,0.04,0.01,25.0,4,480,1920,4.0,4,36,2384137728,15521374208,bc842f9225a1bf728702fb0d031739ec9045409541505f128a700ec014890e45,1,9,,1,0.184687,0.176347,0,0.167757,0.167757,0.089048,0.022262,2,0.089048,0.089048,0.0301,0.007525,2,0.0301,0.0301,0.0084,0.008135,1,0.0084,0.0084,0.00735,0.0018375,2,0.00735,0.00735,9.17848,2.2947075,2,9.17848,9.17848,0.00248,0.00062,2,0.00248,0.00248,0.0,0.0,0,0.0,0.0,0.0,0.0,0,0.0,0.0,0.025799,0.00644975,2,0.025799,0.025799,0.00232,0.00058,2,0.00232,0.00232,9.068542,2.2671355,2,9.068542,9.068542,0.0,0.0,0,0.0,0.0,0.288706,0.0721765,2,0.288706,0.288706,1.154152,0.288538,2,1.154152,1.154152,35.155515,31.77772375,3,24.371439,24.371439,0.574591,0.56026875,3,0.525702,0.525702,192000,48000,2,192000,192000,1920,480,2,1920,1920,1,0.25,2,1,1,1,0.25,2,1,1,15360,3840,2,15360,15360,15728640,3932160,2,15728640,15728640,15728640,3932160,2,15728640,15728640,0.175067,0.0,0.0,0.00775,0.0,0.00014,0.0,0.0,0.0,0.0,0.0,0.0,0.0,0.0,0.0,35.155515,0.574591,0,0,0,0,0,0,0,,,,,,,,,,,
tiledb,node,256,0,warm,overlap_clustered_stress_1,100000,stress_1,clustered,2048,0,70.07237197831273,1,False,0,0,0,0.29896242900000003,400000,16000,4000,0.04,0.01,25.0,4,1000,4000,4.0,4,68,4967390208,15521624064,a2c4b3b8e2fdd4b2e2e10a92c5cb5282f0630ea1798ef3c2f9fbb20a2af67363,1,17,,1,0.212447,0.2069595,2,0.212447,0.212447,0.099558,0.0248895,2,0.099558,0.099558,0.03049,0.0076225,2,0.03049,0.03049,0.00878,0.008035,2,0.00878,0.00878,0.00724,0.00181,2,0.00724,0.00724,14.766735,3.69178875,2,14.766735,14.766735,0.00443,0.0011075,2,0.00443,0.00443,0.0,0.0,0,0.0,0.0,0.0,0.0,0,0.0,0.0,0.02553,0.0063825,2,0.02553,0.02553,0.00279,0.0006975,2,0.00279,0.00279,12.997482,3.2493705,2,12.997482,12.997482,0.0,0.0,0,0.0,0.0,0.588261,0.14706525,2,0.588261,0.588261,2.386723,0.59668075,2,2.386723,2.386723,68.591526,62.75074225,1,50.656479,50.656479,1.179732,1.166617,3,1.131752,1.131752,400000,100000,2,400000,400000,4000,1000,2,4000,4000,1,0.25,2,1,1,1,0.25,2,1,1,32000,8000,2,32000,32000,32768000,8192000,2,32768000,32768000,32768000,8192000,2,32768000,32768000,0.212417,0.0,0.0,0.00753,0.0,0.00013,0.0,0.0,0.0,0.0,0.0,0.0,0.0,0.0,0.0,68.591526,1.179582,0,0,0,0,0,0,0,,,,,,,,,,,
tiledb,node,256,0,warm,overlap_clustered_stress_1,100000,stress_1,clustered,2048,1,70.04511298146099,1,False,0,0,0,0.298490875,400000,16000,4000,0.04,0.01,25.0,4,1000,4000,4.0,4,68,4967390208,15521685504,db91bdaebcd0e69de86822aedf9b846e1387b455c9a7b47d61aec4a8c1d88519,1,17,,1,0.213787,0.194967,2,0.213787,0.213787,0.100238,0.0250595,2,0.100238,0.100238,0.036319,0.00907975,2,0.036319,0.036319,0.00848,0.0082525,2,0.00848,0.00848,0.00743,0.0018575,2,0.00743,0.00743,14.668267,3.66719425,2,14.668267,14.668267,0.00451,0.0011275,2,0.00451,0.00451,0.0,0.0,0,0.0,0.0,0.0,0.0,0,0.0,0.0,0.025120000000000003,0.006280000000000001,2,0.025120000000000003,0.025120000000000003,0.00284,0.00071,2,0.00284,0.00284,12.941263,3.23531575,2,12.941263,12.941263,0.0,0.0,0,0.0,0.0,0.586881,0.14672025,2,0.586881,0.586881,2.403623,0.60090575,2,2.403623,2.403623,68.588855,62.6814525,1,50.730847,50.730847,1.183982,1.1679697500000001,3,1.135403,1.135403,400000,100000,2,400000,400000,4000,1000,2,4000,4000,1,0.25,2,1,1,1,0.25,2,1,1,32000,8000,2,32000,32000,32768000,8192000,2,32768000,32768000,32768000,8192000,2,32768000,32768000,0.181897,0.0,0.0,0.00829,0.0,0.00019,0.0,0.0,0.0,0.0,0.0,0.0,0.0,0.0,0.0,68.588855,1.177702,0,0,0,0,0,0,0,,,,,,,,,,,
tiledb,node,256,0,warm,overlap_clustered_stress_1,100000,stress_1,clustered,2048,2,68.89165099710226,3,False,0,0,0,0.291434291,400000,16000,4000,0.04,0.01,25.0,4,1000,4000,4.0,4,64,4967390208,15521693696,433351ebbc526cfbffd56af38f1c1e44f3aa076854688f6acd3fff540d67bdb5,1,16,,1,0.215467,0.1990645,2,0.215467,0.215467,0.100378,0.0250945,2,0.100378,0.100378,0.03143,0.0078575,2,0.03143,0.03143,0.00835,0.00799475,1,0.008149,0.008149,0.00726,0.001815,2,0.00726,0.00726,13.420676,3.3553215,2,13.420676,13.420676,0.00425,0.0010625,2,0.00425,0.00425,0.0,0.0,0,0.0,0.0,0.0,0.0,0,0.0,0.0,0.02559,0.0063975,2,0.02559,0.02559,0.00294,0.000735,2,0.00294,0.00294,11.649282,2.9123205,2,11.649282,11.649282,0.0,0.0,0,0.0,0.0,0.588481,0.14712025,2,0.588481,0.588481,2.374714,0.5936785,2,2.374714,2.374714,67.263085,61.724652000000006,3,50.674468,50.674468,1.209352,1.174392,3,1.134872,1.134872,400000,100000,2,400000,400000,4000,1000,2,4000,4000,1,0.25,2,1,1,1,0.25,2,1,1,32000,8000,2,32000,32000,32768000,8192000,2,32768000,32768000,32768000,8192000,2,32768000,32768000,0.188247,0.0,0.0,0.00777,0.0,0.00029,0.0,0.0,0.0,0.0,0.0,0.0,0.0,0.0,0.0,67.263085,1.209352,0,0,0,0,0,0,0,,,,,,,,,,,
tiledb,node,256,0,warm,overlap_clustered_stress_1,100000,stress_1,clustered,2048,3,66.83676200918853,1,False,0,0,0,0.27679607,400000,16000,4000,0.04,0.01,25.0,4,1000,4000,4.0,4,64,4967390208,15521714176,8ac78a257781d9fdb9dc9b8e82f774322fe2329139601e87ca7b4a1d00f208a4,1,16,,1,0.336215,0.29001299999999997,2,0.336215,0.336215,0.100639,0.02515975,2,0.100639,0.100639,0.029989,0.00749725,2,0.029989,0.029989,0.0083,0.008035,3,0.00826,0.00826,0.00708,0.00177,2,0.00708,0.00708,11.456966,2.8645864999999997,2,11.456966,11.456966,0.0042,0.00105,2,0.0042,0.0042,0.0,0.0,0,0.0,0.0,0.0,0.0,0,0.0,0.0,0.02545,0.0063625,2,0.02545,0.02545,0.00285,0.0007125,2,0.00285,0.00285,9.816,2.454,2,9.816,9.816,0.0,0.0,0,0.0,0.0,0.588141,0.14703525,2,0.588141,0.588141,2.384563,0.59614075,2,2.384563,2.384563,65.263106,60.241744999999995,1,50.629419,50.629419,1.182372,1.16796725,1,1.135083,1.135083,400000,100000,2,400000,400000,4000,1000,2,4000,4000,1,0.25,2,1,1,1,0.25,2,1,1,32000,8000,2,32000,32000,32768000,8192000,2,32768000,32768000,32768000,8192000,2,32768000,32768000,0.302575,0.0,0.0,0.00792,0.0,0.00017,0.0,0.0,0.0,0.0,0.0,0.0,0.0,0.0,0.0,65.263106,1.182372,0,0,0,0,0,0,0,,,,,,,,,,,
tiledb,node,256,0,warm,overlap_clustered_stress_1,100000,stress_1,clustered,2048,4,68.58078605728224,3,False,0,0,0,0.28925638200000003,400000,16000,4000,0.04,0.01,25.0,4,1000,4000,4.0,4,64,4967390208,15521726464,fa56805010965a551d918947a5c97d69553e8b18cc05129fd376495ae544c8b0,1,16,,1,0.211327,0.198397,2,0.211327,0.211327,0.100108,0.025027,2,0.100108,0.100108,0.0319,0.007975,2,0.0319,0.0319,0.008319,0.00806225,1,0.00821,0.00821,0.00713,0.0017825,2,0.00713,0.00713,13.237378,3.3094995,2,13.237378,13.237378,0.00412,0.00103,2,0.00412,0.00412,0.0,0.0,0,0.0,0.0,0.0,0.0,0,0.0,0.0,0.025319,0.00632975,2,0.025319,0.025319,0.00279,0.0006975,2,0.00279,0.00279,11.560134,2.8900335,2,11.560134,11.560134,0.0,0.0,0,0.0,0.0,0.588931,0.14723275,2,0.588931,0.588931,2.382814,0.5957035,2,2.382814,2.382814,67.118508,61.60406675,3,50.718967,50.718967,1.179712,1.1633,1,1.126723,1.126723,400000,100000,2,400000,400000,4000,1000,2,4000,4000,1,0.25,2,1,1,1,0.25,2,1,1,32000,8000,2,32000,32000,32768000,8192000,2,32768000,32768000,32768000,8192000,2,32768000,32768000,0.190497,0.0,0.0,0.00798,0.0,0.00028,0.0,0.0,0.0,0.0,0.0,0.0,0.0,0.0,0.0,67.118508,1.173142,0,0,0,0,0,0,0,,,,,,,,,,,
