backend,array_layout,tile_extent_rows,query_chunk_rows,cache_mode,pattern,batch_size,overlap_case,overlap_placement,width,sample,latency_ms,slowest_rank,slowest_rank_has_storage,process_read_bytes,process_write_bytes,process_read_ops,process_write_ops,process_total_io_ops,device_read_bytes,device_write_bytes,device_read_ops,device_write_ops,device_total_io_ops,measured_read_bytes,measured_read_ops,measured_write_ops,cpu_seconds,requested_rows,unique_rows,node_unique_rows,within_rank_unique_row_fraction,node_unique_row_fraction,within_rank_repetition,requesting_ranks_per_unique_row,owner_unique_rows_mean,owner_unique_rows_max,owner_unique_max_to_mean,contiguous_ranges,estimated_tiles_touched,cuda_peak_temporary_bytes,rss_bytes_after,direct_io_open_attempts,direct_io_open_successes,direct_io_open_failures,direct_io_read_ops,direct_io_requested_bytes,direct_io_submitted_bytes,direct_io_returned_bytes,direct_io_read_failures,node_unique_id_sha256,node_contiguous_ranges,node_estimated_tiles_touched,clustered_run_count,storage_owner_count,id_routing_rank_max_ms,id_routing_rank_mean_ms,id_routing_rank_max_rank,id_routing_storage_owner_max_ms,id_routing_storage_owner_mean_ms,gpu_sort_rank_max_ms,gpu_sort_rank_mean_ms,gpu_sort_rank_max_rank,gpu_sort_storage_owner_max_ms,gpu_sort_storage_owner_mean_ms,gpu_deduplicate_rank_max_ms,gpu_deduplicate_rank_mean_ms,gpu_deduplicate_rank_max_rank,gpu_deduplicate_storage_owner_max_ms,gpu_deduplicate_storage_owner_mean_ms,staging_allocation_rank_max_ms,staging_allocation_rank_mean_ms,staging_allocation_rank_max_rank,staging_allocation_storage_owner_max_ms,staging_allocation_storage_owner_mean_ms,indices_d2h_rank_max_ms,indices_d2h_rank_mean_ms,indices_d2h_rank_max_rank,indices_d2h_storage_owner_max_ms,indices_d2h_storage_owner_mean_ms,tiledb_read_rank_max_ms,tiledb_read_rank_mean_ms,tiledb_read_rank_max_rank,tiledb_read_storage_owner_max_ms,tiledb_read_storage_owner_mean_ms,id_decode_rank_max_ms,id_decode_rank_mean_ms,id_decode_rank_max_rank,id_decode_storage_owner_max_ms,id_decode_storage_owner_mean_ms,id_sort_rank_max_ms,id_sort_rank_mean_ms,id_sort_rank_max_rank,id_sort_storage_owner_max_ms,id_sort_storage_owner_mean_ms,id_deduplicate_rank_max_ms,id_deduplicate_rank_mean_ms,id_deduplicate_rank_max_rank,id_deduplicate_storage_owner_max_ms,id_deduplicate_storage_owner_mean_ms,query_setup_rank_max_ms,query_setup_rank_mean_ms,query_setup_rank_max_rank,query_setup_storage_owner_max_ms,query_setup_storage_owner_mean_ms,range_build_rank_max_ms,range_build_rank_mean_ms,range_build_rank_max_rank,range_build_storage_owner_max_ms,range_build_storage_owner_mean_ms,query_submit_rank_max_ms,query_submit_rank_mean_ms,query_submit_rank_max_rank,query_submit_storage_owner_max_ms,query_submit_storage_owner_mean_ms,cpu_reorder_rank_max_ms,cpu_reorder_rank_mean_ms,cpu_reorder_rank_max_rank,cpu_reorder_storage_owner_max_ms,cpu_reorder_storage_owner_mean_ms,rows_h2d_rank_max_ms,rows_h2d_rank_mean_ms,rows_h2d_rank_max_rank,rows_h2d_storage_owner_max_ms,rows_h2d_storage_owner_mean_ms,gpu_expand_rank_max_ms,gpu_expand_rank_mean_ms,gpu_expand_rank_max_rank,gpu_expand_storage_owner_max_ms,gpu_expand_storage_owner_mean_ms,embedding_exchange_rank_max_ms,embedding_exchange_rank_mean_ms,embedding_exchange_rank_max_rank,embedding_exchange_storage_owner_max_ms,embedding_exchange_storage_owner_mean_ms,output_reorder_rank_max_ms,output_reorder_rank_mean_ms,output_reorder_rank_max_rank,output_reorder_storage_owner_max_ms,output_reorder_storage_owner_mean_ms,storage_requested_rows_rank_max,storage_requested_rows_rank_mean,storage_requested_rows_rank_max_rank,storage_requested_rows_storage_owner_max,storage_requested_rows_storage_owner_mean,storage_unique_rows_rank_max,storage_unique_rows_rank_mean,storage_unique_rows_rank_max_rank,storage_unique_rows_storage_owner_max,storage_unique_rows_storage_owner_mean,storage_range_count_rank_max,storage_range_count_rank_mean,storage_range_count_rank_max_rank,storage_range_count_storage_owner_max,storage_range_count_storage_owner_mean,storage_query_count_rank_max,storage_query_count_rank_mean,storage_query_count_rank_max_rank,storage_query_count_storage_owner_max,storage_query_count_storage_owner_mean,index_bytes_rank_max,index_bytes_rank_mean,index_bytes_rank_max_rank,index_bytes_storage_owner_max,index_bytes_storage_owner_mean,raw_staging_bytes_rank_max,raw_staging_bytes_rank_mean,raw_staging_bytes_rank_max_rank,raw_staging_bytes_storage_owner_max,raw_staging_bytes_storage_owner_mean,output_bytes_rank_max,output_bytes_rank_mean,output_bytes_rank_max_rank,output_bytes_storage_owner_max,output_bytes_storage_owner_mean,id_routing_ms,gpu_sort_ms,gpu_deduplicate_ms,staging_allocation_ms,indices_d2h_ms,tiledb_read_ms,id_decode_ms,id_sort_ms,id_deduplicate_ms,query_setup_ms,range_build_ms,query_submit_ms,cpu_reorder_ms,rows_h2d_ms,gpu_expand_ms,embedding_exchange_ms,output_reorder_ms,storage_requested_rows,storage_unique_rows,storage_range_count,storage_query_count,index_bytes,raw_staging_bytes,output_bytes,tile_overlap_planning_ms,relevant_tile_overlap_ms,partition_planning_ms,internal_tile_read_ms,internal_unfilter_ms,internal_copy_ms,internal_reader_work_ms,tiledb_ranges_requested,tiledb_tiles_read,tiledb_vfs_read_ops,tiledb_vfs_read_bytes,storage_read_ops,storage_write_ops,storage_total_io_ops,storage_read_iops,storage_write_iops,storage_iops,storage_total_iops
cpu,none,,0,resident,overlap_clustered_runs_10_cross_rank_25,100000,cross_rank_25,clustered_runs_10,2048,0,35.064414027146995,3,False,0,0,8,0,8,0,0,0,0,0,0,0,0,0.14035184,400000,400000,100000,1.0,0.25,1.0,4,25000,25000,1.0,40,,2461560320,143543066624,,,,,,,,,06515cd658be08d88e7d3e9ba7197f2bac224210af08eb4eb4d14a4eb4dea90a,10,,10,0,0.0,0.0,0,,,0.0,0.0,0,,,0.0,0.0,0,,,0.0,0.0,0,,,0.0,0.0,0,,,0.0,0.0,0,,,0.0,0.0,0,,,0.0,0.0,0,,,0.0,0.0,0,,,0.0,0.0,0,,,0.0,0.0,0,,,0.0,0.0,0,,,0.0,0.0,0,,,0.0,0.0,0,,,0.0,0.0,0,,,0.0,0.0,0,,,0.0,0.0,0,,,0,0,0,,,0,0,0,,,0,0,0,,,0,0,0,,,0,0,0,,,0,0,0,,,0,0,0,,,0.0,0.0,0.0,0.0,0.0,0.0,0.0,0.0,0.0,0.0,0.0,0.0,0.0,0.0,0.0,0.0,0.0,0,0,0,0,0,0,0,,,,,,,,,,,,0,0,0,0.0,0.0,0.0,0.0
cpu,none,,0,resident,overlap_clustered_runs_10_cross_rank_25,100000,cross_rank_25,clustered_runs_10,2048,1,34.855076926760375,2,False,0,0,10,2,12,0,0,0,0,0,0,0,0,0.139988321,400000,400000,100000,1.0,0.25,1.0,4,25000,25000,1.0,40,,2461560320,143577464832,,,,,,,,,c4a9bdb6b29370f3c20a2b88174636e3da01163f290b1a479e0eff071a9cc3d5,10,,10,0,0.0,0.0,0,,,0.0,0.0,0,,,0.0,0.0,0,,,0.0,0.0,0,,,0.0,0.0,0,,,0.0,0.0,0,,,0.0,0.0,0,,,0.0,0.0,0,,,0.0,0.0,0,,,0.0,0.0,0,,,0.0,0.0,0,,,0.0,0.0,0,,,0.0,0.0,0,,,0.0,0.0,0,,,0.0,0.0,0,,,0.0,0.0,0,,,0.0,0.0,0,,,0,0,0,,,0,0,0,,,0,0,0,,,0,0,0,,,0,0,0,,,0,0,0,,,0,0,0,,,0.0,0.0,0.0,0.0,0.0,0.0,0.0,0.0,0.0,0.0,0.0,0.0,0.0,0.0,0.0,0.0,0.0,0,0,0,0,0,0,0,,,,,,,,,,,,0,0,0,0.0,0.0,0.0,0.0
cpu,none,,0,resident,overlap_clustered_runs_10_cross_rank_25,100000,cross_rank_25,clustered_runs_10,2048,2,34.88286701031029,1,False,0,0,8,0,8,0,0,0,0,0,0,0,0,0.139841153,400000,400000,100000,1.0,0.25,1.0,4,25000,25000,1.0,40,,2461560320,143577591808,,,,,,,,,9b8d000a2d371ea934f56b4b32da6a64c4ab410445bbf1d1b3719ca99c66d8bf,10,,10,0,0.0,0.0,0,,,0.0,0.0,0,,,0.0,0.0,0,,,0.0,0.0,0,,,0.0,0.0,0,,,0.0,0.0,0,,,0.0,0.0,0,,,0.0,0.0,0,,,0.0,0.0,0,,,0.0,0.0,0,,,0.0,0.0,0,,,0.0,0.0,0,,,0.0,0.0,0,,,0.0,0.0,0,,,0.0,0.0,0,,,0.0,0.0,0,,,0.0,0.0,0,,,0,0,0,,,0,0,0,,,0,0,0,,,0,0,0,,,0,0,0,,,0,0,0,,,0,0,0,,,0.0,0.0,0.0,0.0,0.0,0.0,0.0,0.0,0.0,0.0,0.0,0.0,0.0,0.0,0.0,0.0,0.0,0,0,0,0,0,0,0,,,,,,,,,,,,0,0,0,0.0,0.0,0.0,0.0
cpu,none,,0,resident,overlap_clustered_runs_10_cross_rank_25,100000,cross_rank_25,clustered_runs_10,2048,3,35.01448500901461,3,False,0,0,8,0,8,0,0,0,0,0,0,0,0,0.139917604,400000,400000,100000,1.0,0.25,1.0,4,25000,25000,1.0,40,,2461560320,143577706496,,,,,,,,,ab433b66c347b17f84e6d73a175da384dcf266e6a028195ce7972f63016af071,10,,10,0,0.0,0.0,0,,,0.0,0.0,0,,,0.0,0.0,0,,,0.0,0.0,0,,,0.0,0.0,0,,,0.0,0.0,0,,,0.0,0.0,0,,,0.0,0.0,0,,,0.0,0.0,0,,,0.0,0.0,0,,,0.0,0.0,0,,,0.0,0.0,0,,,0.0,0.0,0,,,0.0,0.0,0,,,0.0,0.0,0,,,0.0,0.0,0,,,0.0,0.0,0,,,0,0,0,,,0,0,0,,,0,0,0,,,0,0,0,,,0,0,0,,,0,0,0,,,0,0,0,,,0.0,0.0,0.0,0.0,0.0,0.0,0.0,0.0,0.0,0.0,0.0,0.0,0.0,0.0,0.0,0.0,0.0,0,0,0,0,0,0,0,,,,,,,,,,,,0,0,0,0.0,0.0,0.0,0.0
cpu,none,,0,resident,overlap_clustered_runs_10_cross_rank_25,100000,cross_rank_25,clustered_runs_10,2048,4,35.1013740291819,3,False,0,0,8,0,8,0,0,0,0,0,0,0,0,0.140183904,400000,400000,100000,1.0,0.25,1.0,4,25000,25000,1.0,40,,2461560320,143577735168,,,,,,,,,9893bfa0df948d445bbec04d0a96bea1e28ba260f5d6e19c7064ab9943885cfe,10,,10,0,0.0,0.0,0,,,0.0,0.0,0,,,0.0,0.0,0,,,0.0,0.0,0,,,0.0,0.0,0,,,0.0,0.0,0,,,0.0,0.0,0,,,0.0,0.0,0,,,0.0,0.0,0,,,0.0,0.0,0,,,0.0,0.0,0,,,0.0,0.0,0,,,0.0,0.0,0,,,0.0,0.0,0,,,0.0,0.0,0,,,0.0,0.0,0,,,0.0,0.0,0,,,0,0,0,,,0,0,0,,,0,0,0,,,0,0,0,,,0,0,0,,,0,0,0,,,0,0,0,,,0.0,0.0,0.0,0.0,0.0,0.0,0.0,0.0,0.0,0.0,0.0,0.0,0.0,0.0,0.0,0.0,0.0,0,0,0,0,0,0,0,,,,,,,,,,,,0,0,0,0.0,0.0,0.0,0.0
cpu,none,,0,resident,overlap_clustered_runs_10_within_rank_25,100000,within_rank_25,clustered_runs_10,2048,0,35.503347986377776,1,False,0,0,8,0,8,0,0,0,0,0,0,0,0,0.126472739,400000,100000,100000,0.25,0.25,4.0,1,25000,25000,1.0,13,,2461560320,143577825280,,,,,,,,,06515cd658be08d88e7d3e9ba7197f2bac224210af08eb4eb4d14a4eb4dea90a,10,,10,0,0.0,0.0,0,,,0.0,0.0,0,,,0.0,0.0,0,,,0.0,0.0,0,,,0.0,0.0,0,,,0.0,0.0,0,,,0.0,0.0,0,,,0.0,0.0,0,,,0.0,0.0,0,,,0.0,0.0,0,,,0.0,0.0,0,,,0.0,0.0,0,,,0.0,0.0,0,,,0.0,0.0,0,,,0.0,0.0,0,,,0.0,0.0,0,,,0.0,0.0,0,,,0,0,0,,,0,0,0,,,0,0,0,,,0,0,0,,,0,0,0,,,0,0,0,,,0,0,0,,,0.0,0.0,0.0,0.0,0.0,0.0,0.0,0.0,0.0,0.0,0.0,0.0,0.0,0.0,0.0,0.0,0.0,0,0,0,0,0,0,0,,,,,,,,,,,,0,0,0,0.0,0.0,0.0,0.0
cpu,none,,0,resident,overlap_clustered_runs_10_within_rank_25,100000,within_rank_25,clustered_runs_10,2048,1,35.624564974568784,1,False,0,0,8,0,8,0,0,0,0,0,0,0,0,0.127023549,400000,100000,100000,0.25,0.25,4.0,1,25000,25000,1.0,13,,2461560320,143577944064,,,,,,,,,c4a9bdb6b29370f3c20a2b88174636e3da01163f290b1a479e0eff071a9cc3d5,10,,10,0,0.0,0.0,0,,,0.0,0.0,0,,,0.0,0.0,0,,,0.0,0.0,0,,,0.0,0.0,0,,,0.0,0.0,0,,,0.0,0.0,0,,,0.0,0.0,0,,,0.0,0.0,0,,,0.0,0.0,0,,,0.0,0.0,0,,,0.0,0.0,0,,,0.0,0.0,0,,,0.0,0.0,0,,,0.0,0.0,0,,,0.0,0.0,0,,,0.0,0.0,0,,,0,0,0,,,0,0,0,,,0,0,0,,,0,0,0,,,0,0,0,,,0,0,0,,,0,0,0,,,0.0,0.0,0.0,0.0,0.0,0.0,0.0,0.0,0.0,0.0,0.0,0.0,0.0,0.0,0.0,0.0,0.0,0,0,0,0,0,0,0,,,,,,,,,,,,0,0,0,0.0,0.0,0.0,0.0
cpu,none,,0,resident,overlap_clustered_runs_10_within_rank_25,100000,within_rank_25,clustered_runs_10,2048,2,35.53861693944782,1,False,0,0,8,0,8,0,0,0,0,0,0,0,0,0.12684384999999998,400000,100000,100000,0.25,0.25,4.0,1,25000,25000,1.0,13,,2461560320,143578087424,,,,,,,,,9b8d000a2d371ea934f56b4b32da6a64c4ab410445bbf1d1b3719ca99c66d8bf,10,,10,0,0.0,0.0,0,,,0.0,0.0,0,,,0.0,0.0,0,,,0.0,0.0,0,,,0.0,0.0,0,,,0.0,0.0,0,,,0.0,0.0,0,,,0.0,0.0,0,,,0.0,0.0,0,,,0.0,0.0,0,,,0.0,0.0,0,,,0.0,0.0,0,,,0.0,0.0,0,,,0.0,0.0,0,,,0.0,0.0,0,,,0.0,0.0,0,,,0.0,0.0,0,,,0,0,0,,,0,0,0,,,0,0,0,,,0,0,0,,,0,0,0,,,0,0,0,,,0,0,0,,,0.0,0.0,0.0,0.0,0.0,0.0,0.0,0.0,0.0,0.0,0.0,0.0,0.0,0.0,0.0,0.0,0.0,0,0,0,0,0,0,0,,,,,,,,,,,,0,0,0,0.0,0.0,0.0,0.0
cpu,none,,0,resident,overlap_clustered_runs_10_within_rank_25,100000,within_rank_25,clustered_runs_10,2048,3,35.57536692824215,1,False,0,0,8,0,8,0,0,0,0,0,0,0,0,0.12690369,400000,100000,100000,0.25,0.25,4.0,1,25000,25000,1.0,13,,2461560320,143578169344,,,,,,,,,ab433b66c347b17f84e6d73a175da384dcf266e6a028195ce7972f63016af071,10,,10,0,0.0,0.0,0,,,0.0,0.0,0,,,0.0,0.0,0,,,0.0,0.0,0,,,0.0,0.0,0,,,0.0,0.0,0,,,0.0,0.0,0,,,0.0,0.0,0,,,0.0,0.0,0,,,0.0,0.0,0,,,0.0,0.0,0,,,0.0,0.0,0,,,0.0,0.0,0,,,0.0,0.0,0,,,0.0,0.0,0,,,0.0,0.0,0,,,0.0,0.0,0,,,0,0,0,,,0,0,0,,,0,0,0,,,0,0,0,,,0,0,0,,,0,0,0,,,0,0,0,,,0.0,0.0,0.0,0.0,0.0,0.0,0.0,0.0,0.0,0.0,0.0,0.0,0.0,0.0,0.0,0.0,0.0,0,0,0,0,0,0,0,,,,,,,,,,,,0,0,0,0.0,0.0,0.0,0.0
cpu,none,,0,resident,overlap_clustered_runs_10_within_rank_25,100000,within_rank_25,clustered_runs_10,2048,4,35.51583702210337,1,False,0,0,8,0,8,0,0,0,0,0,0,0,0,0.126532199,400000,100000,100000,0.25,0.25,4.0,1,25000,25000,1.0,13,,2461560320,143578169344,,,,,,,,,9893bfa0df948d445bbec04d0a96bea1e28ba260f5d6e19c7064ab9943885cfe,10,,10,0,0.0,0.0,0,,,0.0,0.0,0,,,0.0,0.0,0,,,0.0,0.0,0,,,0.0,0.0,0,,,0.0,0.0,0,,,0.0,0.0,0,,,0.0,0.0,0,,,0.0,0.0,0,,,0.0,0.0,0,,,0.0,0.0,0,,,0.0,0.0,0,,,0.0,0.0,0,,,0.0,0.0,0,,,0.0,0.0,0,,,0.0,0.0,0,,,0.0,0.0,0,,,0,0,0,,,0,0,0,,,0,0,0,,,0,0,0,,,0,0,0,,,0,0,0,,,0,0,0,,,0.0,0.0,0.0,0.0,0.0,0.0,0.0,0.0,0.0,0.0,0.0,0.0,0.0,0.0,0.0,0.0,0.0,0,0,0,0,0,0,0,,,,,,,,,,,,0,0,0,0.0,0.0,0.0,0.0
cpu,none,,0,resident,overlap_clustered_runs_40_cross_rank_25,100000,cross_rank_25,clustered_runs_40,2048,0,34.851326956413686,3,False,0,0,8,0,8,0,0,0,0,0,0,0,0,0.13931781399999998,400000,400000,100000,1.0,0.25,1.0,4,25000,25000,1.0,160,,2461560320,143578243072,,,,,,,,,bee75faa87e67be1f8773a3b91bca0359f7c2ca546d099257ab6611a547e69b1,40,,40,0,0.0,0.0,0,,,0.0,0.0,0,,,0.0,0.0,0,,,0.0,0.0,0,,,0.0,0.0,0,,,0.0,0.0,0,,,0.0,0.0,0,,,0.0,0.0,0,,,0.0,0.0,0,,,0.0,0.0,0,,,0.0,0.0,0,,,0.0,0.0,0,,,0.0,0.0,0,,,0.0,0.0,0,,,0.0,0.0,0,,,0.0,0.0,0,,,0.0,0.0,0,,,0,0,0,,,0,0,0,,,0,0,0,,,0,0,0,,,0,0,0,,,0,0,0,,,0,0,0,,,0.0,0.0,0.0,0.0,0.0,0.0,0.0,0.0,0.0,0.0,0.0,0.0,0.0,0.0,0.0,0.0,0.0,0,0,0,0,0,0,0,,,,,,,,,,,,0,0,0,0.0,0.0,0.0,0.0
cpu,none,,0,resident,overlap_clustered_runs_40_cross_rank_25,100000,cross_rank_25,clustered_runs_40,2048,1,34.911246970295906,3,False,0,0,8,0,8,0,0,0,0,0,0,0,0,0.139446634,400000,400000,100000,1.0,0.25,1.0,4,25000,25000,1.0,160,,2461560320,143578783744,,,,,,,,,feda3e29af8130d212fb1b5a9444586694cc88c14a72a273e53a8905fb9e1a67,40,,40,0,0.0,0.0,0,,,0.0,0.0,0,,,0.0,0.0,0,,,0.0,0.0,0,,,0.0,0.0,0,,,0.0,0.0,0,,,0.0,0.0,0,,,0.0,0.0,0,,,0.0,0.0,0,,,0.0,0.0,0,,,0.0,0.0,0,,,0.0,0.0,0,,,0.0,0.0,0,,,0.0,0.0,0,,,0.0,0.0,0,,,0.0,0.0,0,,,0.0,0.0,0,,,0,0,0,,,0,0,0,,,0,0,0,,,0,0,0,,,0,0,0,,,0,0,0,,,0,0,0,,,0.0,0.0,0.0,0.0,0.0,0.0,0.0,0.0,0.0,0.0,0.0,0.0,0.0,0.0,0.0,0.0,0.0,0,0,0,0,0,0,0,,,,,,,,,,,,0,0,0,0.0,0.0,0.0,0.0
cpu,none,,0,resident,overlap_clustered_runs_40_cross_rank_25,100000,cross_rank_25,clustered_runs_40,2048,2,34.93466600775719,3,False,0,0,8,0,8,0,0,0,0,0,0,0,0,0.13972907,400000,400000,100000,1.0,0.25,1.0,4,25000,25000,1.0,160,,2461560320,143578812416,,,,,,,,,9908655c3e0c4f575e26e5181051499771dd5d741c0bc4da7c09c5886d9f776f,40,,40,0,0.0,0.0,0,,,0.0,0.0,0,,,0.0,0.0,0,,,0.0,0.0,0,,,0.0,0.0,0,,,0.0,0.0,0,,,0.0,0.0,0,,,0.0,0.0,0,,,0.0,0.0,0,,,0.0,0.0,0,,,0.0,0.0,0,,,0.0,0.0,0,,,0.0,0.0,0,,,0.0,0.0,0,,,0.0,0.0,0,,,0.0,0.0,0,,,0.0,0.0,0,,,0,0,0,,,0,0,0,,,0,0,0,,,0,0,0,,,0,0,0,,,0,0,0,,,0,0,0,,,0.0,0.0,0.0,0.0,0.0,0.0,0.0,0.0,0.0,0.0,0.0,0.0,0.0,0.0,0.0,0.0,0.0,0,0,0,0,0,0,0,,,,,,,,,,,,0,0,0,0.0,0.0,0.0,0.0
cpu,none,,0,resident,overlap_clustered_runs_40_cross_rank_25,100000,cross_rank_25,clustered_runs_40,2048,3,34.91459600627422,3,False,0,0,8,0,8,0,0,0,0,0,0,0,0,0.139947064,400000,400000,100000,1.0,0.25,1.0,4,25000,25000,1.0,160,,2461560320,143579852800,,,,,,,,,3ef88a05032ac7d8f932159c91871ccf138153c97090ef9c6bfabec2aa14f642,40,,40,0,0.0,0.0,0,,,0.0,0.0,0,,,0.0,0.0,0,,,0.0,0.0,0,,,0.0,0.0,0,,,0.0,0.0,0,,,0.0,0.0,0,,,0.0,0.0,0,,,0.0,0.0,0,,,0.0,0.0,0,,,0.0,0.0,0,,,0.0,0.0,0,,,0.0,0.0,0,,,0.0,0.0,0,,,0.0,0.0,0,,,0.0,0.0,0,,,0.0,0.0,0,,,0,0,0,,,0,0,0,,,0,0,0,,,0,0,0,,,0,0,0,,,0,0,0,,,0,0,0,,,0.0,0.0,0.0,0.0,0.0,0.0,0.0,0.0,0.0,0.0,0.0,0.0,0.0,0.0,0.0,0.0,0.0,0,0,0,0,0,0,0,,,,,,,,,,,,0,0,0,0.0,0.0,0.0,0.0
cpu,none,,0,resident,overlap_clustered_runs_40_cross_rank_25,100000,cross_rank_25,clustered_runs_40,2048,4,34.866137080825865,3,False,0,0,8,0,8,0,0,0,0,0,0,0,0,0.139440404,400000,400000,100000,1.0,0.25,1.0,4,25000,25000,1.0,160,,2461560320,143579983872,,,,,,,,,be2531b0b90632b33d29c1658aa560d2ecab05e5948896fca9e514eb0029ba8a,40,,40,0,0.0,0.0,0,,,0.0,0.0,0,,,0.0,0.0,0,,,0.0,0.0,0,,,0.0,0.0,0,,,0.0,0.0,0,,,0.0,0.0,0,,,0.0,0.0,0,,,0.0,0.0,0,,,0.0,0.0,0,,,0.0,0.0,0,,,0.0,0.0,0,,,0.0,0.0,0,,,0.0,0.0,0,,,0.0,0.0,0,,,0.0,0.0,0,,,0.0,0.0,0,,,0,0,0,,,0,0,0,,,0,0,0,,,0,0,0,,,0,0,0,,,0,0,0,,,0,0,0,,,0.0,0.0,0.0,0.0,0.0,0.0,0.0,0.0,0.0,0.0,0.0,0.0,0.0,0.0,0.0,0.0,0.0,0,0,0,0,0,0,0,,,,,,,,,,,,0,0,0,0.0,0.0,0.0,0.0
cpu,none,,0,resident,overlap_clustered_runs_40_within_rank_25,100000,within_rank_25,clustered_runs_40,2048,0,24.9281789874658,2,False,0,0,8,0,8,0,0,0,0,0,0,0,0,0.099581161,400000,100000,100000,0.25,0.25,4.0,1,25000,25000,1.0,40,,2461560320,143580372992,,,,,,,,,bee75faa87e67be1f8773a3b91bca0359f7c2ca546d099257ab6611a547e69b1,40,,40,0,0.0,0.0,0,,,0.0,0.0,0,,,0.0,0.0,0,,,0.0,0.0,0,,,0.0,0.0,0,,,0.0,0.0,0,,,0.0,0.0,0,,,0.0,0.0,0,,,0.0,0.0,0,,,0.0,0.0,0,,,0.0,0.0,0,,,0.0,0.0,0,,,0.0,0.0,0,,,0.0,0.0,0,,,0.0,0.0,0,,,0.0,0.0,0,,,0.0,0.0,0,,,0,0,0,,,0,0,0,,,0,0,0,,,0,0,0,,,0,0,0,,,0,0,0,,,0,0,0,,,0.0,0.0,0.0,0.0,0.0,0.0,0.0,0.0,0.0,0.0,0.0,0.0,0.0,0.0,0.0,0.0,0.0,0,0,0,0,0,0,0,,,,,,,,,,,,0,0,0,0.0,0.0,0.0,0.0
cpu,none,,0,resident,overlap_clustered_runs_40_within_rank_25,100000,within_rank_25,clustered_runs_40,2048,1,24.718021973967552,2,False,0,0,8,0,8,0,0,0,0,0,0,0,0,0.098367202,400000,100000,100000,0.25,0.25,4.0,1,25000,25000,1.0,40,,2461560320,143580372992,,,,,,,,,feda3e29af8130d212fb1b5a9444586694cc88c14a72a273e53a8905fb9e1a67,40,,40,0,0.0,0.0,0,,,0.0,0.0,0,,,0.0,0.0,0,,,0.0,0.0,0,,,0.0,0.0,0,,,0.0,0.0,0,,,0.0,0.0,0,,,0.0,0.0,0,,,0.0,0.0,0,,,0.0,0.0,0,,,0.0,0.0,0,,,0.0,0.0,0,,,0.0,0.0,0,,,0.0,0.0,0,,,0.0,0.0,0,,,0.0,0.0,0,,,0.0,0.0,0,,,0,0,0,,,0,0,0,,,0,0,0,,,0,0,0,,,0,0,0,,,0,0,0,,,0,0,0,,,0.0,0.0,0.0,0.0,0.0,0.0,0.0,0.0,0.0,0.0,0.0,0.0,0.0,0.0,0.0,0.0,0.0,0,0,0,0,0,0,0,,,,,,,,,,,,0,0,0,0.0,0.0,0.0,0.0
cpu,none,,0,resident,overlap_clustered_runs_40_within_rank_25,100000,within_rank_25,clustered_runs_40,2048,2,24.691142956726253,2,False,0,0,8,0,8,0,0,0,0,0,0,0,0,0.098204792,400000,100000,100000,0.25,0.25,4.0,1,25000,25000,1.0,40,,2461560320,143580372992,,,,,,,,,9908655c3e0c4f575e26e5181051499771dd5d741c0bc4da7c09c5886d9f776f,40,,40,0,0.0,0.0,0,,,0.0,0.0,0,,,0.0,0.0,0,,,0.0,0.0,0,,,0.0,0.0,0,,,0.0,0.0,0,,,0.0,0.0,0,,,0.0,0.0,0,,,0.0,0.0,0,,,0.0,0.0,0,,,0.0,0.0,0,,,0.0,0.0,0,,,0.0,0.0,0,,,0.0,0.0,0,,,0.0,0.0,0,,,0.0,0.0,0,,,0.0,0.0,0,,,0,0,0,,,0,0,0,,,0,0,0,,,0,0,0,,,0,0,0,,,0,0,0,,,0,0,0,,,0.0,0.0,0.0,0.0,0.0,0.0,0.0,0.0,0.0,0.0,0.0,0.0,0.0,0.0,0.0,0.0,0.0,0,0,0,0,0,0,0,,,,,,,,,,,,0,0,0,0.0,0.0,0.0,0.0
cpu,none,,0,resident,overlap_clustered_runs_40_within_rank_25,100000,within_rank_25,clustered_runs_40,2048,3,24.83071992173791,2,False,0,0,8,0,8,0,0,0,0,0,0,0,0,0.098791588,400000,100000,100000,0.25,0.25,4.0,1,25000,25000,1.0,40,,2461560320,143580372992,,,,,,,,,3ef88a05032ac7d8f932159c91871ccf138153c97090ef9c6bfabec2aa14f642,40,,40,0,0.0,0.0,0,,,0.0,0.0,0,,,0.0,0.0,0,,,0.0,0.0,0,,,0.0,0.0,0,,,0.0,0.0,0,,,0.0,0.0,0,,,0.0,0.0,0,,,0.0,0.0,0,,,0.0,0.0,0,,,0.0,0.0,0,,,0.0,0.0,0,,,0.0,0.0,0,,,0.0,0.0,0,,,0.0,0.0,0,,,0.0,0.0,0,,,0.0,0.0,0,,,0,0,0,,,0,0,0,,,0,0,0,,,0,0,0,,,0,0,0,,,0,0,0,,,0,0,0,,,0.0,0.0,0.0,0.0,0.0,0.0,0.0,0.0,0.0,0.0,0.0,0.0,0.0,0.0,0.0,0.0,0.0,0,0,0,0,0,0,0,,,,,,,,,,,,0,0,0,0.0,0.0,0.0,0.0
cpu,none,,0,resident,overlap_clustered_runs_40_within_rank_25,100000,within_rank_25,clustered_runs_40,2048,4,24.677132023498416,2,False,0,0,8,0,8,0,0,0,0,0,0,0,0,0.09816715200000001,400000,100000,100000,0.25,0.25,4.0,1,25000,25000,1.0,40,,2461560320,143580372992,,,,,,,,,be2531b0b90632b33d29c1658aa560d2ecab05e5948896fca9e514eb0029ba8a,40,,40,0,0.0,0.0,0,,,0.0,0.0,0,,,0.0,0.0,0,,,0.0,0.0,0,,,0.0,0.0,0,,,0.0,0.0,0,,,0.0,0.0,0,,,0.0,0.0,0,,,0.0,0.0,0,,,0.0,0.0,0,,,0.0,0.0,0,,,0.0,0.0,0,,,0.0,0.0,0,,,0.0,0.0,0,,,0.0,0.0,0,,,0.0,0.0,0,,,0.0,0.0,0,,,0,0,0,,,0,0,0,,,0,0,0,,,0,0,0,,,0,0,0,,,0,0,0,,,0,0,0,,,0.0,0.0,0.0,0.0,0.0,0.0,0.0,0.0,0.0,0.0,0.0,0.0,0.0,0.0,0.0,0.0,0.0,0,0,0,0,0,0,0,,,,,,,,,,,,0,0,0,0.0,0.0,0.0,0.0
cpu,none,,0,resident,overlap_clustered_runs_100_cross_rank_25,100000,cross_rank_25,clustered_runs_100,2048,0,34.873137017712,3,False,0,0,8,0,8,0,0,0,0,0,0,0,0,0.139420354,400000,400000,100000,1.0,0.25,1.0,4,25000,25000,1.0,400,,2461560320,143580495872,,,,,,,,,1a7341e1fb12073b6f4d534d9d1181af2fb5f2969ec7e239233887c24dd0025d,100,,100,0,0.0,0.0,0,,,0.0,0.0,0,,,0.0,0.0,0,,,0.0,0.0,0,,,0.0,0.0,0,,,0.0,0.0,0,,,0.0,0.0,0,,,0.0,0.0,0,,,0.0,0.0,0,,,0.0,0.0,0,,,0.0,0.0,0,,,0.0,0.0,0,,,0.0,0.0,0,,,0.0,0.0,0,,,0.0,0.0,0,,,0.0,0.0,0,,,0.0,0.0,0,,,0,0,0,,,0,0,0,,,0,0,0,,,0,0,0,,,0,0,0,,,0,0,0,,,0,0,0,,,0.0,0.0,0.0,0.0,0.0,0.0,0.0,0.0,0.0,0.0,0.0,0.0,0.0,0.0,0.0,0.0,0.0,0,0,0,0,0,0,0,,,,,,,,,,,,0,0,0,0.0,0.0,0.0,0.0
cpu,none,,0,resident,overlap_clustered_runs_100_cross_rank_25,100000,cross_rank_25,clustered_runs_100,2048,1,35.039964015595615,3,False,0,0,8,0,8,0,0,0,0,0,0,0,0,0.140123084,400000,400000,100000,1.0,0.25,1.0,4,25000,25000,1.0,400,,2461560320,143580504064,,,,,,,,,4e9af92e727e080188c683f3999dedde6ee901ebe2223c853002da7f2c379057,100,,100,0,0.0,0.0,0,,,0.0,0.0,0,,,0.0,0.0,0,,,0.0,0.0,0,,,0.0,0.0,0,,,0.0,0.0,0,,,0.0,0.0,0,,,0.0,0.0,0,,,0.0,0.0,0,,,0.0,0.0,0,,,0.0,0.0,0,,,0.0,0.0,0,,,0.0,0.0,0,,,0.0,0.0,0,,,0.0,0.0,0,,,0.0,0.0,0,,,0.0,0.0,0,,,0,0,0,,,0,0,0,,,0,0,0,,,0,0,0,,,0,0,0,,,0,0,0,,,0,0,0,,,0.0,0.0,0.0,0.0,0.0,0.0,0.0,0.0,0.0,0.0,0.0,0.0,0.0,0.0,0.0,0.0,0.0,0,0,0,0,0,0,0,,,,,,,,,,,,0,0,0,0.0,0.0,0.0,0.0
cpu,none,,0,resident,overlap_clustered_runs_100_cross_rank_25,100000,cross_rank_25,clustered_runs_100,2048,2,34.95063597802073,2,False,0,0,8,0,8,0,0,0,0,0,0,0,0,0.140021104,400000,400000,100000,1.0,0.25,1.0,4,25000,25000,1.0,400,,2461560320,143580524544,,,,,,,,,618d2664490a8ac1870afb9b9300e638c80761ae044b7bbbe302adb0330ef3da,100,,100,0,0.0,0.0,0,,,0.0,0.0,0,,,0.0,0.0,0,,,0.0,0.0,0,,,0.0,0.0,0,,,0.0,0.0,0,,,0.0,0.0,0,,,0.0,0.0,0,,,0.0,0.0,0,,,0.0,0.0,0,,,0.0,0.0,0,,,0.0,0.0,0,,,0.0,0.0,0,,,0.0,0.0,0,,,0.0,0.0,0,,,0.0,0.0,0,,,0.0,0.0,0,,,0,0,0,,,0,0,0,,,0,0,0,,,0,0,0,,,0,0,0,,,0,0,0,,,0,0,0,,,0.0,0.0,0.0,0.0,0.0,0.0,0.0,0.0,0.0,0.0,0.0,0.0,0.0,0.0,0.0,0.0,0.0,0,0,0,0,0,0,0,,,,,,,,,,,,0,0,0,0.0,0.0,0.0,0.0
cpu,none,,0,resident,overlap_clustered_runs_100_cross_rank_25,100000,cross_rank_25,clustered_runs_100,2048,3,34.9325459683314,3,False,0,0,8,0,8,0,0,0,0,0,0,0,0,0.139670124,400000,400000,100000,1.0,0.25,1.0,4,25000,25000,1.0,400,,2461560320,143580532736,,,,,,,,,c431334b174e0b10e6781199628eb37bc918b0acdf21e1cd77217a06b3301cbc,100,,100,0,0.0,0.0,0,,,0.0,0.0,0,,,0.0,0.0,0,,,0.0,0.0,0,,,0.0,0.0,0,,,0.0,0.0,0,,,0.0,0.0,0,,,0.0,0.0,0,,,0.0,0.0,0,,,0.0,0.0,0,,,0.0,0.0,0,,,0.0,0.0,0,,,0.0,0.0,0,,,0.0,0.0,0,,,0.0,0.0,0,,,0.0,0.0,0,,,0.0,0.0,0,,,0,0,0,,,0,0,0,,,0,0,0,,,0,0,0,,,0,0,0,,,0,0,0,,,0,0,0,,,0.0,0.0,0.0,0.0,0.0,0.0,0.0,0.0,0.0,0.0,0.0,0.0,0.0,0.0,0.0,0.0,0.0,0,0,0,0,0,0,0,,,,,,,,,,,,0,0,0,0.0,0.0,0.0,0.0
cpu,none,,0,resident,overlap_clustered_runs_100_cross_rank_25,100000,cross_rank_25,clustered_runs_100,2048,4,35.017763962969184,2,False,0,0,8,0,8,0,0,0,0,0,0,0,0,0.140664084,400000,400000,100000,1.0,0.25,1.0,4,25000,25000,1.0,400,,2461560320,143580573696,,,,,,,,,62b7086c06814e91ec3a77b53ae2bc91d91f03a1f4c875fe2b09425a9d8e201a,100,,100,0,0.0,0.0,0,,,0.0,0.0,0,,,0.0,0.0,0,,,0.0,0.0,0,,,0.0,0.0,0,,,0.0,0.0,0,,,0.0,0.0,0,,,0.0,0.0,0,,,0.0,0.0,0,,,0.0,0.0,0,,,0.0,0.0,0,,,0.0,0.0,0,,,0.0,0.0,0,,,0.0,0.0,0,,,0.0,0.0,0,,,0.0,0.0,0,,,0.0,0.0,0,,,0,0,0,,,0,0,0,,,0,0,0,,,0,0,0,,,0,0,0,,,0,0,0,,,0,0,0,,,0.0,0.0,0.0,0.0,0.0,0.0,0.0,0.0,0.0,0.0,0.0,0.0,0.0,0.0,0.0,0.0,0.0,0,0,0,0,0,0,0,,,,,,,,,,,,0,0,0,0.0,0.0,0.0,0.0
cpu,none,,0,resident,overlap_clustered_runs_100_within_rank_25,100000,within_rank_25,clustered_runs_100,2048,0,22.392848040908575,3,False,0,0,8,0,8,0,0,0,0,0,0,0,0,0.089538848,400000,100000,100000,0.25,0.25,4.0,1,25000,25000,1.0,100,,2461560320,143580749824,,,,,,,,,1a7341e1fb12073b6f4d534d9d1181af2fb5f2969ec7e239233887c24dd0025d,100,,100,0,0.0,0.0,0,,,0.0,0.0,0,,,0.0,0.0,0,,,0.0,0.0,0,,,0.0,0.0,0,,,0.0,0.0,0,,,0.0,0.0,0,,,0.0,0.0,0,,,0.0,0.0,0,,,0.0,0.0,0,,,0.0,0.0,0,,,0.0,0.0,0,,,0.0,0.0,0,,,0.0,0.0,0,,,0.0,0.0,0,,,0.0,0.0,0,,,0.0,0.0,0,,,0,0,0,,,0,0,0,,,0,0,0,,,0,0,0,,,0,0,0,,,0,0,0,,,0,0,0,,,0.0,0.0,0.0,0.0,0.0,0.0,0.0,0.0,0.0,0.0,0.0,0.0,0.0,0.0,0.0,0.0,0.0,0,0,0,0,0,0,0,,,,,,,,,,,,0,0,0,0.0,0.0,0.0,0.0
cpu,none,,0,resident,overlap_clustered_runs_100_within_rank_25,100000,within_rank_25,clustered_runs_100,2048,1,22.399866953492165,3,False,0,0,8,0,8,0,0,0,0,0,0,0,0,0.08986617799999999,400000,100000,100000,0.25,0.25,4.0,1,25000,25000,1.0,100,,2461560320,143580749824,,,,,,,,,4e9af92e727e080188c683f3999dedde6ee901ebe2223c853002da7f2c379057,100,,100,0,0.0,0.0,0,,,0.0,0.0,0,,,0.0,0.0,0,,,0.0,0.0,0,,,0.0,0.0,0,,,0.0,0.0,0,,,0.0,0.0,0,,,0.0,0.0,0,,,0.0,0.0,0,,,0.0,0.0,0,,,0.0,0.0,0,,,0.0,0.0,0,,,0.0,0.0,0,,,0.0,0.0,0,,,0.0,0.0,0,,,0.0,0.0,0,,,0.0,0.0,0,,,0,0,0,,,0,0,0,,,0,0,0,,,0,0,0,,,0,0,0,,,0,0,0,,,0,0,0,,,0.0,0.0,0.0,0.0,0.0,0.0,0.0,0.0,0.0,0.0,0.0,0.0,0.0,0.0,0.0,0.0,0.0,0,0,0,0,0,0,0,,,,,,,,,,,,0,0,0,0.0,0.0,0.0,0.0
cpu,none,,0,resident,overlap_clustered_runs_100_within_rank_25,100000,within_rank_25,clustered_runs_100,2048,2,22.371858009137213,2,False,0,0,8,0,8,0,0,0,0,0,0,0,0,0.089690418,400000,100000,100000,0.25,0.25,4.0,1,25000,25000,1.0,100,,2461560320,143580749824,,,,,,,,,618d2664490a8ac1870afb9b9300e638c80761ae044b7bbbe302adb0330ef3da,100,,100,0,0.0,0.0,0,,,0.0,0.0,0,,,0.0,0.0,0,,,0.0,0.0,0,,,0.0,0.0,0,,,0.0,0.0,0,,,0.0,0.0,0,,,0.0,0.0,0,,,0.0,0.0,0,,,0.0,0.0,0,,,0.0,0.0,0,,,0.0,0.0,0,,,0.0,0.0,0,,,0.0,0.0,0,,,0.0,0.0,0,,,0.0,0.0,0,,,0.0,0.0,0,,,0,0,0,,,0,0,0,,,0,0,0,,,0,0,0,,,0,0,0,,,0,0,0,,,0,0,0,,,0.0,0.0,0.0,0.0,0.0,0.0,0.0,0.0,0.0,0.0,0.0,0.0,0.0,0.0,0.0,0.0,0.0,0,0,0,0,0,0,0,,,,,,,,,,,,0,0,0,0.0,0.0,0.0,0.0
cpu,none,,0,resident,overlap_clustered_runs_100_within_rank_25,100000,within_rank_25,clustered_runs_100,2048,3,22.32412900775671,3,False,0,0,8,0,8,0,0,0,0,0,0,0,0,0.089513468,400000,100000,100000,0.25,0.25,4.0,1,25000,25000,1.0,100,,2461560320,143580749824,,,,,,,,,c431334b174e0b10e6781199628eb37bc918b0acdf21e1cd77217a06b3301cbc,100,,100,0,0.0,0.0,0,,,0.0,0.0,0,,,0.0,0.0,0,,,0.0,0.0,0,,,0.0,0.0,0,,,0.0,0.0,0,,,0.0,0.0,0,,,0.0,0.0,0,,,0.0,0.0,0,,,0.0,0.0,0,,,0.0,0.0,0,,,0.0,0.0,0,,,0.0,0.0,0,,,0.0,0.0,0,,,0.0,0.0,0,,,0.0,0.0,0,,,0.0,0.0,0,,,0,0,0,,,0,0,0,,,0,0,0,,,0,0,0,,,0,0,0,,,0,0,0,,,0,0,0,,,0.0,0.0,0.0,0.0,0.0,0.0,0.0,0.0,0.0,0.0,0.0,0.0,0.0,0.0,0.0,0.0,0.0,0,0,0,0,0,0,0,,,,,,,,,,,,0,0,0,0.0,0.0,0.0,0.0
cpu,none,,0,resident,overlap_clustered_runs_100_within_rank_25,100000,within_rank_25,clustered_runs_100,2048,4,22.448866977356374,3,False,0,0,8,0,8,0,0,0,0,0,0,0,0,0.089717678,400000,100000,100000,0.25,0.25,4.0,1,25000,25000,1.0,100,,2461560320,143580749824,,,,,,,,,62b7086c06814e91ec3a77b53ae2bc91d91f03a1f4c875fe2b09425a9d8e201a,100,,100,0,0.0,0.0,0,,,0.0,0.0,0,,,0.0,0.0,0,,,0.0,0.0,0,,,0.0,0.0,0,,,0.0,0.0,0,,,0.0,0.0,0,,,0.0,0.0,0,,,0.0,0.0,0,,,0.0,0.0,0,,,0.0,0.0,0,,,0.0,0.0,0,,,0.0,0.0,0,,,0.0,0.0,0,,,0.0,0.0,0,,,0.0,0.0,0,,,0.0,0.0,0,,,0,0,0,,,0,0,0,,,0,0,0,,,0,0,0,,,0,0,0,,,0,0,0,,,0,0,0,,,0.0,0.0,0.0,0.0,0.0,0.0,0.0,0.0,0.0,0.0,0.0,0.0,0.0,0.0,0.0,0.0,0.0,0,0,0,0,0,0,0,,,,,,,,,,,,0,0,0,0.0,0.0,0.0,0.0
tiledb,node,256,0,cold,overlap_clustered_runs_10_cross_rank_25,100000,cross_rank_25,clustered_runs_10,2048,0,211.61559608299285,3,True,850427904,0,30,2,32,850427904,0,6500,0,6500,850427904,6500,0,1.498756088,400000,400000,100000,1.0,0.25,1.0,4,25000,25000,1.0,40,1612,2670282240,7256236032,,,,,,,,,06515cd658be08d88e7d3e9ba7197f2bac224210af08eb4eb4d14a4eb4dea90a,10,403,10,4,0.347705,0.3073155,3,0.347705,0.3073155,0.090598,0.08871799999999999,3,0.090598,0.08871799999999999,0.03974,0.038325,0,0.03974,0.038325,0.014399,0.0135145,0,0.014399,0.0135145,0.01178,0.011317,0,0.01178,0.011317,186.944804,172.03991150000002,3,186.944804,172.03991150000002,0.02178,0.0212175,0,0.02178,0.0212175,0.0,0.0,0,0.0,0.0,0.0,0.0,0,0.0,0.0,0.11180799999999999,0.08592375,0,0.11180799999999999,0.08592375,0.01573,0.01492675,0,0.01573,0.01492675,186.563839,171.578888,3,186.563839,171.578888,0.0,0.0,0,0.0,0.0,3.714853,3.66737925,3,3.714853,3.66737925,0.978145,0.9688825,2,0.978145,0.9688825,50.142484,32.788089,0,50.142484,32.788089,1.186012,1.16441225,3,1.186012,1.16441225,100000,100000,0,100000,100000,25000,25000,0,25000,25000,3,2.5,0,3,2.5,1,1,0,1,1,200000,200000,0,200000,200000,204800000,204800000,0,204800000,204800000,204800000,204800000,0,204800000,204800000,0.347705,0.090598,0.03722,0.013129,0.01139,186.944804,0.02074,0.0,0.0,0.075239,0.014989,186.563839,0.0,3.714853,0.962895,17.942356,1.186012,100000,25000,2,1,200000,204800000,204800000,,,,,,,,,,,,6500,0,6500,30716.072540564473,0.0,30716.072540564473,30716.072540564473
tiledb,node,256,0,cold,overlap_clustered_runs_10_cross_rank_25,100000,cross_rank_25,clustered_runs_10,2048,1,212.0624289382249,2,True,848330752,0,28,0,28,848330752,61440,6484,2,6486,848330752,6484,2,1.454025248,400000,400000,100000,1.0,0.25,1.0,4,25000,25000,1.0,40,1608,2670282240,7256408064,,,,,,,,,c4a9bdb6b29370f3c20a2b88174636e3da01163f290b1a479e0eff071a9cc3d5,10,402,10,4,0.271726,0.24382425000000002,3,0.271726,0.24382425000000002,0.089119,0.088039,3,0.089119,0.088039,0.03786,0.03734,2,0.03786,0.03734,0.011769,0.010794,0,0.011769,0.010794,0.01178,0.011395,1,0.01178,0.011395,187.512215,168.71584225,2,187.512215,168.71584225,0.02062,0.020345,2,0.02062,0.020345,0.0,0.0,0,0.0,0.0,0.0,0.0,0,0.0,0.0,0.08588900000000001,0.077671,0,0.08588900000000001,0.077671,0.014349,0.0137645,0,0.014349,0.0137645,186.940994,168.25331425,2,186.940994,168.25331425,0.0,0.0,0,0.0,0.0,3.760782,3.717853,0,3.760782,3.717853,0.976995,0.971193,3,0.976995,0.971193,55.319994,36.649882,0,55.319994,36.649882,1.185762,1.164515,3,1.185762,1.164515,100000,100000,0,100000,100000,25000,25000,0,25000,25000,3,2.5,0,3,2.5,1,1,0,1,1,200000,200000,0,200000,200000,204800000,204800000,0,204800000,204800000,204800000,204800000,0,204800000,204800000,0.242477,0.087019,0.03786,0.010659,0.01132,187.512215,0.02062,0.0,0.0,0.08127899999999999,0.014099,186.940994,0.0,3.698093,0.968726,17.965275,1.178932,100000,25000,2,1,200000,204800000,204800000,,,,,,,,,,,,6484,2,6486,30575.901787340317,9.431185005348649,30585.332972345666,30585.332972345666
tiledb,node,256,0,cold,overlap_clustered_runs_10_cross_rank_25,100000,cross_rank_25,clustered_runs_10,2048,2,210.08458000142127,3,True,846245888,0,30,2,32,846245888,0,6468,0,6468,846245888,6468,0,1.46076219,400000,400000,100000,1.0,0.25,1.0,4,25000,25000,1.0,40,1604,2670282240,7256559616,,,,,,,,,9b8d000a2d371ea934f56b4b32da6a64c4ab410445bbf1d1b3719ca99c66d8bf,10,401,10,4,0.274815,0.25057799999999997,3,0.274815,0.25057799999999997,0.089189,0.0882115,3,0.089189,0.0882115,0.039149,0.0375965,0,0.039149,0.0375965,0.01324,0.0116825,0,0.01324,0.0116825,0.01165,0.0109875,0,0.01165,0.0109875,185.541725,166.97562325,3,185.541725,166.97562325,0.025499,0.02414425,2,0.025499,0.02414425,0.0,0.0,0,0.0,0.0,0.0,0.0,0,0.0,0.0,0.083219,0.07684150000000001,0,0.083219,0.07684150000000001,0.01438,0.0138625,2,0.01438,0.0138625,185.153501,166.472531,3,185.153501,166.472531,0.0,0.0,0,0.0,0.0,3.676284,3.6536092499999997,3,3.676284,3.6536092499999997,0.984165,0.9767399999999999,0,0.984165,0.9767399999999999,55.895606,36.41847075,1,55.895606,36.41847075,1.187841,1.16576725,3,1.187841,1.16576725,100000,100000,0,100000,100000,25000,25000,0,25000,25000,3,2.5,0,3,2.5,1,1,0,1,1,200000,200000,0,200000,200000,204800000,204800000,0,204800000,204800000,204800000,204800000,0,204800000,204800000,0.274815,0.089189,0.035779,0.01113,0.0094,185.541725,0.02519,0.0,0.0,0.07364899999999999,0.0133,185.153501,0.0,3.676284,0.968575,17.953596,1.187841,100000,25000,2,1,200000,204800000,204800000,,,,,,,,,,,,6468,0,6468,30787.59992740182,0.0,30787.59992740182,30787.59992740182
tiledb,node,256,0,cold,overlap_clustered_runs_10_cross_rank_25,100000,cross_rank_25,clustered_runs_10,2048,3,213.6663249693811,2,True,846233600,0,28,0,28,846233600,0,6468,0,6468,846233600,6468,0,1.484271111,400000,400000,100000,1.0,0.25,1.0,4,25000,25000,1.0,40,1604,2670282240,7256670208,,,,,,,,,ab433b66c347b17f84e6d73a175da384dcf266e6a028195ce7972f63016af071,10,401,10,4,0.255286,0.24792125,1,0.255286,0.24792125,0.089878,0.08805550000000001,3,0.089878,0.08805550000000001,0.03907,0.038005,0,0.03907,0.038005,0.01238,0.0111075,0,0.01238,0.0111075,0.011389,0.0111515,0,0.011389,0.0111515,189.110831,173.9771895,2,189.110831,173.9771895,0.02097,0.0206,0,0.02097,0.0206,0.0,0.0,0,0.0,0.0,0.0,0.0,0,0.0,0.0,0.08534800000000001,0.07735625,0,0.08534800000000001,0.07735625,0.01392,0.0135575,2,0.01392,0.0135575,188.566908,173.4810665,2,188.566908,173.4810665,0.0,0.0,0,0.0,0.0,3.681683,3.6550890000000003,2,3.681683,3.6550890000000003,0.977435,0.97524275,0,0.977435,0.97524275,48.766615,33.0584575,0,48.766615,33.0584575,1.190922,1.1648797499999999,2,1.190922,1.1648797499999999,100000,100000,0,100000,100000,25000,25000,0,25000,25000,3,2.5,0,3,2.5,1,1,0,1,1,200000,200000,0,200000,200000,204800000,204800000,0,204800000,204800000,204800000,204800000,0,204800000,204800000,0.253396,0.087608,0.03739,0.01079,0.011019,189.110831,0.02049,0.0,0.0,0.073279,0.01392,188.566908,0.0,3.681683,0.972216,17.970935,1.190922,100000,25000,2,1,200000,204800000,204800000,,,,,,,,,,,,6468,0,6468,30271.499268435866,0.0,30271.499268435866,30271.499268435866
tiledb,node,256,0,cold,overlap_clustered_runs_10_cross_rank_25,100000,cross_rank_25,clustered_runs_10,2048,4,208.42803502455354,3,True,848334848,0,30,2,32,848334848,0,6484,0,6484,848334848,6484,0,1.4683101729999999,400000,400000,100000,1.0,0.25,1.0,4,25000,25000,1.0,40,1608,2670282240,7256801280,,,,,,,,,9893bfa0df948d445bbec04d0a96bea1e28ba260f5d6e19c7064ab9943885cfe,10,402,10,4,0.61631,0.497582,2,0.61631,0.497582,0.089858,0.08800125,3,0.089858,0.08800125,0.039179,0.03742925,0,0.039179,0.03742925,0.01236,0.01125,0,0.01236,0.01125,0.01122,0.0110525,0,0.01122,0.0110525,183.634053,163.59957975,3,183.634053,163.59957975,0.021559,0.0208465,0,0.021559,0.0208465,0.0,0.0,0,0.0,0.0,0.0,0.0,0,0.0,0.0,0.08670800000000001,0.07660125000000001,0,0.08670800000000001,0.07660125000000001,0.01367,0.0133175,2,0.01367,0.0133175,183.258829,163.165654,3,183.258829,163.165654,0.0,0.0,0,0.0,0.0,3.762752,3.730598,2,3.762752,3.730598,0.978755,0.97431,2,0.978755,0.97431,57.581561,37.80825725,1,57.581561,37.80825725,1.181132,1.1646320000000001,3,1.181132,1.1646320000000001,100000,100000,0,100000,100000,25000,25000,0,25000,25000,3,2.5,0,3,2.5,1,1,0,1,1,200000,200000,0,200000,200000,204800000,204800000,0,204800000,204800000,204800000,204800000,0,204800000,204800000,0.572501,0.089858,0.03669,0.01207,0.01098,183.634053,0.021049,0.0,0.0,0.074859,0.01306,183.258829,0.0,3.695784,0.973275,17.879996,1.181132,100000,25000,2,1,200000,204800000,204800000,,,,,,,,,,,,6484,0,6484,31109.05881368676,0.0,31109.05881368676,31109.05881368676
tiledb,node,256,0,cold,overlap_clustered_runs_10_within_rank_25,100000,within_rank_25,clustered_runs_10,2048,0,215.59390507172793,1,True,850427904,0,30,2,32,850427904,0,6500,0,6500,850427904,6500,0,1.473971171,400000,100000,100000,0.25,0.25,4.0,1,25000,25000,1.0,13,406,2670282240,7257100288,,,,,,,,,06515cd658be08d88e7d3e9ba7197f2bac224210af08eb4eb4d14a4eb4dea90a,10,403,10,4,0.316685,0.28486275,3,0.316685,0.28486275,0.367384,0.15826774999999998,3,0.367384,0.15826774999999998,0.03959,0.038219249999999996,3,0.03959,0.038219249999999996,0.01324,0.0127475,0,0.01324,0.0127475,0.011979,0.01120725,3,0.011979,0.01120725,186.666588,169.3581195,3,186.666588,169.3581195,0.022569,0.02200675,1,0.022569,0.02200675,0.0,0.0,0,0.0,0.0,0.0,0.0,0,0.0,0.0,0.087049,0.075254,0,0.087049,0.075254,0.01519,0.014615,0,0.01519,0.014615,186.300963,168.79146550000002,3,186.300963,168.79146550000002,0.0,0.0,0,0.0,0.0,3.726113,3.66695625,3,3.726113,3.66695625,0.815637,0.79361525,0,0.815637,0.79361525,55.497093,36.760596,0,55.497093,36.760596,1.180962,1.17254675,1,1.180962,1.17254675,100000,100000,0,100000,100000,25000,25000,0,25000,25000,3,2.5,0,3,2.5,1,1,0,1,1,200000,200000,0,200000,200000,204800000,204800000,0,204800000,204800000,204800000,204800000,0,204800000,204800000,0.296895,0.090969,0.039149,0.01276,0.01154,155.404915,0.022569,0.0,0.0,0.073329,0.01495,154.571738,0.0,3.638334,0.788878,53.750609,1.180962,100000,25000,3,1,200000,204800000,204800000,,,,,,,,,,,,6500,0,6500,30149.27531387056,0.0,30149.27531387056,30149.27531387056
tiledb,node,256,0,cold,overlap_clustered_runs_10_within_rank_25,100000,within_rank_25,clustered_runs_10,2048,1,215.60930495616049,1,True,848330752,0,28,0,28,848330752,0,6484,0,6484,848330752,6484,0,1.485861865,400000,100000,100000,0.25,0.25,4.0,1,25000,25000,1.0,13,405,2670282240,7257182208,,,,,,,,,c4a9bdb6b29370f3c20a2b88174636e3da01163f290b1a479e0eff071a9cc3d5,10,402,10,4,0.296946,0.27456375,3,0.296946,0.27456375,0.087838,0.0867505,3,0.087838,0.0867505,0.03898,0.037645,0,0.03898,0.037645,0.01207,0.010342500000000001,0,0.01207,0.010342500000000001,0.011129,0.01089675,1,0.011129,0.01089675,186.634838,168.35267475,3,186.634838,168.35267475,0.021,0.02075975,3,0.021,0.02075975,0.0,0.0,0,0.0,0.0,0.0,0.0,0,0.0,0.0,0.078988,0.07212125,0,0.078988,0.07212125,0.01402,0.0137725,2,0.01402,0.0137725,186.260553,167.9076515,3,186.260553,167.9076515,0.0,0.0,0,0.0,0.0,3.768633,3.7155234999999998,1,3.768633,3.7155234999999998,0.789088,0.7880905,3,0.789088,0.7880905,58.133052,37.766688,1,58.133052,37.766688,1.179692,1.172117,1,1.179692,1.172117,100000,100000,0,100000,100000,25000,25000,0,25000,25000,3,2.5,0,3,2.5,1,1,0,1,1,200000,200000,0,200000,200000,204800000,204800000,0,204800000,204800000,204800000,204800000,0,204800000,204800000,0.288476,0.087418,0.03741,0.0095,0.011129,150.969313,0.0208,0.0,0.0,0.06992899999999999,0.01387,150.46646,0.0,3.768633,0.788088,58.133052,1.179692,100000,25000,3,1,200000,204800000,204800000,,,,,,,,,,,,6484,0,6484,30072.913603234247,0.0,30072.913603234247,30072.913603234247
tiledb,node,256,0,cold,overlap_clustered_runs_10_within_rank_25,100000,within_rank_25,clustered_runs_10,2048,2,214.343374944292,1,True,846245888,0,29,1,30,846245888,0,6468,0,6468,846245888,6468,0,1.482227837,400000,100000,100000,0.25,0.25,4.0,1,25000,25000,1.0,13,404,2670282240,7257247744,,,,,,,,,9b8d000a2d371ea934f56b4b32da6a64c4ab410445bbf1d1b3719ca99c66d8bf,10,401,10,4,0.447574,0.40972925000000004,2,0.447574,0.40972925000000004,0.086429,0.08625375,3,0.086429,0.08625375,0.03831,0.03708675,0,0.03831,0.03708675,0.011799,0.01088725,0,0.011799,0.01088725,0.01151,0.0107375,2,0.01151,0.0107375,186.336503,168.5972185,2,186.336503,168.5972185,0.02108,0.0207,2,0.02108,0.0207,0.0,0.0,0,0.0,0.0,0.0,0.0,0,0.0,0.0,0.084239,0.07649425,0,0.084239,0.07649425,0.017159,0.0144165,1,0.017159,0.0144165,185.895419,168.16785275,2,185.895419,168.16785275,0.0,0.0,0,0.0,0.0,3.696963,3.66209425,2,3.696963,3.66209425,0.788568,0.7859929999999999,0,0.788568,0.7859929999999999,58.603515,36.568144000000004,1,58.603515,36.568144000000004,1.175922,1.165677,1,1.175922,1.165677,100000,100000,0,100000,100000,25000,25000,0,25000,25000,3,2.5,0,3,2.5,1,1,0,1,1,200000,200000,0,200000,200000,204800000,204800000,0,204800000,204800000,204800000,204800000,0,204800000,204800000,0.426644,0.086259,0.035039,0.0104,0.00898,149.235449,0.02076,0.0,0.0,0.072649,0.017159,148.777957,0.0,3.629525,0.786628,58.603515,1.175922,100000,25000,3,1,200000,204800000,204800000,,,,,,,,,,,,6468,0,6468,30175.880181419358,0.0,30175.880181419358,30175.880181419358
tiledb,node,256,0,cold,overlap_clustered_runs_10_within_rank_25,100000,within_rank_25,clustered_runs_10,2048,3,216.56247100327164,1,True,846233600,0,28,0,28,846233600,0,6468,0,6468,846233600,6468,0,1.49582752,400000,100000,100000,0.25,0.25,4.0,1,25000,25000,1.0,13,404,2670282240,7257235456,,,,,,,,,ab433b66c347b17f84e6d73a175da384dcf266e6a028195ce7972f63016af071,10,401,10,4,0.262736,0.24865350000000003,3,0.262736,0.24865350000000003,0.088248,0.08709075,3,0.088248,0.08709075,0.03876,0.03760725,0,0.03876,0.03760725,0.01362,0.012817499999999999,0,0.01362,0.012817499999999999,0.01156,0.011221749999999999,2,0.01156,0.011221749999999999,187.786941,173.463252,3,187.786941,173.463252,0.02067,0.02057475,1,0.02067,0.02057475,0.0,0.0,0,0.0,0.0,0.0,0.0,0,0.0,0.0,0.081769,0.0761115,0,0.081769,0.0761115,0.01441,0.013705,0,0.01441,0.013705,187.407616,173.022798,3,187.407616,173.022798,0.0,0.0,0,0.0,0.0,3.743613,3.67424175,3,3.743613,3.67424175,0.865926,0.80555725,1,0.865926,0.80555725,49.71647,33.7639815,1,49.71647,33.7639815,1.179172,1.1710445,0,1.179172,1.1710445,100000,100000,0,100000,100000,25000,25000,0,25000,25000,3,2.5,0,3,2.5,1,1,0,1,1,200000,200000,0,200000,200000,204800000,204800000,0,204800000,204800000,204800000,204800000,0,204800000,204800000,0.259016,0.087628,0.03753,0.01355,0.010949,160.418479,0.02067,0.0,0.0,0.070319,0.01382,159.951815,0.0,3.630715,0.865926,49.71647,1.178762,100000,25000,3,1,200000,204800000,204800000,,,,,,,,,,,,6468,0,6468,29866.67066567728,0.0,29866.67066567728,29866.67066567728
tiledb,node,256,0,cold,overlap_clustered_runs_10_within_rank_25,100000,within_rank_25,clustered_runs_10,2048,4,213.6966639664024,1,True,848334848,0,28,0,28,848334848,0,6484,0,6484,848334848,6484,0,1.47932008,400000,100000,100000,0.25,0.25,4.0,1,25000,25000,1.0,13,405,2670282240,7257346048,,,,,,,,,9893bfa0df948d445bbec04d0a96bea1e28ba260f5d6e19c7064ab9943885cfe,10,402,10,4,0.312825,0.27367575,3,0.312825,0.27367575,0.087579,0.086674,3,0.087579,0.086674,0.038319,0.037109,0,0.038319,0.037109,0.01268,0.01092,0,0.01268,0.01092,0.01111,0.01062,0,0.01111,0.01062,185.255009,164.265625,2,185.255009,164.265625,0.02094,0.0206675,0,0.02094,0.0206675,0.0,0.0,0,0.0,0.0,0.0,0.0,0,0.0,0.0,0.084629,0.0752895,0,0.084629,0.0752895,0.014209,0.01364675,2,0.014209,0.01364675,184.746347,163.80268225,2,184.746347,163.80268225,0.0,0.0,0,0.0,0.0,3.712473,3.6918610000000003,3,3.712473,3.6918610000000003,0.790008,0.7878655,1,0.790008,0.7878655,64.950368,40.1739635,1,64.950368,40.1739635,1.183402,1.174032,1,1.183402,1.174032,100000,100000,0,100000,100000,25000,25000,0,25000,25000,3,2.5,0,3,2.5,1,1,0,1,1,200000,200000,0,200000,200000,204800000,204800000,0,204800000,204800000,204800000,204800000,0,204800000,204800000,0.308955,0.086759,0.037559,0.00872,0.01103,142.303316,0.02074,0.0,0.0,0.06926,0.013639,141.847833,0.0,3.684683,0.790008,64.950368,1.183402,100000,25000,3,1,200000,204800000,204800000,,,,,,,,,,,,6484,0,6484,30342.074039206436,0.0,30342.074039206436,30342.074039206436
tiledb,node,256,0,cold,overlap_clustered_runs_40_cross_rank_25,100000,cross_rank_25,clustered_runs_40,2048,0,219.08448194153607,1,True,915943424,0,50,2,52,915943424,0,7005,0,7005,915943424,7005,0,1.07206101,400000,400000,100000,1.0,0.25,1.0,4,25000,25000,1.0,160,1716,2670282240,7257944064,,,,,,,,,bee75faa87e67be1f8773a3b91bca0359f7c2ca546d099257ab6611a547e69b1,40,429,40,4,0.306795,0.28530774999999997,3,0.306795,0.28530774999999997,0.090469,0.08827399999999999,3,0.090469,0.08827399999999999,0.039769,0.038439,0,0.039769,0.038439,0.01378,0.0130675,1,0.01378,0.0130675,0.01197,0.0113975,0,0.01197,0.0113975,194.810723,193.439664,0,194.810723,193.439664,0.022039,0.021724,1,0.022039,0.021724,0.0,0.0,0,0.0,0.0,0.0,0.0,0,0.0,0.0,0.090498,0.08383875,0,0.090498,0.08383875,0.0185,0.01756,3,0.0185,0.01756,194.37263,192.99936325,0,194.37263,192.99936325,0.0,0.0,0,0.0,0.0,3.805702,3.722038,0,3.805702,3.722038,1.050544,0.99261225,3,1.050544,0.99261225,21.556871,18.88750375,1,21.556871,18.88750375,1.181922,1.177557,3,1.181922,1.177557,100000,100000,0,100000,100000,25000,25000,0,25000,25000,10,10,0,10,10,1,1,0,1,1,200000,200000,0,200000,200000,204800000,204800000,0,204800000,204800000,204800000,204800000,0,204800000,204800000,0.305315,0.086919,0.037979,0.01378,0.01153,190.923182,0.022039,0.0,0.0,0.081729,0.0172,190.43266,0.0,3.633165,0.966425,21.556871,1.171862,100000,25000,10,1,200000,204800000,204800000,,,,,,,,,,,,7005,0,7005,31973.967019121526,0.0,31973.967019121526,31973.967019121526
tiledb,node,256,0,cold,overlap_clustered_runs_40_cross_rank_25,100000,cross_rank_25,clustered_runs_40,2048,1,222.75417600758374,1,True,913854464,0,48,0,48,913854464,0,6988,0,6988,913854464,6988,0,1.10263643,400000,400000,100000,1.0,0.25,1.0,4,25000,25000,1.0,160,1712,2670282240,7258030080,,,,,,,,,feda3e29af8130d212fb1b5a9444586694cc88c14a72a273e53a8905fb9e1a67,40,428,40,4,0.252936,0.243601,2,0.252936,0.243601,0.089239,0.087559,3,0.089239,0.087559,0.038079,0.037276500000000004,0,0.038079,0.037276500000000004,0.01293,0.0118025,0,0.01293,0.0118025,0.01153,0.01124,3,0.01153,0.01124,198.413008,197.80118475,1,198.413008,197.80118475,0.020839,0.0206865,1,0.020839,0.0206865,0.0,0.0,0,0.0,0.0,0.0,0.0,0,0.0,0.0,0.08620900000000001,0.0805665,0,0.08620900000000001,0.0805665,0.01627,0.015775,0,0.01627,0.015775,197.899296,197.23755325000002,1,197.899296,197.23755325000002,0.0,0.0,0,0.0,0.0,3.92119,3.8052515000000002,3,3.92119,3.8052515000000002,1.046515,0.991205,2,1.046515,0.991205,18.830443,18.147453,0,18.830443,18.147453,1.177992,1.173067,3,1.177992,1.173067,100000,100000,0,100000,100000,25000,25000,0,25000,25000,10,10,0,10,10,1,1,0,1,1,200000,200000,0,200000,200000,204800000,204800000,0,204800000,204800000,204800000,204800000,0,204800000,204800000,0.252876,0.086659,0.036679,0.01122,0.01109,198.413008,0.020839,0.0,0.0,0.07743900000000001,0.01595,197.899296,0.0,3.852491,0.981415,17.577602,1.171272,100000,25000,10,1,200000,204800000,204800000,,,,,,,,,,,,6988,0,6988,31370.904578516594,0.0,31370.904578516594,31370.904578516594
tiledb,node,256,0,cold,overlap_clustered_runs_40_cross_rank_25,100000,cross_rank_25,clustered_runs_40,2048,2,227.91915701236576,2,True,918089728,0,50,2,52,918089728,0,7022,0,7022,918089728,7022,0,1.1258911600000001,400000,400000,100000,1.0,0.25,1.0,4,25000,25000,1.0,160,1720,2670282240,7258103808,,,,,,,,,9908655c3e0c4f575e26e5181051499771dd5d741c0bc4da7c09c5886d9f776f,40,430,40,4,0.241546,0.234426,1,0.241546,0.234426,0.090308,0.08815049999999999,3,0.090308,0.08815049999999999,0.03937,0.0378075,0,0.03937,0.0378075,0.01255,0.0114475,0,0.01255,0.0114475,0.01151,0.0113175,3,0.01151,0.0113175,203.685877,202.63245325,2,203.685877,202.63245325,0.02075,0.020449250000000002,0,0.02075,0.020449250000000002,0.0,0.0,0,0.0,0.0,0.0,0.0,0,0.0,0.0,0.083208,0.07937125,0,0.083208,0.07937125,0.01676,0.016372499999999998,0,0.01676,0.016372499999999998,203.056597,202.13802325,2,203.056597,202.13802325,0.0,0.0,0,0.0,0.0,3.820971,3.75484,3,3.820971,3.75484,0.981455,0.97766,3,0.981455,0.97766,19.410684,18.56914875,3,19.410684,18.56914875,1.181952,1.174917,3,1.181952,1.174917,100000,100000,0,100000,100000,25000,25000,0,25000,25000,10,10,0,10,10,1,1,0,1,1,200000,200000,0,200000,200000,204800000,204800000,0,204800000,204800000,204800000,204800000,0,204800000,204800000,0.231836,0.088158,0.03753,0.01178,0.0115,203.685877,0.020199,0.0,0.0,0.077079,0.016,203.056597,0.0,3.776872,0.976335,17.560191,1.176022,100000,25000,10,1,200000,204800000,204800000,,,,,,,,,,,,7022,0,7022,30809.169760219065,0.0,30809.169760219065,30809.169760219065
tiledb,node,256,0,cold,overlap_clustered_runs_40_cross_rank_25,100000,cross_rank_25,clustered_runs_40,2048,3,227.20351803582162,3,True,918036480,0,48,0,48,918036480,0,7020,0,7020,918036480,7020,0,1.0909239,400000,400000,100000,1.0,0.25,1.0,4,25000,25000,1.0,160,1720,2670282240,7258120192,,,,,,,,,3ef88a05032ac7d8f932159c91871ccf138153c97090ef9c6bfabec2aa14f642,40,430,40,4,0.245246,0.240861,3,0.245246,0.240861,0.089059,0.088004,3,0.089059,0.088004,0.037849,0.0371115,0,0.037849,0.0371115,0.01308,0.012375,0,0.01308,0.012375,0.01121,0.0106375,3,0.01121,0.0106375,202.924829,201.4918485,1,202.924829,201.4918485,0.021009,0.02059425,0,0.021009,0.02059425,0.0,0.0,0,0.0,0.0,0.0,0.0,0,0.0,0.0,0.083479,0.080384,0,0.083479,0.080384,0.01632,0.01575,0,0.01632,0.01575,202.431696,201.02559775,0,202.431696,201.02559775,0.0,0.0,0,0.0,0.0,3.90197,3.73944,2,3.90197,3.73944,0.977995,0.97231775,2,0.977995,0.97231775,22.637734,18.981277499999997,3,22.637734,18.981277499999997,1.181922,1.1750245,3,1.181922,1.1750245,100000,100000,0,100000,100000,25000,25000,0,25000,25000,10,10,0,10,10,1,1,0,1,1,200000,200000,0,200000,200000,204800000,204800000,0,204800000,204800000,204800000,204800000,0,204800000,204800000,0.245246,0.089059,0.037819,0.01245,0.01121,198.025994,0.020749,0.0,0.0,0.080079,0.01529,197.60153,0.0,3.633614,0.970355,22.637734,1.181922,100000,25000,10,1,200000,204800000,204800000,,,,,,,,,,,,7020,0,7020,30897.408898805894,0.0,30897.408898805894,30897.408898805894
tiledb,node,256,0,cold,overlap_clustered_runs_40_cross_rank_25,100000,cross_rank_25,clustered_runs_40,2048,4,227.91939706075937,2,True,920166400,0,50,2,52,920166400,0,7038,0,7038,920166400,7038,0,1.112272631,400000,400000,100000,1.0,0.25,1.0,4,25000,25000,1.0,160,1724,2670282240,7258263552,,,,,,,,,be2531b0b90632b33d29c1658aa560d2ecab05e5948896fca9e514eb0029ba8a,40,431,40,4,0.250326,0.24143175,3,0.250326,0.24143175,0.089309,0.0874515,3,0.089309,0.0874515,0.039859,0.03777675,0,0.039859,0.03777675,0.0127,0.01189725,0,0.0127,0.01189725,0.01134,0.010725,2,0.01134,0.010725,203.734817,202.07757225,2,203.734817,202.07757225,0.02062,0.02052,0,0.02062,0.02052,0.0,0.0,0,0.0,0.0,0.0,0.0,0,0.0,0.0,0.083099,0.0804215,0,0.083099,0.0804215,0.016679,0.0160765,0,0.016679,0.0160765,203.122776,201.4642215,2,203.122776,201.4642215,0.0,0.0,0,0.0,0.0,3.730363,3.7235955,3,3.730363,3.7235955,0.984495,0.972025,1,0.984495,0.972025,20.183111,19.145400000000002,1,20.183111,19.145400000000002,1.185361,1.1786192500000001,3,1.185361,1.1786192500000001,100000,100000,0,100000,100000,25000,25000,0,25000,25000,10,10,0,10,10,1,1,0,1,1,200000,200000,0,200000,200000,204800000,204800000,0,204800000,204800000,204800000,204800000,0,204800000,204800000,0.240657,0.087349,0.037499,0.01233,0.01134,203.734817,0.0204,0.0,0.0,0.079119,0.015699,203.122776,0.0,3.726553,0.961885,17.567282,1.177272,100000,25000,10,1,200000,204800000,204800000,,,,,,,,,,,,7038,0,7038,30879.337567411127,0.0,30879.337567411127,30879.337567411127
tiledb,node,256,0,cold,overlap_clustered_runs_40_within_rank_25,100000,within_rank_25,clustered_runs_40,2048,0,225.24162800982594,1,True,915943424,0,49,1,50,915943424,0,7005,0,7005,915943424,7005,0,1.115416702,400000,100000,100000,0.25,0.25,4.0,1,25000,25000,1.0,40,429,2670282240,7258443776,,,,,,,,,bee75faa87e67be1f8773a3b91bca0359f7c2ca546d099257ab6611a547e69b1,40,429,40,4,0.302995,0.28047025000000003,1,0.302995,0.28047025000000003,0.088809,0.086114,3,0.088809,0.086114,0.039999,0.038844000000000004,0,0.039999,0.038844000000000004,0.014,0.0133825,0,0.014,0.0133825,0.01173,0.0116375,3,0.01173,0.0116375,199.58227,197.94593475,1,199.58227,197.94593475,0.021649,0.021524,2,0.021649,0.021524,0.0,0.0,0,0.0,0.0,0.0,0.0,0,0.0,0.0,0.089818,0.07820625,0,0.089818,0.07820625,0.01809,0.01782,3,0.01809,0.01782,198.504917,190.94432475,2,198.504917,190.94432475,0.0,0.0,0,0.0,0.0,3.705024,3.6762015,2,3.705024,3.6762015,0.793558,0.7922130000000001,3,0.793558,0.7922130000000001,23.060458,20.4789695,3,23.060458,20.4789695,1.178942,1.1764295,1,1.178942,1.1764295,100000,100000,0,100000,100000,25000,25000,0,25000,25000,10,10,0,10,10,1,1,0,1,1,200000,200000,0,200000,200000,204800000,204800000,0,204800000,204800000,204800000,204800000,0,204800000,204800000,0.302995,0.085149,0.038379,0.01305,0.01147,199.58227,0.021489,0.0,0.0,0.07510900000000001,0.01776,172.816519,0.0,3.704333,0.791088,19.152847,1.178942,100000,25000,10,1,200000,204800000,204800000,,,,,,,,,,,,7005,0,7005,31099.935042621935,0.0,31099.935042621935,31099.935042621935
tiledb,node,256,0,cold,overlap_clustered_runs_40_within_rank_25,100000,within_rank_25,clustered_runs_40,2048,1,221.63095301948488,1,True,913854464,0,48,0,48,913854464,0,6988,0,6988,913854464,6988,0,1.056235954,400000,100000,100000,0.25,0.25,4.0,1,25000,25000,1.0,40,428,2670282240,7258521600,,,,,,,,,feda3e29af8130d212fb1b5a9444586694cc88c14a72a273e53a8905fb9e1a67,40,428,40,4,0.234987,0.232012,3,0.234987,0.232012,0.088939,0.088009,3,0.088939,0.088009,0.038609,0.03777425,1,0.038609,0.03777425,0.01305,0.01189225,0,0.01305,0.01189225,0.01167,0.010794999999999999,1,0.01167,0.010794999999999999,195.798898,193.8428055,1,195.798898,193.8428055,0.02073,0.020472499999999998,2,0.02073,0.020472499999999998,0.0,0.0,0,0.0,0.0,0.0,0.0,0,0.0,0.0,0.083619,0.0800765,1,0.083619,0.0800765,0.016399,0.015709,0,0.016399,0.015709,193.769169,186.99242525,3,193.769169,186.99242525,0.0,0.0,0,0.0,0.0,3.809891,3.7179205,3,3.809891,3.7179205,0.790768,0.78722325,0,0.790768,0.78722325,23.173766,20.76400775,2,23.173766,20.76400775,1.180742,1.1764295,0,1.180742,1.1764295,100000,100000,0,100000,100000,25000,25000,0,25000,25000,10,10,0,10,10,1,1,0,1,1,200000,200000,0,200000,200000,204800000,204800000,0,204800000,204800000,204800000,204800000,0,204800000,204800000,0.232337,0.087699,0.038609,0.01134,0.01167,195.798898,0.02027,0.0,0.0,0.083619,0.015019,169.692597,0.0,3.684944,0.788348,19.443923,1.176672,100000,25000,10,1,200000,204800000,204800000,,,,,,,,,,,,6988,0,6988,31529.891943322753,0.0,31529.891943322753,31529.891943322753
tiledb,node,256,0,cold,overlap_clustered_runs_40_within_rank_25,100000,within_rank_25,clustered_runs_40,2048,2,224.27128301933408,1,True,918089728,0,48,0,48,918089728,0,7022,0,7022,918089728,7022,0,1.139461575,400000,100000,100000,0.25,0.25,4.0,1,25000,25000,1.0,40,430,2670282240,7258660864,,,,,,,,,9908655c3e0c4f575e26e5181051499771dd5d741c0bc4da7c09c5886d9f776f,40,430,40,4,0.294995,0.25577325,1,0.294995,0.25577325,0.088798,0.08604125,3,0.088798,0.08604125,0.038979,0.03695925,0,0.038979,0.03695925,0.01309,0.0112775,0,0.01309,0.0112775,0.0112,0.010105,3,0.0112,0.010105,198.540626,197.89417075,1,198.540626,197.89417075,0.020869,0.020534,0,0.020869,0.020534,0.0,0.0,0,0.0,0.0,0.0,0.0,0,0.0,0.0,0.08265800000000001,0.07658875000000001,0,0.08265800000000001,0.07658875000000001,0.01671,0.016050000000000002,0,0.01671,0.016050000000000002,197.524052,190.86420325,0,197.524052,190.86420325,0.0,0.0,0,0.0,0.0,3.885841,3.81469925,3,3.885841,3.81469925,0.795207,0.7911425,2,0.795207,0.7911425,20.537246,19.52090175,2,20.537246,19.52090175,1.180112,1.175407,2,1.180112,1.175407,100000,100000,0,100000,100000,25000,25000,0,25000,25000,10,10,0,10,10,1,1,0,1,1,200000,200000,0,200000,200000,204800000,204800000,0,204800000,204800000,204800000,204800000,0,204800000,204800000,0.294995,0.085859,0.035869,0.01061,0.00901,198.540626,0.020419,0.0,0.0,0.077359,0.01649,171.783685,0.0,3.830281,0.789298,19.155548,1.177862,100000,25000,10,1,200000,204800000,204800000,,,,,,,,,,,,7022,0,7022,31310.294860152222,0.0,31310.294860152222,31310.294860152222
tiledb,node,256,0,cold,overlap_clustered_runs_40_within_rank_25,100000,within_rank_25,clustered_runs_40,2048,3,226.86476400122046,1,True,918036480,0,50,2,52,918036480,0,7020,0,7020,918036480,7020,0,1.097069961,400000,100000,100000,0.25,0.25,4.0,1,25000,25000,1.0,40,430,2670282240,7258701824,,,,,,,,,3ef88a05032ac7d8f932159c91871ccf138153c97090ef9c6bfabec2aa14f642,40,430,40,4,0.306576,0.271474,2,0.306576,0.271474,0.087939,0.0858165,3,0.087939,0.0858165,0.039219,0.0382765,2,0.039219,0.0382765,0.01289,0.011,0,0.01289,0.011,0.01133,0.0106675,3,0.01133,0.0106675,201.259794,200.49297124999998,0,201.259794,200.49297124999998,0.02072,0.020525,0,0.02072,0.020525,0.0,0.0,0,0.0,0.0,0.0,0.0,0,0.0,0.0,0.08140800000000001,0.07560625,0,0.08140800000000001,0.07560625,0.01718,0.01566,0,0.01718,0.01566,200.771372,193.35085800000002,0,200.771372,193.35085800000002,0.0,0.0,0,0.0,0.0,3.982149,3.81337675,1,3.982149,3.81337675,0.795478,0.7901905,3,0.795478,0.7901905,20.391199,19.612793,2,20.391199,19.612793,1.179432,1.17264475,1,1.179432,1.17264475,100000,100000,0,100000,100000,25000,25000,0,25000,25000,10,10,0,10,10,1,1,0,1,1,200000,200000,0,200000,200000,204800000,204800000,0,204800000,204800000,204800000,204800000,0,204800000,204800000,0.301886,0.085249,0.038249,0.01045,0.01083,200.975599,0.02066,0.0,0.0,0.077219,0.01582,173.773235,0.0,3.982149,0.785348,19.146938,1.179432,100000,25000,10,1,200000,204800000,204800000,,,,,,,,,,,,7020,0,7020,30943.54485107363,0.0,30943.54485107363,30943.54485107363
tiledb,node,256,0,cold,overlap_clustered_runs_40_within_rank_25,100000,within_rank_25,clustered_runs_40,2048,4,227.0350910257548,2,True,920166400,0,48,0,48,920166400,0,7038,0,7038,920166400,7038,0,1.101650753,400000,100000,100000,0.25,0.25,4.0,1,25000,25000,1.0,40,431,2670282240,7258718208,,,,,,,,,be2531b0b90632b33d29c1658aa560d2ecab05e5948896fca9e514eb0029ba8a,40,431,40,4,0.305615,0.26037325,2,0.305615,0.26037325,0.088468,0.0864255,3,0.088468,0.0864255,0.04032,0.038775000000000004,0,0.04032,0.038775000000000004,0.01397,0.0129925,0,0.01397,0.0129925,0.011329,0.0111565,0,0.011329,0.0111565,201.57963,200.13973975,0,201.57963,200.13973975,0.02097,0.020645,3,0.02097,0.020645,0.0,0.0,0,0.0,0.0,0.0,0.0,0,0.0,0.0,0.082568,0.07828825,0,0.082568,0.07828825,0.01625,0.0158375,0,0.01625,0.0158375,201.084318,193.366718,0,201.084318,193.366718,0.0,0.0,0,0.0,0.0,3.889051,3.7832547499999998,1,3.889051,3.7832547499999998,0.795138,0.790483,3,0.795138,0.790483,20.27626,19.73895825,3,20.27626,19.73895825,1.187342,1.177592,3,1.187342,1.177592,100000,100000,0,100000,100000,25000,25000,0,25000,25000,10,10,0,10,10,1,1,0,1,1,200000,200000,0,200000,200000,204800000,204800000,0,204800000,204800000,204800000,204800000,0,204800000,204800000,0.305615,0.086098,0.03869,0.01222,0.011089,200.498007,0.02042,0.0,0.0,0.070279,0.015,200.040843,0.0,3.768932,0.788228,20.010044,1.178982,100000,25000,10,1,200000,204800000,204800000,,,,,,,,,,,,7038,0,7038,30999.61317962786,0.0,30999.61317962786,30999.61317962786
tiledb,node,256,0,cold,overlap_clustered_runs_100_cross_rank_25,100000,cross_rank_25,clustered_runs_100,2048,0,253.3779978984967,3,True,1069322240,0,111,2,113,1069322240,0,8219,0,8219,1069322240,8219,0,1.28487913,400000,400000,100000,1.0,0.25,1.0,4,25000,25000,1.0,400,1968,2670282240,7259512832,,,,,,,,,1a7341e1fb12073b6f4d534d9d1181af2fb5f2969ec7e239233887c24dd0025d,100,492,100,4,0.319295,0.28820025,1,0.319295,0.28820025,0.091059,0.0884015,3,0.091059,0.0884015,0.040399,0.038419,0,0.040399,0.038419,0.01452,0.013055,0,0.01452,0.013055,0.01165,0.0115925,1,0.01165,0.0115925,228.654926,227.89454,3,228.654926,227.89454,0.022309,0.0219095,0,0.022309,0.0219095,0.0,0.0,0,0.0,0.0,0.0,0.0,0,0.0,0.0,0.096898,0.07879125,0,0.096898,0.07879125,0.02053,0.0195475,3,0.02053,0.0195475,228.094345,212.85422,2,228.094345,212.85422,0.0,0.0,0,0.0,0.0,4.017549,3.8413735,2,4.017549,3.8413735,0.987875,0.9768527499999999,3,0.987875,0.9768527499999999,19.579271,18.53049425,0,19.579271,18.53049425,1.179882,1.176487,2,1.179882,1.176487,100000,100000,0,100000,100000,25000,25000,0,25000,25000,25,25,0,25,25,1,1,0,1,1,200000,200000,0,200000,200000,204800000,204800000,0,204800000,204800000,204800000,204800000,0,204800000,204800000,0.299615,0.091059,0.038079,0.01336,0.01156,228.654926,0.021889,0.0,0.0,0.076569,0.02053,228.048225,0.0,3.87501,0.987875,17.855007,1.172732,100000,25000,25,1,200000,204800000,204800000,,,,,,,,,,,,8219,0,8219,32437.70204267118,0.0,32437.70204267118,32437.70204267118
tiledb,node,256,0,cold,overlap_clustered_runs_100_cross_rank_25,100000,cross_rank_25,clustered_runs_100,2048,1,249.83143189456314,3,True,1068216320,0,109,0,109,1068216320,0,8209,0,8209,1068216320,8209,0,1.2179666779999998,400000,400000,100000,1.0,0.25,1.0,4,25000,25000,1.0,400,1964,2670282240,7259611136,,,,,,,,,4e9af92e727e080188c683f3999dedde6ee901ebe2223c853002da7f2c379057,100,491,100,4,0.286106,0.2627135,1,0.286106,0.2627135,0.090868,0.0887455,3,0.090868,0.0887455,0.03964,0.0386175,0,0.03964,0.0386175,0.01489,0.0133425,0,0.01489,0.0133425,0.011419,0.011059,1,0.011419,0.011059,225.80948,224.42431375,0,225.80948,224.42431375,0.02082,0.02074,0,0.02082,0.02074,0.0,0.0,0,0.0,0.0,0.0,0.0,0,0.0,0.0,0.088979,0.08125325,0,0.088979,0.08125325,0.019099,0.01834475,0,0.019099,0.01834475,224.542659,209.37063849999998,2,224.542659,209.37063849999998,0.0,0.0,0,0.0,0.0,3.89584,3.7560975,2,3.89584,3.7560975,0.985424,0.9774275,1,0.985424,0.9774275,20.686724,18.65910725,3,20.686724,18.65910725,1.180332,1.1769495,1,1.180332,1.1769495,100000,100000,0,100000,100000,25000,25000,0,25000,25000,25,25,0,25,25,1,1,0,1,1,200000,200000,0,200000,200000,204800000,204800000,0,204800000,204800000,204800000,204800000,0,204800000,204800000,0.260776,0.090868,0.03864,0.01282,0.010859,222.55504,0.0208,0.0,0.0,0.078248,0.01787,221.993568,0.0,3.657754,0.981685,20.686724,1.175672,100000,25000,25,1,200000,204800000,204800000,,,,,,,,,,,,8209,0,8209,32858.15534798064,0.0,32858.15534798064,32858.15534798064
tiledb,node,256,0,cold,overlap_clustered_runs_100_cross_rank_25,100000,cross_rank_25,clustered_runs_100,2048,2,249.99363999813795,2,True,1064005632,0,111,2,113,1064005632,102400,8177,2,8179,1064005632,8177,2,1.272352798,400000,400000,100000,1.0,0.25,1.0,4,25000,25000,1.0,400,1956,2670282240,7259717632,,,,,,,,,618d2664490a8ac1870afb9b9300e638c80761ae044b7bbbe302adb0330ef3da,100,489,100,4,0.256376,0.2418865,1,0.256376,0.2418865,0.091148,0.088523,3,0.091148,0.088523,0.03806,0.03722,0,0.03806,0.03722,0.013059,0.01239675,0,0.013059,0.01239675,0.01193,0.01098475,3,0.01193,0.01098475,225.706781,224.6386275,2,225.706781,224.6386275,0.02083,0.020655,3,0.02083,0.020655,0.0,0.0,0,0.0,0.0,0.0,0.0,0,0.0,0.0,0.089989,0.08173625,0,0.089989,0.08173625,0.018479,0.01800925,0,0.018479,0.01800925,225.067001,209.73910999999998,2,225.067001,209.73910999999998,0.0,0.0,0,0.0,0.0,3.867141,3.81881925,2,3.867141,3.81881925,0.979875,0.97600025,2,0.979875,0.97600025,19.422923,18.56302875,3,19.422923,18.56302875,1.181792,1.176172,3,1.181792,1.176172,100000,100000,0,100000,100000,25000,25000,0,25000,25000,25,25,0,25,25,1,1,0,1,1,200000,200000,0,200000,200000,204800000,204800000,0,204800000,204800000,204800000,204800000,0,204800000,204800000,0.237077,0.087868,0.03794,0.012599,0.01161,225.706781,0.02036,0.0,0.0,0.07811900000000001,0.017949,225.067001,0.0,3.867141,0.979875,17.508232,1.179152,100000,25000,25,1,200000,204800000,204800000,,,,,,,,,,,,8177,2,8179,32708.832112932574,8.00020352523727,32716.83231645781,32716.83231645781
tiledb,node,256,0,cold,overlap_clustered_runs_100_cross_rank_25,100000,cross_rank_25,clustered_runs_100,2048,3,254.15754597634077,2,True,1069809664,0,109,0,109,1069809664,0,8222,0,8222,1069809664,8222,0,1.247785937,400000,400000,100000,1.0,0.25,1.0,4,25000,25000,1.0,400,1968,2670282240,7259762688,,,,,,,,,c431334b174e0b10e6781199628eb37bc918b0acdf21e1cd77217a06b3301cbc,100,492,100,4,0.266866,0.2517785,1,0.266866,0.2517785,0.091068,0.08886075,3,0.091068,0.08886075,0.03952,0.03809975,0,0.03952,0.03809975,0.0126,0.011585,0,0.0126,0.011585,0.0114,0.0109975,0,0.0114,0.0109975,229.815198,228.18839775,2,229.815198,228.18839775,0.020839,0.0207165,1,0.020839,0.0207165,0.0,0.0,0,0.0,0.0,0.0,0.0,0,0.0,0.0,0.086548,0.08074375,0,0.086548,0.08074375,0.0187,0.0179575,0,0.0187,0.0179575,229.229517,213.7485535,2,229.229517,213.7485535,0.0,0.0,0,0.0,0.0,3.93439,3.793317,3,3.93439,3.793317,0.980905,0.97394,1,0.980905,0.97394,20.409808,19.1796795,1,20.409808,19.1796795,1.179492,1.1768245,3,1.179492,1.1768245,100000,100000,0,100000,100000,25000,25000,0,25000,25000,25,25,0,25,25,1,1,0,1,1,200000,200000,0,200000,200000,204800000,204800000,0,204800000,204800000,204800000,204800000,0,204800000,204800000,0.261866,0.088198,0.03762,0.01125,0.01118,229.815198,0.020839,0.0,0.0,0.076449,0.01787,229.229517,0.0,3.841091,0.974145,17.583802,1.177652,100000,25000,25,1,200000,204800000,204800000,,,,,,,,,,,,8222,0,8222,32350.01332899782,0.0,32350.01332899782,32350.01332899782
tiledb,node,256,0,cold,overlap_clustered_runs_100_cross_rank_25,100000,cross_rank_25,clustered_runs_100,2048,4,247.7131549967453,2,True,1061974016,0,112,2,114,1061974016,0,8162,0,8162,1061974016,8162,0,1.184280776,400000,400000,100000,1.0,0.25,1.0,4,25000,25000,1.0,400,1952,2670282240,7259828224,,,,,,,,,62b7086c06814e91ec3a77b53ae2bc91d91f03a1f4c875fe2b09425a9d8e201a,100,488,100,4,0.298046,0.27685875,1,0.298046,0.27685875,0.090779,0.088864,3,0.090779,0.088864,0.039839,0.0380565,0,0.039839,0.0380565,0.01326,0.011752499999999999,0,0.01326,0.011752499999999999,0.01175,0.011265,0,0.01175,0.011265,223.444156,220.40165975,2,223.444156,220.40165975,0.02101,0.02059,0,0.02101,0.02059,0.0,0.0,0,0.0,0.0,0.0,0.0,0,0.0,0.0,0.089559,0.082249,0,0.089559,0.082249,0.01888,0.017942,0,0.01888,0.017942,222.967123,206.37642125,2,222.967123,206.37642125,0.0,0.0,0,0.0,0.0,3.757043,3.683316,3,3.757043,3.683316,0.989615,0.9797525,3,0.989615,0.9797525,22.465927,20.59911775,3,22.465927,20.59911775,1.177132,1.174622,1,1.177132,1.174622,100000,100000,0,100000,100000,25000,25000,0,25000,25000,25,25,0,25,25,1,1,0,1,1,200000,200000,0,200000,200000,204800000,204800000,0,204800000,204800000,204800000,204800000,0,204800000,204800000,0.287056,0.088479,0.037069,0.01159,0.01163,223.444156,0.02037,0.0,0.0,0.07760900000000001,0.017269,222.967123,0.0,3.634964,0.975215,17.69133,1.175722,100000,25000,25,1,200000,204800000,204800000,,,,,,,,,,,,8162,0,8162,32949.40068930631,0.0,32949.40068930631,32949.40068930631
tiledb,node,256,0,cold,overlap_clustered_runs_100_within_rank_25,100000,within_rank_25,clustered_runs_100,2048,0,250.91619591694325,0,True,1069322240,0,109,0,109,1069322240,0,8219,0,8219,1069322240,8219,0,1.190801155,400000,100000,100000,0.25,0.25,4.0,1,25000,25000,1.0,100,492,2670282240,7260618752,,,,,,,,,1a7341e1fb12073b6f4d534d9d1181af2fb5f2969ec7e239233887c24dd0025d,100,492,100,4,0.553152,0.33698775,0,0.553152,0.33698775,0.089629,0.087409,3,0.089629,0.087409,0.040679,0.0387215,0,0.040679,0.0387215,0.01441,0.0136225,0,0.01441,0.0136225,0.01185,0.0117125,2,0.01185,0.0117125,227.428275,225.6489145,2,227.428275,225.6489145,0.02185,0.0214025,2,0.02185,0.0214025,0.0,0.0,0,0.0,0.0,0.0,0.0,0,0.0,0.0,0.095529,0.0815515,0,0.095529,0.0815515,0.02034,0.0192195,0,0.02034,0.0192195,226.938982,211.53770975,2,226.938982,211.53770975,0.0,0.0,0,0.0,0.0,3.782242,3.69637825,2,3.782242,3.69637825,0.794928,0.7895855,3,0.794928,0.7895855,20.761423,18.569951250000003,3,20.761423,18.569951250000003,1.178712,1.176892,2,1.178712,1.176892,100000,100000,0,100000,100000,25000,25000,0,25000,25000,25,25,0,25,25,1,1,0,1,1,200000,200000,0,200000,200000,204800000,204800000,0,204800000,204800000,204800000,204800000,0,204800000,204800000,0.553152,0.086259,0.040679,0.01441,0.01182,226.525138,0.02099,0.0,0.0,0.095529,0.02034,196.335179,0.0,3.659204,0.786988,17.66259,1.176322,100000,25000,25,1,200000,204800000,204800000,,,,,,,,,,,,8219,0,8219,32755.956505576083,0.0,32755.956505576083,32755.956505576083
tiledb,node,256,0,cold,overlap_clustered_runs_100_within_rank_25,100000,within_rank_25,clustered_runs_100,2048,1,246.83499906677753,2,True,1068216320,0,111,2,113,1068216320,0,8209,0,8209,1068216320,8209,0,1.231839831,400000,100000,100000,0.25,0.25,4.0,1,25000,25000,1.0,100,491,2670282240,7260708864,,,,,,,,,4e9af92e727e080188c683f3999dedde6ee901ebe2223c853002da7f2c379057,100,491,100,4,0.296795,0.25362575,1,0.296795,0.25362575,0.090339,0.0872765,3,0.090339,0.0872765,0.038619,0.037749,2,0.038619,0.037749,0.01263,0.011205,0,0.01263,0.011205,0.01106,0.0105225,1,0.01106,0.0105225,223.473115,222.138305,2,223.473115,222.138305,0.021009,0.020764,0,0.021009,0.020764,0.0,0.0,0,0.0,0.0,0.0,0.0,0,0.0,0.0,0.085379,0.079314,0,0.085379,0.079314,0.01828,0.017857500000000002,0,0.01828,0.017857500000000002,222.896184,207.84367875,2,222.896184,207.84367875,0.0,0.0,0,0.0,0.0,3.826111,3.79356225,2,3.826111,3.79356225,0.793908,0.79066525,1,0.793908,0.79066525,19.274075,18.114870500000002,3,19.274075,18.114870500000002,1.178862,1.173567,3,1.178862,1.173567,100000,100000,0,100000,100000,25000,25000,0,25000,25000,25,25,0,25,25,1,1,0,1,1,200000,200000,0,200000,200000,204800000,204800000,0,204800000,204800000,204800000,204800000,0,204800000,204800000,0.234416,0.085949,0.038619,0.01099,0.01091,223.473115,0.020489,0.0,0.0,0.077239,0.01796,222.896184,0.0,3.826111,0.786698,16.832052,1.173772,100000,25000,25,1,200000,204800000,204800000,,,,,,,,,,,,8209,0,8209,33257.03417682343,0.0,33257.03417682343,33257.03417682343
tiledb,node,256,0,cold,overlap_clustered_runs_100_within_rank_25,100000,within_rank_25,clustered_runs_100,2048,2,250.33119495492429,2,True,1064005632,0,109,0,109,1064005632,0,8177,0,8177,1064005632,8177,0,1.234242713,400000,100000,100000,0.25,0.25,4.0,1,25000,25000,1.0,100,489,2670282240,7260798976,,,,,,,,,618d2664490a8ac1870afb9b9300e638c80761ae044b7bbbe302adb0330ef3da,100,489,100,4,0.277575,0.24491075,2,0.277575,0.24491075,0.102849,0.09164649999999999,0,0.102849,0.09164649999999999,0.038819,0.037789,2,0.038819,0.037789,0.01275,0.01133,0,0.01275,0.01133,0.01179,0.011045,1,0.01179,0.011045,227.006031,225.1022325,2,227.006031,225.1022325,0.02104,0.02074975,2,0.02104,0.02074975,0.0,0.0,0,0.0,0.0,0.0,0.0,0,0.0,0.0,0.086629,0.0787915,0,0.086629,0.0787915,0.0183,0.01797,0,0.0183,0.01797,226.45466,210.53616025,2,226.45466,210.53616025,0.0,0.0,0,0.0,0.0,3.789102,3.7219005000000003,3,3.789102,3.7219005000000003,0.791668,0.7902805,0,0.791668,0.7902805,19.832187,18.684827,0,19.832187,18.684827,1.180122,1.1787195,3,1.180122,1.1787195,100000,100000,0,100000,100000,25000,25000,0,25000,25000,25,25,0,25,25,1,1,0,1,1,200000,200000,0,200000,200000,204800000,204800000,0,204800000,204800000,204800000,204800000,0,204800000,204800000,0.277575,0.087659,0.038819,0.01002,0.0112,227.006031,0.02104,0.0,0.0,0.073789,0.01746,226.45466,0.0,3.701823,0.791228,16.885692,1.178672,100000,25000,25,1,200000,204800000,204800000,,,,,,,,,,,,8177,0,8177,32664.726429610124,0.0,32664.726429610124,32664.726429610124
tiledb,node,256,0,cold,overlap_clustered_runs_100_within_rank_25,100000,within_rank_25,clustered_runs_100,2048,3,248.7167090876028,2,True,1069809664,0,111,2,113,1069809664,0,8222,0,8222,1069809664,8222,0,1.2287713,400000,100000,100000,0.25,0.25,4.0,1,25000,25000,1.0,100,492,2670282240,7260884992,,,,,,,,,c431334b174e0b10e6781199628eb37bc918b0acdf21e1cd77217a06b3301cbc,100,492,100,4,0.312205,0.26287575,1,0.312205,0.26287575,0.095028,0.0929455,3,0.095028,0.0929455,0.03807,0.0373925,3,0.03807,0.0373925,0.01312,0.0118675,0,0.01312,0.0118675,0.011899,0.01098675,1,0.011899,0.01098675,225.463024,222.874522,2,225.463024,222.874522,0.02087,0.02069,3,0.02087,0.02069,0.0,0.0,0,0.0,0.0,0.0,0.0,0,0.0,0.0,0.083369,0.0791085,0,0.083369,0.0791085,0.018699,0.01822975,0,0.018699,0.01822975,224.996571,208.67037675,2,224.996571,208.67037675,0.0,0.0,0,0.0,0.0,3.706754,3.677694,2,3.706754,3.677694,0.865797,0.80736025,0,0.865797,0.80736025,21.899635,19.296035,0,21.899635,19.296035,1.180902,1.1747097499999999,3,1.180902,1.1747097499999999,100000,100000,0,100000,100000,25000,25000,0,25000,25000,25,25,0,25,25,1,1,0,1,1,200000,200000,0,200000,200000,204800000,204800000,0,204800000,204800000,204800000,204800000,0,204800000,204800000,0.253746,0.090858,0.03603,0.01198,0.00967,225.463024,0.02054,0.0,0.0,0.07929900000000001,0.01752,224.996571,0.0,3.706754,0.789488,16.822723,1.173872,100000,25000,25,1,200000,204800000,204800000,,,,,,,,,,,,8222,0,8222,33057.690535395646,0.0,33057.690535395646,33057.690535395646
tiledb,node,256,0,cold,overlap_clustered_runs_100_within_rank_25,100000,within_rank_25,clustered_runs_100,2048,4,249.50595700647682,2,True,1061974016,0,110,0,110,1061974016,0,8162,0,8162,1061974016,8162,0,1.2746892779999999,400000,100000,100000,0.25,0.25,4.0,1,25000,25000,1.0,100,488,2670282240,7260954624,,,,,,,,,62b7086c06814e91ec3a77b53ae2bc91d91f03a1f4c875fe2b09425a9d8e201a,100,488,100,4,0.287225,0.26048325,1,0.287225,0.26048325,0.090549,0.087574,3,0.090549,0.087574,0.038939,0.038014,0,0.038939,0.038014,0.01291,0.0112675,0,0.01291,0.0112675,0.01153,0.01119,0,0.01153,0.01119,226.160204,224.24766275,2,226.160204,224.24766275,0.020779,0.0205565,0,0.020779,0.0205565,0.0,0.0,0,0.0,0.0,0.0,0.0,0,0.0,0.0,0.084919,0.077759,0,0.084919,0.077759,0.01896,0.0177075,0,0.01896,0.0177075,225.615532,209.84270575,2,225.615532,209.84270575,0.0,0.0,0,0.0,0.0,3.765412,3.728093,2,3.765412,3.728093,0.794748,0.790598,1,0.794748,0.790598,19.882937,18.7024795,1,19.882937,18.7024795,1.175142,1.1738645,3,1.175142,1.1738645,100000,100000,0,100000,100000,25000,25000,0,25000,25000,25,25,0,25,25,1,1,0,1,1,200000,200000,0,200000,200000,204800000,204800000,0,204800000,204800000,204800000,204800000,0,204800000,204800000,0.267396,0.085979,0.038159,0.01106,0.01128,226.160204,0.020219,0.0,0.0,0.074559,0.01723,225.615532,0.0,3.765412,0.789668,16.856323,1.173222,100000,25000,25,1,200000,204800000,204800000,,,,,,,,,,,,8162,0,8162,32712.645813855765,0.0,32712.645813855765,32712.645813855765
tiledb,node,256,0,warm,overlap_clustered_runs_10_cross_rank_25,100000,cross_rank_25,clustered_runs_10,2048,0,100.75712006073445,2,True,0,0,28,0,28,0,0,0,0,0,0,0,0,1.08756087,400000,400000,100000,1.0,0.25,1.0,4,25000,25000,1.0,40,1612,2670282240,7260979200,,,,,,,,,06515cd658be08d88e7d3e9ba7197f2bac224210af08eb4eb4d14a4eb4dea90a,10,403,10,4,0.260806,0.24523425,3,0.260806,0.24523425,0.089539,0.08839375,1,0.089539,0.08839375,0.03913,0.03879,1,0.03913,0.03879,0.013589,0.012624,2,0.013589,0.012624,0.01219,0.01155,2,0.01219,0.01155,76.067558,69.64273825000001,2,76.067558,69.64273825000001,0.02213,0.0218375,1,0.02213,0.0218375,0.0,0.0,0,0.0,0.0,0.0,0.0,0,0.0,0.0,0.089738,0.08265075,1,0.089738,0.08265075,0.01576,0.01450725,1,0.01576,0.01450725,75.647644,54.9749875,2,75.647644,54.9749875,0.0,0.0,0,0.0,0.0,3.649525,3.63675975,0,3.649525,3.63675975,0.981875,0.9728075,0,0.981875,0.9728075,28.976277,24.485801,0,28.976277,24.485801,1.183972,1.177627,2,1.183972,1.177627,100000,100000,0,100000,100000,25000,25000,0,25000,25000,3,2.5,0,3,2.5,1,1,0,1,1,200000,200000,0,200000,200000,204800000,204800000,0,204800000,204800000,204800000,204800000,0,204800000,204800000,0.237027,0.088659,0.03876,0.013589,0.01219,76.067558,0.02179,0.0,0.0,0.08535799999999999,0.01445,75.647644,0.0,3.631984,0.970455,18.133373,1.183972,100000,25000,2,1,200000,204800000,204800000,,,,,,,,,,,,0,0,0,0.0,0.0,0.0,0.0
tiledb,node,256,0,warm,overlap_clustered_runs_10_cross_rank_25,100000,cross_rank_25,clustered_runs_10,2048,1,100.67554097622633,2,True,0,0,28,0,28,0,0,0,0,0,0,0,0,1.074110098,400000,400000,100000,1.0,0.25,1.0,4,25000,25000,1.0,40,1608,2670282240,7260999680,,,,,,,,,c4a9bdb6b29370f3c20a2b88174636e3da01163f290b1a479e0eff071a9cc3d5,10,402,10,4,0.287926,0.24963175,0,0.287926,0.24963175,0.087509,0.086969,3,0.087509,0.086969,0.039499,0.037284,0,0.039499,0.037284,0.01228,0.011637499999999999,0,0.01228,0.011637499999999999,0.01123,0.0108825,1,0.01123,0.0108825,76.007979,68.34760825000001,2,76.007979,68.34760825000001,0.02094,0.020812499999999998,3,0.02094,0.020812499999999998,0.0,0.0,0,0.0,0.0,0.0,0.0,0,0.0,0.0,0.080208,0.07735875,1,0.080208,0.07735875,0.01408,0.01382425,1,0.01408,0.01382425,75.519726,53.7020545,2,75.519726,53.7020545,0.0,0.0,0,0.0,0.0,3.634474,3.6315895,2,3.634474,3.6315895,0.981165,0.97134025,2,0.981165,0.97134025,33.601567,25.71204975,0,33.601567,25.71204975,1.180182,1.1716395,2,1.180182,1.1716395,100000,100000,0,100000,100000,25000,25000,0,25000,25000,3,2.5,0,3,2.5,1,1,0,1,1,200000,200000,0,200000,200000,204800000,204800000,0,204800000,204800000,204800000,204800000,0,204800000,204800000,0.227827,0.086049,0.036419,0.01194,0.01077,76.007979,0.02073,0.0,0.0,0.076809,0.013939,75.519726,0.0,3.634474,0.981165,18.141353,1.180182,100000,25000,2,1,200000,204800000,204800000,,,,,,,,,,,,0,0,0,0.0,0.0,0.0,0.0
tiledb,node,256,0,warm,overlap_clustered_runs_10_cross_rank_25,100000,cross_rank_25,clustered_runs_10,2048,2,99.56886805593967,2,True,0,0,30,2,32,0,0,0,0,0,0,0,0,1.0680409849999999,400000,400000,100000,1.0,0.25,1.0,4,25000,25000,1.0,40,1604,2670282240,7261024256,,,,,,,,,9b8d000a2d371ea934f56b4b32da6a64c4ab410445bbf1d1b3719ca99c66d8bf,10,401,10,4,0.282276,0.25669625,3,0.282276,0.25669625,0.088089,0.087144,3,0.088089,0.087144,0.038099,0.0373165,2,0.038099,0.0373165,0.01175,0.01116,2,0.01175,0.01116,0.01116,0.0109575,2,0.01116,0.0109575,75.014324,69.00266549999999,2,75.014324,69.00266549999999,0.02091,0.0205975,0,0.02091,0.0205975,0.0,0.0,0,0.0,0.0,0.0,0.0,0,0.0,0.0,0.090669,0.0834115,1,0.090669,0.0834115,0.0147,0.01390475,2,0.0147,0.01390475,74.536661,54.218294,2,74.536661,54.218294,0.0,0.0,0,0.0,0.0,3.719073,3.6780215,2,3.719073,3.6780215,0.969035,0.96722,1,0.969035,0.96722,30.574333,23.93281175,0,30.574333,23.93281175,1.178842,1.1643925,2,1.178842,1.1643925,100000,100000,0,100000,100000,25000,25000,0,25000,25000,3,2.5,0,3,2.5,1,1,0,1,1,200000,200000,0,200000,200000,204800000,204800000,0,204800000,204800000,204800000,204800000,0,204800000,204800000,0.239106,0.086919,0.038099,0.01175,0.01116,75.014324,0.02037,0.0,0.0,0.082139,0.0147,74.536661,0.0,3.719073,0.967525,17.948206,1.178842,100000,25000,2,1,200000,204800000,204800000,,,,,,,,,,,,0,0,0,0.0,0.0,0.0,0.0
tiledb,node,256,0,warm,overlap_clustered_runs_10_cross_rank_25,100000,cross_rank_25,clustered_runs_10,2048,3,104.89415691699833,2,True,0,0,28,0,28,0,0,0,0,0,0,0,0,1.09938872,400000,400000,100000,1.0,0.25,1.0,4,25000,25000,1.0,40,1604,2670282240,7261048832,,,,,,,,,ab433b66c347b17f84e6d73a175da384dcf266e6a028195ce7972f63016af071,10,401,10,4,0.283506,0.26033375000000003,0,0.283506,0.26033375000000003,0.087798,0.087273,2,0.087798,0.087273,0.03863,0.037925,0,0.03863,0.037925,0.01125,0.0109725,1,0.01125,0.0109725,0.011539,0.0111615,3,0.011539,0.0111615,80.257814,70.71057725,2,80.257814,70.71057725,0.02079,0.0205825,1,0.02079,0.0205825,0.0,0.0,0,0.0,0.0,0.0,0.0,0,0.0,0.0,0.082038,0.077081,1,0.082038,0.077081,0.01442,0.013420000000000001,1,0.01442,0.013420000000000001,79.80882,56.409503,2,79.80882,56.409503,0.0,0.0,0,0.0,0.0,3.652825,3.63983975,0,3.652825,3.63983975,1.001965,0.978075,1,1.001965,0.978075,36.098438,27.516392,0,36.098438,27.516392,1.185891,1.1681695,2,1.185891,1.1681695,100000,100000,0,100000,100000,25000,25000,0,25000,25000,3,2.5,0,3,2.5,1,1,0,1,1,200000,200000,0,200000,200000,204800000,204800000,0,204800000,204800000,204800000,204800000,0,204800000,204800000,0.270386,0.087798,0.03772,0.01109,0.011359,80.257814,0.02057,0.0,0.0,0.073169,0.01349,79.80882,0.0,3.629375,0.968195,18.084874,1.185891,100000,25000,2,1,200000,204800000,204800000,,,,,,,,,,,,0,0,0,0.0,0.0,0.0,0.0
tiledb,node,256,0,warm,overlap_clustered_runs_10_cross_rank_25,100000,cross_rank_25,clustered_runs_10,2048,4,99.85940298065543,2,True,0,0,28,0,28,0,0,0,0,0,0,0,0,1.080048948,400000,400000,100000,1.0,0.25,1.0,4,25000,25000,1.0,40,1608,2670282240,7261081600,,,,,,,,,9893bfa0df948d445bbec04d0a96bea1e28ba260f5d6e19c7064ab9943885cfe,10,402,10,4,0.298515,0.2668985,0,0.298515,0.2668985,0.088948,0.0879955,3,0.088948,0.0879955,0.03814,0.03722,0,0.03814,0.03722,0.01159,0.011065,1,0.01159,0.011065,0.01183,0.01155975,3,0.01183,0.01155975,75.20951,68.0243925,2,75.20951,68.0243925,0.020859,0.02073925,3,0.020859,0.02073925,0.0,0.0,0,0.0,0.0,0.0,0.0,0,0.0,0.0,0.084688,0.07519875000000001,1,0.084688,0.07519875000000001,0.01414,0.013595,1,0.01414,0.013595,74.753027,53.263365750000006,2,74.753027,53.263365750000006,0.0,0.0,0,0.0,0.0,3.665035,3.64772225,1,3.665035,3.64772225,0.971705,0.97000525,3,0.971705,0.97000525,31.42961,25.1901775,0,31.42961,25.1901775,1.184172,1.171307,2,1.184172,1.171307,100000,100000,0,100000,100000,25000,25000,0,25000,25000,3,2.5,0,3,2.5,1,1,0,1,1,200000,200000,0,200000,200000,204800000,204800000,0,204800000,204800000,204800000,204800000,0,204800000,204800000,0.269806,0.087198,0.03705,0.0105,0.01179,75.20951,0.020789,0.0,0.0,0.067909,0.01331,74.753027,0.0,3.641535,0.971016,18.092333,1.184172,100000,25000,2,1,200000,204800000,204800000,,,,,,,,,,,,0,0,0,0.0,0.0,0.0,0.0
tiledb,node,256,0,warm,overlap_clustered_runs_10_within_rank_25,100000,within_rank_25,clustered_runs_10,2048,0,104.74522889126092,1,True,0,0,28,0,28,0,0,0,0,0,0,0,0,1.091003999,400000,100000,100000,0.25,0.25,4.0,1,25000,25000,1.0,13,406,2670282240,7261696000,,,,,,,,,06515cd658be08d88e7d3e9ba7197f2bac224210af08eb4eb4d14a4eb4dea90a,10,403,10,4,0.624311,0.513545,3,0.624311,0.513545,0.087519,0.086191,1,0.087519,0.086191,0.03853,0.037645,0,0.03853,0.037645,0.013569,0.0129345,1,0.013569,0.0129345,0.011629,0.011162,0,0.011629,0.011162,77.343179,69.69843525,2,77.343179,69.69843525,0.02309,0.02243,1,0.02309,0.02243,0.0,0.0,0,0.0,0.0,0.0,0.0,0,0.0,0.0,0.100378,0.08823375,1,0.100378,0.08823375,0.01676,0.01556675,1,0.01676,0.01556675,76.904595,54.43702825,2,76.904595,54.43702825,0.0,0.0,0,0.0,0.0,3.650214,3.63647475,2,3.650214,3.63647475,0.788448,0.78757275,1,0.788448,0.78757275,30.869098,25.82317025,1,30.869098,25.82317025,1.178002,1.16553475,0,1.178002,1.16553475,100000,100000,0,100000,100000,25000,25000,0,25000,25000,3,2.5,0,3,2.5,1,1,0,1,1,200000,200000,0,200000,200000,204800000,204800000,0,204800000,204800000,204800000,204800000,0,204800000,204800000,0.618271,0.087519,0.03762,0.013569,0.01151,67.149224,0.02309,0.0,0.0,0.100378,0.01676,35.723184,0.0,3.633565,0.788448,30.869098,1.172582,100000,25000,3,1,200000,204800000,204800000,,,,,,,,,,,,0,0,0,0.0,0.0,0.0,0.0
tiledb,node,256,0,warm,overlap_clustered_runs_10_within_rank_25,100000,within_rank_25,clustered_runs_10,2048,1,105.12942296918482,1,True,0,0,28,0,28,0,0,0,0,0,0,0,0,1.076348251,400000,100000,100000,0.25,0.25,4.0,1,25000,25000,1.0,13,405,2670282240,7261745152,,,,,,,,,c4a9bdb6b29370f3c20a2b88174636e3da01163f290b1a479e0eff071a9cc3d5,10,402,10,4,0.284075,0.24858825,0,0.284075,0.24858825,0.086709,0.08620649999999999,3,0.086709,0.08620649999999999,0.038669,0.037831500000000004,0,0.038669,0.037831500000000004,0.01214,0.011075,1,0.01214,0.011075,0.01136,0.0111425,3,0.01136,0.0111425,74.806717,68.42149175,2,74.806717,68.42149175,0.020889,0.020682,3,0.020889,0.020682,0.0,0.0,0,0.0,0.0,0.0,0.0,0,0.0,0.0,0.08315900000000001,0.077154,1,0.08315900000000001,0.077154,0.01468,0.014045,1,0.01468,0.014045,74.330134,53.97200525,2,74.330134,53.97200525,0.0,0.0,0,0.0,0.0,3.651504,3.639822,3,3.651504,3.639822,0.790638,0.7868355,3,0.790638,0.7868355,31.088815,26.66218025,1,31.088815,26.66218025,1.181642,1.1674445,0,1.181642,1.1674445,100000,100000,0,100000,100000,25000,25000,0,25000,25000,3,2.5,0,3,2.5,1,1,0,1,1,200000,200000,0,200000,200000,204800000,204800000,0,204800000,204800000,204800000,204800000,0,204800000,204800000,0.232526,0.086539,0.037309,0.01214,0.01103,67.711155,0.020619,0.0,0.0,0.08315900000000001,0.01468,38.992784,0.0,3.634815,0.783728,31.088815,1.175352,100000,25000,3,1,200000,204800000,204800000,,,,,,,,,,,,0,0,0,0.0,0.0,0.0,0.0
tiledb,node,256,0,warm,overlap_clustered_runs_10_within_rank_25,100000,within_rank_25,clustered_runs_10,2048,2,101.59166797529906,1,True,0,0,28,0,28,0,0,0,0,0,0,0,0,1.063040959,400000,100000,100000,0.25,0.25,4.0,1,25000,25000,1.0,13,404,2670282240,7261818880,,,,,,,,,9b8d000a2d371ea934f56b4b32da6a64c4ab410445bbf1d1b3719ca99c66d8bf,10,401,10,4,0.284445,0.25158075,0,0.284445,0.25158075,0.087308,0.08622375,1,0.087308,0.08622375,0.038689,0.03753175,0,0.038689,0.03753175,0.01216,0.01126,2,0.01216,0.01126,0.01128,0.010725,3,0.01128,0.010725,74.709098,66.87094775,2,74.709098,66.87094775,0.020889,0.020759,2,0.020889,0.020759,0.0,0.0,0,0.0,0.0,0.0,0.0,0,0.0,0.0,0.084289,0.07843900000000001,1,0.084289,0.07843900000000001,0.01421,0.013774999999999999,1,0.01421,0.013774999999999999,74.251705,52.24484375,2,74.251705,52.24484375,0.0,0.0,0,0.0,0.0,3.93744,3.7322077499999997,2,3.93744,3.7322077499999997,0.799348,0.7922555,1,0.799348,0.7922555,35.299421,25.927334000000002,1,35.299421,25.927334000000002,1.181182,1.1666045,0,1.181182,1.1666045,100000,100000,0,100000,100000,25000,25000,0,25000,25000,3,2.5,0,3,2.5,1,1,0,1,1,200000,200000,0,200000,200000,204800000,204800000,0,204800000,204800000,204800000,204800000,0,204800000,204800000,0.244286,0.087308,0.03679,0.01127,0.01116,59.908484,0.020649,0.0,0.0,0.084289,0.01421,30.318606,0.0,3.656764,0.799348,35.299421,1.175532,100000,25000,3,1,200000,204800000,204800000,,,,,,,,,,,,0,0,0,0.0,0.0,0.0,0.0
tiledb,node,256,0,warm,overlap_clustered_runs_10_within_rank_25,100000,within_rank_25,clustered_runs_10,2048,3,105.2296319976449,1,True,0,0,28,0,28,0,0,0,0,0,0,0,0,1.069695468,400000,100000,100000,0.25,0.25,4.0,1,25000,25000,1.0,13,404,2670282240,7261868032,,,,,,,,,ab433b66c347b17f84e6d73a175da384dcf266e6a028195ce7972f63016af071,10,401,10,4,0.314745,0.2713235,3,0.314745,0.2713235,0.086119,0.0857385,1,0.086119,0.0857385,0.03841,0.038095,0,0.03841,0.038095,0.012589,0.011397000000000001,1,0.012589,0.011397000000000001,0.01135,0.011164750000000001,1,0.01135,0.011164750000000001,76.528151,69.905067,2,76.528151,69.905067,0.02075,0.0205925,0,0.02075,0.0205925,0.0,0.0,0,0.0,0.0,0.0,0.0,0,0.0,0.0,0.083539,0.07626575,1,0.083539,0.07626575,0.01483,0.01399225,2,0.01483,0.01399225,76.077628,54.658985,2,76.077628,54.658985,0.0,0.0,0,0.0,0.0,3.662824,3.64083675,0,3.662824,3.64083675,0.790618,0.787413,1,0.790618,0.787413,32.409035,25.663548000000002,1,32.409035,25.663548000000002,1.183242,1.16617225,0,1.183242,1.16617225,100000,100000,0,100000,100000,25000,25000,0,25000,25000,3,2.5,0,3,2.5,1,1,0,1,1,200000,200000,0,200000,200000,204800000,204800000,0,204800000,204800000,204800000,204800000,0,204800000,204800000,0.234477,0.086119,0.0383,0.012589,0.01135,66.478894,0.02062,0.0,0.0,0.083539,0.014049,34.885407,0.0,3.631405,0.790618,32.409035,1.179712,100000,25000,3,1,200000,204800000,204800000,,,,,,,,,,,,0,0,0,0.0,0.0,0.0,0.0
tiledb,node,256,0,warm,overlap_clustered_runs_10_within_rank_25,100000,within_rank_25,clustered_runs_10,2048,4,103.93208195455372,1,True,0,0,30,2,32,0,0,0,0,0,0,0,0,1.081510354,400000,100000,100000,0.25,0.25,4.0,1,25000,25000,1.0,13,405,2670282240,7261941760,,,,,,,,,9893bfa0df948d445bbec04d0a96bea1e28ba260f5d6e19c7064ab9943885cfe,10,402,10,4,0.302546,0.2679265,3,0.302546,0.2679265,0.085449,0.08476625,3,0.085449,0.08476625,0.038059,0.03732725,3,0.038059,0.03732725,0.012629,0.01103175,2,0.012629,0.01103175,0.01104,0.010055,0,0.01104,0.010055,74.00249,68.108637,2,74.00249,68.108637,0.02637,0.0250675,2,0.02637,0.0250675,0.0,0.0,0,0.0,0.0,0.0,0.0,0,0.0,0.0,0.082019,0.07589325,1,0.082019,0.07589325,0.013839,0.01317975,1,0.013839,0.01317975,73.551616,53.0148375,2,73.551616,53.0148375,0.0,0.0,0,0.0,0.0,3.658374,3.6424944999999997,2,3.658374,3.6424944999999997,0.791378,0.7892155000000001,3,0.791378,0.7892155000000001,31.005136,25.9131315,1,31.005136,25.9131315,1.179202,1.166047,1,1.179202,1.166047,100000,100000,0,100000,100000,25000,25000,0,25000,25000,3,2.5,0,3,2.5,1,1,0,1,1,200000,200000,0,200000,200000,204800000,204800000,0,204800000,204800000,204800000,204800000,0,204800000,204800000,0.246617,0.084809,0.03599,0.011639,0.00922,66.582863,0.02448,0.0,0.0,0.082019,0.013839,35.959491,0.0,3.635244,0.790138,31.005136,1.179202,100000,25000,3,1,200000,204800000,204800000,,,,,,,,,,,,0,0,0,0.0,0.0,0.0,0.0
tiledb,node,256,0,warm,overlap_clustered_runs_40_cross_rank_25,100000,cross_rank_25,clustered_runs_40,2048,0,89.04617896769196,3,True,0,0,48,0,48,0,0,0,0,0,0,0,0,1.244771666,400000,400000,100000,1.0,0.25,1.0,4,25000,25000,1.0,160,1716,2670282240,7262076928,,,,,,,,,bee75faa87e67be1f8773a3b91bca0359f7c2ca546d099257ab6611a547e69b1,40,429,40,4,0.236196,0.2349435,0,0.236196,0.2349435,0.090089,0.0885515,2,0.090089,0.0885515,0.039329,0.0386865,2,0.039329,0.0386865,0.01316,0.0127875,2,0.01316,0.0127875,0.01202,0.0112175,2,0.01202,0.0112175,64.697961,62.815145,3,64.697961,62.815145,0.022019,0.021906500000000002,0,0.022019,0.021906500000000002,0.0,0.0,0,0.0,0.0,0.0,0.0,0,0.0,0.0,0.094719,0.092471,1,0.094719,0.092471,0.01878,0.018377,0,0.01878,0.018377,64.284398,48.876135999999995,3,64.284398,48.876135999999995,0.0,0.0,0,0.0,0.0,3.770242,3.68305825,3,3.770242,3.68305825,0.974975,0.96858025,0,0.974975,0.96858025,23.705197,19.50546675,0,23.705197,19.50546675,1.181922,1.1787695,0,1.181922,1.1787695,100000,100000,0,100000,100000,25000,25000,0,25000,25000,10,10,0,10,10,1,1,0,1,1,200000,200000,0,200000,200000,204800000,204800000,0,204800000,204800000,204800000,204800000,0,204800000,204800000,0.234366,0.089239,0.038139,0.01291,0.01178,64.697961,0.021919,0.0,0.0,0.090078,0.01782,64.284398,0.0,3.770242,0.964146,17.66312,1.179652,100000,25000,10,1,200000,204800000,204800000,,,,,,,,,,,,0,0,0,0.0,0.0,0.0,0.0
tiledb,node,256,0,warm,overlap_clustered_runs_40_cross_rank_25,100000,cross_rank_25,clustered_runs_40,2048,1,89.57225095946342,1,True,0,0,48,0,48,0,0,0,0,0,0,0,0,1.292343609,400000,400000,100000,1.0,0.25,1.0,4,25000,25000,1.0,160,1712,2670282240,7262158848,,,,,,,,,feda3e29af8130d212fb1b5a9444586694cc88c14a72a273e53a8905fb9e1a67,40,428,40,4,0.287836,0.260039,3,0.287836,0.260039,0.088019,0.0873265,1,0.088019,0.0873265,0.038509,0.0373815,0,0.038509,0.0373815,0.01406,0.0129725,0,0.01406,0.0129725,0.01132,0.010585,3,0.01132,0.010585,65.498189,62.58665875,1,65.498189,62.58665875,0.02098,0.020652499999999997,1,0.02098,0.020652499999999997,0.0,0.0,0,0.0,0.0,0.0,0.0,0,0.0,0.0,0.081789,0.077334,1,0.081789,0.077334,0.016329,0.015772,2,0.016329,0.015772,63.174665,49.1628365,2,63.174665,49.1628365,0.0,0.0,0,0.0,0.0,3.743612,3.6885932500000003,3,3.743612,3.6885932500000003,0.977145,0.97021325,0,0.977145,0.97021325,25.064137,20.294649749999998,0,25.064137,20.294649749999998,1.178702,1.1736645,0,1.178702,1.1736645,100000,100000,0,100000,100000,25000,25000,0,25000,25000,10,10,0,10,10,1,1,0,1,1,200000,200000,0,200000,200000,204800000,204800000,0,204800000,204800000,204800000,204800000,0,204800000,204800000,0.245677,0.088019,0.038099,0.0125,0.0113,65.498189,0.02098,0.0,0.0,0.081789,0.01571,38.766198,0.0,3.644814,0.971606,17.522462,1.177062,100000,25000,10,1,200000,204800000,204800000,,,,,,,,,,,,0,0,0,0.0,0.0,0.0,0.0
tiledb,node,256,0,warm,overlap_clustered_runs_40_cross_rank_25,100000,cross_rank_25,clustered_runs_40,2048,2,89.27914500236511,2,True,0,0,50,2,52,0,0,0,0,0,0,0,0,1.321124528,400000,400000,100000,1.0,0.25,1.0,4,25000,25000,1.0,160,1720,2670282240,7262224384,,,,,,,,,9908655c3e0c4f575e26e5181051499771dd5d741c0bc4da7c09c5886d9f776f,40,430,40,4,0.281816,0.25104150000000003,3,0.281816,0.25104150000000003,0.087969,0.0871865,3,0.087969,0.0871865,0.038599,0.0373615,0,0.038599,0.0373615,0.01239,0.0119,1,0.01239,0.0119,0.01164,0.0109275,3,0.01164,0.0109275,65.080006,62.6828175,2,65.080006,62.6828175,0.02091,0.020635,2,0.02091,0.020635,0.0,0.0,0,0.0,0.0,0.0,0.0,0,0.0,0.0,0.08433900000000001,0.07908175,0,0.08433900000000001,0.07908175,0.016459,0.015252,1,0.016459,0.015252,64.622773,49.27361475,2,64.622773,49.27361475,0.0,0.0,0,0.0,0.0,3.663053,3.65057625,2,3.663053,3.65057625,0.980935,0.97388275,2,0.980935,0.97388275,23.665328,19.96712725,0,23.665328,19.96712725,1.172892,1.17173975,3,1.172892,1.17173975,100000,100000,0,100000,100000,25000,25000,0,25000,25000,10,10,0,10,10,1,1,0,1,1,200000,200000,0,200000,200000,204800000,204800000,0,204800000,204800000,204800000,204800000,0,204800000,204800000,0.232156,0.087439,0.037569,0.01141,0.01129,65.080006,0.02091,0.0,0.0,0.083179,0.01485,64.622773,0.0,3.663053,0.980935,17.63361,1.172372,100000,25000,10,1,200000,204800000,204800000,,,,,,,,,,,,0,0,0,0.0,0.0,0.0,0.0
tiledb,node,256,0,warm,overlap_clustered_runs_40_cross_rank_25,100000,cross_rank_25,clustered_runs_40,2048,3,88.51233799941838,3,True,0,0,48,0,48,0,0,0,0,0,0,0,0,1.292216964,400000,400000,100000,1.0,0.25,1.0,4,25000,25000,1.0,160,1720,2670282240,7262257152,,,,,,,,,3ef88a05032ac7d8f932159c91871ccf138153c97090ef9c6bfabec2aa14f642,40,430,40,4,0.296755,0.25069075,0,0.296755,0.25069075,0.088499,0.087614,2,0.088499,0.087614,0.037939,0.037494,2,0.037939,0.037494,0.01213,0.0117675,2,0.01213,0.0117675,0.01119,0.010935,1,0.01119,0.010935,64.376206,62.57604825,3,64.376206,62.57604825,0.020909,0.020646499999999998,3,0.020909,0.020646499999999998,0.0,0.0,0,0.0,0.0,0.0,0.0,0,0.0,0.0,0.082499,0.08026900000000001,1,0.082499,0.08026900000000001,0.01763,0.0161425,1,0.01763,0.0161425,63.980642,50.161190500000004,3,63.980642,50.161190500000004,0.0,0.0,0,0.0,0.0,3.964899,3.745633,1,3.964899,3.745633,0.986275,0.9716525,1,0.986275,0.9716525,22.657514,19.17149475,0,22.657514,19.17149475,1.180242,1.1752544999999999,3,1.180242,1.1752544999999999,100000,100000,0,100000,100000,25000,25000,0,25000,25000,10,10,0,10,10,1,1,0,1,1,200000,200000,0,200000,200000,204800000,204800000,0,204800000,204800000,204800000,204800000,0,204800000,204800000,0.237706,0.087769,0.037109,0.01199,0.01116,64.376206,0.020909,0.0,0.0,0.077159,0.01558,63.980642,0.0,3.679724,0.966145,17.570962,1.180242,100000,25000,10,1,200000,204800000,204800000,,,,,,,,,,,,0,0,0,0.0,0.0,0.0,0.0
tiledb,node,256,0,warm,overlap_clustered_runs_40_cross_rank_25,100000,cross_rank_25,clustered_runs_40,2048,4,86.9902609847486,2,True,0,0,48,0,48,0,0,0,0,0,0,0,0,1.2440809910000001,400000,400000,100000,1.0,0.25,1.0,4,25000,25000,1.0,160,1724,2670282240,7262302208,,,,,,,,,be2531b0b90632b33d29c1658aa560d2ecab05e5948896fca9e514eb0029ba8a,40,431,40,4,0.300725,0.262233,1,0.300725,0.262233,0.088059,0.0870865,2,0.088059,0.0870865,0.043879,0.041849,0,0.043879,0.041849,0.01179,0.011009999999999999,0,0.01179,0.011009999999999999,0.0114,0.011192500000000001,3,0.0114,0.011192500000000001,62.77987,59.53739225,2,62.77987,59.53739225,0.020819,0.0205015,2,0.020819,0.0205015,0.0,0.0,0,0.0,0.0,0.0,0.0,0,0.0,0.0,0.08099899999999999,0.07602149999999999,0,0.08099899999999999,0.07602149999999999,0.01664,0.015985,0,0.01664,0.015985,62.329087,47.66360375,2,62.329087,47.66360375,0.0,0.0,0,0.0,0.0,3.710103,3.67793875,0,3.710103,3.67793875,0.980255,0.97157525,3,0.980255,0.97157525,26.105941,20.82506925,1,26.105941,20.82506925,1.180632,1.1746545,3,1.180632,1.1746545,100000,100000,0,100000,100000,25000,25000,0,25000,25000,10,10,0,10,10,1,1,0,1,1,200000,200000,0,200000,200000,204800000,204800000,0,204800000,204800000,204800000,204800000,0,204800000,204800000,0.227096,0.088059,0.041369,0.01125,0.01131,62.77987,0.020819,0.0,0.0,0.076729,0.01488,62.329087,0.0,3.691744,0.965815,17.638101,1.176262,100000,25000,10,1,200000,204800000,204800000,,,,,,,,,,,,0,0,0,0.0,0.0,0.0,0.0
tiledb,node,256,0,warm,overlap_clustered_runs_40_within_rank_25,100000,within_rank_25,clustered_runs_40,2048,0,89.28112604189664,1,True,0,0,50,2,52,0,0,0,0,0,0,0,0,1.223160445,400000,100000,100000,0.25,0.25,4.0,1,25000,25000,1.0,40,429,2670282240,7262867456,,,,,,,,,bee75faa87e67be1f8773a3b91bca0359f7c2ca546d099257ab6611a547e69b1,40,429,40,4,0.638291,0.62314775,0,0.638291,0.62314775,0.087339,0.0863715,3,0.087339,0.0863715,0.039949,0.0389515,0,0.039949,0.0389515,0.01379,0.01298,1,0.01379,0.01298,0.0117,0.011485,0,0.0117,0.011485,63.738696,62.803602749999996,3,63.738696,62.803602749999996,0.0222,0.021714999999999998,0,0.0222,0.021714999999999998,0.0,0.0,0,0.0,0.0,0.0,0.0,0,0.0,0.0,0.09196900000000001,0.086529,1,0.09196900000000001,0.086529,0.01832,0.01783,2,0.01832,0.01783,61.853365,43.09397625,2,61.853365,43.09397625,0.0,0.0,0,0.0,0.0,3.826511,3.75205775,3,3.826511,3.75205775,0.791188,0.78877025,2,0.791188,0.78877025,19.724308,19.24175075,2,19.724308,19.24175075,1.187042,1.1780895,1,1.187042,1.1780895,100000,100000,0,100000,100000,25000,25000,0,25000,25000,10,10,0,10,10,1,1,0,1,1,200000,200000,0,200000,200000,204800000,204800000,0,204800000,204800000,204800000,204800000,0,204800000,204800000,0.62179,0.087019,0.038519,0.01379,0.01152,62.78651,0.02191,0.0,0.0,0.09196900000000001,0.0176,35.869162,0.0,3.690324,0.788698,19.685759,1.187042,100000,25000,10,1,200000,204800000,204800000,,,,,,,,,,,,0,0,0,0.0,0.0,0.0,0.0
tiledb,node,256,0,warm,overlap_clustered_runs_40_within_rank_25,100000,within_rank_25,clustered_runs_40,2048,1,89.09957890864462,2,True,0,0,48,0,48,0,0,0,0,0,0,0,0,1.201521261,400000,100000,100000,0.25,0.25,4.0,1,25000,25000,1.0,40,428,2670282240,7262900224,,,,,,,,,feda3e29af8130d212fb1b5a9444586694cc88c14a72a273e53a8905fb9e1a67,40,428,40,4,0.276975,0.25195325,0,0.276975,0.25195325,0.086529,0.0856115,3,0.086529,0.0856115,0.039439,0.0379365,0,0.039439,0.0379365,0.01275,0.0117775,1,0.01275,0.0117775,0.01131,0.010597500000000001,1,0.01131,0.010597500000000001,63.238844,61.91982125,2,63.238844,61.91982125,0.02089,0.020621999999999998,2,0.02089,0.020621999999999998,0.0,0.0,0,0.0,0.0,0.0,0.0,0,0.0,0.0,0.083149,0.0800865,1,0.083149,0.0800865,0.01623,0.0158875,1,0.01623,0.0158875,62.700272,42.228037,2,62.700272,42.228037,0.0,0.0,0,0.0,0.0,3.821762,3.766445,0,3.821762,3.766445,0.792578,0.790058,0,0.792578,0.790058,22.085732,20.3135595,0,22.085732,20.3135595,1.182082,1.17779225,3,1.182082,1.17779225,100000,100000,0,100000,100000,25000,25000,0,25000,25000,10,10,0,10,10,1,1,0,1,1,200000,200000,0,200000,200000,204800000,204800000,0,204800000,204800000,204800000,204800000,0,204800000,204800000,0.232896,0.084949,0.037269,0.01217,0.00922,63.238844,0.02089,0.0,0.0,0.081599,0.01613,62.700272,0.0,3.771752,0.791088,19.368714,1.181252,100000,25000,10,1,200000,204800000,204800000,,,,,,,,,,,,0,0,0,0.0,0.0,0.0,0.0
tiledb,node,256,0,warm,overlap_clustered_runs_40_within_rank_25,100000,within_rank_25,clustered_runs_40,2048,2,88.87156203854829,2,True,0,0,48,0,48,0,0,0,0,0,0,0,0,1.231835469,400000,100000,100000,0.25,0.25,4.0,1,25000,25000,1.0,40,430,2670282240,7262957568,,,,,,,,,9908655c3e0c4f575e26e5181051499771dd5d741c0bc4da7c09c5886d9f776f,40,430,40,4,0.295586,0.254029,0,0.295586,0.254029,0.087798,0.08600574999999999,3,0.087798,0.08600574999999999,0.03892,0.038295,1,0.03892,0.038295,0.012589,0.01148925,2,0.012589,0.01148925,0.01182,0.011197249999999999,3,0.01182,0.011197249999999999,63.981223,61.80811825,3,63.981223,61.80811825,0.021,0.0206175,1,0.021,0.0206175,0.0,0.0,0,0.0,0.0,0.0,0.0,0,0.0,0.0,0.08416900000000001,0.079756,1,0.08416900000000001,0.079756,0.01612,0.0158295,0,0.01612,0.0158295,62.422216,42.38436,2,62.422216,42.38436,0.0,0.0,0,0.0,0.0,3.745333,3.68253375,2,3.745333,3.68253375,0.792388,0.789273,3,0.792388,0.789273,23.962564,20.58009325,0,23.962564,20.58009325,1.179392,1.17147975,3,1.179392,1.17147975,100000,100000,0,100000,100000,25000,25000,0,25000,25000,10,10,0,10,10,1,1,0,1,1,200000,200000,0,200000,200000,204800000,204800000,0,204800000,204800000,204800000,204800000,0,204800000,204800000,0.235087,0.085889,0.03877,0.012589,0.01092,63.008617,0.02031,0.0,0.0,0.078499,0.015919,62.422216,0.0,3.745333,0.787168,19.411524,1.174892,100000,25000,10,1,200000,204800000,204800000,,,,,,,,,,,,0,0,0,0.0,0.0,0.0,0.0
tiledb,node,256,0,warm,overlap_clustered_runs_40_within_rank_25,100000,within_rank_25,clustered_runs_40,2048,3,89.75765795912594,2,True,0,0,48,0,48,0,0,0,0,0,0,0,0,1.217365926,400000,100000,100000,0.25,0.25,4.0,1,25000,25000,1.0,40,430,2670282240,7262990336,,,,,,,,,3ef88a05032ac7d8f932159c91871ccf138153c97090ef9c6bfabec2aa14f642,40,430,40,4,0.271166,0.249039,0,0.271166,0.249039,0.086229,0.08602599999999999,1,0.086229,0.08602599999999999,0.03893,0.0383975,0,0.03893,0.0383975,0.011309,0.011044,1,0.011309,0.011044,0.01212,0.011405,2,0.01212,0.011405,63.843005,62.228356999999995,2,63.843005,62.228356999999995,0.02086,0.02065,3,0.02086,0.02065,0.0,0.0,0,0.0,0.0,0.0,0.0,0,0.0,0.0,0.081779,0.07901125,0,0.081779,0.07901125,0.016129,0.01593925,1,0.016129,0.01593925,63.393502,43.3128835,2,63.393502,43.3128835,0.0,0.0,0,0.0,0.0,3.789332,3.72878025,3,3.789332,3.72878025,0.791038,0.7890005,0,0.791038,0.7890005,23.325054,20.624200000000002,0,23.325054,20.624200000000002,1.183482,1.1753445,3,1.183482,1.1753445,100000,100000,0,100000,100000,25000,25000,0,25000,25000,10,10,0,10,10,1,1,0,1,1,200000,200000,0,200000,200000,204800000,204800000,0,204800000,204800000,204800000,204800000,0,204800000,204800000,0.237627,0.086139,0.03832,0.011199,0.01212,63.843005,0.02042,0.0,0.0,0.075669,0.015969,63.393502,0.0,3.755982,0.790688,19.453783,1.177642,100000,25000,10,1,200000,204800000,204800000,,,,,,,,,,,,0,0,0,0.0,0.0,0.0,0.0
tiledb,node,256,0,warm,overlap_clustered_runs_40_within_rank_25,100000,within_rank_25,clustered_runs_40,2048,4,89.6851000143215,2,True,0,0,48,0,48,0,0,0,0,0,0,0,0,1.2169313480000001,400000,100000,100000,0.25,0.25,4.0,1,25000,25000,1.0,40,431,2670282240,7263100928,,,,,,,,,be2531b0b90632b33d29c1658aa560d2ecab05e5948896fca9e514eb0029ba8a,40,431,40,4,0.279376,0.24447649999999999,0,0.279376,0.24447649999999999,0.086348,0.0858655,2,0.086348,0.0858655,0.03857,0.037290000000000004,0,0.03857,0.037290000000000004,0.01177,0.0112525,2,0.01177,0.0112525,0.010889,0.01039425,2,0.010889,0.01039425,63.859915,62.50047275,2,63.859915,62.50047275,0.02106,0.02076725,0,0.02106,0.02076725,0.0,0.0,0,0.0,0.0,0.0,0.0,0,0.0,0.0,0.084948,0.07938100000000001,1,0.084948,0.07938100000000001,0.01595,0.015542499999999999,3,0.01595,0.015542499999999999,63.311833,42.55526475,2,63.311833,42.55526475,0.0,0.0,0,0.0,0.0,3.744172,3.670986,2,3.744172,3.670986,0.797908,0.791728,0,0.797908,0.791728,22.826732,20.461463000000002,0,22.826732,20.461463000000002,1.183332,1.1764095,2,1.183332,1.1764095,100000,100000,0,100000,100000,25000,25000,0,25000,25000,10,10,0,10,10,1,1,0,1,1,200000,200000,0,200000,200000,204800000,204800000,0,204800000,204800000,204800000,204800000,0,204800000,204800000,0.232977,0.086348,0.03813,0.01177,0.010889,63.859915,0.02076,0.0,0.0,0.079878,0.0155,63.311833,0.0,3.744172,0.790018,19.365665,1.183332,100000,25000,10,1,200000,204800000,204800000,,,,,,,,,,,,0,0,0,0.0,0.0,0.0,0.0
tiledb,node,256,0,warm,overlap_clustered_runs_100_cross_rank_25,100000,cross_rank_25,clustered_runs_100,2048,0,95.29829397797585,3,True,0,0,109,0,109,0,0,0,0,0,0,0,0,1.388411494,400000,400000,100000,1.0,0.25,1.0,4,25000,25000,1.0,400,1968,2670282240,7263416320,,,,,,,,,1a7341e1fb12073b6f4d534d9d1181af2fb5f2969ec7e239233887c24dd0025d,100,492,100,4,0.256746,0.243536,0,0.256746,0.243536,0.089199,0.08866399999999999,1,0.089199,0.08866399999999999,0.039499,0.038629,0,0.039499,0.038629,0.01359,0.012905,1,0.01359,0.012905,0.01242,0.01195,2,0.01242,0.01195,71.056174,68.90304425,3,71.056174,68.90304425,0.022139,0.021658999999999998,2,0.022139,0.021658999999999998,0.0,0.0,0,0.0,0.0,0.0,0.0,0,0.0,0.0,0.093118,0.08781325000000001,1,0.093118,0.08781325000000001,0.02385,0.02349,3,0.02385,0.02349,69.178873,48.1691715,2,69.178873,48.1691715,0.0,0.0,0,0.0,0.0,3.87966,3.73597775,2,3.87966,3.73597775,0.982195,0.9769325,1,0.982195,0.9769325,21.242276,19.650679750000002,0,21.242276,19.650679750000002,1.179302,1.1746845000000001,1,1.179302,1.1746845000000001,100000,100000,0,100000,100000,25000,25000,0,25000,25000,25,25,0,25,25,1,1,0,1,1,200000,200000,0,200000,200000,204800000,204800000,0,204800000,204800000,204800000,204800000,0,204800000,204800000,0.240156,0.089069,0.038029,0.01315,0.012,71.056174,0.021279,0.0,0.0,0.086038,0.02385,45.500405,0.0,3.701543,0.972855,17.6182,1.174082,100000,25000,25,1,200000,204800000,204800000,,,,,,,,,,,,0,0,0,0.0,0.0,0.0,0.0
tiledb,node,256,0,warm,overlap_clustered_runs_100_cross_rank_25,100000,cross_rank_25,clustered_runs_100,2048,1,94.3109990330413,2,True,0,0,109,0,109,0,0,0,0,0,0,0,0,1.415963974,400000,400000,100000,1.0,0.25,1.0,4,25000,25000,1.0,400,1964,2670282240,7263473664,,,,,,,,,4e9af92e727e080188c683f3999dedde6ee901ebe2223c853002da7f2c379057,100,491,100,4,0.256776,0.2411585,3,0.256776,0.2411585,0.088758,0.088128,3,0.088758,0.088128,0.03796,0.0375725,3,0.03796,0.0375725,0.01252,0.0120725,0,0.01252,0.0120725,0.011439,0.01108175,2,0.011439,0.01108175,69.931962,68.929037,2,69.931962,68.929037,0.02074,0.020574750000000003,3,0.02074,0.020574750000000003,0.0,0.0,0,0.0,0.0,0.0,0.0,0,0.0,0.0,0.086268,0.08199574999999999,0,0.086268,0.08199574999999999,0.01922,0.0184775,0,0.01922,0.0184775,69.385939,48.62237975,2,69.385939,48.62237975,0.0,0.0,0,0.0,0.0,3.91057,3.78249725,2,3.91057,3.78249725,0.981365,0.97584275,1,0.981365,0.97584275,19.714519,18.593136,1,19.714519,18.593136,1.178982,1.174877,3,1.178982,1.174877,100000,100000,0,100000,100000,25000,25000,0,25000,25000,25,25,0,25,25,1,1,0,1,1,200000,200000,0,200000,200000,204800000,204800000,0,204800000,204800000,204800000,204800000,0,204800000,204800000,0.230556,0.088438,0.03757,0.01246,0.011439,69.931962,0.02049,0.0,0.0,0.077859,0.01817,69.385939,0.0,3.91057,0.976475,17.577661,1.172272,100000,25000,25,1,200000,204800000,204800000,,,,,,,,,,,,0,0,0,0.0,0.0,0.0,0.0
tiledb,node,256,0,warm,overlap_clustered_runs_100_cross_rank_25,100000,cross_rank_25,clustered_runs_100,2048,2,93.6639989959076,2,True,0,0,109,0,109,0,0,0,0,0,0,0,0,1.353684557,400000,400000,100000,1.0,0.25,1.0,4,25000,25000,1.0,400,1956,2670282240,7263596544,,,,,,,,,618d2664490a8ac1870afb9b9300e638c80761ae044b7bbbe302adb0330ef3da,100,489,100,4,0.260016,0.243651,0,0.260016,0.243651,0.088699,0.088044,3,0.088699,0.088044,0.038749,0.037559,0,0.038749,0.037559,0.012,0.011795,1,0.012,0.011795,0.01115,0.010925,2,0.01115,0.010925,69.424999,67.4474315,2,69.424999,67.4474315,0.020799,0.020581500000000003,2,0.020799,0.020581500000000003,0.0,0.0,0,0.0,0.0,0.0,0.0,0,0.0,0.0,0.08892900000000001,0.085839,0,0.08892900000000001,0.085839,0.01915,0.0181925,2,0.01915,0.0181925,68.950916,46.8649635,2,68.950916,46.8649635,0.0,0.0,0,0.0,0.0,3.770542,3.68818875,2,3.770542,3.68818875,0.980735,0.977105,2,0.980735,0.977105,22.405377,19.51658425,0,22.405377,19.51658425,1.184442,1.17917225,2,1.184442,1.17917225,100000,100000,0,100000,100000,25000,25000,0,25000,25000,25,25,0,25,25,1,1,0,1,1,200000,200000,0,200000,200000,204800000,204800000,0,204800000,204800000,204800000,204800000,0,204800000,204800000,0.230226,0.087699,0.037789,0.01192,0.01115,69.424999,0.020799,0.0,0.0,0.085109,0.01915,68.950916,0.0,3.770542,0.980735,17.562602,1.184442,100000,25000,25,1,200000,204800000,204800000,,,,,,,,,,,,0,0,0,0.0,0.0,0.0,0.0
tiledb,node,256,0,warm,overlap_clustered_runs_100_cross_rank_25,100000,cross_rank_25,clustered_runs_100,2048,3,94.56575498916209,3,True,0,0,111,2,113,0,0,0,0,0,0,0,0,1.404068831,400000,400000,100000,1.0,0.25,1.0,4,25000,25000,1.0,400,1968,2670282240,7263637504,,,,,,,,,c431334b174e0b10e6781199628eb37bc918b0acdf21e1cd77217a06b3301cbc,100,492,100,4,0.274436,0.253571,2,0.274436,0.253571,0.090718,0.0890455,1,0.090718,0.0890455,0.03861,0.037684999999999996,0,0.03861,0.037684999999999996,0.01186,0.0114625,1,0.01186,0.0114625,0.011259,0.0106395,3,0.011259,0.0106395,70.286886,69.6331735,2,70.286886,69.6331735,0.021379,0.020964749999999997,2,0.021379,0.020964749999999997,0.0,0.0,0,0.0,0.0,0.0,0.0,0,0.0,0.0,0.092078,0.084506,0,0.092078,0.084506,0.02182,0.019209749999999998,2,0.02182,0.019209749999999998,69.786993,48.02649375,2,69.786993,48.02649375,0.0,0.0,0,0.0,0.0,3.881951,3.79488725,0,3.881951,3.79488725,0.981335,0.9746825,2,0.981335,0.9746825,19.774498,18.18312475,1,19.774498,18.18312475,1.182862,1.1755295000000001,3,1.182862,1.1755295000000001,100000,100000,0,100000,100000,25000,25000,0,25000,25000,25,25,0,25,25,1,1,0,1,1,200000,200000,0,200000,200000,204800000,204800000,0,204800000,204800000,204800000,204800000,0,204800000,204800000,0.237796,0.090098,0.03734,0.01144,0.011259,69.954071,0.0209,0.0,0.0,0.086428,0.01711,43.513855,0.0,3.787523,0.971645,17.928466,1.182862,100000,25000,25,1,200000,204800000,204800000,,,,,,,,,,,,0,0,0,0.0,0.0,0.0,0.0
tiledb,node,256,0,warm,overlap_clustered_runs_100_cross_rank_25,100000,cross_rank_25,clustered_runs_100,2048,4,95.6412689993158,2,True,0,0,110,0,110,0,0,0,0,0,0,0,0,1.379096957,400000,400000,100000,1.0,0.25,1.0,4,25000,25000,1.0,400,1952,2670282240,7263703040,,,,,,,,,62b7086c06814e91ec3a77b53ae2bc91d91f03a1f4c875fe2b09425a9d8e201a,100,488,100,4,0.272056,0.245989,2,0.272056,0.245989,0.088579,0.087904,3,0.088579,0.087904,0.03787,0.037605,3,0.03787,0.037605,0.012099,0.011479,3,0.012099,0.011479,0.0121,0.0118175,2,0.0121,0.0118175,71.307331,68.854778,2,71.307331,68.854778,0.02099,0.02065,2,0.02099,0.02065,0.0,0.0,0,0.0,0.0,0.0,0.0,0,0.0,0.0,0.085259,0.08092150000000001,0,0.085259,0.08092150000000001,0.018379,0.017994,1,0.018379,0.017994,70.828288,48.114505,2,70.828288,48.114505,0.0,0.0,0,0.0,0.0,3.779342,3.70077075,3,3.779342,3.70077075,0.979165,0.97124025,0,0.979165,0.97124025,21.674209,20.0892955,0,21.674209,20.0892955,1.176473,1.1735422500000001,2,1.176473,1.1735422500000001,100000,100000,0,100000,100000,25000,25000,0,25000,25000,25,25,0,25,25,1,1,0,1,1,200000,200000,0,200000,200000,204800000,204800000,0,204800000,204800000,204800000,204800000,0,204800000,204800000,0.272056,0.087349,0.03708,0.010529,0.0121,71.307331,0.02099,0.0,0.0,0.075689,0.017749,70.828288,0.0,3.700273,0.978045,17.721629,1.176473,100000,25000,25,1,200000,204800000,204800000,,,,,,,,,,,,0,0,0,0.0,0.0,0.0,0.0
tiledb,node,256,0,warm,overlap_clustered_runs_100_within_rank_25,100000,within_rank_25,clustered_runs_100,2048,0,93.66294892970473,3,True,0,0,109,0,109,0,0,0,0,0,0,0,0,1.357362406,400000,100000,100000,0.25,0.25,4.0,1,25000,25000,1.0,100,492,2670282240,7264182272,,,,,,,,,1a7341e1fb12073b6f4d534d9d1181af2fb5f2969ec7e239233887c24dd0025d,100,492,100,4,0.253696,0.2364085,0,0.253696,0.2364085,0.088059,0.08704375,2,0.088059,0.08704375,0.039179,0.03774925,0,0.039179,0.03774925,0.0141,0.013157499999999999,1,0.0141,0.013157499999999999,0.01168,0.0113025,2,0.01168,0.0113025,70.362034,68.20138725,3,70.362034,68.20138725,0.022439,0.0217065,1,0.022439,0.0217065,0.0,0.0,0,0.0,0.0,0.0,0.0,0,0.0,0.0,0.099999,0.09164074999999999,1,0.099999,0.09164074999999999,0.02429,0.022879749999999997,2,0.02429,0.022879749999999997,67.696016,46.8928715,2,67.696016,46.8928715,0.0,0.0,0,0.0,0.0,3.801762,3.71519825,2,3.801762,3.71519825,0.792898,0.790113,0,0.792898,0.790113,20.887001,18.9282155,1,20.887001,18.9282155,1.182872,1.177367,3,1.182872,1.177367,100000,100000,0,100000,100000,25000,25000,0,25000,25000,25,25,0,25,25,1,1,0,1,1,200000,200000,0,200000,200000,204800000,204800000,0,204800000,204800000,204800000,204800000,0,204800000,204800000,0.230156,0.087039,0.036129,0.01338,0.01061,70.362034,0.021399,0.0,0.0,0.090908,0.02199,44.074717,0.0,3.713284,0.792238,16.869242,1.182872,100000,25000,25,1,200000,204800000,204800000,,,,,,,,,,,,0,0,0,0.0,0.0,0.0,0.0
tiledb,node,256,0,warm,overlap_clustered_runs_100_within_rank_25,100000,within_rank_25,clustered_runs_100,2048,1,93.32527406513691,0,True,0,0,111,2,113,0,0,0,0,0,0,0,0,1.3710941380000001,400000,100000,100000,0.25,0.25,4.0,1,25000,25000,1.0,100,491,2670282240,7264276480,,,,,,,,,4e9af92e727e080188c683f3999dedde6ee901ebe2223c853002da7f2c379057,100,491,100,4,0.66978,0.359122,0,0.66978,0.359122,0.087078,0.08641575,1,0.087078,0.08641575,0.03833,0.03778725,0,0.03833,0.03778725,0.0116,0.0107725,1,0.0116,0.0107725,0.01168,0.011412499999999999,0,0.01168,0.011412499999999999,69.590766,68.95586325,2,69.590766,68.95586325,0.020809,0.0205365,1,0.020809,0.0205365,0.0,0.0,0,0.0,0.0,0.0,0.0,0,0.0,0.0,0.086508,0.07827125,1,0.086508,0.07827125,0.01818,0.01782,0,0.01818,0.01782,69.082774,47.459687,2,69.082774,47.459687,0.0,0.0,0,0.0,0.0,3.935,3.84959375,2,3.935,3.84959375,0.799748,0.792878,0,0.799748,0.792878,18.487128,17.439556,1,18.487128,17.439556,1.176772,1.1733745,2,1.176772,1.1733745,100000,100000,0,100000,100000,25000,25000,0,25000,25000,25,25,0,25,25,1,1,0,1,1,200000,200000,0,200000,200000,204800000,204800000,0,204800000,204800000,204800000,204800000,0,204800000,204800000,0.66978,0.085608,0.03833,0.01059,0.01168,68.892147,0.020099,0.0,0.0,0.08087899999999999,0.01818,37.29751,0.0,3.786882,0.799748,17.508972,1.175242,100000,25000,25,1,200000,204800000,204800000,,,,,,,,,,,,0,0,0,0.0,0.0,0.0,0.0
tiledb,node,256,0,warm,overlap_clustered_runs_100_within_rank_25,100000,within_rank_25,clustered_runs_100,2048,2,95.01953795552254,2,True,0,0,109,0,109,0,0,0,0,0,0,0,0,1.400241045,400000,100000,100000,0.25,0.25,4.0,1,25000,25000,1.0,100,489,2670282240,7264346112,,,,,,,,,618d2664490a8ac1870afb9b9300e638c80761ae044b7bbbe302adb0330ef3da,100,489,100,4,0.278586,0.253149,0,0.278586,0.253149,0.087488,0.0868555,1,0.087488,0.0868555,0.03928,0.0375625,0,0.03928,0.0375625,0.011229,0.0108695,0,0.011229,0.0108695,0.011249,0.010627000000000001,2,0.011249,0.010627000000000001,71.690055,69.749927,2,71.690055,69.749927,0.02123,0.0206275,3,0.02123,0.0206275,0.0,0.0,0,0.0,0.0,0.0,0.0,0,0.0,0.0,0.082089,0.07720125,0,0.082089,0.07720125,0.018419,0.017932,1,0.018419,0.017932,71.244361,48.89875825,2,71.244361,48.89875825,0.0,0.0,0,0.0,0.0,3.757503,3.7081435000000003,3,3.757503,3.7081435000000003,0.869627,0.80862775,3,0.869627,0.80862775,20.687114,18.700609,0,20.687114,18.700609,1.173532,1.17130725,2,1.173532,1.17130725,100000,100000,0,100000,100000,25000,25000,0,25000,25000,25,25,0,25,25,1,1,0,1,1,200000,200000,0,200000,200000,204800000,204800000,0,204800000,204800000,204800000,204800000,0,204800000,204800000,0.268976,0.086938,0.03789,0.01028,0.011249,71.690055,0.02042,0.0,0.0,0.067329,0.01775,71.244361,0.0,3.715373,0.786578,16.893342,1.173532,100000,25000,25,1,200000,204800000,204800000,,,,,,,,,,,,0,0,0,0.0,0.0,0.0,0.0
tiledb,node,256,0,warm,overlap_clustered_runs_100_within_rank_25,100000,within_rank_25,clustered_runs_100,2048,3,94.25086004193872,2,True,0,0,109,0,109,0,0,0,0,0,0,0,0,1.37098429,400000,100000,100000,0.25,0.25,4.0,1,25000,25000,1.0,100,492,2670282240,7264382976,,,,,,,,,c431334b174e0b10e6781199628eb37bc918b0acdf21e1cd77217a06b3301cbc,100,492,100,4,0.289356,0.2526515,0,0.289356,0.2526515,0.088188,0.0871205,1,0.088188,0.0871205,0.03896,0.0382275,0,0.03896,0.0382275,0.011639,0.01040425,3,0.011639,0.01040425,0.01114,0.01085975,2,0.01114,0.01085975,70.898977,66.74548525,2,70.898977,66.74548525,0.02087,0.0206875,2,0.02087,0.0206875,0.0,0.0,0,0.0,0.0,0.0,0.0,0,0.0,0.0,0.084289,0.07997375,0,0.084289,0.07997375,0.019809,0.01876175,1,0.019809,0.01876175,70.455854,47.90496325,2,70.455854,47.90496325,0.0,0.0,0,0.0,0.0,3.724863,3.66604675,2,3.724863,3.66604675,0.791798,0.7906605,0,0.791798,0.7906605,28.289137,21.0470105,0,28.289137,21.0470105,1.180452,1.17415475,2,1.180452,1.17415475,100000,100000,0,100000,100000,25000,25000,0,25000,25000,25,25,0,25,25,1,1,0,1,1,200000,200000,0,200000,200000,204800000,204800000,0,204800000,204800000,204800000,204800000,0,204800000,204800000,0.259136,0.087298,0.03862,0.009299,0.01114,70.898977,0.02087,0.0,0.0,0.070698,0.01748,70.455854,0.0,3.724863,0.789348,16.908722,1.180452,100000,25000,25,1,200000,204800000,204800000,,,,,,,,,,,,0,0,0,0.0,0.0,0.0,0.0
tiledb,node,256,0,warm,overlap_clustered_runs_100_within_rank_25,100000,within_rank_25,clustered_runs_100,2048,4,90.40420805104077,2,True,0,0,110,0,110,0,0,0,0,0,0,0,0,1.326327888,400000,100000,100000,0.25,0.25,4.0,1,25000,25000,1.0,100,488,2670282240,7264448512,,,,,,,,,62b7086c06814e91ec3a77b53ae2bc91d91f03a1f4c875fe2b09425a9d8e201a,100,488,100,4,0.285475,0.25208075,0,0.285475,0.25208075,0.087789,0.0871865,3,0.087789,0.0871865,0.037779,0.0374115,2,0.037779,0.0374115,0.01192,0.0109975,1,0.01192,0.0109975,0.0112,0.011115,1,0.0112,0.011115,67.054885,63.61322525,2,67.054885,63.61322525,0.020739,0.020583999999999998,2,0.020739,0.020583999999999998,0.0,0.0,0,0.0,0.0,0.0,0.0,0,0.0,0.0,0.080289,0.075104,3,0.080289,0.075104,0.01839,0.017615,1,0.01839,0.017615,66.621302,45.763168,2,66.621302,45.763168,0.0,0.0,0,0.0,0.0,3.723713,3.6733835,2,3.723713,3.6733835,0.792988,0.7886755,2,0.792988,0.7886755,27.147125,20.32506425,0,27.147125,20.32506425,1.177712,1.174722,3,1.177712,1.174722,100000,100000,0,100000,100000,25000,25000,0,25000,25000,25,25,0,25,25,1,1,0,1,1,200000,200000,0,200000,200000,204800000,204800000,0,204800000,204800000,204800000,204800000,0,204800000,204800000,0.266986,0.087409,0.037779,0.01095,0.011,67.054885,0.020739,0.0,0.0,0.067819,0.01761,66.621302,0.0,3.723713,0.792988,16.899892,1.173852,100000,25000,25,1,200000,204800000,204800000,,,,,,,,,,,,0,0,0,0.0,0.0,0.0,0.0
