backend,array_layout,tile_extent_rows,query_chunk_rows,cache_mode,pattern,batch_size,overlap_case,overlap_placement,width,sample,latency_ms,slowest_rank,slowest_rank_has_storage,process_read_bytes,process_write_bytes,process_read_ops,process_write_ops,process_total_io_ops,device_read_bytes,device_write_bytes,device_read_ops,device_write_ops,device_total_io_ops,measured_read_bytes,measured_read_ops,measured_write_ops,cpu_seconds,requested_rows,unique_rows,node_unique_rows,within_rank_unique_row_fraction,node_unique_row_fraction,within_rank_repetition,requesting_ranks_per_unique_row,owner_unique_rows_mean,owner_unique_rows_max,owner_unique_max_to_mean,contiguous_ranges,estimated_tiles_touched,cuda_peak_temporary_bytes,rss_bytes_after,direct_io_open_attempts,direct_io_open_successes,direct_io_open_failures,direct_io_read_ops,direct_io_requested_bytes,direct_io_submitted_bytes,direct_io_returned_bytes,direct_io_read_failures,node_unique_id_sha256,node_contiguous_ranges,node_estimated_tiles_touched,clustered_run_count,storage_owner_count,id_routing_rank_max_ms,id_routing_rank_mean_ms,id_routing_rank_max_rank,id_routing_storage_owner_max_ms,id_routing_storage_owner_mean_ms,gpu_sort_rank_max_ms,gpu_sort_rank_mean_ms,gpu_sort_rank_max_rank,gpu_sort_storage_owner_max_ms,gpu_sort_storage_owner_mean_ms,gpu_deduplicate_rank_max_ms,gpu_deduplicate_rank_mean_ms,gpu_deduplicate_rank_max_rank,gpu_deduplicate_storage_owner_max_ms,gpu_deduplicate_storage_owner_mean_ms,staging_allocation_rank_max_ms,staging_allocation_rank_mean_ms,staging_allocation_rank_max_rank,staging_allocation_storage_owner_max_ms,staging_allocation_storage_owner_mean_ms,indices_d2h_rank_max_ms,indices_d2h_rank_mean_ms,indices_d2h_rank_max_rank,indices_d2h_storage_owner_max_ms,indices_d2h_storage_owner_mean_ms,tiledb_read_rank_max_ms,tiledb_read_rank_mean_ms,tiledb_read_rank_max_rank,tiledb_read_storage_owner_max_ms,tiledb_read_storage_owner_mean_ms,id_decode_rank_max_ms,id_decode_rank_mean_ms,id_decode_rank_max_rank,id_decode_storage_owner_max_ms,id_decode_storage_owner_mean_ms,id_sort_rank_max_ms,id_sort_rank_mean_ms,id_sort_rank_max_rank,id_sort_storage_owner_max_ms,id_sort_storage_owner_mean_ms,id_deduplicate_rank_max_ms,id_deduplicate_rank_mean_ms,id_deduplicate_rank_max_rank,id_deduplicate_storage_owner_max_ms,id_deduplicate_storage_owner_mean_ms,query_setup_rank_max_ms,query_setup_rank_mean_ms,query_setup_rank_max_rank,query_setup_storage_owner_max_ms,query_setup_storage_owner_mean_ms,range_build_rank_max_ms,range_build_rank_mean_ms,range_build_rank_max_rank,range_build_storage_owner_max_ms,range_build_storage_owner_mean_ms,query_submit_rank_max_ms,query_submit_rank_mean_ms,query_submit_rank_max_rank,query_submit_storage_owner_max_ms,query_submit_storage_owner_mean_ms,cpu_reorder_rank_max_ms,cpu_reorder_rank_mean_ms,cpu_reorder_rank_max_rank,cpu_reorder_storage_owner_max_ms,cpu_reorder_storage_owner_mean_ms,rows_h2d_rank_max_ms,rows_h2d_rank_mean_ms,rows_h2d_rank_max_rank,rows_h2d_storage_owner_max_ms,rows_h2d_storage_owner_mean_ms,gpu_expand_rank_max_ms,gpu_expand_rank_mean_ms,gpu_expand_rank_max_rank,gpu_expand_storage_owner_max_ms,gpu_expand_storage_owner_mean_ms,embedding_exchange_rank_max_ms,embedding_exchange_rank_mean_ms,embedding_exchange_rank_max_rank,embedding_exchange_storage_owner_max_ms,embedding_exchange_storage_owner_mean_ms,output_reorder_rank_max_ms,output_reorder_rank_mean_ms,output_reorder_rank_max_rank,output_reorder_storage_owner_max_ms,output_reorder_storage_owner_mean_ms,storage_requested_rows_rank_max,storage_requested_rows_rank_mean,storage_requested_rows_rank_max_rank,storage_requested_rows_storage_owner_max,storage_requested_rows_storage_owner_mean,storage_unique_rows_rank_max,storage_unique_rows_rank_mean,storage_unique_rows_rank_max_rank,storage_unique_rows_storage_owner_max,storage_unique_rows_storage_owner_mean,storage_range_count_rank_max,storage_range_count_rank_mean,storage_range_count_rank_max_rank,storage_range_count_storage_owner_max,storage_range_count_storage_owner_mean,storage_query_count_rank_max,storage_query_count_rank_mean,storage_query_count_rank_max_rank,storage_query_count_storage_owner_max,storage_query_count_storage_owner_mean,index_bytes_rank_max,index_bytes_rank_mean,index_bytes_rank_max_rank,index_bytes_storage_owner_max,index_bytes_storage_owner_mean,raw_staging_bytes_rank_max,raw_staging_bytes_rank_mean,raw_staging_bytes_rank_max_rank,raw_staging_bytes_storage_owner_max,raw_staging_bytes_storage_owner_mean,output_bytes_rank_max,output_bytes_rank_mean,output_bytes_rank_max_rank,output_bytes_storage_owner_max,output_bytes_storage_owner_mean,id_routing_ms,gpu_sort_ms,gpu_deduplicate_ms,staging_allocation_ms,indices_d2h_ms,tiledb_read_ms,id_decode_ms,id_sort_ms,id_deduplicate_ms,query_setup_ms,range_build_ms,query_submit_ms,cpu_reorder_ms,rows_h2d_ms,gpu_expand_ms,embedding_exchange_ms,output_reorder_ms,storage_requested_rows,storage_unique_rows,storage_range_count,storage_query_count,index_bytes,raw_staging_bytes,output_bytes,tile_overlap_planning_ms,relevant_tile_overlap_ms,partition_planning_ms,internal_tile_read_ms,internal_unfilter_ms,internal_copy_ms,internal_reader_work_ms,tiledb_ranges_requested,tiledb_tiles_read,tiledb_vfs_read_ops,tiledb_vfs_read_bytes,storage_read_ops,storage_write_ops,storage_total_io_ops,storage_read_iops,storage_write_iops,storage_iops,storage_total_iops
cpu,none,,0,resident,overlap_clustered_independent,100000,independent,clustered,2048,0,115.1414840715006,1,False,0,0,8,0,8,0,0,0,0,0,0,0,0,0.457027511,400000,400000,400000,1.0,1.0,1.0,1,100000,400000,4.0,4,,4921822208,143546159104,,,,,,,,,002a640dafb29725a6a96ab7d6e3787f95da0dd1a6e978e5e2409dbb27763dcb,1,,,0,0.0,0.0,0,,,0.0,0.0,0,,,0.0,0.0,0,,,0.0,0.0,0,,,0.0,0.0,0,,,0.0,0.0,0,,,0.0,0.0,0,,,0.0,0.0,0,,,0.0,0.0,0,,,0.0,0.0,0,,,0.0,0.0,0,,,0.0,0.0,0,,,0.0,0.0,0,,,0.0,0.0,0,,,0.0,0.0,0,,,0.0,0.0,0,,,0.0,0.0,0,,,0,0,0,,,0,0,0,,,0,0,0,,,0,0,0,,,0,0,0,,,0,0,0,,,0,0,0,,,0.0,0.0,0.0,0.0,0.0,0.0,0.0,0.0,0.0,0.0,0.0,0.0,0.0,0.0,0.0,0.0,0.0,0,0,0,0,0,0,0,,,,,,,,,,,,0,0,0,0.0,0.0,0.0,0.0
cpu,none,,0,resident,overlap_clustered_independent,100000,independent,clustered,2048,1,114.99273695517331,1,False,0,0,9,1,10,0,0,0,0,0,0,0,0,0.455389402,400000,400000,400000,1.0,1.0,1.0,1,100000,400000,4.0,4,,4921822208,143580774400,,,,,,,,,6bb974abc81f2ba6ba920f70674eedb9c3e3f8ea3b84bc4f945db32bf1a803fb,1,,,0,0.0,0.0,0,,,0.0,0.0,0,,,0.0,0.0,0,,,0.0,0.0,0,,,0.0,0.0,0,,,0.0,0.0,0,,,0.0,0.0,0,,,0.0,0.0,0,,,0.0,0.0,0,,,0.0,0.0,0,,,0.0,0.0,0,,,0.0,0.0,0,,,0.0,0.0,0,,,0.0,0.0,0,,,0.0,0.0,0,,,0.0,0.0,0,,,0.0,0.0,0,,,0,0,0,,,0,0,0,,,0,0,0,,,0,0,0,,,0,0,0,,,0,0,0,,,0,0,0,,,0.0,0.0,0.0,0.0,0.0,0.0,0.0,0.0,0.0,0.0,0.0,0.0,0.0,0.0,0.0,0.0,0.0,0,0,0,0,0,0,0,,,,,,,,,,,,0,0,0,0.0,0.0,0.0,0.0
cpu,none,,0,resident,overlap_clustered_independent,100000,independent,clustered,2048,2,114.87051798030734,2,False,0,0,11,3,14,0,0,0,0,0,0,0,0,0.455331442,400000,400000,400000,1.0,1.0,1.0,1,100000,400000,4.0,4,,4921822208,143580950528,,,,,,,,,41422c75c4dda92bcc06e098a7ee0ba259d011dfc01c75876317611df0d0077a,1,,,0,0.0,0.0,0,,,0.0,0.0,0,,,0.0,0.0,0,,,0.0,0.0,0,,,0.0,0.0,0,,,0.0,0.0,0,,,0.0,0.0,0,,,0.0,0.0,0,,,0.0,0.0,0,,,0.0,0.0,0,,,0.0,0.0,0,,,0.0,0.0,0,,,0.0,0.0,0,,,0.0,0.0,0,,,0.0,0.0,0,,,0.0,0.0,0,,,0.0,0.0,0,,,0,0,0,,,0,0,0,,,0,0,0,,,0,0,0,,,0,0,0,,,0,0,0,,,0,0,0,,,0.0,0.0,0.0,0.0,0.0,0.0,0.0,0.0,0.0,0.0,0.0,0.0,0.0,0.0,0.0,0.0,0.0,0,0,0,0,0,0,0,,,,,,,,,,,,0,0,0,0.0,0.0,0.0,0.0
cpu,none,,0,resident,overlap_clustered_independent,100000,independent,clustered,2048,3,115.07230589631945,2,False,0,0,8,0,8,0,0,0,0,0,0,0,0,0.455611199,400000,400000,400000,1.0,1.0,1.0,1,100000,400000,4.0,4,,4921822208,143581052928,,,,,,,,,2b6864e7f00fc67d81f3a5cb8ddfc814fb6fac85c10272979ef0a8412053f4be,1,,,0,0.0,0.0,0,,,0.0,0.0,0,,,0.0,0.0,0,,,0.0,0.0,0,,,0.0,0.0,0,,,0.0,0.0,0,,,0.0,0.0,0,,,0.0,0.0,0,,,0.0,0.0,0,,,0.0,0.0,0,,,0.0,0.0,0,,,0.0,0.0,0,,,0.0,0.0,0,,,0.0,0.0,0,,,0.0,0.0,0,,,0.0,0.0,0,,,0.0,0.0,0,,,0,0,0,,,0,0,0,,,0,0,0,,,0,0,0,,,0,0,0,,,0,0,0,,,0,0,0,,,0.0,0.0,0.0,0.0,0.0,0.0,0.0,0.0,0.0,0.0,0.0,0.0,0.0,0.0,0.0,0.0,0.0,0,0,0,0,0,0,0,,,,,,,,,,,,0,0,0,0.0,0.0,0.0,0.0
cpu,none,,0,resident,overlap_clustered_independent,100000,independent,clustered,2048,4,115.12753402348608,1,False,0,0,8,0,8,0,0,0,0,0,0,0,0,0.455730492,400000,400000,400000,1.0,1.0,1.0,1,100000,400000,4.0,4,,4921822208,143581052928,,,,,,,,,57c2024bc3c00839323cd98729719070cc74a7ab62003f8180dcb78f3ddfb0b2,1,,,0,0.0,0.0,0,,,0.0,0.0,0,,,0.0,0.0,0,,,0.0,0.0,0,,,0.0,0.0,0,,,0.0,0.0,0,,,0.0,0.0,0,,,0.0,0.0,0,,,0.0,0.0,0,,,0.0,0.0,0,,,0.0,0.0,0,,,0.0,0.0,0,,,0.0,0.0,0,,,0.0,0.0,0,,,0.0,0.0,0,,,0.0,0.0,0,,,0.0,0.0,0,,,0,0,0,,,0,0,0,,,0,0,0,,,0,0,0,,,0,0,0,,,0,0,0,,,0,0,0,,,0.0,0.0,0.0,0.0,0.0,0.0,0.0,0.0,0.0,0.0,0.0,0.0,0.0,0.0,0.0,0.0,0.0,0,0,0,0,0,0,0,,,,,,,,,,,,0,0,0,0.0,0.0,0.0,0.0
cpu,none,,0,resident,overlap_clustered_cross_rank_25,100000,cross_rank_25,clustered,2048,0,114.76634000428021,0,False,0,0,8,0,8,0,0,0,0,0,0,0,0,0.454202122,400000,400000,100000,1.0,0.25,1.0,4,25000,100000,4.0,4,,4921822208,143581179904,,,,,,,,,1ef431b664d23cfba7bfef6ecbd96dfe4a579d98a1dede3574d832df1ab6904d,1,,,0,0.0,0.0,0,,,0.0,0.0,0,,,0.0,0.0,0,,,0.0,0.0,0,,,0.0,0.0,0,,,0.0,0.0,0,,,0.0,0.0,0,,,0.0,0.0,0,,,0.0,0.0,0,,,0.0,0.0,0,,,0.0,0.0,0,,,0.0,0.0,0,,,0.0,0.0,0,,,0.0,0.0,0,,,0.0,0.0,0,,,0.0,0.0,0,,,0.0,0.0,0,,,0,0,0,,,0,0,0,,,0,0,0,,,0,0,0,,,0,0,0,,,0,0,0,,,0,0,0,,,0.0,0.0,0.0,0.0,0.0,0.0,0.0,0.0,0.0,0.0,0.0,0.0,0.0,0.0,0.0,0.0,0.0,0,0,0,0,0,0,0,,,,,,,,,,,,0,0,0,0.0,0.0,0.0,0.0
cpu,none,,0,resident,overlap_clustered_cross_rank_25,100000,cross_rank_25,clustered,2048,1,114.78461895603687,2,False,0,0,8,0,8,0,0,0,0,0,0,0,0,0.454637219,400000,400000,100000,1.0,0.25,1.0,4,25000,100000,4.0,4,,4921822208,143581274112,,,,,,,,,8b620a11217e3ec9028aff7bab338a87c8610543271627b8966301d4f2de2786,1,,,0,0.0,0.0,0,,,0.0,0.0,0,,,0.0,0.0,0,,,0.0,0.0,0,,,0.0,0.0,0,,,0.0,0.0,0,,,0.0,0.0,0,,,0.0,0.0,0,,,0.0,0.0,0,,,0.0,0.0,0,,,0.0,0.0,0,,,0.0,0.0,0,,,0.0,0.0,0,,,0.0,0.0,0,,,0.0,0.0,0,,,0.0,0.0,0,,,0.0,0.0,0,,,0,0,0,,,0,0,0,,,0,0,0,,,0,0,0,,,0,0,0,,,0,0,0,,,0,0,0,,,0.0,0.0,0.0,0.0,0.0,0.0,0.0,0.0,0.0,0.0,0.0,0.0,0.0,0.0,0.0,0.0,0.0,0,0,0,0,0,0,0,,,,,,,,,,,,0,0,0,0.0,0.0,0.0,0.0
cpu,none,,0,resident,overlap_clustered_cross_rank_25,100000,cross_rank_25,clustered,2048,2,114.7773900302127,2,False,0,0,9,1,10,0,0,0,0,0,0,0,0,0.454369103,400000,400000,100000,1.0,0.25,1.0,4,25000,100000,4.0,4,,4921822208,143581925376,,,,,,,,,5aed05750d6eb4725ef15c817b5658e9c16e32fc25bdb6bd3f104c68a37c49ec,1,,,0,0.0,0.0,0,,,0.0,0.0,0,,,0.0,0.0,0,,,0.0,0.0,0,,,0.0,0.0,0,,,0.0,0.0,0,,,0.0,0.0,0,,,0.0,0.0,0,,,0.0,0.0,0,,,0.0,0.0,0,,,0.0,0.0,0,,,0.0,0.0,0,,,0.0,0.0,0,,,0.0,0.0,0,,,0.0,0.0,0,,,0.0,0.0,0,,,0.0,0.0,0,,,0,0,0,,,0,0,0,,,0,0,0,,,0,0,0,,,0,0,0,,,0,0,0,,,0,0,0,,,0.0,0.0,0.0,0.0,0.0,0.0,0.0,0.0,0.0,0.0,0.0,0.0,0.0,0.0,0.0,0.0,0.0,0,0,0,0,0,0,0,,,,,,,,,,,,0,0,0,0.0,0.0,0.0,0.0
cpu,none,,0,resident,overlap_clustered_cross_rank_25,100000,cross_rank_25,clustered,2048,3,114.9706169962883,2,False,0,0,11,3,14,0,0,0,0,0,0,0,0,0.454920792,400000,400000,100000,1.0,0.25,1.0,4,25000,100000,4.0,4,,4921822208,143582515200,,,,,,,,,8e39e3c9f8232d5ab505c076825beede285e70d8d4457f3e09b9122ed88f2a0d,1,,,0,0.0,0.0,0,,,0.0,0.0,0,,,0.0,0.0,0,,,0.0,0.0,0,,,0.0,0.0,0,,,0.0,0.0,0,,,0.0,0.0,0,,,0.0,0.0,0,,,0.0,0.0,0,,,0.0,0.0,0,,,0.0,0.0,0,,,0.0,0.0,0,,,0.0,0.0,0,,,0.0,0.0,0,,,0.0,0.0,0,,,0.0,0.0,0,,,0.0,0.0,0,,,0,0,0,,,0,0,0,,,0,0,0,,,0,0,0,,,0,0,0,,,0,0,0,,,0,0,0,,,0.0,0.0,0.0,0.0,0.0,0.0,0.0,0.0,0.0,0.0,0.0,0.0,0.0,0.0,0.0,0.0,0.0,0,0,0,0,0,0,0,,,,,,,,,,,,0,0,0,0.0,0.0,0.0,0.0
cpu,none,,0,resident,overlap_clustered_cross_rank_25,100000,cross_rank_25,clustered,2048,4,114.99818705487996,2,False,0,0,8,0,8,0,0,0,0,0,0,0,0,0.454717862,400000,400000,100000,1.0,0.25,1.0,4,25000,100000,4.0,4,,4921822208,143582515200,,,,,,,,,de6726a9748611993943992c84bc562a0e510bc946cae28495b41c954d4d3d2a,1,,,0,0.0,0.0,0,,,0.0,0.0,0,,,0.0,0.0,0,,,0.0,0.0,0,,,0.0,0.0,0,,,0.0,0.0,0,,,0.0,0.0,0,,,0.0,0.0,0,,,0.0,0.0,0,,,0.0,0.0,0,,,0.0,0.0,0,,,0.0,0.0,0,,,0.0,0.0,0,,,0.0,0.0,0,,,0.0,0.0,0,,,0.0,0.0,0,,,0.0,0.0,0,,,0,0,0,,,0,0,0,,,0,0,0,,,0,0,0,,,0,0,0,,,0,0,0,,,0,0,0,,,0.0,0.0,0.0,0.0,0.0,0.0,0.0,0.0,0.0,0.0,0.0,0.0,0.0,0.0,0.0,0.0,0.0,0,0,0,0,0,0,0,,,,,,,,,,,,0,0,0,0.0,0.0,0.0,0.0
cpu,none,,0,resident,overlap_clustered_within_rank_25,100000,within_rank_25,clustered,2048,0,67.87881499622017,2,False,0,0,8,0,8,0,0,0,0,0,0,0,0,0.266646303,400000,100000,100000,0.25,0.25,4.0,1,25000,100000,4.0,4,,4921822208,143582572544,,,,,,,,,1ef431b664d23cfba7bfef6ecbd96dfe4a579d98a1dede3574d832df1ab6904d,1,,,0,0.0,0.0,0,,,0.0,0.0,0,,,0.0,0.0,0,,,0.0,0.0,0,,,0.0,0.0,0,,,0.0,0.0,0,,,0.0,0.0,0,,,0.0,0.0,0,,,0.0,0.0,0,,,0.0,0.0,0,,,0.0,0.0,0,,,0.0,0.0,0,,,0.0,0.0,0,,,0.0,0.0,0,,,0.0,0.0,0,,,0.0,0.0,0,,,0.0,0.0,0,,,0,0,0,,,0,0,0,,,0,0,0,,,0,0,0,,,0,0,0,,,0,0,0,,,0,0,0,,,0.0,0.0,0.0,0.0,0.0,0.0,0.0,0.0,0.0,0.0,0.0,0.0,0.0,0.0,0.0,0.0,0.0,0,0,0,0,0,0,0,,,,,,,,,,,,0,0,0,0.0,0.0,0.0,0.0
cpu,none,,0,resident,overlap_clustered_within_rank_25,100000,within_rank_25,clustered,2048,1,67.8831150289625,2,False,0,0,8,0,8,0,0,0,0,0,0,0,0,0.26685170199999997,400000,100000,100000,0.25,0.25,4.0,1,25000,100000,4.0,4,,4921822208,143582588928,,,,,,,,,8b620a11217e3ec9028aff7bab338a87c8610543271627b8966301d4f2de2786,1,,,0,0.0,0.0,0,,,0.0,0.0,0,,,0.0,0.0,0,,,0.0,0.0,0,,,0.0,0.0,0,,,0.0,0.0,0,,,0.0,0.0,0,,,0.0,0.0,0,,,0.0,0.0,0,,,0.0,0.0,0,,,0.0,0.0,0,,,0.0,0.0,0,,,0.0,0.0,0,,,0.0,0.0,0,,,0.0,0.0,0,,,0.0,0.0,0,,,0.0,0.0,0,,,0,0,0,,,0,0,0,,,0,0,0,,,0,0,0,,,0,0,0,,,0,0,0,,,0,0,0,,,0.0,0.0,0.0,0.0,0.0,0.0,0.0,0.0,0.0,0.0,0.0,0.0,0.0,0.0,0.0,0.0,0.0,0,0,0,0,0,0,0,,,,,,,,,,,,0,0,0,0.0,0.0,0.0,0.0
cpu,none,,0,resident,overlap_clustered_within_rank_25,100000,within_rank_25,clustered,2048,2,67.83023593015969,0,False,0,0,8,0,8,0,0,0,0,0,0,0,0,0.266542623,400000,100000,100000,0.25,0.25,4.0,1,25000,100000,4.0,4,,4921822208,143582625792,,,,,,,,,5aed05750d6eb4725ef15c817b5658e9c16e32fc25bdb6bd3f104c68a37c49ec,1,,,0,0.0,0.0,0,,,0.0,0.0,0,,,0.0,0.0,0,,,0.0,0.0,0,,,0.0,0.0,0,,,0.0,0.0,0,,,0.0,0.0,0,,,0.0,0.0,0,,,0.0,0.0,0,,,0.0,0.0,0,,,0.0,0.0,0,,,0.0,0.0,0,,,0.0,0.0,0,,,0.0,0.0,0,,,0.0,0.0,0,,,0.0,0.0,0,,,0.0,0.0,0,,,0,0,0,,,0,0,0,,,0,0,0,,,0,0,0,,,0,0,0,,,0,0,0,,,0,0,0,,,0.0,0.0,0.0,0.0,0.0,0.0,0.0,0.0,0.0,0.0,0.0,0.0,0.0,0.0,0.0,0.0,0.0,0,0,0,0,0,0,0,,,,,,,,,,,,0,0,0,0.0,0.0,0.0,0.0
cpu,none,,0,resident,overlap_clustered_within_rank_25,100000,within_rank_25,clustered,2048,3,67.82910600304604,2,False,0,0,8,0,8,0,0,0,0,0,0,0,0,0.266603572,400000,100000,100000,0.25,0.25,4.0,1,25000,100000,4.0,4,,4921822208,143582715904,,,,,,,,,8e39e3c9f8232d5ab505c076825beede285e70d8d4457f3e09b9122ed88f2a0d,1,,,0,0.0,0.0,0,,,0.0,0.0,0,,,0.0,0.0,0,,,0.0,0.0,0,,,0.0,0.0,0,,,0.0,0.0,0,,,0.0,0.0,0,,,0.0,0.0,0,,,0.0,0.0,0,,,0.0,0.0,0,,,0.0,0.0,0,,,0.0,0.0,0,,,0.0,0.0,0,,,0.0,0.0,0,,,0.0,0.0,0,,,0.0,0.0,0,,,0.0,0.0,0,,,0,0,0,,,0,0,0,,,0,0,0,,,0,0,0,,,0,0,0,,,0,0,0,,,0,0,0,,,0.0,0.0,0.0,0.0,0.0,0.0,0.0,0.0,0.0,0.0,0.0,0.0,0.0,0.0,0.0,0.0,0.0,0,0,0,0,0,0,0,,,,,,,,,,,,0,0,0,0.0,0.0,0.0,0.0
cpu,none,,0,resident,overlap_clustered_within_rank_25,100000,within_rank_25,clustered,2048,4,67.84544594120234,2,False,0,0,8,0,8,0,0,0,0,0,0,0,0,0.266605763,400000,100000,100000,0.25,0.25,4.0,1,25000,100000,4.0,4,,4921822208,143582855168,,,,,,,,,de6726a9748611993943992c84bc562a0e510bc946cae28495b41c954d4d3d2a,1,,,0,0.0,0.0,0,,,0.0,0.0,0,,,0.0,0.0,0,,,0.0,0.0,0,,,0.0,0.0,0,,,0.0,0.0,0,,,0.0,0.0,0,,,0.0,0.0,0,,,0.0,0.0,0,,,0.0,0.0,0,,,0.0,0.0,0,,,0.0,0.0,0,,,0.0,0.0,0,,,0.0,0.0,0,,,0.0,0.0,0,,,0.0,0.0,0,,,0.0,0.0,0,,,0,0,0,,,0,0,0,,,0,0,0,,,0,0,0,,,0,0,0,,,0,0,0,,,0,0,0,,,0.0,0.0,0.0,0.0,0.0,0.0,0.0,0.0,0.0,0.0,0.0,0.0,0.0,0.0,0.0,0.0,0.0,0,0,0,0,0,0,0,,,,,,,,,,,,0,0,0,0.0,0.0,0.0,0.0
cpu,none,,0,resident,overlap_clustered_combined_12_5,100000,combined_12_5,clustered,2048,0,84.36583401635289,1,False,0,0,8,0,8,0,0,0,0,0,0,0,0,0.333154575,400000,200000,50000,0.5,0.125,2.0,4,12500,50000,4.0,4,,4921822208,143583236096,,,,,,,,,e503c7cb99f9b706f31ea7bbdb7d912e6118cde2c8f074ad630d36d6e8e92385,1,,,0,0.0,0.0,0,,,0.0,0.0,0,,,0.0,0.0,0,,,0.0,0.0,0,,,0.0,0.0,0,,,0.0,0.0,0,,,0.0,0.0,0,,,0.0,0.0,0,,,0.0,0.0,0,,,0.0,0.0,0,,,0.0,0.0,0,,,0.0,0.0,0,,,0.0,0.0,0,,,0.0,0.0,0,,,0.0,0.0,0,,,0.0,0.0,0,,,0.0,0.0,0,,,0,0,0,,,0,0,0,,,0,0,0,,,0,0,0,,,0,0,0,,,0,0,0,,,0,0,0,,,0.0,0.0,0.0,0.0,0.0,0.0,0.0,0.0,0.0,0.0,0.0,0.0,0.0,0.0,0.0,0.0,0.0,0,0,0,0,0,0,0,,,,,,,,,,,,0,0,0,0.0,0.0,0.0,0.0
cpu,none,,0,resident,overlap_clustered_combined_12_5,100000,combined_12_5,clustered,2048,1,83.550845971331,3,False,0,0,9,1,10,0,0,0,0,0,0,0,0,0.329408412,400000,200000,50000,0.5,0.125,2.0,4,12500,50000,4.0,4,,4921822208,143583236096,,,,,,,,,2ba0910f71c67d14737709a679d3f61541396496df427c5e6d019d6b197b208e,1,,,0,0.0,0.0,0,,,0.0,0.0,0,,,0.0,0.0,0,,,0.0,0.0,0,,,0.0,0.0,0,,,0.0,0.0,0,,,0.0,0.0,0,,,0.0,0.0,0,,,0.0,0.0,0,,,0.0,0.0,0,,,0.0,0.0,0,,,0.0,0.0,0,,,0.0,0.0,0,,,0.0,0.0,0,,,0.0,0.0,0,,,0.0,0.0,0,,,0.0,0.0,0,,,0,0,0,,,0,0,0,,,0,0,0,,,0,0,0,,,0,0,0,,,0,0,0,,,0,0,0,,,0.0,0.0,0.0,0.0,0.0,0.0,0.0,0.0,0.0,0.0,0.0,0.0,0.0,0.0,0.0,0.0,0.0,0,0,0,0,0,0,0,,,,,,,,,,,,0,0,0,0.0,0.0,0.0,0.0
cpu,none,,0,resident,overlap_clustered_combined_12_5,100000,combined_12_5,clustered,2048,2,83.3968089427799,1,False,0,0,10,2,12,0,0,0,0,0,0,0,0,0.32923210199999997,400000,200000,50000,0.5,0.125,2.0,4,12500,50000,4.0,4,,4921822208,143583236096,,,,,,,,,d42fd5add5b02c164d390790687ecf2b4baf06b18ad7453cabebaeccb8e7febb,1,,,0,0.0,0.0,0,,,0.0,0.0,0,,,0.0,0.0,0,,,0.0,0.0,0,,,0.0,0.0,0,,,0.0,0.0,0,,,0.0,0.0,0,,,0.0,0.0,0,,,0.0,0.0,0,,,0.0,0.0,0,,,0.0,0.0,0,,,0.0,0.0,0,,,0.0,0.0,0,,,0.0,0.0,0,,,0.0,0.0,0,,,0.0,0.0,0,,,0.0,0.0,0,,,0,0,0,,,0,0,0,,,0,0,0,,,0,0,0,,,0,0,0,,,0,0,0,,,0,0,0,,,0.0,0.0,0.0,0.0,0.0,0.0,0.0,0.0,0.0,0.0,0.0,0.0,0.0,0.0,0.0,0.0,0.0,0,0,0,0,0,0,0,,,,,,,,,,,,0,0,0,0.0,0.0,0.0,0.0
cpu,none,,0,resident,overlap_clustered_combined_12_5,100000,combined_12_5,clustered,2048,3,83.40348792262375,3,False,0,0,8,0,8,0,0,0,0,0,0,0,0,0.329267053,400000,200000,50000,0.5,0.125,2.0,4,12500,50000,4.0,4,,4921822208,143583236096,,,,,,,,,1868ae3f0978c6f66a29ea1d1f123fe88c527eff6adda8ef08474961e17c2c9b,1,,,0,0.0,0.0,0,,,0.0,0.0,0,,,0.0,0.0,0,,,0.0,0.0,0,,,0.0,0.0,0,,,0.0,0.0,0,,,0.0,0.0,0,,,0.0,0.0,0,,,0.0,0.0,0,,,0.0,0.0,0,,,0.0,0.0,0,,,0.0,0.0,0,,,0.0,0.0,0,,,0.0,0.0,0,,,0.0,0.0,0,,,0.0,0.0,0,,,0.0,0.0,0,,,0,0,0,,,0,0,0,,,0,0,0,,,0,0,0,,,0,0,0,,,0,0,0,,,0,0,0,,,0.0,0.0,0.0,0.0,0.0,0.0,0.0,0.0,0.0,0.0,0.0,0.0,0.0,0.0,0.0,0.0,0.0,0,0,0,0,0,0,0,,,,,,,,,,,,0,0,0,0.0,0.0,0.0,0.0
cpu,none,,0,resident,overlap_clustered_combined_12_5,100000,combined_12_5,clustered,2048,4,83.43846804928035,3,False,0,0,8,0,8,0,0,0,0,0,0,0,0,0.329660753,400000,200000,50000,0.5,0.125,2.0,4,12500,50000,4.0,4,,4921822208,143583252480,,,,,,,,,dd821f2e5a2af1dc96ecaa69e54d44cceaefedbb956b67436cc06dc3a30f8f89,1,,,0,0.0,0.0,0,,,0.0,0.0,0,,,0.0,0.0,0,,,0.0,0.0,0,,,0.0,0.0,0,,,0.0,0.0,0,,,0.0,0.0,0,,,0.0,0.0,0,,,0.0,0.0,0,,,0.0,0.0,0,,,0.0,0.0,0,,,0.0,0.0,0,,,0.0,0.0,0,,,0.0,0.0,0,,,0.0,0.0,0,,,0.0,0.0,0,,,0.0,0.0,0,,,0,0,0,,,0,0,0,,,0,0,0,,,0,0,0,,,0,0,0,,,0,0,0,,,0,0,0,,,0.0,0.0,0.0,0.0,0.0,0.0,0.0,0.0,0.0,0.0,0.0,0.0,0.0,0.0,0.0,0.0,0.0,0,0,0,0,0,0,0,,,,,,,,,,,,0,0,0,0.0,0.0,0.0,0.0
cpu,none,,0,resident,overlap_clustered_combined_6_25,100000,combined_6_25,clustered,2048,0,67.7305570570752,1,False,0,0,8,0,8,0,0,0,0,0,0,0,0,0.266502892,400000,100000,25000,0.25,0.0625,4.0,4,6250,25000,4.0,4,,4921822208,143583395840,,,,,,,,,84bb9c2acbf4e30809952e8de290bd1b9a7a25ced4c4fa43aca8df64b86fa1c3,1,,,0,0.0,0.0,0,,,0.0,0.0,0,,,0.0,0.0,0,,,0.0,0.0,0,,,0.0,0.0,0,,,0.0,0.0,0,,,0.0,0.0,0,,,0.0,0.0,0,,,0.0,0.0,0,,,0.0,0.0,0,,,0.0,0.0,0,,,0.0,0.0,0,,,0.0,0.0,0,,,0.0,0.0,0,,,0.0,0.0,0,,,0.0,0.0,0,,,0.0,0.0,0,,,0,0,0,,,0,0,0,,,0,0,0,,,0,0,0,,,0,0,0,,,0,0,0,,,0,0,0,,,0.0,0.0,0.0,0.0,0.0,0.0,0.0,0.0,0.0,0.0,0.0,0.0,0.0,0.0,0.0,0.0,0.0,0,0,0,0,0,0,0,,,,,,,,,,,,0,0,0,0.0,0.0,0.0,0.0
cpu,none,,0,resident,overlap_clustered_combined_6_25,100000,combined_6_25,clustered,2048,1,67.80106597580016,1,False,0,0,8,0,8,0,0,0,0,0,0,0,0,0.26653926299999997,400000,100000,25000,0.25,0.0625,4.0,4,6250,25000,4.0,4,,4921822208,143583395840,,,,,,,,,099ae8b87add43962c93e78691747ffba91e00bc05c5e53b921aa00755634219,1,,,0,0.0,0.0,0,,,0.0,0.0,0,,,0.0,0.0,0,,,0.0,0.0,0,,,0.0,0.0,0,,,0.0,0.0,0,,,0.0,0.0,0,,,0.0,0.0,0,,,0.0,0.0,0,,,0.0,0.0,0,,,0.0,0.0,0,,,0.0,0.0,0,,,0.0,0.0,0,,,0.0,0.0,0,,,0.0,0.0,0,,,0.0,0.0,0,,,0.0,0.0,0,,,0,0,0,,,0,0,0,,,0,0,0,,,0,0,0,,,0,0,0,,,0,0,0,,,0,0,0,,,0.0,0.0,0.0,0.0,0.0,0.0,0.0,0.0,0.0,0.0,0.0,0.0,0.0,0.0,0.0,0.0,0.0,0,0,0,0,0,0,0,,,,,,,,,,,,0,0,0,0.0,0.0,0.0,0.0
cpu,none,,0,resident,overlap_clustered_combined_6_25,100000,combined_6_25,clustered,2048,2,67.78575701173395,3,False,0,0,8,0,8,0,0,0,0,0,0,0,0,0.266626872,400000,100000,25000,0.25,0.0625,4.0,4,6250,25000,4.0,4,,4921822208,143583395840,,,,,,,,,e42ddac3a7a22b798994f0c89e738e5cc9c8871d8f39cffbaf0755d36ced77d7,1,,,0,0.0,0.0,0,,,0.0,0.0,0,,,0.0,0.0,0,,,0.0,0.0,0,,,0.0,0.0,0,,,0.0,0.0,0,,,0.0,0.0,0,,,0.0,0.0,0,,,0.0,0.0,0,,,0.0,0.0,0,,,0.0,0.0,0,,,0.0,0.0,0,,,0.0,0.0,0,,,0.0,0.0,0,,,0.0,0.0,0,,,0.0,0.0,0,,,0.0,0.0,0,,,0,0,0,,,0,0,0,,,0,0,0,,,0,0,0,,,0,0,0,,,0,0,0,,,0,0,0,,,0.0,0.0,0.0,0.0,0.0,0.0,0.0,0.0,0.0,0.0,0.0,0.0,0.0,0.0,0.0,0.0,0.0,0,0,0,0,0,0,0,,,,,,,,,,,,0,0,0,0.0,0.0,0.0,0.0
cpu,none,,0,resident,overlap_clustered_combined_6_25,100000,combined_6_25,clustered,2048,3,67.96020397450775,1,False,0,0,8,0,8,0,0,0,0,0,0,0,0,0.266682523,400000,100000,25000,0.25,0.0625,4.0,4,6250,25000,4.0,4,,4921822208,143583432704,,,,,,,,,7168199ecc7aa17e3f8896999ab5635300cd44be21ad77a24b3b3a2e3a687d8a,1,,,0,0.0,0.0,0,,,0.0,0.0,0,,,0.0,0.0,0,,,0.0,0.0,0,,,0.0,0.0,0,,,0.0,0.0,0,,,0.0,0.0,0,,,0.0,0.0,0,,,0.0,0.0,0,,,0.0,0.0,0,,,0.0,0.0,0,,,0.0,0.0,0,,,0.0,0.0,0,,,0.0,0.0,0,,,0.0,0.0,0,,,0.0,0.0,0,,,0.0,0.0,0,,,0,0,0,,,0,0,0,,,0,0,0,,,0,0,0,,,0,0,0,,,0,0,0,,,0,0,0,,,0.0,0.0,0.0,0.0,0.0,0.0,0.0,0.0,0.0,0.0,0.0,0.0,0.0,0.0,0.0,0.0,0.0,0,0,0,0,0,0,0,,,,,,,,,,,,0,0,0,0.0,0.0,0.0,0.0
cpu,none,,0,resident,overlap_clustered_combined_6_25,100000,combined_6_25,clustered,2048,4,67.8378059528768,1,False,0,0,8,0,8,0,0,0,0,0,0,0,0,0.266589713,400000,100000,25000,0.25,0.0625,4.0,4,6250,25000,4.0,4,,4921822208,143583432704,,,,,,,,,8aa2fb5e2d3dfdc0c2e2522404dc8e477e7bd2fbe1beff3a860df4674931c6a2,1,,,0,0.0,0.0,0,,,0.0,0.0,0,,,0.0,0.0,0,,,0.0,0.0,0,,,0.0,0.0,0,,,0.0,0.0,0,,,0.0,0.0,0,,,0.0,0.0,0,,,0.0,0.0,0,,,0.0,0.0,0,,,0.0,0.0,0,,,0.0,0.0,0,,,0.0,0.0,0,,,0.0,0.0,0,,,0.0,0.0,0,,,0.0,0.0,0,,,0.0,0.0,0,,,0,0,0,,,0,0,0,,,0,0,0,,,0,0,0,,,0,0,0,,,0,0,0,,,0,0,0,,,0.0,0.0,0.0,0.0,0.0,0.0,0.0,0.0,0.0,0.0,0.0,0.0,0.0,0.0,0.0,0.0,0.0,0,0,0,0,0,0,0,,,,,,,,,,,,0,0,0,0.0,0.0,0.0,0.0
cpu,none,,0,resident,overlap_clustered_combined_3_125,100000,combined_3_125,clustered,2048,0,59.94665599428117,1,False,0,0,8,0,8,0,0,0,0,0,0,0,0,0.235316575,400000,50000,12500,0.125,0.03125,8.0,4,3125,12500,4.0,4,,4921822208,143583686656,,,,,,,,,23539a2deec1b65b53470296a63def95404ee5e76bee94d9da27f6f7faaa4fa9,1,,,0,0.0,0.0,0,,,0.0,0.0,0,,,0.0,0.0,0,,,0.0,0.0,0,,,0.0,0.0,0,,,0.0,0.0,0,,,0.0,0.0,0,,,0.0,0.0,0,,,0.0,0.0,0,,,0.0,0.0,0,,,0.0,0.0,0,,,0.0,0.0,0,,,0.0,0.0,0,,,0.0,0.0,0,,,0.0,0.0,0,,,0.0,0.0,0,,,0.0,0.0,0,,,0,0,0,,,0,0,0,,,0,0,0,,,0,0,0,,,0,0,0,,,0,0,0,,,0,0,0,,,0.0,0.0,0.0,0.0,0.0,0.0,0.0,0.0,0.0,0.0,0.0,0.0,0.0,0.0,0.0,0.0,0.0,0,0,0,0,0,0,0,,,,,,,,,,,,0,0,0,0.0,0.0,0.0,0.0
cpu,none,,0,resident,overlap_clustered_combined_3_125,100000,combined_3_125,clustered,2048,1,60.028844978660345,1,False,0,0,9,1,10,0,0,0,0,0,0,0,0,0.235434381,400000,50000,12500,0.125,0.03125,8.0,4,3125,12500,4.0,4,,4921822208,143583686656,,,,,,,,,dd735e702aab6a5ef4e078e005d31bae113c86702f38c9b08a1107977ef0c950,1,,,0,0.0,0.0,0,,,0.0,0.0,0,,,0.0,0.0,0,,,0.0,0.0,0,,,0.0,0.0,0,,,0.0,0.0,0,,,0.0,0.0,0,,,0.0,0.0,0,,,0.0,0.0,0,,,0.0,0.0,0,,,0.0,0.0,0,,,0.0,0.0,0,,,0.0,0.0,0,,,0.0,0.0,0,,,0.0,0.0,0,,,0.0,0.0,0,,,0.0,0.0,0,,,0,0,0,,,0,0,0,,,0,0,0,,,0,0,0,,,0,0,0,,,0,0,0,,,0,0,0,,,0.0,0.0,0.0,0.0,0.0,0.0,0.0,0.0,0.0,0.0,0.0,0.0,0.0,0.0,0.0,0.0,0.0,0,0,0,0,0,0,0,,,,,,,,,,,,0,0,0,0.0,0.0,0.0,0.0
cpu,none,,0,resident,overlap_clustered_combined_3_125,100000,combined_3_125,clustered,2048,2,59.92628703825176,1,False,0,0,8,0,8,0,0,0,0,0,0,0,0,0.235047555,400000,50000,12500,0.125,0.03125,8.0,4,3125,12500,4.0,4,,4921822208,143583686656,,,,,,,,,1f3440f1ece5472a09fa600f0d3b94e74502e6d5c62dacc3b9b56e7b9c63eade,1,,,0,0.0,0.0,0,,,0.0,0.0,0,,,0.0,0.0,0,,,0.0,0.0,0,,,0.0,0.0,0,,,0.0,0.0,0,,,0.0,0.0,0,,,0.0,0.0,0,,,0.0,0.0,0,,,0.0,0.0,0,,,0.0,0.0,0,,,0.0,0.0,0,,,0.0,0.0,0,,,0.0,0.0,0,,,0.0,0.0,0,,,0.0,0.0,0,,,0.0,0.0,0,,,0,0,0,,,0,0,0,,,0,0,0,,,0,0,0,,,0,0,0,,,0,0,0,,,0,0,0,,,0.0,0.0,0.0,0.0,0.0,0.0,0.0,0.0,0.0,0.0,0.0,0.0,0.0,0.0,0.0,0.0,0.0,0,0,0,0,0,0,0,,,,,,,,,,,,0,0,0,0.0,0.0,0.0,0.0
cpu,none,,0,resident,overlap_clustered_combined_3_125,100000,combined_3_125,clustered,2048,3,60.168022057041526,1,False,0,0,8,0,8,0,0,0,0,0,0,0,0,0.235407584,400000,50000,12500,0.125,0.03125,8.0,4,3125,12500,4.0,4,,4921822208,143583686656,,,,,,,,,b85c5508b2843b381d9e27bae605a062858046c0dc876dbb271c5505b644d538,1,,,0,0.0,0.0,0,,,0.0,0.0,0,,,0.0,0.0,0,,,0.0,0.0,0,,,0.0,0.0,0,,,0.0,0.0,0,,,0.0,0.0,0,,,0.0,0.0,0,,,0.0,0.0,0,,,0.0,0.0,0,,,0.0,0.0,0,,,0.0,0.0,0,,,0.0,0.0,0,,,0.0,0.0,0,,,0.0,0.0,0,,,0.0,0.0,0,,,0.0,0.0,0,,,0,0,0,,,0,0,0,,,0,0,0,,,0,0,0,,,0,0,0,,,0,0,0,,,0,0,0,,,0.0,0.0,0.0,0.0,0.0,0.0,0.0,0.0,0.0,0.0,0.0,0.0,0.0,0.0,0.0,0.0,0.0,0,0,0,0,0,0,0,,,,,,,,,,,,0,0,0,0.0,0.0,0.0,0.0
cpu,none,,0,resident,overlap_clustered_combined_3_125,100000,combined_3_125,clustered,2048,4,60.0438549881801,1,False,0,0,8,0,8,0,0,0,0,0,0,0,0,0.235558064,400000,50000,12500,0.125,0.03125,8.0,4,3125,12500,4.0,4,,4921822208,143583686656,,,,,,,,,d096782fef9ffccf811ca1387bca6e2ec7ceddfe8a93f2d44027c449f3b9c1a2,1,,,0,0.0,0.0,0,,,0.0,0.0,0,,,0.0,0.0,0,,,0.0,0.0,0,,,0.0,0.0,0,,,0.0,0.0,0,,,0.0,0.0,0,,,0.0,0.0,0,,,0.0,0.0,0,,,0.0,0.0,0,,,0.0,0.0,0,,,0.0,0.0,0,,,0.0,0.0,0,,,0.0,0.0,0,,,0.0,0.0,0,,,0.0,0.0,0,,,0.0,0.0,0,,,0,0,0,,,0,0,0,,,0,0,0,,,0,0,0,,,0,0,0,,,0,0,0,,,0,0,0,,,0.0,0.0,0.0,0.0,0.0,0.0,0.0,0.0,0.0,0.0,0.0,0.0,0.0,0.0,0.0,0.0,0.0,0,0,0,0,0,0,0,,,,,,,,,,,,0,0,0,0.0,0.0,0.0,0.0
cpu,none,,0,resident,overlap_clustered_stress_1,100000,stress_1,clustered,2048,0,59.824937023222446,1,False,0,0,8,0,8,0,0,0,0,0,0,0,0,0.234574794,400000,16000,4000,0.04,0.01,25.0,4,1000,4000,4.0,4,,4921822208,143584034816,,,,,,,,,a2c4b3b8e2fdd4b2e2e10a92c5cb5282f0630ea1798ef3c2f9fbb20a2af67363,1,,,0,0.0,0.0,0,,,0.0,0.0,0,,,0.0,0.0,0,,,0.0,0.0,0,,,0.0,0.0,0,,,0.0,0.0,0,,,0.0,0.0,0,,,0.0,0.0,0,,,0.0,0.0,0,,,0.0,0.0,0,,,0.0,0.0,0,,,0.0,0.0,0,,,0.0,0.0,0,,,0.0,0.0,0,,,0.0,0.0,0,,,0.0,0.0,0,,,0.0,0.0,0,,,0,0,0,,,0,0,0,,,0,0,0,,,0,0,0,,,0,0,0,,,0,0,0,,,0,0,0,,,0.0,0.0,0.0,0.0,0.0,0.0,0.0,0.0,0.0,0.0,0.0,0.0,0.0,0.0,0.0,0.0,0.0,0,0,0,0,0,0,0,,,,,,,,,,,,0,0,0,0.0,0.0,0.0,0.0
cpu,none,,0,resident,overlap_clustered_stress_1,100000,stress_1,clustered,2048,1,59.814188978634775,1,False,0,0,8,0,8,0,0,0,0,0,0,0,0,0.234353421,400000,16000,4000,0.04,0.01,25.0,4,1000,4000,4.0,4,,4921822208,143584034816,,,,,,,,,db91bdaebcd0e69de86822aedf9b846e1387b455c9a7b47d61aec4a8c1d88519,1,,,0,0.0,0.0,0,,,0.0,0.0,0,,,0.0,0.0,0,,,0.0,0.0,0,,,0.0,0.0,0,,,0.0,0.0,0,,,0.0,0.0,0,,,0.0,0.0,0,,,0.0,0.0,0,,,0.0,0.0,0,,,0.0,0.0,0,,,0.0,0.0,0,,,0.0,0.0,0,,,0.0,0.0,0,,,0.0,0.0,0,,,0.0,0.0,0,,,0.0,0.0,0,,,0,0,0,,,0,0,0,,,0,0,0,,,0,0,0,,,0,0,0,,,0,0,0,,,0,0,0,,,0.0,0.0,0.0,0.0,0.0,0.0,0.0,0.0,0.0,0.0,0.0,0.0,0.0,0.0,0.0,0.0,0.0,0,0,0,0,0,0,0,,,,,,,,,,,,0,0,0,0.0,0.0,0.0,0.0
cpu,none,,0,resident,overlap_clustered_stress_1,100000,stress_1,clustered,2048,2,59.46394300553948,3,False,0,0,8,0,8,0,0,0,0,0,0,0,0,0.233340724,400000,16000,4000,0.04,0.01,25.0,4,1000,4000,4.0,4,,4921822208,143584051200,,,,,,,,,433351ebbc526cfbffd56af38f1c1e44f3aa076854688f6acd3fff540d67bdb5,1,,,0,0.0,0.0,0,,,0.0,0.0,0,,,0.0,0.0,0,,,0.0,0.0,0,,,0.0,0.0,0,,,0.0,0.0,0,,,0.0,0.0,0,,,0.0,0.0,0,,,0.0,0.0,0,,,0.0,0.0,0,,,0.0,0.0,0,,,0.0,0.0,0,,,0.0,0.0,0,,,0.0,0.0,0,,,0.0,0.0,0,,,0.0,0.0,0,,,0.0,0.0,0,,,0,0,0,,,0,0,0,,,0,0,0,,,0,0,0,,,0,0,0,,,0,0,0,,,0,0,0,,,0.0,0.0,0.0,0.0,0.0,0.0,0.0,0.0,0.0,0.0,0.0,0.0,0.0,0.0,0.0,0.0,0.0,0,0,0,0,0,0,0,,,,,,,,,,,,0,0,0,0.0,0.0,0.0,0.0
cpu,none,,0,resident,overlap_clustered_stress_1,100000,stress_1,clustered,2048,3,59.62469009682536,1,False,0,0,8,0,8,0,0,0,0,0,0,0,0,0.234250286,400000,16000,4000,0.04,0.01,25.0,4,1000,4000,4.0,4,,4921822208,143584051200,,,,,,,,,8ac78a257781d9fdb9dc9b8e82f774322fe2329139601e87ca7b4a1d00f208a4,1,,,0,0.0,0.0,0,,,0.0,0.0,0,,,0.0,0.0,0,,,0.0,0.0,0,,,0.0,0.0,0,,,0.0,0.0,0,,,0.0,0.0,0,,,0.0,0.0,0,,,0.0,0.0,0,,,0.0,0.0,0,,,0.0,0.0,0,,,0.0,0.0,0,,,0.0,0.0,0,,,0.0,0.0,0,,,0.0,0.0,0,,,0.0,0.0,0,,,0.0,0.0,0,,,0,0,0,,,0,0,0,,,0,0,0,,,0,0,0,,,0,0,0,,,0,0,0,,,0,0,0,,,0.0,0.0,0.0,0.0,0.0,0.0,0.0,0.0,0.0,0.0,0.0,0.0,0.0,0.0,0.0,0.0,0.0,0,0,0,0,0,0,0,,,,,,,,,,,,0,0,0,0.0,0.0,0.0,0.0
cpu,none,,0,resident,overlap_clustered_stress_1,100000,stress_1,clustered,2048,4,60.0594449788332,1,False,0,0,8,0,8,0,0,0,0,0,0,0,0,0.236176223,400000,16000,4000,0.04,0.01,25.0,4,1000,4000,4.0,4,,4921822208,143584059392,,,,,,,,,fa56805010965a551d918947a5c97d69553e8b18cc05129fd376495ae544c8b0,1,,,0,0.0,0.0,0,,,0.0,0.0,0,,,0.0,0.0,0,,,0.0,0.0,0,,,0.0,0.0,0,,,0.0,0.0,0,,,0.0,0.0,0,,,0.0,0.0,0,,,0.0,0.0,0,,,0.0,0.0,0,,,0.0,0.0,0,,,0.0,0.0,0,,,0.0,0.0,0,,,0.0,0.0,0,,,0.0,0.0,0,,,0.0,0.0,0,,,0.0,0.0,0,,,0,0,0,,,0,0,0,,,0,0,0,,,0,0,0,,,0,0,0,,,0,0,0,,,0,0,0,,,0.0,0.0,0.0,0.0,0.0,0.0,0.0,0.0,0.0,0.0,0.0,0.0,0.0,0.0,0.0,0.0,0.0,0,0,0,0,0,0,0,,,,,,,,,,,,0,0,0,0.0,0.0,0.0,0.0
tiledb,node,256,0,cold,overlap_clustered_independent,100000,independent,clustered,2048,0,781.2293920433149,1,True,3278843904,0,48,3,51,3278843904,0,25044,0,25044,3278843904,25044,0,5.200297498,400000,400000,400000,1.0,1.0,1.0,1,100000,400000,4.0,4,1566,8212470784,10490175488,,,,,,,,,002a640dafb29725a6a96ab7d6e3787f95da0dd1a6e978e5e2409dbb27763dcb,1,1563,,1,0.454144,0.3770945,3,0.361695,0.361695,0.111969,0.02799225,1,0.111969,0.111969,0.037649,0.00941225,1,0.037649,0.037649,0.01353,0.011125,0,0.01305,0.01305,0.064729,0.01618225,1,0.064729,0.064729,666.292348,166.57357449999998,1,666.292348,666.292348,0.309555,0.07738875,1,0.309555,0.309555,0.0,0.0,0,0.0,0.0,0.0,0.0,0,0.0,0.0,0.08931900000000001,0.022329750000000002,1,0.08931900000000001,0.08931900000000001,0.101328,0.025332,1,0.101328,0.101328,629.56186,157.390465,1,629.56186,629.56186,0.0,0.0,0,0.0,0.0,57.445442,14.3613605,1,57.445442,57.445442,4.58331,1.1458275,1,4.58331,4.58331,779.446079,595.95746025,2,50.798823,50.798823,1.192842,1.17730725,0,1.137473,1.137473,400000,100000,1,400000,400000,400000,100000,1,400000,400000,1,0.25,1,1,1,1,0.25,1,1,1,3200000,800000,1,3200000,3200000,3276800000,819200000,1,3276800000,3276800000,3276800000,819200000,1,3276800000,3276800000,0.361695,0.111969,0.037649,0.01305,0.064729,666.292348,0.309555,0.0,0.0,0.08931900000000001,0.101328,629.56186,0.0,57.445442,4.58331,50.798823,1.137473,400000,400000,1,1,3200000,3276800000,3276800000,,,,,,,,,,,,25044,0,25044,32057.16560983083,0.0,32057.16560983083,32057.16560983083
tiledb,node,256,0,cold,overlap_clustered_independent,100000,independent,clustered,2048,1,781.2226120149717,2,False,3279003648,0,56,4,60,3279003648,0,25048,0,25048,3279003648,25048,0,5.193964579,400000,400000,400000,1.0,1.0,1.0,1,100000,400000,4.0,4,1566,8212470784,10509430784,,,,,,,,,6bb974abc81f2ba6ba920f70674eedb9c3e3f8ea3b84bc4f945db32bf1a803fb,1,1563,,1,0.500593,0.410169,2,0.395744,0.395744,0.112069,0.02801725,1,0.112069,0.112069,0.038579,0.00964475,1,0.038579,0.038579,0.01375,0.010415,0,0.01122,0.01122,0.064989,0.01624725,1,0.064989,0.064989,666.413296,166.60388899999998,1,666.413296,666.413296,0.314135,0.07853375,1,0.314135,0.314135,0.0,0.0,0,0.0,0.0,0.0,0.0,0,0.0,0.0,0.087329,0.02183225,1,0.087329,0.087329,0.109158,0.0272895,1,0.109158,0.109158,628.161601,157.04040025,1,628.161601,628.161601,0.0,0.0,0,0.0,0.0,57.436853,14.35921325,1,57.436853,57.436853,4.5783,1.144575,1,4.5783,4.5783,779.40897,596.02237475,2,50.665356,50.665356,1.197192,1.1787345,3,1.140382,1.140382,400000,100000,1,400000,400000,400000,100000,1,400000,400000,1,0.25,1,1,1,1,0.25,1,1,1,3200000,800000,1,3200000,3200000,3276800000,819200000,1,3276800000,3276800000,3276800000,819200000,1,3276800000,3276800000,0.500593,0.0,0.0,0.00861,0.0,0.00058,0.0,0.0,0.0,0.0,0.0,0.0,0.0,0.0,0.0,779.40897,1.192902,0,0,0,0,0,0,0,,,,,,,,,,,,25048,0,25048,32062.56400514937,0.0,32062.56400514937,32062.56400514937
tiledb,node,256,0,cold,overlap_clustered_independent,100000,independent,clustered,2048,2,785.4633569950238,2,False,3278819328,0,50,4,54,3278819328,0,25046,0,25046,3278819328,25046,0,5.231631879,400000,400000,400000,1.0,1.0,1.0,1,100000,400000,4.0,4,1566,8212470784,10509520896,,,,,,,,,41422c75c4dda92bcc06e098a7ee0ba259d011dfc01c75876317611df0d0077a,1,1563,,1,0.408894,0.32873025,2,0.263776,0.263776,0.110538,0.0276345,1,0.110538,0.110538,0.03514,0.008785,1,0.03514,0.03514,0.0118,0.01032975,0,0.011669,0.011669,0.06304,0.01576,1,0.06304,0.06304,670.566193,167.64215325,1,670.566193,670.566193,0.311726,0.0779315,1,0.311726,0.311726,0.0,0.0,0,0.0,0.0,0.0,0.0,0,0.0,0.0,0.086779,0.02169475,1,0.086779,0.086779,0.102269,0.02556725,1,0.102269,0.102269,631.955783,157.98894575,1,631.955783,631.955783,0.0,0.0,0,0.0,0.0,57.438742,14.3596855,1,57.438742,57.438742,4.58193,1.1454825,1,4.58193,4.58193,783.741013,599.19177325,2,50.835033,50.835033,1.192102,1.17593975,3,1.139483,1.139483,400000,100000,1,400000,400000,400000,100000,1,400000,400000,1,0.25,1,1,1,1,0.25,1,1,1,3200000,800000,1,3200000,3200000,3276800000,819200000,1,3276800000,3276800000,3276800000,819200000,1,3276800000,3276800000,0.408894,0.0,0.0,0.00858,0.0,0.0006,0.0,0.0,0.0,0.0,0.0,0.0,0.0,0.0,0.0,783.741013,1.187462,0,0,0,0,0,0,0,,,,,,,,,,,,25046,0,25046,31886.91079851186,0.0,31886.91079851186,31886.91079851186
tiledb,node,256,0,cold,overlap_clustered_independent,100000,independent,clustered,2048,3,793.6562430113554,1,True,3278917632,0,49,4,53,3278917632,0,25045,0,25045,3278917632,25045,0,5.27420537,400000,400000,400000,1.0,1.0,1.0,1,100000,400000,4.0,4,1566,8212470784,10509627392,,,,,,,,,2b6864e7f00fc67d81f3a5cb8ddfc814fb6fac85c10272979ef0a8412053f4be,1,1563,,1,0.419364,0.34615,2,0.327215,0.327215,0.111498,0.0278745,1,0.111498,0.111498,0.03671,0.0091775,1,0.03671,0.03671,0.011269,0.009687,0,0.010589,0.010589,0.064819,0.01620475,1,0.064819,0.064819,678.700789,169.67583975,1,678.700789,678.700789,0.317566,0.0793915,1,0.317566,0.317566,0.0,0.0,0,0.0,0.0,0.0,0.0,0,0.0,0.0,0.083178,0.0207945,1,0.083178,0.083178,0.098049,0.02451225,1,0.098049,0.098049,637.99576,159.49894,1,637.99576,637.99576,0.0,0.0,0,0.0,0.0,57.417353,14.35433825,1,57.417353,57.417353,4.58081,1.1452025,1,4.58081,4.58081,791.931699,605.278508,0,50.923052,50.923052,1.193872,1.17682475,2,1.138543,1.138543,400000,100000,1,400000,400000,400000,100000,1,400000,400000,1,0.25,1,1,1,1,0.25,1,1,1,3200000,800000,1,3200000,3200000,3276800000,819200000,1,3276800000,3276800000,3276800000,819200000,1,3276800000,3276800000,0.327215,0.111498,0.03671,0.010589,0.064819,678.700789,0.317566,0.0,0.0,0.083178,0.098049,637.99576,0.0,57.417353,4.58081,50.923052,1.138543,400000,400000,1,1,3200000,3276800000,3276800000,,,,,,,,,,,,25045,0,25045,31556.483327053804,0.0,31556.483327053804,31556.483327053804
tiledb,node,256,0,cold,overlap_clustered_independent,100000,independent,clustered,2048,4,792.7634760271758,2,False,3280855040,0,47,1,48,3280855040,0,25062,0,25062,3280855040,25062,0,5.318553597999999,400000,400000,400000,1.0,1.0,1.0,1,100000,400000,4.0,4,1567,8212470784,10509688832,,,,,,,,,57c2024bc3c00839323cd98729719070cc74a7ab62003f8180dcb78f3ddfb0b2,1,1564,,1,0.376044,0.3165,2,0.257186,0.257186,0.111078,0.0277695,1,0.111078,0.111078,0.03931,0.0098275,1,0.03931,0.03931,0.01097,0.0095325,1,0.01097,0.01097,0.065079,0.01626975,1,0.065079,0.065079,677.92562,169.4819975,1,677.92562,677.92562,0.313955,0.07848875,1,0.313955,0.313955,0.0,0.0,0,0.0,0.0,0.0,0.0,0,0.0,0.0,0.08287800000000001,0.020719500000000002,1,0.08287800000000001,0.08287800000000001,0.101769,0.02544225,1,0.101769,0.101769,637.516718,159.3791795,1,637.516718,637.516718,0.0,0.0,0,0.0,0.0,57.415663,14.35391575,1,57.415663,57.415663,4.659349,1.16483725,1,4.659349,4.659349,791.083801,604.742666,2,50.752824,50.752824,1.190071,1.176917,0,1.139373,1.139373,400000,100000,1,400000,400000,400000,100000,1,400000,400000,1,0.25,1,1,1,1,0.25,1,1,1,3200000,800000,1,3200000,3200000,3276800000,819200000,1,3276800000,3276800000,3276800000,819200000,1,3276800000,3276800000,0.376044,0.0,0.0,0.00837,0.0,0.00056,0.0,0.0,0.0,0.0,0.0,0.0,0.0,0.0,0.0,791.083801,1.188672,0,0,0,0,0,0,0,,,,,,,,,,,,25062,0,25062,31613.46449207617,0.0,31613.46449207617,31613.46449207617
tiledb,node,256,0,cold,overlap_clustered_cross_rank_25,100000,cross_rank_25,clustered,2048,0,309.23185392748564,0,False,822562816,0,18,1,19,822562816,0,6283,0,6283,822562816,6283,0,1.89403747,400000,400000,100000,1.0,0.25,1.0,4,25000,100000,4.0,4,1568,5753822208,11576520704,,,,,,,,,1ef431b664d23cfba7bfef6ecbd96dfe4a579d98a1dede3574d832df1ab6904d,1,392,,1,0.409823,0.360309,3,0.253556,0.253556,0.107389,0.02684725,1,0.107389,0.107389,0.036679,0.00916975,1,0.036679,0.036679,0.01242,0.0091175,1,0.01242,0.01242,0.02201,0.0055025,1,0.02201,0.02201,237.787036,59.447194,1,237.787036,237.787036,0.077799,0.01944975,1,0.077799,0.077799,0.0,0.0,0,0.0,0.0,0.0,0.0,0,0.0,0.0,0.08230799999999999,0.020576999999999998,1,0.08230799999999999,0.08230799999999999,0.03196,0.00799,1,0.03196,0.03196,197.435473,49.35886825,1,197.435473,197.435473,0.0,0.0,0,0.0,0.0,14.38798,3.596995,1,14.38798,14.38798,4.244165,1.06104125,1,4.244165,4.244165,307.55287,241.963045,0,50.860483,50.860483,1.188852,1.17407225,0,1.143063,1.143063,400000,100000,1,400000,400000,100000,25000,1,100000,100000,1,0.25,1,1,1,1,0.25,1,1,1,800000,200000,1,800000,800000,819200000,204800000,1,819200000,819200000,819200000,204800000,1,819200000,819200000,0.370474,0.0,0.0,0.00839,0.0,0.00078,0.0,0.0,0.0,0.0,0.0,0.0,0.0,0.0,0.0,307.55287,1.188852,0,0,0,0,0,0,0,,,,,,,,,,,,6283,0,6283,20318.08793370088,0.0,20318.08793370088,20318.08793370088
tiledb,node,256,0,cold,overlap_clustered_cross_rank_25,100000,cross_rank_25,clustered,2048,1,305.7342580286786,0,False,822665216,0,20,3,23,822665216,0,6283,0,6283,822665216,6283,0,1.871380989,400000,400000,100000,1.0,0.25,1.0,4,25000,100000,4.0,4,1568,5753822208,11576565760,,,,,,,,,8b620a11217e3ec9028aff7bab338a87c8610543271627b8966301d4f2de2786,1,392,,1,0.367014,0.3341995,2,0.259306,0.259306,0.109508,0.027377,1,0.109508,0.109508,0.03872,0.00968,1,0.03872,0.03872,0.01102,0.0089275,1,0.01102,0.01102,0.021869,0.00546725,1,0.021869,0.021869,234.213351,58.55370275,1,234.213351,234.213351,0.076349,0.01908725,1,0.076349,0.076349,0.0,0.0,0,0.0,0.0,0.0,0.0,0,0.0,0.0,0.084929,0.02123225,1,0.084929,0.084929,0.03126,0.007815,1,0.03126,0.03126,193.882177,48.47054425,1,193.882177,193.882177,0.0,0.0,0,0.0,0.0,14.38712,3.59678,1,14.38712,14.38712,4.240506,1.0601265,1,4.240506,4.240506,304.084943,239.3064905,0,50.964871,50.964871,1.180962,1.17032975,2,1.142423,1.142423,400000,100000,1,400000,400000,100000,25000,1,100000,100000,1,0.25,1,1,1,1,0.25,1,1,1,800000,200000,1,800000,800000,819200000,204800000,1,819200000,819200000,819200000,204800000,1,819200000,819200000,0.346214,0.0,0.0,0.00886,0.0,0.00069,0.0,0.0,0.0,0.0,0.0,0.0,0.0,0.0,0.0,304.084943,1.178692,0,0,0,0,0,0,0,,,,,,,,,,,,6283,0,6283,20550.52659296898,0.0,20550.52659296898,20550.52659296898
tiledb,node,256,0,cold,overlap_clustered_cross_rank_25,100000,cross_rank_25,clustered,2048,2,316.99793599545956,2,False,822505472,0,17,0,17,822505472,118784,6283,2,6285,822505472,6283,2,1.829748531,400000,400000,100000,1.0,0.25,1.0,4,25000,100000,4.0,4,1568,5753822208,11576610816,,,,,,,,,5aed05750d6eb4725ef15c817b5658e9c16e32fc25bdb6bd3f104c68a37c49ec,1,392,,1,0.419483,0.3725265,3,0.261966,0.261966,0.107809,0.02695225,1,0.107809,0.107809,0.037609,0.00940225,1,0.037609,0.037609,0.01176,0.008975,1,0.01176,0.01176,0.022539,0.00563475,1,0.022539,0.022539,245.40683,61.352160000000005,1,245.40683,245.40683,0.076729,0.01918225,1,0.076729,0.076729,0.0,0.0,0,0.0,0.0,0.0,0.0,0,0.0,0.0,0.085838,0.0214595,1,0.085838,0.085838,0.03145,0.0078625,1,0.03145,0.03145,206.049111,51.51227775,1,206.049111,206.049111,0.0,0.0,0,0.0,0.0,14.4144,3.6036,1,14.4144,14.4144,4.236905,1.05922625,1,4.236905,4.236905,315.298862,247.7150995,2,50.956911,50.956911,1.186742,1.17171975,3,1.136593,1.136593,400000,100000,1,400000,400000,100000,25000,1,100000,100000,1,0.25,1,1,1,1,0.25,1,1,1,800000,200000,1,800000,800000,819200000,204800000,1,819200000,819200000,819200000,204800000,1,819200000,819200000,0.416733,0.0,0.0,0.00766,0.0,0.00042,0.0,0.0,0.0,0.0,0.0,0.0,0.0,0.0,0.0,315.298862,1.181402,0,0,0,0,0,0,0,,,,,,,,,,,,6283,2,6285,19820.31832563728,6.309189344465153,19826.627514981745,19826.627514981745
tiledb,node,256,0,cold,overlap_clustered_cross_rank_25,100000,cross_rank_25,clustered,2048,3,313.607887015678,2,False,822607872,0,18,1,19,822607872,0,6283,0,6283,822607872,6283,0,1.852808419,400000,400000,100000,1.0,0.25,1.0,4,25000,100000,4.0,4,1568,5753822208,11576631296,,,,,,,,,8e39e3c9f8232d5ab505c076825beede285e70d8d4457f3e09b9122ed88f2a0d,1,392,,1,0.341335,0.3113305,2,0.252646,0.252646,0.108048,0.027012,1,0.108048,0.108048,0.038339,0.00958475,1,0.038339,0.038339,0.01098,0.0095825,1,0.01098,0.01098,0.02169,0.0054225,1,0.02169,0.02169,242.14715,60.537130000000005,1,242.14715,242.14715,0.077129,0.01928225,1,0.077129,0.077129,0.0,0.0,0,0.0,0.0,0.0,0.0,0,0.0,0.0,0.075629,0.01890725,1,0.075629,0.075629,0.031039,0.00775975,1,0.031039,0.031039,203.118056,50.779514,1,203.118056,203.118056,0.0,0.0,0,0.0,0.0,14.38738,3.596845,1,14.38738,14.38738,4.233165,1.05829125,1,4.233165,4.233165,311.986693,245.25661,2,50.935702,50.935702,1.181112,1.1684697499999999,0,1.133273,1.133273,400000,100000,1,400000,400000,100000,25000,1,100000,100000,1,0.25,1,1,1,1,0.25,1,1,1,800000,200000,1,800000,800000,819200000,204800000,1,819200000,819200000,819200000,204800000,1,819200000,819200000,0.341335,0.0,0.0,0.00892,0.0,0.00025,0.0,0.0,0.0,0.0,0.0,0.0,0.0,0.0,0.0,311.986693,1.181062,0,0,0,0,0,0,0,,,,,,,,,,,,6283,0,6283,20034.57266266361,0.0,20034.57266266361,20034.57266266361
tiledb,node,256,0,cold,overlap_clustered_cross_rank_25,100000,cross_rank_25,clustered,2048,4,288.9433150412515,1,True,822710272,0,20,3,23,822710272,0,6284,0,6284,822710272,6284,0,1.810224556,400000,400000,100000,1.0,0.25,1.0,4,25000,100000,4.0,4,1568,5753822208,11576664064,,,,,,,,,de6726a9748611993943992c84bc562a0e510bc946cae28495b41c954d4d3d2a,1,392,,1,0.544571,0.43523025,2,0.257586,0.257586,0.107759,0.02693975,1,0.107759,0.107759,0.035959,0.00898975,1,0.035959,0.035959,0.01101,0.00912,1,0.01101,0.01101,0.02183,0.0054575,1,0.02183,0.02183,217.25954,54.315205,1,217.25954,217.25954,0.077078,0.0192695,1,0.077078,0.077078,0.0,0.0,0,0.0,0.0,0.0,0.0,0,0.0,0.0,0.08373900000000001,0.020934750000000002,1,0.08373900000000001,0.08373900000000001,0.030599,0.00764975,1,0.030599,0.030599,178.361734,44.5904335,1,178.361734,178.361734,0.0,0.0,0,0.0,0.0,14.39544,3.59886,1,14.39544,14.39544,4.197396,1.049349,1,4.197396,4.197396,286.949595,226.50922624999998,0,50.821183,50.821183,1.190441,1.1764695,2,1.139603,1.139603,400000,100000,1,400000,400000,100000,25000,1,100000,100000,1,0.25,1,1,1,1,0.25,1,1,1,800000,200000,1,800000,800000,819200000,204800000,1,819200000,819200000,819200000,204800000,1,819200000,819200000,0.257586,0.107759,0.035959,0.01101,0.02183,217.25954,0.077078,0.0,0.0,0.08373900000000001,0.030599,178.361734,0.0,14.39544,4.197396,50.821183,1.139603,400000,100000,1,1,800000,819200000,819200000,,,,,,,,,,,,6284,0,6284,21748.2103681923,0.0,21748.2103681923,21748.2103681923
tiledb,node,256,0,cold,overlap_clustered_within_rank_25,100000,within_rank_25,clustered,2048,0,323.86880996637046,2,False,822562816,0,20,3,23,822562816,0,6283,0,6283,822562816,6283,0,1.891409798,400000,100000,100000,0.25,0.25,4.0,1,25000,100000,4.0,4,395,5753822208,11576840192,,,,,,,,,1ef431b664d23cfba7bfef6ecbd96dfe4a579d98a1dede3574d832df1ab6904d,1,392,,1,0.412883,0.34867175,2,0.250796,0.250796,0.106259,0.02656475,1,0.106259,0.106259,0.038209,0.00955225,1,0.038209,0.038209,0.01276,0.0100375,1,0.01276,0.01276,0.02193,0.0054825,1,0.02193,0.02193,253.546325,63.38697625,1,253.546325,253.546325,0.217426,0.0543565,1,0.217426,0.217426,0.0,0.0,0,0.0,0.0,0.0,0.0,0,0.0,0.0,0.080329,0.02008225,1,0.080329,0.080329,0.031339,0.00783475,1,0.031339,0.031339,213.570997,53.39274925,1,213.570997,213.570997,0.0,0.0,0,0.0,0.0,14.4117,3.602925,1,14.4117,14.4117,2.988674,0.7471685,1,2.988674,2.988674,322.180567,252.86758849999998,2,50.954042,50.954042,1.184562,1.170737,2,1.137942,1.137942,400000,100000,1,400000,400000,100000,25000,1,100000,100000,1,0.25,1,1,1,1,0.25,1,1,1,800000,200000,1,800000,800000,819200000,204800000,1,819200000,819200000,819200000,204800000,1,819200000,819200000,0.412883,0.0,0.0,0.00878,0.0,0.00036,0.0,0.0,0.0,0.0,0.0,0.0,0.0,0.0,0.0,322.180567,1.184562,0,0,0,0,0,0,0,,,,,,,,,,,,6283,0,6283,19399.83044570549,0.0,19399.83044570549,19399.83044570549
tiledb,node,256,0,cold,overlap_clustered_within_rank_25,100000,within_rank_25,clustered,2048,1,304.671744001098,2,False,822665216,0,17,0,17,822665216,0,6283,0,6283,822665216,6283,0,1.904029451,400000,100000,100000,0.25,0.25,4.0,1,25000,100000,4.0,4,395,5753822208,11576905728,,,,,,,,,8b620a11217e3ec9028aff7bab338a87c8610543271627b8966301d4f2de2786,1,392,,1,0.415124,0.36707725,3,0.261166,0.261166,0.107138,0.0267845,1,0.107138,0.107138,0.037499,0.00937475,1,0.037499,0.037499,0.01165,0.0090425,1,0.01165,0.01165,0.02203,0.0055075,1,0.02203,0.02203,234.428488,58.607516999999994,1,234.428488,234.428488,0.077779,0.01944475,1,0.077779,0.077779,0.0,0.0,0,0.0,0.0,0.0,0.0,0,0.0,0.0,0.085809,0.02145225,1,0.085809,0.085809,0.031379,0.00784475,1,0.031379,0.031379,195.806068,48.951517,1,195.806068,195.806068,0.0,0.0,0,0.0,0.0,14.38943,3.5973575,1,14.38943,14.38943,2.989524,0.747381,1,2.989524,2.989524,302.973001,238.56092,2,50.884853,50.884853,1.187752,1.17452925,0,1.142422,1.142422,400000,100000,1,400000,400000,100000,25000,1,100000,100000,1,0.25,1,1,1,1,0.25,1,1,1,800000,200000,1,800000,800000,819200000,204800000,1,819200000,819200000,819200000,204800000,1,819200000,819200000,0.413364,0.0,0.0,0.00785,0.0,0.0003,0.0,0.0,0.0,0.0,0.0,0.0,0.0,0.0,0.0,302.973001,1.183341,0,0,0,0,0,0,0,,,,,,,,,,,,6283,0,6283,20622.194619982078,0.0,20622.194619982078,20622.194619982078
tiledb,node,256,0,cold,overlap_clustered_within_rank_25,100000,within_rank_25,clustered,2048,2,318.33411601837724,0,False,822505472,0,18,1,19,822505472,0,6283,0,6283,822505472,6283,0,1.855894597,400000,100000,100000,0.25,0.25,4.0,1,25000,100000,4.0,4,395,5753822208,11576934400,,,,,,,,,5aed05750d6eb4725ef15c817b5658e9c16e32fc25bdb6bd3f104c68a37c49ec,1,392,,1,0.412523,0.3632765,2,0.259166,0.259166,0.105189,0.02629725,1,0.105189,0.105189,0.040639,0.01015975,1,0.040639,0.040639,0.01096,0.0087925,1,0.01096,0.01096,0.02209,0.0055225,1,0.02209,0.02209,247.99273,61.99855,1,247.99273,247.99273,0.077688,0.019422,1,0.077688,0.077688,0.0,0.0,0,0.0,0.0,0.0,0.0,0,0.0,0.0,0.083069,0.02076725,1,0.083069,0.083069,0.030069,0.00751725,1,0.030069,0.030069,208.592352,52.148088,1,208.592352,208.592352,0.0,0.0,0,0.0,0.0,14.38743,3.5968575,1,14.38743,14.38743,2.993264,0.748316,1,2.993264,2.993264,316.654931,248.6939945,0,51.00174,51.00174,1.183071,1.171187,2,1.139223,1.139223,400000,100000,1,400000,400000,100000,25000,1,100000,100000,1,0.25,1,1,1,1,0.25,1,1,1,800000,200000,1,800000,800000,819200000,204800000,1,819200000,819200000,819200000,204800000,1,819200000,819200000,0.370734,0.0,0.0,0.00853,0.0,0.00058,0.0,0.0,0.0,0.0,0.0,0.0,0.0,0.0,0.0,316.654931,1.181052,0,0,0,0,0,0,0,,,,,,,,,,,,6283,0,6283,19737.124247271335,0.0,19737.124247271335,19737.124247271335
tiledb,node,256,0,cold,overlap_clustered_within_rank_25,100000,within_rank_25,clustered,2048,3,311.29510304890573,0,False,822607872,0,20,3,23,822607872,0,6283,0,6283,822607872,6283,0,1.860743185,400000,100000,100000,0.25,0.25,4.0,1,25000,100000,4.0,4,395,5753822208,11576963072,,,,,,,,,8e39e3c9f8232d5ab505c076825beede285e70d8d4457f3e09b9122ed88f2a0d,1,392,,1,0.423634,0.37079700000000004,2,0.258056,0.258056,0.107368,0.026842,1,0.107368,0.107368,0.037689,0.00942225,1,0.037689,0.037689,0.01151,0.00882425,1,0.01151,0.01151,0.02202,0.005505,1,0.02202,0.02202,241.110426,60.277961499999996,1,241.110426,241.110426,0.078009,0.01950225,1,0.078009,0.078009,0.0,0.0,0,0.0,0.0,0.0,0.0,0,0.0,0.0,0.08642899999999999,0.021607249999999998,1,0.08642899999999999,0.08642899999999999,0.031129,0.00778225,1,0.031129,0.031129,201.817766,50.4544415,1,201.817766,201.817766,0.0,0.0,0,0.0,0.0,14.38966,3.597415,1,14.38966,14.38966,2.991254,0.7478135,1,2.991254,2.991254,309.612359,243.5543835,0,50.841923,50.841923,1.182102,1.16800975,3,1.134093,1.134093,400000,100000,1,400000,400000,100000,25000,1,100000,100000,1,0.25,1,1,1,1,0.25,1,1,1,800000,200000,1,800000,800000,819200000,204800000,1,819200000,819200000,819200000,204800000,1,819200000,819200000,0.378744,0.0,0.0,0.008389,0.0,0.00064,0.0,0.0,0.0,0.0,0.0,0.0,0.0,0.0,0.0,309.612359,1.175162,0,0,0,0,0,0,0,,,,,,,,,,,,6283,0,6283,20183.420614274535,0.0,20183.420614274535,20183.420614274535
tiledb,node,256,0,cold,overlap_clustered_within_rank_25,100000,within_rank_25,clustered,2048,4,304.75034296978265,1,True,822710272,0,17,0,17,822710272,0,6284,0,6284,822710272,6284,0,1.8269707880000001,400000,100000,100000,0.25,0.25,4.0,1,25000,100000,4.0,4,395,5753822208,11576983552,,,,,,,,,de6726a9748611993943992c84bc562a0e510bc946cae28495b41c954d4d3d2a,1,392,,1,0.353365,0.31486024999999995,3,0.251866,0.251866,0.106778,0.0266945,1,0.106778,0.106778,0.03713,0.0092825,1,0.03713,0.03713,0.01107,0.008845,1,0.01107,0.01107,0.021859,0.00546475,1,0.021859,0.021859,234.562956,58.641101500000005,1,234.562956,234.562956,0.077269,0.01931725,1,0.077269,0.077269,0.0,0.0,0,0.0,0.0,0.0,0.0,0,0.0,0.0,0.080509,0.02012725,1,0.080509,0.080509,0.03043,0.0076075,1,0.03043,0.03043,198.784052,49.696013,1,198.784052,198.784052,0.0,0.0,0,0.0,0.0,14.39375,3.5984375,1,14.39375,14.39375,2.986574,0.7466435,1,2.986574,2.986574,303.120298,238.606474,0,50.893393,50.893393,1.184532,1.172182,0,1.140892,1.140892,400000,100000,1,400000,400000,100000,25000,1,100000,100000,1,0.25,1,1,1,1,0.25,1,1,1,800000,200000,1,800000,800000,819200000,204800000,1,819200000,819200000,819200000,204800000,1,819200000,819200000,0.251866,0.106778,0.03713,0.01107,0.021859,234.562956,0.077269,0.0,0.0,0.080509,0.03043,198.784052,0.0,14.39375,2.986574,50.893393,1.140892,400000,100000,1,1,800000,819200000,819200000,,,,,,,,,,,,6284,0,6284,20620.15726959522,0.0,20620.15726959522,20620.15726959522
tiledb,node,256,0,cold,overlap_clustered_combined_12_5,100000,combined_12_5,clustered,2048,0,267.23010605201125,2,True,413581312,0,16,3,19,413581312,0,3160,0,3160,413581312,3160,0,1.345948364,400000,200000,50000,0.5,0.125,2.0,4,12500,50000,4.0,4,788,5344222208,12644601856,,,,,,,,,e503c7cb99f9b706f31ea7bbdb7d912e6118cde2c8f074ad630d36d6e8e92385,1,197,,1,0.458233,0.3638695,2,0.458233,0.458233,0.408444,0.102111,2,0.408444,0.408444,0.039609,0.00990225,2,0.039609,0.039609,83.314847,20.83557675,2,83.314847,83.314847,0.041699,0.01042475,2,0.041699,0.041699,120.585268,30.1465795,2,120.585268,120.585268,0.04071,0.0101775,2,0.04071,0.04071,0.0,0.0,0,0.0,0.0,0.0,0.0,0,0.0,0.0,0.109809,0.02745225,2,0.109809,0.109809,0.030509,0.00762725,2,0.030509,0.030509,120.010346,30.0025865,2,120.010346,120.010346,0.0,0.0,0,0.0,0.0,7.217839,1.80445975,2,7.217839,7.217839,3.054554,0.7636385,2,3.054554,3.054554,265.478153,210.54605775,1,50.731915,50.731915,1.188602,1.171197,3,1.135882,1.135882,400000,100000,2,400000,400000,50000,12500,2,50000,50000,1,0.25,2,1,1,1,0.25,2,1,1,400000,100000,2,400000,400000,409600000,102400000,2,409600000,409600000,409600000,102400000,2,409600000,409600000,0.458233,0.408444,0.039609,83.314847,0.041699,120.585268,0.04071,0.0,0.0,0.109809,0.030509,120.010346,0.0,7.217839,3.054554,50.731915,1.135882,400000,50000,1,1,400000,409600000,409600000,,,,,,,,,,,,3160,0,3160,11825.014953161626,0.0,11825.014953161626,11825.014953161626
tiledb,node,256,0,cold,overlap_clustered_combined_12_5,100000,combined_12_5,clustered,2048,1,186.39717099722475,3,False,413683712,0,13,0,13,413683712,0,3160,0,3160,413683712,3160,0,1.015909569,400000,200000,50000,0.5,0.125,2.0,4,12500,50000,4.0,4,788,5344222208,12647522304,,,,,,,,,2ba0910f71c67d14737709a679d3f61541396496df427c5e6d019d6b197b208e,1,197,,1,0.433933,0.37513625,3,0.273245,0.273245,0.109868,0.027467,2,0.109868,0.109868,0.03748,0.00937,2,0.03748,0.03748,0.01188,0.0091975,2,0.01188,0.01188,0.015569,0.00389225,2,0.015569,0.015569,123.433184,30.858641,2,123.433184,123.433184,0.03939,0.0098475,2,0.03939,0.03939,0.0,0.0,0,0.0,0.0,0.0,0.0,0,0.0,0.0,0.088589,0.02214725,2,0.088589,0.088589,0.01921,0.0048025,2,0.01921,0.01921,122.916971,30.72924275,2,122.916971,122.916971,0.0,0.0,0,0.0,0.0,7.21684,1.80421,2,7.21684,7.21684,3.044393,0.76109825,2,3.044393,3.044393,184.682778,149.98427525,3,50.699745,50.699745,1.180722,1.16720225,3,1.129903,1.129903,400000,100000,2,400000,400000,50000,12500,2,50000,50000,1,0.25,2,1,1,1,0.25,2,1,1,400000,100000,2,400000,400000,409600000,102400000,2,409600000,409600000,409600000,102400000,2,409600000,409600000,0.433933,0.0,0.0,0.00783,0.0,0.00044,0.0,0.0,0.0,0.0,0.0,0.0,0.0,0.0,0.0,184.682778,1.180722,0,0,0,0,0,0,0,,,,,,,,,,,,3160,0,3160,16953.046996872334,0.0,16953.046996872334,16953.046996872334
tiledb,node,256,0,cold,overlap_clustered_combined_12_5,100000,combined_12_5,clustered,2048,2,191.09743006993085,3,False,413523968,0,13,0,13,413523968,0,3159,0,3159,413523968,3159,0,1.048118191,400000,200000,50000,0.5,0.125,2.0,4,12500,50000,4.0,4,788,5344222208,12647571456,,,,,,,,,d42fd5add5b02c164d390790687ecf2b4baf06b18ad7453cabebaeccb8e7febb,1,197,,1,0.423004,0.373832,3,0.268526,0.268526,0.114048,0.028512,2,0.114048,0.114048,0.03834,0.009585,2,0.03834,0.03834,0.010779,0.00872725,2,0.010779,0.010779,0.0154,0.00385,2,0.0154,0.0154,127.999864,32.000366,2,127.999864,127.999864,0.040519,0.01012975,2,0.040519,0.040519,0.0,0.0,0,0.0,0.0,0.0,0.0,0,0.0,0.0,0.081679,0.02041975,2,0.081679,0.081679,0.01884,0.00471,2,0.01884,0.01884,127.493191,31.87329775,2,127.493191,127.493191,0.0,0.0,0,0.0,0.0,7.23183,1.8079575,2,7.23183,7.23183,3.043993,0.76099825,2,3.043993,3.043993,189.398675,153.45646725,3,50.834724,50.834724,1.181602,1.1692420000000001,0,1.135742,1.135742,400000,100000,2,400000,400000,50000,12500,2,50000,50000,1,0.25,2,1,1,1,0.25,2,1,1,400000,100000,2,400000,400000,409600000,102400000,2,409600000,409600000,409600000,102400000,2,409600000,409600000,0.423004,0.0,0.0,0.00772,0.0,0.00041,0.0,0.0,0.0,0.0,0.0,0.0,0.0,0.0,0.0,189.398675,1.179222,0,0,0,0,0,0,0,,,,,,,,,,,,3159,0,3159,16530.834553054872,0.0,16530.834553054872,16530.834553054872
tiledb,node,256,0,cold,overlap_clustered_combined_12_5,100000,combined_12_5,clustered,2048,3,186.77943595685065,1,False,411529216,0,12,0,12,411529216,0,3143,0,3143,411529216,3143,0,1.030776762,400000,200000,50000,0.5,0.125,2.0,4,12500,50000,4.0,4,784,5344222208,12647628800,,,,,,,,,1868ae3f0978c6f66a29ea1d1f123fe88c527eff6adda8ef08474961e17c2c9b,1,196,,1,0.412914,0.370302,3,0.266286,0.266286,0.109799,0.02744975,2,0.109799,0.109799,0.038589,0.00964725,2,0.038589,0.038589,0.01106,0.0087875,2,0.01106,0.01106,0.01509,0.0037725,2,0.01509,0.01509,123.859217,30.96499925,2,123.859217,123.859217,0.040109,0.01002725,2,0.040109,0.040109,0.0,0.0,0,0.0,0.0,0.0,0.0,0,0.0,0.0,0.080529,0.02013225,2,0.080529,0.080529,0.018849,0.00471225,2,0.018849,0.018849,123.357345,30.83933625,2,123.357345,123.357345,0.0,0.0,0,0.0,0.0,7.21312,1.80328,2,7.21312,7.21312,3.030703,0.75767575,2,3.030703,3.030703,185.102711,150.26988875,1,50.713885,50.713885,1.180052,1.170302,3,1.147722,1.147722,400000,100000,2,400000,400000,50000,12500,2,50000,50000,1,0.25,2,1,1,1,0.25,2,1,1,400000,100000,2,400000,400000,409600000,102400000,2,409600000,409600000,409600000,102400000,2,409600000,409600000,0.404314,0.0,0.0,0.00792,0.0,0.00018,0.0,0.0,0.0,0.0,0.0,0.0,0.0,0.0,0.0,185.102711,1.177612,0,0,0,0,0,0,0,,,,,,,,,,,,3143,0,3143,16827.334250683187,0.0,16827.334250683187,16827.334250683187
tiledb,node,256,0,cold,overlap_clustered_combined_12_5,100000,combined_12_5,clustered,2048,4,187.28443793952465,3,False,411631616,0,13,1,14,411631616,0,3144,0,3144,411631616,3144,0,1.032653288,400000,200000,50000,0.5,0.125,2.0,4,12500,50000,4.0,4,784,5344222208,12647649280,,,,,,,,,dd821f2e5a2af1dc96ecaa69e54d44cceaefedbb956b67436cc06dc3a30f8f89,1,196,,1,0.429623,0.33047725,3,0.286676,0.286676,0.108228,0.027057,2,0.108228,0.108228,0.03803,0.0095075,2,0.03803,0.03803,0.013349,0.00986225,2,0.013349,0.013349,0.01524,0.00381,2,0.01524,0.01524,124.34933,31.087564999999998,2,124.34933,124.34933,0.039219,0.00980475,2,0.039219,0.039219,0.0,0.0,0,0.0,0.0,0.0,0.0,0,0.0,0.0,0.081349,0.02033725,2,0.081349,0.081349,0.01885,0.0047125,2,0.01885,0.01885,123.825747,30.95643675,2,123.825747,123.825747,0.0,0.0,0,0.0,0.0,7.21516,1.80379,2,7.21516,7.21516,3.033923,0.75848075,2,3.033923,3.033923,185.576944,150.69486725000002,3,50.690646,50.690646,1.182612,1.1704845,3,1.141082,1.141082,400000,100000,2,400000,400000,50000,12500,2,50000,50000,1,0.25,2,1,1,1,0.25,2,1,1,400000,100000,2,400000,400000,409600000,102400000,2,409600000,409600000,409600000,102400000,2,409600000,409600000,0.429623,0.0,0.0,0.00835,0.0,0.00026,0.0,0.0,0.0,0.0,0.0,0.0,0.0,0.0,0.0,185.576944,1.182612,0,0,0,0,0,0,0,,,,,,,,,,,,3144,0,3144,16787.29975960532,0.0,16787.29975960532,16787.29975960532
tiledb,node,256,0,cold,overlap_clustered_combined_6_25,100000,combined_6_25,clustered,2048,0,138.0822800565511,1,False,208199680,0,17,0,17,208199680,0,1592,0,1592,208199680,1592,0,0.692035894,400000,100000,25000,0.25,0.0625,4.0,4,6250,25000,4.0,4,396,5139422208,12915695616,,,,,,,,,84bb9c2acbf4e30809952e8de290bd1b9a7a25ced4c4fa43aca8df64b86fa1c3,1,99,,1,0.455843,0.40129625,1,0.269906,0.269906,0.109038,0.0272595,2,0.109038,0.109038,0.03819,0.0095475,2,0.03819,0.03819,0.01292,0.009505,2,0.01292,0.01292,0.013029,0.00325725,2,0.013029,0.013029,79.119661,19.78005025,2,79.119661,79.119661,0.02113,0.0052825,2,0.02113,0.02113,0.0,0.0,0,0.0,0.0,0.0,0.0,0,0.0,0.0,0.080168,0.020042,2,0.080168,0.080168,0.01495,0.0037375,2,0.01495,0.01495,78.738167,19.68454175,2,78.738167,78.738167,0.0,0.0,0,0.0,0.0,3.632385,0.90809625,2,3.632385,3.632385,2.671179,0.66779475,2,2.671179,2.671179,136.356216,113.77843125,1,50.644946,50.644946,1.183342,1.16883725,1,1.137613,1.137613,400000,100000,2,400000,400000,25000,6250,2,25000,25000,1,0.25,2,1,1,1,0.25,2,1,1,200000,50000,2,200000,200000,204800000,51200000,2,204800000,204800000,204800000,51200000,2,204800000,204800000,0.455843,0.0,0.0,0.00831,0.0,0.00011,0.0,0.0,0.0,0.0,0.0,0.0,0.0,0.0,0.0,136.356216,1.183342,0,0,0,0,0,0,0,,,,,,,,,,,,1592,0,1592,11529.357708664733,0.0,11529.357708664733,11529.357708664733
tiledb,node,256,0,cold,overlap_clustered_combined_6_25,100000,combined_6_25,clustered,2048,1,136.9506169576198,1,False,208015360,0,11,0,11,208015360,0,1590,0,1590,208015360,1590,0,0.682614297,400000,100000,25000,0.25,0.0625,4.0,4,6250,25000,4.0,4,396,5139422208,12915720192,,,,,,,,,099ae8b87add43962c93e78691747ffba91e00bc05c5e53b921aa00755634219,1,99,,1,0.415653,0.37593374999999996,1,0.264916,0.264916,0.108658,0.0271645,2,0.108658,0.108658,0.03801,0.0095025,2,0.03801,0.03801,0.0109,0.008985,2,0.0109,0.0109,0.01373,0.0034325,2,0.01373,0.01373,77.977398,19.494522,2,77.977398,77.977398,0.020459,0.00511475,2,0.020459,0.020459,0.0,0.0,0,0.0,0.0,0.0,0.0,0,0.0,0.0,0.07829900000000001,0.019574750000000002,2,0.07829900000000001,0.07829900000000001,0.0131,0.003275,2,0.0131,0.0131,77.557014,19.3892535,2,77.557014,77.557014,0.0,0.0,0,0.0,0.0,3.636624,0.909156,2,3.636624,3.636624,2.66619,0.6665475,2,2.66619,2.66619,135.259573,112.91318199999999,1,50.698255,50.698255,1.181502,1.16754725,1,1.141033,1.141033,400000,100000,2,400000,400000,25000,6250,2,25000,25000,1,0.25,2,1,1,1,0.25,2,1,1,200000,50000,2,200000,200000,204800000,51200000,2,204800000,204800000,204800000,51200000,2,204800000,204800000,0.415653,0.0,0.0,0.00862,0.0,0.00016,0.0,0.0,0.0,0.0,0.0,0.0,0.0,0.0,0.0,135.259573,1.181502,0,0,0,0,0,0,0,,,,,,,,,,,,1590,0,1590,11610.02436733845,0.0,11610.02436733845,11610.02436733845
tiledb,node,256,0,cold,overlap_clustered_combined_6_25,100000,combined_6_25,clustered,2048,2,135.98042202647775,1,False,208113664,0,11,0,11,208113664,0,1590,0,1590,208113664,1590,0,0.673016157,400000,100000,25000,0.25,0.0625,4.0,4,6250,25000,4.0,4,396,5139422208,12915740672,,,,,,,,,e42ddac3a7a22b798994f0c89e738e5cc9c8871d8f39cffbaf0755d36ced77d7,1,99,,1,0.429433,0.38270150000000003,3,0.260956,0.260956,0.107468,0.026867,2,0.107468,0.107468,0.03746,0.009365,2,0.03746,0.03746,0.010939,0.00874725,2,0.010939,0.010939,0.01213,0.0030325,2,0.01213,0.01213,76.768197,19.19218175,2,76.768197,76.768197,0.02063,0.0051575,2,0.02063,0.02063,0.0,0.0,0,0.0,0.0,0.0,0.0,0,0.0,0.0,0.07631800000000001,0.019079500000000003,2,0.07631800000000001,0.07631800000000001,0.01307,0.0032675,2,0.01307,0.01307,76.348714,19.0871785,2,76.348714,76.348714,0.0,0.0,0,0.0,0.0,3.629745,0.90743625,2,3.629745,3.629745,2.669839,0.66745975,2,2.669839,2.669839,134.278188,111.97709875,1,50.932012,50.932012,1.185342,1.17203975,1,1.139173,1.139173,400000,100000,2,400000,400000,25000,6250,2,25000,25000,1,0.25,2,1,1,1,0.25,2,1,1,200000,50000,2,200000,200000,204800000,51200000,2,204800000,204800000,204800000,51200000,2,204800000,204800000,0.426623,0.0,0.0,0.00818,0.0,0.00016,0.0,0.0,0.0,0.0,0.0,0.0,0.0,0.0,0.0,134.278188,1.185342,0,0,0,0,0,0,0,,,,,,,,,,,,1590,0,1590,11692.859724250593,0.0,11692.859724250593,11692.859724250593
tiledb,node,256,0,cold,overlap_clustered_combined_6_25,100000,combined_6_25,clustered,2048,3,133.80190602038056,1,False,207953920,0,12,1,13,207953920,0,1589,0,1589,207953920,1589,0,0.674233619,400000,100000,25000,0.25,0.0625,4.0,4,6250,25000,4.0,4,396,5139422208,12915765248,,,,,,,,,7168199ecc7aa17e3f8896999ab5635300cd44be21ad77a24b3b3a2e3a687d8a,1,99,,1,0.419544,0.3758595,3,0.260216,0.260216,0.105638,0.0264095,2,0.105638,0.105638,0.03737,0.0093425,2,0.03737,0.03737,0.011179,0.00879725,2,0.011179,0.011179,0.0114,0.00285,2,0.0114,0.0114,74.671969,18.668152250000002,2,74.671969,74.671969,0.02004,0.00501,2,0.02004,0.02004,0.0,0.0,0,0.0,0.0,0.0,0.0,0,0.0,0.0,0.078759,0.01968975,2,0.078759,0.078759,0.013079,0.00326975,2,0.013079,0.013079,74.245286,18.5613215,2,74.245286,74.245286,0.0,0.0,0,0.0,0.0,3.662574,0.9156435,2,3.662574,3.662574,2.673069,0.66826725,2,2.673069,2.673069,132.115401,110.43553949999999,1,50.829663,50.829663,1.182772,1.171012,3,1.144642,1.144642,400000,100000,2,400000,400000,25000,6250,2,25000,25000,1,0.25,2,1,1,1,0.25,2,1,1,200000,50000,2,200000,200000,204800000,51200000,2,204800000,204800000,204800000,51200000,2,204800000,204800000,0.418484,0.0,0.0,0.00821,0.0,0.00019,0.0,0.0,0.0,0.0,0.0,0.0,0.0,0.0,0.0,132.115401,1.176132,0,0,0,0,0,0,0,,,,,,,,,,,,1589,0,1589,11875.765056425767,0.0,11875.765056425767,11875.765056425767
tiledb,node,256,0,cold,overlap_clustered_combined_6_25,100000,combined_6_25,clustered,2048,4,133.15857504494488,1,False,208056320,0,12,1,13,208056320,0,1590,0,1590,208056320,1590,0,0.663896767,400000,100000,25000,0.25,0.0625,4.0,4,6250,25000,4.0,4,396,5139422208,12915773440,,,,,,,,,8aa2fb5e2d3dfdc0c2e2522404dc8e477e7bd2fbe1beff3a860df4674931c6a2,1,99,,1,0.378325,0.34032525,3,0.257166,0.257166,0.107198,0.0267995,2,0.107198,0.107198,0.037789,0.00944725,2,0.037789,0.037789,0.00996,0.0085125,2,0.00996,0.00996,0.01163,0.0029075,2,0.01163,0.01163,74.046868,18.5118945,2,74.046868,74.046868,0.02013,0.0050325,2,0.02013,0.02013,0.0,0.0,0,0.0,0.0,0.0,0.0,0,0.0,0.0,0.079499,0.01987475,2,0.079499,0.079499,0.01235,0.0030875,2,0.01235,0.01235,73.625095,18.40627375,2,73.625095,73.625095,0.0,0.0,0,0.0,0.0,3.632255,0.90806375,2,3.632255,3.632255,2.671949,0.66798725,2,2.671949,2.671949,131.506431,109.90486349999999,1,50.881893,50.881893,1.179002,1.168792,1,1.141642,1.141642,400000,100000,2,400000,400000,25000,6250,2,25000,25000,1,0.25,2,1,1,1,0.25,2,1,1,200000,50000,2,200000,200000,204800000,51200000,2,204800000,204800000,204800000,51200000,2,204800000,204800000,0.378255,0.0,0.0,0.00832,0.0,0.00017,0.0,0.0,0.0,0.0,0.0,0.0,0.0,0.0,0.0,131.506431,1.179002,0,0,0,0,0,0,0,,,,,,,,,,,,1590,0,1590,11940.650457271182,0.0,11940.650457271182,11940.650457271182
tiledb,node,256,0,cold,overlap_clustered_combined_3_125,100000,combined_3_125,clustered,2048,0,111.50491598527879,1,False,105213952,0,10,0,10,105213952,0,804,0,804,105213952,804,0,0.504014935,400000,50000,12500,0.125,0.03125,8.0,4,3125,12500,4.0,4,200,5037022208,13049937920,,,,,,,,,23539a2deec1b65b53470296a63def95404ee5e76bee94d9da27f6f7faaa4fa9,1,50,,1,0.419813,0.372674,1,0.252046,0.252046,0.104718,0.0261795,2,0.104718,0.104718,0.03643,0.0091075,2,0.03643,0.03643,0.01292,0.0092125,2,0.01292,0.01292,0.010039,0.00250975,2,0.010039,0.010039,54.314591,13.57878525,2,54.314591,54.314591,0.0115,0.002875,2,0.0115,0.0115,0.0,0.0,0,0.0,0.0,0.0,0.0,0,0.0,0.0,0.071079,0.01776975,2,0.071079,0.071079,0.00919,0.0022975,2,0.00919,0.00919,54.003535,13.50088375,2,54.003535,54.003535,0.0,0.0,0,0.0,0.0,1.833641,0.45841025,2,1.833641,1.833641,2.553451,0.63836275,2,2.553451,2.553451,109.812112,93.68930075,1,50.848143,50.848143,1.188262,1.1700995,1,1.144612,1.144612,400000,100000,2,400000,400000,12500,3125,2,12500,12500,1,0.25,2,1,1,1,0.25,2,1,1,100000,25000,2,100000,100000,102400000,25600000,2,102400000,102400000,102400000,25600000,2,102400000,102400000,0.419813,0.0,0.0,0.00802,0.0,0.00014,0.0,0.0,0.0,0.0,0.0,0.0,0.0,0.0,0.0,109.812112,1.188262,0,0,0,0,0,0,0,,,,,,,,,,,,804,0,804,7210.444426559153,0.0,7210.444426559153,7210.444426559153
tiledb,node,256,0,cold,overlap_clustered_combined_3_125,100000,combined_3_125,clustered,2048,1,109.98091904912144,3,False,105369600,0,16,0,16,105369600,0,807,0,807,105369600,807,0,0.498232935,400000,50000,12500,0.125,0.03125,8.0,4,3125,12500,4.0,4,200,5037022208,13049978880,,,,,,,,,dd735e702aab6a5ef4e078e005d31bae113c86702f38c9b08a1107977ef0c950,1,50,,1,0.348854,0.32099975000000003,1,0.250917,0.250917,0.105569,0.02639225,2,0.105569,0.105569,0.036799,0.00919975,2,0.036799,0.036799,0.00947,0.0084575,2,0.00947,0.00947,0.00962,0.002405,2,0.00962,0.00962,52.882172,13.220680499999999,2,52.882172,52.882172,0.01129,0.0028225,2,0.01129,0.01129,0.0,0.0,0,0.0,0.0,0.0,0.0,0,0.0,0.0,0.064608,0.016152,2,0.064608,0.064608,0.00932,0.00233,2,0.00932,0.00932,52.507548,13.126887,2,52.507548,52.507548,0.0,0.0,0,0.0,0.0,1.836812,0.459203,2,1.836812,1.836812,2.545681,0.63642025,2,2.545681,2.545681,108.355774,92.59592975,1,50.834593,50.834593,1.183332,1.16840475,3,1.138863,1.138863,400000,100000,2,400000,400000,12500,3125,2,12500,12500,1,0.25,2,1,1,1,0.25,2,1,1,100000,25000,2,100000,100000,102400000,25600000,2,102400000,102400000,102400000,25600000,2,102400000,102400000,0.346504,0.0,0.0,0.00788,0.0,0.00014,0.0,0.0,0.0,0.0,0.0,0.0,0.0,0.0,0.0,108.345684,1.183332,0,0,0,0,0,0,0,,,,,,,,,,,,807,0,807,7337.636446187222,0.0,7337.636446187222,7337.636446187222
tiledb,node,256,0,cold,overlap_clustered_combined_3_125,100000,combined_3_125,clustered,2048,2,110.48923199996352,1,False,105185280,0,10,0,10,105185280,0,804,0,804,105185280,804,0,0.499273604,400000,50000,12500,0.125,0.03125,8.0,4,3125,12500,4.0,4,200,5037022208,13049987072,,,,,,,,,1f3440f1ece5472a09fa600f0d3b94e74502e6d5c62dacc3b9b56e7b9c63eade,1,50,,1,0.346315,0.31509525,1,0.245636,0.245636,0.105098,0.0262745,2,0.105098,0.105098,0.03786,0.009465,2,0.03786,0.03786,0.00939,0.008382500000000001,2,0.00939,0.00939,0.009549,0.00238725,2,0.009549,0.009549,53.387525,13.347113749999998,2,53.387525,53.387525,0.011,0.00275,2,0.011,0.011,0.0,0.0,0,0.0,0.0,0.0,0.0,0,0.0,0.0,0.064639,0.01615975,2,0.064639,0.064639,0.00875,0.0021875,2,0.00875,0.00875,53.03549,13.2588725,2,53.03549,53.03549,0.0,0.0,0,0.0,0.0,1.828912,0.457228,2,1.828912,1.828912,2.546781,0.63669525,2,2.546781,2.546781,108.873496,92.93150725,1,50.858123,50.858123,1.180992,1.16599225,1,1.139903,1.139903,400000,100000,2,400000,400000,12500,3125,2,12500,12500,1,0.25,2,1,1,1,0.25,2,1,1,100000,25000,2,100000,100000,102400000,25600000,2,102400000,102400000,102400000,25600000,2,102400000,102400000,0.346315,0.0,0.0,0.00783,0.0,0.00021,0.0,0.0,0.0,0.0,0.0,0.0,0.0,0.0,0.0,108.873496,1.180992,0,0,0,0,0,0,0,,,,,,,,,,,,804,0,804,7276.7272017988635,0.0,7276.7272017988635,7276.7272017988635
tiledb,node,256,0,cold,overlap_clustered_combined_3_125,100000,combined_3_125,clustered,2048,3,110.96022499259561,2,True,103190528,0,9,0,9,103190528,0,788,0,788,103190528,788,0,0.502352443,400000,50000,12500,0.125,0.03125,8.0,4,3125,12500,4.0,4,196,5037022208,13049995264,,,,,,,,,b85c5508b2843b381d9e27bae605a062858046c0dc876dbb271c5505b644d538,1,49,,1,0.328525,0.30430524999999997,1,0.246136,0.246136,0.107988,0.026997,2,0.107988,0.107988,0.03822,0.009555,2,0.03822,0.03822,0.00942,0.0083525,2,0.00942,0.00942,0.00932,0.00233,2,0.00932,0.00932,53.735638,13.434029500000001,2,53.735638,53.735638,0.011309,0.00282725,2,0.011309,0.011309,0.0,0.0,0,0.0,0.0,0.0,0.0,0,0.0,0.0,0.063539,0.01588475,2,0.063539,0.063539,0.0092,0.0023,2,0.0092,0.0092,53.366745,13.34168625,2,53.366745,53.366745,0.0,0.0,0,0.0,0.0,1.834792,0.458698,2,1.834792,1.834792,2.532672,0.633168,2,2.532672,2.532672,109.372108,93.2444175,1,51.002931,51.002931,1.179892,1.16428475,0,1.131782,1.131782,400000,100000,2,400000,400000,12500,3125,2,12500,12500,1,0.25,2,1,1,1,0.25,2,1,1,100000,25000,2,100000,100000,102400000,25600000,2,102400000,102400000,102400000,25600000,2,102400000,102400000,0.246136,0.107988,0.03822,0.00942,0.00932,53.735638,0.011309,0.0,0.0,0.063539,0.0092,53.366745,0.0,1.834792,2.532672,51.002931,1.131782,400000,12500,1,1,100000,102400000,102400000,,,,,,,,,,,,788,0,788,7101.643855287634,0.0,7101.643855287634,7101.643855287634
tiledb,node,256,0,cold,overlap_clustered_combined_3_125,100000,combined_3_125,clustered,2048,4,110.15375598799437,1,False,105390080,0,11,1,12,105390080,0,806,0,806,105390080,806,0,0.499059088,400000,50000,12500,0.125,0.03125,8.0,4,3125,12500,4.0,4,200,5037022208,13049991168,,,,,,,,,d096782fef9ffccf811ca1387bca6e2ec7ceddfe8a93f2d44027c449f3b9c1a2,1,50,,1,0.345515,0.31491275,3,0.243976,0.243976,0.103458,0.0258645,2,0.103458,0.103458,0.035519,0.00887975,2,0.035519,0.035519,0.00982,0.0083775,2,0.00982,0.00982,0.00835,0.0020875,2,0.00835,0.00835,53.01838,13.254735,2,53.01838,53.01838,0.01098,0.002745,2,0.01098,0.01098,0.0,0.0,0,0.0,0.0,0.0,0.0,0,0.0,0.0,0.066699,0.01667475,2,0.066699,0.066699,0.00961,0.0024025,2,0.00961,0.00961,52.653135,13.16328375,2,52.653135,52.653135,0.0,0.0,0,0.0,0.0,1.833382,0.4583455,2,1.833382,1.833382,2.533571,0.63339275,2,2.533571,2.533571,108.546132,92.677489,1,50.908072,50.908072,1.180112,1.168047,3,1.135892,1.135892,400000,100000,2,400000,400000,12500,3125,2,12500,12500,1,0.25,2,1,1,1,0.25,2,1,1,100000,25000,2,100000,100000,102400000,25600000,2,102400000,102400000,102400000,25600000,2,102400000,102400000,0.343035,0.0,0.0,0.00803,0.0,0.00016,0.0,0.0,0.0,0.0,0.0,0.0,0.0,0.0,0.0,108.546132,1.176252,0,0,0,0,0,0,0,,,,,,,,,,,,806,0,806,7317.0450954740545,0.0,7317.0450954740545,7317.0450954740545
tiledb,node,256,0,cold,overlap_clustered_stress_1,100000,stress_1,clustered,2048,0,73.50221602246165,1,False,36093952,0,11,2,13,36093952,0,276,0,276,36093952,276,0,0.297757577,400000,16000,4000,0.04,0.01,25.0,4,1000,4000,4.0,4,68,4967390208,13083402240,,,,,,,,,a2c4b3b8e2fdd4b2e2e10a92c5cb5282f0630ea1798ef3c2f9fbb20a2af67363,1,17,,1,0.295345,0.2738855,3,0.222417,0.222417,0.102369,0.02559225,2,0.102369,0.102369,0.034019,0.00850475,2,0.034019,0.034019,0.00942,0.0081975,2,0.00942,0.00942,0.00771,0.0019275,2,0.00771,0.00771,17.979215,4.49490625,2,17.979215,17.979215,0.00447,0.0011175,2,0.00447,0.00447,0.0,0.0,0,0.0,0.0,0.0,0.0,0,0.0,0.0,0.035219,0.00880475,2,0.035219,0.035219,0.00349,0.0008725,2,0.00349,0.00349,17.824558,4.4561395,2,17.824558,17.824558,0.0,0.0,0,0.0,0.0,0.591261,0.14781525,2,0.591261,0.591261,2.395754,0.5989385,2,2.395754,2.395754,71.948821,65.25474774999999,1,50.771394,50.771394,1.178482,1.16731725,0,1.136622,1.136622,400000,100000,2,400000,400000,4000,1000,2,4000,4000,1,0.25,2,1,1,1,0.25,2,1,1,32000,8000,2,32000,32000,32768000,8192000,2,32768000,32768000,32768000,8192000,2,32768000,32768000,0.295265,0.0,0.0,0.00775,0.0,0.00016,0.0,0.0,0.0,0.0,0.0,0.0,0.0,0.0,0.0,71.948821,1.177342,0,0,0,0,0,0,0,,,,,,,,,,,,276,0,276,3754.988828032841,0.0,3754.988828032841,3754.988828032841
tiledb,node,256,0,cold,overlap_clustered_stress_1,100000,stress_1,clustered,2048,1,74.50334203895181,1,False,35934208,0,9,0,9,35934208,0,275,0,275,35934208,275,0,0.314344905,400000,16000,4000,0.04,0.01,25.0,4,1000,4000,4.0,4,68,4967390208,13083406336,,,,,,,,,db91bdaebcd0e69de86822aedf9b846e1387b455c9a7b47d61aec4a8c1d88519,1,17,,1,0.272576,0.25552375,3,0.224977,0.224977,0.103519,0.02587975,2,0.103519,0.103519,0.034469,0.00861725,2,0.034469,0.034469,0.00859,0.008095,0,0.00857,0.00857,0.00796,0.00199,2,0.00796,0.00796,18.926061,4.73167525,2,18.926061,18.926061,0.00433,0.0010825,2,0.00433,0.00433,0.0,0.0,0,0.0,0.0,0.0,0.0,0,0.0,0.0,0.036559,0.00913975,2,0.036559,0.036559,0.00301,0.0007525,2,0.00301,0.00301,18.742084,4.685521,2,18.742084,18.742084,0.0,0.0,0,0.0,0.0,0.589081,0.14727025,2,0.589081,0.589081,2.390863,0.59771575,2,2.390863,2.390863,72.977885,66.01758375,1,50.860653,50.860653,1.171932,1.16086975,3,1.133393,1.133393,400000,100000,2,400000,400000,4000,1000,2,4000,4000,1,0.25,2,1,1,1,0.25,2,1,1,32000,8000,2,32000,32000,32768000,8192000,2,32768000,32768000,32768000,8192000,2,32768000,32768000,0.266396,0.0,0.0,0.00756,0.0,0.00019,0.0,0.0,0.0,0.0,0.0,0.0,0.0,0.0,0.0,72.977885,1.170742,0,0,0,0,0,0,0,,,,,,,,,,,,275,0,275,3691.1095861474855,0.0,3691.1095861474855,3691.1095861474855
tiledb,node,256,0,cold,overlap_clustered_stress_1,100000,stress_1,clustered,2048,2,73.6518349731341,3,False,33996800,0,15,0,15,33996800,0,262,0,262,33996800,262,0,0.30904546,400000,16000,4000,0.04,0.01,25.0,4,1000,4000,4.0,4,64,4967390208,13083439104,,,,,,,,,433351ebbc526cfbffd56af38f1c1e44f3aa076854688f6acd3fff540d67bdb5,1,16,,1,0.280356,0.25889125,0,0.221997,0.221997,0.103988,0.025997,2,0.103988,0.103988,0.03884,0.00971,2,0.03884,0.03884,0.008669,0.00812225,2,0.008669,0.008669,0.00766,0.001915,2,0.00766,0.00766,18.027345,4.50697375,2,18.027345,18.027345,0.00439,0.0010975,2,0.00439,0.00439,0.0,0.0,0,0.0,0.0,0.0,0.0,0,0.0,0.0,0.035320000000000004,0.008830000000000001,2,0.035320000000000004,0.035320000000000004,0.00324,0.00081,2,0.00324,0.00324,17.848367,4.46209175,2,17.848367,17.848367,0.0,0.0,0,0.0,0.0,0.589531,0.14738275,2,0.589531,0.589531,2.394623,0.59865575,2,2.394623,2.394623,72.119578,65.340209,3,50.897002,50.897002,1.181012,1.1678122499999999,0,1.133473,1.133473,400000,100000,2,400000,400000,4000,1000,2,4000,4000,1,0.25,2,1,1,1,0.25,2,1,1,32000,8000,2,32000,32000,32768000,8192000,2,32768000,32768000,32768000,8192000,2,32768000,32768000,0.269326,0.0,0.0,0.00764,0.0,0.00016,0.0,0.0,0.0,0.0,0.0,0.0,0.0,0.0,0.0,72.119578,1.176702,0,0,0,0,0,0,0,,,,,,,,,,,,262,0,262,3557.2772911302136,0.0,3557.2772911302136,3557.2772911302136
tiledb,node,256,0,cold,overlap_clustered_stress_1,100000,stress_1,clustered,2048,3,73.24415096081793,1,False,34070528,0,9,0,9,34070528,0,260,0,260,34070528,260,0,0.307079959,400000,16000,4000,0.04,0.01,25.0,4,1000,4000,4.0,4,64,4967390208,13083447296,,,,,,,,,8ac78a257781d9fdb9dc9b8e82f774322fe2329139601e87ca7b4a1d00f208a4,1,16,,1,0.256566,0.244011,3,0.223876,0.223876,0.102458,0.0256145,2,0.102458,0.102458,0.03544,0.00886,2,0.03544,0.03544,0.00855,0.008182,2,0.00855,0.00855,0.00762,0.001905,2,0.00762,0.00762,17.61478,4.4038325,2,17.61478,17.61478,0.004329,0.00108225,2,0.004329,0.004329,0.0,0.0,0,0.0,0.0,0.0,0.0,0,0.0,0.0,0.034879999999999994,0.008719999999999999,2,0.034879999999999994,0.034879999999999994,0.00353,0.0008825,2,0.00353,0.00353,17.442183,4.36054575,2,17.442183,17.442183,0.0,0.0,0,0.0,0.0,0.589451,0.14736275,2,0.589451,0.589451,2.386734,0.5966835,2,2.386734,2.386734,71.727313,64.99434425,1,50.921702,50.921702,1.178392,1.16612225,0,1.136922,1.136922,400000,100000,2,400000,400000,4000,1000,2,4000,4000,1,0.25,2,1,1,1,0.25,2,1,1,32000,8000,2,32000,32000,32768000,8192000,2,32768000,32768000,32768000,8192000,2,32768000,32768000,0.251546,0.0,0.0,0.00803,0.0,0.00017,0.0,0.0,0.0,0.0,0.0,0.0,0.0,0.0,0.0,71.727313,1.176353,0,0,0,0,0,0,0,,,,,,,,,,,,260,0,260,3549.771505155236,0.0,3549.771505155236,3549.771505155236
tiledb,node,256,0,cold,overlap_clustered_stress_1,100000,stress_1,clustered,2048,4,73.21696099825203,1,False,33910784,0,9,0,9,33910784,0,259,0,259,33910784,259,0,0.308588283,400000,16000,4000,0.04,0.01,25.0,4,1000,4000,4.0,4,64,4967390208,13083447296,,,,,,,,,fa56805010965a551d918947a5c97d69553e8b18cc05129fd376495ae544c8b0,1,16,,1,0.256176,0.23967625,3,0.214317,0.214317,0.101759,0.02543975,2,0.101759,0.101759,0.034259,0.00856475,2,0.034259,0.034259,0.00828,0.0080125,2,0.00828,0.00828,0.0082,0.00205,2,0.0082,0.0082,17.64197,4.410622500000001,2,17.64197,17.64197,0.00411,0.0010275,2,0.00411,0.00411,0.0,0.0,0,0.0,0.0,0.0,0.0,0,0.0,0.0,0.037939,0.00948475,2,0.037939,0.037939,0.00282,0.000705,2,0.00282,0.00282,17.332205,4.33305125,2,17.332205,17.332205,0.0,0.0,0,0.0,0.0,0.602061,0.15051525,2,0.602061,0.602061,2.401324,0.600331,2,2.401324,2.401324,71.711224,65.04511600000001,1,50.841233,50.841233,1.180672,1.16526225,0,1.133533,1.133533,400000,100000,2,400000,400000,4000,1000,2,4000,4000,1,0.25,2,1,1,1,0.25,2,1,1,32000,8000,2,32000,32000,32768000,8192000,2,32768000,32768000,32768000,8192000,2,32768000,32768000,0.250726,0.0,0.0,0.00793,0.0,0.00013,0.0,0.0,0.0,0.0,0.0,0.0,0.0,0.0,0.0,71.711224,1.168282,0,0,0,0,0,0,0,,,,,,,,,,,,259,0,259,3537.431716213724,0.0,3537.431716213724,3537.431716213724
tiledb,node,256,0,warm,overlap_clustered_independent,100000,independent,clustered,2048,0,543.4011369943619,0,False,0,0,48,3,51,0,0,0,0,0,0,0,0,4.563064208,400000,400000,400000,1.0,1.0,1.0,1,100000,400000,4.0,4,1566,8212470784,13096038400,,,,,,,,,002a640dafb29725a6a96ab7d6e3787f95da0dd1a6e978e5e2409dbb27763dcb,1,1563,,1,0.398324,0.3146,3,0.256166,0.256166,0.107779,0.02694475,1,0.107779,0.107779,0.039189,0.00979725,1,0.039189,0.039189,0.01343,0.010705,1,0.01343,0.01343,0.064119,0.01602975,1,0.064119,0.064119,428.61022,107.15306500000001,1,428.61022,428.61022,0.318775,0.07969375,1,0.318775,0.318775,0.0,0.0,0,0.0,0.0,0.0,0.0,0,0.0,0.0,0.08344900000000001,0.020862250000000002,1,0.08344900000000001,0.08344900000000001,0.104098,0.0260245,1,0.104098,0.104098,394.382033,98.59550825,1,394.382033,394.382033,0.0,0.0,0,0.0,0.0,57.441282,14.3603205,1,57.441282,57.441282,4.58261,1.1456525,1,4.58261,4.58261,541.690932,417.5637915,2,50.728205,50.728205,1.198172,1.1755795,0,1.135482,1.135482,400000,100000,1,400000,400000,400000,100000,1,400000,400000,1,0.25,1,1,1,1,0.25,1,1,1,3200000,800000,1,3200000,3200000,3276800000,819200000,1,3276800000,3276800000,3276800000,819200000,1,3276800000,3276800000,0.269506,0.0,0.0,0.01177,0.0,0.00123,0.0,0.0,0.0,0.0,0.0,0.0,0.0,0.0,0.0,541.667362,1.198172,0,0,0,0,0,0,0,,,,,,,,,,,,0,0,0,0.0,0.0,0.0,0.0
tiledb,node,256,0,warm,overlap_clustered_independent,100000,independent,clustered,2048,1,552.8146930737421,0,False,0,0,50,4,54,0,0,0,0,0,0,0,0,4.69867347,400000,400000,400000,1.0,1.0,1.0,1,100000,400000,4.0,4,1566,8212470784,13101133824,,,,,,,,,6bb974abc81f2ba6ba920f70674eedb9c3e3f8ea3b84bc4f945db32bf1a803fb,1,1563,,1,0.426194,0.36129725,3,0.261066,0.261066,0.106998,0.0267495,1,0.106998,0.106998,0.03818,0.009545,1,0.03818,0.03818,0.01107,0.009025,1,0.01107,0.01107,0.064899,0.01622475,1,0.064899,0.064899,438.027216,109.5072665,1,438.027216,438.027216,0.317685,0.07942125,1,0.317685,0.317685,0.0,0.0,0,0.0,0.0,0.0,0.0,0,0.0,0.0,0.087539,0.02188475,1,0.087539,0.087539,0.111558,0.0278895,1,0.111558,0.111558,403.250448,100.812612,1,403.250448,403.250448,0.0,0.0,0,0.0,0.0,57.415333,14.35383325,1,57.415333,57.415333,4.57493,1.1437325,1,4.57493,4.57493,551.01242,424.59710675,0,50.681236,50.681236,1.197211,1.17917925,2,1.139172,1.139172,400000,100000,1,400000,400000,400000,100000,1,400000,400000,1,0.25,1,1,1,1,0.25,1,1,1,3200000,800000,1,3200000,3200000,3276800000,819200000,1,3276800000,3276800000,3276800000,819200000,1,3276800000,3276800000,0.360525,0.0,0.0,0.0087,0.0,0.0009,0.0,0.0,0.0,0.0,0.0,0.0,0.0,0.0,0.0,551.01242,1.193342,0,0,0,0,0,0,0,,,,,,,,,,,,0,0,0,0.0,0.0,0.0,0.0
tiledb,node,256,0,warm,overlap_clustered_independent,100000,independent,clustered,2048,2,563.566669006832,0,False,0,0,46,0,46,0,0,0,0,0,0,0,0,4.545719717,400000,400000,400000,1.0,1.0,1.0,1,100000,400000,4.0,4,1566,8212470784,13101162496,,,,,,,,,41422c75c4dda92bcc06e098a7ee0ba259d011dfc01c75876317611df0d0077a,1,1563,,1,0.331775,0.27930325,2,0.246907,0.246907,0.106359,0.02658975,1,0.106359,0.106359,0.036009,0.00900225,1,0.036009,0.036009,0.01027,0.00886,1,0.01027,0.01027,0.062869,0.01571725,1,0.062869,0.062869,448.763832,112.19159549999999,1,448.763832,448.763832,0.308795,0.07719875,1,0.308795,0.308795,0.0,0.0,0,0.0,0.0,0.0,0.0,0,0.0,0.0,0.079939,0.01998475,1,0.079939,0.079939,0.108348,0.027087,1,0.108348,0.108348,412.756643,103.18916075,1,412.756643,412.756643,0.0,0.0,0,0.0,0.0,57.440993,14.36024825,1,57.440993,57.440993,4.57901,1.1447525,1,4.57901,4.57901,561.850844,432.72244725,2,50.755774,50.755774,1.212841,1.1851720000000001,3,1.138293,1.138293,400000,100000,1,400000,400000,400000,100000,1,400000,400000,1,0.25,1,1,1,1,0.25,1,1,1,3200000,800000,1,3200000,3200000,3276800000,819200000,1,3276800000,3276800000,3276800000,819200000,1,3276800000,3276800000,0.292785,0.0,0.0,0.00821,0.0,0.00103,0.0,0.0,0.0,0.0,0.0,0.0,0.0,0.0,0.0,561.776535,1.206352,0,0,0,0,0,0,0,,,,,,,,,,,,0,0,0,0.0,0.0,0.0,0.0
tiledb,node,256,0,warm,overlap_clustered_independent,100000,independent,clustered,2048,3,532.2822659509256,2,False,0,0,49,4,53,0,0,0,0,0,0,0,0,4.383590299,400000,400000,400000,1.0,1.0,1.0,1,100000,400000,4.0,4,1566,8212470784,13101264896,,,,,,,,,2b6864e7f00fc67d81f3a5cb8ddfc814fb6fac85c10272979ef0a8412053f4be,1,1563,,1,0.364255,0.289433,2,0.274066,0.274066,0.107779,0.02694475,1,0.107779,0.107779,0.036459,0.00911475,1,0.036459,0.036459,0.01067,0.009277500000000001,1,0.01067,0.01067,0.064849,0.01621225,1,0.064849,0.064849,417.533979,104.38415975,1,417.533979,417.533979,0.311845,0.07796125,1,0.311845,0.311845,0.0,0.0,0,0.0,0.0,0.0,0.0,0,0.0,0.0,0.090969,0.02274225,1,0.090969,0.090969,0.107918,0.0269795,1,0.107918,0.107918,380.784191,95.19604775,1,380.784191,380.784191,0.0,0.0,0,0.0,0.0,57.439403,14.35985075,1,57.439403,57.439403,4.57622,1.144055,1,4.57622,4.57622,530.629431,409.25142624999995,2,50.747325,50.747325,1.192122,1.17554425,3,1.136132,1.136132,400000,100000,1,400000,400000,400000,100000,1,400000,400000,1,0.25,1,1,1,1,0.25,1,1,1,3200000,800000,1,3200000,3200000,3276800000,819200000,1,3276800000,3276800000,3276800000,819200000,1,3276800000,3276800000,0.364255,0.0,0.0,0.00801,0.0,0.00064,0.0,0.0,0.0,0.0,0.0,0.0,0.0,0.0,0.0,530.629431,1.182762,0,0,0,0,0,0,0,,,,,,,,,,,,0,0,0,0.0,0.0,0.0,0.0
tiledb,node,256,0,warm,overlap_clustered_independent,100000,independent,clustered,2048,4,567.0982740120962,0,False,0,0,46,0,46,0,0,0,0,0,0,0,0,4.579187868,400000,400000,400000,1.0,1.0,1.0,1,100000,400000,4.0,4,1567,8212470784,13101293568,,,,,,,,,57c2024bc3c00839323cd98729719070cc74a7ab62003f8180dcb78f3ddfb0b2,1,1564,,1,0.349705,0.29429775,2,0.250076,0.250076,0.107329,0.02683225,1,0.107329,0.107329,0.037549,0.00938725,1,0.037549,0.037549,0.01097,0.00898,1,0.01097,0.01097,0.065239,0.01630975,1,0.065239,0.065239,452.388537,113.09775425,1,452.388537,452.388537,0.319245,0.07981125,1,0.319245,0.319245,0.0,0.0,0,0.0,0.0,0.0,0.0,0,0.0,0.0,0.079119,0.01977975,1,0.079119,0.079119,0.110478,0.0276195,1,0.110478,0.110478,415.310963,103.82774075,1,415.310963,415.310963,0.0,0.0,0,0.0,0.0,57.415743,14.35393575,1,57.415743,57.415743,4.57433,1.1435825,1,4.57433,4.57433,565.38938,435.35055950000003,0,50.695745,50.695745,1.198102,1.17658975,3,1.139893,1.139893,400000,100000,1,400000,400000,400000,100000,1,400000,400000,1,0.25,1,1,1,1,0.25,1,1,1,3200000,800000,1,3200000,3200000,3276800000,819200000,1,3276800000,3276800000,3276800000,819200000,1,3276800000,3276800000,0.293865,0.0,0.0,0.00864,0.0,0.00109,0.0,0.0,0.0,0.0,0.0,0.0,0.0,0.0,0.0,565.38938,1.188302,0,0,0,0,0,0,0,,,,,,,,,,,,0,0,0,0.0,0.0,0.0,0.0
tiledb,node,256,0,warm,overlap_clustered_cross_rank_25,100000,cross_rank_25,clustered,2048,0,250.67880004644394,0,False,0,0,17,0,17,0,0,0,0,0,0,0,0,1.6836195900000002,400000,400000,100000,1.0,0.25,1.0,4,25000,100000,4.0,4,1568,5753822208,13094612992,,,,,,,,,1ef431b664d23cfba7bfef6ecbd96dfe4a579d98a1dede3574d832df1ab6904d,1,392,,1,0.734719,0.4776805,0,0.270266,0.270266,0.107448,0.026862,1,0.107448,0.107448,0.038149,0.00953725,1,0.038149,0.038149,0.01314,0.0099045,1,0.01314,0.01314,0.02195,0.0054875,1,0.02195,0.02195,179.043264,44.7613335,1,179.043264,179.043264,0.079029,0.01975725,1,0.079029,0.079029,0.0,0.0,0,0.0,0.0,0.0,0.0,0,0.0,0.0,0.090839,0.02270975,1,0.090839,0.090839,0.032529,0.00813225,1,0.032529,0.032529,142.334845,35.58371125,1,142.334845,142.334845,0.0,0.0,0,0.0,0.0,14.38875,3.5971875,1,14.38875,14.38875,4.226495,1.05662375,1,4.226495,4.226495,248.657141,197.82768975,2,50.711865,50.711865,1.189782,1.1738520000000001,0,1.134922,1.134922,400000,100000,1,400000,400000,100000,25000,1,100000,100000,1,0.25,1,1,1,1,0.25,1,1,1,800000,200000,1,800000,800000,819200000,204800000,1,819200000,819200000,819200000,204800000,1,819200000,819200000,0.734719,0.0,0.0,0.008999,0.0,0.00075,0.0,0.0,0.0,0.0,0.0,0.0,0.0,0.0,0.0,248.572062,1.189782,0,0,0,0,0,0,0,,,,,,,,,,,,0,0,0,0.0,0.0,0.0,0.0
tiledb,node,256,0,warm,overlap_clustered_cross_rank_25,100000,cross_rank_25,clustered,2048,1,232.22353192977607,0,False,0,0,17,0,17,0,0,0,0,0,0,0,0,1.674486224,400000,400000,100000,1.0,0.25,1.0,4,25000,100000,4.0,4,1568,5753822208,13094903808,,,,,,,,,8b620a11217e3ec9028aff7bab338a87c8610543271627b8966301d4f2de2786,1,392,,1,0.417904,0.33457725,2,0.259706,0.259706,0.106949,0.02673725,1,0.106949,0.106949,0.036399,0.00909975,1,0.036399,0.036399,0.01261,0.0105325,1,0.01261,0.01261,0.02193,0.0054825,1,0.02193,0.02193,160.628485,40.15762875,1,160.628485,160.628485,0.077358,0.0193395,1,0.077358,0.077358,0.0,0.0,0,0.0,0.0,0.0,0.0,0,0.0,0.0,0.085299,0.02132475,1,0.085299,0.085299,0.033779,0.00844475,1,0.033779,0.033779,121.564442,30.3911105,1,121.564442,121.564442,0.0,0.0,0,0.0,0.0,14.3891,3.597275,1,14.3891,14.3891,4.256125,1.06403125,1,4.256125,4.256125,230.35848,184.02492775,0,50.799653,50.799653,1.216841,1.178072,0,1.135913,1.135913,400000,100000,1,400000,400000,100000,25000,1,100000,100000,1,0.25,1,1,1,1,0.25,1,1,1,800000,200000,1,800000,800000,819200000,204800000,1,819200000,819200000,819200000,204800000,1,819200000,819200000,0.360364,0.0,0.0,0.01006,0.0,0.00079,0.0,0.0,0.0,0.0,0.0,0.0,0.0,0.0,0.0,230.35848,1.216841,0,0,0,0,0,0,0,,,,,,,,,,,,0,0,0,0.0,0.0,0.0,0.0
tiledb,node,256,0,warm,overlap_clustered_cross_rank_25,100000,cross_rank_25,clustered,2048,2,231.3565849326551,2,False,0,0,19,2,21,0,0,0,0,0,0,0,0,1.681716551,400000,400000,100000,1.0,0.25,1.0,4,25000,100000,4.0,4,1568,5753822208,13094674432,,,,,,,,,5aed05750d6eb4725ef15c817b5658e9c16e32fc25bdb6bd3f104c68a37c49ec,1,392,,1,0.402734,0.3069805,2,0.258406,0.258406,0.106818,0.0267045,1,0.106818,0.106818,0.03819,0.0095475,1,0.03819,0.03819,0.010489,0.00898475,1,0.010489,0.010489,0.02189,0.0054725,1,0.02189,0.02189,159.942046,39.986069,1,159.942046,159.942046,0.077069,0.01926725,1,0.077069,0.077069,0.0,0.0,0,0.0,0.0,0.0,0.0,0,0.0,0.0,0.084848,0.021212,1,0.084848,0.084848,0.03104,0.00776,1,0.03104,0.03104,120.484099,30.12102475,1,120.484099,120.484099,0.0,0.0,0,0.0,0.0,14.40843,3.6021075,1,14.40843,14.40843,4.231005,1.05775125,1,4.231005,4.231005,229.672251,183.4963335,2,50.809393,50.809393,1.187382,1.1715547499999999,0,1.138673,1.138673,400000,100000,1,400000,400000,100000,25000,1,100000,100000,1,0.25,1,1,1,1,0.25,1,1,1,800000,200000,1,800000,800000,819200000,204800000,1,819200000,819200000,819200000,204800000,1,819200000,819200000,0.402734,0.0,0.0,0.00797,0.0,0.00046,0.0,0.0,0.0,0.0,0.0,0.0,0.0,0.0,0.0,229.672251,1.176212,0,0,0,0,0,0,0,,,,,,,,,,,,0,0,0,0.0,0.0,0.0,0.0
tiledb,node,256,0,warm,overlap_clustered_cross_rank_25,100000,cross_rank_25,clustered,2048,3,231.24773590825498,0,False,0,0,19,2,21,0,0,0,0,0,0,0,0,1.679283315,400000,400000,100000,1.0,0.25,1.0,4,25000,100000,4.0,4,1568,5753822208,13094674432,,,,,,,,,8e39e3c9f8232d5ab505c076825beede285e70d8d4457f3e09b9122ed88f2a0d,1,392,,1,0.414833,0.3226625,2,0.254687,0.254687,0.107199,0.02679975,1,0.107199,0.107199,0.037319,0.00932975,1,0.037319,0.037319,0.01143,0.009134999999999999,1,0.01143,0.01143,0.02162,0.005405,1,0.02162,0.02162,159.917146,39.9797465,1,159.917146,159.917146,0.077608,0.019402,1,0.077608,0.077608,0.0,0.0,0,0.0,0.0,0.0,0.0,0,0.0,0.0,0.082649,0.02066225,1,0.082649,0.082649,0.030969,0.00774225,1,0.030969,0.030969,120.742005,30.18550125,1,120.742005,120.742005,0.0,0.0,0,0.0,0.0,14.38698,3.596745,1,14.38698,14.38698,4.233025,1.05825625,1,4.233025,4.233025,229.517572,183.41894200000002,0,50.717815,50.717815,1.188662,1.1703295,3,1.132852,1.132852,400000,100000,1,400000,400000,100000,25000,1,100000,100000,1,0.25,1,1,1,1,0.25,1,1,1,800000,200000,1,800000,800000,819200000,204800000,1,819200000,819200000,819200000,204800000,1,819200000,819200000,0.315425,0.0,0.0,0.00849,0.0,0.00085,0.0,0.0,0.0,0.0,0.0,0.0,0.0,0.0,0.0,229.517572,1.184852,0,0,0,0,0,0,0,,,,,,,,,,,,0,0,0,0.0,0.0,0.0,0.0
tiledb,node,256,0,warm,overlap_clustered_cross_rank_25,100000,cross_rank_25,clustered,2048,4,233.19909605197608,0,False,0,0,17,0,17,0,0,0,0,0,0,0,0,1.716511878,400000,400000,100000,1.0,0.25,1.0,4,25000,100000,4.0,4,1568,5753822208,13094694912,,,,,,,,,de6726a9748611993943992c84bc562a0e510bc946cae28495b41c954d4d3d2a,1,392,,1,0.419804,0.3230225,2,0.249646,0.249646,0.107399,0.02684975,1,0.107399,0.107399,0.036999,0.00924975,1,0.036999,0.036999,0.01162,0.009025,1,0.01162,0.01162,0.02174,0.005435,1,0.02174,0.02174,161.865226,40.466786500000005,1,161.865226,161.865226,0.077339,0.01933475,1,0.077339,0.077339,0.0,0.0,0,0.0,0.0,0.0,0.0,0,0.0,0.0,0.08301900000000001,0.020754750000000002,1,0.08301900000000001,0.08301900000000001,0.030429,0.00760725,1,0.030429,0.030429,122.840493,30.71012325,1,122.840493,122.840493,0.0,0.0,0,0.0,0.0,14.41068,3.60267,1,14.41068,14.41068,4.254465,1.06361625,1,4.254465,4.254465,231.480963,184.92685675,0,50.688536,50.688536,1.186171,1.17275425,0,1.134432,1.134432,400000,100000,1,400000,400000,100000,25000,1,100000,100000,1,0.25,1,1,1,1,0.25,1,1,1,800000,200000,1,800000,800000,819200000,204800000,1,819200000,819200000,819200000,204800000,1,819200000,819200000,0.314375,0.0,0.0,0.00868,0.0,0.00089,0.0,0.0,0.0,0.0,0.0,0.0,0.0,0.0,0.0,231.480963,1.186171,0,0,0,0,0,0,0,,,,,,,,,,,,0,0,0,0.0,0.0,0.0,0.0
tiledb,node,256,0,warm,overlap_clustered_within_rank_25,100000,within_rank_25,clustered,2048,0,233.55223110411316,0,False,0,0,20,3,23,0,0,0,0,0,0,0,0,1.695878088,400000,100000,100000,0.25,0.25,4.0,1,25000,100000,4.0,4,395,5753822208,13094809600,,,,,,,,,1ef431b664d23cfba7bfef6ecbd96dfe4a579d98a1dede3574d832df1ab6904d,1,392,,1,0.436243,0.33391225,2,0.261996,0.261996,0.106088,0.026522,1,0.106088,0.106088,0.04237,0.0105925,1,0.04237,0.04237,0.014439,0.010592,1,0.014439,0.014439,0.02165,0.0054125,1,0.02165,0.02165,163.472832,40.868523,1,163.472832,163.472832,0.079709,0.01992725,1,0.079709,0.079709,0.0,0.0,0,0.0,0.0,0.0,0.0,0,0.0,0.0,0.086139,0.02153475,1,0.086139,0.086139,0.033519,0.00837975,1,0.033519,0.033519,125.585981,31.39649525,1,125.585981,125.585981,0.0,0.0,0,0.0,0.0,14.38763,3.5969075,1,14.38763,14.38763,2.985284,0.746321,1,2.985284,2.985284,231.852707,185.18627750000002,0,50.721465,50.721465,1.187541,1.17171175,0,1.137292,1.137292,400000,100000,1,400000,400000,100000,25000,1,100000,100000,1,0.25,1,1,1,1,0.25,1,1,1,800000,200000,1,800000,800000,819200000,204800000,1,819200000,819200000,819200000,204800000,1,819200000,819200000,0.325695,0.0,0.0,0.00924,0.0,0.00067,0.0,0.0,0.0,0.0,0.0,0.0,0.0,0.0,0.0,231.852707,1.187541,0,0,0,0,0,0,0,,,,,,,,,,,,0,0,0,0.0,0.0,0.0,0.0
tiledb,node,256,0,warm,overlap_clustered_within_rank_25,100000,within_rank_25,clustered,2048,1,237.31699399650097,0,False,0,0,17,0,17,0,0,0,0,0,0,0,0,1.7284035439999998,400000,100000,100000,0.25,0.25,4.0,1,25000,100000,4.0,4,395,5753822208,13094821888,,,,,,,,,8b620a11217e3ec9028aff7bab338a87c8610543271627b8966301d4f2de2786,1,392,,1,0.362265,0.28445325,2,0.248676,0.248676,0.106398,0.0265995,1,0.106398,0.106398,0.038409,0.00960225,1,0.038409,0.038409,0.01016,0.0087,1,0.01016,0.01016,0.02205,0.0055125,1,0.02205,0.02205,167.155346,41.7891215,1,167.155346,167.155346,0.077429,0.01935725,1,0.077429,0.077429,0.0,0.0,0,0.0,0.0,0.0,0.0,0,0.0,0.0,0.077859,0.01946475,1,0.077859,0.077859,0.031319,0.00782975,1,0.031319,0.031319,129.781707,32.44542675,1,129.781707,129.781707,0.0,0.0,0,0.0,0.0,14.38402,3.596005,1,14.38402,14.38402,2.984444,0.746111,1,2.984444,2.984444,235.669369,187.97431025,0,50.877183,50.877183,1.180682,1.1674225,2,1.133153,1.133153,400000,100000,1,400000,400000,100000,25000,1,100000,100000,1,0.25,1,1,1,1,0.25,1,1,1,800000,200000,1,800000,800000,819200000,204800000,1,819200000,819200000,819200000,204800000,1,819200000,819200000,0.272836,0.0,0.0,0.00822,0.0,0.00047,0.0,0.0,0.0,0.0,0.0,0.0,0.0,0.0,0.0,235.669369,1.178132,0,0,0,0,0,0,0,,,,,,,,,,,,0,0,0,0.0,0.0,0.0,0.0
tiledb,node,256,0,warm,overlap_clustered_within_rank_25,100000,within_rank_25,clustered,2048,2,256.22996396850795,0,False,0,0,17,0,17,0,0,0,0,0,0,0,0,1.747054768,400000,100000,100000,0.25,0.25,4.0,1,25000,100000,4.0,4,395,5753822208,13094850560,,,,,,,,,5aed05750d6eb4725ef15c817b5658e9c16e32fc25bdb6bd3f104c68a37c49ec,1,392,,1,0.399544,0.31288000000000005,2,0.254466,0.254466,0.105109,0.02627725,1,0.105109,0.105109,0.037539,0.00938475,1,0.037539,0.037539,0.01129,0.0090075,1,0.01129,0.01129,0.02192,0.00548,1,0.02192,0.02192,186.079736,46.5205115,1,186.079736,186.079736,0.082858,0.0207145,1,0.082858,0.082858,0.0,0.0,0,0.0,0.0,0.0,0.0,0,0.0,0.0,0.081419,0.02035475,1,0.081419,0.081419,0.031079,0.00776975,1,0.031079,0.031079,147.849021,36.96225525,1,147.849021,147.849021,0.0,0.0,0,0.0,0.0,14.38769,3.5969225,1,14.38769,14.38769,2.984945,0.74623625,1,2.984945,2.984945,254.53221,202.1244465,0,50.809924,50.809924,1.186752,1.17168725,2,1.133733,1.133733,400000,100000,1,400000,400000,100000,25000,1,100000,100000,1,0.25,1,1,1,1,0.25,1,1,1,800000,200000,1,800000,800000,819200000,204800000,1,819200000,819200000,819200000,204800000,1,819200000,819200000,0.301275,0.0,0.0,0.00867,0.0,0.00086,0.0,0.0,0.0,0.0,0.0,0.0,0.0,0.0,0.0,254.53221,1.181252,0,0,0,0,0,0,0,,,,,,,,,,,,0,0,0,0.0,0.0,0.0,0.0
tiledb,node,256,0,warm,overlap_clustered_within_rank_25,100000,within_rank_25,clustered,2048,3,234.36728899832815,2,False,0,0,18,1,19,0,0,0,0,0,0,0,0,1.707853327,400000,100000,100000,0.25,0.25,4.0,1,25000,100000,4.0,4,395,5753822208,13094883328,,,,,,,,,8e39e3c9f8232d5ab505c076825beede285e70d8d4457f3e09b9122ed88f2a0d,1,392,,1,0.349075,0.2899635,2,0.279006,0.279006,0.104839,0.02620975,1,0.104839,0.104839,0.041379,0.01034475,1,0.041379,0.041379,0.01077,0.008852249999999999,1,0.01077,0.01077,0.02186,0.005465,1,0.02186,0.02186,164.24167,41.0608775,1,164.24167,164.24167,0.078188,0.019547,1,0.078188,0.078188,0.0,0.0,0,0.0,0.0,0.0,0.0,0,0.0,0.0,0.083398,0.0208495,1,0.083398,0.083398,0.03055,0.0076375,1,0.03055,0.03055,125.904546,31.4761365,1,125.904546,125.904546,0.0,0.0,0,0.0,0.0,14.38828,3.59707,1,14.38828,14.38828,2.984914,0.7462285,1,2.984914,2.984914,232.735404,185.80582825,2,50.816263,50.816263,1.184212,1.16735725,0,1.133973,1.133973,400000,100000,1,400000,400000,100000,25000,1,100000,100000,1,0.25,1,1,1,1,0.25,1,1,1,800000,200000,1,800000,800000,819200000,204800000,1,819200000,819200000,819200000,204800000,1,819200000,819200000,0.349075,0.0,0.0,0.007979,0.0,0.00045,0.0,0.0,0.0,0.0,0.0,0.0,0.0,0.0,0.0,232.735404,1.171992,0,0,0,0,0,0,0,,,,,,,,,,,,0,0,0,0.0,0.0,0.0,0.0
tiledb,node,256,0,warm,overlap_clustered_within_rank_25,100000,within_rank_25,clustered,2048,4,228.56318799313158,2,False,0,0,20,3,23,0,0,0,0,0,0,0,0,1.662869819,400000,100000,100000,0.25,0.25,4.0,1,25000,100000,4.0,4,395,5753822208,13094883328,,,,,,,,,de6726a9748611993943992c84bc562a0e510bc946cae28495b41c954d4d3d2a,1,392,,1,0.412383,0.338832,2,0.258576,0.258576,0.105119,0.02627975,1,0.105119,0.105119,0.036839,0.00920975,1,0.036839,0.036839,0.01175,0.0090025,1,0.01175,0.01175,0.02163,0.0054075,1,0.02163,0.02163,158.498877,39.62508175,1,158.498877,158.498877,0.077689,0.01942225,1,0.077689,0.077689,0.0,0.0,0,0.0,0.0,0.0,0.0,0,0.0,0.0,0.079869,0.01996725,1,0.079869,0.079869,0.030849,0.00771225,1,0.030849,0.030849,120.033786,30.0084465,1,120.033786,120.033786,0.0,0.0,0,0.0,0.0,14.41007,3.6025175,1,14.41007,14.41007,2.994444,0.748611,1,2.994444,2.994444,226.867603,181.47701899999998,2,50.687305,50.687305,1.187692,1.17481475,3,1.147993,1.147993,400000,100000,1,400000,400000,100000,25000,1,100000,100000,1,0.25,1,1,1,1,0.25,1,1,1,800000,200000,1,800000,800000,819200000,204800000,1,819200000,819200000,819200000,204800000,1,819200000,819200000,0.412383,0.0,0.0,0.00772,0.0,0.00027,0.0,0.0,0.0,0.0,0.0,0.0,0.0,0.0,0.0,226.867603,1.179912,0,0,0,0,0,0,0,,,,,,,,,,,,0,0,0,0.0,0.0,0.0,0.0
tiledb,node,256,0,warm,overlap_clustered_combined_12_5,100000,combined_12_5,clustered,2048,0,148.7671269569546,2,True,0,0,13,0,13,0,0,0,0,0,0,0,0,0.852464628,400000,200000,50000,0.5,0.125,2.0,4,12500,50000,4.0,4,788,5344222208,13088604160,,,,,,,,,e503c7cb99f9b706f31ea7bbdb7d912e6118cde2c8f074ad630d36d6e8e92385,1,197,,1,0.727629,0.48831274999999996,2,0.727629,0.727629,0.102888,0.025722,2,0.102888,0.102888,0.03665,0.0091625,2,0.03665,0.03665,0.01073,0.01002225,3,0.00949,0.00949,0.014399,0.00359975,2,0.014399,0.014399,85.504534,21.376561000000002,2,85.504534,85.504534,0.03888,0.00972,2,0.03888,0.03888,0.0,0.0,0,0.0,0.0,0.0,0.0,0,0.0,0.0,0.087019,0.02175475,2,0.087019,0.087019,0.01919,0.0047975,2,0.01919,0.01919,84.995511,21.24887775,2,84.995511,84.995511,0.0,0.0,0,0.0,0.0,7.219379,1.80484475,2,7.219379,7.219379,3.048394,0.7620985,2,3.048394,3.048394,146.746928,121.3435135,1,50.734705,50.734705,1.194481,1.171399,0,1.134482,1.134482,400000,100000,2,400000,400000,50000,12500,2,50000,50000,1,0.25,2,1,1,1,0.25,2,1,1,400000,100000,2,400000,400000,409600000,102400000,2,409600000,409600000,409600000,102400000,2,409600000,409600000,0.727629,0.102888,0.03665,0.00949,0.014399,85.504534,0.03888,0.0,0.0,0.087019,0.01919,84.995511,0.0,7.219379,3.048394,50.734705,1.134482,400000,50000,1,1,400000,409600000,409600000,,,,,,,,,,,,0,0,0,0.0,0.0,0.0,0.0
tiledb,node,256,0,warm,overlap_clustered_combined_12_5,100000,combined_12_5,clustered,2048,1,166.41877696383744,1,False,0,0,14,1,15,0,0,0,0,0,0,0,0,1.022558319,400000,200000,50000,0.5,0.125,2.0,4,12500,50000,4.0,4,788,5344222208,13090963456,,,,,,,,,2ba0910f71c67d14737709a679d3f61541396496df427c5e6d019d6b197b208e,1,197,,1,0.369594,0.31099025,1,0.256156,0.256156,0.103528,0.025882,2,0.103528,0.103528,0.03875,0.0096875,2,0.03875,0.03875,0.01173,0.00954725,2,0.01173,0.01173,0.014999,0.00374975,2,0.014999,0.014999,103.526638,25.882334500000002,2,103.526638,103.526638,0.03952,0.00988,2,0.03952,0.03952,0.0,0.0,0,0.0,0.0,0.0,0.0,0,0.0,0.0,0.079249,0.01981225,2,0.079249,0.079249,0.01863,0.0046575,2,0.01863,0.01863,103.027315,25.75682875,2,103.027315,103.027315,0.0,0.0,0,0.0,0.0,7.21827,1.8045675,2,7.21827,7.21827,3.036664,0.759166,2,3.036664,3.036664,164.751752,134.874784,1,50.700935,50.700935,1.205212,1.17630225,0,1.139753,1.139753,400000,100000,2,400000,400000,50000,12500,2,50000,50000,1,0.25,2,1,1,1,0.25,2,1,1,400000,100000,2,400000,400000,409600000,102400000,2,409600000,409600000,409600000,102400000,2,409600000,409600000,0.369594,0.0,0.0,0.00827,0.0,0.001,0.0,0.0,0.0,0.0,0.0,0.0,0.0,0.0,0.0,164.751752,1.177882,0,0,0,0,0,0,0,,,,,,,,,,,,0,0,0,0.0,0.0,0.0,0.0
tiledb,node,256,0,warm,overlap_clustered_combined_12_5,100000,combined_12_5,clustered,2048,2,165.41439201682806,1,False,0,0,14,1,15,0,0,0,0,0,0,0,0,1.015568476,400000,200000,50000,0.5,0.125,2.0,4,12500,50000,4.0,4,788,5344222208,13091024896,,,,,,,,,d42fd5add5b02c164d390790687ecf2b4baf06b18ad7453cabebaeccb8e7febb,1,197,,1,0.386304,0.31558025,1,0.285376,0.285376,0.104748,0.026187,2,0.104748,0.104748,0.037639,0.00940975,2,0.037639,0.037639,0.0107,0.0091875,0,0.00983,0.00983,0.0148,0.0037,2,0.0148,0.0148,102.373666,25.5939265,2,102.373666,102.373666,0.039159,0.00978975,2,0.039159,0.039159,0.0,0.0,0,0.0,0.0,0.0,0.0,0,0.0,0.0,0.067119,0.01677975,2,0.067119,0.067119,0.01848,0.00462,2,0.01848,0.01848,101.898143,25.47453575,2,101.898143,101.898143,0.0,0.0,0,0.0,0.0,7.218119,1.80452975,2,7.218119,7.218119,3.028644,0.757161,2,3.028644,3.028644,163.742168,134.02703449999998,1,50.850033,50.850033,1.190532,1.17528225,0,1.139893,1.139893,400000,100000,2,400000,400000,50000,12500,2,50000,50000,1,0.25,2,1,1,1,0.25,2,1,1,400000,100000,2,400000,400000,409600000,102400000,2,409600000,409600000,409600000,102400000,2,409600000,409600000,0.386304,0.0,0.0,0.0081,0.0,0.00041,0.0,0.0,0.0,0.0,0.0,0.0,0.0,0.0,0.0,163.742168,1.183362,0,0,0,0,0,0,0,,,,,,,,,,,,0,0,0,0.0,0.0,0.0,0.0
tiledb,node,256,0,warm,overlap_clustered_combined_12_5,100000,combined_12_5,clustered,2048,3,167.6369879860431,1,False,0,0,13,1,14,0,0,0,0,0,0,0,0,1.02731239,400000,200000,50000,0.5,0.125,2.0,4,12500,50000,4.0,4,784,5344222208,13091090432,,,,,,,,,1868ae3f0978c6f66a29ea1d1f123fe88c527eff6adda8ef08474961e17c2c9b,1,196,,1,0.379494,0.308448,1,0.273536,0.273536,0.104418,0.0261045,2,0.104418,0.104418,0.03858,0.009645,2,0.03858,0.03858,0.010279,0.00888975,2,0.010279,0.010279,0.01505,0.0037625,2,0.01505,0.01505,104.73928,26.185164999999998,2,104.73928,104.73928,0.03968,0.00992,2,0.03968,0.03968,0.0,0.0,0,0.0,0.0,0.0,0.0,0,0.0,0.0,0.067079,0.01676975,2,0.067079,0.067079,0.02314,0.005785,2,0.02314,0.02314,104.241077,26.06026925,2,104.241077,104.241077,0.0,0.0,0,0.0,0.0,7.214219,1.80355475,2,7.214219,7.214219,3.036034,0.7590085,2,3.036034,3.036034,165.977503,135.8104395,1,50.717855,50.717855,1.200971,1.1750319999999999,0,1.140383,1.140383,400000,100000,2,400000,400000,50000,12500,2,50000,50000,1,0.25,2,1,1,1,0.25,2,1,1,400000,100000,2,400000,400000,409600000,102400000,2,409600000,409600000,409600000,102400000,2,409600000,409600000,0.379494,0.0,0.0,0.008,0.0,0.00017,0.0,0.0,0.0,0.0,0.0,0.0,0.0,0.0,0.0,165.977503,1.178982,0,0,0,0,0,0,0,,,,,,,,,,,,0,0,0,0.0,0.0,0.0,0.0
tiledb,node,256,0,warm,overlap_clustered_combined_12_5,100000,combined_12_5,clustered,2048,4,164.52702600508928,1,False,0,0,12,0,12,0,0,0,0,0,0,0,0,1.0121151309999998,400000,200000,50000,0.5,0.125,2.0,4,12500,50000,4.0,4,784,5344222208,13091082240,,,,,,,,,dd821f2e5a2af1dc96ecaa69e54d44cceaefedbb956b67436cc06dc3a30f8f89,1,196,,1,0.356455,0.29243075,1,0.245036,0.245036,0.103758,0.0259395,2,0.103758,0.103758,0.0368,0.0092,2,0.0368,0.0368,0.009929,0.008729250000000001,2,0.009929,0.009929,0.0146,0.00365,2,0.0146,0.0146,101.587708,25.3973395,2,101.587708,101.587708,0.03932,0.00983,2,0.03932,0.03932,0.0,0.0,0,0.0,0.0,0.0,0.0,0,0.0,0.0,0.065489,0.01637225,2,0.065489,0.065489,0.01884,0.00471,2,0.01884,0.01884,101.056726,25.2641815,2,101.056726,101.056726,0.0,0.0,0,0.0,0.0,7.2154,1.80385,2,7.2154,7.2154,3.045233,0.76130825,2,3.045233,3.045233,162.896421,133.45394575,1,50.781324,50.781324,1.191592,1.17072225,0,1.135823,1.135823,400000,100000,2,400000,400000,50000,12500,2,50000,50000,1,0.25,2,1,1,1,0.25,2,1,1,400000,100000,2,400000,400000,409600000,102400000,2,409600000,409600000,409600000,102400000,2,409600000,409600000,0.356455,0.0,0.0,0.007849,0.0,0.00025,0.0,0.0,0.0,0.0,0.0,0.0,0.0,0.0,0.0,162.896421,1.176722,0,0,0,0,0,0,0,,,,,,,,,,,,0,0,0,0.0,0.0,0.0,0.0
tiledb,node,256,0,warm,overlap_clustered_combined_6_25,100000,combined_6_25,clustered,2048,0,117.47887497767806,1,False,0,0,11,0,11,0,0,0,0,0,0,0,0,0.625274662,400000,100000,25000,0.25,0.0625,4.0,4,6250,25000,4.0,4,396,5139422208,13090590720,,,,,,,,,84bb9c2acbf4e30809952e8de290bd1b9a7a25ced4c4fa43aca8df64b86fa1c3,1,99,,1,0.422934,0.29631525,1,0.251396,0.251396,0.104229,0.02605725,2,0.104229,0.104229,0.037189,0.00929725,2,0.037189,0.037189,0.01283,0.010835000000000001,2,0.01283,0.01283,0.01277,0.0031925,2,0.01277,0.01277,58.468777,14.61762425,2,58.468777,58.468777,0.02146,0.005365,2,0.02146,0.02146,0.0,0.0,0,0.0,0.0,0.0,0.0,0,0.0,0.0,0.068549,0.01713725,2,0.068549,0.068549,0.01316,0.00329,2,0.01316,0.01316,58.099452,14.524863,2,58.099452,58.099452,0.0,0.0,0,0.0,0.0,3.627604,0.906901,2,3.627604,3.627604,2.660329,0.66508225,2,2.660329,2.660329,115.790771,98.07754625,1,50.764384,50.764384,1.181292,1.16807225,0,1.135293,1.135293,400000,100000,2,400000,400000,25000,6250,2,25000,25000,1,0.25,2,1,1,1,0.25,2,1,1,200000,50000,2,200000,200000,204800000,51200000,2,204800000,204800000,204800000,51200000,2,204800000,204800000,0.422934,0.0,0.0,0.00803,0.0,0.00013,0.0,0.0,0.0,0.0,0.0,0.0,0.0,0.0,0.0,115.790771,1.176752,0,0,0,0,0,0,0,,,,,,,,,,,,0,0,0,0.0,0.0,0.0,0.0
tiledb,node,256,0,warm,overlap_clustered_combined_6_25,100000,combined_6_25,clustered,2048,1,123.1468979967758,1,False,0,0,12,1,13,0,0,0,0,0,0,0,0,0.654906825,400000,100000,25000,0.25,0.0625,4.0,4,6250,25000,4.0,4,396,5139422208,13090643968,,,,,,,,,099ae8b87add43962c93e78691747ffba91e00bc05c5e53b921aa00755634219,1,99,,1,0.347655,0.28442075,1,0.248076,0.248076,0.105248,0.026312,2,0.105248,0.105248,0.03774,0.009435,2,0.03774,0.03774,0.010069,0.00861175,2,0.010069,0.010069,0.01216,0.00304,2,0.01216,0.01216,64.191499,16.048249749999997,2,64.191499,64.191499,0.0205,0.005125,2,0.0205,0.0205,0.0,0.0,0,0.0,0.0,0.0,0.0,0,0.0,0.0,0.066069,0.01651725,2,0.066069,0.066069,0.01225,0.0030625,2,0.01225,0.01225,63.766395,15.94159875,2,63.766395,63.766395,0.0,0.0,0,0.0,0.0,3.631195,0.90779875,2,3.631195,3.631195,2.664579,0.66614475,2,2.664579,2.664579,121.520913,102.43506525,1,50.764425,50.764425,1.179872,1.1670345,0,1.132732,1.132732,400000,100000,2,400000,400000,25000,6250,2,25000,25000,1,0.25,2,1,1,1,0.25,2,1,1,200000,50000,2,200000,200000,204800000,51200000,2,204800000,204800000,204800000,51200000,2,204800000,204800000,0.347655,0.0,0.0,0.00808,0.0,0.00039,0.0,0.0,0.0,0.0,0.0,0.0,0.0,0.0,0.0,121.520913,1.178042,0,0,0,0,0,0,0,,,,,,,,,,,,0,0,0,0.0,0.0,0.0,0.0
tiledb,node,256,0,warm,overlap_clustered_combined_6_25,100000,combined_6_25,clustered,2048,2,123.6662509618327,1,False,0,0,11,0,11,0,0,0,0,0,0,0,0,0.654115149,400000,100000,25000,0.25,0.0625,4.0,4,6250,25000,4.0,4,396,5139422208,13090664448,,,,,,,,,e42ddac3a7a22b798994f0c89e738e5cc9c8871d8f39cffbaf0755d36ced77d7,1,99,,1,0.353725,0.290983,1,0.246356,0.246356,0.106208,0.026552,2,0.106208,0.106208,0.038,0.0095,2,0.038,0.038,0.01011,0.00894,2,0.01011,0.01011,0.011979,0.00299475,2,0.011979,0.011979,64.661652,16.165693,2,64.661652,64.661652,0.0208,0.0052,2,0.0208,0.0208,0.0,0.0,0,0.0,0.0,0.0,0.0,0,0.0,0.0,0.066139,0.01653475,2,0.066139,0.066139,0.01287,0.0032175,2,0.01287,0.01287,64.251258,16.0628145,2,64.251258,64.251258,0.0,0.0,0,0.0,0.0,3.627845,0.90696125,2,3.627845,3.627845,2.669609,0.66740225,2,2.669609,2.669609,122.028385,102.762842,1,50.798754,50.798754,1.192102,1.17319975,0,1.134313,1.134313,400000,100000,2,400000,400000,25000,6250,2,25000,25000,1,0.25,2,1,1,1,0.25,2,1,1,200000,50000,2,200000,200000,204800000,51200000,2,204800000,204800000,204800000,51200000,2,204800000,204800000,0.353725,0.0,0.0,0.00869,0.0,0.00017,0.0,0.0,0.0,0.0,0.0,0.0,0.0,0.0,0.0,122.028385,1.185312,0,0,0,0,0,0,0,,,,,,,,,,,,0,0,0,0.0,0.0,0.0,0.0
tiledb,node,256,0,warm,overlap_clustered_combined_6_25,100000,combined_6_25,clustered,2048,3,120.28974096756428,3,False,0,0,13,2,15,0,0,0,0,0,0,0,0,0.655004866,400000,100000,25000,0.25,0.0625,4.0,4,6250,25000,4.0,4,396,5139422208,13090676736,,,,,,,,,7168199ecc7aa17e3f8896999ab5635300cd44be21ad77a24b3b3a2e3a687d8a,1,99,,1,0.351874,0.27533050000000003,1,0.246596,0.246596,0.104009,0.02600225,2,0.104009,0.104009,0.037739,0.00943475,2,0.037739,0.037739,0.01033,0.0089875,2,0.01033,0.01033,0.01208,0.00302,2,0.01208,0.01208,61.198104,15.299846,2,61.198104,61.198104,0.020549,0.00513725,2,0.020549,0.020549,0.0,0.0,0,0.0,0.0,0.0,0.0,0,0.0,0.0,0.067209,0.01680225,2,0.067209,0.067209,0.01199,0.0029975,2,0.01199,0.01199,60.774051,15.19351275,2,60.774051,60.774051,0.0,0.0,0,0.0,0.0,3.636905,0.90922625,2,3.636905,3.636905,2.672209,0.66805225,2,2.672209,2.672209,118.652496,100.345524,3,50.887053,50.887053,1.189232,1.1694995000000001,3,1.133732,1.133732,400000,100000,2,400000,400000,25000,6250,2,25000,25000,1,0.25,2,1,1,1,0.25,2,1,1,200000,50000,2,200000,200000,204800000,51200000,2,204800000,204800000,204800000,51200000,2,204800000,204800000,0.263306,0.0,0.0,0.00868,0.0,0.00031,0.0,0.0,0.0,0.0,0.0,0.0,0.0,0.0,0.0,118.652496,1.189232,0,0,0,0,0,0,0,,,,,,,,,,,,0,0,0,0.0,0.0,0.0,0.0
tiledb,node,256,0,warm,overlap_clustered_combined_6_25,100000,combined_6_25,clustered,2048,4,107.16299200430512,1,False,0,0,11,0,11,0,0,0,0,0,0,0,0,0.548236877,400000,100000,25000,0.25,0.0625,4.0,4,6250,25000,4.0,4,396,5139422208,13090701312,,,,,,,,,8aa2fb5e2d3dfdc0c2e2522404dc8e477e7bd2fbe1beff3a860df4674931c6a2,1,99,,1,0.344995,0.2787605,1,0.250886,0.250886,0.103359,0.02583975,2,0.103359,0.103359,0.038209,0.00955225,2,0.038209,0.038209,0.0097,0.0085875,2,0.0097,0.0097,0.01243,0.0031075,2,0.01243,0.01243,48.40925,12.1027025,2,48.40925,48.40925,0.028309,0.00707725,2,0.028309,0.028309,0.0,0.0,0,0.0,0.0,0.0,0.0,0,0.0,0.0,0.067729,0.01693225,2,0.067729,0.067729,0.01206,0.003015,2,0.01206,0.01206,48.016296,12.004074,2,48.016296,48.016296,0.0,0.0,0,0.0,0.0,3.620825,0.90520625,2,3.620825,3.620825,2.664609,0.66615225,2,2.664609,2.664609,105.541257,90.49331475,1,50.589867,50.589867,1.199051,1.17490925,0,1.139862,1.139862,400000,100000,2,400000,400000,25000,6250,2,25000,25000,1,0.25,2,1,1,1,0.25,2,1,1,200000,50000,2,200000,200000,204800000,51200000,2,204800000,204800000,204800000,51200000,2,204800000,204800000,0.344995,0.0,0.0,0.00804,0.0,0.00059,0.0,0.0,0.0,0.0,0.0,0.0,0.0,0.0,0.0,105.541257,1.178752,0,0,0,0,0,0,0,,,,,,,,,,,,0,0,0,0.0,0.0,0.0,0.0
tiledb,node,256,0,warm,overlap_clustered_combined_3_125,100000,combined_3_125,clustered,2048,0,92.80267194844782,1,False,0,0,10,0,10,0,0,0,0,0,0,0,0,0.430150213,400000,50000,12500,0.125,0.03125,8.0,4,3125,12500,4.0,4,200,5037022208,13090713600,,,,,,,,,23539a2deec1b65b53470296a63def95404ee5e76bee94d9da27f6f7faaa4fa9,1,50,,1,0.416233,0.32481975,1,0.257766,0.257766,0.108278,0.0270695,2,0.108278,0.108278,0.03749,0.0093725,2,0.03749,0.03749,0.746808,0.1943245,0,0.01303,0.01303,0.009729,0.00243225,2,0.009729,0.009729,35.797413,8.94960075,2,35.797413,35.797413,0.01229,0.0030725,2,0.01229,0.01229,0.0,0.0,0,0.0,0.0,0.0,0.0,0,0.0,0.0,0.073009,0.01825225,2,0.073009,0.073009,0.0093,0.002325,2,0.0093,0.0093,35.478538,8.8696345,2,35.478538,35.478538,0.0,0.0,0,0.0,0.0,1.836122,0.4590305,2,1.836122,1.836122,2.542642,0.6356605,2,2.542642,2.542642,91.122157,79.47397325,1,50.675846,50.675846,1.181562,1.168752,3,1.136952,1.136952,400000,100000,2,400000,400000,12500,3125,2,12500,12500,1,0.25,2,1,1,1,0.25,2,1,1,100000,25000,2,100000,100000,102400000,25600000,2,102400000,102400000,102400000,25600000,2,102400000,102400000,0.416233,0.0,0.0,0.00819,0.0,0.00016,0.0,0.0,0.0,0.0,0.0,0.0,0.0,0.0,0.0,91.122157,1.178372,0,0,0,0,0,0,0,,,,,,,,,,,,0,0,0,0.0,0.0,0.0,0.0
tiledb,node,256,0,warm,overlap_clustered_combined_3_125,100000,combined_3_125,clustered,2048,1,89.10485892556608,1,False,0,0,10,0,10,0,0,0,0,0,0,0,0,0.41062734,400000,50000,12500,0.125,0.03125,8.0,4,3125,12500,4.0,4,200,5037022208,13090656256,,,,,,,,,dd735e702aab6a5ef4e078e005d31bae113c86702f38c9b08a1107977ef0c950,1,50,,1,0.324535,0.26192575,1,0.248666,0.248666,0.103819,0.02595475,2,0.103819,0.103819,0.037169,0.00929225,2,0.037169,0.037169,0.01005,0.0090575,0,0.00954,0.00954,0.00918,0.002295,2,0.00918,0.00918,32.192038,8.048264499999998,2,32.192038,32.192038,0.01098,0.002745,2,0.01098,0.01098,0.0,0.0,0,0.0,0.0,0.0,0.0,0,0.0,0.0,0.060529,0.01513225,2,0.060529,0.060529,0.00912,0.00228,2,0.00912,0.00912,31.931762,7.9829405,2,31.931762,31.931762,0.0,0.0,0,0.0,0.0,1.809602,0.4524005,2,1.809602,1.809602,2.528962,0.6322405,2,2.528962,2.528962,87.504553,76.857118,1,50.735415,50.735415,1.191852,1.17199475,0,1.133393,1.133393,400000,100000,2,400000,400000,12500,3125,2,12500,12500,1,0.25,2,1,1,1,0.25,2,1,1,100000,25000,2,100000,100000,102400000,25600000,2,102400000,102400000,102400000,25600000,2,102400000,102400000,0.324535,0.0,0.0,0.00815,0.0,0.00016,0.0,0.0,0.0,0.0,0.0,0.0,0.0,0.0,0.0,87.504553,1.177042,0,0,0,0,0,0,0,,,,,,,,,,,,0,0,0,0.0,0.0,0.0,0.0
tiledb,node,256,0,warm,overlap_clustered_combined_3_125,100000,combined_3_125,clustered,2048,2,90.44868790078908,2,True,0,0,10,0,10,0,0,0,0,0,0,0,0,0.416752477,400000,50000,12500,0.125,0.03125,8.0,4,3125,12500,4.0,4,200,5037022208,13090672640,,,,,,,,,1f3440f1ece5472a09fa600f0d3b94e74502e6d5c62dacc3b9b56e7b9c63eade,1,50,,1,0.398684,0.32555,1,0.368324,0.368324,0.101868,0.025467,2,0.101868,0.101868,0.03445,0.0086125,2,0.03445,0.03445,0.00982,0.00890225,0,0.00921,0.00921,0.009079,0.00226975,2,0.009079,0.009079,33.366341,8.342092749999999,2,33.366341,33.366341,0.01061,0.0026525,2,0.01061,0.01061,0.0,0.0,0,0.0,0.0,0.0,0.0,0,0.0,0.0,0.039259,0.00981475,2,0.039259,0.039259,0.0054,0.00135,2,0.0054,0.0054,33.008806,8.2522015,2,33.008806,33.008806,0.0,0.0,0,0.0,0.0,1.844181,0.46104525,2,1.844181,1.844181,2.549361,0.63734025,2,2.549361,2.549361,88.747554,77.85396275,1,50.732644,50.732644,1.189032,1.17015475,3,1.135883,1.135883,400000,100000,2,400000,400000,12500,3125,2,12500,12500,1,0.25,2,1,1,1,0.25,2,1,1,100000,25000,2,100000,100000,102400000,25600000,2,102400000,102400000,102400000,25600000,2,102400000,102400000,0.368324,0.101868,0.03445,0.00921,0.009079,33.366341,0.01061,0.0,0.0,0.039259,0.0054,33.008806,0.0,1.844181,2.549361,50.732644,1.135883,400000,12500,1,1,100000,102400000,102400000,,,,,,,,,,,,0,0,0,0.0,0.0,0.0,0.0
tiledb,node,256,0,warm,overlap_clustered_combined_3_125,100000,combined_3_125,clustered,2048,3,95.12731595896184,1,False,0,0,9,0,9,0,0,0,0,0,0,0,0,0.455311861,400000,50000,12500,0.125,0.03125,8.0,4,3125,12500,4.0,4,196,5037022208,13090676736,,,,,,,,,b85c5508b2843b381d9e27bae605a062858046c0dc876dbb271c5505b644d538,1,49,,1,0.362105,0.2827655,1,0.248656,0.248656,0.103639,0.02590975,2,0.103639,0.103639,0.039299,0.00982475,2,0.039299,0.039299,0.01005,0.008735,2,0.01005,0.01005,0.00917,0.0022925,2,0.00917,0.00917,38.131897,9.53328175,2,38.131897,38.131897,0.01085,0.0027125,2,0.01085,0.01085,0.0,0.0,0,0.0,0.0,0.0,0.0,0,0.0,0.0,0.066349,0.01658725,2,0.066349,0.066349,0.00984,0.00246,2,0.00984,0.00984,37.837101,9.45927525,2,37.837101,37.837101,0.0,0.0,0,0.0,0.0,1.815892,0.453973,2,1.815892,1.815892,2.531182,0.6327955,2,2.531182,2.531182,93.495702,81.35211975,1,50.771135,50.771135,1.183472,1.166537,0,1.131032,1.131032,400000,100000,2,400000,400000,12500,3125,2,12500,12500,1,0.25,2,1,1,1,0.25,2,1,1,100000,25000,2,100000,100000,102400000,25600000,2,102400000,102400000,102400000,25600000,2,102400000,102400000,0.362105,0.0,0.0,0.00781,0.0,0.00021,0.0,0.0,0.0,0.0,0.0,0.0,0.0,0.0,0.0,93.495702,1.175052,0,0,0,0,0,0,0,,,,,,,,,,,,0,0,0,0.0,0.0,0.0,0.0
tiledb,node,256,0,warm,overlap_clustered_combined_3_125,100000,combined_3_125,clustered,2048,4,92.58681489154696,1,False,0,0,11,1,12,0,0,0,0,0,0,0,0,0.446312351,400000,50000,12500,0.125,0.03125,8.0,4,3125,12500,4.0,4,200,5037022208,13090672640,,,,,,,,,d096782fef9ffccf811ca1387bca6e2ec7ceddfe8a93f2d44027c449f3b9c1a2,1,50,,1,0.300346,0.24323875,1,0.234337,0.234337,0.103288,0.025822,2,0.103288,0.103288,0.036349,0.00908725,2,0.036349,0.036349,0.00916,0.008485,2,0.00916,0.00916,0.00918,0.002295,2,0.00918,0.00918,35.684365,8.92124875,2,35.684365,35.684365,0.01051,0.0026275,2,0.01051,0.01051,0.0,0.0,0,0.0,0.0,0.0,0.0,0,0.0,0.0,0.055708999999999995,0.013927249999999999,2,0.055708999999999995,0.055708999999999995,0.00803,0.0020075,2,0.00803,0.00803,35.379299,8.84482475,2,35.379299,35.379299,0.0,0.0,0,0.0,0.0,1.818542,0.4546355,2,1.818542,1.818542,2.530781,0.63269525,2,2.530781,2.530781,91.012909,79.4900325,1,50.745994,50.745994,1.182622,1.16924475,0,1.138973,1.138973,400000,100000,2,400000,400000,12500,3125,2,12500,12500,1,0.25,2,1,1,1,0.25,2,1,1,100000,25000,2,100000,100000,102400000,25600000,2,102400000,102400000,102400000,25600000,2,102400000,102400000,0.300346,0.0,0.0,0.00804,0.0,0.00018,0.0,0.0,0.0,0.0,0.0,0.0,0.0,0.0,0.0,91.012909,1.176462,0,0,0,0,0,0,0,,,,,,,,,,,,0,0,0,0.0,0.0,0.0,0.0
tiledb,node,256,0,warm,overlap_clustered_stress_1,100000,stress_1,clustered,2048,0,68.55073303449899,1,False,0,0,9,0,9,0,0,0,0,0,0,0,0,0.296798312,400000,16000,4000,0.04,0.01,25.0,4,1000,4000,4.0,4,68,4967390208,13090480128,,,,,,,,,a2c4b3b8e2fdd4b2e2e10a92c5cb5282f0630ea1798ef3c2f9fbb20a2af67363,1,17,,1,0.238486,0.210454,1,0.211886,0.211886,0.100129,0.02503225,2,0.100129,0.100129,0.031779,0.00794475,2,0.031779,0.031779,0.00887,0.00841,2,0.00887,0.00887,0.00766,0.001915,2,0.00766,0.00766,13.141049,3.28538975,2,13.141049,13.141049,0.00465,0.0011625,2,0.00465,0.00465,0.0,0.0,0,0.0,0.0,0.0,0.0,0,0.0,0.0,0.036889,0.00922225,2,0.036889,0.036889,0.00289,0.0007225,2,0.00289,0.00289,13.011291,3.25282275,2,13.011291,13.011291,0.0,0.0,0,0.0,0.0,0.586991,0.14674775,2,0.586991,0.586991,2.380754,0.5951885,2,2.380754,2.380754,67.054715,61.533317000000004,1,50.751624,50.751624,1.183862,1.16745225,3,1.139783,1.139783,400000,100000,2,400000,400000,4000,1000,2,4000,4000,1,0.25,2,1,1,1,0.25,2,1,1,32000,8000,2,32000,32000,32768000,8192000,2,32768000,32768000,32768000,8192000,2,32768000,32768000,0.238486,0.0,0.0,0.00825,0.0,0.00012,0.0,0.0,0.0,0.0,0.0,0.0,0.0,0.0,0.0,67.054715,1.172942,0,0,0,0,0,0,0,,,,,,,,,,,,0,0,0,0.0,0.0,0.0,0.0
tiledb,node,256,0,warm,overlap_clustered_stress_1,100000,stress_1,clustered,2048,1,68.09415901079774,1,False,0,0,9,0,9,0,0,0,0,0,0,0,0,0.28754244,400000,16000,4000,0.04,0.01,25.0,4,1000,4000,4.0,4,68,4967390208,13090484224,,,,,,,,,db91bdaebcd0e69de86822aedf9b846e1387b455c9a7b47d61aec4a8c1d88519,1,17,,1,0.222036,0.20585675,1,0.220757,0.220757,0.101088,0.025272,2,0.101088,0.101088,0.03032,0.00758,2,0.03032,0.03032,0.008709,0.00839225,2,0.008709,0.008709,0.00597,0.0014925,2,0.00597,0.00597,12.797185,3.19945125,2,12.797185,12.797185,0.00464,0.00116,2,0.00464,0.00464,0.0,0.0,0,0.0,0.0,0.0,0.0,0,0.0,0.0,0.0288,0.0072,2,0.0288,0.0288,0.00285,0.0007125,2,0.00285,0.00285,12.620557,3.15513925,2,12.620557,12.620557,0.0,0.0,0,0.0,0.0,0.588281,0.14707025,2,0.588281,0.588281,2.386993,0.59674825,2,2.386993,2.386993,66.600242,61.25683875,1,50.638756,50.638756,1.179132,1.16655475,1,1.134923,1.134923,400000,100000,2,400000,400000,4000,1000,2,4000,4000,1,0.25,2,1,1,1,0.25,2,1,1,32000,8000,2,32000,32000,32768000,8192000,2,32768000,32768000,32768000,8192000,2,32768000,32768000,0.222036,0.0,0.0,0.00798,0.0,0.0001,0.0,0.0,0.0,0.0,0.0,0.0,0.0,0.0,0.0,66.600242,1.179132,0,0,0,0,0,0,0,,,,,,,,,,,,0,0,0,0.0,0.0,0.0,0.0
tiledb,node,256,0,warm,overlap_clustered_stress_1,100000,stress_1,clustered,2048,2,68.0828100303188,1,False,0,0,9,0,9,0,0,0,0,0,0,0,0,0.288027093,400000,16000,4000,0.04,0.01,25.0,4,1000,4000,4.0,4,64,4967390208,13090484224,,,,,,,,,433351ebbc526cfbffd56af38f1c1e44f3aa076854688f6acd3fff540d67bdb5,1,16,,1,0.214566,0.20578175,1,0.212037,0.212037,0.100928,0.025232,2,0.100928,0.100928,0.03276,0.00819,2,0.03276,0.03276,0.008519,0.00811225,2,0.008519,0.008519,0.00744,0.00186,2,0.00744,0.00744,12.709486,3.177594,2,12.709486,12.709486,0.00439,0.0010975,2,0.00439,0.00439,0.0,0.0,0,0.0,0.0,0.0,0.0,0,0.0,0.0,0.02815,0.0070375,2,0.02815,0.02815,0.00286,0.000715,2,0.00286,0.00286,12.517389,3.12934725,2,12.517389,12.517389,0.0,0.0,0,0.0,0.0,0.590661,0.14766525,2,0.590661,0.590661,2.385984,0.596496,2,2.385984,2.385984,66.603572,61.243511500000004,1,50.722175,50.722175,1.176852,1.16539225,3,1.141322,1.141322,400000,100000,2,400000,400000,4000,1000,2,4000,4000,1,0.25,2,1,1,1,0.25,2,1,1,32000,8000,2,32000,32000,32768000,8192000,2,32768000,32768000,32768000,8192000,2,32768000,32768000,0.214566,0.0,0.0,0.00791,0.0,0.00025,0.0,0.0,0.0,0.0,0.0,0.0,0.0,0.0,0.0,66.603572,1.172363,0,0,0,0,0,0,0,,,,,,,,,,,,0,0,0,0.0,0.0,0.0,0.0
tiledb,node,256,0,warm,overlap_clustered_stress_1,100000,stress_1,clustered,2048,3,66.7709899134934,1,False,0,0,9,0,9,0,0,0,0,0,0,0,0,0.287341129,400000,16000,4000,0.04,0.01,25.0,4,1000,4000,4.0,4,64,4967390208,13090480128,,,,,,,,,8ac78a257781d9fdb9dc9b8e82f774322fe2329139601e87ca7b4a1d00f208a4,1,16,,1,0.225957,0.209512,1,0.211417,0.211417,0.101569,0.02539225,2,0.101569,0.101569,0.033269,0.00831725,2,0.033269,0.033269,0.00855,0.008085,2,0.00855,0.00855,0.00725,0.0018125,2,0.00725,0.00725,11.441725,2.86057375,2,11.441725,11.441725,0.00436,0.00109,2,0.00436,0.00436,0.0,0.0,0,0.0,0.0,0.0,0.0,0,0.0,0.0,0.028789000000000002,0.0071972500000000005,2,0.028789000000000002,0.028789000000000002,0.00288,0.00072,2,0.00288,0.00288,11.281388,2.820347,2,11.281388,11.281388,0.0,0.0,0,0.0,0.0,0.586891,0.14672275,2,0.586891,0.586891,2.383314,0.5958285,2,2.383314,2.383314,65.276672,60.2568165,1,50.674555,50.674555,1.181662,1.16732225,0,1.132053,1.132053,400000,100000,2,400000,400000,4000,1000,2,4000,4000,1,0.25,2,1,1,1,0.25,2,1,1,32000,8000,2,32000,32000,32768000,8192000,2,32768000,32768000,32768000,8192000,2,32768000,32768000,0.225957,0.0,0.0,0.00811,0.0,0.00015,0.0,0.0,0.0,0.0,0.0,0.0,0.0,0.0,0.0,65.276672,1.176862,0,0,0,0,0,0,0,,,,,,,,,,,,0,0,0,0.0,0.0,0.0,0.0
tiledb,node,256,0,warm,overlap_clustered_stress_1,100000,stress_1,clustered,2048,4,67.25481210742146,1,False,0,0,9,0,9,0,0,0,0,0,0,0,0,0.28447959,400000,16000,4000,0.04,0.01,25.0,4,1000,4000,4.0,4,64,4967390208,13090484224,,,,,,,,,fa56805010965a551d918947a5c97d69553e8b18cc05129fd376495ae544c8b0,1,16,,1,0.210767,0.200422,2,0.210767,0.210767,0.100718,0.0251795,2,0.100718,0.100718,0.03029,0.0075725,2,0.03029,0.03029,0.00833,0.00796425,2,0.00833,0.00833,0.00717,0.0017925,2,0.00717,0.00717,12.003566,3.001044,2,12.003566,12.003566,0.00438,0.001095,2,0.00438,0.00438,0.0,0.0,0,0.0,0.0,0.0,0.0,0,0.0,0.0,0.026009,0.00650225,2,0.026009,0.026009,0.00286,0.000715,2,0.00286,0.00286,11.854469,2.96361725,2,11.854469,11.854469,0.0,0.0,0,0.0,0.0,0.589921,0.14748025,2,0.589921,0.589921,2.383794,0.5959485,2,2.383794,2.383794,65.778165,60.61236375,1,50.605306,50.605306,1.184042,1.1679297499999999,0,1.132623,1.132623,400000,100000,2,400000,400000,4000,1000,2,4000,4000,1,0.25,2,1,1,1,0.25,2,1,1,32000,8000,2,32000,32000,32768000,8192000,2,32768000,32768000,32768000,8192000,2,32768000,32768000,0.207087,0.0,0.0,0.007889,0.0,0.00024,0.0,0.0,0.0,0.0,0.0,0.0,0.0,0.0,0.0,65.778165,1.176802,0,0,0,0,0,0,0,,,,,,,,,,,,0,0,0,0.0,0.0,0.0,0.0
