backend,array_layout,tile_extent_rows,query_chunk_rows,cache_mode,pattern,batch_size,overlap_case,overlap_placement,width,sample,latency_ms,process_read_bytes,device_read_bytes,measured_read_bytes,cpu_seconds,requested_rows,unique_rows,node_unique_rows,within_rank_unique_row_fraction,node_unique_row_fraction,within_rank_repetition,requesting_ranks_per_unique_row,owner_unique_rows_mean,owner_unique_rows_max,owner_unique_max_to_mean,owner_unique_counts,contiguous_ranges,estimated_tiles_touched,cuda_peak_temporary_bytes,rss_bytes_after,id_routing_ms,gpu_sort_ms,gpu_deduplicate_ms,staging_allocation_ms,indices_d2h_ms,tiledb_read_ms,id_decode_ms,id_sort_ms,id_deduplicate_ms,query_setup_ms,range_build_ms,query_submit_ms,cpu_reorder_ms,rows_h2d_ms,gpu_expand_ms,embedding_exchange_ms,output_reorder_ms,storage_requested_rows,storage_unique_rows,storage_range_count,storage_query_count,index_bytes,raw_staging_bytes,output_bytes,tile_overlap_planning_ms,relevant_tile_overlap_ms,partition_planning_ms,internal_tile_read_ms,internal_unfilter_ms,internal_copy_ms,internal_reader_work_ms,tiledb_ranges_requested,tiledb_tiles_read,tiledb_vfs_read_ops,tiledb_vfs_read_bytes
cpu,none,,0,resident,random,1024,,,512,0,0.2988749765790999,0,0,0,0.0022192799999999997,4096,4095,,0.999755859375,,1.0002442002442002,,,,,,4095,,6345728,40476602368,0.0,0.0,0.0,0.0,0.0,0.0,0.0,0.0,0.0,0.0,0.0,0.0,0.0,0.0,0.0,0.0,0.0,0,0,0,0,0,0,0,,,,,,,,,,,
cpu,none,,0,resident,random,1024,,,512,1,0.33604505006223917,0,0,0,0.00165518,4096,4096,,1.0,,1.0,,,,,,4096,,6337536,40485335040,0.0,0.0,0.0,0.0,0.0,0.0,0.0,0.0,0.0,0.0,0.0,0.0,0.0,0.0,0.0,0.0,0.0,0,0,0,0,0,0,0,,,,,,,,,,,
cpu,none,,0,resident,random,1024,,,512,2,0.2982250298373401,0,0,0,0.00143138,4096,4095,,0.999755859375,,1.0002442002442002,,,,,,4095,,6388736,40485490688,0.0,0.0,0.0,0.0,0.0,0.0,0.0,0.0,0.0,0.0,0.0,0.0,0.0,0.0,0.0,0.0,0.0,0,0,0,0,0,0,0,,,,,,,,,,,
cpu,none,,0,resident,random,1024,,,512,3,0.2823050017468631,0,0,0,0.00134165,4096,4096,,1.0,,1.0,,,,,,4096,,6321152,40485621760,0.0,0.0,0.0,0.0,0.0,0.0,0.0,0.0,0.0,0.0,0.0,0.0,0.0,0.0,0.0,0.0,0.0,0,0,0,0,0,0,0,,,,,,,,,,,
cpu,none,,0,resident,random,1024,,,512,4,0.28391601517796516,0,0,0,0.00133521,4096,4096,,1.0,,1.0,,,,,,4096,,6349824,40485621760,0.0,0.0,0.0,0.0,0.0,0.0,0.0,0.0,0.0,0.0,0.0,0.0,0.0,0.0,0.0,0.0,0.0,0,0,0,0,0,0,0,,,,,,,,,,,
cpu,none,,0,resident,random,1024,,,512,5,0.7249389891512692,0,0,0,0.001388814,4096,4096,,1.0,,1.0,,,,,,4096,,6370304,40485658624,0.0,0.0,0.0,0.0,0.0,0.0,0.0,0.0,0.0,0.0,0.0,0.0,0.0,0.0,0.0,0.0,0.0,0,0,0,0,0,0,0,,,,,,,,,,,
cpu,none,,0,resident,random,1024,,,512,6,0.28127600671723485,0,0,0,0.0013249099999999999,4096,4096,,1.0,,1.0,,,,,,4096,,6372352,40485761024,0.0,0.0,0.0,0.0,0.0,0.0,0.0,0.0,0.0,0.0,0.0,0.0,0.0,0.0,0.0,0.0,0.0,0,0,0,0,0,0,0,,,,,,,,,,,
cpu,none,,0,resident,random,1024,,,512,7,0.28397602727636695,0,0,0,0.00132707,4096,4096,,1.0,,1.0,,,,,,4095,,6358016,40485900288,0.0,0.0,0.0,0.0,0.0,0.0,0.0,0.0,0.0,0.0,0.0,0.0,0.0,0.0,0.0,0.0,0.0,0,0,0,0,0,0,0,,,,,,,,,,,
cpu,none,,0,resident,random,1024,,,512,8,0.2816659980453551,0,0,0,0.0013233,4096,4096,,1.0,,1.0,,,,,,4096,,6401024,40486064128,0.0,0.0,0.0,0.0,0.0,0.0,0.0,0.0,0.0,0.0,0.0,0.0,0.0,0.0,0.0,0.0,0.0,0,0,0,0,0,0,0,,,,,,,,,,,
cpu,none,,0,resident,random,1024,,,512,9,0.28368597850203514,0,0,0,0.00154426,4096,4096,,1.0,,1.0,,,,,,4096,,6407168,40486072320,0.0,0.0,0.0,0.0,0.0,0.0,0.0,0.0,0.0,0.0,0.0,0.0,0.0,0.0,0.0,0.0,0.0,0,0,0,0,0,0,0,,,,,,,,,,,
cpu,none,,0,resident,random,8192,,,512,0,1.199271995574236,0,0,0,0.005051344,32768,32755,,0.999603271484375,,1.0003968859716075,,,,,,32736,,50586624,40486412288,0.0,0.0,0.0,0.0,0.0,0.0,0.0,0.0,0.0,0.0,0.0,0.0,0.0,0.0,0.0,0.0,0.0,0,0,0,0,0,0,0,,,,,,,,,,,
cpu,none,,0,resident,random,8192,,,512,1,1.2230310239829123,0,0,0,0.00496054,32768,32756,,0.9996337890625,,1.0003663450970814,,,,,,32741,,50677248,40487235584,0.0,0.0,0.0,0.0,0.0,0.0,0.0,0.0,0.0,0.0,0.0,0.0,0.0,0.0,0.0,0.0,0.0,0,0,0,0,0,0,0,,,,,,,,,,,
cpu,none,,0,resident,random,8192,,,512,2,1.207121997140348,0,0,0,0.00501795,32768,32755,,0.999603271484375,,1.0003968859716075,,,,,,32742,,50714112,40487288832,0.0,0.0,0.0,0.0,0.0,0.0,0.0,0.0,0.0,0.0,0.0,0.0,0.0,0.0,0.0,0.0,0.0,0,0,0,0,0,0,0,,,,,,,,,,,
cpu,none,,0,resident,random,8192,,,512,3,1.2192120193503797,0,0,0,0.004962174,32768,32764,,0.9998779296875,,1.0001220852154804,,,,,,32746,,50677248,40487366656,0.0,0.0,0.0,0.0,0.0,0.0,0.0,0.0,0.0,0.0,0.0,0.0,0.0,0.0,0.0,0.0,0.0,0,0,0,0,0,0,0,,,,,,,,,,,
cpu,none,,0,resident,random,8192,,,512,4,1.2072319514118135,0,0,0,0.00496508,32768,32757,,0.999664306640625,,1.0003358060872485,,,,,,32746,,50568192,40487464960,0.0,0.0,0.0,0.0,0.0,0.0,0.0,0.0,0.0,0.0,0.0,0.0,0.0,0.0,0.0,0.0,0.0,0,0,0,0,0,0,0,,,,,,,,,,,
cpu,none,,0,resident,random,8192,,,512,5,1.2088220100849867,0,0,0,0.00506077,32768,32755,,0.999603271484375,,1.0003968859716075,,,,,,32745,,50609664,40487624704,0.0,0.0,0.0,0.0,0.0,0.0,0.0,0.0,0.0,0.0,0.0,0.0,0.0,0.0,0.0,0.0,0.0,0,0,0,0,0,0,0,,,,,,,,,,,
cpu,none,,0,resident,random,8192,,,512,6,1.1909719905816019,0,0,0,0.004940364,32768,32761,,0.999786376953125,,1.0002136686914318,,,,,,32749,,50714112,40487727104,0.0,0.0,0.0,0.0,0.0,0.0,0.0,0.0,0.0,0.0,0.0,0.0,0.0,0.0,0.0,0.0,0.0,0,0,0,0,0,0,0,,,,,,,,,,,
cpu,none,,0,resident,random,8192,,,512,7,1.2362909619696438,0,0,0,0.00487947,32768,32759,,0.999725341796875,,1.0002747336609787,,,,,,32739,,50626048,40487727104,0.0,0.0,0.0,0.0,0.0,0.0,0.0,0.0,0.0,0.0,0.0,0.0,0.0,0.0,0.0,0.0,0.0,0,0,0,0,0,0,0,,,,,,,,,,,
cpu,none,,0,resident,random,8192,,,512,8,1.1937020462937653,0,0,0,0.00491381,32768,32760,,0.999755859375,,1.0002442002442002,,,,,,32742,,50652672,40487727104,0.0,0.0,0.0,0.0,0.0,0.0,0.0,0.0,0.0,0.0,0.0,0.0,0.0,0.0,0.0,0.0,0.0,0,0,0,0,0,0,0,,,,,,,,,,,
cpu,none,,0,resident,random,8192,,,512,9,1.2070319498889148,0,0,0,0.004856194,32768,32763,,0.999847412109375,,1.0001526111772425,,,,,,32736,,50671104,40487727104,0.0,0.0,0.0,0.0,0.0,0.0,0.0,0.0,0.0,0.0,0.0,0.0,0.0,0.0,0.0,0.0,0.0,0,0,0,0,0,0,0,,,,,,,,,,,
cpu,none,,0,resident,random,65536,,,512,0,6.098959012888372,0,0,0,0.024556568,262144,261627,,0.9980278015136719,,1.0019760957393542,,,,,,260583,,404395520,40487870464,0.0,0.0,0.0,0.0,0.0,0.0,0.0,0.0,0.0,0.0,0.0,0.0,0.0,0.0,0.0,0.0,0.0,0,0,0,0,0,0,0,,,,,,,,,,,
cpu,none,,0,resident,random,65536,,,512,1,6.131178990472108,0,0,0,0.024607858,262144,261609,,0.9979591369628906,,1.0020450366768727,,,,,,260581,,404489728,40502988800,0.0,0.0,0.0,0.0,0.0,0.0,0.0,0.0,0.0,0.0,0.0,0.0,0.0,0.0,0.0,0.0,0.0,0,0,0,0,0,0,0,,,,,,,,,,,
cpu,none,,0,resident,random,65536,,,512,2,6.10313902143389,0,0,0,0.024554688,262144,261642,,0.9980850219726562,,1.0019186522041568,,,,,,260678,,404313088,40503025664,0.0,0.0,0.0,0.0,0.0,0.0,0.0,0.0,0.0,0.0,0.0,0.0,0.0,0.0,0.0,0.0,0.0,0,0,0,0,0,0,0,,,,,,,,,,,
cpu,none,,0,resident,random,65536,,,512,3,6.123509025201201,0,0,0,0.024629848,262144,261637,,0.9980659484863281,,1.0019377993173748,,,,,,260688,,404496384,40503050240,0.0,0.0,0.0,0.0,0.0,0.0,0.0,0.0,0.0,0.0,0.0,0.0,0.0,0.0,0.0,0.0,0.0,0,0,0,0,0,0,0,,,,,,,,,,,
cpu,none,,0,resident,random,65536,,,512,4,6.066740024834871,0,0,0,0.024472688,262144,261619,,0.9979972839355469,,1.0020067349848443,,,,,,260580,,404226560,40503181312,0.0,0.0,0.0,0.0,0.0,0.0,0.0,0.0,0.0,0.0,0.0,0.0,0.0,0.0,0.0,0.0,0.0,0,0,0,0,0,0,0,,,,,,,,,,,
cpu,none,,0,resident,random,65536,,,512,5,6.113639043178409,0,0,0,0.024564398,262144,261647,,0.9981040954589844,,1.0018995058227307,,,,,,260634,,403922432,40503324672,0.0,0.0,0.0,0.0,0.0,0.0,0.0,0.0,0.0,0.0,0.0,0.0,0.0,0.0,0.0,0.0,0.0,0,0,0,0,0,0,0,,,,,,,,,,,
cpu,none,,0,resident,random,65536,,,512,6,6.118248973507434,0,0,0,0.024607228000000002,262144,261607,,0.9979515075683594,,1.0020526973666606,,,,,,260609,,404130304,40503324672,0.0,0.0,0.0,0.0,0.0,0.0,0.0,0.0,0.0,0.0,0.0,0.0,0.0,0.0,0.0,0.0,0.0,0,0,0,0,0,0,0,,,,,,,,,,,
cpu,none,,0,resident,random,65536,,,512,7,6.163847981952131,0,0,0,0.024642348,262144,261597,,0.9979133605957031,,1.0020910025726595,,,,,,260572,,404049920,40503324672,0.0,0.0,0.0,0.0,0.0,0.0,0.0,0.0,0.0,0.0,0.0,0.0,0.0,0.0,0.0,0.0,0.0,0,0,0,0,0,0,0,,,,,,,,,,,
cpu,none,,0,resident,random,65536,,,512,8,6.114558957051486,0,0,0,0.024575774,262144,261629,,0.9980354309082031,,1.0019684362207553,,,,,,260622,,404323328,40503324672,0.0,0.0,0.0,0.0,0.0,0.0,0.0,0.0,0.0,0.0,0.0,0.0,0.0,0.0,0.0,0.0,0.0,0,0,0,0,0,0,0,,,,,,,,,,,
cpu,none,,0,resident,random,65536,,,512,9,6.093650008551776,0,0,0,0.024534638,262144,261633,,0.9980506896972656,,1.0019531175348675,,,,,,260582,,404237312,40503324672,0.0,0.0,0.0,0.0,0.0,0.0,0.0,0.0,0.0,0.0,0.0,0.0,0.0,0.0,0.0,0.0,0.0,0,0,0,0,0,0,0,,,,,,,,,,,
cpu,none,,0,resident,window_256,1024,,,512,0,0.32244500471279025,0,0,0,0.00146371,4096,1002,,0.24462890625,,4.087824351297405,,,,,,25,,10519040,40503549952,0.0,0.0,0.0,0.0,0.0,0.0,0.0,0.0,0.0,0.0,0.0,0.0,0.0,0.0,0.0,0.0,0.0,0,0,0,0,0,0,0,,,,,,,,,,,
cpu,none,,0,resident,window_256,1024,,,512,1,0.3202460356988013,0,0,0,0.00142261,4096,1009,,0.246337890625,,4.059464816650149,,,,,,18,,8413696,40503574528,0.0,0.0,0.0,0.0,0.0,0.0,0.0,0.0,0.0,0.0,0.0,0.0,0.0,0.0,0.0,0.0,0.0,0,0,0,0,0,0,0,,,,,,,,,,,
cpu,none,,0,resident,window_256,1024,,,512,2,0.31483499333262444,0,0,0,0.00130568,4096,1007,,0.245849609375,,4.067527308838133,,,,,,20,,6308352,40503574528,0.0,0.0,0.0,0.0,0.0,0.0,0.0,0.0,0.0,0.0,0.0,0.0,0.0,0.0,0.0,0.0,0.0,0,0,0,0,0,0,0,,,,,,,,,,,
cpu,none,,0,resident,window_256,1024,,,512,3,0.34254504134878516,0,0,0,0.0014447,4096,1010,,0.24658203125,,4.0554455445544555,,,,,,18,,8413696,40503582720,0.0,0.0,0.0,0.0,0.0,0.0,0.0,0.0,0.0,0.0,0.0,0.0,0.0,0.0,0.0,0.0,0.0,0,0,0,0,0,0,0,,,,,,,,,,,
cpu,none,,0,resident,window_256,1024,,,512,4,0.2988560008816421,0,0,0,0.0012242239999999999,4096,1007,,0.245849609375,,4.067527308838133,,,,,,20,,8413696,40503599104,0.0,0.0,0.0,0.0,0.0,0.0,0.0,0.0,0.0,0.0,0.0,0.0,0.0,0.0,0.0,0.0,0.0,0,0,0,0,0,0,0,,,,,,,,,,,
cpu,none,,0,resident,window_256,1024,,,512,5,0.34696399234235287,0,0,0,0.00150087,4096,1009,,0.246337890625,,4.059464816650149,,,,,,19,,8413696,40503713792,0.0,0.0,0.0,0.0,0.0,0.0,0.0,0.0,0.0,0.0,0.0,0.0,0.0,0.0,0.0,0.0,0.0,0,0,0,0,0,0,0,,,,,,,,,,,
cpu,none,,0,resident,window_256,1024,,,512,6,0.3112949780188501,0,0,0,0.00181473,4096,1006,,0.24560546875,,4.071570576540755,,,,,,22,,8413696,40503754752,0.0,0.0,0.0,0.0,0.0,0.0,0.0,0.0,0.0,0.0,0.0,0.0,0.0,0.0,0.0,0.0,0.0,0,0,0,0,0,0,0,,,,,,,,,,,
cpu,none,,0,resident,window_256,1024,,,512,7,0.31266501173377037,0,0,0,0.00127874,4096,1012,,0.2470703125,,4.047430830039525,,,,,,16,,10519040,40503754752,0.0,0.0,0.0,0.0,0.0,0.0,0.0,0.0,0.0,0.0,0.0,0.0,0.0,0.0,0.0,0.0,0.0,0,0,0,0,0,0,0,,,,,,,,,,,
cpu,none,,0,resident,window_256,1024,,,512,8,0.31956605380401015,0,0,0,0.00137481,4096,1008,,0.24609375,,4.063492063492063,,,,,,19,,10519040,40503754752,0.0,0.0,0.0,0.0,0.0,0.0,0.0,0.0,0.0,0.0,0.0,0.0,0.0,0.0,0.0,0.0,0.0,0,0,0,0,0,0,0,,,,,,,,,,,
cpu,none,,0,resident,window_256,1024,,,512,9,0.29691599775105715,0,0,0,0.001207283,4096,1006,,0.24560546875,,4.071570576540755,,,,,,22,,8413696,40503758848,0.0,0.0,0.0,0.0,0.0,0.0,0.0,0.0,0.0,0.0,0.0,0.0,0.0,0.0,0.0,0.0,0.0,0,0,0,0,0,0,0,,,,,,,,,,,
cpu,none,,0,resident,window_256,8192,,,512,0,1.0808740044012666,0,0,0,0.004091234,32768,1024,,0.03125,,32.0,,,,,,4,,67305984,40504020992,0.0,0.0,0.0,0.0,0.0,0.0,0.0,0.0,0.0,0.0,0.0,0.0,0.0,0.0,0.0,0.0,0.0,0,0,0,0,0,0,0,,,,,,,,,,,
cpu,none,,0,resident,window_256,8192,,,512,1,1.2773009948432446,0,0,0,0.00512034,32768,1024,,0.03125,,32.0,,,,,,4,,67305984,40504020992,0.0,0.0,0.0,0.0,0.0,0.0,0.0,0.0,0.0,0.0,0.0,0.0,0.0,0.0,0.0,0.0,0.0,0,0,0,0,0,0,0,,,,,,,,,,,
cpu,none,,0,resident,window_256,8192,,,512,2,1.026164973154664,0,0,0,0.003323492,32768,1024,,0.03125,,32.0,,,,,,4,,67305984,40504037376,0.0,0.0,0.0,0.0,0.0,0.0,0.0,0.0,0.0,0.0,0.0,0.0,0.0,0.0,0.0,0.0,0.0,0,0,0,0,0,0,0,,,,,,,,,,,
cpu,none,,0,resident,window_256,8192,,,512,3,1.5172879793681204,0,0,0,0.0051106,32768,1024,,0.03125,,32.0,,,,,,4,,67305984,40504053760,0.0,0.0,0.0,0.0,0.0,0.0,0.0,0.0,0.0,0.0,0.0,0.0,0.0,0.0,0.0,0.0,0.0,0,0,0,0,0,0,0,,,,,,,,,,,
cpu,none,,0,resident,window_256,8192,,,512,4,1.2875199900008738,0,0,0,0.004795944,32768,1024,,0.03125,,32.0,,,,,,4,,67305984,40504053760,0.0,0.0,0.0,0.0,0.0,0.0,0.0,0.0,0.0,0.0,0.0,0.0,0.0,0.0,0.0,0.0,0.0,0,0,0,0,0,0,0,,,,,,,,,,,
cpu,none,,0,resident,window_256,8192,,,512,5,1.531117013655603,0,0,0,0.00479767,32768,1024,,0.03125,,32.0,,,,,,4,,67305984,40504053760,0.0,0.0,0.0,0.0,0.0,0.0,0.0,0.0,0.0,0.0,0.0,0.0,0.0,0.0,0.0,0.0,0.0,0,0,0,0,0,0,0,,,,,,,,,,,
cpu,none,,0,resident,window_256,8192,,,512,6,1.34581996826455,0,0,0,0.004756904,32768,1024,,0.03125,,32.0,,,,,,4,,84148736,40504053760,0.0,0.0,0.0,0.0,0.0,0.0,0.0,0.0,0.0,0.0,0.0,0.0,0.0,0.0,0.0,0.0,0.0,0,0,0,0,0,0,0,,,,,,,,,,,
cpu,none,,0,resident,window_256,8192,,,512,7,1.9478810136206448,0,0,0,0.007193034,32768,1024,,0.03125,,32.0,,,,,,4,,84148736,40504053760,0.0,0.0,0.0,0.0,0.0,0.0,0.0,0.0,0.0,0.0,0.0,0.0,0.0,0.0,0.0,0.0,0.0,0,0,0,0,0,0,0,,,,,,,,,,,
cpu,none,,0,resident,window_256,8192,,,512,8,1.215191965457052,0,0,0,0.00495652,32768,1024,,0.03125,,32.0,,,,,,4,,67305984,40504053760,0.0,0.0,0.0,0.0,0.0,0.0,0.0,0.0,0.0,0.0,0.0,0.0,0.0,0.0,0.0,0.0,0.0,0,0,0,0,0,0,0,,,,,,,,,,,
cpu,none,,0,resident,window_256,8192,,,512,9,1.139093015808612,0,0,0,0.004694324,32768,1024,,0.03125,,32.0,,,,,,4,,50463232,40504053760,0.0,0.0,0.0,0.0,0.0,0.0,0.0,0.0,0.0,0.0,0.0,0.0,0.0,0.0,0.0,0.0,0.0,0,0,0,0,0,0,0,,,,,,,,,,,
cpu,none,,0,resident,window_256,65536,,,512,0,13.882152969017625,0,0,0,0.05488808,262144,1024,,0.00390625,,256.0,,,,,,4,,807928320,40504414208,0.0,0.0,0.0,0.0,0.0,0.0,0.0,0.0,0.0,0.0,0.0,0.0,0.0,0.0,0.0,0.0,0.0,0,0,0,0,0,0,0,,,,,,,,,,,
cpu,none,,0,resident,window_256,65536,,,512,1,9.374290006235242,0,0,0,0.033935691,262144,1024,,0.00390625,,256.0,,,,,,4,,538444288,40504414208,0.0,0.0,0.0,0.0,0.0,0.0,0.0,0.0,0.0,0.0,0.0,0.0,0.0,0.0,0.0,0.0,0.0,0,0,0,0,0,0,0,,,,,,,,,,,
cpu,none,,0,resident,window_256,65536,,,512,2,11.907492997124791,0,0,0,0.037747754,262144,1024,,0.00390625,,256.0,,,,,,4,,538444288,40504414208,0.0,0.0,0.0,0.0,0.0,0.0,0.0,0.0,0.0,0.0,0.0,0.0,0.0,0.0,0.0,0.0,0.0,0,0,0,0,0,0,0,,,,,,,,,,,
cpu,none,,0,resident,window_256,65536,,,512,3,11.684155964758247,0,0,0,0.039396374,262144,1024,,0.00390625,,256.0,,,,,,4,,538444288,40504414208,0.0,0.0,0.0,0.0,0.0,0.0,0.0,0.0,0.0,0.0,0.0,0.0,0.0,0.0,0.0,0.0,0.0,0,0,0,0,0,0,0,,,,,,,,,,,
cpu,none,,0,resident,window_256,65536,,,512,4,10.595241968985647,0,0,0,0.040837605,262144,1024,,0.00390625,,256.0,,,,,,4,,538444288,40504414208,0.0,0.0,0.0,0.0,0.0,0.0,0.0,0.0,0.0,0.0,0.0,0.0,0.0,0.0,0.0,0.0,0.0,0,0,0,0,0,0,0,,,,,,,,,,,
cpu,none,,0,resident,window_256,65536,,,512,5,9.277242003008723,0,0,0,0.03187229,262144,1024,,0.00390625,,256.0,,,,,,4,,538444288,40504414208,0.0,0.0,0.0,0.0,0.0,0.0,0.0,0.0,0.0,0.0,0.0,0.0,0.0,0.0,0.0,0.0,0.0,0,0,0,0,0,0,0,,,,,,,,,,,
cpu,none,,0,resident,window_256,65536,,,512,6,11.833422991912812,0,0,0,0.036434633,262144,1024,,0.00390625,,256.0,,,,,,4,,538444288,40504414208,0.0,0.0,0.0,0.0,0.0,0.0,0.0,0.0,0.0,0.0,0.0,0.0,0.0,0.0,0.0,0.0,0.0,0,0,0,0,0,0,0,,,,,,,,,,,
cpu,none,,0,resident,window_256,65536,,,512,7,12.361074972432107,0,0,0,0.040013933,262144,1024,,0.00390625,,256.0,,,,,,4,,538444288,40504414208,0.0,0.0,0.0,0.0,0.0,0.0,0.0,0.0,0.0,0.0,0.0,0.0,0.0,0.0,0.0,0.0,0.0,0,0,0,0,0,0,0,,,,,,,,,,,
cpu,none,,0,resident,window_256,65536,,,512,8,8.136518008541316,0,0,0,0.032242288,262144,1024,,0.00390625,,256.0,,,,,,4,,538444288,40504414208,0.0,0.0,0.0,0.0,0.0,0.0,0.0,0.0,0.0,0.0,0.0,0.0,0.0,0.0,0.0,0.0,0.0,0,0,0,0,0,0,0,,,,,,,,,,,
cpu,none,,0,resident,window_256,65536,,,512,9,8.968465961515903,0,0,0,0.035841012,262144,1024,,0.00390625,,256.0,,,,,,4,,538444288,40504414208,0.0,0.0,0.0,0.0,0.0,0.0,0.0,0.0,0.0,0.0,0.0,0.0,0.0,0.0,0.0,0.0,0.0,0,0,0,0,0,0,0,,,,,,,,,,,
cpu,none,,0,resident,window_4096,1024,,,512,0,0.3451440134085715,0,0,0,0.0015031,4096,3596,,0.8779296875,,1.139043381535039,,,,,,2785,,8413696,40504844288,0.0,0.0,0.0,0.0,0.0,0.0,0.0,0.0,0.0,0.0,0.0,0.0,0.0,0.0,0.0,0.0,0.0,0,0,0,0,0,0,0,,,,,,,,,,,
cpu,none,,0,resident,window_4096,1024,,,512,1,0.38312398828566074,0,0,0,0.00154681,4096,3616,,0.8828125,,1.1327433628318584,,,,,,2840,,8413696,40504860672,0.0,0.0,0.0,0.0,0.0,0.0,0.0,0.0,0.0,0.0,0.0,0.0,0.0,0.0,0.0,0.0,0.0,0,0,0,0,0,0,0,,,,,,,,,,,
cpu,none,,0,resident,window_4096,1024,,,512,2,0.3480550367385149,0,0,0,0.0013786900000000001,4096,3608,,0.880859375,,1.1352549889135255,,,,,,2822,,8413696,40504864768,0.0,0.0,0.0,0.0,0.0,0.0,0.0,0.0,0.0,0.0,0.0,0.0,0.0,0.0,0.0,0.0,0.0,0,0,0,0,0,0,0,,,,,,,,,,,
cpu,none,,0,resident,window_4096,1024,,,512,3,0.38211402716115117,0,0,0,0.00157796,4096,3621,,0.884033203125,,1.1311792322562828,,,,,,2839,,8413696,40504864768,0.0,0.0,0.0,0.0,0.0,0.0,0.0,0.0,0.0,0.0,0.0,0.0,0.0,0.0,0.0,0.0,0.0,0,0,0,0,0,0,0,,,,,,,,,,,
cpu,none,,0,resident,window_4096,1024,,,512,4,0.37945498479530215,0,0,0,0.00158724,4096,3607,,0.880615234375,,1.1355697255336845,,,,,,2841,,10519040,40504864768,0.0,0.0,0.0,0.0,0.0,0.0,0.0,0.0,0.0,0.0,0.0,0.0,0.0,0.0,0.0,0.0,0.0,0,0,0,0,0,0,0,,,,,,,,,,,
cpu,none,,0,resident,window_4096,1024,,,512,5,0.3751839976757765,0,0,0,0.001615254,4096,3641,,0.888916015625,,1.1249656687723153,,,,,,2810,,8413696,40504864768,0.0,0.0,0.0,0.0,0.0,0.0,0.0,0.0,0.0,0.0,0.0,0.0,0.0,0.0,0.0,0.0,0.0,0,0,0,0,0,0,0,,,,,,,,,,,
cpu,none,,0,resident,window_4096,1024,,,512,6,0.37911400431767106,0,0,0,0.00159319,4096,3622,,0.88427734375,,1.1308669243511873,,,,,,2835,,8413696,40504868864,0.0,0.0,0.0,0.0,0.0,0.0,0.0,0.0,0.0,0.0,0.0,0.0,0.0,0.0,0.0,0.0,0.0,0,0,0,0,0,0,0,,,,,,,,,,,
cpu,none,,0,resident,window_4096,1024,,,512,7,0.3810339840129018,0,0,0,0.00159971,4096,3640,,0.888671875,,1.1252747252747253,,,,,,2834,,10519040,40504868864,0.0,0.0,0.0,0.0,0.0,0.0,0.0,0.0,0.0,0.0,0.0,0.0,0.0,0.0,0.0,0.0,0.0,0,0,0,0,0,0,0,,,,,,,,,,,
cpu,none,,0,resident,window_4096,1024,,,512,8,0.3307249862700701,0,0,0,0.00128009,4096,3636,,0.8876953125,,1.1265126512651265,,,,,,2812,,6308352,40504868864,0.0,0.0,0.0,0.0,0.0,0.0,0.0,0.0,0.0,0.0,0.0,0.0,0.0,0.0,0.0,0.0,0.0,0,0,0,0,0,0,0,,,,,,,,,,,
cpu,none,,0,resident,window_4096,1024,,,512,9,0.3715340280905366,0,0,0,0.0014584300000000001,4096,3644,,0.8896484375,,1.12403951701427,,,,,,2842,,8413696,40504872960,0.0,0.0,0.0,0.0,0.0,0.0,0.0,0.0,0.0,0.0,0.0,0.0,0.0,0.0,0.0,0.0,0.0,0,0,0,0,0,0,0,,,,,,,,,,,
cpu,none,,0,resident,window_4096,8192,,,512,0,1.2209919514134526,0,0,0,0.004988964,32768,14167,,0.432342529296875,,2.3129808710383286,,,,,,1951,,67305984,40505204736,0.0,0.0,0.0,0.0,0.0,0.0,0.0,0.0,0.0,0.0,0.0,0.0,0.0,0.0,0.0,0.0,0.0,0,0,0,0,0,0,0,,,,,,,,,,,
cpu,none,,0,resident,window_4096,8192,,,512,1,1.2306710123084486,0,0,0,0.00503803,32768,14213,,0.433746337890625,,2.3054949693942164,,,,,,1879,,67305984,40505204736,0.0,0.0,0.0,0.0,0.0,0.0,0.0,0.0,0.0,0.0,0.0,0.0,0.0,0.0,0.0,0.0,0.0,0,0,0,0,0,0,0,,,,,,,,,,,
cpu,none,,0,resident,window_4096,8192,,,512,2,1.6657550004310906,0,0,0,0.0053029539999999995,32768,14204,,0.4334716796875,,2.3069557871022246,,,,,,1906,,67305984,40505204736,0.0,0.0,0.0,0.0,0.0,0.0,0.0,0.0,0.0,0.0,0.0,0.0,0.0,0.0,0.0,0.0,0.0,0,0,0,0,0,0,0,,,,,,,,,,,
cpu,none,,0,resident,window_4096,8192,,,512,3,1.6788850189186633,0,0,0,0.0053166129999999995,32768,14142,,0.43157958984375,,2.317069721397256,,,,,,1925,,67305984,40505204736,0.0,0.0,0.0,0.0,0.0,0.0,0.0,0.0,0.0,0.0,0.0,0.0,0.0,0.0,0.0,0.0,0.0,0,0,0,0,0,0,0,,,,,,,,,,,
cpu,none,,0,resident,window_4096,8192,,,512,4,1.0104650282301009,0,0,0,0.00347649,32768,14161,,0.432159423828125,,2.3139608784690346,,,,,,1941,,67305984,40505204736,0.0,0.0,0.0,0.0,0.0,0.0,0.0,0.0,0.0,0.0,0.0,0.0,0.0,0.0,0.0,0.0,0.0,0,0,0,0,0,0,0,,,,,,,,,,,
cpu,none,,0,resident,window_4096,8192,,,512,5,1.3286499888636172,0,0,0,0.004758854,32768,14159,,0.432098388671875,,2.3142877321844764,,,,,,1930,,50463232,40505204736,0.0,0.0,0.0,0.0,0.0,0.0,0.0,0.0,0.0,0.0,0.0,0.0,0.0,0.0,0.0,0.0,0.0,0,0,0,0,0,0,0,,,,,,,,,,,
cpu,none,,0,resident,window_4096,8192,,,512,6,2.0965890143997967,0,0,0,0.007702753,32768,14144,,0.431640625,,2.316742081447964,,,,,,1913,,84148736,40505204736,0.0,0.0,0.0,0.0,0.0,0.0,0.0,0.0,0.0,0.0,0.0,0.0,0.0,0.0,0.0,0.0,0.0,0,0,0,0,0,0,0,,,,,,,,,,,
cpu,none,,0,resident,window_4096,8192,,,512,7,1.2189520057290792,0,0,0,0.00421032,32768,14119,,0.430877685546875,,2.3208442524258093,,,,,,1959,,50463232,40505221120,0.0,0.0,0.0,0.0,0.0,0.0,0.0,0.0,0.0,0.0,0.0,0.0,0.0,0.0,0.0,0.0,0.0,0,0,0,0,0,0,0,,,,,,,,,,,
cpu,none,,0,resident,window_4096,8192,,,512,8,1.0699639678932726,0,0,0,0.004183804,32768,14169,,0.432403564453125,,2.312654386336368,,,,,,1899,,67305984,40505221120,0.0,0.0,0.0,0.0,0.0,0.0,0.0,0.0,0.0,0.0,0.0,0.0,0.0,0.0,0.0,0.0,0.0,0,0,0,0,0,0,0,,,,,,,,,,,
cpu,none,,0,resident,window_4096,8192,,,512,9,1.725834037642926,0,0,0,0.006130382,32768,14168,,0.432373046875,,2.312817617165443,,,,,,1908,,67305984,40505221120,0.0,0.0,0.0,0.0,0.0,0.0,0.0,0.0,0.0,0.0,0.0,0.0,0.0,0.0,0.0,0.0,0.0,0,0,0,0,0,0,0,,,,,,,,,,,
cpu,none,,0,resident,window_4096,65536,,,512,0,10.376005026046187,0,0,0,0.03498688,262144,16384,,0.0625,,16.0,,,,,,4,,538444288,40505585664,0.0,0.0,0.0,0.0,0.0,0.0,0.0,0.0,0.0,0.0,0.0,0.0,0.0,0.0,0.0,0.0,0.0,0,0,0,0,0,0,0,,,,,,,,,,,
cpu,none,,0,resident,window_4096,65536,,,512,1,7.972310995683074,0,0,0,0.031864038,262144,16384,,0.0625,,16.0,,,,,,4,,403702272,40505585664,0.0,0.0,0.0,0.0,0.0,0.0,0.0,0.0,0.0,0.0,0.0,0.0,0.0,0.0,0.0,0.0,0.0,0,0,0,0,0,0,0,,,,,,,,,,,
cpu,none,,0,resident,window_4096,65536,,,512,2,10.045850998722017,0,0,0,0.03373861,262144,16384,,0.0625,,16.0,,,,,,4,,538444288,40505585664,0.0,0.0,0.0,0.0,0.0,0.0,0.0,0.0,0.0,0.0,0.0,0.0,0.0,0.0,0.0,0.0,0.0,0,0,0,0,0,0,0,,,,,,,,,,,
cpu,none,,0,resident,window_4096,65536,,,512,3,8.08349996805191,0,0,0,0.024849916,262144,16384,,0.0625,,16.0,,,,,,4,,538444288,40505585664,0.0,0.0,0.0,0.0,0.0,0.0,0.0,0.0,0.0,0.0,0.0,0.0,0.0,0.0,0.0,0.0,0.0,0,0,0,0,0,0,0,,,,,,,,,,,
cpu,none,,0,resident,window_4096,65536,,,512,4,10.61171101173386,0,0,0,0.035361039999999996,262144,16384,,0.0625,,16.0,,,,,,4,,538444288,40505585664,0.0,0.0,0.0,0.0,0.0,0.0,0.0,0.0,0.0,0.0,0.0,0.0,0.0,0.0,0.0,0.0,0.0,0,0,0,0,0,0,0,,,,,,,,,,,
cpu,none,,0,resident,window_4096,65536,,,512,5,10.590752004645765,0,0,0,0.031235859,262144,16384,,0.0625,,16.0,,,,,,4,,538444288,40505585664,0.0,0.0,0.0,0.0,0.0,0.0,0.0,0.0,0.0,0.0,0.0,0.0,0.0,0.0,0.0,0.0,0.0,0,0,0,0,0,0,0,,,,,,,,,,,
cpu,none,,0,resident,window_4096,65536,,,512,6,10.348144976887852,0,0,0,0.030216358999999998,262144,16384,,0.0625,,16.0,,,,,,4,,538444288,40505585664,0.0,0.0,0.0,0.0,0.0,0.0,0.0,0.0,0.0,0.0,0.0,0.0,0.0,0.0,0.0,0.0,0.0,0,0,0,0,0,0,0,,,,,,,,,,,
cpu,none,,0,resident,window_4096,65536,,,512,7,10.446055035572499,0,0,0,0.032838929,262144,16384,,0.0625,,16.0,,,,,,4,,538444288,40505585664,0.0,0.0,0.0,0.0,0.0,0.0,0.0,0.0,0.0,0.0,0.0,0.0,0.0,0.0,0.0,0.0,0.0,0,0,0,0,0,0,0,,,,,,,,,,,
cpu,none,,0,resident,window_4096,65536,,,512,8,8.672280993778259,0,0,0,0.025658386000000002,262144,16384,,0.0625,,16.0,,,,,,4,,538444288,40505585664,0.0,0.0,0.0,0.0,0.0,0.0,0.0,0.0,0.0,0.0,0.0,0.0,0.0,0.0,0.0,0.0,0.0,0,0,0,0,0,0,0,,,,,,,,,,,
cpu,none,,0,resident,window_4096,65536,,,512,9,10.3186359629035,0,0,0,0.03588577,262144,16384,,0.0625,,16.0,,,,,,4,,538444288,40505585664,0.0,0.0,0.0,0.0,0.0,0.0,0.0,0.0,0.0,0.0,0.0,0.0,0.0,0.0,0.0,0.0,0.0,0,0,0,0,0,0,0,,,,,,,,,,,
cpu,none,,0,resident,window_65536,1024,,,512,0,0.40579400956630707,0,0,0,0.00165201,4096,4062,,0.99169921875,,1.0083702609551946,,,,,,4010,,8413696,40505946112,0.0,0.0,0.0,0.0,0.0,0.0,0.0,0.0,0.0,0.0,0.0,0.0,0.0,0.0,0.0,0.0,0.0,0,0,0,0,0,0,0,,,,,,,,,,,
cpu,none,,0,resident,window_65536,1024,,,512,1,0.37764396984130144,0,0,0,0.00162018,4096,4056,,0.990234375,,1.009861932938856,,,,,,3995,,8413696,40505946112,0.0,0.0,0.0,0.0,0.0,0.0,0.0,0.0,0.0,0.0,0.0,0.0,0.0,0.0,0.0,0.0,0.0,0,0,0,0,0,0,0,,,,,,,,,,,
cpu,none,,0,resident,window_65536,1024,,,512,2,0.4243040457367897,0,0,0,0.00175302,4096,4066,,0.99267578125,,1.0073782587309394,,,,,,4000,,10519040,40505946112,0.0,0.0,0.0,0.0,0.0,0.0,0.0,0.0,0.0,0.0,0.0,0.0,0.0,0.0,0.0,0.0,0.0,0,0,0,0,0,0,0,,,,,,,,,,,
cpu,none,,0,resident,window_65536,1024,,,512,3,0.400253979023546,0,0,0,0.001720154,4096,4061,,0.991455078125,,1.0086185668554544,,,,,,4014,,8413696,40505946112,0.0,0.0,0.0,0.0,0.0,0.0,0.0,0.0,0.0,0.0,0.0,0.0,0.0,0.0,0.0,0.0,0.0,0,0,0,0,0,0,0,,,,,,,,,,,
cpu,none,,0,resident,window_65536,1024,,,512,4,0.36214495776221156,0,0,0,0.00132002,4096,4063,,0.991943359375,,1.008122077282796,,,,,,3989,,8413696,40505946112,0.0,0.0,0.0,0.0,0.0,0.0,0.0,0.0,0.0,0.0,0.0,0.0,0.0,0.0,0.0,0.0,0.0,0,0,0,0,0,0,0,,,,,,,,,,,
cpu,none,,0,resident,window_65536,1024,,,512,5,0.4047339898534119,0,0,0,0.00156901,4096,4066,,0.99267578125,,1.0073782587309394,,,,,,3991,,8413696,40505946112,0.0,0.0,0.0,0.0,0.0,0.0,0.0,0.0,0.0,0.0,0.0,0.0,0.0,0.0,0.0,0.0,0.0,0,0,0,0,0,0,0,,,,,,,,,,,
cpu,none,,0,resident,window_65536,1024,,,512,6,0.360765028744936,0,0,0,0.00153743,4096,4064,,0.9921875,,1.0078740157480315,,,,,,3991,,8413696,40505946112,0.0,0.0,0.0,0.0,0.0,0.0,0.0,0.0,0.0,0.0,0.0,0.0,0.0,0.0,0.0,0.0,0.0,0,0,0,0,0,0,0,,,,,,,,,,,
cpu,none,,0,resident,window_65536,1024,,,512,7,0.3912039683200419,0,0,0,0.00164413,4096,4069,,0.993408203125,,1.0066355369869746,,,,,,4004,,8413696,40505946112,0.0,0.0,0.0,0.0,0.0,0.0,0.0,0.0,0.0,0.0,0.0,0.0,0.0,0.0,0.0,0.0,0.0,0,0,0,0,0,0,0,,,,,,,,,,,
cpu,none,,0,resident,window_65536,1024,,,512,8,0.36558497231453657,0,0,0,0.001514054,4096,4062,,0.99169921875,,1.0083702609551946,,,,,,3989,,8413696,40505946112,0.0,0.0,0.0,0.0,0.0,0.0,0.0,0.0,0.0,0.0,0.0,0.0,0.0,0.0,0.0,0.0,0.0,0,0,0,0,0,0,0,,,,,,,,,,,
cpu,none,,0,resident,window_65536,1024,,,512,9,0.4956719931215048,0,0,0,0.00294438,4096,4073,,0.994384765625,,1.005646943285048,,,,,,4003,,10519040,40505946112,0.0,0.0,0.0,0.0,0.0,0.0,0.0,0.0,0.0,0.0,0.0,0.0,0.0,0.0,0.0,0.0,0.0,0,0,0,0,0,0,0,,,,,,,,,,,
cpu,none,,0,resident,window_65536,8192,,,512,0,1.4821579679846764,0,0,0,0.005736864,32768,30805,,0.940093994140625,,1.06372342152248,,,,,,27252,,67305984,40505946112,0.0,0.0,0.0,0.0,0.0,0.0,0.0,0.0,0.0,0.0,0.0,0.0,0.0,0.0,0.0,0.0,0.0,0,0,0,0,0,0,0,,,,,,,,,,,
cpu,none,,0,resident,window_65536,8192,,,512,1,1.9762010197155178,0,0,0,0.006592803,32768,30786,,0.93951416015625,,1.0643799129474436,,,,,,27198,,67305984,40505946112,0.0,0.0,0.0,0.0,0.0,0.0,0.0,0.0,0.0,0.0,0.0,0.0,0.0,0.0,0.0,0.0,0.0,0,0,0,0,0,0,0,,,,,,,,,,,
cpu,none,,0,resident,window_65536,8192,,,512,2,1.9024419598281384,0,0,0,0.006835183,32768,30757,,0.938629150390625,,1.06538348993725,,,,,,27096,,84148736,40505946112,0.0,0.0,0.0,0.0,0.0,0.0,0.0,0.0,0.0,0.0,0.0,0.0,0.0,0.0,0.0,0.0,0.0,0,0,0,0,0,0,0,,,,,,,,,,,
cpu,none,,0,resident,window_65536,8192,,,512,3,2.5667219888418913,0,0,0,0.009619823999999999,32768,30775,,0.939178466796875,,1.0647603574329814,,,,,,27218,,84148736,40505946112,0.0,0.0,0.0,0.0,0.0,0.0,0.0,0.0,0.0,0.0,0.0,0.0,0.0,0.0,0.0,0.0,0.0,0,0,0,0,0,0,0,,,,,,,,,,,
cpu,none,,0,resident,window_65536,8192,,,512,4,1.9476899760775268,0,0,0,0.006967932,32768,30823,,0.940643310546875,,1.0631022288550758,,,,,,27323,,67305984,40505946112,0.0,0.0,0.0,0.0,0.0,0.0,0.0,0.0,0.0,0.0,0.0,0.0,0.0,0.0,0.0,0.0,0.0,0,0,0,0,0,0,0,,,,,,,,,,,
cpu,none,,0,resident,window_65536,8192,,,512,5,2.558171981945634,0,0,0,0.009609762,32768,30803,,0.940032958984375,,1.0637924877447003,,,,,,27123,,84148736,40505946112,0.0,0.0,0.0,0.0,0.0,0.0,0.0,0.0,0.0,0.0,0.0,0.0,0.0,0.0,0.0,0.0,0.0,0,0,0,0,0,0,0,,,,,,,,,,,
cpu,none,,0,resident,window_65536,8192,,,512,6,1.9466609810478985,0,0,0,0.0068773,32768,30827,,0.940765380859375,,1.0629642845557465,,,,,,27278,,84148736,40505946112,0.0,0.0,0.0,0.0,0.0,0.0,0.0,0.0,0.0,0.0,0.0,0.0,0.0,0.0,0.0,0.0,0.0,0,0,0,0,0,0,0,,,,,,,,,,,
cpu,none,,0,resident,window_65536,8192,,,512,7,1.9971199799329042,0,0,0,0.007462369999999999,32768,30720,,0.9375,,1.0666666666666667,,,,,,27171,,67305984,40505946112,0.0,0.0,0.0,0.0,0.0,0.0,0.0,0.0,0.0,0.0,0.0,0.0,0.0,0.0,0.0,0.0,0.0,0,0,0,0,0,0,0,,,,,,,,,,,
cpu,none,,0,resident,window_65536,8192,,,512,8,1.6967649571597576,0,0,0,0.00685395,32768,30797,,0.939849853515625,,1.0639997402344383,,,,,,27099,,67305984,40505946112,0.0,0.0,0.0,0.0,0.0,0.0,0.0,0.0,0.0,0.0,0.0,0.0,0.0,0.0,0.0,0.0,0.0,0,0,0,0,0,0,0,,,,,,,,,,,
cpu,none,,0,resident,window_65536,8192,,,512,9,1.96328095626086,0,0,0,0.006510284,32768,30842,,0.94122314453125,,1.0624473121068672,,,,,,27185,,67305984,40505946112,0.0,0.0,0.0,0.0,0.0,0.0,0.0,0.0,0.0,0.0,0.0,0.0,0.0,0.0,0.0,0.0,0.0,0,0,0,0,0,0,0,,,,,,,,,,,
cpu,none,,0,resident,window_65536,65536,,,512,0,12.578362016938627,0,0,0,0.043821133,262144,165856,,0.6326904296875,,1.580551803974532,,,,,,61164,,538444288,40505946112,0.0,0.0,0.0,0.0,0.0,0.0,0.0,0.0,0.0,0.0,0.0,0.0,0.0,0.0,0.0,0.0,0.0,0,0,0,0,0,0,0,,,,,,,,,,,
cpu,none,,0,resident,window_65536,65536,,,512,1,12.620532012078911,0,0,0,0.040088972,262144,165959,,0.6330833435058594,,1.579570857862484,,,,,,60814,,538444288,40505946112,0.0,0.0,0.0,0.0,0.0,0.0,0.0,0.0,0.0,0.0,0.0,0.0,0.0,0.0,0.0,0.0,0.0,0,0,0,0,0,0,0,,,,,,,,,,,
cpu,none,,0,resident,window_65536,65536,,,512,2,12.375895981676877,0,0,0,0.041824543,262144,165848,,0.632659912109375,,1.580628044956828,,,,,,60850,,538444288,40505946112,0.0,0.0,0.0,0.0,0.0,0.0,0.0,0.0,0.0,0.0,0.0,0.0,0.0,0.0,0.0,0.0,0.0,0,0,0,0,0,0,0,,,,,,,,,,,
cpu,none,,0,resident,window_65536,65536,,,512,3,9.18703299248591,0,0,0,0.03149808,262144,166012,,0.6332855224609375,,1.5790665735007108,,,,,,60943,,403702272,40505946112,0.0,0.0,0.0,0.0,0.0,0.0,0.0,0.0,0.0,0.0,0.0,0.0,0.0,0.0,0.0,0.0,0.0,0,0,0,0,0,0,0,,,,,,,,,,,
cpu,none,,0,resident,window_65536,65536,,,512,4,12.450304988306016,0,0,0,0.042051281,262144,165653,,0.6319160461425781,,1.5824886962505962,,,,,,61016,,538444288,40505946112,0.0,0.0,0.0,0.0,0.0,0.0,0.0,0.0,0.0,0.0,0.0,0.0,0.0,0.0,0.0,0.0,0.0,0,0,0,0,0,0,0,,,,,,,,,,,
cpu,none,,0,resident,window_65536,65536,,,512,5,12.401835003402084,0,0,0,0.041803223,262144,165510,,0.6313705444335938,,1.5838559603649327,,,,,,61220,,538444288,40505946112,0.0,0.0,0.0,0.0,0.0,0.0,0.0,0.0,0.0,0.0,0.0,0.0,0.0,0.0,0.0,0.0,0.0,0,0,0,0,0,0,0,,,,,,,,,,,
cpu,none,,0,resident,window_65536,65536,,,512,6,12.335905979853123,0,0,0,0.039872574,262144,165794,,0.6324539184570312,,1.581142864036093,,,,,,61155,,538444288,40505946112,0.0,0.0,0.0,0.0,0.0,0.0,0.0,0.0,0.0,0.0,0.0,0.0,0.0,0.0,0.0,0.0,0.0,0,0,0,0,0,0,0,,,,,,,,,,,
cpu,none,,0,resident,window_65536,65536,,,512,7,12.537592963781208,0,0,0,0.043576583,262144,165392,,0.63092041015625,,1.5849859727193576,,,,,,60775,,538444288,40505946112,0.0,0.0,0.0,0.0,0.0,0.0,0.0,0.0,0.0,0.0,0.0,0.0,0.0,0.0,0.0,0.0,0.0,0,0,0,0,0,0,0,,,,,,,,,,,
cpu,none,,0,resident,window_65536,65536,,,512,8,8.895076985936612,0,0,0,0.02815217,262144,165709,,0.6321296691894531,,1.5819539071504867,,,,,,60901,,538444288,40505946112,0.0,0.0,0.0,0.0,0.0,0.0,0.0,0.0,0.0,0.0,0.0,0.0,0.0,0.0,0.0,0.0,0.0,0,0,0,0,0,0,0,,,,,,,,,,,
cpu,none,,0,resident,window_65536,65536,,,512,9,16.824288992211223,0,0,0,0.061174018,262144,165707,,0.6321220397949219,,1.5819730005370927,,,,,,61063,,673186304,40505950208,0.0,0.0,0.0,0.0,0.0,0.0,0.0,0.0,0.0,0.0,0.0,0.0,0.0,0.0,0.0,0.0,0.0,0,0,0,0,0,0,0,,,,,,,,,,,
tiledb,rank,256,0,cold,random,1024,,,512,0,2878.5880049690604,15886147584,15886147584,15886147584,6.100303203,4096,4095,,0.999755859375,,1.0002442002442002,,,,,,4095,4062,8514560,6217154560,0.183017,0.034329,0.04317,0.014879,0.00737,2874.580925,0.0233,0.0,0.0,0.138739,0.148867,2768.26362,0.0,0.090629,0.047599,3.151843,0.01607,1021,1020,1020,1,8160,2088960,2088960,1.15624,0.778409,1.62608,2654.2,31.398000000000003,0.185677,2768.19,1020,992,301,3828061600
tiledb,rank,256,0,cold,random,1024,,,512,1,2924.7898450121284,16133722112,16133722112,16133722112,6.351780344,4096,4096,,1.0,,1.0,,,,,,4096,4057,8498176,6221656064,0.172227,0.036369,0.04254,0.014469,0.00777,2874.843231,0.01771,0.0,0.0,0.13336800000000001,0.165077,2767.968856,0.0,0.091629,0.123598,49.025749,0.016529,1018,1018,1018,1,8144,2084864,2084864,1.0054400000000001,0.652489,1.65429,2664.24,21.5397,0.19905699999999998,2767.88,1018,977,298,3766707736
tiledb,rank,256,0,cold,random,1024,,,512,2,2933.3893969887868,16273174528,16273174528,16273174528,6.364475556,4096,4095,,0.999755859375,,1.0002442002442002,,,,,,4095,4068,8600576,6221676544,0.164057,0.036359,0.04464,0.015109,0.00748,2772.483768,0.0316,0.0,0.0,0.13211699999999998,0.157368,2693.479777,0.0,0.090279,0.120768,159.986633,0.01594,993,993,993,1,7944,2033664,2033664,0.696129,0.429074,1.04217,2602.17,16.3884,0.194088,2693.41,993,960,292,3725280768
tiledb,rank,256,0,cold,random,1024,,,512,3,2920.5272090039216,16094318592,16094318592,16094318592,6.193486216,4096,4096,,1.0,,1.0,,,,,,4096,4067,8465408,6221783040,0.228127,0.035199,0.04222,0.015069,0.00794,2910.287742,0.00212,0.0,0.0,0.138809,0.170837,2800.336582,0.0,0.087349,0.046889,9.36638,0.01576,1018,1018,1018,1,8144,2084864,2084864,1.04023,0.667092,1.59009,2680.19,25.988799999999998,0.24315599999999998,2800.26,1018,991,305,3830683560
tiledb,rank,256,0,cold,random,1024,,,512,4,2944.678219035268,16226525184,16226525184,16226525184,6.28291037,4096,4096,,1.0,,1.0,,,,,,4096,4060,8522752,6224080896,0.191447,0.03559,0.042999,0.01566,0.00682,2943.643204,0.02317,0.0,0.0,0.139787,0.155898,2843.616957,0.0,0.090359,0.120718,0.124449,0.015089,1044,1044,1044,1,8352,2138112,2138112,1.2665300000000002,0.8057070000000001,1.75444,2722.42,30.7236,0.159147,2843.5299999999997,1044,1017,304,4023659816
tiledb,rank,256,0,cold,random,1024,,,512,5,2904.4910579686984,16100745216,16100745216,16100745216,6.226514214,4096,4096,,1.0,,1.0,,,,,,4096,4071,8563712,6224162816,0.180098,0.03635,0.044109,0.01508,0.0074,2903.477513,0.00269,0.0,0.0,0.130297,0.194568,2813.182491,0.0,0.088849,0.045849,0.158888,0.01483,1054,1054,1054,1,8432,2158592,2158592,1.25333,0.856235,1.7418900000000002,2694.9100000000003,26.2654,0.18584799999999999,2813.1,1054,1024,304,4001635352
tiledb,rank,256,0,cold,random,1024,,,512,6,2916.7761159478687,16150786048,16150786048,16150786048,6.352309177,4096,4096,,1.0,,1.0,,,,,,4096,4062,8565760,6224248832,0.189927,0.0331,0.042419,0.01509,0.00565,2881.892025,0.024179,0.0,0.0,0.129458,0.146808,2771.321755,0.0,0.096469,0.121988,33.965764,0.016419,1008,1008,1008,1,8064,2064384,2064384,1.1072300000000002,0.702807,1.58712,2659.57,28.1993,0.183008,2771.2400000000002,1008,981,296,3808134704
tiledb,rank,256,0,cold,random,1024,,,512,7,2972.523884032853,16396046336,16396046336,16396046336,6.24137942,4096,4096,,1.0,,1.0,,,,,,4095,4065,8539136,6224326656,0.190437,0.034679,0.04188,0.01544,0.006959,2971.522279,0.02395,0.0,0.0,0.131119,0.172687,2869.977323,0.0,0.091739,0.047009,0.123528,0.01589,1048,1048,1048,1,8384,2146304,2146304,1.17365,0.776376,1.62218,2747.33,28.8418,0.194347,2869.91,1048,1014,309,4016842720
tiledb,rank,256,0,cold,random,1024,,,512,8,2977.289443020709,16554057728,16554057728,16554057728,6.545225503,4096,4096,,1.0,,1.0,,,,,,4096,4066,8625152,6224441344,0.183747,0.033,0.040809,0.01407,0.00651,2965.912822,0.026819,0.0,0.0,0.159638,0.151108,2871.854765,0.0,0.091199,0.117888,10.481884,0.015749,1022,1022,1021,1,8176,2093056,2093056,1.00493,0.653419,1.48738,2747.08,30.9591,0.18764699999999998,2871.77,1021,989,302,4019989072
tiledb,rank,256,0,cold,random,1024,,,512,9,2897.2950849565677,15975657472,15975657472,15975657472,6.2930052419999996,4096,4096,,1.0,,1.0,,,,,,4096,4064,8637440,6224527360,0.179088,0.03517,0.043499,0.01609,0.00765,2896.33642,0.054229,0.0,0.0,0.139969,0.166877,2792.568828,0.0,0.088679,0.045219,0.126289,0.015299,1015,1015,1015,1,8120,2078720,2078720,1.0126,0.662667,1.49385,2675.86,29.008599999999998,0.16103699999999999,2792.48,1015,987,300,3900952088
tiledb,rank,256,0,cold,random,8192,,,512,0,5536.066359025426,32088182784,32088182784,32088182784,11.195978851,32768,32755,,0.999603271484375,,1.0003968859716075,,,,,,32736,30786,67732480,6415396864,0.273956,0.093228,0.03831,6.803068,0.02335,5527.393008,0.00933,0.0,0.0,0.282595,1.303031,5442.80047,0.0,0.346515,0.056719,0.592501,0.02178,8252,8243,8223,1,65944,16881664,16881664,2.74527,1.77335,5.47774,5279.63,120.461,1.22477,5442.51,8223,6472,403,7887380072
tiledb,rank,256,0,cold,random,8192,,,512,1,5496.676907001529,31908749312,31908749312,31908749312,11.404796716,32768,32756,,0.9996337890625,,1.0003663450970814,,,,,,32741,30768,67911168,6449410048,0.238167,0.096669,0.036319,0.01419,0.00963,5454.373787,0.036249,0.0,0.0,0.278247,0.966865,5348.572675,0.0,0.342525,0.128478,41.002688,0.022699,8192,8183,8169,1,65464,16758784,16758784,2.58547,1.8212599999999999,5.20736,5254.01,122.67599999999999,1.33975,5348.37,8169,6470,401,7808721272
tiledb,rank,256,0,cold,random,8192,,,512,2,5519.404028018471,32077115392,32077115392,32077115392,11.058148018,32768,32755,,0.999603271484375,,1.0003968859716075,,,,,,32742,30831,67993088,6449217536,0.387495,0.093619,0.039739,0.01464,0.00918,5517.354938,0.050849,0.0,0.0,0.265806,0.913066,5394.132136,0.0,0.338955,0.132138,0.604131,0.02271,8062,8054,8044,1,64432,16494592,16494592,2.40772,1.4637499999999999,4.91142,5256.2,122.139,1.32912,5393.799999999999,8044,6382,404,7878989800
tiledb,rank,256,0,cold,random,8192,,,512,3,5565.856623987202,32135102464,32135102464,32135102464,12.049306183999999,32768,32764,,0.9998779296875,,1.0001220852154804,,,,,,32746,30786,67921408,6449790976,0.237436,0.094429,0.040409,0.01477,0.00807,5564.001631,0.055559,0.0,0.0,0.285565,1.046435,5431.552948,0.0,0.344695,0.055459,0.62264,0.02271,8194,8190,8173,1,65520,16773120,16773120,2.21767,1.48372,4.62829,5311.37,134.828,1.42463,5431.339999999999,8173,6492,401,7871123920
tiledb,rank,256,0,cold,random,8192,,,512,4,5561.242191994097,32112893952,32112893952,32112893952,11.440160958,32768,32757,,0.999664306640625,,1.0003358060872485,,,,,,32746,30766,67695616,6449823744,0.237156,0.095588,0.03842,0.01556,0.009869,5559.337431,0.00881,0.0,0.0,0.276766,1.072824,5407.172611,0.0,0.343555,0.132338,0.596161,0.02264,8180,8173,8162,1,65384,16738304,16738304,2.08413,1.46012,4.4492,5276.16,122.599,1.24471,5406.97,8162,6433,401,7865880000
tiledb,rank,256,0,cold,random,8192,,,512,5,5496.130445040762,32133582848,32133582848,32133582848,11.121711617999999,32768,32755,,0.999603271484375,,1.0003968859716075,,,,,,32745,30774,67773952,6450302976,0.307696,0.094309,0.038099,0.01522,0.00881,5494.103665,0.0109,0.0,0.0,0.276046,1.052464,5358.157753,0.0,0.341115,0.121758,0.67403,0.02152,8128,8119,8106,1,64952,16627712,16627712,2.94004,2.0834099999999998,5.789960000000001,5231.7,91.1897,1.57686,5357.95,8106,6384,401,7863258040
tiledb,rank,256,0,cold,random,8192,,,512,6,5566.943397978321,32165330944,32165330944,32165330944,11.074394481999999,32768,32761,,0.999786376953125,,1.0002136686914318,,,,,,32749,30784,67986944,6450397184,0.280936,0.094928,0.03765,0.014129,0.00943,5564.992987,0.054529,0.0,0.0,0.276036,1.066804,5421.35878,0.0,0.343185,0.128268,0.613201,0.02191,8122,8119,8109,1,64952,16627712,16627712,2.53462,1.76962,5.03036,5288.490000000001,117.06800000000001,1.2233299999999998,5421.15,8109,6442,405,7903636224
tiledb,rank,256,0,cold,random,8192,,,512,7,5507.676472014282,32128778240,32128778240,32128778240,10.912463223,32768,32759,,0.999725341796875,,1.0002747336609787,,,,,,32739,30755,67814912,6450896896,0.238526,0.094378,0.0392,0.01514,0.009409,5505.790501,0.0534,0.0,0.0,0.70904,1.114943,5363.597772,0.0,0.341275,0.126528,0.588421,0.01913,8126,8114,8100,1,64912,16617472,16617472,2.8805300000000003,1.92147,5.6857299999999995,5252.150000000001,103.914,1.19092,5362.96,8100,6373,404,7854343376
tiledb,rank,256,0,cold,random,8192,,,512,8,5534.434303001035,32131223552,32131223552,32131223552,11.184556923999999,32768,32760,,0.999755859375,,1.0002442002442002,,,,,,32742,30702,67857920,6450679808,0.310065,0.097538,0.03652,0.013419,0.00662,5532.534562,0.00804,0.0,0.0,0.274306,0.980255,5387.20545,0.0,0.345285,0.055789,0.606931,0.02275,8194,8189,8168,1,65512,16771072,16771072,2.30012,1.64557,4.66992,5271.24,120.089,1.23877,5387.0,8168,6446,402,7884758112
tiledb,rank,256,0,cold,random,8192,,,512,9,5550.2799760433845,32140996608,32140996608,32140996608,11.453877529,32768,32763,,0.999847412109375,,1.0001526111772425,,,,,,32736,30890,67913216,6450814976,0.247106,0.095458,0.041709,0.0148,0.00898,5516.922554,0.01049,0.0,0.0,0.286075,1.225612,5381.1638,0.0,0.356845,0.054939,32.095941,0.02278,8293,8289,8272,1,66312,16975872,16975872,3.23502,2.15512,6.20658,5244.18,103.45,1.50315,5380.950000000001,8272,6523,403,7881087368
tiledb,rank,256,0,cold,random,65536,,,512,0,6424.727589997929,34286120960,34286120960,34286120960,37.014766953,262144,261627,,0.9980278015136719,,1.0019760957393542,,,,,,260583,165439,540722688,7115055104,0.293126,0.086928,0.0397,0.015179,0.018,6417.887563,0.052719,0.0,0.0,1.653325,7.986881,6326.580075,0.0,2.370715,0.281296,3.129223,0.187297,65200,64667,63663,1,517336,132438016,132438016,14.2042,11.0069,32.3356,5482.57,404.327,12.2544,6325.31,63663,16084,189,8506162632
tiledb,rank,256,0,cold,random,65536,,,512,1,6460.001614992507,34285826048,34285826048,34285826048,37.233575858,262144,261609,,0.9979591369628906,,1.0020450366768727,,,,,,260581,165709,540540416,7114092544,0.308835,0.086119,0.038899,0.01463,0.01772,6453.098717,0.053269,0.0,0.0,2.266646,6.638161,6361.11369,0.0,2.418684,0.283716,3.130003,0.190797,65843,65333,64278,1,522664,133801984,133801984,15.0655,11.7467,31.4946,5486.76,383.57000000000005,16.0929,6359.83,64278,16081,191,8504065064
tiledb,rank,256,0,cold,random,65536,,,512,2,6280.13860801002,34281889792,34281889792,34281889792,37.378339845,262144,261642,,0.9980850219726562,,1.0019186522041568,,,,,,260678,165881,540638208,7113297920,0.321475,0.087899,0.038779,0.0125,0.01796,6273.370848,0.081809,0.0,0.0,1.38036,8.00095,6192.901549,0.0,2.380005,0.266336,3.119574,0.180837,65661,65130,64100,1,521040,133386240,133386240,15.3581,12.0749,31.850000000000005,5353.65,428.897,7.78092,6191.66,64100,16083,186,8505638240
tiledb,rank,256,0,cold,random,65536,,,512,3,6341.937185032293,34286055424,34286055424,34286055424,36.101139113,262144,261637,,0.9980659484863281,,1.0019377993173748,,,,,,260688,165768,540825600,7112843264,0.302725,0.085718,0.04053,0.01477,0.018099,6335.064218,0.0532,0.0,0.0,1.936371,7.327491,6245.708611,0.0,2.393385,0.283415,3.131823,0.187727,65706,65214,64274,1,521712,133558272,133558272,14.3754,11.3706,31.2783,5407.6,420.695,9.14865,6244.41,64274,16085,204,8496723576
tiledb,rank,256,0,cold,random,65536,,,512,4,6468.829973018728,34287300608,34287300608,34287300608,37.251663709,262144,261619,,0.9979972839355469,,1.0020067349848443,,,,,,260580,165843,539924992,7111729152,0.267066,0.085769,0.042429,0.01524,0.01811,6462.001894,0.386864,0.0,0.0,1.38082,7.135663,6391.138102,0.0,2.385555,0.280166,3.133593,0.181427,65555,65063,64038,1,520504,133249024,133249024,14.4372,12.2894,31.6892,5453.839999999999,415.823,14.3449,6389.1,64038,16071,203,8499345536
tiledb,rank,256,0,cold,random,65536,,,512,5,6421.644154994283,34287656960,34287656960,34287656960,36.564566444,262144,261647,,0.9981040954589844,,1.0018995058227307,,,,,,260634,165636,540025856,7112609792,0.312695,0.089048,0.04024,0.01536,0.017079,6414.809907,0.056889,0.0,0.0,1.37307,8.120818,6313.670216,0.0,2.380465,0.208046,3.164152,0.182078,65438,64926,63897,1,519408,132968448,132968448,15.753799999999998,13.343,33.739,5454.4800000000005,363.791,12.4527,6312.44,63897,16110,191,8504065064
tiledb,rank,256,0,cold,random,65536,,,512,6,6430.711340974085,34292551680,34292551680,34292551680,36.639142776,262144,261607,,0.9979515075683594,,1.0020526973666606,,,,,,260609,165752,540325888,7112327168,0.342545,0.085719,0.040229,0.01588,0.01804,6423.779135,0.057399,0.0,0.0,2.03409,7.752564,6315.662338,0.0,2.389244,0.282806,3.156803,0.181787,65744,65227,64247,1,521816,133584896,133584896,13.053,10.320400000000001,29.5745,5457.76,420.99199999999996,9.54059,6314.37,64247,16113,178,8511930944
tiledb,rank,256,0,cold,random,65536,,,512,7,6526.957335008774,34280677376,34280677376,34280677376,37.246277559,262144,261597,,0.9979133605957031,,1.0020910025726595,,,,,,260572,165807,540128256,7113232384,0.344245,0.088429,0.039389,0.01598,0.016599,6520.037249,0.05869,0.0,0.0,1.33553,7.026195,6417.4646,0.0,2.390965,0.281806,3.145213,0.188397,65705,65148,64106,1,521184,133423104,133423104,15.7832,13.0162,33.2183,5526.25,450.436,9.16719,6416.2,64106,16076,195,8501967496
tiledb,rank,256,0,cold,random,65536,,,512,8,6523.330889991485,34285199360,34285199360,34285199360,36.513764883,262144,261629,,0.9980354309082031,,1.0019684362207553,,,,,,260622,165795,540251136,7114280960,0.306256,0.086259,0.045479,0.01601,0.01797,6516.455252,0.054349,0.0,0.0,1.700324,6.786369,6422.581703,0.0,2.394045,0.284305,3.126603,0.187597,65838,65342,64347,1,522736,133820416,133820416,14.7905,11.6898,32.3095,5550.13,404.006,11.6974,6420.410000000001,64347,16091,191,8504589456
tiledb,rank,256,0,cold,random,65536,,,512,9,6387.1417719637975,34287833088,34287833088,34287833088,36.913149556,262144,261633,,0.9980506896972656,,1.0019531175348675,,,,,,260582,166024,540017664,7112314880,0.305476,0.086549,0.039549,0.01538,0.01735,6380.265434,0.054529,0.0,0.0,2.331715,6.518493,6279.799103,0.0,2.389704,0.284366,3.135074,0.188967,65796,65270,64292,1,522160,133672960,133672960,16.6589,13.749600000000001,34.3665,5427.91,399.26099999999997,10.6228,6278.49,64292,16125,179,8512455336
tiledb,rank,256,0,cold,window_256,1024,,,512,0,4.178318020422012,5656576,5656576,5656576,0.021688647,4096,1002,,0.24462890625,,4.087824351297405,,,,,,25,8,12149248,6972735488,0.208027,0.034629,0.04309,0.055099,0.00722,2.089999,0.00215,0.0,0.0,0.100698,0.00917,1.453829,0.0,0.038789,0.03194,1.3227,0.01541,1024,254,3,1,2032,520192,520192,0.23269600000000001,0.137297,0.27139599999999997,0.869527,0.11706799999999999,0.03242,1.41465,3,2,1,1048784
tiledb,rank,256,0,cold,window_256,1024,,,512,1,3.067394020035863,5779456,5779456,5779456,0.015191843,4096,1009,,0.246337890625,,4.059464816650149,,,,,,18,8,9511424,6972530688,0.156508,0.033419,0.039739,0.01063,0.00629,2.118908,0.00368,0.0,0.0,0.092359,0.00769,1.558376,0.0,0.02565,0.02671,0.435944,0.01365,1024,251,5,1,2008,514048,514048,0.278196,0.159739,0.314285,0.9952349999999999,0.08763900000000001,0.024459,1.52101,5,2,1,1048784
tiledb,rank,256,0,cold,window_256,1024,,,512,2,3.165852976962924,5963776,5963776,5963776,0.013590683,4096,1007,,0.245849609375,,4.067527308838133,,,,,,20,8,6859264,6972395520,0.166617,0.03435,0.042529,0.00991,0.00738,2.539762,0.00258,0.0,0.0,0.090189,0.008949,1.960301,0.0,0.026999,0.02947,0.144588,0.013319,1024,252,5,1,2016,516096,516096,0.353425,0.224016,0.398384,1.24367,0.124208,0.036999000000000004,1.9245,5,2,1,1048784
tiledb,rank,256,0,cold,window_256,1024,,,512,3,3.002265002578497,5840896,5840896,5840896,0.013361287,4096,1010,,0.24658203125,,4.0554455445544555,,,,,,18,8,9513472,6972379136,0.119718,0.033599,0.03873,0.00965,0.00653,2.407004,0.005299,0.0,0.0,0.057349,0.00805,1.954731,0.0,0.031879,0.02731,0.178807,0.01176,2048,505,9,1,4040,1034240,1034240,0.331655,0.237205,0.374894,1.24456,0.139238,0.044669999999999994,1.92571,9,4,2,2097568
tiledb,rank,256,0,cold,window_256,1024,,,512,4,2.444433979690075,5713920,5713920,5713920,0.01215105,4096,1007,,0.245849609375,,4.067527308838133,,,,,,20,8,9519616,6972362752,0.099419,0.03026,0.02907,0.008559,0.00469,1.572857,0.00133,0.0,0.0,0.03005,0.00356,1.274431,0.0,0.02173,0.021059,0.518612,0.01159,1024,251,6,1,2008,514048,514048,0.215246,0.139687,0.24722600000000003,0.820978,0.092069,0.032899,1.2561499999999999,6,2,1,1048784
tiledb,rank,256,0,cold,window_256,1024,,,512,5,2.7493590023368597,5918720,5918720,5918720,0.013760350000000001,4096,1009,,0.246337890625,,4.059464816650149,,,,,,19,8,9515520,6972358656,0.122979,0.03274,0.034459,0.00891,0.00685,2.193407,0.00479,0.0,0.0,0.037049000000000006,0.00453,1.776054,0.0,0.03711,0.024719,0.170608,0.01106,2048,503,11,1,4024,1030144,1030144,0.395824,0.292185,0.431954,1.0679999999999998,0.139538,0.035179,1.75578,11,4,2,2097568
tiledb,rank,256,0,cold,window_256,1024,,,512,6,2.680440025869757,5902336,5902336,5902336,0.012658612,4096,1006,,0.24560546875,,4.071570576540755,,,,,,22,8,9505280,6972301312,0.094818,0.03142,0.031309,0.00865,0.00618,1.822283,0.00114,0.0,0.0,0.03174,0.002649,1.524638,0.0,0.021879,0.01996,0.515392,0.01134,1024,252,5,1,2016,516096,516096,0.200837,0.12433799999999999,0.23699699999999999,1.06955,0.101988,0.034839999999999996,1.50607,5,2,1,1048784
tiledb,rank,256,0,cold,window_256,1024,,,512,7,3.1327229808084667,5890048,5890048,5890048,0.014972474,4096,1012,,0.2470703125,,4.047430830039525,,,,,,16,8,12173824,6972301312,0.126838,0.0,0.0,0.00819,0.0,0.00017,0.0,0.0,0.0,0.0,0.0,0.0,0.0,0.0,0.0,2.909806,0.01023,0,0,0,0,0,0,0,0.0,0.0,0.0,0.0,0.0,0.0,0.0,0,0,0,0
tiledb,rank,256,0,cold,window_256,1024,,,512,8,3.0506449984386563,5742592,5742592,5742592,0.015165514,4096,1008,,0.24609375,,4.063492063492063,,,,,,19,8,12163584,6972260352,0.097789,0.03149,0.02849,0.008609,0.00715,1.490208,0.00122,0.0,0.0,0.025859999999999998,0.00249,1.229292,0.0,0.0219,0.01966,1.219602,0.01075,1024,253,4,1,2024,518144,518144,0.172907,0.10121000000000001,0.207167,0.8166580000000001,0.096068,0.027610000000000003,1.21214,4,2,1,1048784
tiledb,rank,256,0,cold,window_256,1024,,,512,9,2.5084230001084507,5877760,5877760,5877760,0.011730114,4096,1006,,0.24560546875,,4.071570576540755,,,,,,22,8,9507328,6972215296,0.112488,0.031279,0.02851,0.0085,0.00602,1.709894,0.0014,0.0,0.0,0.025329,0.00286,1.434449,0.0,0.02119,0.0184,0.458864,0.011399,1024,252,5,1,2016,516096,516096,0.215087,0.144898,0.253536,0.967646,0.104138,0.02559,1.4166,5,2,1,1048784
tiledb,rank,256,0,cold,window_256,8192,,,512,0,2.9563860152848065,5836800,5836800,5836800,0.012634094,32768,1024,,0.03125,,32.0,,,,,,4,8,68878848,6972452864,0.169497,0.085329,0.029069,0.00792,0.00718,1.517147,0.00138,0.0,0.0,0.02436,0.00175,1.249991,0.0,0.02034,0.02615,0.977385,0.01578,8192,256,1,1,2048,524288,524288,0.061729000000000006,0.032799,0.093639,0.9622959999999999,0.096299,0.02506,1.23322,1,2,1,1048784
tiledb,rank,256,0,cold,window_256,8192,,,512,1,8.771619002800435,18948096,18948096,18948096,0.023563755999999998,32768,1024,,0.03125,,32.0,,,,,,4,8,68878848,6972690432,0.163687,0.089619,0.026269,0.00829,0.00698,1.829543,0.00145,0.0,0.0,0.02409,0.00222,1.531167,0.0,0.031099,0.03162,6.448843,0.01729,16384,512,2,1,4096,1048576,1048576,0.139278,0.101518,0.17013799999999998,1.0884099999999999,0.152678,0.032830000000000005,1.51342,2,4,2,2097568
tiledb,rank,256,0,cold,window_256,8192,,,512,2,2.8777869883924723,5832704,5832704,5832704,0.011845932,32768,1024,,0.03125,,32.0,,,,,,4,8,68878848,6972555264,0.181117,0.0,0.0,0.00805,0.0,0.0002,0.0,0.0,0.0,0.0,0.0,0.0,0.0,0.0,0.0,2.588891,0.01434,0,0,0,0,0,0,0,0.0,0.0,0.0,0.0,0.0,0.0,0.0,0,0,0,0
tiledb,rank,256,0,cold,window_256,8192,,,512,3,3.862382029183209,5742592,5742592,5742592,0.015951200999999998,32768,1024,,0.03125,,32.0,,,,,,4,8,68878848,6972669952,0.160087,0.091129,0.028969,0.02342,0.00613,2.166978,0.00399,0.0,0.0,0.024300000000000002,0.0022,1.792023,0.0,0.031489,0.03298,1.192392,0.01746,16384,512,2,1,4096,1048576,1048576,0.13622800000000002,0.096758,0.165608,1.3335700000000001,0.144568,0.042388999999999996,1.77466,2,4,2,2097568
tiledb,rank,256,0,cold,window_256,8192,,,512,4,3.1467429944314063,5869568,5869568,5869568,0.014517836000000001,32768,1024,,0.03125,,32.0,,,,,,4,8,68878848,6972538880,0.160107,0.087889,0.027169,0.00916,0.00638,1.553637,0.00114,0.0,0.0,0.02501,0.00182,1.29762,0.0,0.02018,0.025569,1.123353,0.01715,8192,256,1,1,2048,524288,524288,0.06187,0.03945,0.09590900000000001,0.978616,0.111378,0.030199999999999998,1.2807700000000002,1,2,1,1048784
tiledb,rank,256,0,cold,window_256,8192,,,512,5,3.562967001926154,5931008,5931008,5931008,0.014250833000000001,32768,1024,,0.03125,,32.0,,,,,,4,8,68878848,6972518400,0.162018,0.087608,0.02913,0.0084,0.00616,1.911051,0.00132,0.0,0.0,0.024629,0.00233,1.548377,0.0,0.03165,0.031569,1.159683,0.01711,16384,512,2,1,4096,1048576,1048576,0.151088,0.10528799999999999,0.19083699999999998,1.0609300000000002,0.143158,0.039650000000000005,1.53164,2,4,2,2097568
tiledb,rank,256,0,cold,window_256,8192,,,512,6,3.348989994265139,5804032,5804032,5804032,0.015064405999999999,32768,1024,,0.03125,,32.0,,,,,,4,8,86508032,6972633088,0.164588,0.087819,0.027,0.00813,0.006209,1.265462,0.00109,0.0,0.0,0.02416,0.0019,1.020565,0.0,0.022099,0.02697,1.607446,0.01681,8192,256,1,1,2048,524288,524288,0.072809,0.04213,0.107208,0.700259,0.102229,0.02929,1.00348,1,2,1,1048784
tiledb,rank,256,0,cold,window_256,8192,,,512,7,4.031618998851627,6012928,6012928,6012928,0.018024656,32768,1024,,0.03125,,32.0,,,,,,4,8,86508032,6972600320,0.163077,0.074449,0.029139,0.00845,0.00704,2.104609,0.0019,0.0,0.0,0.02466,0.00258,1.727334,0.0,0.040869,0.03395,1.437148,0.01694,24576,768,3,1,6144,1572864,1572864,0.16375800000000001,0.108159,0.193328,1.11465,0.212377,0.068879,1.71017,3,6,3,3146352
tiledb,rank,256,0,cold,window_256,8192,,,512,8,3.673735016491264,5701632,5701632,5701632,0.016252255,32768,1024,,0.03125,,32.0,,,,,,4,8,68878848,6972461056,0.158057,0.087179,0.029169,0.00842,0.00618,2.304626,0.00144,0.0,0.0,0.02514,0.00225,1.99245,0.0,0.031499,0.03293,0.882887,0.016879,16384,512,2,1,4096,1048576,1048576,0.136658,0.08639799999999999,0.170257,1.41706,0.248016,0.037069,1.9759,2,4,2,2097568
tiledb,rank,256,0,cold,window_256,8192,,,512,9,2.9492860194295645,5758976,5758976,5758976,0.01281618,32768,1024,,0.03125,,32.0,,,,,,4,8,51249664,6972301312,0.185437,0.087289,0.026639,0.00811,0.00696,1.442269,0.00116,0.0,0.0,0.02437,0.00187,1.183122,0.0,0.021859,0.02667,1.025955,0.017059,8192,256,1,1,2048,524288,524288,0.073398,0.040039,0.101988,0.893827,0.09447900000000001,0.018168999999999998,1.1653099999999998,1,2,1,1048784
tiledb,rank,256,0,cold,window_256,65536,,,512,0,11.817172984592617,5951488,5951488,5951488,0.049744234,262144,1024,,0.00390625,,256.0,,,,,,4,8,822683648,6972678144,0.168597,0.0,0.0,0.00842,0.0,0.00021,0.0,0.0,0.0,0.0,0.0,0.0,0.0,0.0,0.0,11.37372,0.170348,0,0,0,0,0,0,0,0.0,0.0,0.0,0.0,0.0,0.0,0.0,0,0,0,0
tiledb,rank,256,0,cold,window_256,65536,,,512,1,9.74598404718563,5754880,5754880,5754880,0.037188931,262144,1024,,0.00390625,,256.0,,,,,,4,8,545830912,6973681664,0.180147,0.076679,0.028899,0.00837,0.00602,1.604226,0.00125,0.0,0.0,0.024130000000000002,0.00187,1.348459,0.0,0.02224,0.085368,7.443319,0.174978,65536,256,1,1,2048,524288,524288,0.058529000000000005,0.03867,0.087919,1.03936,0.095708,0.029179999999999998,1.33086,1,2,1,1048784
tiledb,rank,256,0,cold,window_256,65536,,,512,2,11.700605973601341,5971968,5971968,5971968,0.039217682000000004,262144,1024,,0.00390625,,256.0,,,,,,4,8,545830912,6973677568,0.186517,0.382044,0.03719,0.00872,0.00567,1.791583,0.0011,0.0,0.0,0.024779000000000002,0.00232,1.487728,0.0,0.03095,0.176837,8.778639,0.180177,131072,512,2,1,4096,1048576,1048576,0.178557,0.13636700000000002,0.21423699999999998,0.846947,0.258236,0.037949,1.46945,2,4,2,2097568
tiledb,rank,256,0,cold,window_256,65536,,,512,3,11.117874004412442,5890048,5890048,5890048,0.039582161,262144,1024,,0.00390625,,256.0,,,,,,4,8,545830912,6973661184,0.191707,0.085769,0.029849,0.00843,0.00625,1.825613,0.00185,0.0,0.0,0.0248,0.002249,1.516218,0.0,0.032129,0.178228,8.456854,0.182348,131072,512,2,1,4096,1048576,1048576,0.145888,0.102438,0.18070799999999998,1.0762099999999999,0.118169,0.038089,1.4994100000000001,2,4,2,2097568
tiledb,rank,256,0,cold,window_256,65536,,,512,4,9.96124098310247,5656576,5656576,5656576,0.040469771,262144,1024,,0.00390625,,256.0,,,,,,4,8,545830912,6974689280,0.183817,0.084878,0.02966,0.00844,0.00706,1.804343,0.00159,0.0,0.0,0.023969,0.00226,1.512638,0.0,0.031999,0.177948,7.338581,0.178897,131072,512,2,1,4096,1048576,1048576,0.11102799999999999,0.064938,0.144428,0.972045,0.240917,0.04207,1.4949,2,4,2,2097568
tiledb,rank,256,0,cold,window_256,65536,,,512,5,8.859848021529615,6230016,6230016,6230016,0.032804285,262144,1024,,0.00390625,,256.0,,,,,,4,8,545830912,6973628416,0.176147,0.076409,0.028169,0.02089,0.00628,1.519537,0.00106,0.0,0.0,0.02455,0.00172,1.270561,0.0,0.02298,0.086929,6.630941,0.176197,65536,256,1,1,2048,524288,524288,0.059849,0.04037,0.08928900000000001,0.9999049999999999,0.061859000000000004,0.02663,1.25355,1,2,1,1048784
tiledb,rank,256,0,cold,window_256,65536,,,512,6,11.779315012972802,5607424,5607424,5607424,0.037019144,262144,1024,,0.00390625,,256.0,,,,,,4,8,545830912,6973616128,0.181397,0.382344,0.029149,0.00857,0.00717,1.722664,0.0012,0.0,0.0,0.02445,0.00222,1.422738,0.0,0.03282,0.178437,8.939477,0.176247,131072,512,2,1,4096,1048576,1048576,0.124578,0.081369,0.155657,0.974726,0.167137,0.036390000000000006,1.40492,2,4,2,2097568
tiledb,rank,256,0,cold,window_256,65536,,,512,7,11.861022969242185,5931008,5931008,5931008,0.039025443,262144,1024,,0.00390625,,256.0,,,,,,4,8,545830912,6973603840,0.203647,0.382275,0.029109,0.0086,0.00729,1.704115,0.00532,0.0,0.0,0.026080000000000002,0.00287,1.381429,0.0,0.031409,0.176447,9.039075,0.177298,131072,512,2,1,4096,1048576,1048576,0.130708,0.075769,0.171738,0.9098160000000001,0.155818,0.035459,1.3633199999999999,2,4,2,2097568
tiledb,rank,256,0,cold,window_256,65536,,,512,8,8.383385022170842,6017024,6017024,6017024,0.034750948000000004,262144,1024,,0.00390625,,256.0,,,,,,4,8,545830912,6973595648,0.179947,0.075729,0.028989,0.00823,0.00693,1.581377,0.00133,0.0,0.0,0.02466,0.00241,1.34243,0.0,0.022569,0.083889,6.104679,0.178147,65536,256,1,1,2048,524288,524288,0.062649,0.04184,0.095888,1.0256399999999999,0.102359,0.039449,1.3249,1,2,1,1048784
tiledb,rank,256,0,cold,window_256,65536,,,512,9,8.623691042885184,5738496,5738496,5738496,0.036917642,262144,1024,,0.00390625,,256.0,,,,,,4,8,545830912,6974636032,0.178267,0.0,0.0,0.00793,0.0,0.00056,0.0,0.0,0.0,0.0,0.0,0.0,0.0,0.0,0.0,8.179818,0.173417,0,0,0,0,0,0,0,0.0,0.0,0.0,0.0,0.0,0.0,0.0,0,0,0,0
tiledb,rank,256,0,cold,window_4096,1024,,,512,0,12.32023601187393,36933632,36933632,36933632,0.076728133,4096,3596,,0.8779296875,,1.139043381535039,,,,,,2785,68,12175872,6982930432,0.139828,0.031809,0.02904,0.00842,0.007019,9.592727,0.00667,0.0,0.0,0.046499,0.084309,8.06305,0.0,0.04649,0.020479,2.313246,0.01141,1024,893,692,1,7144,1828864,1828864,0.7768280000000001,0.506783,0.9899749999999999,6.2541,0.5487909999999999,0.05019,8.02118,692,17,1,8914664
tiledb,rank,256,0,cold,window_4096,1024,,,512,1,12.195037968922406,37498880,37498880,37498880,0.071948707,4096,3616,,0.8828125,,1.1327433628318584,,,,,,2840,68,12222976,6982172672,0.125118,0.033379,0.03264,0.00921,0.00707,11.573037,0.008699,0.0,0.0,0.078399,0.169698,9.071834,0.0,0.083739,0.025939,0.185078,0.011379,2048,1828,1424,1,14624,3743744,3743744,0.945996,0.601279,1.3574,6.37407,0.924826,0.090478,9.01369,1424,34,2,17829328
tiledb,rank,256,0,cold,window_4096,1024,,,512,2,11.76008500624448,37253120,37253120,37253120,0.063796451,4096,3608,,0.880859375,,1.1352549889135255,,,,,,2822,68,12173824,6982430720,0.114649,0.03115,0.027989,0.00836,0.00611,8.621722,0.00204,0.0,0.0,0.04795,0.096158,7.305631,0.0,0.049359,0.01898,2.763969,0.00877,1024,896,732,1,7168,1835008,1835008,0.71804,0.441671,0.955726,5.48695,0.568892,0.061218999999999996,7.2611300000000005,732,17,1,8914664
tiledb,rank,256,0,cold,window_4096,1024,,,512,3,12.022381008137017,36737024,36737024,36737024,0.065797246,4096,3621,,0.884033203125,,1.1311792322562828,,,,,,2839,67,12182016,6982070272,0.114539,0.03261,0.029219,0.00861,0.00703,11.42422,0.00299,0.0,0.0,0.133218,0.178197,8.76649,0.0,0.078408,0.02396,0.177047,0.01061,2048,1808,1414,1,14464,3702784,3702784,0.920037,0.631309,1.40504,6.0100999999999996,0.882957,0.095829,8.70133,1414,34,2,17829328
tiledb,rank,256,0,cold,window_4096,1024,,,512,4,15.658986987546086,36655104,36655104,36655104,0.085238275,4096,3607,,0.880615234375,,1.1355697255336845,,,,,,2841,67,16908800,6990761984,0.110389,0.03213,0.02827,0.008339,0.00621,6.683861,0.00627,0.0,0.0,0.050549,0.088429,5.462829,0.0,0.045979,0.02025,8.592992,0.01125,1024,892,720,1,7136,1826816,1826816,0.686399,0.433775,0.914836,3.664,0.592351,0.061378999999999996,5.42214,720,17,1,8914664
tiledb,rank,256,0,cold,window_4096,1024,,,512,5,12.544532946776599,37572608,37572608,37572608,0.083186882,4096,3641,,0.888916015625,,1.1249656687723153,,,,,,2810,68,12231168,6990721024,0.101058,0.03278,0.030849,0.00903,0.0071,11.945432,0.00822,0.0,0.0,0.071948,0.181098,8.796959,0.0,0.078039,0.023789,0.175737,0.00963,2048,1809,1397,1,14472,3704832,3704832,0.789678,0.476911,1.16985,6.168500000000001,1.02093,0.097798,8.738050000000001,1397,34,2,17829328
tiledb,rank,256,0,cold,window_4096,1024,,,512,6,12.812499015126377,37564416,37564416,37564416,0.084125185,4096,3622,,0.88427734375,,1.1308669243511873,,,,,,2835,68,12198400,6990663680,0.139968,0.03214,0.029659,0.0093,0.00701,12.191748,0.01039,0.0,0.0,0.07497899999999999,0.171877,9.526208,0.0,0.078709,0.02547,0.177417,0.01034,2048,1816,1415,1,14528,3719168,3719168,0.999515,0.640252,1.49686,6.48348,1.08084,0.10217799999999999,9.45336,1415,34,2,17829328
tiledb,rank,256,0,cold,window_4096,1024,,,512,7,15.381819976028055,37228544,37228544,37228544,0.08344858399999999,4096,3640,,0.888671875,,1.1252747252747253,,,,,,2834,68,16908800,6999310336,0.114758,0.032149,0.03096,0.00844,0.006949,6.810449,0.00581,0.0,0.0,0.041888999999999996,0.086319,5.597197,0.0,0.047729,0.02103,8.181368,0.01275,1024,912,704,1,7296,1867776,1867776,0.618191,0.377325,0.833538,3.9005300000000003,0.565301,0.05691,5.526599999999999,704,17,1,8914664
tiledb,rank,256,0,cold,window_4096,1024,,,512,8,9.562506980728358,36712448,36712448,36712448,0.054292226,4096,3636,,0.8876953125,,1.1265126512651265,,,,,,2812,67,8231424,6998347776,0.119328,0.03167,0.028579,0.00816,0.00621,8.997096,0.00245,0.0,0.0,0.04054,0.089998,7.407239,0.0,0.047239,0.02066,0.156757,0.01092,1024,902,696,1,7216,1847296,1847296,0.66991,0.406924,0.881567,5.68186,0.529042,0.078549,7.33753,696,16,1,8390272
tiledb,rank,256,0,cold,window_4096,1024,,,512,9,12.490393011830747,36945920,36945920,36945920,0.074439701,4096,3644,,0.8896484375,,1.12403951701427,,,,,,2842,67,12229120,6998650880,0.098098,0.032499,0.02786,0.00865,0.00687,11.916602,0.00806,0.0,0.0,0.06919800000000001,0.169188,9.262712,0.0,0.077379,0.02232,0.171748,0.00887,2048,1831,1424,1,14648,3749888,3749888,0.929526,0.58827,1.36307,6.40034,1.04774,0.087819,9.1924,1424,34,2,17829328
tiledb,rank,256,0,cold,window_4096,8192,,,512,0,13.516417995560914,37351424,37351424,37351424,0.08004605,32768,14167,,0.432342529296875,,2.3129808710383286,,,,,,1951,68,82389504,6999080960,0.159217,0.0,0.0,0.00842,0.0,0.00022,0.0,0.0,0.0,0.0,0.0,0.0,0.0,0.0,0.0,13.234123,0.017019,0,0,0,0,0,0,0,0.0,0.0,0.0,0.0,0.0,0.0,0.0,0,0,0,0
tiledb,rank,256,0,cold,window_4096,8192,,,512,1,12.641131994314492,37158912,37158912,37158912,0.076515965,32768,14213,,0.433746337890625,,2.3054949693942164,,,,,,1879,68,82379264,7007334400,0.169558,0.091298,0.03438,0.00863,0.007229,10.948947,0.02477,0.0,0.0,0.052339,0.118568,8.575452,0.0,0.274776,0.035609,0.644091,0.017389,16384,7104,949,1,56832,14548992,14548992,0.733429,0.479205,1.0263799999999998,6.0107800000000005,0.946186,0.302185,8.52876,949,34,2,17829328
tiledb,rank,256,0,cold,window_4096,8192,,,512,2,12.714330048765987,37044224,37044224,37044224,0.077065146,32768,14204,,0.4334716796875,,2.3069557871022246,,,,,,1906,68,82356736,7007662080,0.186577,0.089158,0.02732,0.00896,0.00792,10.814618,0.025159,0.0,0.0,0.05273,0.120038,8.450044,0.0,0.268576,0.03477,1.150093,0.016739,16384,7093,953,1,56744,14526464,14526464,0.64703,0.430602,0.919676,5.9645,1.0177,0.225766,8.40588,953,34,2,17829328
tiledb,rank,256,0,cold,window_4096,8192,,,512,3,14.037040993571281,37523456,37523456,37523456,0.082168142,32768,14142,,0.43157958984375,,2.317069721397256,,,,,,1925,68,82248192,7007346688,0.178578,0.088799,0.02698,0.008619,0.00729,12.09859,0.02586,0.0,0.0,0.052178,0.113079,9.320621,0.0,0.276976,0.032629,1.182182,0.01702,16384,7040,985,1,56320,14417920,14417920,0.821687,0.525592,1.19071,6.3485499999999995,1.22467,0.226567,9.27358,985,34,3,17829328
tiledb,rank,256,0,cold,window_4096,8192,,,512,4,13.355850998777896,37498880,37498880,37498880,0.079730512,32768,14161,,0.432159423828125,,2.3139608784690346,,,,,,1941,68,82276864,7007334400,0.167638,0.0,0.0,0.008229,0.0,0.00024,0.0,0.0,0.0,0.0,0.0,0.0,0.0,0.0,0.0,13.065496,0.017649,0,0,0,0,0,0,0,0.0,0.0,0.0,0.0,0.0,0.0,0.0,0,0,0,0
tiledb,rank,256,0,cold,window_4096,8192,,,512,5,10.788239014800638,37306368,37306368,37306368,0.072370969,32768,14159,,0.432098388671875,,2.3142877321844764,,,,,,1930,68,58024448,7006855168,0.162938,0.085908,0.02584,0.00847,0.00511,9.540407,0.00521,0.0,0.0,0.034789,0.062559,7.941522,0.0,0.145758,0.02795,0.65065,0.01659,8192,3518,500,1,28144,7204864,7204864,0.65292,0.429117,0.8535170000000001,6.05493,0.67397,0.132968,7.90799,500,17,1,8914664
tiledb,rank,256,0,cold,window_4096,8192,,,512,6,15.422369993757457,37486592,37486592,37486592,0.089743252,32768,14144,,0.431640625,,2.316742081447964,,,,,,1913,68,106686976,7007768576,0.162578,0.075979,0.02759,0.00902,0.00846,13.101134,0.067689,0.0,0.0,0.065899,0.185997,9.730165,0.0,0.402714,0.048089,1.441809,0.017879,24576,10621,1426,1,84968,21751808,21751808,0.775619,0.47777200000000003,1.16221,6.3972,1.3385,0.40272399999999997,9.66341,1426,51,3,26743992
tiledb,rank,256,0,cold,window_4096,8192,,,512,7,11.009445006493479,37269504,37269504,37269504,0.069712014,32768,14119,,0.430877685546875,,2.3208442524258093,,,,,,1959,68,57993728,7006846976,0.178347,0.089758,0.02617,0.00852,0.00704,9.521768,0.01371,0.0,0.0,0.035499,0.068059,7.815763,0.0,0.140158,0.027229,0.875167,0.01696,8192,3504,519,1,28032,7176192,7176192,0.689589,0.422515,0.869727,5.80126,0.6863400000000001,0.247307,7.78721,519,17,1,8914664
tiledb,rank,256,0,cold,window_4096,8192,,,512,8,13.218312989920378,37351424,37351424,37351424,0.074532207,32768,14169,,0.432403564453125,,2.312654386336368,,,,,,1899,68,82315776,7007264768,0.164347,0.0,0.0,0.00849,0.0,0.00026,0.0,0.0,0.0,0.0,0.0,0.0,0.0,0.0,0.0,12.928377,0.01724,0,0,0,0,0,0,0,0.0,0.0,0.0,0.0,0.0,0.0,0.0,0,0,0,0
tiledb,rank,256,0,cold,window_4096,8192,,,512,9,13.220591994468123,37433344,37433344,37433344,0.073698886,32768,14168,,0.432373046875,,2.312817617165443,,,,,,1908,68,82338304,7007268864,0.166977,0.090259,0.027739,0.00851,0.00727,11.271892,0.027149,0.0,0.0,0.05295,0.133608,8.956166,0.0,0.267696,0.033019,1.206702,0.01722,16384,7084,943,1,56672,14508032,14508032,0.64576,0.421383,0.9398059999999999,6.435899999999999,0.968115,0.29170599999999997,8.9078,943,34,2,17829328
tiledb,rank,256,0,cold,window_4096,65536,,,512,0,20.392635953612626,37335040,37335040,37335040,0.10316540799999999,262144,16384,,0.0625,,16.0,,,,,,4,68,559415808,7006875648,0.242806,0.086679,0.029449,0.0086,0.0082,10.860458,0.033989,0.0,0.0,0.024499999999999997,0.0041,8.7352,0.0,0.348945,0.227306,8.163608,0.167587,131072,8192,2,1,65536,16777216,16777216,0.126718,0.055170000000000004,0.166837,6.90428,1.12777,0.251086,8.71423,2,34,2,17829328
tiledb,rank,256,0,cold,window_4096,65536,,,512,1,16.285236983094364,37416960,37416960,37416960,0.08572914200000001,262144,16384,,0.0625,,16.0,,,,,,4,68,414188032,7006572544,0.313275,0.079599,0.029049,0.00818,0.00714,8.372725,0.00477,0.0,0.0,0.02556,0.00299,7.084914,0.0,0.175828,0.096238,6.911517,0.183817,65536,4096,1,1,32768,8388608,8388608,0.02863,0.0106,0.08025900000000001,5.84755,0.581001,0.358265,7.06778,1,17,1,8914664
tiledb,rank,256,0,cold,window_4096,65536,,,512,2,20.189478993415833,37453824,37453824,37453824,0.09562678,262144,16384,,0.0625,,16.0,,,,,,4,68,559415808,7007825920,0.321405,0.085129,0.028629,0.00856,0.00788,10.259327,0.02892,0.0,0.0,0.024849,0.00422,8.246217,0.0,0.308176,0.197927,8.676361,0.177787,131072,8192,2,1,65536,16777216,16777216,0.127808,0.092988,0.173447,6.34359,1.24543,0.265416,8.229510000000001,2,34,2,17829328
tiledb,rank,256,0,cold,window_4096,65536,,,512,3,16.99571602512151,37371904,37371904,37371904,0.08085429400000001,262144,16384,,0.0625,,16.0,,,,,,4,68,559415808,7007956992,0.182077,0.079249,0.027569,0.0084,0.00718,8.06963,0.0046,0.0,0.0,0.0258,0.00295,7.055984,0.0,0.171277,0.096059,8.062909,0.171968,65536,4096,1,1,32768,8388608,8388608,0.02885,0.01098,0.071789,6.1639800000000005,0.43221299999999996,0.225247,7.03969,1,17,1,8914664
tiledb,rank,256,0,cold,window_4096,65536,,,512,4,20.944167976267636,37249024,37249024,37249024,0.095742639,262144,16384,,0.0625,,16.0,,,,,,4,68,559415808,7007805440,0.193237,0.086669,0.028499,0.00888,0.00767,10.505043,0.00769,0.0,0.0,0.025629,0.00437,8.611382,0.0,0.346505,0.224337,9.101534,0.181708,131072,8192,2,1,65536,16777216,16777216,0.17930800000000002,0.117248,0.221087,6.60583,0.975955,0.528072,8.5899,2,34,2,17829328
tiledb,rank,256,0,cold,window_4096,65536,,,512,5,19.711105967871845,37609472,37609472,37609472,0.084155377,262144,16384,,0.0625,,16.0,,,,,,4,68,559415808,7007801344,0.210727,0.087999,0.037399,0.01478,0.00845,9.530078,0.00873,0.0,0.0,0.061269000000000004,0.00823,8.124908,0.0,0.307315,0.198247,8.941247,0.178617,131072,8192,2,1,65536,16777216,16777216,0.135458,0.08438899999999999,0.175198,6.14727,0.8936769999999999,0.65537,8.09593,2,34,2,17829328
tiledb,rank,256,0,cold,window_4096,65536,,,512,6,19.252213009167463,37109760,37109760,37109760,0.078263575,262144,16384,,0.0625,,16.0,,,,,,4,68,559415808,7007776768,0.188577,0.085949,0.029609,0.00865,0.00766,9.36975,0.00811,0.0,0.0,0.027989,0.00435,8.025071,0.0,0.307466,0.198047,8.750149,0.178507,131072,8192,2,1,65536,16777216,16777216,0.088379,0.0522,0.12281799999999998,6.31676,1.06867,0.313595,8.008080000000001,2,34,2,17829328
tiledb,rank,256,0,cold,window_4096,65536,,,512,7,19.27727198926732,37355520,37355520,37355520,0.079711527,262144,16384,,0.0625,,16.0,,,,,,4,68,559415808,7007805440,0.209426,0.085729,0.02835,0.008429,0.00812,9.140444,0.02957,0.0,0.0,0.024549,0.00424,7.613267,0.0,0.307225,0.198187,8.995576,0.176687,131072,8192,2,1,65536,16777216,16777216,0.143258,0.095628,0.190027,5.95507,0.9847059999999999,0.258447,7.59624,2,34,2,17829328
tiledb,rank,256,0,cold,window_4096,65536,,,512,8,17.38607103470713,37146624,37146624,37146624,0.079621632,262144,16384,,0.0625,,16.0,,,,,,4,68,559415808,7007780864,0.198467,0.077739,0.027939,0.00878,0.00733,8.02994,0.00451,0.0,0.0,0.02368,0.00287,7.083644,0.0,0.188967,0.095579,8.460274,0.170717,65536,4096,1,1,32768,8388608,8388608,0.03982,0.02062,0.077849,6.1895999999999995,0.502803,0.153507,7.0671,1,17,1,8914664
tiledb,rank,256,0,cold,window_4096,65536,,,512,9,20.04416100680828,37195776,37195776,37195776,0.099006009,262144,16384,,0.0625,,16.0,,,,,,4,68,559415808,7007768576,0.193917,0.085629,0.028919,0.00844,0.00783,10.175068,0.029189,0.0,0.0,0.025410000000000002,0.00437,8.772679,0.0,0.311145,0.198888,8.74521,0.176977,131072,8192,2,1,65536,16777216,16777216,0.169717,0.12992900000000002,0.214207,6.11299,1.59553,0.6523399999999999,8.755529999999998,2,34,2,17829328
tiledb,rank,256,0,cold,window_65536,1024,,,512,0,136.64938096189871,538877952,538877952,538877952,0.856936988,4096,4062,,0.99169921875,,1.0083702609551946,,,,,,4010,1007,12646912,7008743424,0.158737,0.03503,0.042859,0.01322,0.00834,135.600487,0.027449,0.0,0.0,0.123388,0.258046,111.654035,0.0,0.121448,0.047619,0.227117,0.01527,2048,2035,2010,1,16280,4167680,4167680,1.0928000000000002,0.739486,1.7352400000000001,94.6717,12.3934,0.213477,111.566,2010,503,8,266391136
tiledb,rank,256,0,cold,window_65536,1024,,,512,1,128.0393690103665,538202112,538202112,538202112,0.839998883,4096,4056,,0.990234375,,1.009861932938856,,,,,,3995,1012,12636672,7009189888,0.165617,0.033399,0.04188,0.00997,0.006369,127.105724,0.01048,0.0,0.0,0.112629,0.278065,101.866301,0.0,0.120818,0.04817,0.160018,0.015539,2048,2030,2005,1,16240,4157440,4157440,1.0522,0.668198,1.66,86.0245,11.8515,0.183808,101.767,2005,506,7,266915528
tiledb,rank,256,0,cold,window_65536,1024,,,512,2,155.807426024694,539377664,539377664,539377664,0.878047507,4096,4066,,0.99267578125,,1.0073782587309394,,,,,,4000,1016,16908800,7009693696,0.188877,0.093049,0.035539,0.01183,0.00732,154.749261,0.01341,0.0,0.0,0.165348,0.355494,120.544471,0.0,0.161868,0.048459,0.158898,0.01441,3072,3050,2996,1,24400,6246400,6246400,1.58621,1.07152,2.64945,94.2122,19.5366,0.247276,120.389,2996,762,9,401159880
tiledb,rank,256,0,cold,window_65536,1024,,,512,3,127.79184395913035,495030272,495030272,495030272,0.75412967,4096,4061,,0.991455078125,,1.0086185668554544,,,,,,4014,1004,12636672,7009701888,0.134108,0.03463,0.050089,0.01242,0.00745,126.794118,0.011119,0.0,0.0,0.147918,0.258556,104.876756,0.0,0.118908,0.053299,0.214657,0.01616,2048,2024,1992,1,16192,4145152,4145152,1.03281,0.678241,1.6209900000000002,92.2014,9.00086,0.176838,104.78,1992,425,6,223915384
tiledb,rank,256,0,cold,window_65536,1024,,,512,4,129.32439998257905,537923584,537923584,537923584,0.8578357050000001,4096,4063,,0.991943359375,,1.008122077282796,,,,,,3989,1005,12651008,7009316864,0.259946,0.03507,0.041629,0.00967,0.00659,128.368775,0.013479,0.0,0.0,0.145358,0.271236,103.812552,0.0,0.124378,0.047309,0.137018,0.01661,2048,2037,2001,1,16296,4171776,4171776,1.1417199999999998,0.7822699999999999,1.82754,85.5638,13.7082,0.185857,103.713,2001,504,6,266915528
tiledb,rank,256,0,cold,window_65536,1024,,,512,5,127.00358498841524,539262976,539262976,539262976,0.829758518,4096,4066,,0.99267578125,,1.0073782587309394,,,,,,3991,1014,12640768,7009320960,0.288945,0.03305,0.042749,0.00942,0.00551,125.953051,0.00404,0.0,0.0,0.13492900000000002,0.277355,104.54431,0.0,0.121748,0.046209,0.222247,0.01557,2048,2032,1997,1,16256,4161536,4161536,1.30029,0.978465,1.8790600000000002,87.33059999999999,12.6623,0.185388,104.458,1997,507,6,266915528
tiledb,rank,256,0,cold,window_65536,1024,,,512,6,136.14222896285355,539590656,539590656,539590656,0.8412354519999999,4096,4064,,0.9921875,,1.0078740157480315,,,,,,3991,1011,12642816,7008874496,0.167588,0.0,0.0,0.00935,0.0,0.00068,0.0,0.0,0.0,0.0,0.0,0.0,0.0,0.0,0.0,135.715795,0.0195,0,0,0,0,0,0,0,0.0,0.0,0.0,0.0,0.0,0.0,0.0,0,0,0,0
tiledb,rank,256,0,cold,window_65536,1024,,,512,7,137.0369559735991,537612288,537612288,537612288,0.800330432,4096,4069,,0.993408203125,,1.0066355369869746,,,,,,4004,1008,12651008,7008890880,0.201867,0.033879,0.0412,0.00909,0.00634,112.615039,0.002849,0.0,0.0,0.087299,0.127388,98.834746,0.0,0.080919,0.0449,23.649567,0.01591,1024,1014,994,1,8112,2076672,2076672,0.762469,0.508342,1.13773,90.0407,6.30581,0.111378,98.74090000000001,994,254,3,133719960
tiledb,rank,256,0,cold,window_65536,1024,,,512,8,142.3780259792693,538300416,538300416,538300416,0.832911894,4096,4062,,0.99169921875,,1.0083702609551946,,,,,,3989,1005,12636672,7008919552,0.125819,0.03391,0.041389,0.01156,0.0063,101.357218,0.00258,0.0,0.0,0.105568,0.127988,87.870289,0.0,0.088488,0.04397,40.270989,0.01708,1024,1017,999,1,8136,2082816,2082816,0.789109,0.47224,1.1222,80.1433,5.38706,0.109899,87.8042,999,250,4,132671176
tiledb,rank,256,0,cold,window_65536,1024,,,512,9,141.92509301938117,537870336,537870336,537870336,0.84507084,4096,4073,,0.994384765625,,1.005646943285048,,,,,,4003,1012,16908800,7009878016,0.208877,0.100998,0.038629,0.01147,0.00726,140.714581,0.00587,0.0,0.0,0.171097,0.356755,108.812267,0.0,0.166407,0.051789,0.263196,0.01643,3072,3054,3000,1,24432,6254592,6254592,1.4365,0.8860359999999999,2.42847,85.7323,16.9053,0.266156,108.65700000000001,3000,760,9,400111096
tiledb,rank,256,0,cold,window_65536,8192,,,512,0,131.77962403278798,489717760,489717760,489717760,0.919052429,32768,30805,,0.940093994140625,,1.06372342152248,,,,,,27252,1028,99361280,7172464640,0.279496,0.096818,0.03681,0.01486,0.009919,129.624697,0.060039,0.0,0.0,0.45637300000000003,1.658425,102.681799,0.0,0.599611,0.071188,0.65469,0.02114,16384,15396,13636,1,123168,31531008,31531008,4.429930000000001,3.06189,8.296299999999999,74.37259999999999,11.6627,0.617861,101.948,13636,514,4,269537488
tiledb,rank,256,0,cold,window_65536,8192,,,512,1,133.1116640358232,540512256,540512256,540512256,0.919518071,32768,30786,,0.93951416015625,,1.0643799129474436,,,,,,27198,1028,99353088,7162494976,0.207757,0.093369,0.037599,0.01223,0.00937,130.525853,0.01891,0.0,0.0,0.338586,1.532707,104.739077,0.0,0.599871,0.056029,1.209952,0.02219,16384,15392,13582,1,123136,31522816,31522816,3.33482,2.33751,6.2815199999999995,80.8757,10.9283,0.6397510000000001,104.327,13582,514,4,269537488
tiledb,rank,256,0,cold,window_65536,8192,,,512,2,169.13463699165732,540782592,540782592,540782592,1.084793503,32768,30757,,0.938629150390625,,1.06538348993725,,,,,,27096,1028,132207104,7235186688,0.202547,0.093969,0.037469,0.01187,0.00862,87.626733,0.00824,0.0,0.0,0.27306600000000003,0.766958,72.444989,0.0,0.322955,0.054959,80.404571,0.024179,8192,7675,6759,1,61400,15718400,15718400,1.85498,1.0681200000000002,3.25935,61.091100000000004,5.5717,0.356844,72.2162,6759,257,2,134768744
tiledb,rank,256,0,cold,window_65536,8192,,,512,3,161.34328301995993,540844032,540844032,540844032,1.111284166,32768,30775,,0.939178466796875,,1.0647603574329814,,,,,,27218,1028,132239872,7242780672,0.227916,0.078909,0.037369,0.00964,0.01163,158.1951,0.02249,0.0,0.0,0.572302,2.416364,122.241706,0.0,0.881407,0.077149,1.485168,0.02251,24576,23098,20430,1,184784,47304704,47304704,5.01778,3.03702,9.93462,77.58120000000001,17.9478,1.15396,121.58099999999999,20430,771,6,404306232
tiledb,rank,256,0,cold,window_65536,8192,,,512,4,142.84441899508238,540569600,540569600,540569600,1.001878956,32768,30823,,0.940643310546875,,1.0631022288550758,,,,,,27323,1028,99406336,7242256384,0.206977,0.093268,0.03792,0.01195,0.009509,140.247428,0.05533,0.0,0.0,0.453543,1.436389,112.734908,0.0,0.600771,0.054569,1.212232,0.021109,16384,15405,13663,1,123240,31549440,31549440,3.2543200000000003,2.23712,6.1661,82.7833,13.453,0.761469,112.321,13663,514,4,269537488
tiledb,rank,256,0,cold,window_65536,8192,,,512,5,161.9571740156971,540712960,540712960,540712960,1.125824466,32768,30803,,0.940032958984375,,1.0637924877447003,,,,,,27123,1028,132266496,7246151680,0.210027,0.078799,0.037919,0.01198,0.0109,158.81558,0.078628,0.0,0.0,0.487013,2.331515,123.019664,0.0,0.877757,0.066739,1.484588,0.02239,24576,23111,20368,1,184888,47331328,47331328,5.25275,3.43768,9.731739999999999,78.3372,18.2884,1.16073,122.517,20368,771,6,404306232
tiledb,rank,256,0,cold,window_65536,8192,,,512,6,157.08385698962957,540618752,540618752,540618752,1.035206446,32768,30827,,0.940765380859375,,1.0629642845557465,,,,,,27278,1028,132266496,7239315456,0.316615,0.093018,0.03518,0.01023,0.006,99.485165,0.0354,0.0,0.0,0.294165,0.745689,85.062761,0.0,0.307666,0.040079,56.545766,0.02276,8192,7716,6798,1,61728,15802368,15802368,2.69755,1.8792399999999998,4.49701,71.54180000000001,6.471550000000001,0.314345,84.83670000000001,6798,257,2,134768744
tiledb,rank,256,0,cold,window_65536,8192,,,512,7,132.51657300861552,540856320,540856320,540856320,0.96695632,32768,30720,,0.9375,,1.0666666666666667,,,,,,27171,1028,99363328,7238889472,0.435733,0.092149,0.036599,0.00931,0.0093,129.787744,0.01526,0.0,0.0,0.33547499999999997,1.524638,103.924309,0.0,0.601531,0.057899,1.228732,0.02245,16384,15397,13609,1,123176,31533056,31533056,3.4346,2.47031,6.51594,80.35889999999999,10.3323,0.6821699999999999,103.612,13609,514,4,269537488
tiledb,rank,256,0,cold,window_65536,8192,,,512,8,132.90597702143714,540512256,540512256,540512256,0.963160276,32768,30797,,0.939849853515625,,1.0639997402344383,,,,,,27099,1028,99377664,7231508480,0.205137,0.095139,0.037489,0.01042,0.01478,130.589971,0.01548,0.0,0.0,0.32941600000000004,1.521687,104.751947,0.0,0.604921,0.05922,0.934126,0.02233,16384,15404,13582,1,123232,31547392,31547392,3.25438,2.2872,6.40414,80.94959999999999,10.5149,0.66092,104.114,13582,514,4,269537488
tiledb,rank,256,0,cold,window_65536,8192,,,512,9,133.99945996934548,540807168,540807168,540807168,0.953308783,32768,30842,,0.94122314453125,,1.0624473121068672,,,,,,27185,1028,99465728,7231557632,0.197857,0.092759,0.035959,0.01054,0.00972,131.3592,0.01541,0.0,0.0,0.328845,1.549937,104.846076,0.0,0.605161,0.137978,1.197983,0.022399,16384,15447,13599,1,123576,31635456,31635456,3.72055,2.7386899999999996,7.32257,79.1358,11.7597,0.612211,104.541,13599,514,4,269537488
tiledb,rank,256,0,cold,window_65536,65536,,,512,0,196.19104301091284,540745728,540745728,540745728,1.445132638,262144,165856,,0.6326904296875,,1.580551803974532,,,,,,61164,1028,712583680,8078409728,0.392424,0.089519,0.038759,41.418352,0.0327,141.568687,0.420043,0.0,0.0,0.734789,3.428189,114.62301,0.0,3.022275,0.324666,8.818178,0.180698,131072,82875,30552,1,663000,169728000,169728000,7.36916,4.814170000000001,14.4265,65.17960000000001,12.6441,2.84565,113.703,30552,514,4,269537488
tiledb,rank,256,0,cold,window_65536,65536,,,512,1,155.44840099755675,540598272,540598272,540598272,1.167921411,262144,165959,,0.6330833435058594,,1.579570857862484,,,,,,60814,1028,712618496,8063434752,0.340795,0.094378,0.03916,0.379374,0.02514,141.772985,0.075259,0.0,0.0,0.6504300000000001,3.421829,113.527917,0.0,3.025424,0.329796,8.959696,0.186097,131072,82998,30457,1,663984,169979904,169979904,6.79064,5.1618200000000005,13.4014,73.1738,11.9448,2.1628,112.741,30457,514,4,269537488
tiledb,rank,256,0,cold,window_65536,65536,,,512,2,155.17263498622924,540692480,540692480,540692480,1.169538618,262144,165848,,0.632659912109375,,1.580628044956828,,,,,,60850,1028,712507904,8063528960,0.241626,0.092258,0.03974,0.012069,0.02002,142.010342,0.065429,0.0,0.0,0.643641,3.371699,113.961549,0.0,3.017944,0.323636,8.894117,0.180698,131072,82817,30510,1,662536,169609216,169609216,6.10737,4.69714,13.091999999999999,74.3067,11.9493,2.35091,113.219,30510,514,4,269537488
tiledb,rank,256,0,cold,window_65536,65536,,,512,3,135.31755201984197,540733440,540733440,540733440,1.128166652,262144,166012,,0.6332855224609375,,1.5790665735007108,,,,,,60943,1028,491092480,8053071872,0.224637,0.084259,0.03795,0.013009,0.01126,123.857742,0.03382,0.0,0.0,0.368215,1.617186,102.415292,0.0,1.532178,0.172647,8.852248,0.184077,65536,41458,15281,1,331664,84905984,84905984,4.03919,2.92361,7.45293,83.32549999999999,6.3538,1.4262000000000001,101.978,15281,257,2,134768744
tiledb,rank,256,0,cold,window_65536,65536,,,512,4,161.20133502408862,540614656,540614656,540614656,1.213767745,262144,165653,,0.6319160461425781,,1.5824886962505962,,,,,,61016,1028,712317440,8063152128,0.268476,0.091379,0.038059,0.01214,0.0197,148.080751,0.147758,0.0,0.0,0.872137,3.429259,117.98688,0.0,3.015305,0.323516,8.833628,0.181648,131072,82851,30470,1,662808,169678848,169678848,8.634839999999999,6.89642,16.7212,72.4272,13.1145,2.13643,117.017,30470,514,4,269537488
tiledb,rank,256,0,cold,window_65536,65536,,,512,5,155.27178399497643,540704768,540704768,540704768,1.171007762,262144,165510,,0.6313705444335938,,1.5838559603649327,,,,,,61220,1028,712319488,8063643648,0.233286,0.091019,0.039509,0.01216,0.01971,142.292027,0.067109,0.0,0.0,0.6607200000000001,3.535707,113.781813,0.0,3.041034,0.325616,8.68922,0.184918,131072,82852,30543,1,662816,169680896,169680896,8.55186,6.88364,15.8084,71.2507,12.9076,2.00236,112.834,30543,514,4,269537488
tiledb,rank,256,0,cold,window_65536,65536,,,512,6,184.56896702991799,540626944,540626944,540626944,1.230733241,262144,165794,,0.6324539184570312,,1.581142864036093,,,,,,61155,1028,712507904,8332177408,0.279636,0.090738,0.0381,43.653998,0.05509,127.834373,0.294515,0.0,0.0,1.611517,5.451868,100.042388,0.0,3.021534,0.329215,8.747039,0.181348,131072,82920,30640,1,663360,169820160,169820160,7.894419999999999,5.64461,15.602599999999999,55.3851,14.7059,2.2758700000000003,98.72160000000001,30640,514,4,269537488
tiledb,rank,256,0,cold,window_65536,65536,,,512,7,168.1113819940947,540114944,540114944,540114944,1.260408798,262144,165392,,0.63092041015625,,1.5849859727193576,,,,,,60775,1027,712507904,8351068160,0.241127,0.091129,0.043059,0.01327,0.01961,155.073076,0.245436,0.0,0.0,0.899887,3.450218,124.957615,0.0,3.004226,0.323415,8.776459,0.181967,131072,82505,30426,1,660040,168970240,168970240,8.70515,6.77297,16.6621,80.5409,12.711500000000001,1.9735500000000001,123.949,30426,513,4,269013096
tiledb,rank,256,0,cold,window_65536,65536,,,512,8,152.79371000360698,540901376,540901376,540901376,1.136854469,262144,165709,,0.6321296691894531,,1.5819539071504867,,,,,,60901,1028,712507904,8340877312,0.338455,0.093449,0.040409,0.01068,0.0205,143.371191,0.066519,0.0,0.0,0.6349899999999999,3.37164,114.999864,0.0,3.021805,0.324606,5.066924,0.170488,131072,82856,30383,1,662848,169689088,169689088,6.97065,5.56141,14.1279,73.2854,12.4016,2.89975,113.845,30383,514,4,269537488
tiledb,rank,256,0,cold,window_65536,65536,,,512,9,197.71941000362858,540405760,540405760,540405760,1.467068783,262144,165707,,0.6321220397949219,,1.5819730005370927,,,,,,61063,1028,934060544,8351354880,0.270946,0.095529,0.038119,0.01196,0.02565,180.580116,0.371644,0.0,0.0,1.452878,5.323761,139.40943,0.0,4.503852,0.484913,11.188583,0.180347,196608,124308,45789,1,994464,254582784,254582784,13.1476,9.788450000000001,25.6032,68.3964,18.779,2.9393000000000002,137.87,45789,771,6,404306232
tiledb,rank,256,0,warm,random,1024,,,512,0,513.8619840145111,0,0,0,10.879632989000001,4096,4095,,0.999755859375,,1.0002442002442002,,,,,,4095,4062,8514560,8294248448,0.124878,0.033829,0.04175,0.013009,0.00743,512.913048,0.00933,0.0,0.0,0.100629,0.139868,404.109201,0.0,0.088189,0.044679,0.125409,0.015479,1013,1013,1013,1,8104,2074624,2074624,1.1553,0.800858,1.70612,307.182,26.23,0.212967,404.04400000000004,1013,984,307,3846939712
tiledb,rank,256,0,warm,random,1024,,,512,1,520.1891589676961,0,0,0,11.043674370000002,4096,4096,,1.0,,1.0,,,,,,4096,4057,8498176,8294232064,0.119518,0.033559,0.040589,0.00993,0.00732,519.363242,0.00802,0.0,0.0,0.101769,0.128908,388.129289,0.0,0.087609,0.045539,0.124468,0.01566,1006,1006,1005,1,8048,2060288,2060288,1.00007,0.6257320000000001,1.47769,310.614,27.869999999999997,0.209767,388.036,1005,980,303,3941330272
tiledb,rank,256,0,warm,random,1024,,,512,2,540.9509890014306,0,0,0,11.247698462,4096,4095,,0.999755859375,,1.0002442002442002,,,,,,4095,4068,8600576,8294227968,0.118959,0.03395,0.039849,0.00947,0.00717,540.104972,0.00879,0.0,0.0,0.095008,0.146338,441.251257,0.0,0.089099,0.045149,0.123329,0.015119,1063,1063,1063,1,8504,2177024,2177024,1.3356100000000002,0.896728,1.91178,332.287,27.072,0.238186,441.145,1063,1028,308,4134306528
tiledb,rank,256,0,warm,random,1024,,,512,3,524.7016120119952,0,0,0,11.023448972,4096,4096,,1.0,,1.0,,,,,,4096,4067,8465408,8294187008,0.153078,0.033179,0.045709,0.01031,0.0075,523.839695,0.00759,0.0,0.0,0.105158,0.158488,412.415917,0.0,0.088999,0.051709,0.125038,0.01544,1030,1030,1028,1,8240,2109440,2109440,1.27246,0.841916,1.82338,311.564,26.6114,0.207297,412.352,1028,1004,298,3933988784
tiledb,rank,256,0,warm,random,1024,,,512,4,532.9802180058323,0,0,0,11.123964135,4096,4096,,1.0,,1.0,,,,,,4096,4060,8522752,8294252544,0.164338,0.033459,0.04137,0.00979,0.006229,532.106872,0.00784,0.0,0.0,0.095149,0.141358,403.649608,0.0,0.090449,0.044579,0.123868,0.01528,1044,1044,1044,1,8352,2138112,2138112,1.22037,0.80491,1.69458,318.732,27.0474,0.197647,403.551,1044,1017,304,4023659816
tiledb,rank,256,0,warm,random,1024,,,512,5,530.3810870391317,0,0,0,11.113829997,4096,4096,,1.0,,1.0,,,,,,4096,4071,8563712,8294219776,0.118589,0.03399,0.042919,0.01032,0.00652,435.092929,0.00877,0.0,0.0,0.104728,0.120368,277.49926,0.0,0.086359,0.046129,94.5224,0.01436,1003,1002,1002,1,8016,2052096,2052096,0.9407559999999999,0.595562,1.38906,203.328,26.321399999999997,0.220407,277.42699999999996,1002,979,295,3778768752
tiledb,rank,256,0,warm,random,1024,,,512,6,527.1115559735335,0,0,0,11.069947946,4096,4096,,1.0,,1.0,,,,,,4096,4062,8565760,8294260736,0.142088,0.03399,0.040829,0.00969,0.00624,526.268758,0.00776,0.0,0.0,0.095918,0.145958,418.648534,0.0,0.086509,0.044539,0.121008,0.01566,1055,1054,1054,1,8432,2158592,2158592,1.2197600000000002,0.8321850000000001,1.74183,317.27,26.2522,0.220877,418.584,1054,1022,306,4005830488
tiledb,rank,256,0,warm,random,1024,,,512,7,537.8613459761254,0,0,0,11.281488198,4096,4096,,1.0,,1.0,,,,,,4095,4065,8539136,8294223872,0.165648,0.0328,0.043299,0.01061,0.00625,536.92538,0.0066,0.0,0.0,0.100178,0.142678,406.978029,0.0,0.091188,0.118678,0.119618,0.01532,1048,1048,1048,1,8384,2146304,2146304,1.1614399999999998,0.801328,1.63787,319.774,29.346500000000002,0.223046,406.904,1048,1014,309,4016842720
tiledb,rank,256,0,warm,random,1024,,,512,8,535.8826050069183,0,0,0,11.278882443,4096,4096,,1.0,,1.0,,,,,,4096,4066,8625152,8294289408,0.183868,0.03404,0.041029,0.00943,0.00716,473.950719,0.00792,0.0,0.0,0.099309,0.129048,333.002712,0.0,0.085839,0.044319,61.176367,0.01587,984,984,984,1,7872,2015232,2015232,0.917566,0.5730419999999999,1.37107,253.633,25.1407,0.226486,332.932,984,953,296,3803415176
tiledb,rank,256,0,warm,random,1024,,,512,9,514.7474599652924,0,0,0,11.059930999999999,4096,4096,,1.0,,1.0,,,,,,4096,4064,8637440,8294346752,0.147618,0.033469,0.04039,0.01929,0.007199,513.881514,0.00801,0.0,0.0,0.093079,0.131498,384.321286,0.0,0.088449,0.052889,0.125938,0.01526,1015,1015,1015,1,8120,2078720,2078720,0.964046,0.626688,1.44205,308.271,28.0013,0.224657,384.258,1015,987,300,3900952088
tiledb,rank,256,0,warm,random,8192,,,512,0,611.9877700111829,0,0,0,16.006107474,32768,32755,,0.999603271484375,,1.0003968859716075,,,,,,32736,30786,67732480,8311934976,0.240837,0.090609,0.035289,0.01335,0.00809,610.213806,0.00895,0.0,0.0,0.237477,0.933546,467.696072,0.0,0.344745,0.05395,0.590591,0.0211,8245,8232,8214,1,65856,16859136,16859136,3.2400599999999997,2.17807,6.11503,323.50800000000004,160.913,2.49783,467.435,8214,6450,401,7831794520
tiledb,rank,256,0,warm,random,8192,,,512,1,626.9958069897257,0,0,0,16.459086361,32768,32756,,0.9996337890625,,1.0003663450970814,,,,,,32741,30768,67911168,8310902784,0.222557,0.093908,0.03546,0.01074,0.008859,625.249893,0.00938,0.0,0.0,0.227147,0.940646,497.122393,0.0,0.344074,0.05524,0.603351,0.022459,8124,8118,8105,1,64944,16625664,16625664,2.9296,2.093,5.79775,320.13399999999996,176.626,2.12025,496.923,8105,6383,402,7767818696
tiledb,rank,256,0,warm,random,8192,,,512,2,622.7670189691707,0,0,0,16.17846089,32768,32755,,0.999603271484375,,1.0003968859716075,,,,,,32742,30831,67993088,8310956032,0.272376,0.092858,0.0362,0.01141,0.00804,620.979265,0.013159,0.0,0.0,0.237986,1.042215,496.885557,0.0,0.344715,0.053709,0.602071,0.022129,8314,8307,8289,1,66456,17012736,17012736,3.41461,2.3857399999999997,6.41658,333.003,203.464,2.09278,496.684,8289,6504,402,7869026352
tiledb,rank,256,0,warm,random,8192,,,512,3,626.9612169708125,0,0,0,16.986683058,32768,32764,,0.9998779296875,,1.0001220852154804,,,,,,32746,30786,67921408,8311013376,0.238747,0.088899,0.035579,0.01072,0.00885,625.221613,0.0085,0.0,0.0,0.28901499999999997,0.895037,472.466772,0.0,0.343364,0.05306,0.600051,0.02129,8112,8104,8091,1,64832,16596992,16596992,2.76183,2.07641,5.59589,337.716,157.989,1.99541,472.267,8091,6377,399,7855916552
tiledb,rank,256,0,warm,random,8192,,,512,4,627.2939220070839,0,0,0,16.755683497,32768,32757,,0.999664306640625,,1.0003358060872485,,,,,,32746,30766,67695616,8311062528,0.203967,0.091998,0.03683,0.01065,0.009089,625.592997,0.00927,0.0,0.0,0.235327,0.922146,473.134101,0.0,0.340805,0.055339,0.584941,0.022899,8187,8179,8162,1,65432,16750592,16750592,3.11998,2.2212,6.10791,354.875,192.258,2.4122700000000004,472.86,8162,6391,404,7871648312
tiledb,rank,256,0,warm,random,8192,,,512,5,637.3109320411459,0,0,0,16.704279821,32768,32755,,0.999603271484375,,1.0003968859716075,,,,,,32745,30774,67773952,8311496704,0.203487,0.091279,0.035859,0.01039,0.0081,635.602318,0.00911,0.0,0.0,0.234656,1.026075,506.040741,0.0,0.343295,0.054339,0.602731,0.02172,8214,8206,8197,1,65648,16805888,16805888,3.52021,2.54972,6.5359,339.747,167.996,2.3713900000000003,505.84,8197,6453,403,7874794664
tiledb,rank,256,0,warm,random,8192,,,512,6,641.0265769809484,0,0,0,16.869583928,32768,32761,,0.999786376953125,,1.0002136686914318,,,,,,32749,30784,67986944,8311152640,0.212777,0.094818,0.03573,0.009689,0.00872,639.244794,0.00871,0.0,0.0,0.223437,0.866237,507.663996,0.0,0.341065,0.127509,0.588391,0.02137,8123,8113,8102,1,64904,16615424,16615424,3.36463,2.49386,6.2687100000000004,347.90500000000003,180.868,2.05144,507.403,8102,6409,404,7894197168
tiledb,rank,256,0,warm,random,8192,,,512,7,626.20302796131,0,0,0,16.732149716,32768,32759,,0.999725341796875,,1.0002747336609787,,,,,,32739,30755,67814912,8311283712,0.242627,0.094259,0.036019,0.00974,0.00729,624.446824,0.00957,0.0,0.0,0.228356,0.946136,497.551508,0.0,0.341905,0.054009,0.608801,0.02191,8209,8197,8179,1,65576,16787456,16787456,3.04347,2.28426,6.066389999999999,325.96799999999996,173.237,2.08763,497.355,8179,6440,401,7875843448
tiledb,rank,256,0,warm,random,8192,,,512,8,617.7758239791729,0,0,0,16.412712399,32768,32760,,0.999755859375,,1.0002442002442002,,,,,,32742,30702,67857920,8311369728,0.223097,0.093738,0.03652,0.009989,0.00903,616.091399,0.00855,0.0,0.0,0.232156,0.948236,488.172278,0.0,0.344135,0.054249,0.551692,0.02175,8176,8166,8150,1,65328,16723968,16723968,3.0867999999999998,2.3893999999999997,6.36015,349.067,182.59,2.00778,487.978,8150,6429,402,7887380072
tiledb,rank,256,0,warm,random,8192,,,512,9,620.4014440299943,0,0,0,16.488834902,32768,32763,,0.999847412109375,,1.0001526111772425,,,,,,32736,30890,67913216,8311918592,0.229956,0.094238,0.03703,0.01066,0.00817,618.64156,0.00926,0.0,0.0,0.24268800000000001,1.069133,489.97133,0.0,0.346455,0.052399,0.61928,0.02249,8293,8289,8272,1,66312,16975872,16975872,3.24076,2.31984,6.335699999999999,340.342,189.49099999999999,2.1703400000000004,489.761,8272,6523,403,7881087368
tiledb,rank,256,0,warm,random,65536,,,512,0,1342.8975560236722,0,0,0,34.652678108,262144,261627,,0.9980278015136719,,1.0019760957393542,,,,,,260583,165439,540722688,8435511296,0.259266,0.089238,0.03812,0.013059,0.01713,1336.161356,0.053209,0.0,0.0,1.286631,6.949246,1252.291957,0.0,2.390944,0.206507,3.164522,0.181238,65873,65324,64261,1,522592,133783552,133783552,12.5289,9.92269,28.5178,318.34499999999997,422.051,16.2334,1251.01,64261,16085,202,8497772360
tiledb,rank,256,0,warm,random,65536,,,512,1,1305.4118949803524,0,0,0,34.14102427,262144,261609,,0.9979591369628906,,1.0020450366768727,,,,,,260581,165709,540540416,8435253248,0.298106,0.087478,0.0405,0.01105,0.016329,1298.637796,0.05754,0.0,0.0,1.484628,6.150168,1208.50366,0.0,2.363095,0.283816,3.137773,0.180597,64997,64493,63493,1,515944,132081664,132081664,15.7399,12.158499999999998,32.8637,327.317,409.127,13.1124,1207.25,63493,16087,183,8509833376
tiledb,rank,256,0,warm,random,65536,,,512,2,1306.8373430287465,0,0,0,35.228184977,262144,261642,,0.9980850219726562,,1.0019186522041568,,,,,,260678,165881,540638208,8435208192,0.258157,0.087159,0.039929,0.0117,0.01666,1300.127474,0.052419,0.0,0.0,1.284661,6.337336,1203.563394,0.0,2.394274,0.205637,3.164403,0.179167,65833,65363,64336,1,522904,133863424,133863424,17.0315,13.1188,35.0524,298.879,475.771,9.385060000000001,1202.31,64336,16120,193,8502491888
tiledb,rank,256,0,warm,random,65536,,,512,3,1312.4593800166622,0,0,0,34.540659094,262144,261637,,0.9980659484863281,,1.0019377993173748,,,,,,260688,165768,540825600,8435376128,0.257066,0.086578,0.03809,0.01121,0.016689,1305.77384,0.122679,0.0,0.0,1.258831,6.460254,1220.177176,0.0,2.395104,0.209077,3.143083,0.182188,65922,65436,64446,1,523488,134012928,134012928,15.7179,12.615,34.3725,343.011,439.76500000000004,11.270199999999999,1218.95,64446,16098,191,8505638240
tiledb,rank,256,0,warm,random,65536,,,512,4,1330.6578880292363,0,0,0,34.776260467,262144,261619,,0.9979972839355469,,1.0020067349848443,,,,,,260580,165843,539924992,8435642368,0.247916,0.085248,0.03856,0.00995,0.016469,1324.008188,0.05347,0.0,0.0,1.254561,7.005806,1224.752098,0.0,2.379694,0.203897,3.132964,0.182347,65555,65063,64038,1,520504,133249024,133249024,16.9892,14.1834,38.4618,284.236,419.55199999999996,14.9655,1223.51,64038,16071,203,8499345536
tiledb,rank,256,0,warm,random,65536,,,512,5,1303.4644839935936,0,0,0,34.086045807000005,262144,261647,,0.9981040954589844,,1.0018995058227307,,,,,,260634,165636,540025856,8436359168,0.283076,0.083689,0.03688,0.011209,0.01643,1296.695415,0.052209,0.0,0.0,1.267611,6.651141,1198.196864,0.0,2.386314,0.276516,3.139774,0.187587,65524,65035,63983,1,520280,133191680,133191680,14.826,12.2388,31.751,281.444,421.107,20.7403,1196.9399999999998,63983,16097,189,8504065064
tiledb,rank,256,0,warm,random,65536,,,512,6,1309.624582005199,0,0,0,33.871247578,262144,261607,,0.9979515075683594,,1.0020526973666606,,,,,,260609,165752,540325888,8437841920,0.283786,0.083159,0.036799,0.01155,0.01667,1236.952126,0.052289,0.0,0.0,1.287111,6.645961,1138.976678,0.0,2.379664,0.205947,69.01726,0.222647,65505,64970,63982,1,519760,133058560,133058560,15.013399999999999,12.539,32.7271,247.5,431.85400000000004,17.0633,1137.74,63982,16109,177,8515077296
tiledb,rank,256,0,warm,random,65536,,,512,7,1315.563422976993,0,0,0,34.355524474999996,262144,261597,,0.9979133605957031,,1.0020910025726595,,,,,,260572,165807,540128256,8436711424,0.304215,0.082859,0.037579,0.01436,0.015509,1308.852424,0.05468,0.0,0.0,1.3076699999999999,6.74019,1219.049913,0.0,2.374895,0.206376,3.149723,0.181837,65454,64925,63933,1,519400,132966400,132966400,17.9876,14.8407,38.4319,248.828,389.433,23.4587,1217.68,63933,16068,207,8493577224
tiledb,rank,256,0,warm,random,65536,,,512,8,1340.04881803412,0,0,0,34.62604647,262144,261629,,0.9980354309082031,,1.0019684362207553,,,,,,260622,165795,540251136,8436649984,0.306735,0.085878,0.03823,0.01055,0.016949,1333.328409,0.057659,0.0,0.0,1.251441,7.084255,1256.422535,0.0,2.387824,0.208517,3.131734,0.182337,65704,65209,64220,1,521672,133548032,133548032,18.0014,15.084999999999999,40.134,255.91199999999998,405.82800000000003,18.6404,1255.18,64220,16072,200,8497772360
tiledb,rank,256,0,warm,random,65536,,,512,9,1299.2956059752032,0,0,0,34.370267676,262144,261633,,0.9980506896972656,,1.0019531175348675,,,,,,260582,166024,540017664,8437178368,0.317555,0.084638,0.03806,0.01137,0.017129,1281.347694,0.05389,0.0,0.0,1.2612519999999998,7.006785,1191.146859,0.0,2.377345,0.207847,14.217078,0.179897,65478,64947,63974,1,519576,133011456,133011456,16.9531,14.1196,38.5812,280.37,429.822,12.1047,1189.88,63974,16074,195,8501967496
tiledb,rank,256,0,warm,window_256,1024,,,512,0,2.5450019747950137,0,0,0,0.013946076,4096,1002,,0.24462890625,,4.087824351297405,,,,,,25,8,12149248,8295075840,0.113769,0.0,0.0,0.00791,0.0,0.00019,0.0,0.0,0.0,0.0,0.0,0.0,0.0,0.0,0.0,2.317656,0.01008,0,0,0,0,0,0,0,0.0,0.0,0.0,0.0,0.0,0.0,0.0,0,0,0,0
tiledb,rank,256,0,warm,window_256,1024,,,512,1,1.919001981150359,0,0,0,0.011004216,4096,1009,,0.246337890625,,4.059464816650149,,,,,,18,8,9511424,8294916096,0.132028,0.03203,0.031529,0.00883,0.00602,1.121793,0.00098,0.0,0.0,0.039289,0.00372,0.762659,0.0,0.01902,0.01843,0.432764,0.00959,1024,251,5,1,2008,514048,514048,0.253616,0.16677799999999998,0.300165,0.233546,0.098979,0.02985,0.7425790000000001,5,2,1,1048784
tiledb,rank,256,0,warm,window_256,1024,,,512,2,1.6325560281984508,0,0,0,0.011517574,4096,1007,,0.245849609375,,4.067527308838133,,,,,,20,8,6859264,8294748160,0.126778,0.031509,0.03226,0.00852,0.006109,1.145483,0.00138,0.0,0.0,0.02997,0.00294,0.806588,0.0,0.02122,0.01971,0.133398,0.01097,1024,252,5,1,2016,516096,516096,0.266026,0.185839,0.30726499999999995,0.230577,0.14657799999999999,0.033809,0.789008,5,2,1,1048784
tiledb,rank,256,0,warm,window_256,1024,,,512,3,2.1087389905005693,0,0,0,0.01281818,4096,1010,,0.24658203125,,4.0554455445544555,,,,,,18,8,9513472,8294719488,0.095989,0.031929,0.03011,0.008589,0.00605,1.579657,0.00459,0.0,0.0,0.03258,0.00372,1.200132,0.0,0.030989,0.02351,0.178977,0.01065,2048,505,9,1,4040,1034240,1034240,0.359345,0.24762599999999999,0.407504,0.37092499999999995,0.26096600000000003,0.036799,1.18159,9,4,2,2097568
tiledb,rank,256,0,warm,window_256,1024,,,512,4,1.9194420310668647,0,0,0,0.01097082,4096,1007,,0.245849609375,,4.067527308838133,,,,,,20,8,9519616,8294674432,0.092669,0.031889,0.0286,0.00834,0.00682,1.038094,0.00111,0.0,0.0,0.028639,0.00422,0.732549,0.0,0.02115,0.020809,0.550492,0.0098,1024,251,6,1,2008,514048,514048,0.204537,0.129248,0.241946,0.244887,0.100469,0.038349,0.714009,6,2,1,1048784
tiledb,rank,256,0,warm,window_256,1024,,,512,5,2.18814704567194,0,0,0,0.014433544,4096,1009,,0.246337890625,,4.059464816650149,,,,,,19,8,9515520,8294653952,0.154648,0.032039,0.02894,0.00838,0.00605,1.620175,0.004999,0.0,0.0,0.02607,0.00479,1.225922,0.0,0.03051,0.02334,0.173027,0.01078,2048,503,11,1,4024,1030144,1030144,0.373784,0.25828599999999996,0.432533,0.356515,0.250186,0.048449000000000006,1.20673,11,4,2,2097568
tiledb,rank,256,0,warm,window_256,1024,,,512,6,2.0579600241035223,0,0,0,0.011858704999999999,4096,1006,,0.24560546875,,4.071570576540755,,,,,,22,8,9505280,8294604800,0.099118,0.031549,0.02806,0.00828,0.00689,1.107803,0.00129,0.0,0.0,0.025069,0.0028,0.814208,0.0,0.02092,0.019189,0.614901,0.01078,1024,252,5,1,2016,516096,516096,0.24774600000000002,0.153707,0.290236,0.259196,0.135618,0.038439,0.796808,5,2,1,1048784
tiledb,rank,256,0,warm,window_256,1024,,,512,7,2.4828630266711116,0,0,0,0.013949445999999999,4096,1012,,0.2470703125,,4.047430830039525,,,,,,16,8,12173824,8294592512,0.124628,0.0,0.0,0.0076,0.0,0.00015,0.0,0.0,0.0,0.0,0.0,0.0,0.0,0.0,0.0,2.267676,0.01023,0,0,0,0,0,0,0,0.0,0.0,0.0,0.0,0.0,0.0,0.0,0,0,0,0
tiledb,rank,256,0,warm,window_256,1024,,,512,8,2.449813997372985,0,0,0,0.014309991000000001,4096,1008,,0.24609375,,4.063492063492063,,,,,,19,8,12163584,8294522880,0.100288,0.031669,0.02792,0.00848,0.00596,1.000905,0.00121,0.0,0.0,0.024679,0.00254,0.728979,0.0,0.021519,0.01926,1.112083,0.01096,1024,253,4,1,2024,518144,518144,0.180567,0.102507,0.218147,0.247936,0.133008,0.038718999999999996,0.711949,4,2,1,1048784
tiledb,rank,256,0,warm,window_256,1024,,,512,9,1.8113229889422655,0,0,0,0.011068062,4096,1006,,0.24560546875,,4.071570576540755,,,,,,22,8,9507328,8294498304,0.134858,0.03106,0.02777,0.007819,0.00599,0.990705,0.00103,0.0,0.0,0.025769999999999998,0.00288,0.694019,0.0,0.02112,0.02023,0.463973,0.01102,1024,252,5,1,2016,516096,516096,0.216996,0.148757,0.251386,0.232017,0.091579,0.02756,0.67616,5,2,1,1048784
tiledb,rank,256,0,warm,window_256,8192,,,512,0,2.3981949780136347,0,0,0,0.012343919,32768,1024,,0.03125,,32.0,,,,,,4,8,68878848,8294821888,0.169937,0.086799,0.026679,0.00797,0.00722,0.809288,0.00135,0.0,0.0,0.023870000000000002,0.00182,0.536342,0.0,0.02191,0.027519,1.129033,0.01735,8192,256,1,1,2048,524288,524288,0.058329,0.0396,0.093699,0.230457,0.10822799999999999,0.02715,0.519903,1,2,1,1048784
tiledb,rank,256,0,warm,window_256,8192,,,512,1,5.159213033039123,0,0,0,0.018152456,32768,1024,,0.03125,,32.0,,,,,,4,8,68878848,8295034880,0.167847,0.087769,0.029029,0.00812,0.00614,1.196942,0.00132,0.0,0.0,0.02404,0.00234,0.822667,0.0,0.03085,0.031329,3.473118,0.01671,16384,512,2,1,4096,1048576,1048576,0.143228,0.097638,0.181968,0.333385,0.157198,0.039899,0.805998,2,4,2,2097568
tiledb,rank,256,0,warm,window_256,8192,,,512,2,2.4026339524425566,0,0,0,0.011867042000000001,32768,1024,,0.03125,,32.0,,,,,,4,8,68878848,8294883328,0.183807,0.0,0.0,0.00797,0.0,0.00023,0.0,0.0,0.0,0.0,0.0,0.0,0.0,0.0,0.0,2.112108,0.01635,0,0,0,0,0,0,0,0.0,0.0,0.0,0.0,0.0,0.0,0.0,0,0,0,0
tiledb,rank,256,0,warm,window_256,8192,,,512,3,2.8660870157182217,0,0,0,0.014087413,32768,1024,,0.03125,,32.0,,,,,,4,8,68878848,8295010304,0.162507,0.087159,0.027169,0.00862,0.00607,1.222822,0.00379,0.0,0.0,0.024839999999999997,0.00242,0.865897,0.0,0.031169,0.03361,1.152723,0.017309,16384,512,2,1,4096,1048576,1048576,0.164218,0.117078,0.208187,0.25624600000000003,0.23982699999999998,0.039779,0.848758,2,4,2,2097568
tiledb,rank,256,0,warm,window_256,8192,,,512,4,2.531862002797425,0,0,0,0.013110413,32768,1024,,0.03125,,32.0,,,,,,4,8,68878848,8294854656,0.164228,0.087469,0.02678,0.0083,0.00616,0.905666,0.00113,0.0,0.0,0.024709000000000002,0.00176,0.623351,0.0,0.02187,0.027079,1.154273,0.01655,8192,256,1,1,2048,524288,524288,0.07260899999999999,0.050809,0.107068,0.24693600000000002,0.134428,0.044678999999999996,0.605641,1,2,1,1048784
tiledb,rank,256,0,warm,window_256,8192,,,512,5,3.247042011935264,0,0,0,0.015516643,32768,1024,,0.03125,,32.0,,,,,,4,8,68878848,8294850560,0.218947,0.087168,0.03,0.00809,0.00695,1.376519,0.00427,0.0,0.0,0.025469,0.00234,1.017435,0.0,0.03034,0.031759,1.147403,0.0169,16384,512,2,1,4096,1048576,1048576,0.159638,0.112398,0.21223699999999998,0.429023,0.227207,0.034039,0.9990349999999999,2,4,2,2097568
tiledb,rank,256,0,warm,window_256,8192,,,512,6,2.908647002186626,0,0,0,0.014297266,32768,1024,,0.03125,,32.0,,,,,,4,8,86508032,8294981632,0.159228,0.085848,0.02732,0.00809,0.00625,0.893336,0.00095,0.0,0.0,0.024269,0.0018,0.625191,0.0,0.02419,0.027009,1.549207,0.01705,8192,256,1,1,2048,524288,524288,0.070839,0.045148999999999995,0.106018,0.24399600000000002,0.14455800000000002,0.047419,0.607061,1,2,1,1048784
tiledb,rank,256,0,warm,window_256,8192,,,512,7,3.5748369991779327,0,0,0,0.017299817000000002,32768,1024,,0.03125,,32.0,,,,,,4,8,86508032,8294961152,0.158618,0.074598,0.02883,0.00839,0.00605,1.659115,0.00197,0.0,0.0,0.024239,0.00247,1.156613,0.0,0.042079,0.03541,1.433328,0.0165,24576,768,3,1,6144,1572864,1572864,0.229267,0.151427,0.26550599999999996,0.47472299999999995,0.207047,0.057529,1.13945,3,6,3,3146352
tiledb,rank,256,0,warm,window_256,8192,,,512,8,2.704259008169174,0,0,0,0.01491988,32768,1024,,0.03125,,32.0,,,,,,4,8,68878848,8294821888,0.161817,0.085199,0.029189,0.00826,0.00697,1.33009,0.00387,0.0,0.0,0.02419,0.00231,0.932336,0.0,0.03148,0.032389,0.890607,0.01633,16384,512,2,1,4096,1048576,1048576,0.135548,0.09050899999999999,0.16369799999999998,0.361554,0.249737,0.041379,0.9139470000000001,2,4,2,2097568
tiledb,rank,256,0,warm,window_256,8192,,,512,9,2.2692159982398152,0,0,0,0.01305881,32768,1024,,0.03125,,32.0,,,,,,4,8,51249664,8294653952,0.171247,0.087589,0.02633,0.008179,0.0061,0.940756,0.00099,0.0,0.0,0.02464,0.00174,0.64868,0.0,0.02069,0.02683,0.847348,0.01701,8192,256,1,1,2048,524288,524288,0.06418900000000001,0.03961,0.097378,0.277936,0.13470800000000002,0.036649,0.6305599999999999,1,2,1,1048784
tiledb,rank,256,0,warm,window_256,65536,,,512,0,11.16940297652036,0,0,0,0.047862246,262144,1024,,0.00390625,,256.0,,,,,,4,8,822683648,8294957056,0.166937,0.0,0.0,0.0082,0.0,0.00023,0.0,0.0,0.0,0.0,0.0,0.0,0.0,0.0,0.0,10.72652,0.171677,0,0,0,0,0,0,0,0.0,0.0,0.0,0.0,0.0,0.0,0.0,0,0,0,0
tiledb,rank,256,0,warm,window_256,65536,,,512,1,9.022665035445243,0,0,0,0.034676381,262144,1024,,0.00390625,,256.0,,,,,,4,8,545830912,8295940096,0.181127,0.076519,0.02953,0.008179,0.00616,0.847988,0.00145,0.0,0.0,0.02423,0.00178,0.558512,0.0,0.021749,0.084159,7.477068,0.175418,65536,256,1,1,2048,524288,524288,0.06497900000000001,0.04536,0.096768,0.21362599999999998,0.118769,0.04384,0.540952,1,2,1,1048784
tiledb,rank,256,0,warm,window_256,65536,,,512,2,10.924035974312574,0,0,0,0.037326569000000004,262144,1024,,0.00390625,,256.0,,,,,,4,8,545830912,8295923712,0.186167,0.084048,0.02923,0.00845,0.00715,1.245341,0.0045,0.0,0.0,0.023729,0.00242,0.860767,0.0,0.02914,0.174887,8.865488,0.179917,131072,512,2,1,4096,1048576,1048576,0.153548,0.111098,0.202147,0.29901500000000003,0.215677,0.03429,0.842957,2,4,2,2097568
tiledb,rank,256,0,warm,window_256,65536,,,512,3,10.403884982224554,0,0,0,0.038449549,262144,1024,,0.00390625,,256.0,,,,,,4,8,545830912,8295907328,0.183577,0.084809,0.028529,0.00812,0.0071,1.133413,0.00442,0.0,0.0,0.024429,0.00234,0.807218,0.0,0.0312,0.176677,8.458634,0.181497,131072,512,2,1,4096,1048576,1048576,0.16855799999999999,0.113328,0.204097,0.255336,0.178627,0.03952,0.790708,2,4,2,2097568
tiledb,rank,256,0,warm,window_256,65536,,,512,4,9.39926999853924,0,0,0,0.039717808,262144,1024,,0.00390625,,256.0,,,,,,4,8,545830912,8296951808,0.185437,0.084129,0.028199,0.00814,0.00692,1.261281,0.00481,0.0,0.0,0.023459999999999998,0.00228,0.881506,0.0,0.03132,0.178717,7.324751,0.179127,131072,512,2,1,4096,1048576,1048576,0.10488900000000001,0.05722,0.13877799999999998,0.307656,0.299255,0.02853,0.863837,2,4,2,2097568
tiledb,rank,256,0,warm,window_256,65536,,,512,5,8.112939016427845,0,0,0,0.032162816999999996,262144,1024,,0.00390625,,256.0,,,,,,4,8,545830912,8295895040,0.175027,0.076149,0.0275,0.0082,0.006169,0.833308,0.00126,0.0,0.0,0.024640000000000002,0.0019,0.543042,0.0,0.0222,0.087298,6.590992,0.176127,65536,256,1,1,2048,524288,524288,0.054379000000000004,0.035139,0.092748,0.209027,0.099689,0.042409,0.5260119999999999,1,2,1,1048784
tiledb,rank,256,0,warm,window_256,65536,,,512,6,10.883408016525209,0,0,0,0.035251409,262144,1024,,0.00390625,,256.0,,,,,,4,8,545830912,8295895040,0.180317,0.083898,0.02832,0.00812,0.00697,1.166262,0.00402,0.0,0.0,0.024439000000000002,0.00231,0.828118,0.0,0.0311,0.176787,8.910787,0.178087,131072,512,2,1,4096,1048576,1048576,0.09730899999999999,0.040380000000000006,0.138748,0.364774,0.175708,0.036749,0.810758,2,4,2,2097568
tiledb,rank,256,0,warm,window_256,65536,,,512,7,10.936897015199065,0,0,0,0.037730969,262144,1024,,0.00390625,,256.0,,,,,,4,8,545830912,8295882752,0.211227,0.085539,0.030409,0.00792,0.00718,1.162473,0.00534,0.0,0.0,0.02598,0.002459,0.812098,0.0,0.032229,0.179097,8.949327,0.176907,131072,512,2,1,4096,1048576,1048576,0.14506799999999997,0.080389,0.184687,0.277696,0.179147,0.042910000000000004,0.794468,2,4,2,2097568
tiledb,rank,256,0,warm,window_256,65536,,,512,8,7.591355999466032,0,0,0,0.032770708,262144,1024,,0.00390625,,256.0,,,,,,4,8,545830912,8295870464,0.175697,0.075399,0.027379,0.00784,0.006,0.793838,0.00088,0.0,0.0,0.02484,0.00199,0.529612,0.0,0.0237,0.084479,6.106818,0.177858,65536,256,1,1,2048,524288,524288,0.03452,0.01582,0.072339,0.214087,0.086518,0.033139999999999996,0.5124230000000001,1,2,1,1048784
tiledb,rank,256,0,warm,window_256,65536,,,512,9,7.886163017246872,0,0,0,0.035109072,262144,1024,,0.00390625,,256.0,,,,,,4,8,545830912,8296910848,0.191297,0.083069,0.027509,0.00839,0.00474,1.192282,0.00421,0.0,0.0,0.024759999999999997,0.00233,0.837467,0.0,0.02921,0.178737,5.884332,0.168468,131072,512,2,1,4096,1048576,1048576,0.126628,0.092399,0.17546799999999999,0.354314,0.154028,0.047059,0.820068,2,4,2,2097568
tiledb,rank,256,0,warm,window_4096,1024,,,512,0,8.567302022129297,0,0,0,0.061321505,4096,3596,,0.8779296875,,1.139043381535039,,,,,,2785,68,12175872,8297132032,0.146108,0.03114,0.027919,0.00847,0.007,5.666565,0.00704,0.0,0.0,0.050249,0.089689,4.273216,0.0,0.04552,0.020399,2.504803,0.0109,1024,893,692,1,7144,1828864,1828864,0.857987,0.542238,1.1256599999999999,1.845,1.0062,0.050479,4.23025,692,17,1,8914664
tiledb,rank,256,0,warm,window_4096,1024,,,512,1,8.359175990335643,0,0,0,0.062931291,4096,3616,,0.8828125,,1.1327433628318584,,,,,,2840,68,12222976,8296194048,0.130188,0.03351,0.029289,0.00881,0.00687,7.737485,0.00723,0.0,0.0,0.07338900000000001,0.181737,5.39778,0.0,0.082498,0.02528,0.181447,0.01117,2048,1828,1424,1,14624,3743744,3743744,0.905027,0.557023,1.30001,2.78415,0.8837969999999999,0.096569,5.33899,1424,34,2,17829328
tiledb,rank,256,0,warm,window_4096,1024,,,512,2,10.020231013186276,0,0,0,0.065648107,4096,3608,,0.880859375,,1.1352549889135255,,,,,,2822,68,12173824,8296468480,0.127209,0.03133,0.028119,0.00804,0.00611,4.906447,0.00298,0.0,0.0,0.04969,0.092508,3.605676,0.0,0.045449,0.02032,4.732029,0.01124,1024,896,732,1,7168,1835008,1835008,0.67618,0.436424,0.916817,1.84329,0.561272,0.059479,3.5653099999999998,732,17,1,8914664
tiledb,rank,256,0,warm,window_4096,1024,,,512,3,10.023079987149686,0,0,0,0.07099852,4096,3621,,0.884033203125,,1.1311792322562828,,,,,,2839,67,12182016,8296103936,0.097568,0.032849,0.02887,0.00835,0.00695,9.440589,0.00336,0.0,0.0,0.13627699999999998,0.189058,6.556622,0.0,0.077999,0.024459,0.179917,0.0106,2048,1808,1414,1,14464,3702784,3702784,1.02841,0.667618,1.52994,2.8365299999999998,1.69297,0.09350900000000001,6.50602,1414,34,2,17829328
tiledb,rank,256,0,warm,window_4096,1024,,,512,4,11.736854969058186,0,0,0,0.077667012,4096,3607,,0.880615234375,,1.1355697255336845,,,,,,2841,67,16908800,8296345600,0.095628,0.03163,0.029169,0.00812,0.00694,5.325691,0.01017,0.0,0.0,0.04609,0.089838,4.01595,0.0,0.045669,0.02002,6.020241,0.01109,1024,892,720,1,7136,1826816,1826816,0.785298,0.488111,1.0338100000000001,1.67552,0.979235,0.062179000000000005,3.97334,720,17,1,8914664
tiledb,rank,256,0,warm,window_4096,1024,,,512,5,9.784694004338235,0,0,0,0.077248783,4096,3641,,0.888916015625,,1.1249656687723153,,,,,,2810,68,12231168,8296304640,0.096608,0.03268,0.027829,0.00834,0.00687,9.207013,0.00846,0.0,0.0,0.069159,0.180877,6.73548,0.0,0.079688,0.02439,0.173227,0.0106,2048,1832,1413,1,14656,3751936,3751936,1.00399,0.669929,1.50906,2.78851,1.91299,0.093999,6.6641,1413,34,2,17829328
tiledb,rank,256,0,warm,window_4096,1024,,,512,6,8.662371023092419,0,0,0,0.060690726,4096,3622,,0.88427734375,,1.1308669243511873,,,,,,2835,68,12198400,8296255488,0.149477,0.0324,0.028829,0.00786,0.00599,4.744569,0.007,0.0,0.0,0.04746,0.096898,3.424199,0.0,0.047379,0.02164,3.510598,0.010839,1024,900,706,1,7200,1843200,1843200,0.6665,0.408054,0.902546,1.69626,0.501112,0.059218999999999994,3.35311,706,17,1,8914664
tiledb,rank,256,0,warm,window_4096,1024,,,512,7,11.095385008957237,0,0,0,0.068297552,4096,3640,,0.888671875,,1.1252747252747253,,,,,,2834,68,16908800,8296497152,0.099499,0.031719,0.03004,0.00834,0.00623,4.64589,0.005799,0.0,0.0,0.03954,0.091649,3.448518,0.0,0.04684,0.020409,6.07032,0.012259,1024,912,704,1,7296,1867776,1867776,0.658281,0.389993,0.878097,1.73233,0.538902,0.048659999999999995,3.3764200000000004,704,17,1,8914664
tiledb,rank,256,0,warm,window_4096,1024,,,512,8,6.068409013096243,0,0,0,0.051086536,4096,3636,,0.8876953125,,1.1265126512651265,,,,,,2812,67,8231424,8295530496,0.127308,0.031399,0.02917,0.00809,0.00621,5.635856,0.00609,0.0,0.0,0.052808,0.097979,4.228457,0.0,0.046229,0.0206,0.054899,0.00993,1024,923,720,1,7384,1890304,1890304,0.687309,0.440445,1.04664,1.90731,0.941096,0.062019000000000005,4.183669999999999,720,17,1,8914664
tiledb,rank,256,0,warm,window_4096,1024,,,512,9,8.422365004662424,0,0,0,0.061936203,4096,3644,,0.8896484375,,1.12403951701427,,,,,,2842,67,12229120,8295837696,0.094778,0.032689,0.02801,0.00886,0.00632,7.849903,0.00879,0.0,0.0,0.07672799999999999,0.180708,5.678655,0.0,0.079028,0.02446,0.172227,0.01056,2048,1831,1424,1,14648,3749888,3749888,0.895536,0.57157,1.33339,2.95585,0.956745,0.09533900000000001,5.6145,1424,34,2,17829328
tiledb,rank,256,0,warm,window_4096,8192,,,512,0,9.551147988531739,0,0,0,0.064306005,32768,14167,,0.432342529296875,,2.3129808710383286,,,,,,1951,68,82389504,8296271872,0.194947,0.0,0.0,0.01489,0.0,0.00024,0.0,0.0,0.0,0.0,0.0,0.0,0.0,0.0,0.0,9.227472,0.01705,0,0,0,0,0,0,0,0.0,0.0,0.0,0.0,0.0,0.0,0.0,0,0,0,0
tiledb,rank,256,0,warm,window_4096,8192,,,512,1,8.41719500022009,0,0,0,0.059779654,32768,14213,,0.433746337890625,,2.3054949693942164,,,,,,1879,68,82379264,8296181760,0.157228,0.0,0.0,0.007959,0.0,0.0002,0.0,0.0,0.0,0.0,0.0,0.0,0.0,0.0,0.0,8.137669,0.01704,0,0,0,0,0,0,0,0.0,0.0,0.0,0.0,0.0,0.0,0.0,0,0,0,0
tiledb,rank,256,0,warm,window_4096,8192,,,512,2,9.593777009285986,0,0,0,0.070456995,32768,14204,,0.4334716796875,,2.3069557871022246,,,,,,1906,68,82356736,8296488960,0.201567,0.087728,0.02914,0.00876,0.00764,7.669275,0.027189,0.0,0.0,0.05391,0.120958,5.36138,0.0,0.281856,0.0346,1.149162,0.0167,16384,7093,953,1,56744,14526464,14526464,0.722529,0.46415300000000004,1.0287,2.7708199999999996,0.950296,0.26470699999999997,5.31403,953,34,2,17829328
tiledb,rank,256,0,warm,window_4096,8192,,,512,3,9.660036012064666,0,0,0,0.064964932,32768,14142,,0.43157958984375,,2.317069721397256,,,,,,1925,68,82248192,8296132608,0.164088,0.090139,0.02931,0.008619,0.00734,7.721665,0.02432,0.0,0.0,0.044408,0.122159,5.564267,0.0,0.292016,0.031819,1.182162,0.01716,16384,7040,985,1,56320,14417920,14417920,0.741309,0.485824,1.06802,2.9704699999999997,0.973346,0.258496,5.52056,985,34,3,17829328
tiledb,rank,256,0,warm,window_4096,8192,,,512,4,8.435474010184407,0,0,0,0.059080793000000006,32768,14161,,0.432159423828125,,2.3139608784690346,,,,,,1941,68,82276864,8296120320,0.158627,0.0,0.0,0.00818,0.0,0.00023,0.0,0.0,0.0,0.0,0.0,0.0,0.0,0.0,0.0,8.154859,0.016309,0,0,0,0,0,0,0,0.0,0.0,0.0,0.0,0.0,0.0,0.0,0,0,0,0
tiledb,rank,256,0,warm,window_4096,8192,,,512,5,6.926967005711049,0,0,0,0.058452022,32768,14159,,0.432098388671875,,2.3142877321844764,,,,,,1930,68,58024448,8295665664,0.158458,0.091309,0.02669,0.0083,0.007079,4.865208,0.00477,0.0,0.0,0.03511,0.061249,3.579777,0.0,0.140208,0.029309,1.470738,0.01527,8192,3564,467,1,28512,7299072,7299072,0.553172,0.353205,0.69945,1.78941,0.6053109999999999,0.23641600000000002,3.52461,467,17,1,8914664
tiledb,rank,256,0,warm,window_4096,8192,,,512,6,11.9900309946388,0,0,0,0.075832752,32768,14144,,0.431640625,,2.316742081447964,,,,,,1913,68,106686976,8296607744,0.171668,0.075379,0.02767,0.00916,0.008739,9.682606,0.03606,0.0,0.0,0.066008,0.174158,6.400574,0.0,0.394544,0.043159,1.439539,0.017789,24576,10621,1426,1,84968,21751808,21751808,0.927476,0.56532,1.35443,2.9901,1.34337,0.243437,6.33477,1426,51,3,26743992
tiledb,rank,256,0,warm,window_4096,8192,,,512,7,7.228002010378987,0,0,0,0.064104791,32768,14119,,0.430877685546875,,2.3208442524258093,,,,,,1959,68,57993728,8295677952,0.161187,0.089359,0.026369,0.00849,0.00694,5.774234,0.00475,0.0,0.0,0.035390000000000005,0.069419,4.03747,0.0,0.139518,0.027719,0.861377,0.01652,8192,3504,519,1,28032,7176192,7176192,0.66586,0.42200400000000005,0.844247,1.9996900000000002,0.70022,0.246516,4.00447,519,17,1,8914664
tiledb,rank,256,0,warm,window_4096,8192,,,512,8,9.075605019461364,0,0,0,0.058026446,32768,14169,,0.432403564453125,,2.312654386336368,,,,,,1899,68,82315776,8296124416,0.156208,0.0,0.0,0.007829,0.0,0.00025,0.0,0.0,0.0,0.0,0.0,0.0,0.0,0.0,0.0,8.797949,0.0167,0,0,0,0,0,0,0,0.0,0.0,0.0,0.0,0.0,0.0,0.0,0,0,0,0
tiledb,rank,256,0,warm,window_4096,8192,,,512,9,9.73033404443413,0,0,0,0.064517363,32768,14168,,0.432373046875,,2.312817617165443,,,,,,1908,68,82338304,8296112128,0.172498,0.089848,0.02913,0.00859,0.00717,7.775704,0.0072,0.0,0.0,0.05257,0.124318,5.550377,0.0,0.267026,0.031859,1.206472,0.01696,16384,7084,943,1,56672,14508032,14508032,0.727319,0.46734400000000004,1.04269,2.95107,1.01647,0.218577,5.51263,943,34,2,17829328
tiledb,rank,256,0,warm,window_4096,65536,,,512,0,17.07550504943356,0,0,0,0.095195218,262144,16384,,0.0625,,16.0,,,,,,4,68,559415808,8295780352,0.194057,0.085299,0.028429,0.0085,0.01138,6.67886,0.03032,0.0,0.0,0.025429,0.00444,4.594392,0.0,0.306796,0.197357,9.277021,0.172628,131072,8192,2,1,65536,16777216,16777216,0.098088,0.06526799999999999,0.150258,2.83476,0.9419460000000001,0.434223,4.57692,2,34,2,17829328
tiledb,rank,256,0,warm,window_4096,65536,,,512,1,12.556162953842431,0,0,0,0.074038458,262144,16384,,0.0625,,16.0,,,,,,4,68,414188032,8295473152,0.199327,0.078329,0.030439,0.00824,0.0076,4.949006,0.00457,0.0,0.0,0.027339000000000002,0.00377,3.310331,0.0,0.160818,0.096888,6.72872,0.181507,65536,4096,1,1,32768,8388608,8388608,0.048889,0.02804,0.089739,2.00977,0.866847,0.173488,3.29351,1,17,1,8914664
tiledb,rank,256,0,warm,window_4096,65536,,,512,2,16.780009027570486,0,0,0,0.081709668,262144,16384,,0.0625,,16.0,,,,,,4,68,559415808,8296726528,0.189747,0.084788,0.03413,0.0083,0.00811,6.997275,0.028479,0.0,0.0,0.02503,0.00447,4.838308,0.0,0.306426,0.197427,8.66155,0.177248,131072,8192,2,1,65536,16777216,16777216,0.136008,0.089039,0.176958,3.21206,0.948466,0.29325500000000004,4.82168,2,34,2,17829328
tiledb,rank,256,0,warm,window_4096,65536,,,512,3,14.6313919685781,0,0,0,0.071534428,262144,16384,,0.0625,,16.0,,,,,,4,68,559415808,8296857600,0.181217,0.077719,0.02818,0.008539,0.00769,3.704105,0.00489,0.0,0.0,0.026350000000000002,0.00299,2.728279,0.0,0.160678,0.095268,10.08701,0.164617,65536,4096,1,1,32768,8388608,8388608,0.02945,0.01149,0.08241899999999999,1.70448,0.510142,0.232926,2.7056,1,17,1,8914664
tiledb,rank,256,0,warm,window_4096,65536,,,512,4,17.363630991894752,0,0,0,0.083019782,262144,16384,,0.0625,,16.0,,,,,,4,68,559415808,8296714240,0.187068,0.085889,0.02834,0.00837,0.007869,7.279212,0.00817,0.0,0.0,0.02653,0.00428,5.35541,0.0,0.307885,0.198307,8.966776,0.177958,131072,8192,2,1,65536,16777216,16777216,0.116608,0.08208900000000001,0.163077,3.08146,1.63506,0.268756,5.33827,2,34,2,17829328
tiledb,rank,256,0,warm,window_4096,65536,,,512,5,16.973787045571953,0,0,0,0.081532116,262144,16384,,0.0625,,16.0,,,,,,4,68,559415808,8296714240,0.186898,0.085279,0.02835,0.00833,0.007489,6.926347,0.0079,0.0,0.0,0.026260000000000002,0.00423,5.000535,0.0,0.314525,0.198467,8.922727,0.178117,131072,8192,2,1,65536,16777216,16777216,0.125988,0.090829,0.166707,2.73042,1.62264,0.248856,4.98346,2,34,2,17829328
tiledb,rank,256,0,warm,window_4096,65536,,,512,6,16.885327990166843,0,0,0,0.080351316,262144,16384,,0.0625,,16.0,,,,,,4,68,559415808,8296706048,0.185457,0.086009,0.029029,0.00821,0.00774,7.003805,0.00765,0.0,0.0,0.025249,0.00437,5.327431,0.0,0.306956,0.198447,8.763689,0.176987,131072,8192,2,1,65536,16777216,16777216,0.126328,0.085058,0.18020699999999998,3.05599,1.58756,0.295556,5.31039,2,34,2,17829328
tiledb,rank,256,0,warm,window_4096,65536,,,512,7,16.38948597246781,0,0,0,0.0831893,262144,16384,,0.0625,,16.0,,,,,,4,68,559415808,8296701952,0.192547,0.084499,0.02993,0.00863,0.008039,6.297957,0.0298,0.0,0.0,0.02353,0.00415,4.474633,0.0,0.306685,0.197287,8.972356,0.176947,131072,8192,2,1,65536,16777216,16777216,0.146348,0.10074899999999999,0.204917,2.7239,0.9551660000000001,0.343735,4.45794,2,34,2,17829328
tiledb,rank,256,0,warm,window_4096,65536,,,512,8,13.714906002860516,0,0,0,0.068590437,262144,16384,,0.0625,,16.0,,,,,,4,68,559415808,8296693760,0.185107,0.077599,0.02962,0.008349,0.00709,3.731415,0.0044,0.0,0.0,0.024900000000000002,0.00317,2.6975,0.0,0.161197,0.094859,9.136833,0.167848,65536,4096,1,1,32768,8388608,8388608,0.087148,0.062609,0.12411799999999999,1.67914,0.49024300000000004,0.228626,2.68076,1,17,1,8914664
tiledb,rank,256,0,warm,window_4096,65536,,,512,9,17.28773204376921,0,0,0,0.091662413,262144,16384,,0.0625,,16.0,,,,,,4,68,559415808,8296681472,0.200177,0.086559,0.0301,0.00821,0.008009,7.490939,0.02996,0.0,0.0,0.028739999999999998,0.005569,5.695975,0.0,0.308095,0.197197,8.677031,0.176527,131072,8192,2,1,65536,16777216,16777216,0.144968,0.06645899999999999,0.206187,3.12618,1.85359,0.263716,5.67767,2,34,2,17829328
tiledb,rank,256,0,warm,window_65536,1024,,,512,0,77.19351898413152,0,0,0,0.708921789,4096,4062,,0.99169921875,,1.0083702609551946,,,,,,4010,1007,12646912,8297443328,0.175998,0.034769,0.040499,0.01197,0.00772,76.184454,0.00377,0.0,0.0,0.113109,0.254696,50.660374,0.0,0.117668,0.045839,0.216396,0.01561,2048,2035,2010,1,16280,4167680,4167680,1.12494,0.782977,1.7414500000000002,33.0565,13.1106,0.178378,50.5336,2010,503,8,266391136
tiledb,rank,256,0,warm,window_65536,1024,,,512,1,64.72270400263369,0,0,0,0.655190069,4096,4056,,0.990234375,,1.009861932938856,,,,,,3995,1012,12636672,8297922560,0.124368,0.03512,0.042959,0.01169,0.00733,63.817938,0.016339,0.0,0.0,0.129699,0.252956,38.958669,0.0,0.120148,0.049039,0.160028,0.01662,2048,2030,2005,1,16240,4157440,4157440,1.092,0.731298,1.7532400000000001,23.3078,11.3361,0.184518,38.8495,2005,506,7,266915528
tiledb,rank,256,0,warm,window_65536,1024,,,512,2,99.80475099291652,0,0,0,0.765619072,4096,4066,,0.99267578125,,1.0073782587309394,,,,,,4000,1016,16908800,8298360832,0.117888,0.034359,0.04602,0.010459,0.00728,38.566555,0.00727,0.0,0.0,0.100139,0.130038,23.798415,0.0,0.081369,0.044429,60.556727,0.01779,1024,1016,1004,1,8128,2080768,2080768,0.706969,0.43846500000000005,0.9993949999999999,15.808699999999998,5.7660100000000005,0.111588,23.7333,1004,254,3,133195568
tiledb,rank,256,0,warm,window_65536,1024,,,512,3,65.57979201897979,0,0,0,0.643948092,4096,4061,,0.991455078125,,1.0086185668554544,,,,,,4014,1004,12636672,8298434560,0.160468,0.034439,0.04032,0.009909,0.00735,64.591537,0.01531,0.0,0.0,0.132978,0.242316,38.410127,0.0,0.119468,0.046569,0.217407,0.01597,2048,2030,2004,1,16240,4157440,4157440,1.17927,0.7852300000000001,1.7592,21.3037,12.974599999999999,0.185048,38.317499999999995,2004,499,9,264817960
tiledb,rank,256,0,warm,window_65536,1024,,,512,4,81.6395619767718,0,0,0,0.748401334,4096,4063,,0.991943359375,,1.008122077282796,,,,,,3989,1005,12651008,8297959424,0.163548,0.0,0.0,0.00841,0.0,0.00063,0.0,0.0,0.0,0.0,0.0,0.0,0.0,0.0,0.0,81.274267,0.01792,0,0,0,0,0,0,0,0.0,0.0,0.0,0.0,0.0,0.0,0.0,0,0,0,0
tiledb,rank,256,0,warm,window_65536,1024,,,512,5,68.21919296635315,0,0,0,0.642730514,4096,4066,,0.99267578125,,1.0073782587309394,,,,,,3991,1014,12640768,8297910272,0.285366,0.034889,0.042219,0.00862,0.00726,67.152308,0.00953,0.0,0.0,0.136558,0.271346,49.509211,0.0,0.125089,0.047449,0.226157,0.015559,2048,2032,1997,1,16256,4161536,4161536,1.353,0.875568,2.10115,31.8381,12.841,0.18182800000000002,49.424299999999995,1997,507,6,266915528
tiledb,rank,256,0,warm,window_65536,1024,,,512,6,68.07611504336819,0,0,0,0.660257384,4096,4064,,0.9921875,,1.0078740157480315,,,,,,3991,1011,12642816,8297484288,0.191257,0.03336,0.040369,0.00924,0.00545,67.157378,0.01509,0.0,0.0,0.11416799999999999,0.241966,44.384898,0.0,0.121208,0.04893,0.137158,0.01574,2048,2033,1992,1,16264,4163584,4163584,1.04097,0.6847599999999999,1.66256,27.950699999999998,12.2396,0.194577,44.285900000000005,1992,507,7,267439920
tiledb,rank,256,0,warm,window_65536,1024,,,512,7,65.03535900264978,0,0,0,0.652024972,4096,4069,,0.993408203125,,1.0066355369869746,,,,,,4004,1008,12651008,8297533440,0.124918,0.03499,0.043089,0.459013,0.00762,63.640361,0.0129,0.0,0.0,0.112149,0.254596,40.16289,0.0,0.122318,0.048089,0.212976,0.01507,2048,2037,2002,1,16296,4171776,4171776,0.9055270000000001,0.563101,1.42167,23.8994,12.2198,0.186147,40.0758,2002,503,9,265342352
tiledb,rank,256,0,warm,window_65536,1024,,,512,8,72.99785100622103,0,0,0,0.686061561,4096,4062,,0.99169921875,,1.0083702609551946,,,,,,3989,1005,12636672,8297467904,0.179997,0.03393,0.041889,0.0096,0.0067,39.625338,0.00472,0.0,0.0,0.098618,0.148778,24.12483,0.0,0.084559,0.04645,32.625453,0.01567,1024,1017,999,1,8136,2082816,2082816,0.814788,0.517911,1.13025,15.5066,6.21407,0.120889,24.0599,999,250,4,132671176
tiledb,rank,256,0,warm,window_65536,1024,,,512,9,81.47168403957039,0,0,0,0.696297419,4096,4073,,0.994384765625,,1.005646943285048,,,,,,4003,1012,16908800,8298409984,0.128479,0.102219,0.038069,0.0118,0.00739,80.355621,0.01502,0.0,0.0,0.180377,0.372394,48.26747,0.0,0.159568,0.050149,0.260586,0.01614,3072,3054,3000,1,24432,6254592,6254592,1.41793,0.929265,2.40895,24.6127,17.4016,0.24823599999999998,48.1073,3000,760,9,400111096
tiledb,rank,256,0,warm,window_65536,8192,,,512,0,98.89991400996223,0,0,0,0.822261861,32768,30805,,0.940093994140625,,1.06372342152248,,,,,,27252,1028,99361280,8320647168,0.258266,0.0,0.0,0.00878,0.0,0.00045,0.0,0.0,0.0,0.0,0.0,0.0,0.0,0.0,0.0,98.419602,0.024019,0,0,0,0,0,0,0,0.0,0.0,0.0,0.0,0.0,0.0,0.0,0,0,0,0
tiledb,rank,256,0,warm,window_65536,8192,,,512,1,86.7148470133543,0,0,0,0.800184361,32768,30786,,0.93951416015625,,1.0643799129474436,,,,,,27198,1028,99353088,8311574528,0.251226,0.093489,0.038479,0.01029,0.00985,84.084415,0.017239,0.0,0.0,0.337495,1.554587,56.884791,0.0,0.600981,0.060399,1.196912,0.02203,16384,15392,13582,1,123136,31522816,31522816,3.46169,2.45744,6.83793,31.1681,12.1834,0.66616,56.528,13582,514,4,269537488
tiledb,rank,256,0,warm,window_65536,8192,,,512,2,149.48666898999363,0,0,0,1.1679072,32768,30757,,0.938629150390625,,1.06538348993725,,,,,,27096,1028,132207104,8315060224,0.237357,0.092129,0.037989,0.00958,0.00817,54.450378,0.00857,0.0,0.0,0.261886,0.796028,37.5451,0.0,0.318965,0.054019,93.913468,0.02604,8192,7675,6759,1,61400,15718400,15718400,1.82751,1.02474,3.26011,25.6777,5.67447,0.322485,37.3253,6759,257,2,134768744
tiledb,rank,256,0,warm,window_65536,8192,,,512,3,125.98644098034129,0,0,0,1.010897075,32768,30775,,0.939178466796875,,1.0647603574329814,,,,,,27218,1028,132239872,8321712128,0.254936,0.078799,0.03558,0.01001,0.010729,122.810168,0.02241,0.0,0.0,0.590971,2.449794,84.880504,0.0,0.881227,0.076269,1.485828,0.02237,24576,23098,20430,1,184784,47304704,47304704,6.30509,3.90601,11.6874,43.771699999999996,16.4923,0.939506,84.18549999999999,20430,771,6,404306232
tiledb,rank,256,0,warm,window_65536,8192,,,512,4,94.6155579877086,0,0,0,0.819689482,32768,30823,,0.940643310546875,,1.0631022288550758,,,,,,27323,1028,99406336,8321679360,0.194607,0.093488,0.03565,0.010269,0.00946,92.056757,0.055809,0.0,0.0,0.44338299999999997,1.443549,63.111648,0.0,0.602471,0.056139,1.206772,0.02154,16384,15405,13663,1,123240,31549440,31549440,4.0882499999999995,2.8725500000000004,7.230519999999999,36.5029,12.5646,0.67567,62.7023,13663,514,4,269537488
tiledb,rank,256,0,warm,window_65536,8192,,,512,5,124.38773503527045,0,0,0,1.0052713309999999,32768,30803,,0.940032958984375,,1.0637924877447003,,,,,,27123,1028,132266496,8324788224,0.203067,0.078689,0.037029,0.01015,0.01068,121.248711,0.079709,0.0,0.0,0.506532,2.352095,85.354287,0.0,0.884347,0.067149,1.490318,0.020309,24576,23111,20368,1,184888,47331328,47331328,5.53355,3.43993,10.5065,44.3515,17.8611,0.922367,84.88669999999999,20368,771,6,404306232
tiledb,rank,256,0,warm,window_65536,8192,,,512,6,123.15081298584118,0,0,0,0.992140919,32768,30827,,0.940765380859375,,1.0629642845557465,,,,,,27278,1028,132266496,8318369792,0.246336,0.096819,0.035209,0.01021,0.00802,60.125903,0.037999,0.0,0.0,0.23448599999999997,0.827258,45.174606,0.0,0.317205,0.050479,61.970865,0.02381,8192,7716,6798,1,61728,15802368,15802368,2.7738799999999997,1.9497,4.57659,25.2421,12.7209,0.34629499999999996,44.9333,6798,257,2,134768744
tiledb,rank,256,0,warm,window_65536,8192,,,512,7,89.2965979874134,0,0,0,0.8385288470000001,32768,30720,,0.9375,,1.0666666666666667,,,,,,27171,1028,99363328,8318107648,0.363864,0.092819,0.038109,0.00904,0.00929,86.617677,0.014589,0.0,0.0,0.336475,1.691815,59.849527,0.0,0.601132,0.058789,1.246001,0.02222,16384,15397,13609,1,123176,31533056,31533056,3.24053,2.25811,6.44039,32.8414,12.403,0.6258509999999999,59.5373,13609,514,4,269537488
tiledb,rank,256,0,warm,window_65536,8192,,,512,8,84.07724602147937,0,0,0,0.792756303,32768,30797,,0.939849853515625,,1.0639997402344383,,,,,,27099,1028,99377664,8311545856,0.260126,0.094858,0.03761,0.010529,0.00942,81.725581,0.01454,0.0,0.0,0.328785,1.539177,55.948595,0.0,0.600321,0.058849,0.924446,0.022419,16384,15404,13582,1,123232,31547392,31547392,3.43501,2.43898,6.9245399999999995,30.5102,11.8066,0.65375,55.619,13582,514,4,269537488
tiledb,rank,256,0,warm,window_65536,8192,,,512,9,89.87838902976364,0,0,0,0.826985947,32768,30842,,0.94122314453125,,1.0624473121068672,,,,,,27185,1028,99465728,8311558144,0.210477,0.097608,0.03701,0.01008,0.00736,87.299017,0.01505,0.0,0.0,0.329325,1.564367,61.565341,0.0,0.602211,0.059599,1.201702,0.022559,16384,15447,13599,1,123576,31635456,31635456,3.76366,2.76357,7.49547,35.6177,11.8061,0.6367900000000001,61.1996,13599,514,4,269537488
tiledb,rank,256,0,warm,window_65536,65536,,,512,0,134.13090899121016,0,0,0,1.239361883,262144,165856,,0.6326904296875,,1.580551803974532,,,,,,61164,1028,712583680,8350900224,0.302525,0.089419,0.037889,0.01026,0.019609,110.61402,0.291606,0.0,0.0,1.024835,3.484018,77.031091,0.0,3.024915,0.322145,19.220473,0.171967,131072,82875,30552,1,663000,169728000,169728000,8.06079,5.67083,15.5114,35.1533,12.549299999999999,2.10846,75.98689999999999,30552,514,4,269537488
tiledb,rank,256,0,warm,window_65536,65536,,,512,1,108.70227799750865,0,0,0,0.969428068,262144,165959,,0.6330833435058594,,1.579570857862484,,,,,,60814,1028,712618496,8336510976,0.327175,0.090938,0.04014,0.009419,0.02054,95.442176,0.070999,0.0,0.0,0.645251,3.431148,66.545797,0.0,3.020165,0.326785,8.948077,0.186387,131072,82998,30457,1,663984,169979904,169979904,6.31259,4.70038,12.897499999999999,25.6371,12.0185,2.23115,65.9336,30457,514,4,269537488
tiledb,rank,256,0,warm,window_65536,65536,,,512,2,116.87164701288566,0,0,0,1.069076993,262144,165848,,0.632659912109375,,1.580628044956828,,,,,,60850,1028,712507904,8336982016,0.313365,0.091958,0.03987,0.01092,0.019909,103.612875,0.066389,0.0,0.0,0.64079,3.431019,73.120919,0.0,3.014935,0.325165,8.915937,0.182757,131072,82817,30510,1,662536,169609216,169609216,6.10431,4.52361,13.431000000000001,33.8202,12.4387,2.2837899999999998,72.4867,30510,514,4,269537488
tiledb,rank,256,0,warm,window_65536,65536,,,512,3,84.03083600569516,0,0,0,0.961749783,262144,166012,,0.6332855224609375,,1.5790665735007108,,,,,,60943,1028,491092480,8326258688,0.255366,0.082539,0.040369,0.00979,0.01344,75.332486,0.043459,0.0,0.0,0.354394,1.741704,56.013095,0.0,1.538657,0.173167,6.06726,0.185367,65536,41647,15168,1,333176,85293056,85293056,5.26992,4.2844,8.94361,26.214299999999998,13.9661,1.2031399999999999,55.6402,15168,257,2,134768744
tiledb,rank,256,0,warm,window_65536,65536,,,512,4,138.67402100004256,0,0,0,1.189622163,262144,165653,,0.6319160461425781,,1.5824886962505962,,,,,,61016,1028,712317440,8336642048,0.272476,0.090299,0.038059,0.00997,0.01795,125.570416,0.157787,0.0,0.0,0.9345859999999999,3.503067,95.296599,0.0,3.018875,0.324216,8.806278,0.181408,131072,82851,30470,1,662808,169678848,169678848,9.53302,7.20581,17.5354,37.360499999999995,26.6834,2.1388700000000003,94.251,30470,514,4,269537488
tiledb,rank,256,0,warm,window_65536,65536,,,512,5,134.19586798409,0,0,0,1.131127901,262144,165510,,0.6313705444335938,,1.5838559603649327,,,,,,61220,1028,712319488,8337285120,0.263866,0.083709,0.037779,0.01027,0.0129,62.619736,0.033889,0.0,0.0,0.362634,1.706195,41.494931,0.0,1.529057,0.172037,68.863613,0.223217,65536,41323,15301,1,330584,84629504,84629504,4.10882,3.1472,7.642580000000001,22.924,6.1583499999999995,1.19035,41.166399999999996,15301,257,2,134768744
tiledb,rank,256,0,warm,window_65536,65536,,,512,6,118.92689595697448,0,0,0,1.013508347,262144,165794,,0.6324539184570312,,1.581142864036093,,,,,,61155,1028,712507904,8337440768,0.288716,0.091769,0.038679,0.00952,0.02034,105.88329,0.180647,0.0,0.0,1.466958,4.379514,77.747641,0.0,3.021465,0.322255,8.734919,0.182208,131072,82920,30640,1,663360,169820160,169820160,7.57778,5.12656,14.7362,36.0336,12.758500000000002,2.23989,76.4582,30640,514,4,269537488
tiledb,rank,256,0,warm,window_65536,65536,,,512,7,137.22474296810105,0,0,0,1.242020093,262144,165392,,0.63092041015625,,1.5849859727193576,,,,,,60775,1027,712507904,8355590144,0.232057,0.090948,0.03859,0.01199,0.019709,124.191187,0.201737,0.0,0.0,0.927496,3.463448,93.887049,0.0,3.003316,0.323715,8.774149,0.183168,131072,82505,30426,1,660040,168970240,168970240,9.52645,7.14329,17.571199999999997,35.0457,23.6932,2.03634,92.8706,30426,513,4,269013096
tiledb,rank,256,0,warm,window_65536,65536,,,512,8,110.8864659909159,0,0,0,0.967083022,262144,165709,,0.6321296691894531,,1.5819539071504867,,,,,,60901,1028,712507904,8344723456,0.216547,0.081759,0.03661,0.011,0.011099,71.76175,0.139428,0.0,0.0,0.48002300000000003,1.755624,52.335569,0.0,1.529287,0.170577,36.552384,0.171028,65536,41383,15227,1,331064,84752384,84752384,5.13434,3.6888099999999997,9.11839,25.961399999999998,10.7962,1.2239099999999998,52.0089,15227,257,2,134768744
tiledb,rank,256,0,warm,window_65536,65536,,,512,9,198.23201303370297,0,0,0,1.608499606,262144,165707,,0.6321220397949219,,1.5819730005370927,,,,,,61063,1028,934060544,8356073472,0.335055,0.095009,0.038499,0.01252,0.02536,181.028829,0.208967,0.0,0.0,1.466768,5.35539,138.876068,0.0,4.502303,0.484533,11.182233,0.180988,196608,124308,45789,1,994464,254582784,254582784,14.4748,10.4984,27.100099999999998,46.1918,35.4572,2.9403699999999997,137.42,45789,771,6,404306232
tiledb,rank,4096,0,cold,random,1024,,,512,0,3817.7191450376995,22115680256,22115680256,22115680256,11.941690065,4096,4095,,0.999755859375,,1.0002442002442002,,,,,,4095,3659,8514560,8288284672,0.214487,0.034099,0.042729,0.01392,0.00782,3796.604049,0.00236,0.0,0.0,0.137919,0.163567,3701.639796,0.0,0.090169,0.118818,20.173769,0.015429,1021,1020,1020,1,8160,2088960,2088960,0.955315,0.6344500000000001,1.40455,3655.48,119.416,0.5586,3701.5600000000004,1020,643,239,5394867736
tiledb,rank,4096,0,cold,random,1024,,,512,1,3768.033866013866,22003228672,22003228672,22003228672,11.623323245,4096,4096,,1.0,,1.0,,,,,,4096,3621,8498176,8288346112,0.195147,0.0328,0.041549,0.01376,0.00595,3761.559062,0.00317,0.0,0.0,0.150147,0.178978,3660.981662,0.0,0.086899,0.044789,5.568007,0.01564,1006,1006,1005,1,8048,2060288,2060288,0.957345,0.614589,1.42293,3631.52,122.249,0.579571,3660.8999999999996,1005,648,257,5436818496
tiledb,rank,4096,0,cold,random,1024,,,512,2,3793.0023429798894,22171312128,22171312128,22171312128,11.560114646,4096,4095,,0.999755859375,,1.0002442002442002,,,,,,4095,3611,8600576,8288428032,0.161418,0.03651,0.044369,0.01396,0.00664,3782.525489,0.00289,0.0,0.0,0.241556,0.200017,3702.571762,0.0,0.090179,0.120358,9.555768,0.016099,1036,1035,1035,1,8280,2119680,2119680,1.21666,0.757699,1.64196,3648.2999999999997,107.096,0.598811,3702.4900000000002,1035,664,239,5571060928
tiledb,rank,4096,0,cold,random,1024,,,512,3,3760.945940972306,21930229760,21930229760,21930229760,11.180288356,4096,4096,,1.0,,1.0,,,,,,4096,3634,8465408,8288452608,0.174108,0.040719,0.043239,0.01347,0.0067,3622.734263,0.035099,0.0,0.0,0.138478,0.167318,3555.108612,0.0,0.094919,0.046969,137.327212,0.034419,1028,1028,1028,1,8224,2105344,2105344,1.18076,0.7796679999999999,1.7593299999999998,3510.58,99.4195,0.546412,3555.0299999999997,1028,640,239,5369697280
tiledb,rank,4096,0,cold,random,1024,,,512,4,3770.027126010973,21905543168,21905543168,21905543168,11.285201824,4096,4096,,1.0,,1.0,,,,,,4096,3603,8522752,8288497664,0.350915,0.035049,0.04217,0.014279,0.00709,3768.832474,0.02488,0.0,0.0,0.14082699999999998,0.177858,3689.573486,0.0,0.093448,0.119799,0.124088,0.01513,1044,1044,1044,1,8352,2138112,2138112,1.12883,0.72636,1.57851,3632.5699999999997,119.825,0.597353,3689.5,1044,657,245,5512329864
tiledb,rank,4096,0,cold,random,1024,,,512,5,3802.8371059917845,22160957440,22160957440,22160957440,11.62562419,4096,4096,,1.0,,1.0,,,,,,4096,3624,8563712,8288505856,0.202877,0.03674,0.044319,0.01499,0.00745,3719.575478,0.00293,0.0,0.0,0.144577,0.170548,3648.816304,0.0,0.093059,0.047229,82.279933,0.01577,1003,1002,1002,1,8016,2052096,2052096,1.04835,0.6604220000000001,1.5324200000000001,3599.0,126.836,0.545552,3648.73,1002,634,236,5319356368
tiledb,rank,4096,0,cold,random,1024,,,512,6,3794.9068239540793,22079320064,22079320064,22079320064,11.571277585,4096,4096,,1.0,,1.0,,,,,,4096,3624,8565760,8288583680,0.200527,0.03489,0.043329,0.01537,0.00739,3749.877786,0.00285,0.0,0.0,0.14676699999999998,0.174788,3671.545685,0.0,0.089019,0.122998,44.106892,0.01615,993,993,993,1,7944,2033664,2033664,0.9360959999999999,0.604701,1.38642,3614.64,117.383,0.541593,3671.47,993,636,250,5336136672
tiledb,rank,4096,0,cold,random,1024,,,512,7,3820.0961590046063,22162710528,22162710528,22162710528,12.450499588,4096,4096,,1.0,,1.0,,,,,,4095,3638,8539136,8288632832,0.147518,0.03596,0.044379,0.01525,0.00733,3810.425483,0.034749,0.0,0.0,0.139429,0.160827,3703.298561,0.0,0.090778,0.04494,8.830938,0.01687,1034,1034,1034,1,8272,2117632,2117632,1.22629,0.792019,1.68819,3681.12,112.905,0.622099,3703.22,1034,649,255,5445208648
tiledb,rank,4096,0,cold,random,1024,,,512,8,3804.9406749778427,22297034752,22297034752,22297034752,11.11058319,4096,4096,,1.0,,1.0,,,,,,4096,3610,8625152,8288591872,0.187997,0.036799,0.04371,0.01401,0.007399,3773.171919,0.00528,0.0,0.0,0.151808,0.175627,3667.513595,0.0,0.088509,0.118558,30.8599,0.0154,984,984,984,1,7872,2015232,2015232,1.00071,0.6441100000000001,1.43725,3648.1499999999996,107.45,0.515214,3667.43,984,633,254,5310966216
tiledb,rank,4096,0,cold,random,1024,,,512,9,3784.2850430170074,22033317888,22033317888,22033317888,11.965718843,4096,4096,,1.0,,1.0,,,,,,4096,3596,8637440,8288587776,0.183837,0.036169,0.044499,0.01465,0.00811,3712.660662,0.00319,0.0,0.0,0.13983800000000002,0.181877,3634.679225,0.0,0.087498,0.116689,70.701775,0.01659,1015,1015,1015,1,8120,2078720,2078720,1.08147,0.71706,1.55324,3597.75,106.46700000000001,0.532534,3634.6,1015,640,247,5369697280
tiledb,rank,4096,0,cold,random,8192,,,512,0,5976.096533006057,34366095360,34366095360,34366095360,34.105896466000004,32768,32755,,0.999603271484375,,1.0003968859716075,,,,,,32736,14178,67732480,8304533504,0.335115,0.094669,0.03655,0.014429,0.00658,5974.076023,0.00877,0.0,0.0,0.284126,1.191552,5872.030585,0.0,0.345805,0.127358,0.638021,0.021789,8252,8243,8223,1,65944,16881664,16881664,3.6949899999999998,2.3325,5.97642,5763.639999999999,191.011,1.32338,5871.81,8223,1024,96,8591515648
tiledb,rank,4096,0,cold,random,8192,,,512,1,5898.090058006346,34342322176,34342322176,34342322176,33.339268263,32768,32756,,0.9996337890625,,1.0003663450970814,,,,,,32741,14191,67911168,8304160768,0.256806,0.090758,0.03607,0.01479,0.00946,5896.186836,0.062409,0.0,0.0,0.289415,0.991505,5802.243178,0.0,0.340115,0.151997,0.586271,0.01879,8192,8183,8169,1,65464,16758784,16758784,3.03379,1.8862700000000001,5.287789999999999,5686.09,155.131,1.22567,5801.910000000001,8169,1022,98,8574735344
tiledb,rank,4096,0,cold,random,8192,,,512,2,5960.844880959485,34358198272,34358198272,34358198272,33.825263493,32768,32755,,0.999603271484375,,1.0003968859716075,,,,,,32742,14161,67993088,8304431104,0.246986,0.094789,0.037469,0.01465,0.00938,5959.025748,0.055319,0.0,0.0,0.28449599999999997,0.932916,5873.680381,0.0,0.338315,0.054619,0.606141,0.022189,8062,8054,8044,1,64432,16494592,16494592,2.91054,1.7677100000000001,5.28739,5757.97,289.057,1.23841,5873.36,8044,1024,96,8591515648
tiledb,rank,4096,0,cold,random,8192,,,512,3,5930.856369028334,34366095360,34366095360,34366095360,33.69057497,32768,32764,,0.9998779296875,,1.0001220852154804,,,,,,32746,14169,67921408,8304562176,0.266806,0.096098,0.03884,0.014059,0.00861,5928.911638,0.053299,0.0,0.0,0.301786,1.063674,5852.453888,0.0,0.341825,0.136698,0.623791,0.02254,8194,8190,8173,1,65520,16773120,16773120,2.74695,1.9673,4.978619999999999,5733.5,258.984,1.18385,5852.23,8173,1024,96,8591515648
tiledb,rank,4096,0,cold,random,8192,,,512,4,5987.219178001396,34358124544,34358124544,34358124544,34.238308814999996,32768,32757,,0.999664306640625,,1.0003358060872485,,,,,,32746,14132,67695616,8304574464,0.237817,0.093278,0.03577,0.014459,0.00653,5985.320567,0.00858,0.0,0.0,0.292215,1.149453,5881.514855,0.0,0.345735,0.128138,0.621431,0.021759,8243,8234,8225,1,65872,16863232,16863232,3.6002400000000003,2.21617,6.025510000000001,5763.07,176.267,1.25195,5881.3,8225,1023,99,8583125496
tiledb,rank,4096,0,cold,random,8192,,,512,5,5995.919838023838,34358112256,34358112256,34358112256,34.431248869,32768,32755,,0.999603271484375,,1.0003968859716075,,,,,,32745,14163,67773952,8304906240,0.259516,0.094539,0.038249,0.01444,0.0086,5993.983737,0.061399,0.0,0.0,0.29318500000000003,1.091354,5908.467473,0.0,0.345224,0.134138,0.6162,0.02228,8263,8251,8234,1,66008,16898048,16898048,3.41457,2.08492,5.793010000000001,5752.34,285.34,1.3256999999999999,5908.25,8234,1024,96,8591515648
tiledb,rank,4096,0,cold,random,8192,,,512,6,6005.716011975892,34358112256,34358112256,34358112256,34.486565233,32768,32761,,0.999786376953125,,1.0002136686914318,,,,,,32749,14131,67986944,8304979968,0.230656,0.093348,0.03842,0.01588,0.009689,6003.83979,0.0082,0.0,0.0,0.293285,0.987676,5901.560196,0.0,0.340015,0.128298,0.591851,0.02181,8123,8113,8102,1,64904,16615424,16615424,3.35657,2.23569,6.21014,5788.88,203.49800000000002,1.1483400000000001,5901.150000000001,8102,1024,96,8591515648
tiledb,rank,4096,0,cold,random,8192,,,512,7,5994.493229023647,34358038528,34358038528,34358038528,34.120075889999995,32768,32759,,0.999725341796875,,1.0002747336609787,,,,,,32739,14194,67814912,8305012736,0.269406,0.095749,0.037599,0.01395,0.00903,5992.588348,0.00918,0.0,0.0,0.29390499999999997,1.087634,5888.190815,0.0,0.341715,0.119578,0.594101,0.02187,8126,8114,8100,1,64912,16617472,16617472,2.83598,1.93497,5.06776,5772.24,181.925,1.2507499999999998,5887.900000000001,8100,1024,96,8591515648
tiledb,rank,4096,0,cold,random,8192,,,512,8,5921.619186992757,34358124544,34358124544,34358124544,33.256960574,32768,32760,,0.999755859375,,1.0002442002442002,,,,,,32742,14084,67857920,8305364992,0.246966,0.094329,0.038789,0.01512,0.00862,5919.781644,0.067409,0.0,0.0,0.288885,1.102844,5841.377173,0.0,0.341995,0.056119,0.607421,0.02203,8194,8189,8168,1,65512,16771072,16771072,2.7947699999999998,1.9111200000000002,5.12667,5719.47,254.07999999999998,1.3724399999999999,5841.15,8168,1024,96,8591515648
tiledb,rank,4096,0,cold,random,8192,,,512,9,5994.424670992885,34366095360,34366095360,34366095360,34.022768501,32768,32763,,0.999847412109375,,1.0001526111772425,,,,,,32736,14222,67913216,8305545216,0.276576,0.095918,0.03594,0.01486,0.00855,5983.094189,0.053079,0.0,0.0,0.298115,1.082694,5879.319408,0.0,0.344765,0.124508,10.018801,0.01919,8268,8254,8239,1,66032,16904192,16904192,3.37355,2.1343199999999998,6.06504,5792.44,158.71099999999998,1.4605,5879.1,8239,1024,96,8591515648
tiledb,rank,4096,0,cold,random,65536,,,512,0,6010.863044997677,34366095360,34366095360,34366095360,35.242391751,262144,261627,,0.9980278015136719,,1.0019760957393542,,,,,,260583,16384,540722688,8429625344,0.349695,0.086579,0.0383,0.015499,0.01628,6003.976748,0.054009,0.0,0.0,1.349179,8.127679,5902.274796,0.0,2.367705,0.279616,3.144193,0.187567,65200,64667,63663,1,517336,132438016,132438016,13.1873,10.7685,30.3823,5692.66,188.909,3.9283,5901.030000000001,63663,1024,96,8591515648
tiledb,rank,4096,0,cold,random,65536,,,512,1,5978.632146026939,34366095360,34366095360,34366095360,34.99842401,262144,261609,,0.9979591369628906,,1.0020450366768727,,,,,,260581,16384,540540416,8429776896,0.308255,0.087348,0.03806,0.01455,0.017159,5971.766219,0.05269,0.0,0.0,1.4375490000000002,7.724174,5866.638977,0.0,2.394884,0.283216,3.131603,0.188987,65843,65333,64278,1,522664,133801984,133801984,13.1405,10.636899999999999,30.6711,5664.17,174.317,3.74684,5865.389999999999,64278,1024,96,8591515648
tiledb,rank,4096,0,cold,random,65536,,,512,2,5998.782436014153,34366095360,34366095360,34366095360,35.338368356,262144,261642,,0.9980850219726562,,1.0019186522041568,,,,,,260678,16384,540638208,8429555712,0.312775,0.085779,0.038709,0.01344,0.01713,5992.094405,0.071679,0.0,0.0,1.366629,7.905772,5887.618044,0.0,2.387174,0.208377,3.036795,0.181138,65661,65130,64100,1,521040,133386240,133386240,16.0576,13.2968,33.4405,5689.61,147.446,3.62484,5886.38,64100,1024,96,8591515648
tiledb,rank,4096,0,cold,random,65536,,,512,3,5981.518233020324,34366095360,34366095360,34366095360,35.22331373,262144,261637,,0.9980659484863281,,1.0019377993173748,,,,,,260688,16384,540825600,8430194688,0.288995,0.087329,0.040499,0.01449,0.01721,5974.671285,0.056729,0.0,0.0,1.3671799999999998,8.185668,5872.943113,0.0,2.374875,0.284036,3.140704,0.183167,65278,64748,63772,1,517984,132603904,132603904,16.435100000000002,13.9707,33.3315,5677.58,166.965,3.84022,5871.7300000000005,63772,1024,96,8591515648
tiledb,rank,4096,0,cold,random,65536,,,512,4,6003.630673978478,34366095360,34366095360,34366095360,36.275085763,262144,261619,,0.9979972839355469,,1.0020067349848443,,,,,,260580,16384,539924992,8430698496,0.299486,0.086088,0.0407,0.01444,0.017659,5996.810385,0.054939,0.0,0.0,1.37848,7.641365,5891.713003,0.0,2.386844,0.283226,3.104794,0.188317,65791,65231,64238,1,521848,133593088,133593088,13.1553,10.7826,30.499,5679.8,208.143,4.25402,5890.469999999999,64238,1024,96,8591515648
tiledb,rank,4096,0,cold,random,65536,,,512,5,5996.926933003124,34366095360,34366095360,34366095360,35.195291791,262144,261647,,0.9981040954589844,,1.0018995058227307,,,,,,260634,16384,540025856,8430448640,0.304126,0.090428,0.04128,0.01359,0.016789,5990.042206,0.062759,0.0,0.0,1.367699,8.139909,5902.190037,0.0,2.384444,0.288466,3.162383,0.181107,65539,65060,64087,1,520480,133242880,133242880,16.3401,12.8664,33.880399999999995,5673.09,159.178,3.82545,5900.95,64087,1024,96,8591515648
tiledb,rank,4096,0,cold,random,65536,,,512,6,6021.152671950404,34366095360,34366095360,34366095360,35.373288168,262144,261607,,0.9979515075683594,,1.0020526973666606,,,,,,260609,16384,540325888,8430608384,0.308335,0.090569,0.039779,0.01427,0.01651,6014.416292,0.055519,0.0,0.0,1.3796389999999998,7.35043,5906.724439,0.0,2.369924,0.284326,3.007406,0.182888,65212,64693,63685,1,517544,132491264,132491264,19.0651,16.3617,36.8068,5678.45,204.307,3.62941,5905.5,63685,1024,96,8591515648
tiledb,rank,4096,0,cold,random,65536,,,512,7,5993.92479803646,34366095360,34366095360,34366095360,35.311236984000004,262144,261597,,0.9979133605957031,,1.0020910025726595,,,,,,260572,16384,540128256,8431095808,0.334245,0.085588,0.04188,0.014399,0.01694,5987.057291,0.055779,0.0,0.0,1.690064,7.575848,5892.468861,0.0,2.374094,0.282156,3.129263,0.181428,65396,64897,63957,1,519176,132909056,132909056,14.886800000000001,12.6753,31.812399999999997,5666.7,169.171,3.8392500000000003,5891.26,63957,1024,96,8591515648
tiledb,rank,4096,0,cold,random,65536,,,512,8,5987.611572025344,34366095360,34366095360,34366095360,35.155965764,262144,261629,,0.9980354309082031,,1.0019684362207553,,,,,,260622,16384,540251136,8431337472,0.292445,0.088639,0.039999,0.01472,0.0164,5980.780954,0.054609,0.0,0.0,1.35454,7.769744,5891.020173,0.0,2.371764,0.285796,3.133634,0.182067,65186,64693,63737,1,517544,132491264,132491264,15.273399999999999,12.262699999999999,33.6614,5665.06,239.734,3.86273,5889.78,63737,1024,96,8591515648
tiledb,rank,4096,0,cold,random,65536,,,512,9,6000.305423047394,34366095360,34366095360,34366095360,35.388613835,262144,261633,,0.9980506896972656,,1.0019531175348675,,,,,,260582,16384,540017664,8431452160,0.305115,0.086279,0.040289,0.01417,0.01718,5993.447545,0.056719,0.0,0.0,1.406929,8.05592,5884.323673,0.0,2.373154,0.286276,3.145993,0.179838,65372,64852,63874,1,518816,132816896,132816896,15.464500000000001,13.1529,32.731700000000004,5674.66,185.20700000000002,5.06375,5883.07,63874,1024,96,8591515648
tiledb,rank,4096,0,cold,window_256,1024,,,512,0,12.845339020714164,35086336,35086336,35086336,0.072000208,4096,1002,,0.24462890625,,4.087824351297405,,,,,,25,4,12149248,8299028480,0.184868,0.096369,0.036069,0.01418,0.00741,11.928132,0.02464,0.0,0.0,0.110948,0.0135,8.877857,0.0,0.058289,0.03449,0.128368,0.01553,3072,748,22,1,5984,1531904,1531904,0.49292300000000006,0.344464,0.548332,6.80856,1.27156,0.04927,8.83762,22,3,3,25170456
tiledb,rank,4096,0,cold,window_256,1024,,,512,1,14.7856289986521,43601920,43601920,43601920,0.061448662,4096,1009,,0.246337890625,,4.059464816650149,,,,,,18,5,9511424,8298909696,0.234246,0.033369,0.04059,0.009389,0.00634,7.949582,0.00165,0.0,0.0,0.091629,0.00917,6.558592,0.0,0.023539,0.02449,6.311936,0.014139,1024,251,5,1,2008,514048,514048,0.269446,0.170397,0.31982499999999997,5.53669,0.502703,0.046449000000000004,6.51979,5,1,1,8390152
tiledb,rank,4096,0,cold,window_256,1024,,,512,2,13.533427962101996,43778048,43778048,43778048,0.06366994,4096,1007,,0.245849609375,,4.067527308838133,,,,,,20,5,6859264,8298762240,0.163048,0.034009,0.042409,0.00969,0.00737,12.936297,0.00116,0.0,0.0,0.09000899999999999,0.00772,10.902177,0.0,0.02573,0.024259,0.138178,0.01332,1024,252,5,1,2016,516096,516096,0.329915,0.21512699999999998,0.37016499999999997,9.11064,1.21959,0.041419,10.8655,5,2,1,16780304
tiledb,rank,4096,0,cold,window_256,1024,,,512,3,10.427473986055702,35274752,35274752,35274752,0.050596181999999996,4096,1010,,0.24658203125,,4.0554455445544555,,,,,,18,4,9513472,8298758144,0.122309,0.03255,0.037229,0.00935,0.00509,9.827823,0.00146,0.0,0.0,0.061538999999999996,0.0073,7.873072,0.0,0.03269,0.0276,0.176378,0.01351,2048,505,9,1,4040,1034240,1034240,0.414203,0.271628,0.452493,5.82849,1.3937599999999999,0.057139,7.84523,9,2,2,16780304
tiledb,rank,4096,0,cold,window_256,1024,,,512,4,9.8967119702138,35160064,35160064,35160064,0.044797413,4096,1007,,0.245849609375,,4.067527308838133,,,,,,20,4,9519616,8298749952,0.113468,0.03139,0.032079,0.00862,0.00627,7.667716,0.00144,0.0,0.0,0.03043,0.003109,6.691091,0.0,0.023159,0.02062,1.858712,0.01037,1024,251,6,1,2008,514048,514048,0.254556,0.172036,0.304916,5.72979,0.5264230000000001,0.045878999999999996,6.67227,6,1,1,8390152
tiledb,rank,4096,0,cold,window_256,1024,,,512,5,10.321656009182334,35364864,35364864,35364864,0.056623552,4096,1009,,0.246337890625,,4.059464816650149,,,,,,19,4,9515520,8298754048,0.125618,0.033609,0.03997,0.00852,0.00727,9.754304,0.001299,0.0,0.0,0.054169999999999996,0.00675,8.112419,0.0,0.03225,0.026939,0.171667,0.01224,2048,503,11,1,4024,1030144,1030144,0.400884,0.256745,0.452063,6.13698,1.35182,0.04682,8.084879999999998,11,2,2,16780304
tiledb,rank,4096,0,cold,window_256,1024,,,512,6,9.203742956742644,35291136,35291136,35291136,0.044172488999999995,4096,1006,,0.24560546875,,4.071570576540755,,,,,,22,4,9505280,8298717184,0.098889,0.0317,0.032129,0.00905,0.00677,8.205068,0.00083,0.0,0.0,0.03422,0.00301,7.390339,0.0,0.023939,0.02134,0.636521,0.01139,1024,252,5,1,2016,516096,516096,0.246587,0.155378,0.278046,6.3117399999999995,0.68301,0.040319,7.372240000000001,5,1,1,8390152
tiledb,rank,4096,0,cold,window_256,1024,,,512,7,11.390070023480803,35319808,35319808,35319808,0.061215629,4096,1012,,0.2470703125,,4.047430830039525,,,,,,16,4,12173824,8298729472,0.096488,0.0,0.0,0.00845,0.0,0.00023,0.0,0.0,0.0,0.0,0.0,0.0,0.0,0.0,0.0,11.176563,0.01118,0,0,0,0,0,0,0,0.0,0.0,0.0,0.0,0.0,0.0,0.0,0,0,0,0
tiledb,rank,4096,0,cold,window_256,1024,,,512,8,10.824789002072066,35143680,35143680,35143680,0.056710450999999995,4096,1008,,0.24609375,,4.063492063492063,,,,,,19,4,12163584,8298708992,0.094959,0.03212,0.031139,0.00925,0.0071,7.475029,0.00099,0.0,0.0,0.02997,0.00277,6.623961,0.0,0.023199,0.02,3.003045,0.01129,1024,253,4,1,2024,518144,518144,0.19111799999999998,0.12507800000000002,0.227347,5.550120000000001,0.727799,0.040278999999999995,6.60647,4,1,1,8390152
tiledb,rank,4096,0,cold,window_256,1024,,,512,9,12.689520954154432,43720704,43720704,43720704,0.053563456,4096,1006,,0.24560546875,,4.071570576540755,,,,,,22,5,9507328,8298696704,0.091889,0.03186,0.030159,0.00894,0.00714,12.296967,0.00102,0.0,0.0,0.026770000000000002,0.00316,10.927267,0.0,0.02109,0.018989,0.054849,0.01035,1024,252,5,1,2016,516096,516096,0.285086,0.165378,0.328416,9.127049999999999,1.35891,0.029920000000000002,10.9089,5,2,1,16780304
tiledb,rank,4096,0,cold,window_256,8192,,,512,0,13.505169015843421,43642880,43642880,43642880,0.056375913,32768,1024,,0.03125,,32.0,,,,,,4,5,68878848,8299073536,0.157008,0.087379,0.030729,0.00854,0.00714,6.915497,0.00409,0.0,0.0,0.036419,0.00188,6.122009,0.0,0.022709,0.02901,6.122019,0.017569,8192,256,1,1,2048,524288,524288,0.040949,0.020199,0.09333899999999999,5.4623800000000005,0.445304,0.039099,6.104509999999999,1,1,1,8390152
tiledb,rank,4096,0,cold,window_256,8192,,,512,1,10.034781007561833,35115008,35115008,35115008,0.052489992,32768,1024,,0.03125,,32.0,,,,,,4,4,68878848,8299319296,0.165018,0.087488,0.02736,0.00841,0.00709,8.640361,0.00188,0.0,0.0,0.028109,0.00228,6.927317,0.0,0.03183,0.032329,0.896876,0.01751,16384,512,2,1,4096,1048576,1048576,0.164538,0.102658,0.202437,5.6258799999999995,0.946466,0.045119,6.908980000000001,2,2,2,16780304
tiledb,rank,4096,0,cold,window_256,8192,,,512,2,9.769693948328495,34988032,34988032,34988032,0.043960789,32768,1024,,0.03125,,32.0,,,,,,4,4,68878848,8299184128,0.191587,0.0,0.0,0.0082,0.0,0.00021,0.0,0.0,0.0,0.0,0.0,0.0,0.0,0.0,0.0,9.465458,0.01715,0,0,0,0,0,0,0,0.0,0.0,0.0,0.0,0.0,0.0,0.0,0,0,0,0
tiledb,rank,4096,0,cold,window_256,8192,,,512,3,10.99762599915266,35176448,35176448,35176448,0.057284363000000005,32768,1024,,0.03125,,32.0,,,,,,4,4,68878848,8299315200,0.183038,0.088729,0.02736,0.00896,0.007099,9.325851,0.00102,0.0,0.0,0.02535,0.00245,7.587447,0.0,0.03274,0.035349,1.152813,0.01705,16384,512,2,1,4096,1048576,1048576,0.15435700000000002,0.109139,0.189047,5.90036,1.3605399999999999,0.046719,7.56973,2,2,2,16780304
tiledb,rank,4096,0,cold,window_256,8192,,,512,4,9.747484000399709,35307520,35307520,35307520,0.044531027,32768,1024,,0.03125,,32.0,,,,,,4,4,68878848,8299171840,0.176817,0.087128,0.02701,0.00838,0.00631,6.909317,0.00107,0.0,0.0,0.025659,0.00175,6.05375,0.0,0.022869,0.02772,2.348795,0.017259,8192,256,1,1,2048,524288,524288,0.057228999999999995,0.038229000000000006,0.10550899999999999,5.0722,0.742329,0.051009,6.03664,1,1,1,8390152
tiledb,rank,4096,0,cold,window_256,8192,,,512,5,10.371225012931973,35368960,35368960,35368960,0.047309678,32768,1024,,0.03125,,32.0,,,,,,4,4,68878848,8299171840,0.172487,0.087819,0.027399,0.00844,0.00617,8.72515,0.0011,0.0,0.0,0.025050000000000003,0.00774,7.35746,0.0,0.032559,0.03268,1.146573,0.01572,16384,512,2,1,4096,1048576,1048576,0.153278,0.11534799999999999,0.19952699999999998,5.6522,1.3506200000000002,0.042728999999999996,7.34033,2,2,2,16780304
tiledb,rank,4096,0,cold,window_256,8192,,,512,6,11.355890950653702,35237888,35237888,35237888,0.057561661,32768,1024,,0.03125,,32.0,,,,,,4,4,86508032,8299307008,0.170387,0.087419,0.0271,0.008439,0.00627,6.946157,0.00123,0.0,0.0,0.02491,0.00182,6.178798,0.0,0.022769,0.02754,3.928081,0.01706,8192,256,1,1,2048,524288,524288,0.072589,0.04957,0.104188,5.26554,0.67796,0.043779000000000005,6.16127,1,1,1,8390152
tiledb,rank,4096,0,cold,window_256,8192,,,512,7,12.542453012429178,35418112,35418112,35418112,0.062671817,32768,1024,,0.03125,,32.0,,,,,,4,4,86508032,8299286528,0.162117,0.074579,0.02881,0.008259,0.00716,10.614812,0.00186,0.0,0.0,0.02483,0.00268,8.237857,0.0,0.043149,0.0359,1.432308,0.01696,24576,768,3,1,6144,1572864,1572864,0.223046,0.134209,0.25829599999999997,6.47931,1.31428,0.073119,8.22029,3,3,3,25170456
tiledb,rank,4096,0,cold,window_256,8192,,,512,8,10.134459007531404,35164160,35164160,35164160,0.047966263,32768,1024,,0.03125,,32.0,,,,,,4,4,68878848,8299163648,0.171528,0.086928,0.0291,0.00906,0.00614,8.754579,0.00168,0.0,0.0,0.029039000000000002,0.00253,7.078714,0.0,0.02997,0.031779,0.882087,0.01652,16384,512,2,1,4096,1048576,1048576,0.15818700000000002,0.110378,0.202127,5.7161800000000005,0.996626,0.059699,7.06049,2,2,2,16780304
tiledb,rank,4096,0,cold,window_256,8192,,,512,9,9.101793984882534,35196928,35196928,35196928,0.037856588,32768,1024,,0.03125,,32.0,,,,,,4,4,51249664,8299008000,0.163248,0.087548,0.02805,0.00827,0.00724,7.772884,0.00111,0.0,0.0,0.024929,0.00181,6.855768,0.0,0.022009,0.02758,0.846667,0.0169,8192,256,1,1,2048,524288,524288,0.052058999999999994,0.033459,0.074659,5.92583,0.736769,0.042779,6.83919,1,1,1,8390152
tiledb,rank,4096,0,cold,window_256,65536,,,512,0,25.683037005364895,43487232,43487232,43487232,0.125222602,262144,1024,,0.00390625,,256.0,,,,,,4,5,822683648,8299393024,0.181897,0.0,0.0,0.0081,0.0,0.00018,0.0,0.0,0.0,0.0,0.0,0.0,0.0,0.0,0.0,25.231353,0.173488,0,0,0,0,0,0,0,0.0,0.0,0.0,0.0,0.0,0.0,0.0,0,0,0,0
tiledb,rank,4096,0,cold,window_256,65536,,,512,1,16.85383904259652,35160064,35160064,35160064,0.070367417,262144,1024,,0.00390625,,256.0,,,,,,4,4,545830912,8300400640,0.181537,0.077779,0.02906,0.008719,0.00618,8.603932,0.00118,0.0,0.0,0.028560000000000002,0.00206,7.794744,0.0,0.0231,0.084438,7.542338,0.175947,65536,256,1,1,2048,524288,524288,0.069309,0.04788,0.105778,7.07667,0.492122,0.04607,7.77677,1,1,1,8390152
tiledb,rank,4096,0,cold,window_256,65536,,,512,2,18.17728899186477,35377152,35377152,35377152,0.072130196,262144,1024,,0.00390625,,256.0,,,,,,4,4,545830912,8300396544,0.192078,0.085289,0.02968,0.008669,0.00715,8.531233,0.0023,0.0,0.0,0.02558,0.00267,6.940326,0.0,0.03365,0.179457,8.807968,0.180768,131072,512,2,1,4096,1048576,1048576,0.13244799999999998,0.06380000000000001,0.168237,5.653420000000001,0.9608260000000001,0.046289,6.92321,2,2,2,16780304
tiledb,rank,4096,0,cold,window_256,65536,,,512,3,18.74985097674653,35307520,35307520,35307520,0.074864035,262144,1024,,0.00390625,,256.0,,,,,,4,4,545830912,8300396544,0.184948,0.084349,0.02888,0.0083,0.006549,9.247072,0.00148,0.0,0.0,0.02595,0.0024,7.824863,0.0,0.03253,0.181087,8.670011,0.180937,131072,512,2,1,4096,1048576,1048576,0.17760700000000001,0.125359,0.217227,6.14153,1.32006,0.043050000000000005,7.80707,2,2,2,16780304
tiledb,rank,4096,0,cold,window_256,65536,,,512,4,16.457443998660892,35082240,35082240,35082240,0.079430745,262144,1024,,0.00390625,,256.0,,,,,,4,4,545830912,8301445120,0.188127,0.084948,0.0285,0.00861,0.00653,8.319266,0.00159,0.0,0.0,0.024599,0.00241,6.659541,0.0,0.032979,0.178807,7.312431,0.178968,131072,512,2,1,4096,1048576,1048576,0.097799,0.0453,0.129408,5.53003,0.856607,0.053139,6.64237,2,2,2,16780304
tiledb,rank,4096,0,cold,window_256,65536,,,512,5,15.384219994302839,35352576,35352576,35352576,0.062770307,262144,1024,,0.00390625,,256.0,,,,,,4,4,545830912,8300392448,0.175777,0.077959,0.027869,0.0082,0.00617,7.030355,0.00132,0.0,0.0,0.031029,0.00188,6.05069,0.0,0.0229,0.088188,7.654356,0.175347,65536,256,1,1,2048,524288,524288,0.03952,0.02156,0.067689,5.2903400000000005,0.594471,0.033759,6.03334,1,1,1,8390152
tiledb,rank,4096,0,cold,window_256,65536,,,512,6,18.8342789770104,35037184,35037184,35037184,0.071052548,262144,1024,,0.00390625,,256.0,,,,,,4,4,545830912,8300392448,0.188897,0.083789,0.029549,0.00843,0.00726,9.051245,0.00473,0.0,0.0,0.02527,0.00233,7.435849,0.0,0.03301,0.177457,8.950376,0.176848,131072,512,2,1,4096,1048576,1048576,0.132748,0.093879,0.202967,5.9795300000000005,1.10067,0.04161,7.41789,2,2,2,16780304
tiledb,rank,4096,0,cold,window_256,65536,,,512,7,17.96532201115042,43753472,43753472,43753472,0.077744846,262144,1024,,0.00390625,,256.0,,,,,,4,5,545830912,8300388352,0.203926,0.085739,0.029779,0.00829,0.00652,8.69978,0.00169,0.0,0.0,0.03371,0.00244,6.845557,0.0,0.03325,0.181357,8.435034,0.174968,131072,512,2,1,4096,1048576,1048576,0.17083800000000002,0.083619,0.20993699999999998,5.60294,0.885306,0.04479,6.82599,2,2,2,16780304
tiledb,rank,4096,0,cold,window_256,65536,,,512,8,14.785028994083405,35426304,35426304,35426304,0.064210274,262144,1024,,0.00390625,,256.0,,,,,,4,4,545830912,8300371968,0.179407,0.077829,0.029249,0.00871,0.00696,7.061265,0.00248,0.0,0.0,0.02515,0.00191,6.159808,0.0,0.02379,0.088098,7.018825,0.174038,65536,256,1,1,2048,524288,524288,0.03751,0.01876,0.075819,5.56202,0.39926399999999995,0.036989,6.14166,1,1,1,8390152
tiledb,rank,4096,0,cold,window_256,65536,,,512,9,21.72044600592926,51937280,51937280,51937280,0.09469709,262144,1024,,0.00390625,,256.0,,,,,,4,6,545830912,8301428736,0.173648,0.0,0.0,0.00796,0.0,0.00043,0.0,0.0,0.0,0.0,0.0,0.0,0.0,0.0,0.0,21.282753,0.170407,0,0,0,0,0,0,0,0.0,0.0,0.0,0.0,0.0,0.0,0.0,0,0,0,0
tiledb,rank,4096,0,cold,window_4096,1024,,,512,0,19.591917982324958,68472832,68472832,68472832,0.109750109,4096,3596,,0.8779296875,,1.139043381535039,,,,,,2785,8,12175872,8301891584,0.163728,0.030599,0.03061,0.0089,0.00519,16.009061,0.00323,0.0,0.0,0.056809,0.085049,13.516239,0.0,0.047719,0.02141,3.149463,0.011439,1024,893,692,1,7144,1828864,1828864,0.792828,0.502082,1.03023,11.0472,1.1838899999999999,0.106789,13.4781,692,2,1,16780304
tiledb,rank,4096,0,cold,window_4096,1024,,,512,1,18.87611800339073,69013504,69013504,69013504,0.096360986,4096,3616,,0.8828125,,1.1327433628318584,,,,,,2840,8,12222976,8301101056,0.140058,0.03281,0.031449,0.00863,0.00531,18.237658,0.00819,0.0,0.0,0.07758799999999999,0.165418,15.004956,0.0,0.085949,0.027629,0.179647,0.01189,2048,1828,1424,1,14624,3743744,3743744,1.06208,0.629467,1.49044,11.2997,1.80396,0.15123799999999998,14.9272,1424,4,2,33560608
tiledb,rank,4096,0,cold,window_4096,1024,,,512,2,19.486009026877582,68751360,68751360,68751360,0.095746324,4096,3608,,0.880859375,,1.1352549889135255,,,,,,2822,8,12173824,8301371392,0.111348,0.03152,0.031389,0.00837,0.0061,14.788569,0.00286,0.0,0.0,0.056129,0.093249,12.666091,0.0,0.04721,0.023219,4.311636,0.01093,1024,896,732,1,7168,1835008,1835008,0.725379,0.44848400000000005,0.981195,10.501999999999999,0.886767,0.115069,12.6235,732,2,1,16780304
tiledb,rank,4096,0,cold,window_4096,1024,,,512,3,19.59454797906801,68796416,68796416,68796416,0.097846058,4096,3621,,0.884033203125,,1.1311792322562828,,,,,,2839,8,12182016,8301027328,0.099079,0.03309,0.030559,0.00869,0.00697,18.998637,0.00303,0.0,0.0,0.130798,0.174517,15.544109,0.0,0.079539,0.025209,0.179227,0.01096,2048,1808,1414,1,14464,3702784,3702784,0.889466,0.571199,1.31071,11.479800000000001,2.3739999999999997,0.163678,15.4877,1414,4,2,33560608
tiledb,rank,4096,0,cold,window_4096,1024,,,512,4,22.349247010424733,68685824,68685824,68685824,0.115417036,4096,3607,,0.880615234375,,1.1355697255336845,,,,,,2841,8,16908800,8301355008,0.112398,0.083708,0.02721,0.00891,0.00596,21.678606,0.01141,0.0,0.0,0.083289,0.263986,16.564333,0.0,0.120589,0.032119,0.121908,0.01177,3072,2715,2121,1,21720,5560320,5560320,1.21306,0.783508,1.8668,11.177,3.0866000000000002,0.12596800000000002,16.4788,2121,6,3,50340912
tiledb,rank,4096,0,cold,window_4096,1024,,,512,5,19.594896992202848,68841472,68841472,68841472,0.109116446,4096,3641,,0.888916015625,,1.1249656687723153,,,,,,2810,8,12231168,8301395968,0.114339,0.033319,0.03092,0.008739,0.00703,18.984837,0.00884,0.0,0.0,0.06844,0.173057,15.438419,0.0,0.081199,0.02547,0.170148,0.0114,2048,1832,1413,1,14656,3751936,3751936,0.984735,0.643159,1.43689,11.3505,2.25664,0.15081799999999998,15.378400000000001,1413,4,2,33560608
tiledb,rank,4096,0,cold,window_4096,1024,,,512,6,19.719944975804538,68833280,68833280,68833280,0.097654064,4096,3622,,0.88427734375,,1.1308669243511873,,,,,,2835,8,12198400,8301293568,0.161388,0.03311,0.033589,0.00914,0.00697,19.063656,0.00955,0.0,0.0,0.08474799999999999,0.172098,15.271332,0.0,0.081438,0.02669,0.178587,0.01086,2048,1816,1415,1,14528,3719168,3719168,0.940546,0.609768,1.37202,11.3837,2.1194,0.13695800000000002,15.2059,1415,4,2,33560608
tiledb,rank,4096,0,cold,window_4096,1024,,,512,7,22.668801015242934,68747264,68747264,68747264,0.11401917,4096,3640,,0.888671875,,1.1252747252747253,,,,,,2834,8,16908800,8301596672,0.110158,0.032059,0.03745,0.0089,0.007209,13.988532,0.00632,0.0,0.0,0.045049000000000006,0.085599,12.474664,0.0,0.047899,0.02316,8.280306,0.01185,1024,912,704,1,7296,1867776,1867776,0.72234,0.459435,0.974956,10.283000000000001,0.896796,0.127188,12.403,704,2,1,16780304
tiledb,rank,4096,0,cold,window_4096,1024,,,512,8,15.574118006043136,68767744,68767744,68767744,0.074316541,4096,3636,,0.8876953125,,1.1265126512651265,,,,,,2812,8,8231424,8300670976,0.125718,0.03218,0.03341,0.008199,0.00624,14.10622,0.00634,0.0,0.0,0.05348,0.092218,12.220308,0.0,0.047929,0.02199,1.071454,0.011319,1024,914,692,1,7312,1871872,1871872,0.72701,0.464314,0.949826,10.0068,0.9597559999999999,0.159968,12.179300000000001,692,2,1,16780304
tiledb,rank,4096,0,cold,window_4096,1024,,,512,9,18.297976988833398,68726784,68726784,68726784,0.089501175,4096,3644,,0.8896484375,,1.12403951701427,,,,,,2842,8,12229120,8300978176,0.098109,0.03245,0.031349,0.00927,0.00713,17.702516,0.00912,0.0,0.0,0.071729,0.170057,15.108825,0.0,0.081329,0.026259,0.174328,0.010759,2048,1831,1424,1,14648,3749888,3749888,0.907827,0.5638690000000001,1.31186,11.5299,1.86758,0.173007,15.048499999999999,1424,4,2,33560608
tiledb,rank,4096,0,cold,window_4096,8192,,,512,0,20.120810018852353,68870144,68870144,68870144,0.10750801,32768,14167,,0.432342529296875,,2.3129808710383286,,,,,,1951,8,82389504,8303337472,0.160548,0.0,0.0,0.00834,0.0,0.00023,0.0,0.0,0.0,0.0,0.0,0.0,0.0,0.0,0.0,19.820475,0.016219,0,0,0,0,0,0,0,0.0,0.0,0.0,0.0,0.0,0.0,0.0,0,0,0,0
tiledb,rank,4096,0,cold,window_4096,8192,,,512,1,19.47408902924508,68681728,68681728,68681728,0.105247806,32768,14213,,0.433746337890625,,2.3054949693942164,,,,,,1879,8,82379264,8303226880,0.171647,0.0,0.0,0.00807,0.0,0.00025,0.0,0.0,0.0,0.0,0.0,0.0,0.0,0.0,0.0,19.177864,0.01712,0,0,0,0,0,0,0,0.0,0.0,0.0,0.0,0.0,0.0,0.0,0,0,0,0
tiledb,rank,4096,0,cold,window_4096,8192,,,512,2,19.574687990825623,68558848,68558848,68558848,0.094952605,32768,14204,,0.4334716796875,,2.3069557871022246,,,,,,1906,8,82356736,8303550464,0.201077,0.088338,0.02945,0.00863,0.00798,17.649426,0.026719,0.0,0.0,0.05722,0.120928,14.489163,0.0,0.269886,0.03564,1.154532,0.01752,16384,7093,953,1,56744,14526464,14526464,0.735939,0.481512,1.01077,11.1092,1.82822,0.354455,14.4434,953,4,2,33560608
tiledb,rank,4096,0,cold,window_4096,8192,,,512,3,19.538538996130228,68759552,68759552,68759552,0.098082628,32768,14142,,0.43157958984375,,2.317069721397256,,,,,,1925,8,82248192,8303276032,0.165698,0.092809,0.02876,0.009239,0.00732,17.611908,0.02428,0.0,0.0,0.056248000000000006,0.123639,14.483394,0.0,0.269756,0.034319,1.178602,0.0175,16384,7040,985,1,56320,14417920,14417920,0.69695,0.444884,0.975966,10.8088,2.0625600000000004,0.439663,14.4367,985,4,3,33560608
tiledb,rank,4096,0,cold,window_4096,8192,,,512,4,19.044655957259238,68997120,68997120,68997120,0.086396729,32768,14161,,0.432159423828125,,2.3139608784690346,,,,,,1941,8,82276864,8303259648,0.167308,0.0,0.0,0.00787,0.0,0.00035,0.0,0.0,0.0,0.0,0.0,0.0,0.0,0.0,0.0,18.753321,0.017089,0,0,0,0,0,0,0,0.0,0.0,0.0,0.0,0.0,0.0,0.0,0,0,0,0
tiledb,rank,4096,0,cold,window_4096,8192,,,512,5,16.203527979087085,68837376,68837376,68837376,0.076494215,32768,14159,,0.432098388671875,,2.3142877321844764,,,,,,1930,8,58024448,8302776320,0.162168,0.090438,0.02732,0.00851,0.00729,14.356475,0.006019,0.0,0.0,0.03924,0.061689,12.605472,0.0,0.139438,0.02858,1.245611,0.01753,8192,3564,467,1,28512,7299072,7299072,0.587441,0.360796,0.7506290000000001,10.2296,1.00424,0.444123,12.552000000000001,467,2,1,16780304
tiledb,rank,4096,0,cold,window_4096,8192,,,512,6,23.935052973683923,69021696,69021696,69021696,0.125600309,32768,14144,,0.431640625,,2.316742081447964,,,,,,1913,8,106686976,8303767552,0.169688,0.074889,0.028579,0.00954,0.00856,21.594568,0.035499,0.0,0.0,0.06633900000000001,0.181897,17.149984,0.0,0.399004,0.050159,1.445228,0.0226,24576,10621,1426,1,84968,21751808,21751808,0.918577,0.5661210000000001,1.3247,12.0418,3.05154,0.494743,17.085900000000002,1426,6,3,50340912
tiledb,rank,4096,0,cold,window_4096,8192,,,512,7,16.226147999987006,68804608,68804608,68804608,0.076924801,32768,14119,,0.430877685546875,,2.3208442524258093,,,,,,1959,8,57993728,8302800896,0.182738,0.087659,0.02952,0.00864,0.007159,15.318332,0.0056,0.0,0.0,0.04259,0.068889,13.38019,0.0,0.141748,0.029699,0.291096,0.01689,8192,3519,489,1,28152,7206912,7206912,0.6735899999999999,0.462803,0.879707,10.543099999999999,1.43475,0.37047399999999997,13.3238,489,2,1,16780304
tiledb,rank,4096,0,cold,window_4096,8192,,,512,8,19.34850198449567,68620288,68620288,68620288,0.09007185300000001,32768,14169,,0.432403564453125,,2.312654386336368,,,,,,1899,8,82315776,8303267840,0.162698,0.0,0.0,0.00839,0.0,0.00022,0.0,0.0,0.0,0.0,0.0,0.0,0.0,0.0,0.0,19.059415,0.01795,0,0,0,0,0,0,0,0.0,0.0,0.0,0.0,0.0,0.0,0.0,0,0,0,0
tiledb,rank,4096,0,cold,window_4096,8192,,,512,9,18.623341980855912,68698112,68698112,68698112,0.090395069,32768,14168,,0.432373046875,,2.312817617165443,,,,,,1908,8,82338304,8303296512,0.166787,0.090878,0.02859,0.00833,0.0078,16.643012,0.00689,0.0,0.0,0.048209,0.119168,13.606537,0.0,0.271196,0.035049,1.213442,0.017829,16384,7084,943,1,56672,14508032,14508032,0.751599,0.5096010000000001,1.05544,10.2081,1.7243600000000001,0.365834,13.517,943,4,2,33560608
tiledb,rank,4096,0,cold,window_4096,65536,,,512,0,29.138744983356446,68857856,68857856,68857856,0.144677736,262144,16384,,0.0625,,16.0,,,,,,4,8,559415808,8306008064,0.281166,0.086169,0.030789,0.00904,0.00842,18.7838,0.039909,0.0,0.0,0.03354,0.00484,15.41356,0.0,0.310555,0.203377,9.106564,0.174687,131072,8192,2,1,65536,16777216,16777216,0.100199,0.046079999999999996,0.146818,12.799299999999999,1.94404,0.375845,15.393699999999999,2,4,2,33560608
tiledb,rank,4096,0,cold,window_4096,65536,,,512,1,22.0261009526439,68935680,68935680,68935680,0.092353248,262144,16384,,0.0625,,16.0,,,,,,4,8,414188032,8305700864,0.192687,0.079338,0.03406,0.01011,0.00738,14.382155,0.00568,0.0,0.0,0.04831,0.00479,12.582962,0.0,0.162608,0.098688,6.71053,0.185037,65536,4096,1,1,32768,8388608,8388608,0.05106,0.0257,0.08970900000000001,11.1612,0.890967,0.316955,12.5589,1,2,1,16780304
tiledb,rank,4096,0,cold,window_4096,65536,,,512,2,28.000493010040373,68694016,68694016,68694016,0.115531293,262144,16384,,0.0625,,16.0,,,,,,4,8,559415808,8306958336,0.198927,0.087789,0.035309,0.00946,0.00829,18.04833,0.031159,0.0,0.0,0.050739000000000006,0.00602,14.814499,0.0,0.309166,0.202597,8.761179,0.177587,131072,8192,2,1,65536,16777216,16777216,0.111598,0.045018,0.147888,12.3587,1.86615,0.310756,14.7901,2,4,2,33560608
tiledb,rank,4096,0,cold,window_4096,65536,,,512,3,24.558682984206825,68919296,68919296,68919296,0.101945635,262144,16384,,0.0625,,16.0,,,,,,4,8,559415808,8307089408,0.214827,0.078949,0.02914,0.00869,0.007329,13.491959,0.00516,0.0,0.0,0.031310000000000004,0.00314,11.903982,0.0,0.161728,0.096808,10.164189,0.166207,65536,4096,1,1,32768,8388608,8388608,0.031129,0.01182,0.075338,10.4178,1.01519,0.291275,11.8844,1,2,1,16780304
tiledb,rank,4096,0,cold,window_4096,65536,,,512,4,27.581767993979156,68767744,68767744,68767744,0.116626659,262144,16384,,0.0625,,16.0,,,,,,4,8,559415808,8306941952,0.199217,0.087389,0.03388,0.008599,0.00779,17.483649,0.00826,0.0,0.0,0.03654,0.00466,14.382515,0.0,0.309256,0.201837,8.940336,0.177078,131072,8192,2,1,65536,16777216,16777216,0.188467,0.14849700000000002,0.23648699999999998,11.338600000000001,2.31067,0.357654,14.3621,2,4,2,33560608
tiledb,rank,4096,0,cold,window_4096,65536,,,512,5,28.074091009330004,69079040,69079040,69079040,0.118571946,262144,16384,,0.0625,,16.0,,,,,,4,8,559415808,8306950144,0.199337,0.086779,0.03305,0.0086,0.008229,17.979182,0.00857,0.0,0.0,0.036,0.00513,14.951877,0.0,0.309836,0.201107,8.925197,0.178758,131072,8192,2,1,65536,16777216,16777216,0.117889,0.07958,0.177978,11.5633,2.71393,0.353195,14.9315,2,4,2,33560608
tiledb,rank,4096,0,cold,window_4096,65536,,,512,6,27.636817016173154,68640768,68640768,68640768,0.116464787,262144,16384,,0.0625,,16.0,,,,,,4,8,559415808,8306937856,0.191747,0.086308,0.03415,0.00875,0.0081,17.632516,0.008779,0.0,0.0,0.03633,0.00503,14.585622,0.0,0.308006,0.199197,8.854628,0.177477,131072,8192,2,1,65536,16777216,16777216,0.098799,0.056978999999999995,0.137598,11.139899999999999,2.83345,0.322415,14.5649,2,4,2,33560608
tiledb,rank,4096,0,cold,window_4096,65536,,,512,7,27.61278802063316,68853760,68853760,68853760,0.117039907,262144,16384,,0.0625,,16.0,,,,,,4,8,559415808,8306933760,0.194797,0.087109,0.035629,0.00969,0.00825,17.39547,0.028219,0.0,0.0,0.05665,0.006719,14.08597,0.0,0.341125,0.204107,8.997646,0.177147,131072,8192,2,1,65536,16777216,16777216,0.206517,0.142018,0.24941600000000003,11.1772,2.27711,0.226857,14.0593,2,4,2,33560608
tiledb,rank,4096,0,cold,window_4096,65536,,,512,8,23.316871956922114,68665344,68665344,68665344,0.094764316,262144,16384,,0.0625,,16.0,,,,,,4,8,559415808,8306941952,0.186997,0.080929,0.034859,0.00898,0.00732,13.3806,0.00509,0.0,0.0,0.055219,0.00554,11.443929,0.0,0.162048,0.099758,9.034525,0.168488,65536,4096,1,1,32768,8388608,8388608,0.067129,0.04289,0.11367899999999999,10.121500000000001,0.789678,0.30044499999999996,11.4169,1,2,1,16780304
tiledb,rank,4096,0,cold,window_4096,65536,,,512,9,28.633472975343466,68714496,68714496,68714496,0.12623553599999998,262144,16384,,0.0625,,16.0,,,,,,4,8,559415808,8306933760,0.216717,0.086769,0.03282,0.008849,0.00798,18.698931,0.02917,0.0,0.0,0.036259,0.00498,14.932557,0.0,0.311656,0.204097,8.761689,0.176367,131072,8192,2,1,65536,16777216,16777216,0.132378,0.063368,0.180887,11.563199999999998,2.71869,0.34045499999999995,14.9105,2,4,2,33560608
tiledb,rank,4096,0,cold,window_65536,1024,,,512,0,132.99372600158677,572243968,572243968,572243968,0.761213962,4096,4062,,0.99169921875,,1.0083702609551946,,,,,,4010,68,12646912,8307335168,0.126018,0.034559,0.043909,0.01361,0.00751,131.971661,0.00421,0.0,0.0,0.120448,0.259226,107.107962,0.0,0.123008,0.04725,0.221757,0.015569,2048,2035,2010,1,16280,4167680,4167680,1.1292,0.74966,1.7297600000000002,89.637,15.1015,0.12906800000000002,107.00500000000001,2010,34,4,285265168
tiledb,rank,4096,0,cold,window_65536,1024,,,512,1,134.5124429790303,571973632,571973632,571973632,0.860211113,4096,4056,,0.990234375,,1.009861932938856,,,,,,3995,68,12636672,8307773440,0.203227,0.0346,0.042429,0.01027,0.00746,133.554698,0.01176,0.0,0.0,0.118667,0.238807,109.052373,0.0,0.116828,0.048219,0.156898,0.01655,2048,2030,2005,1,16240,4157440,4157440,1.16371,0.7716500000000001,1.7920399999999999,91.3829,15.2514,0.139988,108.952,2005,34,4,285265168
tiledb,rank,4096,0,cold,window_65536,1024,,,512,2,147.16052502626553,572194816,572194816,572194816,0.829961245,4096,4066,,0.99267578125,,1.0073782587309394,,,,,,4000,68,16908800,8308187136,0.144228,0.03381,0.040469,0.01,0.00728,113.496687,0.00505,0.0,0.0,0.108288,0.129548,98.614929,0.0,0.085739,0.045769,32.943179,0.015889,1024,1016,1004,1,8128,2080768,2080768,0.8837769999999999,0.6056119999999999,1.22967,88.7849,8.182699999999999,0.074869,98.54820000000001,1004,17,2,142632584
tiledb,rank,4096,0,cold,window_65536,1024,,,512,3,122.22669698530808,513085440,513085440,513085440,0.824658718,4096,4061,,0.991455078125,,1.0086185668554544,,,,,,4014,67,12636672,8308195328,0.136428,0.035,0.041229,0.01217,0.00768,121.241991,0.01326,0.0,0.0,0.151428,0.251056,96.908864,0.0,0.121888,0.04603,0.216627,0.015399,2048,2030,2004,1,16240,4157440,4157440,1.16933,0.7888580000000001,1.73906,79.9942,14.5662,0.143478,96.8107,2004,33,4,276875016
tiledb,rank,4096,0,cold,window_65536,1024,,,512,4,142.51949300523847,572133376,572133376,572133376,0.784140186,4096,4063,,0.991943359375,,1.008122077282796,,,,,,3989,68,12651008,8307732480,0.277486,0.0,0.0,0.00831,0.0,0.0004,0.0,0.0,0.0,0.0,0.0,0.0,0.0,0.0,0.0,142.007212,0.034789,0,0,0,0,0,0,0,0.0,0.0,0.0,0.0,0.0,0.0,0.0,0,0,0,0
tiledb,rank,4096,0,cold,window_65536,1024,,,512,5,132.99888599431142,572383232,572383232,572383232,0.808611624,4096,4066,,0.99267578125,,1.0073782587309394,,,,,,3991,68,12640768,8307707904,0.222897,0.03432,0.042389,0.00947,0.00651,113.869001,0.00285,0.0,0.0,0.085659,0.125098,98.908054,0.0,0.091039,0.043429,18.337116,0.01608,1024,1013,995,1,8104,2074624,2074624,0.776669,0.496465,1.12411,88.8617,8.44587,0.094268,98.80890000000001,995,17,2,142632584
tiledb,rank,4096,0,cold,window_65536,1024,,,512,6,132.33606598805636,572346368,572346368,572346368,0.826289963,4096,4064,,0.9921875,,1.0078740157480315,,,,,,3991,68,12642816,8307257344,0.155168,0.0,0.0,0.00943,0.0,0.0007,0.0,0.0,0.0,0.0,0.0,0.0,0.0,0.0,0.0,131.927732,0.01596,0,0,0,0,0,0,0,0.0,0.0,0.0,0.0,0.0,0.0,0.0,0,0,0,0
tiledb,rank,4096,0,cold,window_65536,1024,,,512,7,132.74814002215862,571813888,571813888,571813888,0.873614935,4096,4069,,0.993408203125,,1.0066355369869746,,,,,,4004,68,12651008,8307236864,0.170158,0.033659,0.041689,0.00936,0.00631,119.738304,0.00291,0.0,0.0,0.08582899999999999,0.127918,106.467192,0.0,0.077849,0.041229,12.333806,0.014129,1024,1014,994,1,8112,2076672,2076672,0.9172170000000001,0.5881000000000001,1.29477,91.06599999999999,13.6348,0.079118,106.36800000000001,994,17,2,142632584
tiledb,rank,4096,0,cold,window_65536,1024,,,512,8,133.85913299862295,572080128,572080128,572080128,0.751083766,4096,4062,,0.99169921875,,1.0083702609551946,,,,,,3989,68,12636672,8307216384,0.124848,0.033989,0.04124,0.01033,0.007199,115.133013,0.00928,0.0,0.0,0.096719,0.124198,99.987228,0.0,0.086839,0.043559,18.036491,0.0159,1024,1017,999,1,8136,2082816,2082816,0.817288,0.51472,1.12096,90.14529999999999,8.29673,0.081589,99.9261,999,17,2,142632584
tiledb,rank,4096,0,cold,window_65536,1024,,,512,9,148.46061501884833,572239872,572239872,572239872,0.959370581,4096,4073,,0.994384765625,,1.005646943285048,,,,,,4003,68,16908800,8308035584,0.131908,0.098579,0.036929,0.01237,0.0056,147.341022,0.016,0.0,0.0,0.18517699999999998,0.367685,112.827527,0.0,0.156187,0.05188,0.258166,0.01517,3072,3054,3000,1,24432,6254592,6254592,1.5795,1.04718,2.5662100000000003,90.34309999999999,19.0568,0.19009800000000002,112.676,3000,51,6,427897752
tiledb,rank,4096,0,cold,window_65536,8192,,,512,0,142.89864798774943,512843776,512843776,512843776,0.987893017,32768,30805,,0.940093994140625,,1.06372342152248,,,,,,27252,68,99361280,8330960896,0.295536,0.0,0.0,0.01701,0.0,0.00112,0.0,0.0,0.0,0.0,0.0,0.0,0.0,0.0,0.0,142.272528,0.032739,0,0,0,0,0,0,0,0.0,0.0,0.0,0.0,0.0,0.0,0.0,0,0,0,0
tiledb,rank,4096,0,cold,window_65536,8192,,,512,1,142.2144680400379,572030976,572030976,572030976,0.930343337,32768,30786,,0.93951416015625,,1.0643799129474436,,,,,,27198,68,99353088,8321724416,0.222016,0.093239,0.036989,0.01156,0.0094,139.641866,0.018779,0.0,0.0,0.365435,1.534177,110.919055,0.0,0.596382,0.055809,1.191742,0.0237,16384,15392,13582,1,123136,31522816,31522816,3.32409,2.30072,6.42305,87.61489999999999,14.926200000000001,0.62697,110.306,13582,34,4,285265168
tiledb,rank,4096,0,cold,window_65536,8192,,,512,2,177.175726974383,572276736,572276736,572276736,1.219027973,32768,30757,,0.938629150390625,,1.06538348993725,,,,,,27096,68,132207104,8325255168,0.225027,0.093158,0.03656,0.01135,0.00811,112.792807,0.028259,0.0,0.0,0.322784,0.73476,95.711852,0.0,0.319595,0.053899,63.268106,0.023659,8192,7675,6759,1,61400,15718400,15718400,2.1692,1.3680700000000001,3.60016,83.08500000000001,8.02976,0.296695,95.4475,6759,17,2,142632584
tiledb,rank,4096,0,cold,window_65536,8192,,,512,3,163.5233810520731,572100608,572100608,572100608,1.084625939,32768,30775,,0.939178466796875,,1.0647603574329814,,,,,,27218,68,132239872,8332091392,0.363845,0.081389,0.03635,0.00929,0.010689,160.278929,0.085169,0.0,0.0,0.6681400000000001,2.286345,124.455854,0.0,0.879687,0.074829,1.491818,0.02315,24576,23098,20430,1,184784,47304704,47304704,5.6673599999999995,3.60265,10.7685,89.6223,21.3103,0.854707,123.789,20430,51,6,427897752
tiledb,rank,4096,0,cold,window_65536,8192,,,512,4,145.6459269975312,572084224,572084224,572084224,1.016321805,32768,30823,,0.940643310546875,,1.0631022288550758,,,,,,27323,68,99406336,8332058624,0.262926,0.092709,0.037029,0.00935,0.00893,143.069225,0.055309,0.0,0.0,0.418684,1.467218,114.542091,0.0,0.598601,0.05562,1.200732,0.02248,16384,15418,13660,1,123344,31576064,31576064,4.21341,3.0064599999999997,7.39607,90.4076,14.7995,0.762359,114.096,13660,34,4,285265168
tiledb,rank,4096,0,cold,window_65536,8192,,,512,5,162.32869803206995,572235776,572235776,572235776,1.100539518,32768,30803,,0.940032958984375,,1.0637924877447003,,,,,,27123,68,132266496,8335339520,0.215006,0.078269,0.037429,0.01085,0.01085,159.125876,0.077479,0.0,0.0,0.69387,2.223637,121.98921,0.0,0.904617,0.065469,1.496787,0.02276,24576,23111,20368,1,184888,47331328,47331328,5.8987099999999995,4.00218,10.6968,84.4573,23.5615,0.894247,121.212,20368,51,6,427897752
tiledb,rank,4096,0,cold,window_65536,8192,,,512,6,163.48459100117907,572133376,572133376,572133376,1.021449578,32768,30827,,0.940765380859375,,1.0629642845557465,,,,,,27278,68,132266496,8328642560,0.301875,0.092319,0.035269,0.00973,0.0079,117.759553,0.032709,0.0,0.0,0.283426,0.732549,101.562665,0.0,0.309405,0.03792,44.727872,0.01999,8192,7716,6798,1,61728,15802368,15802368,2.88177,1.98334,4.65984,83.1743,12.712,0.354435,101.335,6798,17,2,142632584
tiledb,rank,4096,0,cold,window_65536,8192,,,512,7,141.7190760257654,572104704,572104704,572104704,0.88724379,32768,30720,,0.9375,,1.0666666666666667,,,,,,27171,68,99363328,8328269824,0.231026,0.094099,0.038079,0.01002,0.00937,139.113604,0.014859,0.0,0.0,0.37962399999999996,1.579657,112.375534,0.0,0.602671,0.057869,1.237121,0.02219,16384,15397,13609,1,123176,31533056,31533056,4.34371,3.15873,7.850950000000001,87.47720000000001,15.362499999999999,0.586511,112.068,13609,34,4,285265168
tiledb,rank,4096,0,cold,window_65536,8192,,,512,8,141.4212000090629,572010496,572010496,572010496,0.931150492,32768,30797,,0.939849853515625,,1.0639997402344383,,,,,,27099,68,99377664,8321404928,0.211067,0.093599,0.036599,0.01182,0.00937,139.113354,0.014689,0.0,0.0,0.34458500000000003,1.558947,111.575665,0.0,0.604851,0.058849,0.919796,0.02139,16384,15404,13582,1,123232,31547392,31547392,3.15821,2.12984,6.32612,88.73150000000001,14.7592,0.634281,111.18599999999999,13582,34,4,285265168
tiledb,rank,4096,0,cold,window_65536,8192,,,512,9,140.72456100257114,572321792,572321792,572321792,0.9064339260000001,32768,30842,,0.94122314453125,,1.0624473121068672,,,,,,27185,68,99465728,8321486848,0.216457,0.093289,0.035679,0.01171,0.00961,138.124859,0.01477,0.0,0.0,0.342335,1.540657,110.391233,0.0,0.603421,0.05844,1.206722,0.02185,16384,15447,13599,1,123576,31635456,31635456,3.59882,2.61359,7.207599999999999,86.1995,15.166300000000001,0.703079,110.029,13599,34,4,285265168
tiledb,rank,4096,0,cold,window_65536,65536,,,512,0,178.1243429868482,572231680,572231680,572231680,1.2973578110000001,262144,165856,,0.6326904296875,,1.580551803974532,,,,,,61164,68,712583680,8358576128,0.347075,0.091229,0.038109,0.01242,0.02007,154.301128,0.068599,0.0,0.0,0.8139780000000001,3.390819,121.828403,0.0,3.062854,0.322925,19.44454,0.170958,131072,82875,30552,1,663000,169728000,169728000,6.90337,4.47391,13.9647,87.2043,16.0872,2.30005,120.854,30552,34,4,285265168
tiledb,rank,4096,0,cold,window_65536,65536,,,512,1,160.65263299969956,571867136,571867136,571867136,1.038986213,262144,165959,,0.6330833435058594,,1.579570857862484,,,,,,60814,68,712618496,8342396928,0.269966,0.091208,0.03944,0.01111,0.020169,147.424991,0.071539,0.0,0.0,0.6599790000000001,3.659536,116.010979,0.0,3.024885,0.326465,8.936647,0.187947,131072,82998,30457,1,663984,169979904,169979904,8.2527,6.38482,16.0699,81.37419999999999,14.1356,2.3994,115.39,30457,34,4,285265168
tiledb,rank,4096,0,cold,window_65536,65536,,,512,2,159.37009296612814,572219392,572219392,572219392,1.164472442,262144,165848,,0.632659912109375,,1.580628044956828,,,,,,60850,68,712507904,8343752704,0.253746,0.091689,0.039809,0.0128,0.020179,146.197029,0.065819,0.0,0.0,0.64119,3.417259,116.553331,0.0,3.015985,0.324175,8.882047,0.181208,131072,82817,30510,1,662536,169609216,169609216,6.8829199999999995,5.41579,14.0088,82.2178,15.920799999999998,2.38701,115.861,30510,34,4,285265168
tiledb,rank,4096,0,cold,window_65536,65536,,,512,3,140.49583399901167,572252160,572252160,572252160,1.043440122,262144,166012,,0.6332855224609375,,1.5790665735007108,,,,,,60943,68,491092480,8333541376,0.237937,0.082958,0.03848,0.0133,0.013079,127.749905,0.03417,0.0,0.0,0.359044,1.676846,105.90625,0.0,1.568926,0.169947,10.093409,0.177858,65536,41458,15281,1,331664,84905984,84905984,3.20944,2.22968,6.075200000000001,89.4987,7.750240000000001,1.49812,105.46300000000001,15281,17,2,142632584
tiledb,rank,4096,0,cold,window_65536,65536,,,512,4,174.11064205225557,572133376,572133376,572133376,1.242210394,262144,165653,,0.6319160461425781,,1.5824886962505962,,,,,,61016,68,712317440,8342462464,0.258206,0.091399,0.038329,0.01148,0.0195,161.009398,0.185967,0.0,0.0,0.9216570000000001,3.29402,129.409399,0.0,3.018245,0.323895,8.822309,0.180137,131072,82851,30470,1,662808,169678848,169678848,8.60576,6.46251,16.1442,81.569,26.6063,2.49343,128.469,30470,34,4,285265168
tiledb,rank,4096,0,cold,window_65536,65536,,,512,5,170.18085101153702,572211200,572211200,572211200,1.231151164,262144,165510,,0.6313705444335938,,1.5838559603649327,,,,,,61220,68,712319488,8343973888,0.255016,0.089248,0.03646,0.012009,0.01962,157.188795,0.067479,0.0,0.0,0.656869,3.529218,127.509478,0.0,3.022975,0.326515,8.692431,0.184797,131072,82852,30543,1,662816,169680896,169680896,9.51886,7.205030000000001,17.5592,82.8179,23.043,2.07821,126.84400000000001,30543,34,4,285265168
tiledb,rank,4096,0,cold,window_65536,65536,,,512,6,159.2279049800709,572145664,572145664,572145664,0.93509466,262144,165794,,0.6324539184570312,,1.581142864036093,,,,,,61155,68,712507904,8344219648,0.249726,0.096059,0.037499,0.0101,0.02058,146.179049,0.145088,0.0,0.0,0.875007,3.256511,117.143522,0.0,3.018825,0.323035,8.783369,0.181468,131072,82920,30640,1,663360,169820160,169820160,6.2666900000000005,4.20943,13.0307,85.3128,14.2261,2.34139,116.19500000000001,30640,34,4,285265168
tiledb,rank,4096,0,cold,window_65536,65536,,,512,7,176.53059703297913,572166144,572166144,572166144,1.2771309259999999,262144,165392,,0.63092041015625,,1.5849859727193576,,,,,,60775,68,712507904,8362717184,0.256266,0.090198,0.0383,0.01059,0.019709,163.509961,0.305926,0.0,0.0,1.227832,3.247312,132.266026,0.0,3.004245,0.323355,8.768189,0.182397,131072,82505,30426,1,660040,168970240,168970240,7.7017,5.57641,14.777000000000001,90.1975,22.8372,2.26884,131.334,30426,34,4,285265168
tiledb,rank,4096,0,cold,window_65536,65536,,,512,8,158.353288017679,572133376,572133376,572133376,0.942419551,262144,165709,,0.6321296691894531,,1.5819539071504867,,,,,,60901,68,712507904,8352477184,0.268836,0.081349,0.037689,0.0107,0.01129,128.64114,0.036279,0.0,0.0,0.47545299999999996,1.738884,110.833636,0.0,1.534028,0.173157,27.097596,0.169688,65536,41383,15227,1,331064,84752384,84752384,4.55487,3.52802,8.54001,88.10669999999999,12.0412,1.17519,110.512,15227,17,3,142632584
tiledb,rank,4096,0,cold,window_65536,65536,,,512,9,204.75208503194153,571936768,571936768,571936768,1.382915661,262144,165707,,0.6321220397949219,,1.5819730005370927,,,,,,61063,68,934060544,8364122112,0.275356,0.094648,0.0375,0.010119,0.02367,187.581342,0.105768,0.0,0.0,1.118343,5.351621,146.532384,0.0,4.504172,0.481583,11.232383,0.181257,196608,124308,45789,1,994464,254582784,254582784,12.6248,8.94581,25.6159,80.0266,33.9092,3.22686,145.14,45789,51,6,427897752
tiledb,rank,4096,0,warm,random,1024,,,512,0,480.8940259972587,0,0,0,15.466735536,4096,4095,,0.999755859375,,1.0002442002442002,,,,,,4095,3659,8514560,8309116928,0.131868,0.03439,0.041059,0.01355,0.00791,479.954599,0.010879,0.0,0.0,0.110629,0.146878,385.484009,0.0,0.083129,0.044239,0.125378,0.01534,1013,1013,1013,1,8104,2074624,2074624,1.13815,0.744209,1.6016,269.601,280.52,0.652149,385.418,1013,648,253,5436818496
tiledb,rank,4096,0,warm,random,1024,,,512,1,484.8816759767942,0,0,0,14.86545638,4096,4096,,1.0,,1.0,,,,,,4096,3621,8498176,8309043200,0.142168,0.031409,0.03852,0.009939,0.00527,445.472434,0.00992,0.0,0.0,0.106658,0.138998,341.401217,0.0,0.086449,0.042849,38.652853,0.01661,1006,1006,1005,1,8048,2060288,2060288,1.02673,0.6573100000000001,1.43398,270.44800000000004,248.98899999999998,0.770069,341.325,1005,648,257,5436818496
tiledb,rank,4096,0,warm,random,1024,,,512,2,479.53848604811355,0,0,0,15.234781024,4096,4095,,0.999755859375,,1.0002442002442002,,,,,,4095,3611,8600576,8308969472,0.131758,0.03392,0.041159,0.00986,0.00743,461.321297,0.00921,0.0,0.0,0.105458,0.133848,367.799363,0.0,0.091909,0.043619,17.507018,0.01619,993,993,993,1,7944,2033664,2033664,1.0626,0.686309,1.5302799999999999,286.812,265.60499999999996,0.847618,367.71999999999997,993,606,252,5084432112
tiledb,rank,4096,0,warm,random,1024,,,512,3,483.7001139530912,0,0,0,14.669948509000001,4096,4096,,1.0,,1.0,,,,,,4096,3634,8465408,8308953088,0.126978,0.033919,0.03984,0.00916,0.0074,482.848936,0.006419,0.0,0.0,0.11431,0.147947,385.548588,0.0,0.088079,0.046029,0.126199,0.015719,1030,1030,1028,1,8240,2109440,2109440,1.19196,0.8015770000000001,1.65073,266.50800000000004,279.645,0.743289,385.47700000000003,1028,635,249,5327746520
tiledb,rank,4096,0,warm,random,1024,,,512,4,472.00425900518894,0,0,0,14.630615359,4096,4096,,1.0,,1.0,,,,,,4096,3603,8522752,8308781056,0.125408,0.033399,0.04001,0.0096,0.0064,450.963182,0.00812,0.0,0.0,0.104929,0.150528,346.703347,0.0,0.086169,0.044829,20.349597,0.015529,1044,1044,1044,1,8352,2138112,2138112,1.02476,0.6711100000000001,1.4646,281.979,254.479,0.729269,346.637,1044,657,245,5512329864
tiledb,rank,4096,0,warm,random,1024,,,512,5,485.8184320037253,0,0,0,15.116344326,4096,4096,,1.0,,1.0,,,,,,4096,3624,8563712,8308744192,0.148817,0.03352,0.040289,0.00881,0.00659,438.921872,0.0027,0.0,0.0,0.108818,0.124448,334.311433,0.0,0.087618,0.04602,46.176301,0.01524,994,994,994,1,7952,2035712,2035712,1.0864099999999999,0.68501,1.5483,275.885,245.429,0.874313,334.235,994,635,256,5327746520
tiledb,rank,4096,0,warm,random,1024,,,512,6,476.2462249491364,0,0,0,14.868240772,4096,4096,,1.0,,1.0,,,,,,4096,3624,8565760,8308727808,0.125418,0.034689,0.04184,0.009459,0.00662,429.00319,0.00672,0.0,0.0,0.111959,0.126408,326.342331,0.0,0.087509,0.125478,46.467497,0.01599,993,993,993,1,7944,2033664,2033664,1.04824,0.667089,1.49226,281.776,250.543,0.7789980000000001,326.26500000000004,993,636,250,5336136672
tiledb,rank,4096,0,warm,random,1024,,,512,7,478.8449970073998,0,0,0,14.550881236,4096,4096,,1.0,,1.0,,,,,,4095,3638,8539136,8308715520,0.153388,0.033979,0.040579,0.00869,0.00754,471.669023,0.00743,0.0,0.0,0.097198,0.157238,379.721405,0.0,0.088269,0.04344,6.454574,0.015039,1034,1034,1034,1,8272,2117632,2117632,1.22749,0.830444,1.66072,283.937,252.423,0.936757,379.656,1034,649,255,5445208648
tiledb,rank,4096,0,warm,random,1024,,,512,8,480.3565539768897,0,0,0,14.540422645,4096,4096,,1.0,,1.0,,,,,,4096,3610,8625152,8308662272,0.169408,0.03421,0.041669,0.0099,0.00726,479.484437,0.01063,0.0,0.0,0.098278,0.135688,382.444265,0.0,0.086828,0.04606,0.124458,0.01581,1021,1021,1021,1,8168,2091008,2091008,1.1936,0.836686,1.67322,265.122,280.71299999999997,0.846958,382.379,1021,649,239,5445208648
tiledb,rank,4096,0,warm,random,1024,,,512,9,493.3169499854557,0,0,0,14.810163317,4096,4096,,1.0,,1.0,,,,,,4096,3596,8637440,8308690944,0.148008,0.033629,0.04235,0.009039,0.00665,445.954477,0.00679,0.0,0.0,0.103708,0.150458,344.900325,0.0,0.086909,0.047059,46.643704,0.015829,1036,1036,1036,1,8288,2121728,2121728,1.2518099999999999,0.844331,1.70433,288.625,242.938,0.672619,344.83200000000005,1036,640,248,5369697280
tiledb,rank,4096,0,warm,random,8192,,,512,0,698.6157769570127,0,0,0,21.184611443,32768,32755,,0.999603271484375,,1.0003968859716075,,,,,,32736,14178,67732480,8317984768,0.206777,0.093418,0.03741,0.01269,0.008749,696.881024,0.00882,0.0,0.0,0.244226,0.975396,593.743812,0.0,0.338895,0.052739,0.587092,0.021859,8252,8243,8223,1,65944,16881664,16881664,3.14453,2.24815,5.65918,496.229,357.133,1.76355,593.5350000000001,8223,1024,96,8591515648
tiledb,rank,4096,0,warm,random,8192,,,512,1,698.1975740054622,0,0,0,20.948310624999998,32768,32756,,0.9996337890625,,1.0003663450970814,,,,,,32741,14191,67911168,8317939712,0.219377,0.089719,0.03543,0.009429,0.007,696.47991,0.00846,0.0,0.0,0.23061700000000002,0.911066,597.157001,0.0,0.336975,0.053269,0.605911,0.02193,8124,8118,8105,1,64944,16625664,16625664,2.90935,2.2500799999999996,5.39528,470.16200000000003,404.499,2.00731,596.955,8105,1024,96,8591515648
tiledb,rank,4096,0,warm,random,8192,,,512,2,684.2598210205324,0,0,0,18.961056819,32768,32755,,0.999603271484375,,1.0003968859716075,,,,,,32742,14161,67993088,8317603840,0.240696,0.093968,0.03584,0.010529,0.00822,682.445439,0.00854,0.0,0.0,0.240296,1.077004,583.413927,0.0,0.345295,0.126218,0.595531,0.02218,8314,8307,8289,1,66456,17012736,17012736,3.31611,2.30787,6.0219499999999995,461.911,384.821,1.92739,583.203,8289,1023,98,8583125496
tiledb,rank,4096,0,warm,random,8192,,,512,3,674.3488290230744,0,0,0,19.037634435,32768,32764,,0.9998779296875,,1.0001220852154804,,,,,,32746,14169,67921408,8317636608,0.198767,0.091509,0.035879,0.01015,0.00861,585.901059,0.00857,0.0,0.0,0.23415599999999998,0.884657,466.030128,0.0,0.340795,0.055979,87.346987,0.02186,8112,8104,8091,1,64832,16596992,16596992,2.2992500000000002,1.66716,4.575,379.38100000000003,275.15,1.81684,465.83200000000005,8091,1024,96,8591515648
tiledb,rank,4096,0,warm,random,8192,,,512,4,685.917787021026,0,0,0,18.770051764,32768,32757,,0.999664306640625,,1.0003358060872485,,,,,,32746,14132,67695616,8317607936,0.232476,0.093928,0.03531,0.00989,0.0081,684.240922,0.00819,0.0,0.0,0.251037,0.992175,601.91972,0.0,0.332275,0.036059,0.589611,0.054709,8243,8234,8225,1,65872,16863232,16863232,2.97873,2.01404,5.40737,468.03299999999996,323.621,1.84443,601.716,8225,1023,99,8583125496
tiledb,rank,4096,0,warm,random,8192,,,512,5,677.2274359827861,0,0,0,19.204141624000002,32768,32755,,0.999603271484375,,1.0003968859716075,,,,,,32745,14163,67773952,8317935616,0.268716,0.094079,0.034549,0.00951,0.00904,675.580221,0.00968,0.0,0.0,0.229377,0.842827,594.720227,0.0,0.320885,0.03681,0.573342,0.020469,8163,8152,8136,1,65216,16695296,16695296,2.8416,2.0226900000000003,5.325640000000001,474.923,327.334,2.11956,594.4430000000001,8136,1024,96,8591515648
tiledb,rank,4096,0,warm,random,8192,,,512,6,681.1865680501796,0,0,0,18.620516865,32768,32761,,0.999786376953125,,1.0002136686914318,,,,,,32749,14131,67986944,8318144512,0.279045,0.090399,0.036579,0.00951,0.00912,679.553602,0.00881,0.0,0.0,0.23089700000000002,0.835877,594.378482,0.0,0.325475,0.037689,0.557862,0.020629,8123,8113,8102,1,64904,16615424,16615424,3.42488,2.51804,5.83959,445.504,344.117,2.01737,594.112,8102,1024,96,8591515648
tiledb,rank,4096,0,warm,random,8192,,,512,7,668.789041985292,0,0,0,18.663550299,32768,32759,,0.999725341796875,,1.0002747336609787,,,,,,32739,14194,67814912,8318132224,0.214397,0.095308,0.03668,0.01185,0.008769,664.375779,0.00879,0.0,0.0,0.249427,0.913396,582.728736,0.0,0.334815,0.054829,3.184543,0.022349,8162,8157,8138,1,65256,16705536,16705536,2.70383,1.96528,5.262110000000001,478.35499999999996,346.32,1.9267500000000002,582.525,8138,1023,97,8583125496
tiledb,rank,4096,0,warm,random,8192,,,512,8,671.4139939867891,0,0,0,18.803522360000002,32768,32760,,0.999755859375,,1.0002442002442002,,,,,,32742,14084,67857920,8317796352,0.269946,0.092129,0.036979,0.01014,0.00835,644.13424,0.01253,0.0,0.0,0.237138,0.948395,543.134487,0.0,0.343565,0.052319,26.116541,0.022109,8284,8271,8253,1,66168,16939008,16939008,3.11369,2.1513299999999997,5.61298,425.402,321.93699999999995,1.88995,542.939,8253,1024,96,8591515648
tiledb,rank,4096,0,warm,random,8192,,,512,9,672.5082569755614,0,0,0,20.149174627,32768,32763,,0.999847412109375,,1.0001526111772425,,,,,,32736,14222,67913216,8318287872,0.279826,0.092679,0.035679,0.01075,0.00812,623.659996,0.03254,0.0,0.0,0.226797,0.907356,510.07693,0.0,0.369964,0.05261,47.645069,0.0239,8268,8254,8239,1,66032,16904192,16904192,2.5861899999999998,1.65689,4.96863,421.159,348.729,1.78781,509.87899999999996,8239,1024,96,8591515648
tiledb,rank,4096,0,warm,random,65536,,,512,0,766.851480002515,0,0,0,18.505152636,262144,261627,,0.9980278015136719,,1.0019760957393542,,,,,,260583,16384,540722688,8435564544,0.308145,0.087949,0.040419,0.01283,0.017019,760.090841,0.05213,0.0,0.0,1.309841,7.058254,658.698633,0.0,2.392444,0.206487,3.152933,0.179948,65873,65324,64261,1,522592,133783552,133783552,14.2027,11.687,31.849299999999996,414.508,291.86600000000004,6.88214,657.4449999999999,64261,1024,96,8591515648
tiledb,rank,4096,0,warm,random,65536,,,512,1,783.9218150475062,0,0,0,19.115442545,262144,261609,,0.9979591369628906,,1.0020450366768727,,,,,,260581,16384,540540416,8435859456,0.316575,0.086909,0.039049,0.01184,0.01646,777.113396,0.050709,0.0,0.0,1.288981,6.66069,691.702641,0.0,2.352655,0.270986,3.118563,0.178707,64997,64493,63493,1,515944,132081664,132081664,14.1383,11.6696,31.708199999999998,411.28700000000003,257.535,6.926640000000001,690.4820000000001,63493,1024,96,8591515648
tiledb,rank,4096,0,warm,random,65536,,,512,2,784.7628719755448,0,0,0,19.08588254,262144,261642,,0.9980850219726562,,1.0019186522041568,,,,,,260678,16384,540638208,8435707904,0.304566,0.087038,0.03848,0.01063,0.016819,778.116472,0.05151,0.0,0.0,1.33921,6.859248,688.081334,0.0,2.379424,0.194337,3.149863,0.180777,65833,65363,64336,1,522904,133863424,133863424,16.886499999999998,13.942400000000001,37.0931,407.82800000000003,276.579,7.25535,686.845,64336,1024,96,8591515648
tiledb,rank,4096,0,warm,random,65536,,,512,3,766.9180689845234,0,0,0,19.36629941,262144,261637,,0.9980659484863281,,1.0019377993173748,,,,,,260688,16384,540825600,8435949568,0.292546,0.083078,0.03849,0.01122,0.016849,760.353337,0.053149,0.0,0.0,1.289331,6.759859,657.205595,0.0,2.356265,0.189587,3.108284,0.181817,65238,64707,63683,1,517656,132519936,132519936,15.5941,13.1805,32.961400000000005,367.99,309.784,7.0656,655.9739999999999,63683,1024,96,8591515648
tiledb,rank,4096,0,warm,random,65536,,,512,4,756.100470025558,0,0,0,18.824240169,262144,261619,,0.9979972839355469,,1.0020067349848443,,,,,,260580,16384,539924992,8436064256,0.288635,0.085649,0.038239,0.01062,0.01663,749.421659,0.057409,0.0,0.0,1.276001,6.827518,645.048247,0.0,2.386905,0.204697,3.123923,0.181718,65555,65063,64038,1,520504,133249024,133249024,16.781000000000002,14.2709,33.8455,367.349,292.912,6.5003400000000005,643.817,64038,1024,96,8591515648
tiledb,rank,4096,0,warm,random,65536,,,512,5,748.9330869866535,0,0,0,18.463237642000003,262144,261647,,0.9981040954589844,,1.0018995058227307,,,,,,260634,16384,540025856,8436191232,0.283396,0.087789,0.039769,0.01163,0.01669,742.213357,0.051629,0.0,0.0,1.278101,6.741059,651.031228,0.0,2.385155,0.207647,3.150423,0.180017,65539,65060,64087,1,520480,133242880,133242880,14.6952,11.9948,34.166000000000004,434.367,311.003,7.41607,649.792,64087,1024,96,8591515648
tiledb,rank,4096,0,warm,random,65536,,,512,6,752.5880520115606,0,0,0,19.047836524,262144,261607,,0.9979515075683594,,1.0020526973666606,,,,,,260609,16384,540325888,8436527104,0.295975,0.084199,0.037999,0.01049,0.01581,745.906542,0.053319,0.0,0.0,1.287751,6.726389,648.19499,0.0,2.372364,0.205227,3.124384,0.183137,65212,64693,63685,1,517544,132491264,132491264,15.2225,12.8657,31.624100000000002,398.386,324.418,7.2364500000000005,646.9449999999999,63685,1024,96,8591515648
tiledb,rank,4096,0,warm,random,65536,,,512,7,756.2371079693548,0,0,0,20.066880117,262144,261597,,0.9979133605957031,,1.0020910025726595,,,,,,260572,16384,540128256,8436699136,0.321935,0.084419,0.039089,0.01048,0.01624,749.504168,0.056919,0.0,0.0,1.2803010000000001,6.784118,647.923574,0.0,2.376555,0.205267,3.149823,0.182827,65454,64925,63933,1,519400,132966400,132966400,13.6222,11.287,29.6567,399.113,357.688,7.04639,646.692,63933,1024,96,8591515648
tiledb,rank,4096,0,warm,random,65536,,,512,8,751.5776579966769,0,0,0,19.575106845,262144,261629,,0.9980354309082031,,1.0019684362207553,,,,,,260622,16384,540251136,8436772864,0.300436,0.113089,0.038829,0.01048,0.01698,744.838808,0.058089,0.0,0.0,1.291101,6.832188,633.775495,0.0,2.387014,0.283386,3.045585,0.180967,65704,65209,64220,1,521672,133548032,133548032,14.2164,11.8764,30.1001,381.93300000000005,310.433,7.1495999999999995,632.466,64220,1024,96,8591515648
tiledb,rank,4096,0,warm,random,65536,,,512,9,755.0991040188819,0,0,0,19.218343298,262144,261633,,0.9980506896972656,,1.0019531175348675,,,,,,260582,16384,540017664,8436899840,0.302376,0.084908,0.03789,0.01072,0.016699,748.410505,0.05462,0.0,0.0,1.34027,7.106484,649.905774,0.0,2.377334,0.203287,3.128403,0.181787,65478,64947,63974,1,519576,133011456,133011456,15.829200000000002,13.5326,31.7828,373.47999999999996,342.598,6.4532799999999995,648.649,63974,1024,96,8591515648
tiledb,rank,4096,0,warm,window_256,1024,,,512,0,8.610491990111768,0,0,0,0.0515287,4096,1002,,0.24462890625,,4.087824351297405,,,,,,25,4,12149248,8309616640,0.121019,0.03299,0.036679,0.00971,0.00734,3.559017,0.00157,0.0,0.0,0.053519,0.0061,2.629231,0.0,0.034369,0.02118,4.66437,0.0121,1024,254,3,1,2032,520192,520192,0.216047,0.136529,0.26335600000000003,1.73109,0.505053,0.03146,2.6052,3,1,1,8390152
tiledb,rank,4096,0,warm,window_256,1024,,,512,1,8.112208975944668,0,0,0,0.044942695,4096,1009,,0.246337890625,,4.059464816650149,,,,,,18,5,9511424,8309551104,0.109498,0.030499,0.03209,0.00873,0.00486,3.495687,0.00169,0.0,0.0,0.035088999999999995,0.00304,2.71949,0.0,0.02173,0.01962,4.259896,0.01233,1024,251,5,1,2008,514048,514048,0.250106,0.166488,0.290816,1.81708,0.490212,0.03761,2.7017,5,1,1,8390152
tiledb,rank,4096,0,warm,window_256,1024,,,512,2,7.064355013426393,0,0,0,0.042082694000000004,4096,1007,,0.245849609375,,4.067527308838133,,,,,,20,5,6859264,8309432320,0.135658,0.03241,0.035039,0.00886,0.00619,6.535023,0.00181,0.0,0.0,0.054369,0.00566,5.169643,0.0,0.023469,0.03061,0.137988,0.011099,1024,252,5,1,2016,516096,516096,0.270376,0.17491800000000002,0.31564499999999995,3.76137,0.914756,0.041539000000000006,5.14078,5,2,1,16780304
tiledb,rank,4096,0,warm,window_256,1024,,,512,3,6.159407959785312,0,0,0,0.040295548,4096,1010,,0.24658203125,,4.0554455445544555,,,,,,18,4,9513472,8309415936,0.128758,0.0332,0.034719,0.0091,0.00632,5.586147,0.00481,0.0,0.0,0.048549,0.0068,3.959851,0.0,0.031589,0.02512,0.176807,0.01078,2048,505,9,1,4040,1034240,1034240,0.375454,0.24937700000000002,0.422143,2.47384,0.8585170000000001,0.057318999999999995,3.9343,9,2,2,16780304
tiledb,rank,4096,0,warm,window_256,1024,,,512,4,5.903941986616701,0,0,0,0.036479015000000004,4096,1007,,0.245849609375,,4.067527308838133,,,,,,20,4,9519616,8309391360,0.094159,0.032369,0.03141,0.00855,0.006889,3.290291,0.00151,0.0,0.0,0.03116,0.00309,2.508362,0.0,0.02164,0.0205,2.268816,0.01234,1024,251,6,1,2008,514048,514048,0.20585699999999998,0.130189,0.23896599999999998,1.6723599999999998,0.470533,0.04842,2.48988,6,1,1,8390152
tiledb,rank,4096,0,warm,window_256,1024,,,512,5,6.340445019304752,0,0,0,0.044804184,4096,1009,,0.246337890625,,4.059464816650149,,,,,,19,4,9515520,8309391360,0.119178,0.033039,0.03297,0.0084,0.00633,5.804543,0.00146,0.0,0.0,0.044709,0.00641,4.321406,0.0,0.03061,0.025259,0.170108,0.010289,2048,503,11,1,4024,1030144,1030144,0.406253,0.306315,0.44665299999999997,2.61024,1.07159,0.061878999999999997,4.2968,11,2,2,16780304
tiledb,rank,4096,0,warm,window_256,1024,,,512,6,6.092958967201412,0,0,0,0.037790725,4096,1006,,0.24560546875,,4.071570576540755,,,,,,22,4,9505280,8309342208,0.099028,0.03211,0.031119,0.00895,0.00701,3.748074,0.00156,0.0,0.0,0.03895,0.004869,2.763589,0.0,0.0213,0.021039,1.998461,0.010969,1024,252,5,1,2016,516096,516096,0.25907600000000003,0.159696,0.297636,1.7380200000000001,0.590431,0.038469,2.74036,5,1,1,8390152
tiledb,rank,4096,0,warm,window_256,1024,,,512,7,8.288536046165973,0,0,0,0.051200589000000005,4096,1012,,0.2470703125,,4.047430830039525,,,,,,16,4,12173824,8309362688,0.121198,0.0,0.0,0.00765,0.0,0.00019,0.0,0.0,0.0,0.0,0.0,0.0,0.0,0.0,0.0,8.070359,0.01143,0,0,0,0,0,0,0,0.0,0.0,0.0,0.0,0.0,0.0,0.0,0,0,0,0
tiledb,rank,4096,0,warm,window_256,1024,,,512,8,7.882213045377284,0,0,0,0.048854697,4096,1008,,0.24609375,,4.063492063492063,,,,,,19,4,12163584,8309350400,0.102139,0.032159,0.02963,0.00855,0.006069,3.254162,0.00123,0.0,0.0,0.03109,0.00345,2.387564,0.0,0.021749,0.01993,4.279176,0.01094,1024,253,4,1,2024,518144,518144,0.177177,0.11115,0.213246,1.4888499999999998,0.559852,0.040049,2.36874,4,1,1,8390152
tiledb,rank,4096,0,warm,window_256,1024,,,512,9,6.42035499913618,0,0,0,0.042341115,4096,1006,,0.24560546875,,4.071570576540755,,,,,,22,5,9507328,8309334016,0.095788,0.030489,0.02825,0.00841,0.00488,6.03056,0.00148,0.0,0.0,0.029179,0.0033,4.855408,0.0,0.022119,0.02044,0.055439,0.01106,1024,252,5,1,2016,516096,516096,0.241546,0.15210700000000002,0.282356,3.3501999999999996,1.08464,0.02982,4.83695,5,2,1,16780304
tiledb,rank,4096,0,warm,window_256,8192,,,512,0,9.400140028446913,0,0,0,0.046745247,32768,1024,,0.03125,,32.0,,,,,,4,5,68878848,8309723136,0.155678,0.092668,0.02781,0.00845,0.00637,8.02828,0.00188,0.0,0.0,0.027458999999999997,0.00215,5.543528,0.0,0.066899,0.054999,0.68961,0.0215,16384,512,2,1,4096,1048576,1048576,0.173747,0.12493700000000002,0.213837,4.02124,1.12747,0.051299,5.52699,2,3,2,25170456
tiledb,rank,4096,0,warm,window_256,8192,,,512,1,6.708890025038272,0,0,0,0.045023748,32768,1024,,0.03125,,32.0,,,,,,4,4,68878848,8309985280,0.181107,0.089099,0.040029,0.00871,0.00507,5.230142,0.00219,0.0,0.0,0.067709,0.00681,3.821073,0.0,0.031309,0.03151,0.879747,0.017009,16384,512,2,1,4096,1048576,1048576,0.182777,0.107979,0.221997,2.63278,0.776708,0.042089999999999995,3.78654,2,2,2,16780304
tiledb,rank,4096,0,warm,window_256,8192,,,512,2,6.131539004854858,0,0,0,0.034851169,32768,1024,,0.03125,,32.0,,,,,,4,4,68878848,8309821440,0.203437,0.0,0.0,0.00753,0.0,0.00021,0.0,0.0,0.0,0.0,0.0,0.0,0.0,0.0,0.0,5.814953,0.0167,0,0,0,0,0,0,0,0.0,0.0,0.0,0.0,0.0,0.0,0.0,0,0,0,0
tiledb,rank,4096,0,warm,window_256,8192,,,512,3,6.959775986615568,0,0,0,0.0453902,32768,1024,,0.03125,,32.0,,,,,,4,4,68878848,8309956608,0.173147,0.087939,0.030219,0.00853,0.00633,5.301351,0.00166,0.0,0.0,0.029409,0.00278,3.902482,0.0,0.031159,0.03414,1.156642,0.01641,16384,512,2,1,4096,1048576,1048576,0.171338,0.115888,0.205067,2.43976,1.1124100000000001,0.037579,3.88503,2,2,2,16780304
tiledb,rank,4096,0,warm,window_256,8192,,,512,4,6.360134982969612,0,0,0,0.038424766,32768,1024,,0.03125,,32.0,,,,,,4,4,68878848,8309800960,0.155978,0.093499,0.02701,0.008959,0.00627,3.165853,0.00122,0.0,0.0,0.02841,0.0022,2.334375,0.0,0.02255,0.027419,2.72074,0.016669,8192,256,1,1,2048,524288,524288,0.080308,0.059159,0.116538,1.5279200000000002,0.581321,0.037218999999999995,2.31715,1,1,1,8390152
tiledb,rank,4096,0,warm,window_256,8192,,,512,5,6.894177000503987,0,0,0,0.040852137,32768,1024,,0.03125,,32.0,,,,,,4,4,68878848,8309792768,0.168917,0.087849,0.029249,0.00844,0.00728,5.244272,0.00443,0.0,0.0,0.02712,0.00265,3.880052,0.0,0.031069,0.03141,1.154532,0.0168,16384,512,2,1,4096,1048576,1048576,0.15465800000000002,0.113088,0.19977699999999998,2.41838,1.0926099999999999,0.053959,3.86272,2,2,2,16780304
tiledb,rank,4096,0,warm,window_256,8192,,,512,6,7.796333986334503,0,0,0,0.046197506,32768,1024,,0.03125,,32.0,,,,,,4,4,86508032,8309927936,0.160718,0.086689,0.02736,0.00842,0.006129,3.029485,0.00079,0.0,0.0,0.02617,0.00202,2.342015,0.0,0.050509,0.02715,4.271346,0.01542,8192,256,1,1,2048,524288,524288,0.084409,0.064539,0.128948,1.52934,0.567862,0.037079,2.3250699999999997,1,1,1,8390152
tiledb,rank,4096,0,warm,window_256,8192,,,512,7,8.458374009933323,0,0,0,0.051523914000000004,32768,1024,,0.03125,,32.0,,,,,,4,4,86508032,8309919744,0.184697,0.075119,0.02802,0.00829,0.006329,6.506993,0.00187,0.0,0.0,0.024540000000000003,0.00245,4.725939,0.0,0.04208,0.035659,1.437279,0.016729,24576,768,3,1,6144,1572864,1572864,0.22232600000000002,0.128138,0.25862599999999997,3.27802,1.01311,0.065639,4.7081,3,3,3,25170456
tiledb,rank,4096,0,warm,window_256,8192,,,512,8,6.446824001614004,0,0,0,0.041635726,32768,1024,,0.03125,,32.0,,,,,,4,4,68878848,8309788672,0.168847,0.086119,0.027099,0.00883,0.00475,5.060465,0.00466,0.0,0.0,0.027939,0.00235,3.746975,0.0,0.033009,0.0329,0.890597,0.01666,16384,512,2,1,4096,1048576,1048576,0.145558,0.105138,0.184777,2.51245,0.8981669999999999,0.055829,3.72915,2,2,2,16780304
tiledb,rank,4096,0,warm,window_256,8192,,,512,9,4.991174966562539,0,0,0,0.033772834,32768,1024,,0.03125,,32.0,,,,,,4,4,51249664,8309637120,0.170297,0.085079,0.026899,0.00807,0.00695,3.656806,0.00132,0.0,0.0,0.02497,0.00185,2.523222,0.0,0.021449,0.02786,0.856847,0.01645,8192,256,1,1,2048,524288,524288,0.065129,0.04519,0.121518,1.68875,0.586741,0.037779,2.50563,1,1,1,8390152
tiledb,rank,4096,0,warm,window_256,65536,,,512,0,19.488950027152896,0,0,0,0.099352324,262144,1024,,0.00390625,,256.0,,,,,,4,5,822683648,8310026240,0.194287,0.0,0.0,0.0079,0.0,0.0002,0.0,0.0,0.0,0.0,0.0,0.0,0.0,0.0,0.0,19.018837,0.171637,0,0,0,0,0,0,0,0.0,0.0,0.0,0.0,0.0,0.0,0.0,0,0,0,0
tiledb,rank,4096,0,warm,window_256,65536,,,512,1,12.015290965791792,0,0,0,0.058597015,262144,1024,,0.00390625,,256.0,,,,,,4,4,545830912,8311037952,0.215606,0.076939,0.0268,0.008539,0.0059,3.219732,0.0026,0.0,0.0,0.02715,0.0022,2.464993,0.0,0.02159,0.084589,8.068599,0.175798,65536,256,1,1,2048,524288,524288,0.131478,0.054459999999999995,0.170237,1.68494,0.48611299999999996,0.037249000000000004,2.4464,1,1,1,8390152
tiledb,rank,4096,0,warm,window_256,65536,,,512,2,15.170273021794856,0,0,0,0.06564115,262144,1024,,0.00390625,,256.0,,,,,,4,4,545830912,8311025664,0.197507,0.084989,0.02923,0.0085,0.007379,5.471169,0.00473,0.0,0.0,0.02616,0.00241,4.132168,0.0,0.030789,0.178508,8.864167,0.180878,131072,512,2,1,4096,1048576,1048576,0.161787,0.12321899999999998,0.219426,2.8163799999999997,0.949145,0.047188999999999995,4.1141700000000005,2,2,2,16780304
tiledb,rank,4096,0,warm,window_256,65536,,,512,3,15.04920597653836,0,0,0,0.069286697,262144,1024,,0.00390625,,256.0,,,,,,4,4,545830912,8311025664,0.181778,0.084089,0.0288,0.008199,0.00493,5.607617,0.00443,0.0,0.0,0.02661,0.00258,4.119588,0.0,0.032959,0.180278,8.624292,0.181297,131072,512,2,1,4096,1048576,1048576,0.15434699999999998,0.088328,0.197937,2.59675,1.1666400000000001,0.04405,4.10178,2,2,2,16780304
tiledb,rank,4096,0,warm,window_256,65536,,,512,4,13.723484997171909,0,0,0,0.07289055,262144,1024,,0.00390625,,256.0,,,,,,4,4,545830912,8312078336,0.273436,0.085498,0.02834,0.00851,0.00613,5.436219,0.00441,0.0,0.0,0.026409000000000002,0.00257,3.898032,0.0,0.032019,0.177628,7.37149,0.178668,131072,512,2,1,4096,1048576,1048576,0.15104800000000002,0.097138,0.215107,2.5254700000000003,0.995485,0.059749,3.88055,2,2,2,16780304
tiledb,rank,4096,0,warm,window_256,65536,,,512,5,11.930111970286816,0,0,0,0.057110384,262144,1024,,0.00390625,,256.0,,,,,,4,4,545830912,8311025664,0.174518,0.077489,0.04398,0.008879,0.00616,3.545887,0.00092,0.0,0.0,0.02644,0.00179,2.64063,0.0,0.02274,0.089239,7.671075,0.175407,65536,256,1,1,2048,524288,524288,0.039819,0.020659999999999998,0.091848,1.93257,0.47798300000000005,0.040380000000000006,2.62294,1,1,1,8390152
tiledb,rank,4096,0,warm,window_256,65536,,,512,6,15.143913973588496,0,0,0,0.064099094,262144,1024,,0.00390625,,256.0,,,,,,4,4,545830912,8311025664,0.180528,0.084148,0.02969,0.00889,0.0074,5.33121,0.00422,0.0,0.0,0.029419,0.00269,4.03071,0.0,0.03248,0.180207,8.996925,0.174948,131072,512,2,1,4096,1048576,1048576,0.136248,0.085329,0.183757,2.9426,0.772809,0.041229,4.01185,2,2,2,16780304
tiledb,rank,4096,0,warm,window_256,65536,,,512,7,15.003656968474388,0,0,0,0.069962755,262144,1024,,0.00390625,,256.0,,,,,,4,5,545830912,8311013376,0.204437,0.084539,0.02911,0.008229,0.00579,5.253852,0.00552,0.0,0.0,0.030019999999999998,0.00242,3.770493,0.0,0.03207,0.178997,8.922887,0.177497,131072,512,2,1,4096,1048576,1048576,0.133638,0.083729,0.171127,2.47226,0.9862549999999999,0.04229,3.7519099999999996,2,2,2,16780304
tiledb,rank,4096,0,warm,window_256,65536,,,512,8,10.962336033117026,0,0,0,0.057133553000000004,262144,1024,,0.00390625,,256.0,,,,,,4,4,545830912,8311005184,0.180097,0.079889,0.02775,0.00821,0.006779,3.223742,0.00192,0.0,0.0,0.02585,0.00184,2.409834,0.0,0.02124,0.084839,7.044104,0.173698,65536,256,1,1,2048,524288,524288,0.074929,0.05146,0.104838,1.7075,0.477903,0.038899,2.3929099999999996,1,1,1,8390152
tiledb,rank,4096,0,warm,window_256,65536,,,512,9,16.053631028626114,0,0,0,0.080471235,262144,1024,,0.00390625,,256.0,,,,,,4,6,545830912,8312061952,0.191317,0.0,0.0,0.00782,0.0,0.00021,0.0,0.0,0.0,0.0,0.0,0.0,0.0,0.0,0.0,15.598658,0.171127,0,0,0,0,0,0,0,0.0,0.0,0.0,0.0,0.0,0.0,0.0,0,0,0,0
tiledb,rank,4096,0,warm,window_4096,1024,,,512,0,11.874122021254152,0,0,0,0.077790678,4096,3596,,0.8779296875,,1.139043381535039,,,,,,2785,8,12175872,8312418304,0.144608,0.03185,0.03036,0.008889,0.00718,7.243242,0.00293,0.0,0.0,0.050449999999999995,0.103098,5.458958,0.0,0.048009,0.02149,4.220747,0.01225,1024,893,692,1,7144,1828864,1828864,0.7388790000000001,0.472634,0.964546,3.08889,1.13584,0.097049,5.41923,692,2,1,16780304
tiledb,rank,4096,0,warm,window_4096,1024,,,512,1,11.766074982006103,0,0,0,0.08339598200000001,4096,3616,,0.8828125,,1.1327433628318584,,,,,,2840,8,12222976,8311685120,0.133808,0.03212,0.032089,0.00872,0.00505,11.138654,0.00732,0.0,0.0,0.076479,0.174637,8.338686,0.0,0.082369,0.027349,0.182117,0.01063,2048,1828,1424,1,14624,3743744,3743744,0.956656,0.581273,1.366,4.79567,1.8283,0.126298,8.27897,1424,4,2,33560608
tiledb,rank,4096,0,warm,window_4096,1024,,,512,2,12.303847004659474,0,0,0,0.078239907,4096,3608,,0.880859375,,1.1352549889135255,,,,,,2822,8,12173824,8311955456,0.126388,0.02951,0.0286,0.008259,0.00612,7.551358,0.006,0.0,0.0,0.05371,0.092648,5.964931,0.0,0.047459,0.02081,4.361635,0.01134,1024,896,732,1,7168,1835008,1835008,0.887097,0.581843,1.15378,3.65456,0.8869670000000001,0.110028,5.92593,732,2,1,16780304
tiledb,rank,4096,0,warm,window_4096,1024,,,512,3,12.79217895353213,0,0,0,0.086853124,4096,3621,,0.884033203125,,1.1311792322562828,,,,,,2839,8,12182016,8311619584,0.103378,0.032999,0.03052,0.00852,0.00712,12.199338,0.00353,0.0,0.0,0.137437,0.178868,9.238852,0.0,0.079809,0.025389,0.177777,0.01165,2048,1808,1414,1,14464,3702784,3702784,0.979126,0.6072369999999999,1.39771,5.24485,2.20683,0.157387,9.182310000000001,1414,4,2,33560608
tiledb,rank,4096,0,warm,window_4096,1024,,,512,4,15.321712009608746,0,0,0,0.090849689,4096,3607,,0.880615234375,,1.1355697255336845,,,,,,2841,8,16908800,8311947264,0.112009,0.0,0.0,0.00857,0.0,0.0002,0.0,0.0,0.0,0.0,0.0,0.0,0.0,0.0,0.0,15.091415,0.01173,0,0,0,0,0,0,0,0.0,0.0,0.0,0.0,0.0,0.0,0.0,0,0,0,0
tiledb,rank,4096,0,warm,window_4096,1024,,,512,5,13.024674961343408,0,0,0,0.09532681500000001,4096,3641,,0.888916015625,,1.1249656687723153,,,,,,2810,8,12231168,8311971840,0.117638,0.033309,0.03103,0.00852,0.00713,12.411014,0.00882,0.0,0.0,0.082029,0.180047,9.119804,0.0,0.080279,0.02687,0.172897,0.01213,2048,1832,1413,1,14656,3751936,3751936,1.01666,0.65937,1.44528,4.9488199999999996,2.29697,0.186528,9.05387,1413,4,2,33560608
tiledb,rank,4096,0,warm,window_4096,1024,,,512,6,12.202668003737926,0,0,0,0.07977274,4096,3622,,0.88427734375,,1.1308669243511873,,,,,,2835,8,12198400,8311902208,0.162178,0.032249,0.0301,0.008879,0.00697,11.564948,0.00955,0.0,0.0,0.07218,0.172077,8.543162,0.0,0.079689,0.024869,0.177137,0.01098,2048,1816,1415,1,14528,3719168,3719168,0.933976,0.573949,1.37652,5.10308,1.70103,0.13450800000000002,8.48197,1415,4,2,33560608
tiledb,rank,4096,0,warm,window_4096,1024,,,512,7,16.662152018398046,0,0,0,0.10286316999999999,4096,3640,,0.888671875,,1.1252747252747253,,,,,,2834,8,16908800,8312205312,0.124409,0.03065,0.029559,0.00863,0.00497,6.647041,0.00259,0.0,0.0,0.0437,0.092478,5.221542,0.0,0.048099,0.02103,9.619156,0.01116,1024,912,704,1,7296,1867776,1867776,0.67077,0.44450300000000004,0.915697,3.05761,0.931686,0.12558799999999998,5.1521,704,2,1,16780304
tiledb,rank,4096,0,warm,window_4096,1024,,,512,8,8.13475897302851,0,0,0,0.068531918,4096,3636,,0.8876953125,,1.1265126512651265,,,,,,2812,8,8231424,8311279616,0.098798,0.0306,0.031909,0.01246,0.00639,7.708115,0.00596,0.0,0.0,0.062458,0.097489,5.669556,0.0,0.046669,0.02187,0.056239,0.01137,1024,923,720,1,7384,1890304,1890304,0.7529779999999999,0.429275,0.9883750000000001,3.14386,1.2285499999999998,0.115188,5.62343,720,2,1,16780304
tiledb,rank,4096,0,warm,window_4096,1024,,,512,9,12.439355021342635,0,0,0,0.082870694,4096,3644,,0.8896484375,,1.12403951701427,,,,,,2842,8,12229120,8311607296,0.113879,0.03263,0.030329,0.0092,0.00687,11.835494,0.00946,0.0,0.0,0.084868,0.179018,8.73379,0.0,0.080909,0.02634,0.173037,0.01094,2048,1831,1424,1,14648,3749888,3749888,0.979155,0.630131,1.38691,5.00659,1.91051,0.181087,8.67066,1424,4,2,33560608
tiledb,rank,4096,0,warm,window_4096,8192,,,512,0,13.229713018517941,0,0,0,0.08329455499999999,32768,14167,,0.432342529296875,,2.3129808710383286,,,,,,1951,8,82389504,8312053760,0.203017,0.0,0.0,0.00818,0.0,0.00024,0.0,0.0,0.0,0.0,0.0,0.0,0.0,0.0,0.0,12.899907,0.01835,0,0,0,0,0,0,0,0.0,0.0,0.0,0.0,0.0,0.0,0.0,0,0,0,0
tiledb,rank,4096,0,warm,window_4096,8192,,,512,1,10.917076957412064,0,0,0,0.07828804,32768,14213,,0.433746337890625,,2.3054949693942164,,,,,,1879,8,82379264,8311955456,0.164587,0.0,0.0,0.00816,0.0,0.00021,0.0,0.0,0.0,0.0,0.0,0.0,0.0,0.0,0.0,10.616022,0.017899,0,0,0,0,0,0,0,0.0,0.0,0.0,0.0,0.0,0.0,0.0,0,0,0,0
tiledb,rank,4096,0,warm,window_4096,8192,,,512,2,13.321802020072937,0,0,0,0.084471247,32768,14204,,0.4334716796875,,2.3069557871022246,,,,,,1906,8,82356736,8312279040,0.198157,0.089419,0.032839,0.00874,0.00756,11.38767,0.03643,0.0,0.0,0.06323999999999999,0.121138,8.235277,0.0,0.268946,0.03608,1.155202,0.01588,16384,7093,953,1,56744,14526464,14526464,0.713579,0.452542,1.00088,5.06791,1.62298,0.351965,8.18787,953,4,2,33560608
tiledb,rank,4096,0,warm,window_4096,8192,,,512,3,13.27507197856903,0,0,0,0.08677622,32768,14142,,0.43157958984375,,2.317069721397256,,,,,,1925,8,82248192,8312004608,0.173628,0.089429,0.02666,0.00873,0.007359,11.362971,0.02568,0.0,0.0,0.054809,0.122528,8.566422,0.0,0.264826,0.03139,1.176983,0.01508,16384,7040,985,1,56320,14417920,14417920,0.822507,0.5089549999999999,1.12543,4.95245,1.8925,0.404424,8.52866,985,4,3,33560608
tiledb,rank,4096,0,warm,window_4096,8192,,,512,4,12.66865199431777,0,0,0,0.07792198,32768,14161,,0.432159423828125,,2.3139608784690346,,,,,,1941,8,82276864,8311959552,0.156768,0.0,0.0,0.01368,0.0,0.00032,0.0,0.0,0.0,0.0,0.0,0.0,0.0,0.0,0.0,12.371845,0.02056,0,0,0,0,0,0,0,0.0,0.0,0.0,0.0,0.0,0.0,0.0,0,0,0,0
tiledb,rank,4096,0,warm,window_4096,8192,,,512,5,9.437049040570855,0,0,0,0.07660830199999999,32768,14159,,0.432098388671875,,2.3142877321844764,,,,,,1930,8,58024448,8311488512,0.185207,0.089559,0.028529,0.00848,0.00719,7.534108,0.01464,0.0,0.0,0.043008000000000005,0.05792,5.553057,0.0,0.142927,0.03008,1.269991,0.01733,8192,3564,467,1,28512,7299072,7299072,0.554512,0.356495,0.7092790000000001,3.02308,1.26524,0.41499400000000003,5.5235199999999995,467,2,1,16780304
tiledb,rank,4096,0,warm,window_4096,8192,,,512,6,18.07211001869291,0,0,0,0.112178323,32768,14144,,0.431640625,,2.316742081447964,,,,,,1913,8,106686976,8312463360,0.163927,0.076429,0.032249,0.00974,0.00892,15.699416,0.03969,0.0,0.0,0.07682900000000001,0.181507,10.965847,0.0,0.398794,0.046099,1.487758,0.01808,24576,10621,1426,1,84968,21751808,21751808,0.8978569999999999,0.575512,1.27463,6.455299999999999,2.57277,0.43477400000000005,10.9055,1426,6,3,50340912
tiledb,rank,4096,0,warm,window_4096,8192,,,512,7,9.116514003835618,0,0,0,0.07344914699999999,32768,14119,,0.430877685546875,,2.3208442524258093,,,,,,1959,8,57993728,8311500800,0.184577,0.089969,0.027029,0.00853,0.00715,7.622146,0.01397,0.0,0.0,0.062799,0.069989,5.864922,0.0,0.142388,0.02943,0.864867,0.016969,8192,3504,519,1,28032,7176192,7176192,0.7651589999999999,0.473992,0.942606,3.21747,1.10706,0.453183,5.829479999999999,519,2,1,16780304
tiledb,rank,4096,0,warm,window_4096,8192,,,512,8,12.525243044365197,0,0,0,0.078128675,32768,14169,,0.432403564453125,,2.312654386336368,,,,,,1899,8,82315776,8311975936,0.156117,0.0,0.0,0.0086,0.0,0.00026,0.0,0.0,0.0,0.0,0.0,0.0,0.0,0.0,0.0,12.233827,0.01907,0,0,0,0,0,0,0,0.0,0.0,0.0,0.0,0.0,0.0,0.0,0,0,0,0
tiledb,rank,4096,0,warm,window_4096,8192,,,512,9,13.067596009932458,0,0,0,0.088229441,32768,14168,,0.432373046875,,2.312817617165443,,,,,,1908,8,82338304,8311996416,0.169738,0.090828,0.03018,0.00872,0.00738,11.106794,0.007449,0.0,0.0,0.05772,0.121988,8.186288,0.0,0.267686,0.033669,1.207582,0.01484,16384,7084,943,1,56672,14508032,14508032,0.68893,0.42588400000000004,0.983755,4.88364,1.60266,0.518582,8.14086,943,4,2,33560608
tiledb,rank,4096,0,warm,window_4096,65536,,,512,0,20.459164981730282,0,0,0,0.111615597,262144,16384,,0.0625,,16.0,,,,,,4,8,559415808,8311656448,0.186327,0.084148,0.03136,0.00896,0.00666,10.00712,0.032179,0.0,0.0,0.03899,0.00487,6.889547,0.0,0.308036,0.198927,9.289461,0.171418,131072,8192,2,1,65536,16777216,16777216,0.094539,0.03427,0.135188,4.82165,1.40456,0.393214,6.8703,2,4,2,33560608
tiledb,rank,4096,0,warm,window_4096,65536,,,512,1,14.599453017581254,0,0,0,0.089856556,262144,16384,,0.0625,,16.0,,,,,,4,8,414188032,8311345152,0.189627,0.083329,0.034009,0.00885,0.00753,6.869888,0.00541,0.0,0.0,0.037119,0.00321,5.074375,0.0,0.166957,0.096479,6.809969,0.183167,65536,4096,1,1,32768,8388608,8388608,0.074179,0.054579,0.112728,3.45708,1.1384100000000001,0.25027699999999997,5.05323,1,2,1,16780304
tiledb,rank,4096,0,warm,window_4096,65536,,,512,2,20.217219018377364,0,0,0,0.1002431,262144,16384,,0.0625,,16.0,,,,,,4,8,559415808,8312598528,0.482343,0.085199,0.029109,0.00849,0.00795,10.06412,0.02789,0.0,0.0,0.025869,0.00416,7.41041,0.0,0.307745,0.200057,8.73627,0.177327,131072,8192,2,1,65536,16777216,16777216,0.107748,0.066448,0.157748,4.9667699999999995,1.8255400000000002,0.341265,7.39119,2,4,2,33560608
tiledb,rank,4096,0,warm,window_4096,65536,,,512,3,18.743490043561906,0,0,0,0.092687887,262144,16384,,0.0625,,16.0,,,,,,4,8,559415808,8312725504,0.205227,0.080899,0.034719,0.00983,0.00749,6.287596,0.00557,0.0,0.0,0.055739000000000004,0.00465,4.69352,0.0,0.161438,0.098608,11.497479,0.167577,65536,4096,1,1,32768,8388608,8388608,0.046729,0.02307,0.087398,3.2572,0.856667,0.37539399999999995,4.667529999999999,1,2,1,16780304
tiledb,rank,4096,0,warm,window_4096,65536,,,512,4,20.936847024131566,0,0,0,0.105415916,262144,16384,,0.0625,,16.0,,,,,,4,8,559415808,8312594432,0.225126,0.085929,0.032769,0.00843,0.00622,10.818509,0.00852,0.0,0.0,0.049349,0.0072,8.07939,0.0,0.309835,0.200687,8.944107,0.176547,131072,8192,2,1,65536,16777216,16777216,0.186967,0.141908,0.227576,5.1285,2.2061300000000004,0.354045,8.0534,2,4,2,33560608
tiledb,rank,4096,0,warm,window_4096,65536,,,512,5,20.71885101031512,0,0,0,0.099287132,262144,16384,,0.0625,,16.0,,,,,,4,8,559415808,8312598528,0.648081,0.086559,0.0341,0.008759,0.008,10.196038,0.00947,0.0,0.0,0.048259,0.0071,7.590897,0.0,0.308206,0.202297,8.913617,0.180588,131072,8192,2,1,65536,16777216,16777216,0.160687,0.107488,0.220897,5.065980000000001,1.78156,0.369534,7.56569,2,4,2,33560608
tiledb,rank,4096,0,warm,window_4096,65536,,,512,6,20.708670956082642,0,0,0,0.100691833,262144,16384,,0.0625,,16.0,,,,,,4,8,559415808,8312594432,0.190527,0.087578,0.0336,0.00865,0.00794,10.756129,0.00813,0.0,0.0,0.03987,0.00551,8.128499,0.0,0.310176,0.201017,8.787689,0.180178,131072,8192,2,1,65536,16777216,16777216,0.103559,0.061619999999999994,0.13617800000000002,4.92375,2.25604,0.67696,8.10559,2,4,2,33560608
tiledb,rank,4096,0,warm,window_4096,65536,,,512,7,20.587423001416028,0,0,0,0.103231076,262144,16384,,0.0625,,16.0,,,,,,4,8,559415808,8312598528,0.232656,0.085149,0.027849,0.0086,0.0064,10.403905,0.028669,0.0,0.0,0.026549999999999997,0.00425,7.658616,0.0,0.307925,0.200317,9.017965,0.176608,131072,8192,2,1,65536,16777216,16777216,0.153357,0.115739,0.198677,5.025919999999999,2.0002,0.284886,7.63941,2,4,2,33560608
tiledb,rank,4096,0,warm,window_4096,65536,,,512,8,16.347116034012288,0,0,0,0.083751347,262144,16384,,0.0625,,16.0,,,,,,4,8,559415808,8312594432,0.250796,0.079209,0.027919,0.00848,0.00706,6.282846,0.00485,0.0,0.0,0.026279999999999998,0.00304,4.749079,0.0,0.161438,0.095249,9.149163,0.166088,65536,4096,1,1,32768,8388608,8388608,0.03136,0.012069999999999999,0.091339,3.34499,0.917936,0.24573599999999998,4.7303500000000005,1,2,1,16780304
tiledb,rank,4096,0,warm,window_4096,65536,,,512,9,20.76668100198731,0,0,0,0.112523214,262144,16384,,0.0625,,16.0,,,,,,4,8,559415808,8312590336,0.209887,0.087559,0.036609,0.00849,0.00838,10.902407,0.032089,0.0,0.0,0.05977,0.008219,7.904192,0.0,0.307856,0.200227,8.70182,0.178097,131072,8192,2,1,65536,16777216,16777216,0.165727,0.10788700000000001,0.217877,4.93355,2.28433,0.296746,7.8742399999999995,2,4,2,33560608
tiledb,rank,4096,0,warm,window_65536,1024,,,512,0,64.12187399109825,0,0,0,0.5599121579999999,4096,4062,,0.99169921875,,1.0083702609551946,,,,,,4010,68,12646912,8313053184,0.126618,0.03499,0.041279,0.01301,0.00753,63.136248,0.00468,0.0,0.0,0.119538,0.256546,41.630109,0.0,0.118908,0.04779,0.221777,0.014789,2048,2035,2010,1,16280,4167680,4167680,1.07402,0.680361,1.64766,24.256,15.1054,0.13050799999999999,41.5571,2010,34,4,285265168
tiledb,rank,4096,0,warm,window_65536,1024,,,512,1,74.86373296706006,0,0,0,0.592205866,4096,4056,,0.990234375,,1.009861932938856,,,,,,3995,68,12636672,8313487360,0.154267,0.03513,0.041349,0.00988,0.00759,73.951467,0.01582,0.0,0.0,0.11912799999999998,0.233866,51.129428,0.0,0.120798,0.048599,0.160638,0.0159,2048,2030,2005,1,16240,4157440,4157440,1.11441,0.750379,1.68685,32.4054,16.4303,0.140288,51.022,2005,34,4,285265168
tiledb,rank,4096,0,warm,window_65536,1024,,,512,2,95.53305403096601,0,0,0,0.724265181,4096,4066,,0.99267578125,,1.0073782587309394,,,,,,4000,68,16908800,8313868288,0.143147,0.0,0.0,0.00865,0.0,0.00074,0.0,0.0,0.0,0.0,0.0,0.0,0.0,0.0,0.0,95.119471,0.01994,0,0,0,0,0,0,0,0.0,0.0,0.0,0.0,0.0,0.0,0.0,0,0,0,0
tiledb,rank,4096,0,warm,window_65536,1024,,,512,3,75.5146429874003,0,0,0,0.6512181880000001,4096,4061,,0.991455078125,,1.0086185668554544,,,,,,4014,67,12636672,8313876480,0.116648,0.034079,0.03985,0.010129,0.00709,74.594957,0.01546,0.0,0.0,0.13580799999999998,0.251556,50.733243,0.0,0.118929,0.048889,0.209557,0.01543,2048,2030,2004,1,16240,4157440,4157440,1.1809699999999999,0.760978,1.73591,32.2841,16.0992,0.137198,50.6365,2004,33,4,276875016
tiledb,rank,4096,0,warm,window_65536,1024,,,512,4,80.20216401200742,0,0,0,0.671196822,4096,4063,,0.991943359375,,1.008122077282796,,,,,,3989,68,12651008,8313384960,0.170507,0.034809,0.04284,0.01029,0.007459,79.353787,0.01294,0.0,0.0,0.168757,0.295126,56.402159,0.0,0.116358,0.046249,0.133418,0.015149,2048,2037,2001,1,16296,4171776,4171776,1.1335600000000001,0.710888,1.7039799999999998,35.3478,18.724700000000002,0.142018,56.3003,2001,34,4,285265168
tiledb,rank,4096,0,warm,window_65536,1024,,,512,5,76.46812894381583,0,0,0,0.641009088,4096,4066,,0.99267578125,,1.0073782587309394,,,,,,3991,68,12640768,8313339904,0.252847,0.03502,0.043019,0.00916,0.00758,75.473404,0.00337,0.0,0.0,0.145498,0.292335,53.126158,0.0,0.128108,0.044449,0.211397,0.015019,2048,2032,1997,1,16256,4161536,4161536,1.16587,0.74715,1.74619,35.591499999999996,15.1523,0.121718,53.0198,1997,34,4,285265168
tiledb,rank,4096,0,warm,window_65536,1024,,,512,6,76.75732503412291,0,0,0,0.648153064,4096,4064,,0.9921875,,1.0078740157480315,,,,,,3991,68,12642816,8312934400,0.126468,0.0,0.0,0.00967,0.0,0.00086,0.0,0.0,0.0,0.0,0.0,0.0,0.0,0.0,0.0,76.356241,0.02004,0,0,0,0,0,0,0,0.0,0.0,0.0,0.0,0.0,0.0,0.0,0,0,0,0
tiledb,rank,4096,0,warm,window_65536,1024,,,512,7,75.739270017948,0,0,0,0.622856548,4096,4069,,0.993408203125,,1.0066355369869746,,,,,,4004,68,12651008,8312901632,0.124939,0.03931,0.042529,0.00992,0.00745,74.783624,0.00483,0.0,0.0,0.113488,0.238366,52.087723,0.0,0.122538,0.04839,0.216187,0.015099,2048,2037,2002,1,16296,4171776,4171776,1.1837600000000001,0.8098200000000001,1.79033,35.1456,14.5031,0.144647,51.9479,2002,34,4,285265168
tiledb,rank,4096,0,warm,window_65536,1024,,,512,8,75.40659495862201,0,0,0,0.604285664,4096,4062,,0.99169921875,,1.0083702609551946,,,,,,3989,68,12636672,8312889344,0.140788,0.033869,0.04217,0.01019,0.00652,45.939884,0.009779,0.0,0.0,0.101738,0.129799,31.794936,0.0,0.082919,0.045459,28.7629,0.01647,1024,1017,999,1,8136,2082816,2082816,0.819658,0.501621,1.17496,22.5762,7.60671,0.08775799999999999,31.7285,999,17,2,142632584
tiledb,rank,4096,0,warm,window_65536,1024,,,512,9,99.59897404769436,0,0,0,0.816098759,4096,4073,,0.994384765625,,1.005646943285048,,,,,,4003,68,16908800,8313720832,0.244306,0.100028,0.03688,0.010449,0.00738,98.395682,0.00597,0.0,0.0,0.166927,0.357595,65.121099,0.0,0.154808,0.051839,0.255246,0.01582,3072,3054,3000,1,24432,6254592,6254592,1.46362,0.971278,2.36803,41.436,20.4707,0.20694600000000002,64.98429999999999,3000,51,6,427897752
tiledb,rank,4096,0,warm,window_65536,8192,,,512,0,88.28555303625762,0,0,0,0.738920432,32768,30805,,0.940093994140625,,1.06372342152248,,,,,,27252,68,99361280,8335564800,0.193327,0.095018,0.03736,0.013419,0.0104,86.225324,0.01416,0.0,0.0,0.412334,1.571026,58.405779,0.0,0.601061,0.070149,0.65054,0.02168,16384,15396,13636,1,123168,31531008,31531008,3.75362,2.63303,6.95041,31.308299999999996,18.3836,0.63171,58.030100000000004,13636,34,4,285265168
tiledb,rank,4096,0,warm,window_65536,8192,,,512,1,85.67011199193075,0,0,0,0.716378585,32768,30786,,0.93951416015625,,1.0643799129474436,,,,,,27198,68,99353088,8326852608,0.216107,0.093658,0.03658,0.01019,0.009619,83.096761,0.01916,0.0,0.0,0.345235,1.535667,58.181012,0.0,0.599621,0.058349,1.203462,0.02039,16384,15392,13582,1,123136,31522816,31522816,3.2372099999999997,2.3011199999999996,6.19846,35.3041,14.7756,0.619201,57.687599999999996,13582,34,4,285265168
tiledb,rank,4096,0,warm,window_65536,8192,,,512,2,115.87325105210766,0,0,0,0.878339118,32768,30757,,0.938629150390625,,1.06538348993725,,,,,,27096,68,132207104,8330174464,0.206466,0.091809,0.036739,0.00973,0.00769,52.710364,0.00843,0.0,0.0,0.269645,0.748539,36.89467,0.0,0.319205,0.053339,62.088354,0.02329,8192,7675,6759,1,61400,15718400,15718400,2.04174,1.26888,3.4800400000000002,24.6241,7.820850000000001,0.303856,36.6706,6759,17,2,142632584
tiledb,rank,4096,0,warm,window_65536,8192,,,512,3,114.69899903750047,0,0,0,0.9040758999999999,32768,30775,,0.939178466796875,,1.0647603574329814,,,,,,27218,68,132239872,8336781312,0.286426,0.077749,0.03688,0.009309,0.0103,111.532376,0.079139,0.0,0.0,0.67843,2.263156,76.025305,0.0,0.876317,0.076939,1.492657,0.02091,24576,23098,20430,1,184784,47304704,47304704,5.585640000000001,3.5970400000000002,10.7956,41.3767,21.0381,0.930266,75.3702,20430,51,6,427897752
tiledb,rank,4096,0,warm,window_65536,8192,,,512,4,81.12221898045391,0,0,0,0.735832834,32768,30823,,0.940643310546875,,1.0631022288550758,,,,,,27323,68,99406336,8336691200,0.331535,0.091148,0.03578,0.00905,0.00917,78.509958,0.054289,0.0,0.0,0.6466310000000001,1.437018,50.196711,0.0,0.600991,0.058919,1.209912,0.022349,16384,15418,13660,1,123344,31576064,31576064,4.19596,3.04312,7.32078,26.9188,14.042900000000001,0.70933,49.7658,13660,34,4,285265168
tiledb,rank,4096,0,warm,window_65536,8192,,,512,5,109.18187099741772,0,0,0,0.88823962,32768,30803,,0.940032958984375,,1.0637924877447003,,,,,,27123,68,132266496,8339783680,0.219427,0.077859,0.03785,0.00975,0.010679,106.047458,0.085579,0.0,0.0,0.530332,2.240766,70.932302,0.0,0.877067,0.066329,1.486438,0.02271,24576,23111,20368,1,184888,47331328,47331328,5.49153,3.65248,10.3674,39.117,18.7367,0.916007,70.3834,20368,51,6,427897752
tiledb,rank,4096,0,warm,window_65536,8192,,,512,6,106.37588298413903,0,0,0,0.8191441780000001,32768,30827,,0.940765380859375,,1.0629642845557465,,,,,,27278,68,132266496,8333504512,0.197797,0.092398,0.03782,0.01021,0.00852,52.028053,0.038989,0.0,0.0,0.24847599999999997,0.784068,36.524335,0.0,0.315066,0.049689,53.319815,0.024079,8192,7716,6798,1,61728,15802368,15802368,2.34052,1.4747899999999998,4.04995,23.035,8.398259999999999,0.359404,36.282799999999995,6798,17,2,142632584
tiledb,rank,4096,0,warm,window_65536,8192,,,512,7,88.44453998608515,0,0,0,0.797065295,32768,30720,,0.9375,,1.0666666666666667,,,,,,27171,68,99363328,8333041664,0.418484,0.091929,0.034969,0.00865,0.00756,85.728511,0.01398,0.0,0.0,0.339035,1.527587,59.605281,0.0,0.605661,0.057629,1.232861,0.02231,16384,15397,13609,1,123176,31533056,31533056,4.34014,3.32635,7.97438,35.1723,14.713099999999999,0.565281,59.168400000000005,13609,34,4,285265168
tiledb,rank,4096,0,warm,window_65536,8192,,,512,8,84.83207400422543,0,0,0,0.741478399,32768,30797,,0.939849853515625,,1.0639997402344383,,,,,,27099,68,99377664,8326557696,0.195277,0.092979,0.036979,0.00966,0.00953,82.543689,0.01451,0.0,0.0,0.338185,1.543827,56.030834,0.0,0.598801,0.056869,0.936836,0.02178,16384,15404,13582,1,123232,31547392,31547392,3.23723,2.21406,6.192729999999999,33.3725,14.7714,0.597641,55.6897,13582,34,4,285265168
tiledb,rank,4096,0,warm,window_65536,8192,,,512,9,87.84194005420431,0,0,0,0.726758092,32768,30842,,0.94122314453125,,1.0624473121068672,,,,,,27185,68,99465728,8326643712,0.197387,0.092028,0.03596,0.00992,0.00854,85.296607,0.014639,0.0,0.0,0.38721500000000003,1.520117,59.295865,0.0,0.600301,0.058139,1.194183,0.022969,16384,15447,13599,1,123576,31635456,31635456,3.32751,2.39373,6.7889100000000004,35.8969,14.780700000000001,0.66513,58.8771,13599,34,4,285265168
tiledb,rank,4096,0,warm,window_65536,65536,,,512,0,115.39763899054378,0,0,0,1.0156062670000001,262144,165856,,0.6326904296875,,1.580551803974532,,,,,,61164,68,712583680,8364519424,0.291225,0.089449,0.038789,0.01056,0.01981,97.520685,0.069209,0.0,0.0,0.71973,3.396649,66.32809,0.0,3.019175,0.323175,13.620477,0.170858,131072,82875,30552,1,663000,169728000,169728000,6.73757,4.426679999999999,13.5293,33.590500000000006,14.490599999999999,2.51168,65.3718,30552,34,4,285265168
tiledb,rank,4096,0,warm,window_65536,65536,,,512,1,110.84996699355543,0,0,0,0.888460379,262144,165959,,0.6330833435058594,,1.579570857862484,,,,,,60814,68,712618496,8349519872,0.296545,0.091249,0.038629,0.01031,0.02034,97.589624,0.070188,0.0,0.0,0.65359,3.499468,67.563492,0.0,3.034894,0.327155,8.957276,0.183927,131072,82998,30457,1,663984,169979904,169979904,8.24978,6.85059,15.5882,34.1738,13.5353,2.18659,66.9358,30457,34,4,285265168
tiledb,rank,4096,0,warm,window_65536,65536,,,512,2,104.44866202306002,0,0,0,0.910623601,262144,165848,,0.632659912109375,,1.580628044956828,,,,,,60850,68,712507904,8349958144,0.260796,0.093568,0.03832,0.01196,0.029939,91.234549,0.065809,0.0,0.0,0.6540999999999999,3.473169,68.046325,0.0,3.021165,0.326745,8.895357,0.182498,131072,82817,30510,1,662536,169609216,169609216,6.88507,5.546169999999999,13.5844,35.7648,14.4874,2.2400100000000003,67.3644,30510,34,4,285265168
tiledb,rank,4096,0,warm,window_65536,65536,,,512,3,72.05041497945786,0,0,0,0.77845922,262144,166012,,0.6332855224609375,,1.5790665735007108,,,,,,60943,68,491092480,8339927040,0.228966,0.082549,0.038229,0.00942,0.01295,63.395444,0.036849,0.0,0.0,0.35177400000000003,1.693395,46.377668,0.0,1.553237,0.171077,6.045259,0.183438,65536,41647,15168,1,333176,85293056,85293056,3.36663,2.4058,6.52933,25.037799999999997,12.4099,1.18801,45.820899999999995,15168,17,2,142632584
tiledb,rank,4096,0,warm,window_65536,65536,,,512,4,119.04352402780205,0,0,0,0.942994023,262144,165653,,0.6319160461425781,,1.5824886962505962,,,,,,61016,68,712317440,8349589504,0.268216,0.091879,0.039519,0.01091,0.0198,105.91677,0.140888,0.0,0.0,0.787988,3.302831,78.767695,0.0,3.016955,0.323425,8.838858,0.183258,131072,82851,30470,1,662808,169678848,169678848,7.66022,5.5231200000000005,14.8142,36.4683,22.5596,2.65443,77.8471,30470,34,4,285265168
tiledb,rank,4096,0,warm,window_65536,65536,,,512,5,123.2519309851341,0,0,0,0.957339127,262144,165510,,0.6313705444335938,,1.5838559603649327,,,,,,61220,68,712319488,8350248960,0.235926,0.091429,0.038879,0.00991,0.01941,110.300404,0.067239,0.0,0.0,2.318046,3.780673,82.221033,0.0,3.018945,0.325795,8.686301,0.183897,131072,82852,30543,1,662816,169680896,169680896,8.91761,6.39093,16.022100000000002,38.3615,21.9711,2.3005999999999998,79.9633,30543,34,4,285265168
tiledb,rank,4096,0,warm,window_65536,65536,,,512,6,108.49043197231367,0,0,0,0.902261551,262144,165794,,0.6324539184570312,,1.581142864036093,,,,,,61155,68,712507904,8350654464,0.277526,0.091349,0.036509,0.01014,0.01986,95.481135,0.296305,0.0,0.0,1.320431,3.130273,66.305811,0.0,3.020335,0.323565,8.729859,0.181778,131072,82920,30640,1,663360,169820160,169820160,6.2296000000000005,4.30356,13.4891,33.110800000000005,15.299,2.2242,65.372,30640,34,4,285265168
tiledb,rank,4096,0,warm,window_65536,65536,,,512,7,113.31425997195765,0,0,0,1.013981231,262144,165392,,0.63092041015625,,1.5849859727193576,,,,,,60775,68,712507904,8368910336,0.224576,0.090299,0.044449,0.00997,0.01924,100.241274,0.172997,0.0,0.0,1.130295,3.29179,70.714535,0.0,3.050575,0.323415,8.799929,0.182147,131072,82505,30426,1,660040,168970240,168970240,8.0445,5.87664,14.965,27.7887,22.9022,2.6312800000000003,69.79549999999999,30426,34,4,285265168
tiledb,rank,4096,0,warm,window_65536,65536,,,512,8,103.2949190121144,0,0,0,0.880664803,262144,165709,,0.6321296691894531,,1.5819539071504867,,,,,,60901,68,712507904,8358719488,0.212847,0.082589,0.037499,0.01004,0.01304,65.67349,0.035859,0.0,0.0,0.467433,1.675045,47.293604,0.0,1.529927,0.171077,35.052767,0.170667,65536,41383,15227,1,331064,84752384,84752384,4.66665,3.37862,8.01103,23.261899999999997,13.904100000000001,1.1471,46.9788,15227,17,3,142632584
tiledb,rank,4096,0,warm,window_65536,65536,,,512,9,158.3504269947298,0,0,0,1.225782572,262144,165707,,0.6321220397949219,,1.5819730005370927,,,,,,61063,68,934060544,8370417664,0.257376,0.094638,0.03745,0.009889,0.02568,141.250633,0.122208,0.0,0.0,1.3832989999999998,5.267312,103.88667,0.0,4.501403,0.482622,11.178953,0.180127,196608,124308,45789,1,994464,254582784,254582784,12.876800000000001,9.293660000000001,25.1693,38.7348,32.1348,3.45487,102.71900000000001,45789,51,6,427897752
tiledb,rank,65536,0,cold,random,1024,,,512,0,5881.8455100408755,34366095360,34366095360,34366095360,23.673179336,4096,4095,,0.999755859375,,1.0002442002442002,,,,,,4095,1005,8514560,8306393088,0.176848,0.0341,0.041999,0.01473,0.00801,5840.429348,0.041809,0.0,0.0,0.134358,0.148838,5756.218484,0.0,0.089689,0.119358,40.520835,0.01554,1021,1020,1020,1,8160,2088960,2088960,0.9438559999999999,0.586801,1.30409,5729.849999999999,286.379,0.578141,5756.14,1020,64,64,8591507968
tiledb,rank,65536,0,cold,random,1024,,,512,1,5806.667162047233,34366095360,34366095360,34366095360,22.513020224,4096,4096,,1.0,,1.0,,,,,,4096,1013,8498176,8306479104,0.222727,0.034729,0.04221,0.013849,0.00771,5805.671457,0.03645,0.0,0.0,0.198936,0.167238,5728.619816,0.0,0.090508,0.04557,0.125638,0.01589,1006,1006,1005,1,8048,2060288,2060288,0.893397,0.557452,1.41475,5644.52,248.167,0.629063,5728.55,1005,64,64,8591507968
tiledb,rank,65536,0,cold,random,1024,,,512,2,5795.690275030211,34366095360,34366095360,34366095360,21.533976611,4096,4095,,0.999755859375,,1.0002442002442002,,,,,,4095,1003,8600576,8306552832,0.181368,0.03694,0.047459,0.01378,0.00673,5794.612411,0.00261,0.0,0.0,0.145647,0.207297,5740.342271,0.0,0.090189,0.118368,0.170708,0.015089,1036,1035,1035,1,8280,2119680,2119680,1.13454,0.7367009999999999,1.5073599999999998,5666.46,346.399,0.709177,5740.2699999999995,1035,64,64,8591507968
tiledb,rank,65536,0,cold,random,1024,,,512,3,5834.115071978886,34366095360,34366095360,34366095360,21.491581505,4096,4096,,1.0,,1.0,,,,,,4096,1012,8465408,8306593792,0.152728,0.037289,0.0419,0.015289,0.00688,5833.089448,0.00289,0.0,0.0,0.145028,0.215667,5774.368003,0.0,0.087998,0.119979,0.126298,0.0153,1028,1028,1028,1,8224,2105344,2105344,1.13337,0.745869,1.48378,5685.4,286.431,0.6733410000000001,5774.29,1028,64,64,8591507968
tiledb,rank,65536,0,cold,random,1024,,,512,4,5834.19879100984,34366095360,34366095360,34366095360,24.710613966,4096,4096,,1.0,,1.0,,,,,,4096,1011,8522752,8306597888,0.176408,0.03531,0.042319,0.01327,0.00705,5781.141812,0.033119,0.0,0.0,0.148668,0.188877,5694.999278,0.0,0.088629,0.118288,52.153522,0.0157,1044,1044,1044,1,8352,2138112,2138112,1.17565,0.744489,1.54597,5620.009999999999,268.318,0.553972,5694.91,1044,64,64,8591507968
tiledb,rank,65536,0,cold,random,1024,,,512,5,5899.141490983311,34366095360,34366095360,34366095360,25.192070274,4096,4096,,1.0,,1.0,,,,,,4096,1003,8563712,8306618368,0.169368,0.034879,0.043319,0.0139,0.00762,5880.540568,0.00407,0.0,0.0,0.144248,0.200767,5783.548755,0.0,0.090389,0.120538,17.710565,0.01619,1054,1054,1054,1,8432,2158592,2158592,1.3047600000000001,0.8078160000000001,1.69316,5753.41,284.646,0.6571980000000001,5783.47,1054,64,64,8591507968
tiledb,rank,65536,0,cold,random,1024,,,512,6,5857.0081609650515,34366095360,34366095360,34366095360,22.976830035,4096,4096,,1.0,,1.0,,,,,,4096,1010,8565760,8306724864,0.180308,0.03623,0.042969,0.01438,0.00702,5855.982485,0.041549,0.0,0.0,0.156558,0.155647,5772.230176,0.0,0.089879,0.119548,0.123568,0.01519,1008,1008,1008,1,8064,2064384,2064384,1.0068,0.6027089999999999,1.38229,5687.1900000000005,243.79799999999997,0.6124229999999999,5772.14,1008,64,64,8591507968
tiledb,rank,65536,0,cold,random,1024,,,512,7,5861.262016987894,34366095360,34366095360,34366095360,22.274074068,4096,4096,,1.0,,1.0,,,,,,4095,1009,8539136,8306683904,0.174757,0.03355,0.042149,0.01448,0.00691,5812.526924,0.026109,0.0,0.0,0.14571800000000001,0.189797,5727.205007,0.0,0.090639,0.046049,47.898185,0.01643,1048,1048,1048,1,8384,2146304,2146304,1.06777,0.69261,1.4578,5703.700000000001,250.12099999999998,0.6507280000000001,5727.13,1048,64,64,8591507968
tiledb,rank,65536,0,cold,random,1024,,,512,8,5896.3591530337,34366095360,34366095360,34366095360,23.545927958,4096,4096,,1.0,,1.0,,,,,,4096,1011,8625152,8306659328,0.196837,0.033199,0.042369,0.01451,0.00703,5881.327788,0.02679,0.0,0.0,0.153387,0.177218,5778.831797,0.0,0.090998,0.119529,14.09297,0.021249,1022,1022,1021,1,8176,2093056,2093056,1.05193,0.65052,1.4399300000000002,5749.83,268.847,0.672009,5778.75,1021,64,64,8591507968
tiledb,rank,65536,0,cold,random,1024,,,512,9,5873.417675960809,34366095360,34366095360,34366095360,23.755907393999998,4096,4096,,1.0,,1.0,,,,,,4096,1007,8637440,8306688000,0.176058,0.03607,0.043139,0.0146,0.00765,5836.444957,0.00266,0.0,0.0,0.144068,0.188967,5732.032224,0.0,0.091699,0.120008,36.056122,0.01636,1015,1015,1015,1,8120,2078720,2078720,0.997895,0.671029,1.40426,5702.68,276.294,0.685762,5731.950000000001,1015,64,64,8591507968
tiledb,rank,65536,0,cold,random,8192,,,512,0,5857.788479013834,34366095360,34366095360,34366095360,24.750723735,32768,32755,,0.999603271484375,,1.0003968859716075,,,,,,32736,1024,67732480,8319971328,0.239686,0.094428,0.03913,0.014799,0.00967,5855.886948,0.00951,0.0,0.0,0.27876599999999996,1.106033,5821.817046,0.0,0.341125,0.125228,0.605011,0.023,8140,8133,8121,1,65064,16656384,16656384,3.35968,2.43635,5.76155,5621.2,375.99100000000004,1.42056,5821.61,8121,64,64,8591507968
tiledb,rank,65536,0,cold,random,8192,,,512,1,5863.1082200445235,34366095360,34366095360,34366095360,25.631503076999998,32768,32756,,0.9996337890625,,1.0003663450970814,,,,,,32741,1024,67911168,8319672320,0.261136,0.093548,0.03894,0.014819,0.00865,5861.181489,0.01134,0.0,0.0,0.282876,1.097194,5813.529409,0.0,0.339905,0.128718,0.610171,0.021679,8124,8118,8105,1,64944,16625664,16625664,2.63773,1.803,4.8653200000000005,5591.610000000001,285.982,1.3635,5813.32,8105,64,64,8591507968
tiledb,rank,65536,0,cold,random,8192,,,512,2,5872.58715898497,34366095360,34366095360,34366095360,27.081706248,32768,32755,,0.999603271484375,,1.0003968859716075,,,,,,32742,1024,67993088,8319746048,0.281216,0.093298,0.03865,0.01421,0.008519,5870.675337,0.00917,0.0,0.0,0.280477,1.098353,5816.78549,0.0,0.343605,0.127038,0.577092,0.021829,8198,8184,8165,1,65472,16760832,16760832,2.67432,1.89868,4.939909999999999,5588.96,387.06800000000004,1.3710499999999999,5816.58,8165,64,64,8591507968
tiledb,rank,65536,0,cold,random,8192,,,512,3,5863.01797098713,34366095360,34366095360,34366095360,24.896375958,32768,32764,,0.9998779296875,,1.0001220852154804,,,,,,32746,1024,67921408,8319836160,0.310896,0.092579,0.036989,0.01477,0.00936,5743.193698,0.055159,0.0,0.0,0.27802499999999997,1.042155,5669.113064,0.0,0.345155,0.134248,118.434133,0.03554,8112,8104,8091,1,64832,16596992,16596992,2.7881,1.99558,5.04272,5596.09,237.368,1.3175999999999999,5668.910000000001,8091,64,64,8591507968
tiledb,rank,65536,0,cold,random,8192,,,512,4,5853.533711982891,34366095360,34366095360,34366095360,24.715754308,32768,32757,,0.999664306640625,,1.0003358060872485,,,,,,32746,1024,67695616,8319860736,0.229977,0.094228,0.03736,0.01485,0.009079,5851.659371,0.0084,0.0,0.0,0.290875,1.014995,5802.448455,0.0,0.339275,0.128768,0.587921,0.02242,8187,8179,8162,1,65432,16750592,16750592,3.10113,1.96498,5.46028,5605.45,278.39000000000004,1.3511199999999999,5802.120000000001,8162,64,64,8591507968
tiledb,rank,65536,0,cold,random,8192,,,512,5,5861.548693967052,34366095360,34366095360,34366095360,24.059283475,32768,32755,,0.999603271484375,,1.0003968859716075,,,,,,32745,1024,67773952,8319959040,0.268166,0.096308,0.03701,0.015209,0.00996,5859.564344,0.01243,0.0,0.0,0.298886,1.014394,5810.533155,0.0,0.343354,0.125968,0.605031,0.021019,8163,8152,8136,1,65216,16695296,16695296,3.1619,2.08621,5.64999,5490.53,336.66,1.34403,5810.22,8136,64,64,8591507968
tiledb,rank,65536,0,cold,random,8192,,,512,6,5892.637118988205,34366095360,34366095360,34366095360,24.734504624,32768,32761,,0.999786376953125,,1.0002136686914318,,,,,,32749,1024,67986944,8320413696,0.271336,0.094319,0.037949,0.01406,0.00949,5890.871965,0.00916,0.0,0.0,0.281676,1.067964,5834.672014,0.0,0.328736,0.036829,0.591612,0.019919,8122,8119,8109,1,64952,16627712,16627712,2.68193,1.88111,5.0105,5599.12,384.77099999999996,1.37334,5834.469999999999,8109,64,64,8591507968
tiledb,rank,65536,0,cold,random,8192,,,512,7,5842.050734034274,34366095360,34366095360,34366095360,24.69442299,32768,32759,,0.999725341796875,,1.0002747336609787,,,,,,32739,1024,67814912,8320528384,0.257316,0.092899,0.041399,0.01235,0.00908,5840.335449,0.008929,0.0,0.0,0.258676,1.096424,5800.996196,0.0,0.331095,0.118408,0.463803,0.021179,8162,8157,8138,1,65256,16705536,16705536,2.87437,2.1879,5.20521,5532.4,366.70000000000005,1.44119,5800.74,8138,64,64,8591507968
tiledb,rank,65536,0,cold,random,8192,,,512,8,5830.481835990213,34366095360,34366095360,34366095360,23.709697501,32768,32760,,0.999755859375,,1.0002442002442002,,,,,,32742,1024,67857920,8320094208,0.253426,0.095758,0.03848,0.01332,0.00908,5825.734707,0.02631,0.0,0.0,0.249747,1.103243,5772.998973,0.0,0.347914,0.130298,3.446178,0.02146,8284,8271,8253,1,66168,16939008,16939008,3.37053,2.2174400000000003,5.94778,5590.68,316.485,1.3779000000000001,5772.8,8253,64,64,8591507968
tiledb,rank,65536,0,cold,random,8192,,,512,9,5866.821094008628,34366095360,34366095360,34366095360,25.154292636999998,32768,32763,,0.999847412109375,,1.0001526111772425,,,,,,32736,1024,67913216,8320647168,0.267656,0.094899,0.036089,0.01334,0.00856,5862.160824,0.00969,0.0,0.0,0.305026,1.172892,5807.085855,0.0,0.345415,0.126318,3.35541,0.021969,8293,8289,8272,1,66312,16975872,16975872,3.27807,2.0935300000000003,6.19266,5631.67,287.703,1.43372,5806.89,8272,64,64,8591507968
tiledb,rank,65536,0,cold,random,65536,,,512,0,5918.79191796761,34366095360,34366095360,34366095360,21.545527803,262144,261627,,0.9980278015136719,,1.0019760957393542,,,,,,260583,1024,540722688,8432549888,0.328455,0.089259,0.040959,0.01518,0.01735,5911.863002,0.054129,0.0,0.0,1.3700789999999998,8.154979,5863.907797,0.0,2.392804,0.289156,3.165823,0.181827,65873,65324,64261,1,522592,133783552,133783552,18.296799999999998,15.018,37.9026,5478.4,358.69800000000004,6.2245099999999995,5862.68,64261,64,64,8591507968
tiledb,rank,65536,0,cold,random,65536,,,512,1,5899.079053022433,34366095360,34366095360,34366095360,22.412785606,262144,261609,,0.9979591369628906,,1.0020450366768727,,,,,,260581,1024,540540416,8433262592,0.331645,0.087329,0.040579,0.01392,0.017009,5892.167846,0.05613,0.0,0.0,1.37843,8.67773,5825.933224,0.0,2.378225,0.279656,3.170803,0.181597,65385,64862,63805,1,518896,132837376,132837376,13.3728,11.031600000000001,30.758899999999997,5477.22,326.295,6.26063,5824.72,63805,64,64,8591507968
tiledb,rank,65536,0,cold,random,65536,,,512,2,5905.134243017528,34366095360,34366095360,34366095360,22.435268268,262144,261642,,0.9980850219726562,,1.0019186522041568,,,,,,260678,1024,540638208,8433373184,0.278536,0.085198,0.03946,0.014579,0.01621,5898.251725,0.055299,0.0,0.0,1.360859,8.133319,5848.485028,0.0,2.403595,0.289205,3.171862,0.180437,65833,65363,64336,1,522904,133863424,133863424,17.3878,14.0988,36.4596,5499.6900000000005,393.40000000000003,6.41298,5847.22,64336,64,64,8591507968
tiledb,rank,65536,0,cold,random,65536,,,512,3,5935.287213011179,34366095360,34366095360,34366095360,21.600239329,262144,261637,,0.9980659484863281,,1.0019377993173748,,,,,,260688,1024,540825600,8433172480,0.288056,0.091179,0.04205,0.014009,0.01749,5928.412185,0.056159,0.0,0.0,1.380858,8.031601,5884.584559,0.0,2.399545,0.285955,3.148383,0.181017,65922,65436,64446,1,523488,134012928,134012928,18.2694,14.764,37.0957,5534.63,387.863,6.17555,5883.25,64446,64,64,8591507968
tiledb,rank,65536,0,cold,random,65536,,,512,4,5886.270224000327,34366095360,34366095360,34366095360,21.521338234,262144,261619,,0.9979972839355469,,1.0020067349848443,,,,,,260580,1024,539924992,8432906240,0.267836,0.088269,0.042969,0.01416,0.01645,5879.521785,0.053819,0.0,0.0,1.3927189999999998,7.897772,5824.83207,0.0,2.382824,0.208247,3.137373,0.181558,65451,64937,63984,1,519496,132990976,132990976,18.956899999999997,15.4477,37.6359,5438.780000000001,371.656,6.34469,5823.599999999999,63984,64,64,8591507968
tiledb,rank,65536,0,cold,random,65536,,,512,5,5921.736705000512,34366095360,34366095360,34366095360,21.272368926,262144,261647,,0.9981040954589844,,1.0018995058227307,,,,,,260634,1024,540025856,8433000448,0.282585,0.086759,0.039489,0.01411,0.01728,5914.933016,0.055579,0.0,0.0,1.420539,7.955111,5847.317626,0.0,2.411694,0.208257,3.145693,0.181267,65643,65171,64168,1,521368,133470208,133470208,12.8825,10.6838,30.5748,5498.610000000001,325.00600000000003,5.86216,5846.099999999999,64168,64,64,8591507968
tiledb,rank,65536,0,cold,random,65536,,,512,6,5922.436492983252,34366095360,34366095360,34366095360,22.412231567,262144,261607,,0.9979515075683594,,1.0020526973666606,,,,,,260609,1024,540325888,8433020928,0.355135,0.087459,0.038139,0.01448,0.0182,5601.638279,0.068079,0.0,0.0,1.403269,7.715415,5520.025917,0.0,2.382015,0.284955,316.98604,0.197348,65505,64970,63982,1,519760,133058560,133058560,13.4383,10.869800000000001,29.9663,5350.88,162.892,6.14934,5518.78,63982,64,64,8591507968
tiledb,rank,65536,0,cold,random,65536,,,512,7,5901.784413028508,34366095360,34366095360,34366095360,23.939626971,262144,261597,,0.9979133605957031,,1.0020910025726595,,,,,,260572,1024,540128256,8433139712,0.357175,0.086339,0.040629,0.01387,0.01727,5894.884905,0.058219,0.0,0.0,1.480447,7.841833,5826.158401,0.0,2.377685,0.282126,3.140643,0.182557,65396,64897,63957,1,519176,132909056,132909056,13.642700000000001,11.207,31.3677,5495.009999999999,293.73,6.62903,5824.96,63957,64,64,8591507968
tiledb,rank,65536,0,cold,random,65536,,,512,8,5911.050114023965,34366095360,34366095360,34366095360,22.207718868,262144,261629,,0.9980354309082031,,1.0019684362207553,,,,,,260622,1024,540251136,8433479680,0.660751,0.088739,0.040319,0.01575,0.01691,5903.849722,0.056719,0.0,0.0,1.3647,8.183788,5848.919761,0.0,2.371874,0.283336,3.135303,0.181268,65186,64693,63737,1,517544,132491264,132491264,15.4118,12.296899999999999,33.6554,5489.29,374.15,6.4158599999999995,5847.6900000000005,63737,64,64,8591507968
tiledb,rank,65536,0,cold,random,65536,,,512,9,5886.7223970009945,34366095360,34366095360,34366095360,23.596315948,262144,261633,,0.9980506896972656,,1.0019531175348675,,,,,,260582,1024,540017664,8433614848,0.324945,0.085829,0.039379,0.01367,0.01647,5879.836829,0.055099,0.0,0.0,1.35831,7.056275,5823.557379,0.0,2.380735,0.282936,3.153123,0.181297,65478,64947,63974,1,519576,133011456,133011456,14.8283,11.8054,31.519499999999997,5491.29,290.332,6.13606,5822.3,63974,64,64,8591507968
tiledb,rank,65536,0,cold,window_256,1024,,,512,0,141.76624501124024,538419200,538419200,538419200,0.717691667,4096,1002,,0.24462890625,,4.087824351297405,,,,,,25,4,12149248,8305254400,0.224137,0.096358,0.03537,0.01405,0.00562,140.702691,0.024059,0.0,0.0,0.106728,0.01284,108.546031,0.0,0.077198,0.04903,0.162108,0.016049,3072,748,22,1,5984,1531904,1531904,0.478343,0.32283700000000004,0.5285519999999999,92.04379999999999,15.708,0.053679,108.504,22,3,3,402726936
tiledb,rank,65536,0,cold,window_256,1024,,,512,1,117.9099110304378,538583040,538583040,538583040,0.538967165,4096,1009,,0.246337890625,,4.059464816650149,,,,,,18,4,9511424,8305180672,0.263126,0.036329,0.043459,0.01059,0.0069,105.953059,0.00404,0.0,0.0,0.096478,0.00987,92.621059,0.0,0.05424,0.045719,11.210803,0.01529,1024,251,5,1,2008,514048,514048,0.317725,0.215176,0.367454,84.35289999999999,7.65482,0.050639,92.58030000000001,5,1,1,134242312
tiledb,rank,65536,0,cold,window_256,1024,,,512,2,110.03855901071802,538365952,538365952,538365952,0.449952315,4096,1007,,0.245849609375,,4.067527308838133,,,,,,20,4,6859264,8305094656,0.234986,0.03435,0.041919,0.01039,0.00747,109.115732,0.00355,0.0,0.0,0.099628,0.00861,94.47774,0.0,0.058649,0.045379,0.181818,0.015369,1024,252,5,1,2016,516096,516096,0.320836,0.209059,0.36540500000000004,84.51050000000001,9.36816,0.044199999999999996,94.43690000000001,5,1,1,134242312
tiledb,rank,65536,0,cold,window_256,1024,,,512,3,126.11224799184129,538632192,538632192,538632192,0.607752393,4096,1010,,0.24658203125,,4.0554455445544555,,,,,,18,4,9513472,8305086464,0.162038,0.034749,0.04059,0.010959,0.00723,125.174483,0.00578,0.0,0.0,0.08208900000000001,0.00858,105.643884,0.0,0.065299,0.048409,0.225417,0.01571,2048,505,9,1,4040,1034240,1034240,0.399394,0.27833600000000003,0.456953,84.0502,20.863,0.048299,105.604,9,2,2,268484624
tiledb,rank,65536,0,cold,window_256,1024,,,512,4,120.49756303895265,538144768,538144768,538144768,0.523431137,4096,1007,,0.245849609375,,4.067527308838133,,,,,,20,4,9519616,8305078272,0.130128,0.03177,0.039979,0.01025,0.00482,103.249749,0.002,0.0,0.0,0.07937799999999999,0.00848,91.19647,0.0,0.05501,0.044379,16.584313,0.01406,1024,251,6,1,2008,514048,514048,0.270236,0.176589,0.307985,83.72319999999999,6.94711,0.059589,91.1587,6,1,1,134242312
tiledb,rank,65536,0,cold,window_256,1024,,,512,5,124.70024998765439,537944064,537944064,537944064,0.70517156,4096,1009,,0.246337890625,,4.059464816650149,,,,,,19,4,9515520,8305090560,0.239856,0.034539,0.04274,0.00991,0.0073,123.715074,0.002159,0.0,0.0,0.08953900000000001,0.00925,105.103402,0.0,0.069159,0.049199,0.215337,0.01598,2048,503,11,1,4024,1030144,1030144,0.5004430000000001,0.34826399999999996,0.543842,83.6,20.6755,0.055499,105.061,11,2,2,268484624
tiledb,rank,65536,0,cold,window_256,1024,,,512,6,118.83259698515758,538648576,538648576,538648576,0.543109404,4096,1006,,0.24560546875,,4.071570576540755,,,,,,22,4,9505280,8305070080,0.129498,0.033919,0.03975,0.010639,0.00682,103.93971,0.00193,0.0,0.0,0.081649,0.00749,94.589869,0.0,0.057299,0.042209,14.221677,0.01649,1024,252,5,1,2016,516096,516096,0.263656,0.156966,0.308076,83.2662,10.8095,0.046619,94.5532,5,1,1,134242312
tiledb,rank,65536,0,cold,window_256,1024,,,512,7,139.54460801323876,538681344,538681344,538681344,0.7703623230000001,4096,1012,,0.2470703125,,4.047430830039525,,,,,,16,4,12173824,8305090560,0.146978,0.091699,0.036849,0.01,0.00713,138.606822,0.00619,0.0,0.0,0.078939,0.00913,115.343579,0.0,0.079049,0.049999,0.163407,0.0157,3072,760,11,1,6080,1556480,1556480,0.564142,0.41537399999999997,0.6257809999999999,86.8127,27.598399999999998,0.054639,115.30600000000001,11,3,3,402726936
tiledb,rank,65536,0,cold,window_256,1024,,,512,8,130.68921002559364,538501120,538501120,538501120,0.69089507,4096,1008,,0.24609375,,4.063492063492063,,,,,,19,4,12163584,8305074176,0.243607,0.095078,0.03515,0.009929,0.00656,129.697905,0.00815,0.0,0.0,0.08531899999999999,0.0088,102.763867,0.0,0.077749,0.04931,0.160897,0.01602,3072,755,15,1,6040,1546240,1546240,0.40234400000000003,0.255335,0.458623,86.6404,15.3865,0.058529000000000005,102.722,15,3,3,402726936
tiledb,rank,65536,0,cold,window_256,1024,,,512,9,120.43483305023983,538697728,538697728,538697728,0.568500898,4096,1006,,0.24560546875,,4.071570576540755,,,,,,22,4,9507328,8305049600,0.319635,0.03348,0.042129,0.00888,0.00615,102.695248,0.00191,0.0,0.0,0.078289,0.00706,91.028561,0.0,0.054959,0.045219,16.941958,0.023699,1024,252,5,1,2016,516096,516096,0.265566,0.133086,0.308655,83.1709,7.34572,0.048600000000000004,90.9932,5,1,1,134242312
tiledb,rank,65536,0,cold,window_256,8192,,,512,0,120.71430898504332,538640384,538640384,538640384,0.574123793,32768,1024,,0.03125,,32.0,,,,,,4,4,68878848,8305479680,0.203947,0.090218,0.0429,0.01303,0.0061,104.832966,0.002839,0.0,0.0,0.10367900000000001,0.00831,90.545709,0.0,0.058909,0.056079,15.037726,0.020789,8192,256,1,1,2048,524288,524288,0.158008,0.084029,0.195727,82.69239999999999,7.419989999999999,0.048579,90.503,1,1,1,134242312
tiledb,rank,65536,0,cold,window_256,8192,,,512,1,124.7756679658778,538075136,538075136,538075136,0.68655161,32768,1024,,0.03125,,32.0,,,,,,4,4,68878848,8305737728,0.253616,0.089519,0.036789,0.01006,0.00714,120.854577,0.00243,0.0,0.0,0.079759,0.00714,100.292543,0.0,0.063529,0.054279,3.059234,0.02166,16384,512,2,1,4096,1048576,1048576,0.20879699999999998,0.118188,0.283956,85.3969,14.3599,0.059149,100.256,2,2,2,268484624
tiledb,rank,65536,0,cold,window_256,8192,,,512,2,122.7128499886021,538615808,538615808,538615808,0.577595041,32768,1024,,0.03125,,32.0,,,,,,4,4,68878848,8305594368,0.226047,0.092138,0.03771,0.010299,0.00718,121.218872,0.00229,0.0,0.0,0.079539,0.00647,99.387147,0.0,0.066069,0.056909,0.645821,0.0213,16384,512,2,1,4096,1048576,1048576,0.207796,0.156077,0.25955599999999995,84.48179999999999,14.3988,0.049469,99.3506,2,2,2,268484624
tiledb,rank,65536,0,cold,window_256,8192,,,512,3,132.16059800470248,538144768,538144768,538144768,0.7615757169999999,32768,1024,,0.03125,,32.0,,,,,,4,4,68878848,8305737728,0.315966,0.089749,0.035609,0.00939,0.0072,130.148929,0.00542,0.0,0.0,0.080529,0.00704,110.619629,0.0,0.055469,0.049909,1.181362,0.02128,16384,512,2,1,4096,1048576,1048576,0.226327,0.16936800000000002,0.296406,86.5677,23.5078,0.060849,110.584,2,2,2,268484624
tiledb,rank,65536,0,cold,window_256,8192,,,512,4,124.89204696612433,538656768,538656768,538656768,0.5785352930000001,32768,1024,,0.03125,,32.0,,,,,,4,4,68878848,8305590272,0.214177,0.090589,0.036329,0.01041,0.00755,104.176216,0.00153,0.0,0.0,0.076029,0.00644,92.48573,0.0,0.061949,0.053669,19.887184,0.022219,8192,256,1,1,2048,524288,524288,0.05584,0.02618,0.107949,81.6604,10.4834,0.05696,92.4491,1,1,1,134242312
tiledb,rank,65536,0,cold,window_256,8192,,,512,5,130.11651899432763,538357760,538357760,538357760,0.65003842,32768,1024,,0.03125,,32.0,,,,,,4,4,68878848,8305590272,0.250037,0.089909,0.03656,0.010269,0.00639,128.03602,0.00536,0.0,0.0,0.07718900000000001,0.00729,108.652009,0.0,0.069179,0.057059,1.195592,0.021159,16384,512,2,1,4096,1048576,1048576,0.246577,0.196568,0.303725,83.7881,24.2816,0.072509,108.616,2,2,2,268484624
tiledb,rank,65536,0,cold,window_256,8192,,,512,6,134.49745398247615,538193920,538193920,538193920,0.723369453,32768,1024,,0.03125,,32.0,,,,,,4,4,86508032,8305729536,0.199167,0.088818,0.03542,0.01068,0.008049,104.741878,0.00144,0.0,0.0,0.079079,0.00797,95.19223,0.0,0.045949,0.04618,29.001007,0.0225,8192,256,1,1,2048,524288,524288,0.09718800000000001,0.06544900000000001,0.15864699999999998,82.8117,12.018600000000001,0.048629,95.15429999999999,1,1,1,134242312
tiledb,rank,65536,0,cold,window_256,8192,,,512,7,139.9235629942268,538787840,538787840,538787840,0.75863607,32768,1024,,0.03125,,32.0,,,,,,4,4,86508032,8305733632,0.205276,0.076529,0.036459,0.01072,0.00736,137.576448,0.00315,0.0,0.0,0.086039,0.00901,108.158446,0.0,0.076608,0.0606,1.484528,0.021349,24576,768,3,1,6144,1572864,1572864,0.30802599999999997,0.190427,0.356925,88.0774,19.4462,0.052459,108.117,3,3,3,402726936
tiledb,rank,65536,0,cold,window_256,8192,,,512,8,119.45871799252927,538136576,538136576,538136576,0.580998179,32768,1024,,0.03125,,32.0,,,,,,4,4,68878848,8305614848,0.282246,0.087528,0.03535,0.00971,0.00618,117.629935,0.00588,0.0,0.0,0.070378,0.00684,98.58519,0.0,0.072379,0.057889,0.930306,0.01954,16384,512,2,1,4096,1048576,1048576,0.194587,0.151447,0.243936,84.5373,13.5534,0.064229,98.5498,2,2,2,268484624
tiledb,rank,65536,0,cold,window_256,8192,,,512,9,110.07647798396647,538169344,538169344,538169344,0.551567648,32768,1024,,0.03125,,32.0,,,,,,4,4,51249664,8305459200,0.212597,0.088738,0.0377,0.00953,0.007909,108.418753,0.00189,0.0,0.0,0.075779,0.00674,90.628618,0.0,0.047259,0.04847,0.900657,0.021399,8192,256,1,1,2048,524288,524288,0.097788,0.067479,0.153067,82.3767,7.90658,0.04741,90.5923,1,1,1,134242312
tiledb,rank,65536,0,cold,window_256,65536,,,512,0,162.1892909752205,538263552,538263552,538263552,0.920181622,262144,1024,,0.00390625,,256.0,,,,,,4,4,822683648,8305836032,0.382154,0.096158,0.03912,0.01082,0.008259,152.326508,0.00963,0.0,0.0,0.09359899999999999,0.00887,113.198201,0.0,0.088129,0.398624,8.390465,0.158807,262144,1024,4,1,8192,2097152,2097152,0.27384600000000003,0.15256699999999998,0.331515,87.5429,25.0291,0.075239,113.16,4,4,4,536969248
tiledb,rank,65536,0,cold,window_256,65536,,,512,1,132.8774779685773,538525696,538525696,538525696,0.617985008,262144,1024,,0.00390625,,256.0,,,,,,4,4,545830912,8306835456,0.364015,0.087709,0.038729,0.01008,0.00767,125.826973,0.00528,0.0,0.0,0.09157900000000001,0.00856,104.435701,0.0,0.064839,0.201817,5.830233,0.174008,131072,512,2,1,4096,1048576,1048576,0.192237,0.110357,0.253216,82.92190000000001,20.9939,0.066579,104.395,2,2,2,268484624
tiledb,rank,65536,0,cold,window_256,65536,,,512,2,124.06173901399598,538714112,538714112,538714112,0.5843702,262144,1024,,0.00390625,,256.0,,,,,,4,4,545830912,8306843648,0.282636,0.086598,0.03681,0.00988,0.00762,114.029398,0.006039,0.0,0.0,0.07583000000000001,0.006349,96.410482,0.0,0.068459,0.206827,8.829518,0.185687,131072,512,2,1,4096,1048576,1048576,0.174467,0.130209,0.219417,83.50019999999999,12.442699999999999,0.052979000000000005,96.37320000000001,2,2,2,268484624
tiledb,rank,65536,0,cold,window_256,65536,,,512,3,132.1158290375024,538664960,538664960,538664960,0.630348556,262144,1024,,0.00390625,,256.0,,,,,,4,4,545830912,8306835456,0.248397,0.086419,0.03959,0.011019,0.0066,122.167768,0.00463,0.0,0.0,0.076709,0.00785,104.856096,0.0,0.065239,0.204457,8.766519,0.184377,131072,512,2,1,4096,1048576,1048576,0.198857,0.14168699999999998,0.242737,83.5574,20.8061,0.049009,104.817,2,2,2,268484624
tiledb,rank,65536,0,cold,window_256,65536,,,512,4,136.66632102103904,538443776,538443776,538443776,0.742638805,262144,1024,,0.00390625,,256.0,,,,,,4,4,545830912,8307884032,0.242126,0.086728,0.03889,0.01087,0.00793,129.635236,0.002269,0.0,0.0,0.079429,0.00832,108.975824,0.0,0.063759,0.202527,5.854503,0.174297,131072,512,2,1,4096,1048576,1048576,0.142867,0.095749,0.187757,84.3548,24.1717,0.064759,108.936,2,2,2,268484624
tiledb,rank,65536,0,cold,window_256,65536,,,512,5,128.34496499272063,538959872,538959872,538959872,0.577123202,262144,1024,,0.00390625,,256.0,,,,,,4,4,545830912,8306823168,0.213977,0.079729,0.0382,0.011659,0.00642,105.823402,0.00136,0.0,0.0,0.08895900000000001,0.00731,94.084246,0.0,0.061389,0.112598,21.47055,0.173107,65536,256,1,1,2048,524288,524288,0.096099,0.062709,0.142988,83.18119999999999,10.538,0.055209,94.0467,1,1,1,134242312
tiledb,rank,65536,0,cold,window_256,65536,,,512,6,132.17162899672985,538394624,538394624,538394624,0.618570945,262144,1024,,0.00390625,,256.0,,,,,,4,4,545830912,8306823168,0.282266,0.085888,0.03783,0.01049,0.00654,122.00158,0.00524,0.0,0.0,0.077299,0.007619,100.439202,0.0,0.066879,0.201677,8.954466,0.181058,131072,512,2,1,4096,1048576,1048576,0.158737,0.109208,0.22791599999999998,85.4989,14.4627,0.049319,100.404,2,2,2,268484624
tiledb,rank,65536,0,cold,window_256,65536,,,512,7,129.34883998241276,538705920,538705920,538705920,0.626275389,262144,1024,,0.00390625,,256.0,,,,,,4,4,545830912,8306819072,0.350794,0.087849,0.039689,0.00965,0.00811,118.896856,0.00229,0.0,0.0,0.09464800000000001,0.0083,99.631994,0.0,0.067389,0.202967,9.244143,0.180857,131072,512,2,1,4096,1048576,1048576,0.19480699999999998,0.090519,0.250436,84.44359999999999,14.6598,0.068659,99.5922,2,2,2,268484624
tiledb,rank,65536,0,cold,window_256,65536,,,512,8,126.92869600141421,538787840,538787840,538787840,0.553446579,262144,1024,,0.00390625,,256.0,,,,,,4,4,545830912,8306823168,0.265066,0.079109,0.03921,0.012719,0.00735,104.686998,0.00223,0.0,0.0,0.078779,0.00695,92.898594,0.0,0.060999,0.112329,21.147205,0.170587,65536,256,1,1,2048,524288,524288,0.102919,0.070779,0.16233799999999998,83.8351,8.67041,0.052619,92.8595,1,1,1,134242312
tiledb,rank,65536,0,cold,window_256,65536,,,512,9,128.79422900732607,538517504,538517504,538517504,0.675045715,262144,1024,,0.00390625,,256.0,,,,,,4,4,545830912,8307875840,0.259776,0.0,0.0,0.00957,0.0,0.0006,0.0,0.0,0.0,0.0,0.0,0.0,0.0,0.0,0.0,128.097909,0.182617,0,0,0,0,0,0,0,0.0,0.0,0.0,0.0,0.0,0.0,0.0,0,0,0,0
tiledb,rank,65536,0,cold,window_4096,1024,,,512,0,127.61466699885204,538271744,538271744,538271744,0.590516652,4096,3596,,0.8779296875,,1.139043381535039,,,,,,2785,4,12175872,8308330496,0.276006,0.03383,0.040759,0.01158,0.00798,107.164531,0.00771,0.0,0.0,0.127687,0.117239,96.973633,0.0,0.078369,0.043589,19.633158,0.016279,1024,893,692,1,7144,1828864,1828864,0.836777,0.487666,1.07891,85.0326,10.379100000000001,0.271455,96.90400000000001,692,1,1,134242312
tiledb,rank,65536,0,cold,window_4096,1024,,,512,1,117.62250500032678,538804224,538804224,538804224,0.576770932,4096,3616,,0.8828125,,1.1327433628318584,,,,,,2840,4,12222976,8307515392,0.168867,0.03597,0.043199,0.00981,0.00751,116.64354,0.00965,0.0,0.0,0.149607,0.197827,99.018813,0.0,0.117298,0.050239,0.223397,0.01626,2048,1828,1424,1,14624,3743744,3743744,1.19035,0.71853,1.663,82.1726,14.6248,0.23652600000000001,98.9288,1424,2,2,268484624
tiledb,rank,65536,0,cold,window_4096,1024,,,512,2,127.49433802673593,538550272,538550272,538550272,0.598505651,4096,3608,,0.880859375,,1.1352549889135255,,,,,,2822,4,12173824,8307802112,0.209797,0.03332,0.041389,0.00942,0.0064,101.694673,0.00357,0.0,0.0,0.108429,0.109228,89.310727,0.0,0.075959,0.041419,25.101436,0.0137,1024,896,732,1,7168,1835008,1835008,0.7043489999999999,0.441985,0.940376,81.9803,5.9544999999999995,0.230846,89.2491,732,1,1,134242312
tiledb,rank,65536,0,cold,window_4096,1024,,,512,3,132.67418096074834,538218496,538218496,538218496,0.67642228,4096,3621,,0.884033203125,,1.1311792322562828,,,,,,2839,4,12182016,8307499008,0.178998,0.03469,0.042229,0.01015,0.00755,103.757082,0.01056,0.0,0.0,0.119539,0.098638,91.876319,0.0,0.081269,0.042279,28.2041,0.016509,1024,906,715,1,7248,1855488,1855488,0.8291970000000001,0.477463,1.07587,82.9177,7.46858,0.20659699999999998,91.8155,715,1,1,134242312
tiledb,rank,65536,0,cold,window_4096,1024,,,512,4,156.7334809806198,672718848,672718848,672718848,0.907193545,4096,3607,,0.880615234375,,1.1355697255336845,,,,,,2841,5,16908800,8307826688,0.152698,0.0,0.0,0.0096,0.0,0.00085,0.0,0.0,0.0,0.0,0.0,0.0,0.0,0.0,0.0,156.232979,0.037989,0,0,0,0,0,0,0,0.0,0.0,0.0,0.0,0.0,0.0,0.0,0,0,0,0
tiledb,rank,65536,0,cold,window_4096,1024,,,512,5,129.89458203082904,538869760,538869760,538869760,0.768081016,4096,3641,,0.888916015625,,1.1249656687723153,,,,,,2810,4,12231168,8307843072,0.146547,0.03543,0.041869,0.01107,0.00724,128.916336,0.00841,0.0,0.0,0.119358,0.179357,110.307114,0.0,0.115549,0.046669,0.217917,0.01602,2048,1832,1413,1,14656,3751936,3751936,1.06965,0.67206,1.50981,84.0568,24.2092,0.238207,110.227,1413,2,2,268484624
tiledb,rank,65536,0,cold,window_4096,1024,,,512,6,121.6576150036417,538894336,538894336,538894336,0.565399988,4096,3622,,0.88427734375,,1.1308669243511873,,,,,,2835,4,12198400,8307777536,0.263696,0.034469,0.0402,0.00928,0.007019,120.642941,0.01033,0.0,0.0,0.141968,0.201907,98.54884,0.0,0.115398,0.047009,0.231037,0.01521,2048,1816,1415,1,14528,3719168,3719168,0.9781150000000001,0.626681,1.4238899999999999,83.9819,12.591800000000001,0.215656,98.4637,1415,2,2,268484624
tiledb,rank,65536,0,cold,window_4096,1024,,,512,7,133.4968379815109,538566656,538566656,538566656,0.679313378,4096,3640,,0.888671875,,1.1252747252747253,,,,,,2834,4,16908800,8308101120,0.125939,0.092429,0.036379,0.01188,0.00696,132.508313,0.01266,0.0,0.0,0.14891700000000002,0.281876,103.103492,0.0,0.149148,0.048939,0.159917,0.01538,3072,2728,2130,1,21824,5586944,5586944,1.2182300000000001,0.747517,1.7971199999999998,84.9041,15.831299999999999,0.208237,103.006,2130,3,3,402726936
tiledb,rank,65536,0,cold,window_4096,1024,,,512,8,137.57878699107096,672800768,672800768,672800768,0.557779691,4096,3636,,0.8876953125,,1.1265126512651265,,,,,,2812,5,8231424,8307175424,0.126188,0.03353,0.041639,0.01281,0.00741,136.76254,0.0099,0.0,0.0,0.112338,0.102938,113.32405,0.0,0.081918,0.0453,0.101868,0.01566,1024,897,704,1,7176,1837056,1837056,0.693239,0.443423,0.919946,99.1325,12.868599999999999,0.15426700000000002,113.262,704,2,2,268484624
tiledb,rank,65536,0,cold,window_4096,1024,,,512,9,122.01154901413247,538804224,538804224,538804224,0.557141593,4096,3644,,0.8896484375,,1.12403951701427,,,,,,2842,4,12229120,8307490816,0.124168,0.0339,0.041809,0.01197,0.00713,121.055414,0.01117,0.0,0.0,0.11921799999999999,0.184457,99.780131,0.0,0.115678,0.047659,0.214116,0.01408,2048,1831,1424,1,14648,3749888,3749888,0.936196,0.631141,1.3789900000000002,85.6325,12.2265,0.231177,99.6978,1424,2,2,268484624
tiledb,rank,65536,0,cold,window_4096,8192,,,512,0,120.91003701789305,538292224,538292224,538292224,0.535529304,32768,14167,,0.432342529296875,,2.3129808710383286,,,,,,1951,4,82389504,8307957760,0.239116,0.0,0.0,0.0112,0.0,0.00091,0.0,0.0,0.0,0.0,0.0,0.0,0.0,0.0,0.0,120.348614,0.02687,0,0,0,0,0,0,0,0.0,0.0,0.0,0.0,0.0,0.0,0.0,0,0,0,0
tiledb,rank,65536,0,cold,window_4096,8192,,,512,1,121.832872973755,538492928,538492928,538492928,0.572373858,32768,14213,,0.433746337890625,,2.3054949693942164,,,,,,1879,4,82379264,8307859456,0.251986,0.092009,0.038679,0.01047,0.00754,120.060959,0.027479,0.0,0.0,0.101759,0.129348,100.340643,0.0,0.298105,0.056079,0.67564,0.021139,16384,7104,949,1,56832,14548992,14548992,0.894737,0.5963029999999999,1.2507499999999998,83.8633,14.4642,0.5162720000000001,100.277,949,2,2,268484624
tiledb,rank,65536,0,cold,window_4096,8192,,,512,2,121.1502329679206,538353664,538353664,538353664,0.58399385,32768,14204,,0.4334716796875,,2.3069557871022246,,,,,,1906,4,82356736,8308203520,0.338825,0.091868,0.03633,0.00973,0.0082,118.900976,0.026149,0.0,0.0,0.10539899999999999,0.134018,98.079566,0.0,0.291385,0.05216,1.179013,0.020359,16384,7093,953,1,56744,14526464,14526464,0.9658549999999999,0.6520589999999999,1.29192,83.4704,12.6383,0.409754,98.01469999999999,953,2,2,268484624
tiledb,rank,65536,0,cold,window_4096,8192,,,512,3,148.57786294305697,673034240,673034240,673034240,0.699955355,32768,14142,,0.43157958984375,,2.317069721397256,,,,,,1925,5,82248192,8307904512,0.213327,0.090769,0.035789,0.01135,0.0076,146.255658,0.026889,0.0,0.0,0.10830899999999999,0.129058,122.186317,0.0,0.303465,0.060119,1.237462,0.02198,16384,7040,985,1,56320,14417920,14417920,0.796748,0.512281,1.1337000000000002,102.176,18.1653,0.411964,122.119,985,3,3,402726936
tiledb,rank,65536,0,cold,window_4096,8192,,,512,4,155.05966695491225,673030144,673030144,673030144,0.730276522,32768,14161,,0.432159423828125,,2.3139608784690346,,,,,,1941,5,82276864,8307900416,0.266986,0.092159,0.036369,0.01073,0.00805,153.422601,0.00793,0.0,0.0,0.124099,0.131348,122.079458,0.0,0.302265,0.05774,0.510842,0.0217,16384,7054,999,1,56432,14446592,14446592,0.9697049999999999,0.63045,1.34956,102.493,17.5331,0.394604,122.02300000000001,999,3,3,402726936
tiledb,rank,65536,0,cold,window_4096,8192,,,512,5,107.17346094315872,538656768,538656768,538656768,0.471667637,32768,14159,,0.432098388671875,,2.3142877321844764,,,,,,1930,4,58024448,8307412992,0.280826,0.092398,0.03716,0.00947,0.007559,103.605395,0.00672,0.0,0.0,0.081919,0.067759,90.397171,0.0,0.175387,0.054119,2.564131,0.02001,8192,3564,467,1,28512,7299072,7299072,0.67447,0.429534,0.870387,80.6211,8.27974,0.42135399999999995,90.3369,467,1,1,134242312
tiledb,rank,65536,0,cold,window_4096,8192,,,512,6,137.19403301365674,538820608,538820608,538820608,0.7412963619999999,32768,14144,,0.431640625,,2.316742081447964,,,,,,1913,4,106686976,8308428800,0.231136,0.077939,0.037179,0.00949,0.00885,134.496274,0.036569,0.0,0.0,0.10428799999999999,0.187048,106.179176,0.0,0.432763,0.067769,1.495388,0.02209,24576,10621,1426,1,84968,21751808,21751808,1.13713,0.752858,1.58234,84.206,19.5014,0.5452319999999999,106.092,1426,3,3,402726936
tiledb,rank,65536,0,cold,window_4096,8192,,,512,7,107.77238296577707,538218496,538218496,538218496,0.469455114,32768,14119,,0.430877685546875,,2.3208442524258093,,,,,,1959,4,57993728,8307441664,0.321675,0.090158,0.03552,0.0089,0.00704,106.487311,0.00877,0.0,0.0,0.096409,0.072998,93.768291,0.0,0.169198,0.049829,0.320825,0.02132,8192,3519,489,1,28152,7206912,7206912,0.70496,0.421522,0.8929469999999999,81.5964,10.73,0.373064,93.7202,489,1,1,134242312
tiledb,rank,65536,0,cold,window_4096,8192,,,512,8,151.79651603102684,672899072,672899072,672899072,0.6990116670000001,32768,14169,,0.432403564453125,,2.312654386336368,,,,,,1899,5,82315776,8307892224,0.219167,0.090109,0.03751,0.009439,0.00791,150.250599,0.02476,0.0,0.0,0.091919,0.127118,122.507542,0.0,0.299605,0.0548,0.496983,0.021219,16384,7073,955,1,56584,14485504,14485504,0.854357,0.552139,1.21365,100.82900000000001,19.7936,0.40532399999999996,122.44800000000001,955,3,3,402726936
tiledb,rank,65536,0,cold,window_4096,8192,,,512,9,121.87221104977652,538755072,538755072,538755072,0.597916078,32768,14168,,0.432373046875,,2.312817617165443,,,,,,1908,4,82338304,8307892224,0.249176,0.091449,0.036209,0.0126,0.00844,102.035438,0.00771,0.0,0.0,0.093038,0.068479,89.567034,0.0,0.172497,0.052169,18.851938,0.02212,8192,3539,490,1,28312,7247872,7247872,0.683259,0.39347,0.865887,80.776,7.256270000000001,0.483463,89.5174,490,1,1,134242312
tiledb,rank,65536,0,cold,window_4096,65536,,,512,0,162.17532998416573,672509952,672509952,672509952,0.9605649940000001,262144,16384,,0.0625,,16.0,,,,,,4,5,559415808,8307576832,0.250536,0.086729,0.038499,0.013,0.01337,151.752326,0.050359,0.0,0.0,0.074489,0.00903,121.232931,0.0,0.340745,0.221726,8.906167,0.180667,131072,8192,2,1,65536,16777216,16777216,0.16788799999999998,0.121848,0.213117,101.60900000000001,18.7967,0.422674,121.197,2,3,3,402726936
tiledb,rank,65536,0,cold,window_4096,65536,,,512,1,113.88289101887494,538755072,538755072,538755072,0.48630986200000004,262144,16384,,0.0625,,16.0,,,,,,4,4,414188032,8307265536,0.275746,0.082798,0.03792,0.01095,0.00733,105.758332,0.005359,0.0,0.0,0.093629,0.00911,93.058482,0.0,0.194687,0.120248,6.882597,0.185168,65536,4096,1,1,32768,8388608,8388608,0.100659,0.066219,0.143068,84.4015,7.933320000000001,0.392274,93.01719999999999,1,1,1,134242312
tiledb,rank,65536,0,cold,window_4096,65536,,,512,2,128.13455797731876,538738688,538738688,538738688,0.579431594,262144,16384,,0.0625,,16.0,,,,,,4,4,559415808,8308523008,0.247576,0.087888,0.03923,0.01052,0.00837,117.893111,0.054179,0.0,0.0,0.068968,0.00801,97.587425,0.0,0.340305,0.220776,8.772379,0.181907,131072,8192,2,1,65536,16777216,16777216,0.150838,0.08213899999999999,0.199857,83.84320000000001,12.9723,0.399864,97.5536,2,2,2,268484624
tiledb,rank,65536,0,cold,window_4096,65536,,,512,3,134.11234901286662,537890816,537890816,537890816,0.640296683,262144,16384,,0.0625,,16.0,,,,,,4,4,559415808,8308658176,0.220266,0.082149,0.037489,0.0118,0.00791,99.832071,0.00543,0.0,0.0,0.078559,0.00726,89.275808,0.0,0.189957,0.118648,33.104416,0.170997,65536,4096,1,1,32768,8388608,8388608,0.097069,0.065869,0.158138,81.9694,6.60827,0.382224,89.2386,1,1,1,134242312
tiledb,rank,65536,0,cold,window_4096,65536,,,512,4,177.10369802080095,672808960,672808960,672808960,0.907165907,262144,16384,,0.0625,,16.0,,,,,,4,5,559415808,8308523008,0.251997,0.097019,0.038219,0.01141,0.00803,166.636644,0.00866,0.0,0.0,0.08024799999999999,0.00936,138.877179,0.0,0.341875,0.223667,8.973006,0.182647,131072,8192,2,1,65536,16777216,16777216,0.191657,0.139539,0.238456,104.942,32.7996,0.6814800000000001,138.839,2,3,3,402726936
tiledb,rank,65536,0,cold,window_4096,65536,,,512,5,133.19899298949167,538869760,538869760,538869760,0.663002224,262144,16384,,0.0625,,16.0,,,,,,4,4,559415808,8308527104,0.220497,0.085798,0.03867,0.012,0.00652,122.761418,0.008569,0.0,0.0,0.082209,0.00902,107.316879,0.0,0.345795,0.224987,8.950576,0.182308,131072,8192,2,1,65536,16777216,16777216,0.231337,0.139029,0.284535,81.9633,24.4244,0.419423,107.277,2,2,2,268484624
tiledb,rank,65536,0,cold,window_4096,65536,,,512,6,133.0468449741602,538443776,538443776,538443776,0.650767726,262144,16384,,0.0625,,16.0,,,,,,4,4,559415808,8308523008,0.232627,0.088448,0.0389,0.01207,0.008449,122.69046,0.00913,0.0,0.0,0.08190900000000001,0.00917,107.369688,0.0,0.343345,0.221177,8.858598,0.180937,131072,8192,2,1,65536,16777216,16777216,0.151548,0.097518,0.210737,81.8932,24.555600000000002,0.497353,107.33099999999999,2,2,2,268484624
tiledb,rank,65536,0,cold,window_4096,65536,,,512,7,123.19188198307529,538664960,538664960,538664960,0.5923075800000001,262144,16384,,0.0625,,16.0,,,,,,4,4,559415808,8308518912,0.278835,0.088509,0.037399,0.01056,0.00816,112.717498,0.030119,0.0,0.0,0.075099,0.00876,96.643008,0.0,0.330645,0.217137,9.025455,0.181067,131072,8192,2,1,65536,16777216,16777216,0.150147,0.081269,0.193807,83.0209,12.813099999999999,0.416084,96.603,2,2,2,268484624
tiledb,rank,65536,0,cold,window_4096,65536,,,512,8,131.78764301119372,538443776,538443776,538443776,0.568150062,262144,16384,,0.0625,,16.0,,,,,,4,4,559415808,8308523008,0.224987,0.081518,0.03717,0.01174,0.007309,101.8979,0.00564,0.0,0.0,0.07552900000000001,0.00636,91.880019,0.0,0.192907,0.119969,28.699802,0.169047,65536,4096,1,1,32768,8388608,8388608,0.057619,0.025109999999999997,0.102988,84.21170000000001,7.07952,0.332985,91.8438,1,1,1,134242312
tiledb,rank,65536,0,cold,window_4096,65536,,,512,9,141.88462297897786,538492928,538492928,538492928,0.719481917,262144,16384,,0.0625,,16.0,,,,,,4,4,559415808,8308518912,0.332905,0.088329,0.03789,0.009869,0.00846,131.619407,0.03418,0.0,0.0,0.08420899999999999,0.008819,112.237516,0.0,0.340675,0.223817,8.747879,0.181317,131072,8192,2,1,65536,16777216,16777216,0.201927,0.153638,0.252206,87.119,24.2285,0.39944399999999997,112.199,2,2,2,268484624
tiledb,rank,65536,0,cold,window_65536,1024,,,512,0,243.4039789950475,1075601408,1075601408,1075601408,1.219939961,4096,4062,,0.99169921875,,1.0083702609551946,,,,,,4010,8,12646912,8309964800,0.155218,0.036179,0.04202,0.01383,0.007639,242.338165,0.02902,0.0,0.0,0.13642900000000002,0.285465,200.624256,0.0,0.124278,0.048399,0.225516,0.01543,2048,2035,2010,1,16280,4167680,4167680,1.26512,0.8103849999999999,1.94307,169.482,28.4894,0.34480500000000003,200.537,2010,4,4,536969248
tiledb,rank,65536,0,cold,window_65536,1024,,,512,1,245.7549629616551,1075339264,1075339264,1075339264,1.361723391,4096,4056,,0.990234375,,1.009861932938856,,,,,,3995,8,12636672,8310403072,0.134478,0.0,0.0,0.01022,0.0,0.00096,0.0,0.0,0.0,0.0,0.0,0.0,0.0,0.0,0.0,245.29197,0.02885,0,0,0,0,0,0,0,0.0,0.0,0.0,0.0,0.0,0.0,0.0,0,0,0,0
tiledb,rank,65536,0,cold,window_65536,1024,,,512,2,259.7078459803015,1075576832,1075576832,1075576832,1.396010798,4096,4066,,0.99267578125,,1.0073782587309394,,,,,,4000,8,16908800,8310824960,0.152397,0.0,0.0,0.01028,0.0,0.00123,0.0,0.0,0.0,0.0,0.0,0.0,0.0,0.0,0.0,259.232593,0.027639,0,0,0,0,0,0,0,0.0,0.0,0.0,0.0,0.0,0.0,0.0,0,0,0,0
tiledb,rank,65536,0,cold,window_65536,1024,,,512,3,220.33933195052668,940933120,940933120,940933120,1.216314585,4096,4061,,0.991455078125,,1.0086185668554544,,,,,,4014,8,12636672,8310849536,0.215447,0.035019,0.04141,0.00993,0.00712,202.795244,0.010369,0.0,0.0,0.128508,0.232037,172.157452,0.0,0.127638,0.050269,16.71613,0.01551,2048,2024,1992,1,16192,4145152,4145152,1.2941,0.867808,1.88192,147.697,21.849,0.40317400000000003,172.065,1992,3,3,402726936
tiledb,rank,65536,0,cold,window_65536,1024,,,512,4,258.8372490135953,1075494912,1075494912,1075494912,1.280990084,4096,4063,,0.991943359375,,1.008122077282796,,,,,,3989,8,12651008,8310398976,0.172648,0.0,0.0,0.00983,0.0,0.00089,0.0,0.0,0.0,0.0,0.0,0.0,0.0,0.0,0.0,258.366976,0.024239,0,0,0,0,0,0,0,0.0,0.0,0.0,0.0,0.0,0.0,0.0,0,0,0,0
tiledb,rank,65536,0,cold,window_65536,1024,,,512,5,242.3633539583534,1075740672,1075740672,1075740672,1.1578939879999999,4096,4066,,0.99267578125,,1.0073782587309394,,,,,,3991,8,12640768,8310394880,0.225577,0.03539,0.042689,0.00993,0.0075,241.249621,0.00532,0.0,0.0,0.157718,0.284705,200.726856,0.0,0.124978,0.123628,0.225897,0.01506,2048,2032,1997,1,16256,4161536,4161536,1.2423,0.824757,1.84071,169.262,28.9394,0.29630599999999996,200.64100000000002,1997,4,4,536969248
tiledb,rank,65536,0,cold,window_65536,1024,,,512,6,240.27205497259274,1075699712,1075699712,1075699712,1.359479433,4096,4064,,0.9921875,,1.0078740157480315,,,,,,3991,8,12642816,8309989376,0.148768,0.0,0.0,0.01098,0.0,0.001,0.0,0.0,0.0,0.0,0.0,0.0,0.0,0.0,0.0,239.782912,0.03069,0,0,0,0,0,0,0,0.0,0.0,0.0,0.0,0.0,0.0,0.0,0,0,0,0
tiledb,rank,65536,0,cold,window_65536,1024,,,512,7,238.0570590030402,1074802688,1074802688,1074802688,1.3659064410000001,4096,4069,,0.993408203125,,1.0066355369869746,,,,,,4004,8,12651008,8309997568,0.152178,0.035109,0.04229,0.01196,0.006649,237.045614,0.00423,0.0,0.0,0.125948,0.248847,199.974056,0.0,0.122118,0.050269,0.219957,0.015749,2048,2037,2002,1,16296,4171776,4171776,1.26144,0.8850750000000001,1.8246099999999998,168.215,23.917399999999997,0.337335,199.89000000000001,2002,4,4,536969248
tiledb,rank,65536,0,cold,window_65536,1024,,,512,8,240.96875602845103,1075699712,1075699712,1075699712,1.188114004,4096,4062,,0.99169921875,,1.0083702609551946,,,,,,3989,8,12636672,8309985280,0.130238,0.034779,0.04212,0.011889,0.00731,210.128285,0.01262,0.0,0.0,0.118448,0.136438,184.722765,0.0,0.093239,0.043649,30.11125,0.01601,1024,1017,999,1,8136,2082816,2082816,0.8891669999999999,0.5943590000000001,1.20434,168.638,14.3695,0.224657,184.65400000000002,999,2,2,268484624
tiledb,rank,65536,0,cold,window_65536,1024,,,512,9,259.2422220041044,1075613696,1075613696,1075613696,1.6118368619999999,4096,4073,,0.994384765625,,1.005646943285048,,,,,,4003,8,16908800,8310808576,0.179627,0.0,0.0,0.01015,0.0,0.00079,0.0,0.0,0.0,0.0,0.0,0.0,0.0,0.0,0.0,258.656681,0.055589,0,0,0,0,0,0,0,0.0,0.0,0.0,0.0,0.0,0.0,0.0,0,0,0,0
tiledb,rank,65536,0,cold,window_65536,8192,,,512,0,219.939629023429,806477824,806477824,806477824,1.246534598,32768,30805,,0.940093994140625,,1.06372342152248,,,,,,27252,8,99361280,8329789440,0.207847,0.0,0.0,0.01223,0.0,0.00113,0.0,0.0,0.0,0.0,0.0,0.0,0.0,0.0,0.0,218.884405,0.028769,0,0,0,0,0,0,0,0.0,0.0,0.0,0.0,0.0,0.0,0.0,0,0,0,0
tiledb,rank,65536,0,cold,window_65536,8192,,,512,1,244.2601359798573,1075388416,1075388416,1075388416,1.388899157,32768,30786,,0.93951416015625,,1.0643799129474436,,,,,,27198,8,99353088,8320729088,0.252037,0.090929,0.035789,0.01041,0.00851,241.600636,0.01806,0.0,0.0,0.332765,1.507688,205.991117,0.0,0.63531,0.060749,1.208362,0.022669,16384,15392,13582,1,123136,31522816,31522816,3.48314,2.56673,6.4621699999999995,167.889,24.345100000000002,1.44465,205.651,13582,4,4,536969248
tiledb,rank,65536,0,cold,window_65536,8192,,,512,2,294.55625597620383,1075634176,1075634176,1075634176,1.5825499719999998,32768,30757,,0.938629150390625,,1.06538348993725,,,,,,27096,8,132207104,8324268032,0.273976,0.092839,0.036399,0.0129,0.00796,154.779431,0.00807,0.0,0.0,0.27083599999999997,0.740079,132.355785,0.0,0.323715,0.054569,138.593552,0.02376,8192,7675,6759,1,61400,15718400,15718400,2.28941,1.49048,3.76093,112.28200000000001,14.3179,1.3283800000000001,132.133,6759,2,2,268484624
tiledb,rank,65536,0,cold,window_65536,8192,,,512,3,286.77343198796734,1075699712,1075699712,1075699712,1.619717259,32768,30775,,0.939178466796875,,1.0647603574329814,,,,,,27218,8,132239872,8331079680,0.295276,0.079638,0.03843,0.01027,0.010899,283.53572,0.079759,0.0,0.0,0.6947289999999999,2.226927,236.718898,0.0,0.881007,0.074919,1.498267,0.02406,24576,23098,20430,1,184784,47304704,47304704,5.8338399999999995,3.88062,11.1178,175.82999999999998,41.22,2.60607,236.057,20430,6,6,805453872
tiledb,rank,65536,0,cold,window_65536,8192,,,512,4,249.46447799447924,1075109888,1075109888,1075109888,1.5626579760000001,32768,30823,,0.940643310546875,,1.0631022288550758,,,,,,27323,8,99406336,8331350016,0.211886,0.094879,0.037159,0.01214,0.00968,246.820248,0.052119,0.0,0.0,0.477043,1.507747,207.215269,0.0,0.605961,0.057099,1.228172,0.022569,16384,15405,13663,1,123240,31549440,31549440,3.53434,2.41574,6.80464,169.457,28.6983,1.22365,206.749,13663,4,4,536969248
tiledb,rank,65536,0,cold,window_65536,8192,,,512,5,266.2328080041334,1074909184,1074909184,1074909184,1.636796308,32768,30803,,0.940032958984375,,1.0637924877447003,,,,,,27123,8,132266496,8334426112,0.213826,0.078529,0.038029,0.01159,0.01108,263.042016,0.080259,0.0,0.0,0.483503,2.157838,218.708927,0.0,0.885247,0.067489,1.493598,0.022499,24576,23111,20368,1,184888,47331328,47331328,5.281669999999999,3.35578,10.0766,183.87,41.4802,2.92202,218.189,20368,6,6,805453872
tiledb,rank,65536,0,cold,window_65536,8192,,,512,6,285.4839509818703,1075486720,1075486720,1075486720,1.529377497,32768,30827,,0.940765380859375,,1.0629642845557465,,,,,,27278,8,132266496,8327794688,0.256856,0.094078,0.03714,0.01206,0.008539,159.735078,0.03229,0.0,0.0,0.298736,0.761738,136.964477,0.0,0.325575,0.052339,124.596521,0.02616,8192,7716,6798,1,61728,15802368,15802368,2.15386,1.33161,3.6357,114.397,16.9709,1.35478,136.726,6798,2,2,268484624
tiledb,rank,65536,0,cold,window_65536,8192,,,512,7,242.95685603283346,1075724288,1075724288,1075724288,1.379513459,32768,30720,,0.9375,,1.0666666666666667,,,,,,27171,8,99363328,8327491584,0.345535,0.093109,0.036839,0.00948,0.00915,240.220456,0.01463,0.0,0.0,0.38567399999999996,1.649755,203.331687,0.0,0.627921,0.058749,1.237692,0.02267,16384,15397,13609,1,123176,31533056,31533056,4.55444,3.53148,8.15287,165.407,22.612199999999998,1.24106,202.995,13609,4,4,536969248
tiledb,rank,65536,0,cold,window_65536,8192,,,512,8,242.81115795020014,1075372032,1075372032,1075372032,1.400703729,32768,30797,,0.939849853515625,,1.0639997402344383,,,,,,27099,8,99377664,8320643072,0.218216,0.093449,0.038709,0.01175,0.00928,240.483062,0.01441,0.0,0.0,0.339915,1.544037,204.49428,0.0,0.601071,0.059739,0.929516,0.022919,16384,15404,13582,1,123232,31547392,31547392,3.7340899999999997,2.6837,6.84207,165.97400000000002,24.140600000000003,1.3609200000000001,203.971,13582,4,4,536969248
tiledb,rank,65536,0,cold,window_65536,8192,,,512,9,245.46048801857978,1075286016,1075286016,1075286016,1.3737631,32768,30842,,0.94122314453125,,1.0624473121068672,,,,,,27185,8,99465728,8320864256,0.227966,0.091639,0.036009,0.01238,0.00998,242.814877,0.01428,0.0,0.0,0.339435,1.535207,207.333686,0.0,0.604721,0.057859,1.241811,0.02309,16384,15447,13599,1,123576,31635456,31635456,3.92213,2.94665,7.279489999999999,167.628,25.1544,1.47387,207.02599999999998,13599,4,4,536969248
tiledb,rank,65536,0,cold,window_65536,65536,,,512,0,283.1348259933293,1075597312,1075597312,1075597312,1.6693887369999998,262144,165856,,0.6326904296875,,1.580551803974532,,,,,,61164,8,712583680,8362987520,0.342275,0.091498,0.04043,0.01259,0.020279,266.566003,0.070039,0.0,0.0,0.7223189999999999,3.34707,220.292803,0.0,3.025785,0.326145,12.186488,0.173097,131072,82875,30552,1,663000,169728000,169728000,7.8621300000000005,5.47495,15.2614,170.77200000000002,28.2837,4.202039999999999,219.319,30552,4,4,536969248
tiledb,rank,65536,0,cold,window_65536,65536,,,512,1,264.13516903994605,1075503104,1075503104,1075503104,1.53842052,262144,165959,,0.6330833435058594,,1.579570857862484,,,,,,60814,8,712618496,8347267072,0.289495,0.092719,0.039499,0.01179,0.02028,250.876007,0.069229,0.0,0.0,0.664351,3.583216,211.067411,0.0,3.021385,0.333725,8.938587,0.184947,131072,82998,30457,1,663984,169979904,169979904,8.74901,6.88984,16.340400000000002,159.78,23.8873,5.32517,210.44199999999998,30457,4,4,536969248
tiledb,rank,65536,0,cold,window_65536,65536,,,512,2,263.93191202078015,1075576832,1075576832,1075576832,1.540815055,262144,165848,,0.632659912109375,,1.580628044956828,,,,,,60850,8,712507904,8347852800,0.234317,0.091978,0.03825,0.01209,0.020409,250.776139,0.066089,0.0,0.0,0.69237,3.718344,210.954043,0.0,3.020695,0.327185,8.865748,0.183947,131072,82817,30510,1,662536,169609216,169609216,7.55171,5.93809,14.9308,161.269,24.615399999999998,3.82334,210.331,30510,4,4,536969248
tiledb,rank,65536,0,cold,window_65536,65536,,,512,3,236.91796598723158,1075236864,1075236864,1075236864,1.116045027,262144,166012,,0.6332855224609375,,1.5790665735007108,,,,,,60943,8,491092480,8337977344,0.236026,0.083699,0.039879,0.01256,0.0131,227.027243,0.034039,0.0,0.0,0.36025399999999996,1.613386,197.11085,0.0,1.554807,0.171987,7.224432,0.186458,65536,41458,15281,1,331664,84905984,84905984,3.97793,2.84864,7.102340000000001,167.909,14.9515,6.06095,196.669,15281,2,2,268484624
tiledb,rank,65536,0,cold,window_65536,65536,,,512,4,281.96102305082604,1075486720,1075486720,1075486720,1.510341536,262144,165653,,0.6319160461425781,,1.5824886962505962,,,,,,61016,8,712317440,8347570176,0.240467,0.090338,0.03861,0.012709,0.01953,268.8254,0.146598,0.0,0.0,0.68277,3.313841,224.438421,0.0,3.022904,0.325376,8.850598,0.181097,131072,82851,30470,1,662808,169678848,169678848,7.16855,5.1042700000000005,13.8144,162.81300000000002,41.177,4.7524500000000005,223.50300000000001,30470,4,4,536969248
tiledb,rank,65536,0,cold,window_65536,65536,,,512,5,285.8866050373763,1075159040,1075159040,1075159040,1.487005936,262144,165510,,0.6313705444335938,,1.5838559603649327,,,,,,61220,8,712319488,8348278784,0.229617,0.091829,0.038519,0.0126,0.01964,272.82506,0.068909,0.0,0.0,0.643231,3.474308,229.188981,0.0,3.022205,0.401094,8.70074,0.186187,131072,82852,30543,1,662816,169680896,169680896,5.18337,3.65493,10.65,169.72799999999998,41.3523,6.00592,228.576,30543,4,4,536969248
tiledb,rank,65536,0,cold,window_65536,65536,,,512,6,265.8718239981681,1075486720,1075486720,1075486720,1.373423354,262144,165794,,0.6324539184570312,,1.581142864036093,,,,,,61155,8,712507904,8348680192,0.247876,0.091179,0.037689,0.01319,0.02033,252.813288,0.153937,0.0,0.0,0.815398,3.209832,208.159034,0.0,3.024555,0.324335,8.75277,0.182637,131072,82920,30640,1,663360,169820160,169820160,7.0919,5.21467,13.934999999999999,160.956,26.2228,5.2203,207.211,30640,4,4,536969248
tiledb,rank,65536,0,cold,window_65536,65536,,,512,7,294.05678395414725,1075113984,1075113984,1075113984,1.953259364,262144,165392,,0.63092041015625,,1.5849859727193576,,,,,,60775,8,712507904,8367357952,0.278186,0.091688,0.03831,0.01111,0.019719,280.985418,0.169778,0.0,0.0,0.685129,3.314751,236.375724,0.0,3.006766,0.323655,8.789349,0.181867,131072,82505,30426,1,660040,168970240,168970240,7.011220000000001,4.79634,13.7822,167.744,47.8099,5.15481,235.441,30426,4,4,536969248
tiledb,rank,65536,0,cold,window_65536,65536,,,512,8,260.8814680133946,1075474432,1075474432,1075474432,1.569009547,262144,165709,,0.6321296691894531,,1.5819539071504867,,,,,,60901,8,712507904,8357220352,0.225527,0.082718,0.0375,0.01208,0.012819,225.038113,0.03726,0.0,0.0,0.48452300000000004,1.748714,198.41744,0.0,1.531987,0.168848,33.253574,0.170037,65536,41383,15227,1,331064,84752384,84752384,3.5177,2.37323,6.81474,161.61800000000002,24.1939,4.82175,198.097,15227,2,2,268484624
tiledb,rank,65536,0,cold,window_65536,65536,,,512,9,301.79952702019364,1075290112,1075290112,1075290112,1.969135407,262144,165707,,0.6321220397949219,,1.5819730005370927,,,,,,61063,8,934060544,8367927296,0.258407,0.093999,0.038809,0.01213,0.02584,284.671083,0.131778,0.0,0.0,1.362719,5.38956,235.497366,0.0,4.506462,0.483703,11.173014,0.185527,196608,124308,45789,1,994464,254582784,254582784,11.200099999999999,7.36931,22.5737,181.54799999999997,56.2922,9.48681,234.02200000000002,45789,6,6,805453872
tiledb,rank,65536,0,warm,random,1024,,,512,0,1101.0552140069194,0,0,0,20.609201828,4096,4095,,0.999755859375,,1.0002442002442002,,,,,,4095,1005,8514560,8309813248,0.170617,0.033719,0.04056,0.01248,0.007939,928.128644,0.01495,0.0,0.0,0.10335799999999999,0.145318,883.193064,0.0,0.090378,0.04497,172.101562,0.03317,1042,1042,1041,1,8336,2134016,2134016,1.21705,0.852365,1.62216,514.1170000000001,353.51,0.926277,883.119,1041,64,64,8591507968
tiledb,rank,65536,0,warm,random,1024,,,512,1,1111.009034968447,0,0,0,20.879181080000002,4096,4096,,1.0,,1.0,,,,,,4096,1013,8498176,8309989376,0.220627,0.032139,0.03982,0.01024,0.00519,1110.077829,0.008249,0.0,0.0,0.096529,0.148248,1085.443706,0.0,0.091898,0.046059,0.125118,0.01606,1038,1038,1038,1,8304,2125824,2125824,1.21008,0.814871,1.61916,598.6669999999999,462.625,0.9205650000000001,1085.38,1038,64,64,8591507968
tiledb,rank,65536,0,warm,random,1024,,,512,2,1198.6485670204274,0,0,0,21.525410158,4096,4095,,0.999755859375,,1.0002442002442002,,,,,,4095,1003,8600576,8309968896,0.160028,0.03247,0.040549,0.0115,0.00527,537.058108,0.00464,0.0,0.0,0.111998,0.146878,456.230074,0.0,0.083829,0.041859,660.772372,0.04212,1004,1004,1004,1,8032,2056192,2056192,1.08444,0.699911,1.4868999999999999,312.45,302.03000000000003,0.8065950000000001,456.164,1004,64,64,8591507968
tiledb,rank,65536,0,warm,random,1024,,,512,3,1157.9708940116689,0,0,0,21.113561183999998,4096,4096,,1.0,,1.0,,,,,,4096,1012,8465408,8309972992,0.202577,0.03226,0.039469,0.01036,0.00525,551.910236,0.00653,0.0,0.0,0.106918,0.130928,457.662782,0.0,0.096908,0.0526,605.193481,0.036579,1018,1018,1018,1,8144,2084864,2084864,0.920167,0.597905,1.34293,306.425,263.76899999999995,0.8217059999999999,457.597,1018,64,64,8591507968
tiledb,rank,65536,0,warm,random,1024,,,512,4,1083.1418110174127,0,0,0,20.498682652,4096,4096,,1.0,,1.0,,,,,,4096,1011,8522752,8309899264,0.213087,0.031859,0.03964,0.00953,0.004859,529.455302,0.01634,0.0,0.0,0.11166799999999999,0.142488,451.14261,0.0,0.090008,0.117778,552.801353,0.023929,1044,1044,1044,1,8352,2138112,2138112,1.2405899999999999,0.8144250000000001,1.63677,327.501,291.912,0.842618,451.06800000000004,1044,64,64,8591507968
tiledb,rank,65536,0,warm,random,1024,,,512,5,1096.3484940002672,0,0,0,19.998455913,4096,4096,,1.0,,1.0,,,,,,4096,1003,8563712,8309923840,0.196377,0.033679,0.04015,0.009399,0.0073,531.611689,0.00758,0.0,0.0,0.10757800000000001,0.144378,450.713556,0.0,0.085429,0.046389,563.904107,0.040199,1054,1054,1054,1,8432,2158592,2158592,1.19528,0.796469,1.6007,324.42900000000003,260.31100000000004,0.849879,450.639,1054,64,64,8591507968
tiledb,rank,65536,0,warm,random,1024,,,512,6,1167.3451749957167,0,0,0,20.713787115,4096,4096,,1.0,,1.0,,,,,,4096,1010,8565760,8309899264,0.137938,0.034169,0.04194,0.012079,0.00615,521.831485,0.01077,0.0,0.0,0.125748,0.141748,449.295207,0.0,0.090009,0.046709,644.669603,0.055979,1008,1008,1008,1,8064,2064384,2064384,1.0968099999999998,0.743858,1.51438,339.67900000000003,279.097,0.89063,449.22,1008,64,64,8591507968
tiledb,rank,65536,0,warm,random,1024,,,512,7,1123.6888659768738,0,0,0,20.805565481000002,4096,4096,,1.0,,1.0,,,,,,4095,1009,8539136,8309899264,0.396554,0.035399,0.04115,0.00935,0.007249,1058.787015,0.00657,0.0,0.0,0.11140900000000001,0.121418,1015.433291,0.0,0.089618,0.0455,63.835577,0.0573,999,999,998,1,7992,2045952,2045952,1.0590899999999999,0.714781,1.5640800000000001,588.835,366.478,0.874496,1015.36,998,64,64,8591507968
tiledb,rank,65536,0,warm,random,1024,,,512,8,1058.6100459913723,0,0,0,20.091659646,4096,4096,,1.0,,1.0,,,,,,4096,1011,8625152,8309874688,0.195837,0.03403,0.041689,0.00982,0.00642,1057.70292,0.00618,0.0,0.0,0.15731699999999998,0.138158,1020.295149,0.0,0.091219,0.046389,0.126848,0.01595,1021,1021,1021,1,8168,2091008,2091008,1.11101,0.740637,1.48756,561.036,364.911,0.932557,1020.1700000000001,1021,64,64,8591507968
tiledb,rank,65536,0,warm,random,1024,,,512,9,1098.2395550236106,0,0,0,20.540898671,4096,4096,,1.0,,1.0,,,,,,4096,1007,8637440,8309895168,0.210137,0.03202,0.040829,0.01018,0.00559,554.868662,0.00264,0.0,0.0,0.107838,0.145498,469.668463,0.0,0.087848,0.04696,542.550886,0.032049,1015,1015,1015,1,8120,2078720,2078720,0.9198360000000001,0.6085189999999999,1.3297599999999998,354.264,305.895,0.815407,469.6,1015,64,64,8591507968
tiledb,rank,65536,0,warm,random,8192,,,512,0,1093.8159719808027,0,0,0,20.276434092,32768,32755,,0.999603271484375,,1.0003968859716075,,,,,,32736,1024,67732480,8323325952,0.252546,0.098838,0.03714,0.012699,0.00919,1092.020479,0.00916,0.0,0.0,0.23577599999999999,0.934666,1063.064251,0.0,0.338435,0.054279,0.610191,0.02189,8140,8133,8121,1,65064,16656384,16656384,2.81303,2.1208899999999997,5.2098700000000004,618.61,418.165,1.64912,1062.87,8121,64,64,8591507968
tiledb,rank,65536,0,warm,random,8192,,,512,1,1099.8961809673347,0,0,0,20.472176244,32768,32756,,0.9996337890625,,1.0003663450970814,,,,,,32741,1024,67911168,8322912256,0.245876,0.093699,0.037149,0.01052,0.00799,1098.095378,0.01151,0.0,0.0,0.240667,0.939826,1066.959942,0.0,0.346584,0.0559,0.61953,0.02324,8296,8285,8267,1,66280,16967680,16967680,3.3824699999999996,2.2892099999999997,5.755920000000001,596.231,429.755,1.68458,1066.76,8267,64,64,8591507968
tiledb,rank,65536,0,warm,random,8192,,,512,2,1134.879678953439,0,0,0,20.091382991,32768,32755,,0.999603271484375,,1.0003968859716075,,,,,,32742,1024,67993088,8322564096,0.303626,0.096499,0.036529,0.01027,0.00868,1133.068876,0.00863,0.0,0.0,0.23308700000000002,0.836537,1103.486987,0.0,0.338165,0.053779,0.606231,0.02271,8062,8054,8044,1,64432,16494592,16494592,3.1224,2.1953099999999997,5.58941,577.8389999999999,434.532,1.71751,1103.22,8044,64,64,8591507968
tiledb,rank,65536,0,warm,random,8192,,,512,3,1192.032877006568,0,0,0,20.389000211,32768,32764,,0.9998779296875,,1.0001220852154804,,,,,,32746,1024,67921408,8322732032,0.268486,0.091799,0.036759,0.01005,0.00812,1190.190564,0.00823,0.0,0.0,0.233106,0.920336,1159.418283,0.0,0.341044,0.05276,0.612161,0.022919,8194,8190,8173,1,65520,16773120,16773120,2.9413199999999997,2.20252,5.34524,625.533,449.173,1.55918,1159.2,8173,64,64,8591507968
tiledb,rank,65536,0,warm,random,8192,,,512,4,1113.6110759689473,0,0,0,20.285002188,32768,32757,,0.999664306640625,,1.0003358060872485,,,,,,32746,1024,67695616,8323084288,0.286356,0.096358,0.03656,0.009099,0.00902,1111.821413,0.00849,0.0,0.0,0.23106700000000002,0.917296,1080.626208,0.0,0.341715,0.054009,0.598791,0.022729,8180,8173,8162,1,65384,16738304,16738304,2.8634899999999996,2.1584,5.29024,596.273,454.59,1.62748,1080.43,8162,64,64,8591507968
tiledb,rank,65536,0,warm,random,8192,,,512,5,1178.4832479897887,0,0,0,21.127497099,32768,32755,,0.999603271484375,,1.0003968859716075,,,,,,32745,1024,67773952,8323096576,0.303246,0.093348,0.03654,0.010159,0.0079,1176.573967,0.01168,0.0,0.0,0.24461699999999997,0.932426,1148.396907,0.0,0.343615,0.133848,0.616641,0.02261,8263,8251,8234,1,66008,16898048,16898048,3.3468500000000003,2.32353,5.9015200000000005,648.721,460.99,1.65644,1148.2,8234,64,64,8591507968
tiledb,rank,65536,0,warm,random,8192,,,512,6,1145.0090770376846,0,0,0,19.911877119,32768,32761,,0.999786376953125,,1.0002136686914318,,,,,,32749,1024,67986944,8323182592,0.262076,0.093279,0.037269,0.0095,0.00832,1143.254964,0.00831,0.0,0.0,0.232677,0.851067,1112.387864,0.0,0.340615,0.054489,0.586871,0.022,8209,8201,8184,1,65608,16795648,16795648,2.90969,2.0651100000000002,5.44413,641.769,445.572,1.69011,1112.13,8184,64,64,8591507968
tiledb,rank,65536,0,warm,random,8192,,,512,7,1157.6291089877486,0,0,0,20.265512739000002,32768,32759,,0.999725341796875,,1.0002747336609787,,,,,,32739,1024,67814912,8323272704,0.270676,0.094179,0.039949,0.00956,0.00866,976.797237,0.0079,0.0,0.0,0.243607,0.898416,917.791637,0.0,0.340405,0.056039,179.63466,0.026359,8126,8114,8100,1,64912,16617472,16617472,2.6511299999999998,1.95676,4.82022,514.675,327.069,1.6823700000000001,917.587,8100,64,64,8591507968
tiledb,rank,65536,0,warm,random,8192,,,512,8,1215.9021699917503,0,0,0,20.105071637,32768,32760,,0.999755859375,,1.0002442002442002,,,,,,32742,1024,67857920,8323309568,0.258336,0.093279,0.037339,0.00971,0.00871,1214.133807,0.00812,0.0,0.0,0.235957,0.913896,1183.800509,0.0,0.341445,0.054719,0.603211,0.02208,8194,8189,8168,1,65512,16771072,16771072,3.08932,2.37349,5.68561,630.916,446.964,1.65428,1183.6,8168,64,64,8591507968
tiledb,rank,65536,0,warm,random,8192,,,512,9,1145.677438005805,0,0,0,19.867533904,32768,32763,,0.999847412109375,,1.0001526111772425,,,,,,32736,1024,67913216,8323330048,0.291776,0.093408,0.03685,0.01073,0.008329,986.994036,0.01357,0.0,0.0,0.246817,0.939166,941.828279,0.0,0.348055,0.054549,157.479251,0.025219,8293,8289,8272,1,66312,16975872,16975872,3.01851,2.15384,5.40459,516.798,375.419,1.64513,941.6179999999999,8272,64,64,8591507968
tiledb,rank,65536,0,warm,random,65536,,,512,0,1215.8523310208693,0,0,0,19.646371734,262144,261627,,0.9980278015136719,,1.0019760957393542,,,,,,260583,1024,540722688,8437334016,0.282985,0.087799,0.039119,0.01322,0.01661,1209.099571,0.053629,0.0,0.0,1.30555,7.195283,1163.692189,0.0,2.391525,0.206947,3.166243,0.182177,65873,65324,64261,1,522592,133783552,133783552,17.1964,14.1232,36.1444,625.972,405.871,7.3596900000000005,1162.45,64261,64,64,8591507968
tiledb,rank,65536,0,warm,random,65536,,,512,1,1154.945979011245,0,0,0,18.812565232,262144,261609,,0.9979591369628906,,1.0020450366768727,,,,,,260581,1024,540540416,8436482048,0.305955,0.086298,0.04006,0.01092,0.016589,1148.24525,0.05037,0.0,0.0,1.266441,6.679231,1107.147282,0.0,2.363425,0.203667,3.149283,0.181617,64997,64493,63493,1,515944,132081664,132081664,14.8042,12.0911,33.8873,515.068,412.832,7.15594,1105.9399999999998,63493,64,64,8591507968
tiledb,rank,65536,0,warm,random,65536,,,512,2,1202.6117389905266,0,0,0,19.28343065,262144,261642,,0.9980850219726562,,1.0019186522041568,,,,,,260678,1024,540638208,8437817344,0.302926,0.087899,0.038889,0.01118,0.01675,1195.876929,0.052529,0.0,0.0,1.2502710000000001,6.887067,1157.013279,0.0,2.394284,0.206117,3.150193,0.181348,65833,65363,64336,1,522904,133863424,133863424,14.9424,12.3066,34.024499999999996,613.519,413.642,7.37875,1155.78,64336,64,64,8591507968
tiledb,rank,65536,0,warm,random,65536,,,512,3,1192.424500011839,0,0,0,19.124266844,262144,261637,,0.9980659484863281,,1.0019377993173748,,,,,,260688,1024,540825600,8437641216,0.300495,0.086699,0.037929,0.01057,0.01683,1185.688721,0.051959,0.0,0.0,1.260201,6.793489,1146.617884,0.0,2.396564,0.207377,3.159743,0.179197,65922,65436,64446,1,523488,134012928,134012928,14.2262,11.5089,33.7232,643.225,412.341,7.30526,1145.38,64446,64,64,8591507968
tiledb,rank,65536,0,warm,random,65536,,,512,4,1233.2157019991428,0,0,0,19.5498132,262144,261619,,0.9979972839355469,,1.0020067349848443,,,,,,260580,1024,539924992,8438247424,0.243137,0.086459,0.037119,0.01097,0.01454,1226.473193,0.051189,0.0,0.0,1.249651,6.71318,1188.4436,0.0,2.381504,0.287776,3.144203,0.181677,65451,64937,63984,1,519496,132990976,132990976,16.5235,13.7614,35.083499999999994,607.2800000000001,409.954,7.32647,1187.21,63984,64,64,8591507968
tiledb,rank,65536,0,warm,random,65536,,,512,5,1248.4898339607753,0,0,0,20.036631673,262144,261647,,0.9981040954589844,,1.0018995058227307,,,,,,260634,1024,540025856,8437440512,0.275966,0.086078,0.04071,0.01069,0.017169,1241.787624,0.05037,0.0,0.0,1.259701,6.935317,1201.82115,0.0,2.382645,0.207067,3.143253,0.182197,65539,65060,64087,1,520480,133242880,133242880,17.9834,14.8384,37.786500000000004,636.696,448.743,7.67263,1200.58,64087,64,64,8591507968
tiledb,rank,65536,0,warm,random,65536,,,512,6,1281.204766011797,0,0,0,20.37138717,262144,261607,,0.9979515075683594,,1.0020526973666606,,,,,,260609,1024,540325888,8437878784,0.294755,0.087709,0.038659,0.01168,0.01683,1274.474566,0.051979,0.0,0.0,1.259112,6.775938,1232.128328,0.0,2.384975,0.203926,3.165863,0.180937,65683,65157,64138,1,521256,133441536,133441536,16.701400000000003,13.9429,35.5541,622.928,425.469,6.98421,1230.9,64138,64,64,8591507968
tiledb,rank,65536,0,warm,random,65536,,,512,7,1186.877574014943,0,0,0,19.494004645,262144,261597,,0.9979133605957031,,1.0020910025726595,,,,,,260572,1024,540128256,8436588544,0.282816,0.086898,0.03888,0.01152,0.016929,1180.152624,0.05151,0.0,0.0,1.2474210000000001,6.645401,1140.379607,0.0,2.382264,0.207217,3.168033,0.178367,65589,65085,64054,1,520680,133294080,133294080,17.8029,14.9786,37.8926,531.884,447.969,7.63361,1139.1599999999999,64054,64,64,8591507968
tiledb,rank,65536,0,warm,random,65536,,,512,8,1248.5140130156651,0,0,0,20.073979313,262144,261629,,0.9980354309082031,,1.0019684362207553,,,,,,260622,1024,540251136,8437280768,0.357264,0.084069,0.038339,0.00958,0.01667,621.282991,0.051769,0.0,0.0,1.267661,6.766629,515.232603,0.0,2.392554,0.208847,623.563838,0.205137,65838,65342,64347,1,522736,133820416,133820416,15.866499999999998,13.392299999999999,33.1198,292.733,277.615,7.94681,514.01,64347,64,64,8591507968
tiledb,rank,65536,0,warm,random,65536,,,512,9,1270.8079110016115,0,0,0,20.032499355,262144,261633,,0.9980506896972656,,1.0019531175348675,,,,,,260582,1024,540017664,8436817920,0.314165,0.085639,0.038129,0.01106,0.01639,1264.088621,0.088619,0.0,0.0,1.253721,7.008456,1219.566985,0.0,2.384115,0.206487,3.121153,0.181927,65498,65008,63960,1,520064,133136384,133136384,16.7923,13.1693,34.944,606.3570000000001,408.941,7.0675099999999995,1218.34,63960,64,64,8591507968
tiledb,rank,65536,0,warm,window_256,1024,,,512,0,96.78670600987971,0,0,0,0.637390048,4096,1002,,0.24462890625,,4.087824351297405,,,,,,25,4,12149248,8309972992,0.143228,0.035599,0.04222,0.011839,0.00756,42.561505,0.00197,0.0,0.0,0.10285899999999999,0.00911,29.915103,0.0,0.03771,0.030129,53.63212,0.01635,1024,254,3,1,2032,520192,520192,0.230157,0.153539,0.276646,22.9164,6.51759,0.05116,29.8753,3,1,1,134242312
tiledb,rank,65536,0,warm,window_256,1024,,,512,1,76.29994198214263,0,0,0,0.46851680700000004,4096,1009,,0.246337890625,,4.059464816650149,,,,,,18,4,9511424,8309919744,0.117608,0.03443,0.043379,0.01004,0.00628,43.487251,0.00361,0.0,0.0,0.09958800000000001,0.00852,33.288453,0.0,0.037389,0.03322,32.22709,0.015589,1024,251,5,1,2008,514048,514048,0.281036,0.17683600000000002,0.33892500000000003,25.0329,7.7068900000000005,0.04516,33.2468,5,1,1,134242312
tiledb,rank,65536,0,warm,window_256,1024,,,512,2,48.35918900789693,0,0,0,0.41159064700000003,4096,1007,,0.245849609375,,4.067527308838133,,,,,,20,4,6859264,8309858304,0.617831,0.038959,0.042,0.01068,0.006579,47.102978,0.00354,0.0,0.0,0.07528900000000001,0.0077,34.2254,0.0,0.051529,0.046199,0.096828,0.01517,1024,253,4,1,2024,518144,518144,0.212866,0.11104699999999999,0.259606,25.445,8.29685,0.049329000000000005,34.185300000000005,4,1,1,134242312
tiledb,rank,65536,0,warm,window_256,1024,,,512,3,64.55750699387863,0,0,0,0.48154187,4096,1010,,0.24658203125,,4.0554455445544555,,,,,,18,4,9513472,8309870592,0.186807,0.035219,0.040129,0.00939,0.00627,63.630201,0.0045,0.0,0.0,0.071659,0.00844,46.643144,0.0,0.063229,0.046649,0.225227,0.0158,2048,505,9,1,4040,1034240,1034240,0.425284,0.300606,0.467253,28.6076,17.3144,0.053099,46.6077,9,2,2,268484624
tiledb,rank,65536,0,warm,window_256,1024,,,512,4,60.87957200361416,0,0,0,0.42392683999999997,4096,1007,,0.245849609375,,4.067527308838133,,,,,,20,4,9519616,8309923840,0.143718,0.03427,0.042719,0.01051,0.00759,44.753172,0.00201,0.0,0.0,0.079629,0.00888,31.857084,0.0,0.05036,0.048169,15.44297,0.01597,1024,251,6,1,2008,514048,514048,0.271716,0.182978,0.313825,24.6151,6.70824,0.061309,31.8202,6,1,1,134242312
tiledb,rank,65536,0,warm,window_256,1024,,,512,5,81.14232000662014,0,0,0,0.640410015,4096,1009,,0.246337890625,,4.059464816650149,,,,,,19,4,9515520,8309940224,0.291795,0.034789,0.04439,0.00884,0.0064,80.279612,0.00591,0.0,0.0,0.07768900000000001,0.0083,60.794623,0.0,0.049819,0.038189,0.193447,0.01389,2048,503,11,1,4024,1030144,1030144,0.40344399999999997,0.270678,0.448203,39.3144,20.793699999999998,0.054509999999999996,60.7579,11,2,2,268484624
tiledb,rank,65536,0,warm,window_256,1024,,,512,6,72.69023597473279,0,0,0,0.5032640230000001,4096,1006,,0.24560546875,,4.071570576540755,,,,,,22,4,9505280,8309899264,0.202877,0.03419,0.040869,0.00956,0.00712,45.694998,0.00164,0.0,0.0,0.074949,0.00752,36.066901,0.0,0.042619,0.0394,26.358327,0.01317,1024,252,5,1,2016,516096,516096,0.30177600000000004,0.200908,0.359075,25.200899999999997,10.3023,0.050569,36.030300000000004,5,1,1,134242312
tiledb,rank,65536,0,warm,window_256,1024,,,512,7,99.7079229564406,0,0,0,0.68964421,4096,1012,,0.2470703125,,4.047430830039525,,,,,,16,4,12173824,8309919744,0.146648,0.092448,0.03528,0.00939,0.00522,98.802036,0.00615,0.0,0.0,0.070638,0.00834,68.929472,0.0,0.078699,0.050309,0.160558,0.015879,3072,760,11,1,6080,1556480,1556480,0.64764,0.507193,0.7039989999999999,40.378499999999995,27.5428,0.067499,68.89290000000001,11,3,3,402726936
tiledb,rank,65536,0,warm,window_256,1024,,,512,8,88.25714298291132,0,0,0,0.596409923,4096,1008,,0.24609375,,4.063492063492063,,,,,,19,4,12163584,8309895168,0.244446,0.093659,0.035279,0.00892,0.0069,87.326477,0.00823,0.0,0.0,0.073618,0.00947,59.818698,0.0,0.072739,0.047639,0.160618,0.01578,3072,755,15,1,6040,1546240,1546240,0.5894710000000001,0.44904299999999997,0.64963,41.6286,17.2223,0.06622900000000001,59.7817,15,3,3,402726936
tiledb,rank,65536,0,warm,window_256,1024,,,512,9,72.98780098790303,0,0,0,0.469892765,4096,1006,,0.24560546875,,4.071570576540755,,,,,,22,4,9507328,8309882880,0.224017,0.03436,0.040519,0.00826,0.00597,42.533766,0.00145,0.0,0.0,0.068609,0.00727,32.14768,0.0,0.048239,0.041749,29.805185,0.01743,1024,252,5,1,2016,516096,516096,0.269556,0.144958,0.31276600000000004,23.8669,7.74881,0.058839999999999996,32.1146,5,1,1,134242312
tiledb,rank,65536,0,warm,window_256,8192,,,512,0,77.14938902063295,0,0,0,0.497613755,32768,1024,,0.03125,,32.0,,,,,,4,4,68878848,8310259712,0.202627,0.089819,0.035689,0.01119,0.00636,42.777381,0.00227,0.0,0.0,0.096818,0.00842,31.975813,0.0,0.03971,0.038529,33.640288,0.0227,8192,256,1,1,2048,524288,524288,0.11082800000000001,0.07629899999999999,0.16335699999999997,24.3553,7.236140000000001,0.054579,31.9341,1,1,1,134242312
tiledb,rank,65536,0,warm,window_256,8192,,,512,1,75.08330896962434,0,0,0,0.547720008,32768,1024,,0.03125,,32.0,,,,,,4,4,68878848,8310521856,0.241226,0.089878,0.03567,0.00897,0.00715,66.96922,0.00172,0.0,0.0,0.074489,0.007049,43.55862,0.0,0.06408,0.055029,7.253032,0.019419,16384,512,2,1,4096,1048576,1048576,0.218796,0.165338,0.263676,28.075699999999998,14.931099999999999,0.066609,43.5198,2,2,2,268484624
tiledb,rank,65536,0,warm,window_256,8192,,,512,2,80.31331200618297,0,0,0,0.507307684,32768,1024,,0.03125,,32.0,,,,,,4,4,68878848,8310374400,0.279846,0.0,0.0,0.00902,0.0,0.0003,0.0,0.0,0.0,0.0,0.0,0.0,0.0,0.0,0.0,79.81882,0.02562,0,0,0,0,0,0,0,0.0,0.0,0.0,0.0,0.0,0.0,0.0,0,0,0,0
tiledb,rank,65536,0,warm,window_256,8192,,,512,3,81.26569696469232,0,0,0,0.622170325,32768,1024,,0.03125,,32.0,,,,,,4,4,68878848,8310505472,0.362155,0.088179,0.03411,0.009229,0.005,79.193169,0.00446,0.0,0.0,0.070189,0.00656,59.037859,0.0,0.059009,0.052989,1.188072,0.02095,16384,512,2,1,4096,1048576,1048576,0.208877,0.16039799999999999,0.250076,38.1086,20.4518,0.054039000000000004,59.0039,2,2,2,268484624
tiledb,rank,65536,0,warm,window_256,8192,,,512,4,78.72727600624785,0,0,0,0.497643058,32768,1024,,0.03125,,32.0,,,,,,4,4,68878848,8310374400,0.227917,0.088818,0.03489,0.00945,0.00622,48.019793,0.00166,0.0,0.0,0.077649,0.00622,36.24304,0.0,0.059089,0.052979,29.891164,0.022549,8192,256,1,1,2048,524288,524288,0.084988,0.055510000000000004,0.149378,25.4297,10.421899999999999,0.044829,36.2071,1,1,1,134242312
tiledb,rank,65536,0,warm,window_256,8192,,,512,5,84.38312099315226,0,0,0,0.574955902,32768,1024,,0.03125,,32.0,,,,,,4,4,68878848,8310374400,0.312335,0.088019,0.034629,0.00963,0.00532,82.351901,0.00459,0.0,0.0,0.074169,0.00674,61.913806,0.0,0.05372,0.046219,1.172363,0.02162,16384,512,2,1,4096,1048576,1048576,0.22020699999999999,0.161218,0.28897599999999996,40.7711,20.6038,0.053709,61.8771,2,2,2,268484624
tiledb,rank,65536,0,warm,window_256,8192,,,512,6,94.32971198111773,0,0,0,0.626894069,32768,1024,,0.03125,,32.0,,,,,,4,4,86508032,8310505472,0.306735,0.087838,0.03765,0.00944,0.00775,45.464091,0.00129,0.0,0.0,0.073439,0.006929,35.811526,0.0,0.04656,0.044789,48.019783,0.02097,8192,256,1,1,2048,524288,524288,0.090788,0.05983,0.15228799999999998,25.1908,10.2757,0.04425,35.775099999999995,1,1,1,134242312
tiledb,rank,65536,0,warm,window_256,8192,,,512,7,105.72563298046589,0,0,0,0.718857563,32768,1024,,0.03125,,32.0,,,,,,4,4,86508032,8310505472,0.207147,0.077059,0.037369,0.00949,0.00671,103.406667,0.00244,0.0,0.0,0.07702899999999999,0.00693,71.822458,0.0,0.072559,0.059319,1.490288,0.02143,24576,768,3,1,6144,1572864,1572864,0.28679600000000005,0.187417,0.33460500000000004,51.2626,19.9287,0.07422799999999999,71.7829,3,3,3,402726936
tiledb,rank,65536,0,warm,window_256,8192,,,512,8,68.34524997975677,0,0,0,0.510818837,32768,1024,,0.03125,,32.0,,,,,,4,4,68878848,8310378496,0.221076,0.093199,0.035639,0.00951,0.00578,66.552327,0.00526,0.0,0.0,0.075428,0.00696,49.340564,0.0,0.072469,0.059369,0.938106,0.02194,16384,512,2,1,4096,1048576,1048576,0.242906,0.17138799999999998,0.282346,36.8816,11.896199999999999,0.064459,49.3013,2,2,2,268484624
tiledb,rank,65536,0,warm,window_256,8192,,,512,9,48.84643101831898,0,0,0,0.409635773,32768,1024,,0.03125,,32.0,,,,,,4,4,51249664,8310226944,0.194117,0.088959,0.036719,0.00998,0.00857,42.537716,0.00159,0.0,0.0,0.075639,0.0066,31.197165,0.0,0.055289,0.050279,5.519988,0.02142,8192,256,1,1,2048,524288,524288,0.089249,0.060559,0.139928,24.6466,6.20072,0.058619000000000004,31.1616,1,1,1,134242312
tiledb,rank,65536,0,warm,window_256,65536,,,512,0,125.44053903548047,0,0,0,0.817369107,262144,1024,,0.00390625,,256.0,,,,,,4,4,822683648,8310648832,0.254706,0.096529,0.038929,0.01011,0.00791,115.704894,0.00848,0.0,0.0,0.09767799999999999,0.0094,75.654242,0.0,0.085499,0.397384,8.381095,0.161508,262144,1024,4,1,8192,2097152,2097152,0.24182599999999999,0.154329,0.28404599999999997,50.927,24.1416,0.067729,75.61229999999999,4,4,4,536969248
tiledb,rank,65536,0,warm,window_256,65536,,,512,1,94.80149601586163,0,0,0,0.562223489,262144,1024,,0.00390625,,256.0,,,,,,4,4,545830912,8311730176,0.346015,0.077729,0.036809,0.0091,0.00646,43.333594,0.00141,0.0,0.0,0.075339,0.0074,31.46318,0.0,0.057059,0.109978,50.402808,0.170278,65536,256,1,1,2048,524288,524288,0.088659,0.056669000000000004,0.131848,24.135199999999998,6.96793,0.04791,31.4256,1,1,1,134242312
tiledb,rank,65536,0,warm,window_256,65536,,,512,2,74.47092898655683,0,0,0,0.502636032,262144,1024,,0.00390625,,256.0,,,,,,4,4,545830912,8311730176,0.359945,0.086208,0.03739,0.00956,0.00724,64.30539,0.0046,0.0,0.0,0.072129,0.006769,41.395693,0.0,0.063869,0.200117,8.887467,0.185187,131072,512,2,1,4096,1048576,1048576,0.147348,0.094359,0.204687,29.4349,11.486400000000001,0.06548899999999999,41.3583,2,2,2,268484624
tiledb,rank,65536,0,warm,window_256,65536,,,512,3,87.47525495709851,0,0,0,0.552570073,262144,1024,,0.00390625,,256.0,,,,,,4,4,545830912,8311726080,0.265646,0.087129,0.03844,0.008889,0.01057,77.640552,0.00447,0.0,0.0,0.07124899999999999,0.00633,57.538932,0.0,0.058459,0.199787,8.699351,0.184857,131072,512,2,1,4096,1048576,1048576,0.14227700000000001,0.088629,0.18288700000000002,39.6584,17.4464,0.051829,57.5035,2,2,2,268484624
tiledb,rank,65536,0,warm,window_256,65536,,,512,4,91.01520199328661,0,0,0,0.631200794,262144,1024,,0.00390625,,256.0,,,,,,4,4,545830912,8312774656,0.241166,0.086958,0.03784,0.00919,0.00631,72.650226,0.004659,0.0,0.0,0.07307,0.007519,48.614335,0.0,0.062399,0.203987,17.167434,0.228026,131072,512,2,1,4096,1048576,1048576,0.136818,0.06885000000000001,0.177007,38.047200000000004,10.161399999999999,0.045079,48.5753,2,2,2,268484624
tiledb,rank,65536,0,warm,window_256,65536,,,512,5,77.64345197938383,0,0,0,0.490443188,262144,1024,,0.00390625,,256.0,,,,,,4,4,545830912,8311713792,0.294456,0.086718,0.03766,0.01016,0.007459,70.589927,0.00268,0.0,0.0,0.073509,0.00731,47.236005,0.0,0.062489,0.212177,5.837133,0.171898,131072,512,2,1,4096,1048576,1048576,0.154307,0.086699,0.191237,35.0311,11.759,0.048439,47.198,2,2,2,268484624
tiledb,rank,65536,0,warm,window_256,65536,,,512,6,87.50085497740656,0,0,0,0.557852023,262144,1024,,0.00390625,,256.0,,,,,,4,4,545830912,8311713792,0.236436,0.085679,0.036869,0.0108,0.00537,77.302377,0.00498,0.0,0.0,0.077859,0.00701,55.792727,0.0,0.063129,0.201007,9.028546,0.181317,131072,512,2,1,4096,1048576,1048576,0.179297,0.113089,0.22647699999999998,40.928399999999996,14.3874,0.053109,55.7523,2,2,2,268484624
tiledb,rank,65536,0,warm,window_256,65536,,,512,7,83.89083901420236,0,0,0,0.54248369,262144,1024,,0.00390625,,256.0,,,,,,4,4,545830912,8311717888,0.299206,0.086799,0.038299,0.00884,0.006,73.469064,0.00936,0.0,0.0,0.090419,0.0086,53.57943,0.0,0.063719,0.203137,9.266232,0.182617,131072,512,2,1,4096,1048576,1048576,0.192027,0.13688799999999998,0.232407,38.3251,14.751800000000001,0.068069,53.5399,2,2,2,268484624
tiledb,rank,65536,0,warm,window_256,65536,,,512,8,71.29736698698252,0,0,0,0.444157654,262144,1024,,0.00390625,,256.0,,,,,,4,4,545830912,8311713792,0.301626,0.080429,0.0377,0.009959,0.00722,44.862231,0.00164,0.0,0.0,0.072039,0.00674,32.437966,0.0,0.057159,0.106349,25.336552,0.170547,65536,256,1,1,2048,524288,524288,0.088108,0.057539,0.126808,24.9046,7.181489999999999,0.053919999999999996,32.3998,1,1,1,134242312
tiledb,rank,65536,0,warm,window_256,65536,,,512,9,83.78495997749269,0,0,0,0.559750075,262144,1024,,0.00390625,,256.0,,,,,,4,4,545830912,8312766464,0.261366,0.0,0.0,0.009159,0.0,0.00074,0.0,0.0,0.0,0.0,0.0,0.0,0.0,0.0,0.0,83.100861,0.178787,0,0,0,0,0,0,0,0.0,0.0,0.0,0.0,0.0,0.0,0.0,0,0,0,0
tiledb,rank,65536,0,warm,window_4096,1024,,,512,0,76.06426504207775,0,0,0,0.496746974,4096,3596,,0.8779296875,,1.139043381535039,,,,,,2785,4,12175872,8313229312,0.280056,0.03301,0.039509,0.01021,0.00757,50.780092,0.01397,0.0,0.0,0.096059,0.094758,37.454991,0.0,0.079809,0.045369,24.525424,0.01675,1024,893,692,1,7144,1828864,1828864,0.805788,0.44987,1.0410899999999998,25.443299999999997,10.541699999999999,0.214846,37.3977,692,1,1,134242312
tiledb,rank,65536,0,warm,window_4096,1024,,,512,1,77.88795803207904,0,0,0,0.543531442,4096,3616,,0.8828125,,1.1327433628318584,,,,,,2840,4,12222976,8312446976,0.159597,0.03173,0.039809,0.00923,0.00483,44.786202,0.00855,0.0,0.0,0.100939,0.094158,33.260083,0.0,0.077799,0.043469,32.392387,0.01493,1024,894,705,1,7152,1830912,1830912,0.797538,0.469333,1.03111,25.4825,6.39242,0.162988,33.205,705,1,1,134242312
tiledb,rank,65536,0,warm,window_4096,1024,,,512,2,87.32644695555791,0,0,0,0.540898045,4096,3608,,0.880859375,,1.1352549889135255,,,,,,2822,4,12173824,8312737792,0.169978,0.033129,0.04156,0.009229,0.00735,46.135552,0.0035,0.0,0.0,0.103298,0.105089,33.061147,0.0,0.079519,0.048239,40.510556,0.01591,1024,896,732,1,7168,1835008,1835008,0.637541,0.372983,0.8648669999999999,25.596,6.15416,0.240196,32.990899999999996,732,1,1,134242312
tiledb,rank,65536,0,warm,window_4096,1024,,,512,3,86.15004498278722,0,0,0,0.59309351,4096,3621,,0.884033203125,,1.1311792322562828,,,,,,2839,4,12182016,8312422400,0.215867,0.034819,0.04172,0.00938,0.007279,85.13085,0.00266,0.0,0.0,0.099268,0.186818,62.31375,0.0,0.110199,0.046289,0.216367,0.01631,2048,1808,1414,1,14464,3702784,3702784,1.12874,0.7169760000000001,1.59019,39.3494,20.8271,0.212607,62.180899999999994,1414,2,2,268484624
tiledb,rank,65536,0,warm,window_4096,1024,,,512,4,107.188360998407,0,0,0,0.8468685,4096,3607,,0.880615234375,,1.1355697255336845,,,,,,2841,5,16908800,8312717312,0.181607,0.034569,0.04284,0.01004,0.00605,88.881874,0.006959,0.0,0.0,0.099998,0.094719,60.852503,0.0,0.080438,0.04334,17.558568,0.0158,1024,892,720,1,7136,1826816,1826816,0.811658,0.490443,1.05354,38.663799999999995,20.6242,0.26041600000000004,60.7953,720,2,2,268484624
tiledb,rank,65536,0,warm,window_4096,1024,,,512,5,82.94796198606491,0,0,0,0.6421681220000001,4096,3641,,0.888916015625,,1.1249656687723153,,,,,,2810,4,12231168,8312766464,0.118848,0.03405,0.041279,0.00938,0.00696,82.000487,0.00947,0.0,0.0,0.124708,0.177247,56.751084,0.0,0.114778,0.047509,0.219116,0.01594,2048,1809,1397,1,14472,3704832,3704832,1.02725,0.652659,1.4563,40.4761,14.2876,0.227967,56.673899999999996,1397,2,2,268484624
tiledb,rank,65536,0,warm,window_4096,1024,,,512,6,79.96577699668705,0,0,0,0.499065043,4096,3622,,0.88427734375,,1.1308669243511873,,,,,,2835,4,12198400,8312705024,0.196727,0.03471,0.041769,0.00929,0.00685,79.001421,0.016179,0.0,0.0,0.147478,0.210477,55.117038,0.0,0.110908,0.04754,0.219997,0.014569,2048,1816,1415,1,14528,3719168,3719168,0.896116,0.541834,1.36096,43.2533,10.0068,0.226207,55.0338,1415,2,2,268484624
tiledb,rank,65536,0,warm,window_4096,1024,,,512,7,92.45915099745616,0,0,0,0.5671156980000001,4096,3640,,0.888671875,,1.1252747252747253,,,,,,2834,4,16908800,8313024512,0.186097,0.094279,0.035529,0.01015,0.0071,91.416826,0.01347,0.0,0.0,0.133228,0.277576,57.106887,0.0,0.145128,0.046699,0.167937,0.01496,3072,2728,2130,1,21824,5586944,5586944,1.16177,0.757896,1.73842,39.7034,15.0771,0.237517,57.009299999999996,2130,3,3,402726936
tiledb,rank,65536,0,warm,window_4096,1024,,,512,8,66.94722099928185,0,0,0,0.504360445,4096,3636,,0.8876953125,,1.1265126512651265,,,,,,2812,5,8231424,8312074240,0.113508,0.033199,0.04091,0.01003,0.00616,66.167822,0.006109,0.0,0.0,0.10497799999999999,0.097449,42.604445,0.0,0.080619,0.04343,0.098818,0.01573,1024,897,704,1,7176,1837056,1837056,0.696969,0.437284,0.8945160000000001,29.6095,11.7129,0.139998,42.541599999999995,704,2,2,268484624
tiledb,rank,65536,0,warm,window_4096,1024,,,512,9,76.88883296214044,0,0,0,0.504175326,4096,3644,,0.8896484375,,1.12403951701427,,,,,,2842,4,12229120,8312377344,0.145098,0.0342,0.040829,0.0102,0.00691,75.919937,0.00918,0.0,0.0,0.11845800000000001,0.182957,51.808767,0.0,0.123998,0.04623,0.217827,0.01508,2048,1831,1424,1,14648,3749888,3749888,0.926256,0.621038,1.3705,38.3135,11.6415,0.23169700000000001,51.725300000000004,1424,2,2,268484624
tiledb,rank,65536,0,warm,window_4096,8192,,,512,0,79.22203803900629,0,0,0,0.483070172,32768,14167,,0.432342529296875,,2.3129808710383286,,,,,,1951,4,82389504,8312848384,0.228376,0.091069,0.034999,0.0129,0.00877,77.481614,0.00923,0.0,0.0,0.117128,0.146628,54.92644,0.0,0.300516,0.054709,0.67367,0.02096,16384,7109,956,1,56872,14559232,14559232,0.763679,0.474825,1.0432,41.9842,11.2153,0.420054,54.853100000000005,956,2,2,268484624
tiledb,rank,65536,0,warm,window_4096,8192,,,512,1,76.5878270030953,0,0,0,0.546081271,32768,14213,,0.433746337890625,,2.3054949693942164,,,,,,1879,4,82379264,8312766464,0.273556,0.093429,0.036619,0.01025,0.00765,74.832204,0.027949,0.0,0.0,0.097709,0.125788,55.155797,0.0,0.292596,0.055499,0.66485,0.019979,16384,7104,949,1,56832,14548992,14548992,0.8587170000000001,0.545611,1.1813500000000001,38.652300000000004,14.4937,0.547031,55.0924,949,2,2,268484624
tiledb,rank,65536,0,warm,window_4096,8192,,,512,2,78.59594700857997,0,0,0,0.534630291,32768,14204,,0.4334716796875,,2.3069557871022246,,,,,,1906,4,82356736,8313102336,0.235216,0.090378,0.03656,0.00922,0.00763,76.358111,0.031409,0.0,0.0,0.109378,0.143838,55.077598,0.0,0.298835,0.058859,1.196563,0.022089,16384,7093,953,1,56744,14526464,14526464,0.893807,0.600711,1.25724,39.9943,13.114,0.441774,55.0098,953,2,2,268484624
tiledb,rank,65536,0,warm,window_4096,8192,,,512,3,99.17843999573961,0,0,0,0.705591031,32768,14142,,0.43157958984375,,2.317069721397256,,,,,,1925,5,82248192,8312791040,0.251097,0.091289,0.036419,0.01058,0.00677,45.168066,0.00755,0.0,0.0,0.096598,0.071669,34.91194,0.0,0.158248,0.044719,53.062448,0.02312,8192,3544,476,1,28352,7258112,7258112,0.876906,0.635913,1.06956,26.038800000000002,7.22388,0.39795400000000003,34.8577,476,1,1,134242312
tiledb,rank,65536,0,warm,window_4096,8192,,,512,4,99.11629097769037,0,0,0,0.6546896680000001,32768,14161,,0.432159423828125,,2.3139608784690346,,,,,,1941,5,82276864,8312766464,0.308935,0.091239,0.035629,0.00965,0.008,97.518685,0.008,0.0,0.0,0.137128,0.125568,69.257706,0.0,0.298025,0.05084,0.485803,0.02048,16384,7054,999,1,56432,14446592,14446592,0.932296,0.64708,1.28697,50.1501,17.125600000000002,0.437174,69.2029,999,3,3,402726936
tiledb,rank,65536,0,warm,window_4096,8192,,,512,5,52.14507196797058,0,0,0,0.436950415,32768,14159,,0.432098388671875,,2.3142877321844764,,,,,,1930,4,58024448,8312291328,0.207717,0.092318,0.03788,0.01217,0.007879,46.336379,0.00838,0.0,0.0,0.12001800000000001,0.079709,34.153361,0.0,0.172388,0.055689,4.836988,0.02124,8192,3564,467,1,28512,7299072,7299072,0.66365,0.40976199999999996,0.857397,24.5762,8.01429,0.515492,34.0997,467,1,1,134242312
tiledb,rank,65536,0,warm,window_4096,8192,,,512,6,91.8140999856405,0,0,0,0.6440013379999999,32768,14144,,0.431640625,,2.316742081447964,,,,,,1913,4,106686976,8313274368,0.213727,0.077568,0.03708,0.00934,0.00905,89.1097,0.038229,0.0,0.0,0.109768,0.191887,60.738304,0.0,0.433984,0.072189,1.490608,0.022859,24576,10621,1426,1,84968,21751808,21751808,1.06497,0.657639,1.48872,39.2515,19.21,0.470903,60.6541,1426,3,3,402726936
tiledb,rank,65536,0,warm,window_4096,8192,,,512,7,53.42839297372848,0,0,0,0.44594729899999996,32768,14119,,0.430877685546875,,2.3208442524258093,,,,,,1959,4,57993728,8312336384,0.292696,0.091578,0.03639,0.00861,0.0071,52.369658,0.016079,0.0,0.0,0.074729,0.066139,38.003983,0.0,0.145658,0.03612,0.296256,0.01803,8192,3519,489,1,28152,7206912,7206912,0.715339,0.42151500000000003,0.895436,25.6224,10.9434,0.383384,37.959,489,1,1,134242312
tiledb,rank,65536,0,warm,window_4096,8192,,,512,8,104.64353900169954,0,0,0,0.654567093,32768,14169,,0.432403564453125,,2.312654386336368,,,,,,1899,5,82315776,8312786944,0.274586,0.0,0.0,0.00853,0.0,0.0003,0.0,0.0,0.0,0.0,0.0,0.0,0.0,0.0,0.0,104.174666,0.023859,0,0,0,0,0,0,0,0.0,0.0,0.0,0.0,0.0,0.0,0.0,0,0,0,0
tiledb,rank,65536,0,warm,window_4096,8192,,,512,9,83.91362801194191,0,0,0,0.578028041,32768,14168,,0.432373046875,,2.312817617165443,,,,,,1908,4,82338304,8312786944,0.232196,0.090259,0.036239,0.00963,0.00772,81.577503,0.00807,0.0,0.0,0.11709900000000001,0.141157,58.178192,0.0,0.297955,0.056459,1.251961,0.02107,16384,7084,943,1,56672,14508032,14508032,0.900096,0.6007929999999999,1.23138,42.2069,14.0544,0.40405399999999997,58.12,943,2,2,268484624
tiledb,rank,65536,0,warm,window_4096,65536,,,512,0,113.91754099167883,0,0,0,0.883667356,262144,16384,,0.0625,,16.0,,,,,,4,5,559415808,8312483840,0.232486,0.095408,0.03933,0.01242,0.00853,103.522185,0.034469,0.0,0.0,0.087368,0.01224,69.875388,0.0,0.337805,0.222507,8.890117,0.180458,131072,8192,2,1,65536,16777216,16777216,0.161587,0.099238,0.21156699999999998,50.123599999999996,18.9084,0.409753,69.8377,2,3,3,402726936
tiledb,rank,65536,0,warm,window_4096,65536,,,512,1,60.21118100034073,0,0,0,0.472531502,262144,16384,,0.0625,,16.0,,,,,,4,4,414188032,8312176640,0.252586,0.084289,0.037989,0.01252,0.00762,52.230301,0.00569,0.0,0.0,0.080458,0.00832,36.109082,0.0,0.189057,0.120028,6.751169,0.186417,65536,4096,1,1,32768,8388608,8388608,0.06368900000000001,0.03309,0.11257800000000001,24.483999999999998,10.929599999999999,0.405284,36.063199999999995,1,1,1,134242312
tiledb,rank,65536,0,warm,window_4096,65536,,,512,2,82.77023496339098,0,0,0,0.551866994,262144,16384,,0.0625,,16.0,,,,,,4,4,559415808,8313438208,0.340445,0.087159,0.037629,0.00958,0.00815,72.515648,0.027929,0.0,0.0,0.066669,0.0082,52.29911,0.0,0.328375,0.214147,8.782749,0.182908,131072,8192,2,1,65536,16777216,16777216,0.16006700000000001,0.091469,0.229406,38.5087,12.9254,0.425053,52.2648,2,2,2,268484624
tiledb,rank,65536,0,warm,window_4096,65536,,,512,3,80.20062401192263,0,0,0,0.534841019,262144,16384,,0.0625,,16.0,,,,,,4,4,559415808,8313577472,0.223826,0.080319,0.036709,0.01172,0.0068,47.032688,0.00553,0.0,0.0,0.082869,0.00817,34.263368,0.0,0.188588,0.117488,31.979663,0.169727,65536,4096,1,1,32768,8388608,8388608,0.07334900000000001,0.043248999999999996,0.141988,26.3898,7.15026,0.41949400000000003,34.224900000000005,1,1,1,134242312
tiledb,rank,65536,0,warm,window_4096,65536,,,512,4,121.30248104222119,0,0,0,0.82458198,262144,16384,,0.0625,,16.0,,,,,,4,5,559415808,8313434112,0.300656,0.087489,0.03842,0.009769,0.00834,110.813527,0.00961,0.0,0.0,0.076669,0.00868,79.08761,0.0,0.337005,0.221367,8.978076,0.179717,131072,8192,2,1,65536,16777216,16777216,0.199487,0.13428800000000002,0.24398599999999998,50.556999999999995,27.631,0.412014,79.0179,2,3,3,402726936
tiledb,rank,65536,0,warm,window_4096,65536,,,512,5,99.80334102874622,0,0,0,0.648855871,262144,16384,,0.0625,,16.0,,,,,,4,4,559415808,8313446400,0.337795,0.087848,0.03831,0.00953,0.007959,89.268909,0.00984,0.0,0.0,0.075849,0.00939,70.187543,0.0,0.340185,0.220196,8.973356,0.184017,131072,8192,2,1,65536,16777216,16777216,0.188528,0.12848800000000002,0.24422700000000003,45.5312,23.7823,0.399684,70.1493,2,2,2,268484624
tiledb,rank,65536,0,warm,window_4096,65536,,,512,6,89.53931403812021,0,0,0,0.590771685,262144,16384,,0.0625,,16.0,,,,,,4,4,559415808,8313434112,0.313086,0.086518,0.03859,0.00998,0.008399,79.200149,0.00954,0.0,0.0,0.07485900000000001,0.00853,60.770023,0.0,0.335055,0.218587,8.820188,0.183938,131072,8192,2,1,65536,16777216,16777216,0.17798799999999998,0.115868,0.232057,39.2404,20.7237,0.390465,60.7324,2,2,2,268484624
tiledb,rank,65536,0,warm,window_4096,65536,,,512,7,84.2912130174227,0,0,0,0.561902358,262144,16384,,0.0625,,16.0,,,,,,4,4,559415808,8313430016,0.421354,0.087379,0.03683,0.0094,0.008429,73.7494,0.02859,0.0,0.0,0.079719,0.00829,53.034368,0.0,0.325105,0.214037,9.041355,0.181917,131072,8192,2,1,65536,16777216,16777216,0.14390799999999998,0.070648,0.185967,39.0242,13.2493,0.407274,53.0012,2,2,2,268484624
tiledb,rank,65536,0,warm,window_4096,65536,,,512,8,82.70079601788893,0,0,0,0.493276624,262144,16384,,0.0625,,16.0,,,,,,4,4,559415808,8313438208,0.415453,0.081879,0.037079,0.01021,0.00723,41.299784,0.00534,0.0,0.0,0.071769,0.0068,30.8064,0.0,0.180317,0.110529,40.131411,0.170888,65536,4096,1,1,32768,8388608,8388608,0.056289000000000006,0.028089000000000003,0.108619,23.5868,6.56288,0.405624,30.7709,1,1,1,134242312
tiledb,rank,65536,0,warm,window_4096,65536,,,512,9,101.53117502341047,0,0,0,0.725081169,262144,16384,,0.0625,,16.0,,,,,,4,4,559415808,8313434112,0.274466,0.087469,0.037669,0.01017,0.00852,91.327707,0.035819,0.0,0.0,0.09142800000000001,0.01008,69.275067,0.0,0.336065,0.221327,8.74137,0.181117,131072,8192,2,1,65536,16777216,16777216,0.230346,0.182008,0.306205,40.5304,27.8166,0.402544,69.23410000000001,2,2,2,268484624
tiledb,rank,65536,0,warm,window_65536,1024,,,512,0,129.92064200807363,0,0,0,1.174846346,4096,4062,,0.99169921875,,1.0083702609551946,,,,,,4010,8,12646912,8314077184,0.182737,0.035009,0.04031,0.012479,0.02647,128.858448,0.0053,0.0,0.0,0.11960799999999999,0.255506,88.427251,0.0,0.118978,0.052349,0.224527,0.01518,2048,2035,2010,1,16280,4167680,4167680,1.12531,0.75298,1.6398000000000001,58.3024,27.8295,0.323965,88.3482,2010,4,4,536969248
tiledb,rank,65536,0,warm,window_65536,1024,,,512,1,110.02919799648225,0,0,0,1.045865066,4096,4056,,0.990234375,,1.009861932938856,,,,,,3995,8,12636672,8314503168,0.174427,0.0,0.0,0.00872,0.0,0.00112,0.0,0.0,0.0,0.0,0.0,0.0,0.0,0.0,0.0,109.572325,0.02157,0,0,0,0,0,0,0,0.0,0.0,0.0,0.0,0.0,0.0,0.0,0,0,0,0
tiledb,rank,65536,0,warm,window_65536,1024,,,512,2,148.47138500772417,0,0,0,1.083158191,4096,4066,,0.99267578125,,1.0073782587309394,,,,,,4000,8,16908800,8314920960,0.151597,0.03363,0.041369,0.00998,0.00623,74.063135,0.00255,0.0,0.0,0.10241800000000001,0.134138,52.31622,0.0,0.086059,0.045669,73.688341,0.0185,1024,1016,1004,1,8128,2080768,2080768,0.976316,0.6780799999999999,1.31955,37.583800000000004,12.886099999999999,0.285846,52.249900000000004,1004,2,2,268484624
tiledb,rank,65536,0,warm,window_65536,1024,,,512,3,113.97679900983348,0,0,0,0.992184999,4096,4061,,0.991455078125,,1.0086185668554544,,,,,,4014,8,12636672,8314925056,0.169147,0.034789,0.04101,0.01062,0.007299,112.983935,0.01391,0.0,0.0,0.13722800000000002,0.252006,75.039461,0.0,0.119668,0.049029,0.210517,0.01536,2048,2030,2004,1,16240,4157440,4157440,1.1755,0.7740680000000001,1.7592599999999998,49.7779,22.8963,0.257256,74.94149999999999,2004,4,4,536969248
tiledb,rank,65536,0,warm,window_65536,1024,,,512,4,140.68137103458866,0,0,0,1.189572587,4096,4063,,0.991943359375,,1.008122077282796,,,,,,3989,8,12651008,8314474496,0.202207,0.0,0.0,0.00907,0.0,0.00087,0.0,0.0,0.0,0.0,0.0,0.0,0.0,0.0,0.0,140.236678,0.02004,0,0,0,0,0,0,0,0.0,0.0,0.0,0.0,0.0,0.0,0.0,0,0,0,0
tiledb,rank,65536,0,warm,window_65536,1024,,,512,5,121.61505501717329,0,0,0,1.032471741,4096,4066,,0.99267578125,,1.0073782587309394,,,,,,3991,8,12640768,8314474496,0.233766,0.03535,0.042239,0.01021,0.0073,120.590041,0.00618,0.0,0.0,0.155777,0.293056,81.867799,0.0,0.120368,0.046309,0.223046,0.0159,2048,2032,1997,1,16256,4161536,4161536,1.13616,0.739959,1.70249,51.2296,28.268,0.303896,81.78280000000001,1997,4,4,536969248
tiledb,rank,65536,0,warm,window_65536,1024,,,512,6,125.93840196495876,0,0,0,1.160009656,4096,4064,,0.9921875,,1.0078740157480315,,,,,,3991,8,12642816,8314081280,0.169888,0.03498,0.045689,0.01045,0.0073,125.011035,0.00973,0.0,0.0,0.137148,0.251316,89.396266,0.0,0.122228,0.049809,0.137038,0.015279,2048,2033,1992,1,16264,4163584,4163584,1.11281,0.742948,1.68899,59.8575,22.466199999999997,0.319435,89.2941,1992,4,4,536969248
tiledb,rank,65536,0,warm,window_65536,1024,,,512,7,105.73570197448134,0,0,0,1.0430717120000002,4096,4069,,0.993408203125,,1.0066355369869746,,,,,,4004,8,12651008,8314085376,0.190538,0.03463,0.041559,0.00976,0.00767,104.716298,0.01079,0.0,0.0,0.11784800000000001,0.249846,78.010296,0.0,0.125778,0.050069,0.213017,0.01651,2048,2037,2002,1,16296,4171776,4171776,1.177,0.786057,1.74547,50.7061,21.500999999999998,0.334725,77.9324,2002,4,4,536969248
tiledb,rank,65536,0,warm,window_65536,1024,,,512,8,117.43128800299019,0,0,0,1.075464451,4096,4062,,0.99169921875,,1.0083702609551946,,,,,,3989,8,12636672,8314073088,0.186287,0.034529,0.04132,0.010879,0.00724,78.644607,0.00251,0.0,0.0,0.10624900000000001,0.137968,54.148362,0.0,0.087939,0.045639,38.020693,0.02036,1024,1017,999,1,8136,2082816,2082816,0.879297,0.560073,1.21724,37.108000000000004,15.2953,0.231036,54.080499999999994,999,2,2,268484624
tiledb,rank,65536,0,warm,window_65536,1024,,,512,9,164.85997999552637,0,0,0,1.326573783,4096,4073,,0.994384765625,,1.005646943285048,,,,,,4003,8,16908800,8314990592,0.126708,0.099629,0.039109,0.01114,0.00727,163.748297,0.00535,0.0,0.0,0.17121799999999998,0.364284,131.013285,0.0,0.157788,0.050189,0.262016,0.01536,3072,3054,3000,1,24432,6254592,6254592,1.69421,1.15631,2.7014299999999998,96.57730000000001,41.2455,0.576301,130.878,3000,6,6,805453872
tiledb,rank,65536,0,warm,window_65536,8192,,,512,0,156.42115601804107,0,0,0,1.179502871,32768,30805,,0.940093994140625,,1.06372342152248,,,,,,27252,8,99361280,8333262848,0.198647,0.094038,0.03674,0.013469,0.01008,154.358737,0.01436,0.0,0.0,0.408964,1.507527,116.492852,0.0,0.598191,0.069399,0.64824,0.0211,16384,15396,13636,1,123168,31531008,31531008,3.64738,2.43931,6.7984,59.2899,48.354099999999995,1.10045,116.10900000000001,13636,4,4,536969248
tiledb,rank,65536,0,warm,window_65536,8192,,,512,1,127.30788096087053,0,0,0,1.187800505,32768,30786,,0.93951416015625,,1.0643799129474436,,,,,,27198,8,99353088,8324284416,0.214887,0.095879,0.037629,0.01144,0.00987,124.69592,0.058499,0.0,0.0,0.364144,1.493038,88.159965,0.0,0.606721,0.057439,1.211482,0.02294,16384,15392,13582,1,123136,31522816,31522816,3.7425800000000002,2.7285999999999997,7.31234,50.842400000000005,22.8521,1.38792,87.6277,13582,4,4,536969248
tiledb,rank,65536,0,warm,window_65536,8192,,,512,2,228.89275499619544,0,0,0,1.6150314559999999,32768,30757,,0.938629150390625,,1.06538348993725,,,,,,27096,8,132207104,8327598080,0.252877,0.093779,0.03651,0.010369,0.00775,81.839559,0.03132,0.0,0.0,0.261706,0.791138,58.806423,0.0,0.325755,0.05554,145.903553,0.02739,8192,7675,6759,1,61400,15718400,15718400,2.37931,1.62992,3.92302,36.8454,16.201900000000002,1.22635,58.584900000000005,6759,2,2,268484624
tiledb,rank,65536,0,warm,window_65536,8192,,,512,3,209.19362996937707,0,0,0,1.521633714,32768,30775,,0.939178466796875,,1.0647603574329814,,,,,,27218,8,132239872,8334303232,0.266296,0.078238,0.03689,0.00938,0.01041,206.019466,0.080258,0.0,0.0,0.67635,2.183167,158.959859,0.0,0.878007,0.080469,1.492438,0.022389,24576,23098,20430,1,184784,47304704,47304704,5.9662500000000005,4.179399999999999,11.2096,96.9939,42.1613,2.5374999999999996,158.327,20430,6,6,805453872
tiledb,rank,65536,0,warm,window_65536,8192,,,512,4,136.24431705102324,0,0,0,1.3086024410000001,32768,30823,,0.940643310546875,,1.0631022288550758,,,,,,27323,8,99406336,8334340096,0.341085,0.092469,0.035419,0.00909,0.00724,133.599517,0.068439,0.0,0.0,0.417354,1.436499,95.335967,0.0,0.600191,0.058719,1.200522,0.02193,16384,15418,13660,1,123344,31576064,31576064,4.45347,3.31295,7.854959999999999,56.9475,23.6834,1.25872,94.9006,13660,4,4,536969248
tiledb,rank,65536,0,warm,window_65536,8192,,,512,5,193.62992199603468,0,0,0,1.51176927,32768,30803,,0.940032958984375,,1.0637924877447003,,,,,,27123,8,132266496,8337408000,0.202487,0.078269,0.036509,0.01018,0.01069,190.490818,0.083919,0.0,0.0,0.461093,2.171718,140.541243,0.0,0.877127,0.065939,1.489668,0.02398,24576,23111,20368,1,184888,47331328,47331328,5.24549,3.45602,9.69449,106.72800000000001,44.9593,2.97161,140.011,20368,6,6,805453872
tiledb,rank,65536,0,warm,window_65536,8192,,,512,6,202.87076296517625,0,0,0,1.439270115,32768,30827,,0.940765380859375,,1.0629642845557465,,,,,,27278,8,132266496,8331177984,0.275786,0.093518,0.0356,0.009329,0.00771,95.314968,0.03737,0.0,0.0,0.23474699999999998,0.747848,69.168978,0.0,0.315936,0.048459,106.482552,0.022679,8192,7716,6798,1,61728,15802368,15802368,2.40093,1.6149,3.88968,39.792500000000004,23.6145,1.25675,68.9347,6798,2,2,268484624
tiledb,rank,65536,0,warm,window_65536,8192,,,512,7,133.30175203736871,0,0,0,1.285132723,32768,30720,,0.9375,,1.0666666666666667,,,,,,27171,8,99363328,8330805248,0.334065,0.092798,0.03634,0.00927,0.00922,130.632001,0.01458,0.0,0.0,0.36864399999999997,1.554637,93.18893,0.0,0.600881,0.058839,1.231832,0.025059,16384,15397,13609,1,123176,31533056,31533056,4.6165199999999995,3.61546,8.16888,50.893,27.3138,1.0736,92.8896,13609,4,4,536969248
tiledb,rank,65536,0,warm,window_65536,8192,,,512,8,135.6683760532178,0,0,0,1.314029515,32768,30797,,0.939849853515625,,1.0639997402344383,,,,,,27099,8,99377664,8324247552,0.206107,0.093059,0.042079,0.0102,0.00958,133.354631,0.01381,0.0,0.0,0.338805,1.532507,95.222429,0.0,0.606841,0.058779,0.936176,0.02202,16384,15404,13582,1,123232,31547392,31547392,3.72717,2.63685,7.374750000000001,56.3595,24.589799999999997,1.22688,94.8875,13582,4,4,536969248
tiledb,rank,65536,0,warm,window_65536,8192,,,512,9,127.85406300099567,0,0,0,1.193399211,32768,30842,,0.94122314453125,,1.0624473121068672,,,,,,27185,8,99465728,8324284416,0.275256,0.093248,0.03647,0.009769,0.00939,125.219252,0.01405,0.0,0.0,0.341665,1.541607,88.159874,0.0,0.600891,0.056499,1.199172,0.022119,16384,15447,13599,1,123576,31635456,31635456,3.96718,2.95203,7.369009999999999,51.6944,22.008799999999997,1.45165,87.8532,13599,4,4,536969248
tiledb,rank,65536,0,warm,window_65536,65536,,,512,0,178.14119200920686,0,0,0,1.635896933,262144,165856,,0.6326904296875,,1.580551803974532,,,,,,61164,8,712583680,8365387776,0.276426,0.090118,0.03872,0.011549,0.03426,153.912094,0.067059,0.0,0.0,0.853088,3.396989,106.141546,0.0,3.021705,0.324465,19.932863,0.170047,131072,82875,30552,1,663000,169728000,169728000,8.12656,5.855919999999999,15.2774,57.6029,27.458099999999998,4.09307,105.166,30552,4,4,536969248
tiledb,rank,65536,0,warm,window_65536,65536,,,512,1,168.1429619784467,0,0,0,1.457384896,262144,165959,,0.6330833435058594,,1.579570857862484,,,,,,60814,8,712618496,8349933568,0.355375,0.091039,0.038739,0.00938,0.02083,154.81066,0.069239,0.0,0.0,0.652741,3.34424,112.919015,0.0,3.024935,0.327505,8.992615,0.184788,131072,82998,30457,1,663984,169979904,169979904,8.705060000000001,7.20755,16.5418,57.3061,27.680400000000002,5.35632,112.314,30457,4,4,536969248
tiledb,rank,65536,0,warm,window_65536,65536,,,512,2,152.81666000373662,0,0,0,1.369679576,262144,165848,,0.632659912109375,,1.580628044956828,,,,,,60850,8,712507904,8350072832,0.356444,0.092429,0.039439,0.01057,0.02002,139.571257,0.066799,0.0,0.0,0.63413,3.37322,99.251349,0.0,3.015565,0.323615,8.861998,0.180917,131072,82817,30510,1,662536,169609216,169609216,7.5977500000000004,6.10926,15.2271,51.1316,22.526,3.99714,98.62079999999999,30510,4,4,536969248
tiledb,rank,65536,0,warm,window_65536,65536,,,512,3,108.9512649923563,0,0,0,1.154211643,262144,166012,,0.6332855224609375,,1.5790665735007108,,,,,,60943,8,491092480,8340885504,0.254336,0.083098,0.03917,0.01118,0.013079,99.476336,0.03406,0.0,0.0,0.356715,1.631165,68.993551,0.0,1.539817,0.173168,6.837238,0.189447,65536,41458,15281,1,331664,84905984,84905984,3.9489,2.93423,7.11476,39.3768,15.6977,5.70145,68.5557,15281,2,2,268484624
tiledb,rank,65536,0,warm,window_65536,65536,,,512,4,181.8367870291695,0,0,0,1.506445983,262144,165653,,0.6319160461425781,,1.5824886962505962,,,,,,61016,8,712317440,8350285824,0.238576,0.091528,0.03828,0.01092,0.019559,168.786032,0.143288,0.0,0.0,0.69028,3.237682,124.144738,0.0,3.018055,0.324005,8.793139,0.181887,131072,82851,30470,1,662808,169678848,169678848,8.27259,5.90502,15.5731,60.9543,40.6419,4.83925,123.207,30470,4,4,536969248
tiledb,rank,65536,0,warm,window_65536,65536,,,512,5,179.37083402648568,0,0,0,1.470392542,262144,165510,,0.6313705444335938,,1.5838559603649327,,,,,,61220,8,712319488,8350560256,0.230757,0.091548,0.03776,0.01117,0.019599,166.363268,0.066769,0.0,0.0,0.64663,3.474668,120.67542,0.0,3.041995,0.323325,8.72221,0.183997,131072,82852,30543,1,662816,169680896,169680896,5.8032200000000005,4.18699,11.8532,60.31679999999999,41.074600000000004,5.97303,120.031,30543,4,4,536969248
tiledb,rank,65536,0,warm,window_65536,65536,,,512,6,147.00005698250607,0,0,0,1.3281639349999999,262144,165794,,0.6324539184570312,,1.581142864036093,,,,,,61155,8,712507904,8350740480,0.227746,0.090169,0.037469,0.01188,0.02007,133.984861,0.211776,0.0,0.0,0.67221,3.31432,88.982523,0.0,3.019395,0.325466,8.74117,0.181737,131072,82920,30640,1,663360,169820160,169820160,6.43695,4.55178,13.035400000000001,49.408100000000005,19.7683,4.9605,88.0326,30640,4,4,536969248
tiledb,rank,65536,0,warm,window_65536,65536,,,512,7,190.8345430274494,0,0,0,1.802621748,262144,165392,,0.63092041015625,,1.5849859727193576,,,,,,60775,8,712507904,8368898048,0.245306,0.090138,0.03805,0.01188,0.019569,177.775118,0.150308,0.0,0.0,0.942256,3.228512,131.203453,0.0,3.007705,0.324026,8.794469,0.183237,131072,82505,30426,1,660040,168970240,168970240,7.08932,4.94736,14.4614,60.6462,48.9188,5.24303,130.26299999999998,30426,4,4,536969248
tiledb,rank,65536,0,warm,window_65536,65536,,,512,8,155.5474090273492,0,0,0,1.387610235,262144,165709,,0.6321296691894531,,1.5819539071504867,,,,,,60901,8,712507904,8359800832,0.243606,0.083228,0.03833,0.01071,0.012809,109.030274,0.03806,0.0,0.0,0.476093,1.646275,78.207423,0.0,1.528517,0.171527,43.912465,0.170887,65536,41383,15227,1,331064,84752384,84752384,3.64229,2.50792,7.22707,39.162,24.329,6.38157,77.8861,15227,2,2,268484624
tiledb,rank,65536,0,warm,window_65536,65536,,,512,9,235.13644200284034,0,0,0,1.9368508160000002,262144,165707,,0.6321220397949219,,1.5819730005370927,,,,,,61063,8,934060544,8369426432,0.233747,0.096148,0.03814,0.01211,0.025569,217.969328,0.119298,0.0,0.0,1.35236,5.34088,164.283619,0.0,4.504673,0.561852,11.167273,0.182278,196608,124308,45789,1,994464,254582784,254582784,11.8451,8.208969999999999,22.833699999999997,107.252,64.1603,11.2931,162.879,45789,6,6,805453872
tiledb,node,256,0,cold,random,1024,,,512,0,2909.471574006602,15886147584,15886147584,15886147584,6.201366738,4096,4095,,0.999755859375,,1.0002442002442002,,,,,,4095,4062,8514560,8311414784,0.305596,0.036179,0.040439,0.01318,0.00777,2903.676571,0.00776,0.0,0.0,0.118588,0.125328,2795.083121,0.0,0.089878,0.122719,4.757079,0.01483,1013,1013,1013,1,8104,2074624,2074624,1.45976,0.6559400000000001,1.94997,2671.08,27.4179,0.21067699999999998,2795.02,1013,984,307,3846939712
tiledb,node,256,0,cold,random,1024,,,512,1,2952.8984259814024,16133722112,16133722112,16133722112,6.315464309999999,4096,4096,,1.0,,1.0,,,,,,4096,4057,8498176,8311652352,0.316475,0.033459,0.041829,0.0104,0.00715,2951.835732,0.00825,0.0,0.0,0.109828,0.146678,2875.666749,0.0,0.090739,0.046709,0.147007,0.01555,1038,1038,1038,1,8304,2125824,2125824,1.6836200000000001,0.782321,2.1243299999999996,2723.9,27.6148,0.194467,2875.6,1038,1004,291,3993769472
tiledb,node,256,0,cold,random,1024,,,512,2,2951.3689290033653,16273174528,16273174528,16273174528,6.402559531,4096,4095,,0.999755859375,,1.0002442002442002,,,,,,4095,4068,8600576,8311812096,0.320265,0.034759,0.04281,0.00994,0.00722,2803.977088,0.009389,0.0,0.0,0.112399,0.130408,2715.36313,0.0,0.088588,0.04486,146.484954,0.01711,993,993,993,1,7944,2033664,2033664,1.34102,0.576962,1.78423,2619.98,21.056700000000003,0.217177,2715.29,993,960,292,3725280768
tiledb,node,256,0,cold,random,1024,,,512,3,2938.04728804389,16094318592,16094318592,16094318592,6.287467359,4096,4096,,1.0,,1.0,,,,,,4096,4067,8465408,8311992320,0.340075,0.032379,0.03975,0.00902,0.00508,2936.866435,0.006349,0.0,0.0,0.100748,0.129949,2855.181644,0.0,0.088629,0.124698,0.125118,0.01601,1020,1020,1020,1,8160,2088960,2088960,1.26077,0.6191220000000001,1.69422,2707.97,27.1629,0.21121700000000002,2855.12,1020,995,300,3947622976
tiledb,node,256,0,cold,random,1024,,,512,4,2961.9759609922767,16226525184,16226525184,16226525184,6.390865261,4096,4096,,1.0,,1.0,,,,,,4096,4060,8522752,8312102912,0.356465,0.033439,0.04237,0.009689,0.00634,2953.974201,0.00791,0.0,0.0,0.111709,0.121218,2856.816999,0.0,0.083708,0.0433,7.068084,0.01543,1005,1005,1005,1,8040,2058240,2058240,1.32674,0.59467,1.7603,2725.28,27.4885,0.235596,2856.74,1005,967,301,3912488712
tiledb,node,256,0,cold,random,1024,,,512,5,2924.2910430184565,16100745216,16100745216,16100745216,6.236786987,4096,4096,,1.0,,1.0,,,,,,4096,4071,8563712,8312242176,0.373454,0.033939,0.04135,0.00955,0.007109,2896.605997,0.00887,0.0,0.0,0.10639900000000001,0.130738,2797.241638,0.0,0.082888,0.117869,26.670652,0.01665,994,994,994,1,7952,2035712,2035712,1.2862500000000001,0.620339,1.7158799999999998,2676.48,22.6159,0.211477,2797.18,994,965,299,3830683560
tiledb,node,256,0,cold,random,1024,,,512,6,2948.8853159709834,16150786048,16150786048,16150786048,6.3233581359999995,4096,4096,,1.0,,1.0,,,,,,4096,4062,8565760,8312119296,0.383134,0.034629,0.04117,0.014689,0.00544,2916.108745,0.02042,0.0,0.0,0.153808,0.158197,2762.28542,0.0,0.088049,0.045149,31.738216,0.01594,1008,1008,1008,1,8064,2064384,2064384,1.3409200000000001,0.54997,1.77278,2693.7000000000003,23.0794,0.214387,2762.2,1008,981,296,3808134704
tiledb,node,256,0,cold,random,1024,,,512,7,2986.1043109558523,16396046336,16396046336,16396046336,6.351973349,4096,4096,,1.0,,1.0,,,,,,4095,4065,8539136,8312143872,0.360874,0.03413,0.040919,0.00946,0.00653,2982.439725,0.00753,0.0,0.0,0.108448,0.136898,2891.817858,0.0,0.087469,0.119668,2.65136,0.01521,1034,1034,1034,1,8272,2117632,2117632,1.50348,0.694468,1.94058,2756.8,26.1187,0.228596,2891.74,1034,990,301,4041489144
tiledb,node,256,0,cold,random,1024,,,512,8,3008.6524550570175,16554057728,16554057728,16554057728,6.5136483179999995,4096,4096,,1.0,,1.0,,,,,,4096,4066,8625152,8312258560,0.341665,0.032579,0.040049,0.00988,0.00535,2900.836193,0.01212,0.0,0.0,0.11824899999999999,0.118398,2795.363856,0.0,0.081649,0.043879,106.870915,0.01572,984,984,984,1,7872,2015232,2015232,1.2830300000000001,0.557454,1.7229700000000001,2697.75,23.8615,0.204957,2795.29,984,953,296,3803415176
tiledb,node,256,0,cold,random,1024,,,512,9,2910.943161987234,15975657472,15975657472,15975657472,6.263435383,4096,4096,,1.0,,1.0,,,,,,4096,4064,8637440,8312422400,0.529052,0.034439,0.0422,0.009949,0.00737,2887.257356,0.00783,0.0,0.0,0.116828,0.154108,2800.709337,0.0,0.091329,0.046339,22.565043,0.01647,1036,1036,1036,1,8288,2121728,2121728,1.62126,0.68308,2.07897,2669.24,25.9626,0.31407599999999997,2800.63,1036,1000,301,3810756664
tiledb,node,256,0,cold,random,8192,,,512,0,5575.3084840253,32088182784,32088182784,32088182784,12.741264477,32768,32755,,0.999603271484375,,1.0003968859716075,,,,,,32736,30786,67732480,8352124928,0.332985,0.094459,0.037059,0.01331,0.01557,5573.345842,0.0083,0.0,0.0,0.262355,0.972756,5491.859438,0.0,0.342845,0.125488,0.591381,0.021079,8252,8243,8223,1,65944,16881664,16881664,4.72362,1.9650599999999998,7.51183,5308.8,146.66899999999998,1.52619,5491.65,8223,6472,403,7887380072
tiledb,node,256,0,cold,random,8192,,,512,1,5559.909012983553,31908749312,31908749312,31908749312,12.319780821,32768,32756,,0.9996337890625,,1.0003663450970814,,,,,,32741,30768,67911168,8349093888,0.457523,0.094959,0.036269,0.01017,0.00908,5557.890223,0.031559,0.0,0.0,0.257437,0.853667,5461.290864,0.0,0.340075,0.126958,0.584971,0.02146,8192,8183,8169,1,65464,16758784,16758784,4.17896,2.12372,6.980049999999999,5279.27,147.309,1.47742,5461.02,8169,6470,401,7808721272
tiledb,node,256,0,cold,random,8192,,,512,2,5602.974429959431,32077115392,32077115392,32077115392,11.583605138,32768,32755,,0.999603271484375,,1.0003968859716075,,,,,,32742,30831,67993088,8348692480,0.446983,0.094648,0.03737,0.009509,0.00714,5574.109481,0.00859,0.0,0.0,0.236877,0.868397,5475.324665,0.0,0.339615,0.0569,27.509009,0.02257,8062,8054,8044,1,64432,16494592,16494592,3.78473,1.75928,6.4481399999999995,5337.65,117.66699999999999,1.31975,5475.07,8044,6382,404,7878989800
tiledb,node,256,0,cold,random,8192,,,512,3,5548.355395032559,32134574080,32134574080,32134574080,11.56613355,32768,32764,,0.9998779296875,,1.0001220852154804,,,,,,32746,30786,67921408,8350208000,0.507382,0.094389,0.036209,0.00923,0.0089,5517.033472,0.00885,0.0,0.0,0.235736,0.910416,5419.589057,0.0,0.336985,0.053659,29.915104,0.020949,8166,8159,8147,1,65272,16709632,16709632,3.71459,2.01931,6.2634,5290.320000000001,135.443,1.3632,5419.32,8147,6431,402,7899965480
tiledb,node,256,0,cold,random,8192,,,512,4,5605.625080992468,32112893952,32112893952,32112893952,12.478553778,32768,32757,,0.999664306640625,,1.0003358060872485,,,,,,32746,30766,67695616,8349757440,0.437544,0.093358,0.03568,0.00983,0.008169,5603.598012,0.00813,0.0,0.0,0.250347,0.929936,5504.880743,0.0,0.345554,0.125749,0.616111,0.021649,8243,8234,8225,1,65872,16863232,16863232,4.7426200000000005,2.19584,7.5318,5332.75,136.317,1.58517,5504.679999999999,8225,6474,403,7880562976
tiledb,node,256,0,cold,random,8192,,,512,5,5633.95023799967,32133582848,32133582848,32133582848,12.130278858,32768,32755,,0.999603271484375,,1.0003968859716075,,,,,,32745,30774,67773952,8352006144,0.402204,0.093869,0.037029,0.00991,0.00828,5631.940178,0.00859,0.0,0.0,0.24121599999999999,0.930236,5541.664715,0.0,0.343715,0.132908,0.620221,0.0226,8263,8251,8234,1,66008,16898048,16898048,4.6167300000000004,1.88587,7.2133199999999995,5347.55,130.606,1.5151,5541.46,8234,6500,402,7896819128
tiledb,node,256,0,cold,random,8192,,,512,6,5661.440298019443,32165330944,32165330944,32165330944,12.342534804,32768,32761,,0.999786376953125,,1.0002136686914318,,,,,,32749,30784,67986944,8350498816,0.901636,0.092359,0.036669,0.00939,0.00911,5658.951215,0.008,0.0,0.0,0.245576,0.910836,5548.75335,0.0,0.339065,0.126838,0.612261,0.02185,8122,8119,8109,1,64952,16627712,16627712,3.88108,1.99847,6.57552,5361.150000000001,141.04,1.3531000000000002,5548.549999999999,8109,6442,405,7903636224
tiledb,node,256,0,cold,random,8192,,,512,7,5607.676129962783,32128778240,32128778240,32128778240,11.489107418,32768,32759,,0.999725341796875,,1.0002747336609787,,,,,,32739,30755,67814912,8350269440,0.477792,0.094859,0.037529,0.00991,0.00827,5605.607831,0.035329,0.0,0.0,0.30784500000000004,0.843038,5501.964087,0.0,0.341915,0.128008,0.610641,0.023,8209,8197,8179,1,65576,16787456,16787456,3.75989,2.04092,6.496659999999999,5338.7,110.556,1.41753,5501.76,8179,6440,401,7875843448
tiledb,node,256,0,cold,random,8192,,,512,8,5522.893672983628,32131223552,32131223552,32131223552,11.269539029,32768,32760,,0.999755859375,,1.0002442002442002,,,,,,32742,30702,67857920,8350507008,0.418984,0.094789,0.037109,0.00957,0.00844,5489.276995,0.00813,0.0,0.0,0.235807,0.895977,5393.239158,0.0,0.343545,0.131998,32.21756,0.022589,8194,8189,8168,1,65512,16771072,16771072,3.59255,1.83643,6.14565,5272.389999999999,99.4761,1.29237,5393.04,8168,6446,402,7884758112
tiledb,node,256,0,cold,random,8192,,,512,9,5525.103071995545,32140996608,32140996608,32140996608,11.634027685,32768,32763,,0.999847412109375,,1.0001526111772425,,,,,,32736,30890,67913216,8352702464,0.474373,0.094859,0.036359,0.00984,0.00921,5475.65923,0.03056,0.0,0.0,0.238326,0.895807,5375.079521,0.0,0.338525,0.126378,47.977944,0.02109,8101,8095,8080,1,64760,16578560,16578560,3.89603,1.88138,6.6176200000000005,5247.099999999999,132.043,1.2685000000000002,5374.88,8080,6418,402,7871123920
tiledb,node,256,0,cold,random,65536,,,512,0,6427.241792960558,34286120960,34286120960,34286120960,36.626884744,262144,261627,,0.9980278015136719,,1.0019760957393542,,,,,,260583,165439,540722688,8589119488,0.336725,0.087029,0.04004,0.013329,0.01694,6409.406479,0.054689,0.0,0.0,1.341881,6.775328,6313.665007,0.0,2.393075,0.208907,14.171238,0.178978,65873,65324,64261,1,522592,133783552,133783552,18.9414,10.1738,35.4577,5451.38,442.81,7.54696,6312.42,64261,16085,202,8497772360
tiledb,node,256,0,cold,random,65536,,,512,1,6468.071455019526,34285826048,34285826048,34285826048,36.853344596,262144,261609,,0.9979591369628906,,1.0020450366768727,,,,,,260581,165709,540540416,8588992512,0.529182,0.084199,0.038249,0.0109,0.01528,6437.595199,0.052619,0.0,0.0,1.284911,6.782989,6347.04556,0.0,2.377284,0.286736,26.590953,0.185007,65385,64862,63805,1,518896,132837376,132837376,21.0323,13.1766,37.419399999999996,5454.85,434.711,8.88656,6345.81,63805,16068,197,8498296752
tiledb,node,256,0,cold,random,65536,,,512,2,6441.040407982655,34281889792,34281889792,34281889792,36.667891541,262144,261642,,0.9980850219726562,,1.0019186522041568,,,,,,260678,165881,540638208,8589930496,0.391944,0.084818,0.03891,0.019429,0.01716,6434.010893,0.051739,0.0,0.0,1.278051,6.942086,6342.491718,0.0,2.384824,0.205257,3.133113,0.180588,65661,65130,64100,1,521040,133386240,133386240,20.2213,12.5728,37.4708,5470.379999999999,397.507,10.741900000000001,6341.25,64100,16083,186,8505638240
tiledb,node,256,0,cold,random,65536,,,512,3,6442.763710976578,34286055424,34286055424,34286055424,36.681952502,262144,261637,,0.9980659484863281,,1.0019377993173748,,,,,,260688,165768,540825600,8589983744,0.472633,0.084339,0.039599,0.00999,0.01764,6354.534538,0.051009,0.0,0.0,1.2654509999999999,6.824929,6284.489183,0.0,2.372394,0.204367,84.497869,0.177997,65278,64748,63772,1,517984,132603904,132603904,20.837999999999997,13.136999999999999,38.1877,5402.64,418.694,9.59351,6283.22,63772,16083,195,8499869928
tiledb,node,256,0,cold,random,65536,,,512,4,6515.926010033581,34287300608,34287300608,34287300608,36.949023435,262144,261619,,0.9979972839355469,,1.0020067349848443,,,,,,260580,165843,539924992,8590069760,0.431134,0.085368,0.04052,0.01011,0.016529,6509.000914,0.05183,0.0,0.0,1.275481,6.398215,6408.901106,0.0,2.381254,0.287186,3.147453,0.180828,65451,64937,63984,1,519496,132990976,132990976,17.5308,9.22474,34.0415,5537.21,456.801,7.50279,6407.639999999999,63984,16064,206,8496723576
tiledb,node,256,0,cold,random,65536,,,512,5,6384.454521001317,34287394816,34287394816,34287394816,36.826662389999996,262144,261647,,0.9981040954589844,,1.0018995058227307,,,,,,260634,165636,540025856,8589922304,0.458393,0.088569,0.039709,0.01026,0.01657,6146.222656,0.051919,0.0,0.0,1.2869009999999999,6.461544,6076.673183,0.0,2.384414,0.288026,234.384523,0.194367,65539,65060,64087,1,520480,133242880,133242880,17.9405,9.16208,34.4416,5240.490000000001,359.45,11.5478,6075.42,64087,16089,196,8499869928
tiledb,node,256,0,cold,random,65536,,,512,6,6458.339239004999,34292551680,34292551680,34292551680,37.333736151,262144,261607,,0.9979515075683594,,1.0020526973666606,,,,,,260609,165752,540325888,8590340096,0.473002,0.084089,0.036679,0.0097,0.01499,6433.405371,0.052569,0.0,0.0,1.250721,6.820588,6349.359596,0.0,2.389765,0.285235,21.118555,0.180137,65744,65227,64247,1,521816,133584896,133584896,19.2411,11.8208,36.4294,5464.45,421.92400000000004,9.64487,6348.13,64247,16113,178,8511930944
tiledb,node,256,0,cold,random,65536,,,512,7,6514.6776890032925,34280677376,34280677376,34280677376,36.309827246,262144,261597,,0.9979133605957031,,1.0020910025726595,,,,,,260572,165807,540128256,8590360576,0.659811,0.094289,0.040449,0.01525,0.01713,6507.445386,0.080899,0.0,0.0,1.38852,7.290641,6405.99257,0.0,2.388395,0.281815,3.134583,0.187247,65705,65148,64106,1,521184,133423104,133423104,17.5003,9.0691,33.9486,5517.15,461.45799999999997,8.67496,6404.59,64106,16076,195,8501967496
tiledb,node,256,0,cold,random,65536,,,512,8,6537.846713967156,34284937216,34284937216,34284937216,37.069535676,262144,261629,,0.9980354309082031,,1.0019684362207553,,,,,,260622,165795,540251136,8590831616,0.457443,0.085139,0.04003,0.010179,0.01684,6500.507712,0.052179,0.0,0.0,1.269482,6.607971,6421.420731,0.0,2.387924,0.288456,33.51702,0.183417,65704,65209,64220,1,521672,133548032,133548032,21.213800000000003,13.5532,39.538999999999994,5537.639999999999,402.078,10.4651,6420.18,64220,16072,200,8497772360
tiledb,node,256,0,cold,random,65536,,,512,9,6340.503186977003,34287570944,34287570944,34287570944,37.612997097000004,262144,261633,,0.9980506896972656,,1.0019531175348675,,,,,,260582,166024,540017664,8591167488,0.444624,0.089339,0.038049,0.01114,0.01635,6299.591488,0.053599,0.0,0.0,1.5012679999999998,6.189157,6208.613715,0.0,2.382924,0.288556,37.098047,0.179027,65498,65008,63960,1,520064,133136384,133136384,21.0659,10.1796,38.1414,5394.63,383.644,9.65428,6207.37,63960,16082,194,8501443104
tiledb,node,256,0,cold,window_256,1024,,,512,0,4.381164035294205,5656576,5656576,5656576,0.020693259,4096,1002,,0.24462890625,,4.087824351297405,,,,,,25,8,12149248,8304533504,0.383715,0.0,0.0,0.0082,0.0,0.00036,0.0,0.0,0.0,0.0,0.0,0.0,0.0,0.0,0.0,3.848973,0.01114,0,0,0,0,0,0,0,0.0,0.0,0.0,0.0,0.0,0.0,0.0,0,0,0,0
tiledb,node,256,0,cold,window_256,1024,,,512,1,3.051463980227709,5779456,5779456,5779456,0.014452765,4096,1009,,0.246337890625,,4.059464816650149,,,,,,18,8,9511424,8304381952,0.194117,0.031199,0.03067,0.00857,0.006089,1.677915,0.00155,0.0,0.0,0.03137,0.00298,1.32702,0.0,0.01949,0.01857,0.950075,0.01057,1024,251,5,1,2008,514048,514048,0.257706,0.11699999999999999,0.310785,0.786559,0.10187900000000001,0.033459,1.3094000000000001,5,2,1,1048784
tiledb,node,256,0,cold,window_256,1024,,,512,2,2.495813008863479,5963776,5963776,5963776,0.012878180999999999,4096,1007,,0.245849609375,,4.067527308838133,,,,,,20,8,6859264,8304218112,0.157737,0.03181,0.034579,0.00873,0.007,1.951591,0.00128,0.0,0.0,0.047629,0.00533,1.544597,0.0,0.025299,0.02275,0.143368,0.01105,1024,252,5,1,2016,516096,516096,0.306735,0.154287,0.349004,0.929606,0.08857899999999999,0.045398999999999995,1.52056,5,2,1,1048784
tiledb,node,256,0,cold,window_256,1024,,,512,3,2.8708669706247747,5840896,5840896,5840896,0.014317874,4096,1010,,0.24658203125,,4.0554455445544555,,,,,,18,8,9513472,8304201728,0.111558,0.03058,0.032829,0.0086,0.00488,2.322386,0.00494,0.0,0.0,0.0358,0.005609,1.894012,0.0,0.035559,0.02421,0.175578,0.01035,2048,505,9,1,4040,1034240,1034240,0.48917299999999997,0.260638,0.524412,1.00352,0.136568,0.037159000000000005,1.87137,9,4,2,2097568
tiledb,node,256,0,cold,window_256,1024,,,512,4,2.5031319819390774,5713920,5713920,5713920,0.01257052,4096,1007,,0.245849609375,,4.067527308838133,,,,,,20,8,9519616,8304193536,0.094458,0.0315,0.027649,0.00833,0.00592,1.797593,0.00119,0.0,0.0,0.02651,0.003029,1.500938,0.0,0.02203,0.0208,0.371105,0.01076,1024,251,6,1,2008,514048,514048,0.274626,0.11784599999999999,0.312066,0.964405,0.084599,0.032249,1.4830100000000002,6,2,1,1048784
tiledb,node,256,0,cold,window_256,1024,,,512,5,3.0908840126357973,5918720,5918720,5918720,0.016821262,4096,1009,,0.246337890625,,4.059464816650149,,,,,,19,8,9515520,8304185344,0.143968,0.032399,0.03027,0.008489,0.00707,2.533893,0.00491,0.0,0.0,0.029070000000000002,0.00402,2.128708,0.0,0.031059,0.0249,0.169797,0.01073,2048,503,11,1,4024,1030144,1030144,0.417423,0.22256599999999999,0.46790200000000004,1.3039900000000002,0.156198,0.040999,2.1094500000000003,11,4,2,2097568
tiledb,node,256,0,cold,window_256,1024,,,512,6,2.712148998398334,5902336,5902336,5902336,0.013124881,4096,1006,,0.24560546875,,4.071570576540755,,,,,,22,8,9505280,8304128000,0.095888,0.03149,0.029299,0.00857,0.00633,1.875792,0.00111,0.0,0.0,0.02628,0.00267,1.549686,0.0,0.022,0.020049,0.498443,0.01083,1024,252,5,1,2016,516096,516096,0.283306,0.132188,0.318705,0.9994750000000001,0.10070799999999999,0.02863,1.53193,5,2,1,1048784
tiledb,node,256,0,cold,window_256,1024,,,512,7,3.6224760115146637,5890048,5890048,5890048,0.017541377,4096,1012,,0.2470703125,,4.047430830039525,,,,,,16,8,12173824,8304119808,0.407973,0.0,0.0,0.00792,0.0,0.00019,0.0,0.0,0.0,0.0,0.0,0.0,0.0,0.0,0.0,3.122283,0.01024,0,0,0,0,0,0,0,0.0,0.0,0.0,0.0,0.0,0.0,0.0,0,0,0,0
tiledb,node,256,0,cold,window_256,1024,,,512,8,3.431837947573513,5742592,5742592,5742592,0.016392395,4096,1008,,0.24609375,,4.063492063492063,,,,,,19,8,12163584,8304046080,0.093148,0.03121,0.028589,0.00868,0.00649,1.624506,0.0014,0.0,0.0,0.02655,0.00245,1.33491,0.0,0.021829,0.01994,1.472588,0.01125,1024,253,4,1,2024,518144,518144,0.215837,0.097417,0.250567,0.843487,0.102008,0.02765,1.3177,4,2,1,1048784
tiledb,node,256,0,cold,window_256,1024,,,512,9,2.6652010274119675,5877760,5877760,5877760,0.012882423,4096,1006,,0.24560546875,,4.071570576540755,,,,,,22,8,9507328,8303980544,0.117758,0.031129,0.03358,0.00799,0.005999,1.798494,0.00148,0.0,0.0,0.026359999999999998,0.00306,1.489278,0.0,0.021809,0.0208,0.515462,0.01112,1024,252,5,1,2016,516096,516096,0.279906,0.12698,0.331075,0.9221560000000001,0.101038,0.032440000000000004,1.47051,5,2,1,1048784
tiledb,node,256,0,cold,window_256,8192,,,512,0,3.0990340164862573,5836800,5836800,5836800,0.013487844,32768,1024,,0.03125,,32.0,,,,,,4,8,68878848,8306348032,0.175717,0.086399,0.02639,0.008059,0.00766,1.490028,0.00138,0.0,0.0,0.02703,0.00182,1.198952,0.0,0.02237,0.028629,1.139773,0.0178,8192,256,1,1,2048,524288,524288,0.087398,0.028199,0.127658,0.812558,0.114478,0.043329,1.18215,1,2,1,1048784
tiledb,node,256,0,cold,window_256,8192,,,512,1,8.374975004699081,18948096,18948096,18948096,0.022881007000000002,32768,1024,,0.03125,,32.0,,,,,,4,8,68878848,8306585600,0.164428,0.086738,0.02779,0.00783,0.00696,1.692654,0.00129,0.0,0.0,0.024668999999999996,0.00216,1.33593,0.0,0.03151,0.03162,6.195518,0.0167,16384,512,2,1,4096,1048576,1048576,0.156748,0.079959,0.190277,0.855677,0.142788,0.03712,1.3191,2,4,2,2097568
tiledb,node,256,0,cold,window_256,8192,,,512,2,3.368559991940856,5832704,5832704,5832704,0.013788552,32768,1024,,0.03125,,32.0,,,,,,4,8,68878848,8306434048,0.199477,0.0,0.0,0.00803,0.0,0.00023,0.0,0.0,0.0,0.0,0.0,0.0,0.0,0.0,0.0,3.049735,0.016409,0,0,0,0,0,0,0,0.0,0.0,0.0,0.0,0.0,0.0,0.0,0,0,0,0
tiledb,node,256,0,cold,window_256,8192,,,512,3,3.6574149853549898,5742592,5742592,5742592,0.016239764,32768,1024,,0.03125,,32.0,,,,,,4,8,68878848,8306561024,0.161487,0.089499,0.027819,0.0082,0.00631,2.00075,0.00443,0.0,0.0,0.02487,0.00257,1.623076,0.0,0.03146,0.033319,1.165373,0.01744,16384,512,2,1,4096,1048576,1048576,0.214947,0.109238,0.247767,1.05309,0.142197,0.03696,1.605,2,4,2,2097568
tiledb,node,256,0,cold,window_256,8192,,,512,4,3.4042189945466816,5869568,5869568,5869568,0.014287382,32768,1024,,0.03125,,32.0,,,,,,4,8,68878848,8306397184,0.171547,0.086429,0.026439,0.00821,0.00619,1.777354,0.00108,0.0,0.0,0.024710000000000003,0.00178,1.500517,0.0,0.022619,0.02963,1.147193,0.016989,8192,256,1,1,2048,524288,524288,0.073519,0.030349,0.109899,1.11216,0.113748,0.042429,1.48297,1,2,1,1048784
tiledb,node,256,0,cold,window_256,8192,,,512,5,3.634414984844625,5931008,5931008,5931008,0.015169574,32768,1024,,0.03125,,32.0,,,,,,4,8,68878848,8306388992,0.168347,0.089859,0.029259,0.00838,0.00608,1.99155,0.00424,0.0,0.0,0.025269,0.00235,1.601407,0.0,0.03154,0.032009,1.150663,0.01515,16384,512,2,1,4096,1048576,1048576,0.150288,0.080058,0.180288,1.10613,0.161857,0.03627,1.58354,2,4,2,2097568
tiledb,node,256,0,cold,window_256,8192,,,512,6,3.5777470329776406,5804032,5804032,5804032,0.015971834,32768,1024,,0.03125,,32.0,,,,,,4,8,86508032,8306511872,0.166818,0.088298,0.03083,0.00832,0.00614,1.576836,0.001,0.0,0.0,0.024458999999999998,0.00172,1.306301,0.0,0.0217,0.027169,1.521978,0.016969,8192,256,1,1,2048,524288,524288,0.072879,0.03107,0.102118,0.975796,0.097258,0.02919,1.289,1,2,1,1048784
tiledb,node,256,0,cold,window_256,8192,,,512,7,4.620941006578505,6012928,6012928,6012928,0.020699178,32768,1024,,0.03125,,32.0,,,,,,4,8,86508032,8306479104,0.342385,0.074648,0.0268,0.00837,0.007,2.513522,0.00191,0.0,0.0,0.024779,0.00246,1.948401,0.0,0.04275,0.035809,1.440949,0.016689,24576,768,3,1,6144,1572864,1572864,0.22964700000000002,0.106609,0.259976,1.23988,0.23136700000000002,0.069279,1.9312,3,6,3,3146352
tiledb,node,256,0,cold,window_256,8192,,,512,8,3.372778999619186,5701632,5701632,5701632,0.015301124,32768,1024,,0.03125,,32.0,,,,,,4,8,68878848,8306343936,0.159067,0.084719,0.026949,0.00863,0.0047,2.01025,0.00169,0.0,0.0,0.02495,0.00255,1.640165,0.0,0.03183,0.032839,0.881177,0.01655,16384,512,2,1,4096,1048576,1048576,0.188758,0.093878,0.22048700000000002,1.10162,0.138758,0.042329,1.62257,2,4,2,2097568
tiledb,node,256,0,cold,window_256,8192,,,512,9,3.0707440455444157,5758976,5758976,5758976,0.013373614,32768,1024,,0.03125,,32.0,,,,,,4,8,51249664,8306171904,0.197297,0.085138,0.0292,0.00797,0.00733,1.722404,0.00123,0.0,0.0,0.025099,0.0018,1.434389,0.0,0.02219,0.027029,0.857327,0.01723,8192,256,1,1,2048,524288,524288,0.08140900000000001,0.038149999999999996,0.128498,1.0613000000000001,0.103199,0.033219,1.4176499999999999,1,2,1,1048784
tiledb,node,256,0,cold,window_256,65536,,,512,0,11.860793980304152,5951488,5951488,5951488,0.050370686,262144,1024,,0.00390625,,256.0,,,,,,4,8,822683648,8306565120,0.178977,0.0,0.0,0.00773,0.0,0.00012,0.0,0.0,0.0,0.0,0.0,0.0,0.0,0.0,0.0,11.428179,0.170038,0,0,0,0,0,0,0,0.0,0.0,0.0,0.0,0.0,0.0,0.0,0,0,0,0
tiledb,node,256,0,cold,window_256,65536,,,512,1,9.688715043012053,5754880,5754880,5754880,0.035239081,262144,1024,,0.00390625,,256.0,,,,,,4,8,545830912,8307568640,0.177817,0.075889,0.028309,0.00846,0.00608,1.525577,0.00133,0.0,0.0,0.02565,0.00171,1.253031,0.0,0.02801,0.085079,7.464958,0.174818,65536,256,1,1,2048,524288,524288,0.07052900000000001,0.030898999999999996,0.109439,0.959636,0.04716,0.035469,1.2355099999999999,1,2,1,1048784
tiledb,node,256,0,cold,window_256,65536,,,512,2,11.615025985520333,5971968,5971968,5971968,0.037878024999999996,262144,1024,,0.00390625,,256.0,,,,,,4,8,545830912,8307544064,0.179247,0.084869,0.029189,0.00876,0.00713,1.97703,0.00489,0.0,0.0,0.025559000000000002,0.00234,1.582757,0.0,0.03015,0.176627,8.824378,0.180388,131072,512,2,1,4096,1048576,1048576,0.16822800000000002,0.10120799999999999,0.20746699999999998,1.0572599999999999,0.138988,0.042719999999999994,1.5654,2,4,2,2097568
tiledb,node,256,0,cold,window_256,65536,,,512,3,11.239651998039335,5890048,5890048,5890048,0.039800591,262144,1024,,0.00390625,,256.0,,,,,,4,8,545830912,8307535872,0.190027,0.084559,0.027779,0.00844,0.00613,1.944431,0.00438,0.0,0.0,0.02482,0.00235,1.618165,0.0,0.03176,0.178947,8.473593,0.181358,131072,512,2,1,4096,1048576,1048576,0.195828,0.109959,0.230687,1.0830499999999998,0.138408,0.03108,1.6005,2,4,2,2097568
tiledb,node,256,0,cold,window_256,65536,,,512,4,10.0945690064691,5656576,5656576,5656576,0.040743193999999996,262144,1024,,0.00390625,,256.0,,,,,,4,8,545830912,8308584448,0.181657,0.085708,0.02763,0.00844,0.00622,1.903941,0.00491,0.0,0.0,0.025148999999999998,0.00239,1.538427,0.0,0.03171,0.179547,7.37391,0.179797,131072,512,2,1,4096,1048576,1048576,0.141098,0.068469,0.189557,1.02804,0.135548,0.046319,1.5204000000000002,2,4,2,2097568
tiledb,node,256,0,cold,window_256,65536,,,512,5,8.984765969216824,6230016,6230016,6230016,0.03208214,262144,1024,,0.00390625,,256.0,,,,,,4,8,545830912,8307523584,0.176627,0.076509,0.028139,0.00837,0.00603,1.575307,0.0013,0.0,0.0,0.02527,0.00171,1.30729,0.0,0.024099,0.087029,6.7143,0.175807,65536,256,1,1,2048,524288,524288,0.060349,0.021169999999999998,0.08763800000000001,1.04437,0.045869,0.02886,1.28944,1,2,1,1048784
tiledb,node,256,0,cold,window_256,65536,,,512,6,11.6005870513618,5607424,5607424,5607424,0.036560599,262144,1024,,0.00390625,,256.0,,,,,,4,8,545830912,8307519488,0.183437,0.084119,0.028309,0.00827,0.0064,1.827593,0.00479,0.0,0.0,0.02505,0.00221,1.497677,0.0,0.031279,0.178908,8.963846,0.174957,131072,512,2,1,4096,1048576,1048576,0.115628,0.06205,0.14530700000000002,1.0584399999999998,0.141018,0.03661,1.47975,2,4,2,2097568
tiledb,node,256,0,cold,window_256,65536,,,512,7,11.936872033402324,5931008,5931008,5931008,0.038967218,262144,1024,,0.00390625,,256.0,,,,,,4,8,545830912,8307507200,0.219067,0.086388,0.03021,0.00771,0.00714,2.041259,0.00757,0.0,0.0,0.026819000000000003,0.00247,1.661925,0.0,0.03271,0.178667,9.050555,0.179327,131072,512,2,1,4096,1048576,1048576,0.184477,0.121018,0.22048700000000002,1.1171600000000002,0.12814799999999998,0.04545,1.6370799999999999,2,4,2,2097568
tiledb,node,256,0,cold,window_256,65536,,,512,8,8.266585995443165,6017024,6017024,6017024,0.034265216,262144,1024,,0.00390625,,256.0,,,,,,4,8,545830912,8307478528,0.181057,0.0,0.0,0.00806,0.0,0.00022,0.0,0.0,0.0,0.0,0.0,0.0,0.0,0.0,0.0,7.810433,0.171507,0,0,0,0,0,0,0,0.0,0.0,0.0,0.0,0.0,0.0,0.0,0,0,0,0
tiledb,node,256,0,cold,window_256,65536,,,512,9,8.782469027210027,5738496,5738496,5738496,0.036543748,262144,1024,,0.00390625,,256.0,,,,,,4,8,545830912,8308527104,0.186098,0.0,0.0,0.00753,0.0,0.00019,0.0,0.0,0.0,0.0,0.0,0.0,0.0,0.0,0.0,8.335656,0.172917,0,0,0,0,0,0,0,0.0,0.0,0.0,0.0,0.0,0.0,0.0,0,0,0,0
tiledb,node,256,0,cold,window_4096,1024,,,512,0,12.54277303814888,36933632,36933632,36933632,0.08298488300000001,4096,3596,,0.8779296875,,1.139043381535039,,,,,,2785,68,12175872,8312532992,0.117059,0.03165,0.027909,0.00888,0.00716,9.606967,0.00654,0.0,0.0,0.04727,0.084318,7.772884,0.0,0.047229,0.02086,2.552802,0.01195,1024,893,692,1,7144,1828864,1828864,0.934976,0.39154700000000003,1.17048,5.71619,0.569112,0.067329,7.72405,692,17,1,8914664
tiledb,node,256,0,cold,window_4096,1024,,,512,1,13.294722011778504,37498880,37498880,37498880,0.08842694300000001,4096,3616,,0.8828125,,1.1327433628318584,,,,,,2840,68,12222976,8309780480,0.122888,0.03312,0.035569,0.00853,0.00683,12.655441,0.00871,0.0,0.0,0.086508,0.165378,9.967181,0.0,0.082979,0.02676,0.197737,0.010579,2048,1828,1424,1,14624,3743744,3743744,1.42973,0.576464,1.83264,6.31435,1.3241699999999998,0.101818,9.90738,1424,34,2,17829328
tiledb,node,256,0,cold,window_4096,1024,,,512,2,13.205483031924814,37253120,37253120,37253120,0.085139587,4096,3608,,0.880859375,,1.1352549889135255,,,,,,2822,68,12173824,8310427648,0.117608,0.03157,0.028489,0.00854,0.00611,10.572702,0.0061,0.0,0.0,0.047769000000000006,0.088049,8.317126,0.0,0.04509,0.019999,2.255106,0.01067,1024,896,732,1,7168,1835008,1835008,0.967766,0.377722,1.20796,6.23048,0.539172,0.055679,8.27316,732,17,1,8914664
tiledb,node,256,0,cold,window_4096,1024,,,512,3,12.705150002148002,36737024,36737024,36737024,0.07943166700000001,4096,3621,,0.884033203125,,1.1311792322562828,,,,,,2839,67,12182016,8309624832,0.139518,0.03142,0.03051,0.008309,0.00695,9.571228,0.00789,0.0,0.0,0.05488,0.093018,7.939991,0.0,0.047459,0.02163,2.73055,0.011759,1024,906,715,1,7248,1855488,1855488,1.0351299999999999,0.40705199999999997,1.2481499999999999,5.807040000000001,0.562712,0.065519,7.894959999999999,715,17,1,8914664
tiledb,node,256,0,cold,window_4096,1024,,,512,4,14.944648020900786,36655104,36655104,36655104,0.085501885,4096,3607,,0.880615234375,,1.1355697255336845,,,,,,2841,67,16908800,8310292480,0.098928,0.0,0.0,0.00797,0.0,0.0002,0.0,0.0,0.0,0.0,0.0,0.0,0.0,0.0,0.0,14.72945,0.01182,0,0,0,0,0,0,0,0.0,0.0,0.0,0.0,0.0,0.0,0.0,0,0,0,0
tiledb,node,256,0,cold,window_4096,1024,,,512,5,12.913106998894364,37572608,37572608,37572608,0.085834995,4096,3641,,0.888916015625,,1.1249656687723153,,,,,,2810,68,12231168,8310353920,0.101429,0.03281,0.028149,0.00837,0.00698,12.330236,0.01309,0.0,0.0,0.076518,0.179478,9.35861,0.0,0.080299,0.02479,0.169817,0.01103,2048,1832,1413,1,14656,3751936,3751936,1.32065,0.552312,1.7654,6.19121,0.872617,0.089808,9.28512,1413,34,2,17829328
tiledb,node,256,0,cold,window_4096,1024,,,512,6,12.960996944457293,37564416,37564416,37564416,0.084906591,4096,3622,,0.88427734375,,1.1308669243511873,,,,,,2835,68,12198400,8310185984,0.124528,0.03224,0.034749,0.00877,0.00702,12.355816,0.00845,0.0,0.0,0.08004900000000001,0.173037,9.687426,0.0,0.078799,0.024509,0.176108,0.010219,2048,1816,1415,1,14528,3719168,3719168,1.43062,0.5408109999999999,1.83555,6.26439,1.07815,0.097229,9.62098,1415,34,2,17829328
tiledb,node,256,0,cold,window_4096,1024,,,512,7,14.941336994525045,37228544,37228544,37228544,0.083798221,4096,3640,,0.888671875,,1.1252747252747253,,,,,,2834,68,16908800,8310845440,0.101629,0.032099,0.02833,0.00815,0.00636,8.03882,0.006499,0.0,0.0,0.042099,0.092239,6.612542,0.0,0.047379,0.02152,6.528643,0.01129,1024,912,704,1,7296,1867776,1867776,0.917967,0.413141,1.14154,4.581189999999999,0.546381,0.06368900000000001,6.53986,704,17,1,8914664
tiledb,node,256,0,cold,window_4096,1024,,,512,8,11.085864040069282,36712448,36712448,36712448,0.060587357,4096,3636,,0.8876953125,,1.1265126512651265,,,,,,2812,67,8231424,8308678656,0.116439,0.02975,0.029309,0.00803,0.00483,10.661001,0.0073,0.0,0.0,0.05699,0.096558,8.72095,0.0,0.047679,0.02072,0.055379,0.01074,1024,923,720,1,7384,1890304,1890304,1.0527900000000001,0.43951999999999997,1.32922,6.549250000000001,0.534652,0.060069,8.674090000000001,720,17,1,8914664
tiledb,node,256,0,cold,window_4096,1024,,,512,9,11.993940977845341,36945920,36945920,36945920,0.07330410700000001,4096,3644,,0.8896484375,,1.12403951701427,,,,,,2842,67,12229120,8309403648,0.095628,0.03057,0.027179,0.00878,0.0069,11.41955,0.00874,0.0,0.0,0.075949,0.177257,8.899217,0.0,0.079378,0.02433,0.172587,0.01028,2048,1831,1424,1,14648,3749888,3749888,1.31471,0.460781,1.70436,5.73529,0.953826,0.105718,8.82997,1424,34,2,17829328
tiledb,node,256,0,cold,window_4096,8192,,,512,0,13.64203600678593,37351424,37351424,37351424,0.08186275600000001,32768,14167,,0.432342529296875,,2.3129808710383286,,,,,,1951,68,82389504,8309305344,0.165977,0.0,0.0,0.0083,0.0,0.00021,0.0,0.0,0.0,0.0,0.0,0.0,0.0,0.0,0.0,13.350651,0.017609,0,0,0,0,0,0,0,0.0,0.0,0.0,0.0,0.0,0.0,0.0,0,0,0,0
tiledb,node,256,0,cold,window_4096,8192,,,512,1,13.861383951734751,37158912,37158912,37158912,0.07575538400000001,32768,14213,,0.433746337890625,,2.3054949693942164,,,,,,1879,68,82379264,8308899840,0.166188,0.0,0.0,0.00823,0.0,0.000239,0.0,0.0,0.0,0.0,0.0,0.0,0.0,0.0,0.0,13.571978,0.01748,0,0,0,0,0,0,0,0.0,0.0,0.0,0.0,0.0,0.0,0.0,0,0,0,0
tiledb,node,256,0,cold,window_4096,8192,,,512,2,14.128799026366323,37044224,37044224,37044224,0.0917568,32768,14204,,0.4334716796875,,2.3069557871022246,,,,,,1906,68,82356736,8309485568,0.193097,0.091518,0.02887,0.00858,0.00795,12.203828,0.023919,0.0,0.0,0.059840000000000004,0.124428,9.521947,0.0,0.283095,0.03483,1.153033,0.017049,16384,7093,953,1,56744,14526464,14526464,1.05951,0.440365,1.37866,6.43295,1.18472,0.218077,9.47688,953,34,2,17829328
tiledb,node,256,0,cold,window_4096,8192,,,512,3,13.626647007185966,37523456,37523456,37523456,0.07375302,32768,14142,,0.43157958984375,,2.317069721397256,,,,,,1925,68,82248192,8308887552,0.168438,0.088009,0.02832,0.008449,0.00728,11.709466,0.02859,0.0,0.0,0.044939,0.128898,9.224313,0.0,0.265816,0.033329,1.183002,0.01733,16384,7040,985,1,56320,14417920,14417920,1.0614999999999999,0.446936,1.40575,5.941400000000001,1.20648,0.29557599999999995,9.1757,985,34,3,17829328
tiledb,node,256,0,cold,window_4096,8192,,,512,4,12.447684013750404,37498880,37498880,37498880,0.067481942,32768,14161,,0.432159423828125,,2.3139608784690346,,,,,,1941,68,82276864,8308879360,0.165597,0.0,0.0,0.00813,0.0,0.00023,0.0,0.0,0.0,0.0,0.0,0.0,0.0,0.0,0.0,12.161149,0.016879,0,0,0,0,0,0,0,0.0,0.0,0.0,0.0,0.0,0.0,0.0,0,0,0,0
tiledb,node,256,0,cold,window_4096,8192,,,512,5,11.96319202426821,37306368,37306368,37306368,0.085924551,32768,14159,,0.432098388671875,,2.3142877321844764,,,,,,1930,68,58024448,8308035584,0.162998,0.089919,0.02678,0.00849,0.00709,10.144428,0.004699,0.0,0.0,0.0353,0.062029,8.234297,0.0,0.140128,0.02857,1.200282,0.017719,8192,3564,467,1,28512,7299072,7299072,0.757798,0.33935299999999996,0.912156,6.30696,0.61277,0.17504799999999998,8.207,467,17,1,8914664
tiledb,node,256,0,cold,window_4096,8192,,,512,6,16.358195978682488,37486592,37486592,37486592,0.096736826,32768,14144,,0.431640625,,2.316742081447964,,,,,,1913,68,106686976,8309592064,0.162448,0.075909,0.02707,0.009,0.00846,14.04479,0.032109,0.0,0.0,0.062689,0.180807,10.302587,0.0,0.400284,0.046519,1.440569,0.018989,24576,10621,1426,1,84968,21751808,21751808,1.3073,0.5351899999999999,1.77301,6.21559,1.3965500000000002,0.43989399999999995,10.2322,1426,51,3,26743992
tiledb,node,256,0,cold,window_4096,8192,,,512,7,11.48767804261297,37269504,37269504,37269504,0.055032483,32768,14119,,0.430877685546875,,2.3208442524258093,,,,,,1959,68,57993728,8308158464,0.173367,0.089149,0.026849,0.00871,0.00697,9.997001,0.01509,0.0,0.0,0.039149,0.067269,8.768309,0.0,0.146748,0.028559,0.871197,0.01703,8192,3504,519,1,28032,7176192,7176192,0.9537150000000001,0.42224199999999995,1.11961,6.645370000000001,0.619951,0.15329800000000002,8.73457,519,17,1,8914664
tiledb,node,256,0,cold,window_4096,8192,,,512,8,13.581637002062052,37351424,37351424,37351424,0.077458096,32768,14169,,0.432403564453125,,2.312654386336368,,,,,,1899,68,82315776,8308793344,0.520992,0.0,0.0,0.00813,0.0,0.00026,0.0,0.0,0.0,0.0,0.0,0.0,0.0,0.0,0.0,12.938747,0.01679,0,0,0,0,0,0,0,0.0,0.0,0.0,0.0,0.0,0.0,0.0,0,0,0,0
tiledb,node,256,0,cold,window_4096,8192,,,512,9,14.51746397651732,37433344,37433344,37433344,0.094713161,32768,14168,,0.432373046875,,2.312817617165443,,,,,,1908,68,82338304,8308768768,0.601711,0.087339,0.026749,0.0086,0.0072,9.316421,0.00468,0.0,0.0,0.03868,0.063669,7.804853,0.0,0.140718,0.02816,4.163828,0.01681,8192,3539,490,1,28312,7247872,7247872,0.826418,0.399613,1.01129,5.790069999999999,0.571892,0.202277,7.77401,490,17,1,8914664
tiledb,node,256,0,cold,window_4096,65536,,,512,0,20.961436966899782,37335040,37335040,37335040,0.10876923699999999,262144,16384,,0.0625,,16.0,,,,,,4,68,559415808,8307167232,0.195917,0.084879,0.028889,0.00844,0.00783,10.955217,0.02788,0.0,0.0,0.026599,0.00405,8.491523,0.0,0.330865,0.198667,8.854628,0.176537,131072,8192,2,1,65536,16777216,16777216,0.135518,0.062,0.184227,6.5212200000000005,1.06384,0.526322,8.47523,2,34,2,17829328
tiledb,node,256,0,cold,window_4096,65536,,,512,1,16.538063995540142,37416960,37416960,37416960,0.087723453,262144,16384,,0.0625,,16.0,,,,,,4,68,414188032,8306851840,0.216057,0.080159,0.027749,0.00805,0.00703,8.659261,0.00504,0.0,0.0,0.027709,0.00292,6.76332,0.0,0.161088,0.096298,6.992816,0.183147,65536,4096,1,1,32768,8388608,8388608,0.064289,0.035568999999999996,0.10618899999999999,5.7634,0.437984,0.212617,6.74613,1,17,1,8914664
tiledb,node,256,0,cold,window_4096,65536,,,512,2,19.94853198993951,37453824,37453824,37453824,0.087723434,262144,16384,,0.0625,,16.0,,,,,,4,68,559415808,8308109312,0.191277,0.086359,0.02826,0.00845,0.008099,10.163309,0.02775,0.0,0.0,0.0259,0.00419,8.166408,0.0,0.307155,0.197137,8.661271,0.178097,131072,8192,2,1,65536,16777216,16777216,0.136318,0.067938,0.179288,6.36688,1.08067,0.283266,8.149389999999999,2,34,2,17829328
tiledb,node,256,0,cold,window_4096,65536,,,512,3,18.148199014831334,37371904,37371904,37371904,0.078447468,262144,16384,,0.0625,,16.0,,,,,,4,68,559415808,8308236288,0.181878,0.077909,0.02908,0.00838,0.007189,7.548428,0.00455,0.0,0.0,0.02565,0.00286,6.275936,0.0,0.164337,0.095949,9.747974,0.168538,65536,4096,1,1,32768,8388608,8388608,0.030819,0.00649,0.08852800000000001,5.37035,0.453343,0.175528,6.25954,1,17,1,8914664
tiledb,node,256,0,cold,window_4096,65536,,,512,4,20.27228701626882,37249024,37249024,37249024,0.093945363,262144,16384,,0.0625,,16.0,,,,,,4,68,559415808,8308101120,0.193387,0.086758,0.02962,0.00864,0.00789,10.226187,0.00829,0.0,0.0,0.03314,0.00408,8.04254,0.0,0.305835,0.197737,8.925017,0.175888,131072,8192,2,1,65536,16777216,16777216,0.192377,0.111679,0.236346,6.28649,1.09412,0.192877,8.02505,2,34,2,17829328
tiledb,node,256,0,cold,window_4096,65536,,,512,5,20.25825798045844,37609472,37609472,37609472,0.092949371,262144,16384,,0.0625,,16.0,,,,,,4,68,559415808,8308105216,0.190408,0.087319,0.02895,0.008579,0.00793,10.220008,0.00803,0.0,0.0,0.02608,0.00406,8.164458,0.0,0.307345,0.198667,8.916717,0.178337,131072,8192,2,1,65536,16777216,16777216,0.170908,0.10137800000000001,0.206937,6.42814,1.03622,0.251666,8.147160000000001,2,34,2,17829328
tiledb,node,256,0,cold,window_4096,65536,,,512,6,20.01147100236267,37109760,37109760,37109760,0.090217059,262144,16384,,0.0625,,16.0,,,,,,4,68,559415808,8308084736,0.194767,0.085839,0.028339,0.00838,0.00776,10.126679,0.00751,0.0,0.0,0.025488999999999998,0.00407,8.187228,0.0,0.308385,0.197267,8.761079,0.177358,131072,8192,2,1,65536,16777216,16777216,0.15206799999999998,0.07522999999999999,0.198357,6.176130000000001,1.19869,0.38202400000000003,8.169569999999998,2,34,2,17829328
tiledb,node,256,0,cold,window_4096,65536,,,512,7,20.072119950782508,37355520,37355520,37355520,0.10100220800000001,262144,16384,,0.0625,,16.0,,,,,,4,68,559415808,8308084736,0.195887,0.084559,0.02875,0.00823,0.00787,9.973231,0.033039,0.0,0.0,0.025210000000000003,0.00411,7.974861,0.0,0.306525,0.197827,8.975226,0.176328,131072,8192,2,1,65536,16777216,16777216,0.224747,0.168497,0.27672599999999997,6.00567,1.2273500000000002,0.217177,7.95645,2,34,2,17829328
tiledb,node,256,0,cold,window_4096,65536,,,512,8,17.070695001166314,37146624,37146624,37146624,0.072935263,262144,16384,,0.0625,,16.0,,,,,,4,68,559415808,8308076544,0.183537,0.077599,0.027119,0.00841,0.00724,7.550917,0.00491,0.0,0.0,0.025129,0.00289,6.600802,0.0,0.165588,0.095339,8.670481,0.167458,65536,4096,1,1,32768,8388608,8388608,0.07257899999999999,0.021539000000000003,0.111369,5.5741499999999995,0.5655220000000001,0.137708,6.58401,1,17,1,8914664
tiledb,node,256,0,cold,window_4096,65536,,,512,9,20.539742952678353,37195776,37195776,37195776,0.09417932700000001,262144,16384,,0.0625,,16.0,,,,,,4,68,559415808,8308056064,0.574571,0.084729,0.02911,0.008119,0.00602,10.292627,0.0304,0.0,0.0,0.028639,0.00426,7.987391,0.0,0.311825,0.199627,8.754029,0.176638,131072,8192,2,1,65536,16777216,16777216,0.168038,0.098979,0.234587,5.9597,0.906976,0.627681,7.969,2,34,2,17829328
tiledb,node,256,0,cold,window_65536,1024,,,512,0,136.69248105725273,538877952,538877952,538877952,0.878175229,4096,4062,,0.99169921875,,1.0083702609551946,,,,,,4010,1007,12646912,8311705600,0.191168,0.03453,0.042409,0.01233,0.00765,135.641596,0.00436,0.0,0.0,0.116838,0.241626,109.893581,0.0,0.117979,0.047389,0.222007,0.01497,2048,2035,2010,1,16280,4167680,4167680,1.3751900000000001,0.615635,1.9697099999999998,93.5988,11.7781,0.198477,109.779,2010,503,8,266391136
tiledb,node,256,0,cold,window_65536,1024,,,512,1,128.6579899606295,538202112,538202112,538202112,0.856909199,4096,4056,,0.990234375,,1.009861932938856,,,,,,3995,1012,12636672,8312729600,0.132718,0.032289,0.03958,0.009349,0.00552,127.785694,0.01007,0.0,0.0,0.11596799999999999,0.235147,103.109042,0.0,0.123738,0.049259,0.157077,0.01553,2048,2030,2005,1,16240,4157440,4157440,1.61536,0.691068,2.31969,85.9381,12.4155,0.182778,102.992,2005,506,7,266915528
tiledb,node,256,0,cold,window_65536,1024,,,512,2,158.69343298254535,539377664,539377664,539377664,0.881017359,4096,4066,,0.99267578125,,1.0073782587309394,,,,,,4000,1016,16908800,8313794560,0.204976,0.093919,0.034289,0.00947,0.00729,157.645358,0.01596,0.0,0.0,0.14876699999999998,0.363545,125.409119,0.0,0.159798,0.048369,0.161048,0.01534,3072,3050,2996,1,24400,6246400,6246400,2.5215799999999997,0.879119,3.49465,96.7235,20.0088,0.312475,125.24,2996,762,9,401159880
tiledb,node,256,0,cold,window_65536,1024,,,512,3,131.3093809876591,495030272,495030272,495030272,0.798305442,4096,4061,,0.991455078125,,1.0086185668554544,,,,,,4014,1004,12636672,8313831424,0.287846,0.0,0.0,0.00797,0.0,0.00052,0.0,0.0,0.0,0.0,0.0,0.0,0.0,0.0,0.0,130.69996,0.056259,0,0,0,0,0,0,0,0.0,0.0,0.0,0.0,0.0,0.0,0.0,0,0,0,0
tiledb,node,256,0,cold,window_65536,1024,,,512,4,130.68037998164073,537923584,537923584,537923584,0.851765134,4096,4063,,0.991943359375,,1.008122077282796,,,,,,3989,1005,12651008,8312786944,0.185838,0.0,0.0,0.0097,0.0,0.00096,0.0,0.0,0.0,0.0,0.0,0.0,0.0,0.0,0.0,130.150759,0.036749,0,0,0,0,0,0,0,0.0,0.0,0.0,0.0,0.0,0.0,0.0,0,0,0,0
tiledb,node,256,0,cold,window_65536,1024,,,512,5,129.45062801009044,539262976,539262976,539262976,0.866038886,4096,4066,,0.99267578125,,1.0073782587309394,,,,,,3991,1014,12640768,8312754176,0.144237,0.0,0.0,0.00886,0.0,0.00086,0.0,0.0,0.0,0.0,0.0,0.0,0.0,0.0,0.0,128.964026,0.035719,0,0,0,0,0,0,0,0.0,0.0,0.0,0.0,0.0,0.0,0.0,0,0,0,0
tiledb,node,256,0,cold,window_65536,1024,,,512,6,140.86813799804077,539590656,539590656,539590656,0.8940654490000001,4096,4064,,0.9921875,,1.0078740157480315,,,,,,3991,1011,12642816,8311672832,0.215006,0.03512,0.041299,0.00933,0.0071,139.932392,0.00952,0.0,0.0,0.11249800000000001,0.234916,116.527762,0.0,0.119518,0.04753,0.138578,0.01534,2048,2033,1992,1,16264,4163584,4163584,1.53328,0.6197210000000001,2.17338,99.8839,11.9547,0.168058,116.435,1992,507,7,267439920
tiledb,node,256,0,cold,window_65536,1024,,,512,7,137.6195570337586,537612288,537612288,537612288,0.8171854390000001,4096,4069,,0.993408203125,,1.0066355369869746,,,,,,4004,1008,12651008,8311705600,0.201997,0.03482,0.041939,0.00901,0.00711,136.596322,0.00391,0.0,0.0,0.11301900000000001,0.239416,112.61676,0.0,0.123438,0.05133,0.218467,0.016199,2048,2037,2002,1,16296,4171776,4171776,1.44173,0.597743,1.96095,96.4565,11.8008,0.181657,112.496,2002,503,9,265342352
tiledb,node,256,0,cold,window_65536,1024,,,512,8,142.8866979549639,538300416,538300416,538300416,0.851494903,4096,4062,,0.99169921875,,1.0083702609551946,,,,,,3989,1005,12636672,8311717888,0.166897,0.034209,0.0409,0.00975,0.00731,100.938644,0.00264,0.0,0.0,0.103609,0.135878,87.608693,0.0,0.071639,0.037169,41.281114,0.015829,1024,1017,999,1,8136,2082816,2082816,1.16245,0.454325,1.47753,79.0298,5.8249699999999995,0.102588,87.54299999999999,999,250,4,132671176
tiledb,node,256,0,cold,window_65536,1024,,,512,9,144.0502210170962,537870336,537870336,537870336,0.861622831,4096,4073,,0.994384765625,,1.005646943285048,,,,,,4003,1012,16908800,8313827328,0.203327,0.101849,0.036759,0.00938,0.00534,142.896008,0.01898,0.0,0.0,0.170817,0.390224,111.807972,0.0,0.159728,0.050629,0.259466,0.01557,3072,3054,3000,1,24432,6254592,6254592,2.23528,0.834566,3.18449,87.3497,17.3931,0.254776,111.626,3000,760,9,400111096
tiledb,node,256,0,cold,window_65536,8192,,,512,0,135.26783196721226,489717760,489717760,489717760,0.931454088,32768,30805,,0.940093994140625,,1.06372342152248,,,,,,27252,1028,99361280,8365412352,0.209837,0.0,0.0,0.01075,0.0,0.00091,0.0,0.0,0.0,0.0,0.0,0.0,0.0,0.0,0.0,134.766459,0.02436,0,0,0,0,0,0,0,0.0,0.0,0.0,0.0,0.0,0.0,0.0,0,0,0,0
tiledb,node,256,0,cold,window_65536,8192,,,512,1,138.26832798076794,540512256,540512256,540512256,0.967612198,32768,30786,,0.93951416015625,,1.0643799129474436,,,,,,27198,1028,99353088,8342073344,0.206037,0.092529,0.037249,0.00972,0.00952,135.711825,0.01826,0.0,0.0,0.342455,1.529138,107.88873,0.0,0.599721,0.058659,1.202792,0.022369,16384,15392,13582,1,123136,31522816,31522816,5.08893,2.59556,8.12455,81.32430000000001,11.758700000000001,0.605911,107.489,13582,514,4,269537488
tiledb,node,256,0,cold,window_65536,8192,,,512,2,167.8530960343778,540782592,540782592,540782592,1.103365137,32768,30757,,0.938629150390625,,1.06538348993725,,,,,,27096,1028,132207104,8351678464,0.200967,0.0,0.0,0.00994,0.0,0.00085,0.0,0.0,0.0,0.0,0.0,0.0,0.0,0.0,0.0,167.227785,0.063179,0,0,0,0,0,0,0,0.0,0.0,0.0,0.0,0.0,0.0,0.0,0,0,0,0
tiledb,node,256,0,cold,window_65536,8192,,,512,3,163.46797096775845,540844032,540844032,540844032,1.14275069,32768,30775,,0.939178466796875,,1.0647603574329814,,,,,,27218,1028,132239872,8369111040,0.237796,0.077359,0.035869,0.00952,0.00895,160.300959,0.02133,0.0,0.0,0.517632,2.234367,127.632746,0.0,0.875907,0.074928,1.493558,0.020779,24576,23098,20430,1,184784,47304704,47304704,10.4162,3.9304400000000004,15.708599999999999,80.1904,18.892599999999998,0.9769850000000001,127.04499999999999,20430,771,6,404306232
tiledb,node,256,0,cold,window_65536,8192,,,512,4,144.96223797323182,540569600,540569600,540569600,1.018842407,32768,30823,,0.940643310546875,,1.0631022288550758,,,,,,27323,1028,99406336,8366809088,0.198207,0.095299,0.036509,0.00953,0.00928,142.365886,0.058659,0.0,0.0,0.451493,1.547977,113.388108,0.0,0.602721,0.056669,1.205862,0.021769,16384,15405,13663,1,123240,31549440,31549440,5.371510000000001,2.5653799999999998,8.695,85.9531,11.7556,0.66251,112.988,13663,514,4,269537488
tiledb,node,256,0,cold,window_65536,8192,,,512,5,164.83587998664007,540712960,540712960,540712960,1.1440336910000002,32768,30803,,0.940032958984375,,1.0637924877447003,,,,,,27123,1028,132266496,8375705600,0.202757,0.077959,0.03651,0.009399,0.01061,161.714288,0.082479,0.0,0.0,0.452134,2.205357,123.33735,0.0,0.877917,0.065829,1.489867,0.02355,24576,23111,20368,1,184888,47331328,47331328,8.593150000000001,3.80624,13.914299999999999,80.4157,16.4439,0.928286,122.91000000000001,20368,771,6,404306232
tiledb,node,256,0,cold,window_65536,8192,,,512,6,164.11124099977314,540618752,540618752,540618752,1.093032521,32768,30827,,0.940765380859375,,1.0629642845557465,,,,,,27278,1028,132266496,8358711296,0.294456,0.093359,0.03423,0.013649,0.00624,105.446537,0.03703,0.0,0.0,0.300186,0.745908,89.724891,0.0,0.319205,0.05093,57.544842,0.022799,8192,7716,6798,1,61728,15802368,15802368,3.9558299999999997,1.73084,5.71334,74.8438,6.56802,0.32109499999999996,89.48440000000001,6798,257,2,134768744
tiledb,node,256,0,cold,window_65536,8192,,,512,7,140.38795605301857,540856320,540856320,540856320,0.997775157,32768,30720,,0.9375,,1.0666666666666667,,,,,,27171,1028,99363328,8358330368,0.406894,0.093058,0.03613,0.00872,0.00941,137.677986,0.014459,0.0,0.0,0.34840499999999996,1.528857,110.961895,0.0,0.600411,0.058989,1.233732,0.022159,16384,15397,13609,1,123176,31533056,31533056,4.31869,1.90745,7.103800000000001,85.0176,12.220099999999999,0.6328199999999999,110.625,13609,514,4,269537488
tiledb,node,256,0,cold,window_65536,8192,,,512,8,136.53297303244472,540512256,540512256,540512256,0.977013618,32768,30797,,0.939849853515625,,1.0639997402344383,,,,,,27099,1028,99377664,8340910080,0.240786,0.092368,0.03751,0.00923,0.00935,134.195157,0.014659,0.0,0.0,0.339545,1.507757,106.791037,0.0,0.605391,0.05899,0.938186,0.02204,16384,15404,13582,1,123232,31547392,31547392,4.93734,2.52814,8.06027,80.09349999999999,12.022599999999999,0.630011,106.46799999999999,13582,514,4,269537488
tiledb,node,256,0,cold,window_65536,8192,,,512,9,142.73110101930797,540807168,540807168,540807168,1.007721157,32768,30842,,0.94122314453125,,1.0624473121068672,,,,,,27185,1028,99465728,8340918272,0.65096,0.108348,0.03706,0.010109,0.00766,139.714166,0.0143,0.0,0.0,0.33771500000000004,1.510837,112.61644,0.0,0.600551,0.056989,1.198372,0.022609,16384,15447,13599,1,123576,31635456,31635456,4.92854,2.54006,8.060740000000001,85.3925,12.498199999999999,0.659771,112.265,13599,514,4,269537488
tiledb,node,256,0,cold,window_65536,65536,,,512,0,176.6652840306051,540745728,540745728,540745728,1.360462853,262144,165856,,0.6326904296875,,1.580551803974532,,,,,,61164,1028,712583680,8423088128,0.272046,0.090998,0.03812,0.01226,0.019979,163.472772,0.227807,0.0,0.0,0.70839,3.403969,131.39418,0.0,3.040274,0.324005,8.895287,0.180807,131072,82875,30552,1,663000,169728000,169728000,11.8479,5.6009400000000005,19.009600000000002,83.7016,14.3934,2.50101,130.639,30552,514,4,269537488
tiledb,node,256,0,cold,window_65536,65536,,,512,1,159.27563299192116,540598272,540598272,540598272,1.156601431,262144,165959,,0.6330833435058594,,1.579570857862484,,,,,,60814,1028,712618496,8390975488,0.389574,0.091699,0.03708,0.009419,0.0184,145.955823,0.070459,0.0,0.0,0.645461,3.496948,114.828286,0.0,3.022124,0.325566,8.975106,0.184997,131072,82998,30457,1,663984,169979904,169979904,7.882409999999999,3.9489099999999997,13.781699999999999,76.5071,10.855,2.2495700000000003,114.205,30457,514,4,269537488
tiledb,node,256,0,cold,window_65536,65536,,,512,2,164.3178680096753,540692480,540692480,540692480,1.182343399,262144,165848,,0.632659912109375,,1.580628044956828,,,,,,60850,1028,712507904,8391290880,0.285916,0.091738,0.03969,0.01575,0.020189,151.135796,0.066399,0.0,0.0,0.6460309999999999,3.513577,119.756483,0.0,3.019885,0.324565,8.864878,0.180997,131072,82817,30510,1,662536,169609216,169609216,9.14806,4.97696,15.891700000000002,78.45299999999999,11.7795,2.26314,119.12,30510,514,4,269537488
tiledb,node,256,0,cold,window_65536,65536,,,512,3,137.20813300460577,540733440,540733440,540733440,1.0917143089999999,262144,166012,,0.6332855224609375,,1.5790665735007108,,,,,,60943,1028,491092480,8372379648,0.290816,0.084168,0.03859,0.01046,0.013439,127.761374,0.03704,0.0,0.0,0.359215,1.744063,105.834231,0.0,1.550887,0.172578,6.768099,0.186757,65536,41458,15281,1,331664,84905984,84905984,5.83389,2.96052,9.3042,83.2621,7.89336,1.3853900000000001,105.515,15281,257,2,134768744
tiledb,node,256,0,cold,window_65536,65536,,,512,4,162.66079398337752,540614656,540614656,540614656,1.232120451,262144,165653,,0.6319160461425781,,1.5824886962505962,,,,,,61016,1028,712317440,8390901760,0.271716,0.091858,0.03771,0.01145,0.019829,149.573529,0.282406,0.0,0.0,0.66681,3.136674,119.709554,0.0,3.017025,0.325635,8.799709,0.181367,131072,82851,30470,1,662808,169678848,169678848,11.6234,5.60415,18.198099999999997,74.1798,13.597299999999999,2.1905900000000003,118.931,30470,514,4,269537488
tiledb,node,256,0,cold,window_65536,65536,,,512,5,162.49071602942422,540704768,540704768,540704768,1.186151045,262144,165510,,0.6313705444335938,,1.5838559603649327,,,,,,61220,1028,712319488,8391331840,0.274086,0.090999,0.037719,0.01039,0.01961,149.48266,0.067429,0.0,0.0,0.638521,3.562347,119.572516,0.0,3.022325,0.327745,8.69822,0.184478,131072,82852,30543,1,662816,169680896,169680896,10.5983,6.27979,17.7711,74.9151,13.304,2.2486300000000004,118.84400000000001,30543,514,4,269537488
tiledb,node,256,0,cold,window_65536,65536,,,512,6,160.49882501829416,540626944,540626944,540626944,1.168512604,262144,165794,,0.6324539184570312,,1.581142864036093,,,,,,61155,1028,712507904,8392650752,0.287156,0.091548,0.03846,0.01139,0.019549,147.436901,0.074159,0.0,0.0,0.738439,3.287751,119.079113,0.0,3.023755,0.327215,8.74227,0.182677,131072,82920,30640,1,663360,169820160,169820160,10.8193,4.488759999999999,18.6225,71.499,12.007,2.14682,118.29,30640,514,4,269537488
tiledb,node,256,0,cold,window_65536,65536,,,512,7,176.05801299214363,540114944,540114944,540114944,1.298420839,262144,165392,,0.63092041015625,,1.5849859727193576,,,,,,60775,1027,712507904,8428158976,0.268816,0.090749,0.038039,0.01028,0.01956,162.773432,0.289676,0.0,0.0,0.66952,3.154223,133.004356,0.0,3.094123,0.490533,8.76372,0.181267,131072,82505,30426,1,660040,168970240,168970240,12.177999999999999,5.75831,19.2412,83.057,13.4878,2.05741,132.208,30426,513,4,269013096
tiledb,node,256,0,cold,window_65536,65536,,,512,8,157.45298098772764,540901376,540901376,540901376,1.183255356,262144,165709,,0.6321296691894531,,1.5819539071504867,,,,,,60901,1028,712507904,8409010176,0.220447,0.083288,0.03766,0.01163,0.013029,122.559912,0.03324,0.0,0.0,0.494413,1.625005,101.342778,0.0,1.527477,0.169578,32.325928,0.171547,65536,41383,15227,1,331064,84752384,84752384,6.16767,3.2554,10.3359,78.1292,6.48958,1.6421000000000001,100.89099999999999,15227,257,2,134768744
tiledb,node,256,0,cold,window_65536,65536,,,512,9,210.62226797221228,540405760,540405760,540405760,1.5132966190000001,262144,165707,,0.6321220397949219,,1.5819730005370927,,,,,,61063,1028,934060544,8433459200,0.244016,0.094458,0.03724,0.0098,0.025529,193.541473,0.167948,0.0,0.0,1.098014,4.862907,152.554174,0.0,4.507093,0.484162,11.167903,0.179837,196608,124308,45789,1,994464,254582784,254582784,21.2193,8.96167,34.1098,70.3217,19.2764,3.00972,151.479,45789,771,6,404306232
tiledb,node,256,0,warm,random,1024,,,512,0,523.0232069734484,0,0,0,11.21032472,4096,4095,,0.999755859375,,1.0002442002442002,,,,,,4095,4062,8514560,8311418880,0.146858,0.70776,0.044739,0.01273,0.00767,521.449121,0.01399,0.0,0.0,0.11607799999999999,0.160067,429.784729,0.0,0.090778,0.046689,0.126138,0.0158,1042,1042,1041,1,8336,2134016,2134016,1.8567,0.760996,2.36768,290.615,31.2477,0.256616,429.70799999999997,1041,1010,302,3919305808
tiledb,node,256,0,warm,random,1024,,,512,1,529.7018080018461,0,0,0,11.364326649999999,4096,4096,,1.0,,1.0,,,,,,4096,4057,8498176,8311492608,0.130088,0.033299,0.03983,0.009959,0.00696,493.546357,0.00895,0.0,0.0,0.09669900000000001,0.123978,341.601364,0.0,0.089039,0.045089,35.457531,0.015449,1006,1006,1005,1,8048,2060288,2060288,1.0908,0.49350399999999994,1.49417,259.59700000000004,26.0746,0.223477,341.537,1005,980,303,3941330272
tiledb,node,256,0,warm,random,1024,,,512,2,521.0490670287982,0,0,0,11.386062774,4096,4095,,0.999755859375,,1.0002442002442002,,,,,,4095,4068,8600576,8311578624,0.124738,0.03345,0.040769,0.00951,0.00645,495.960621,0.00328,0.0,0.0,0.096798,0.133448,342.52662,0.0,0.081679,0.041849,24.404286,0.01505,1004,1004,1004,1,8032,2056192,2056192,1.25635,0.625964,1.67042,261.394,26.4164,0.236706,342.464,1004,980,297,3920878984
tiledb,node,256,0,warm,random,1024,,,512,3,531.9534540176392,0,0,0,11.367337046,4096,4096,,1.0,,1.0,,,,,,4096,4067,8465408,8311627776,0.178807,0.034259,0.04158,0.009909,0.00737,504.644092,0.0072,0.0,0.0,0.095289,0.142198,400.465105,0.0,0.088678,0.04481,26.516684,0.01571,1030,1030,1028,1,8240,2109440,2109440,1.63398,0.719459,2.11143,271.065,26.6575,0.20916700000000002,400.39000000000004,1028,1004,298,3933988784
tiledb,node,256,0,warm,random,1024,,,512,4,528.9410590194166,0,0,0,11.412353871,4096,4096,,1.0,,1.0,,,,,,4096,4060,8522752,8311398400,0.201797,0.03278,0.039519,0.01037,0.00524,516.411665,0.01371,0.0,0.0,0.09912900000000001,0.142297,362.322694,0.0,0.088639,0.046489,11.755414,0.01596,1044,1044,1044,1,8352,2138112,2138112,1.53502,0.672048,1.9909099999999997,272.676,27.241999999999997,0.234957,362.25600000000003,1044,1017,304,4023659816
tiledb,node,256,0,warm,random,1024,,,512,5,527.3584430105984,0,0,0,11.373164166999999,4096,4096,,1.0,,1.0,,,,,,4096,4071,8563712,8311414784,0.146108,0.033379,0.0408,0.00934,0.00711,512.187528,0.003329,0.0,0.0,0.099289,0.153968,353.690173,0.0,0.087969,0.051249,14.445405,0.01376,1054,1054,1054,1,8432,2158592,2158592,1.5545,0.675561,2.07682,267.79900000000004,27.4495,0.254646,353.619,1054,1024,304,4001635352
tiledb,node,256,0,warm,random,1024,,,512,6,528.0900510260835,0,0,0,11.396468456000001,4096,4096,,1.0,,1.0,,,,,,4096,4062,8565760,8311422976,0.125298,0.03497,0.041349,0.0152,0.00631,527.255144,0.00737,0.0,0.0,0.11021800000000001,0.151238,439.093469,0.0,0.090019,0.044879,0.126448,0.01598,1040,1040,1040,1,8320,2129920,2129920,1.96771,0.9203749999999999,2.5018800000000003,297.54999999999995,30.4354,0.214637,439.016,1040,1015,305,4019989072
tiledb,node,256,0,warm,random,1024,,,512,7,539.1257269657217,0,0,0,11.553444778,4096,4096,,1.0,,1.0,,,,,,4095,4065,8539136,8311394304,0.130628,0.033419,0.04098,0.01014,0.00618,508.185868,0.006849,0.0,0.0,0.102979,0.144428,356.187886,0.0,0.094949,0.045399,30.227929,0.0154,1048,1048,1048,1,8384,2146304,2146304,1.48102,0.632572,1.9441199999999998,269.489,26.8791,0.22192699999999999,356.119,1048,1014,309,4016842720
tiledb,node,256,0,warm,random,1024,,,512,8,558.8964420021512,0,0,0,11.776167601000001,4096,4096,,1.0,,1.0,,,,,,4096,4066,8625152,8311353344,0.131558,0.0331,0.041049,0.00962,0.00715,504.925807,0.00778,0.0,0.0,0.108818,0.128328,352.950825,0.0,0.084989,0.043799,53.262146,0.015349,1022,1022,1021,1,8176,2093056,2093056,1.32423,0.590005,1.7765199999999999,266.87,26.6926,0.236957,352.879,1021,989,302,4019989072
tiledb,node,256,0,warm,random,1024,,,512,9,525.0525269657373,0,0,0,11.290809318,4096,4096,,1.0,,1.0,,,,,,4096,4064,8637440,8311537664,0.122998,0.051599,0.043069,0.00905,0.00708,524.17525,0.00752,0.0,0.0,0.10672799999999999,0.143758,450.088755,0.0,0.089849,0.046699,0.126258,0.01602,1036,1036,1036,1,8288,2121728,2121728,1.59073,0.6888610000000001,2.0319499999999997,305.34299999999996,27.5334,0.21668600000000002,450.016,1036,1000,301,3810756664
tiledb,node,256,0,warm,random,8192,,,512,0,677.5893809972331,0,0,0,17.153632462,32768,32755,,0.999603271484375,,1.0003968859716075,,,,,,32736,30786,67732480,8346513408,0.205457,0.091569,0.03709,0.013249,0.00885,615.767524,0.03989,0.0,0.0,0.250796,0.962536,448.45894,0.0,0.345885,0.055289,60.569236,0.061479,8245,8232,8214,1,65856,16859136,16859136,4.235659999999999,1.95151,6.86087,295.054,164.131,2.29727,448.26,8214,6450,401,7831794520
tiledb,node,256,0,warm,random,8192,,,512,1,607.2437500115484,0,0,0,16.336583068,32768,32756,,0.9996337890625,,1.0003663450970814,,,,,,32741,30768,67911168,8344010752,0.246817,0.095629,0.037519,0.0099,0.00801,605.466617,0.03197,0.0,0.0,0.242286,0.940366,517.685547,0.0,0.345325,0.054849,0.62204,0.02267,8296,8285,8267,1,66280,16967680,16967680,4.91662,2.14818,7.82706,336.358,180.576,2.3906,517.482,8267,6487,402,7882136152
tiledb,node,256,0,warm,random,8192,,,512,2,653.2923330087215,0,0,0,16.568380310000002,32768,32755,,0.999603271484375,,1.0003968859716075,,,,,,32742,30831,67993088,8344203264,0.239827,0.093918,0.03619,0.00959,0.006129,651.5793,0.02937,0.0,0.0,0.251156,0.899687,567.71291,0.0,0.340815,0.052719,0.576422,0.021429,8198,8184,8165,1,65472,16760832,16760832,3.9710099999999997,1.97927,6.86668,360.15000000000003,169.494,2.12932,567.515,8165,6493,401,7839136008
tiledb,node,256,0,warm,random,8192,,,512,3,689.9854160146788,0,0,0,16.612061039,32768,32764,,0.9998779296875,,1.0001220852154804,,,,,,32746,30786,67921408,8344342528,0.224536,0.095709,0.049719,0.00942,0.00815,688.222282,0.031039,0.0,0.0,0.23249599999999998,0.904387,625.946842,0.0,0.342975,0.056169,0.614511,0.02272,8194,8190,8173,1,65520,16773120,16773120,3.5113499999999997,1.78233,6.29099,436.579,150.705,2.0611,625.688,8173,6492,401,7871123920
tiledb,node,256,0,warm,random,8192,,,512,4,630.1970080239698,0,0,0,16.917428311000002,32768,32757,,0.999664306640625,,1.0003358060872485,,,,,,32746,30766,67695616,8344522752,0.226226,0.093419,0.035529,0.01015,0.00892,628.486944,0.00943,0.0,0.0,0.24148599999999998,0.842118,515.4538,0.0,0.341544,0.05377,0.584261,0.02152,8187,8179,8162,1,65432,16750592,16750592,4.557300000000001,2.30892,7.60752,321.368,170.849,2.5604400000000003,515.19,8162,6391,404,7871648312
tiledb,node,256,0,warm,random,8192,,,512,5,620.9636150160804,0,0,0,16.551415795,32768,32755,,0.999603271484375,,1.0003968859716075,,,,,,32745,30774,67773952,8346804224,0.205017,0.093179,0.038709,0.01031,0.00816,619.227812,0.00911,0.0,0.0,0.236486,0.919767,534.400618,0.0,0.343084,0.05349,0.623461,0.022799,8263,8251,8234,1,66008,16898048,16898048,4.721839999999999,1.9788700000000001,7.66285,335.17,153.19299999999998,2.56302,534.202,8234,6500,402,7896819128
tiledb,node,256,0,warm,random,8192,,,512,6,637.4953789636493,0,0,0,17.374817523,32768,32761,,0.999786376953125,,1.0002136686914318,,,,,,32749,30784,67986944,8344813568,0.223987,0.094399,0.035629,0.00887,0.00831,635.768745,0.00974,0.0,0.0,0.23727700000000002,0.904786,533.045127,0.0,0.337195,0.053749,0.608991,0.019859,8122,8119,8109,1,64952,16627712,16627712,4.0402700000000005,2.02256,6.950729999999999,342.086,182.573,2.6603999999999997,532.841,8109,6442,405,7903636224
tiledb,node,256,0,warm,random,8192,,,512,7,674.0384539589286,0,0,0,16.794500174,32768,32759,,0.999725341796875,,1.0002747336609787,,,,,,32739,30755,67814912,8344907776,0.270656,0.092279,0.035409,0.00976,0.00701,672.378659,0.00955,0.0,0.0,0.23478699999999997,0.895996,607.136692,0.0,0.341605,0.055389,0.485543,0.02262,8162,8157,8138,1,65256,16705536,16705536,3.44762,1.75583,6.176830000000001,422.59000000000003,147.137,2.2077,606.935,8138,6440,403,7886331288
tiledb,node,256,0,warm,random,8192,,,512,8,631.212082982529,0,0,0,17.003682372,32768,32760,,0.999755859375,,1.0002442002442002,,,,,,32742,30702,67857920,8344645632,0.230807,0.092169,0.042959,0.00998,0.00823,629.456199,0.00984,0.0,0.0,0.235406,0.920096,542.122942,0.0,0.341735,0.056019,0.607931,0.022709,8194,8189,8168,1,65512,16771072,16771072,3.29833,1.5377699999999999,6.02265,337.69100000000003,160.572,2.54224,541.918,8168,6446,402,7884758112
tiledb,node,256,0,warm,random,8192,,,512,9,670.3455789829604,0,0,0,16.647617461,32768,32763,,0.999847412109375,,1.0001526111772425,,,,,,32736,30890,67913216,8347611136,0.204927,0.099428,0.03779,0.010709,0.00857,580.786216,0.032,0.0,0.0,0.237516,0.985055,460.655198,0.0,0.346574,0.128088,88.351882,0.022059,8293,8289,8272,1,66312,16975872,16975872,4.94327,2.2154800000000003,7.89135,290.743,145.435,2.5838699999999997,460.44800000000004,8272,6523,403,7881087368
tiledb,node,256,0,warm,random,65536,,,512,0,1264.0401520184241,0,0,0,33.514762826,262144,261627,,0.9980278015136719,,1.0019760957393542,,,,,,260583,165439,540722688,8596500480,0.722779,0.087369,0.040269,0.01382,0.01678,1256.846109,0.216936,0.0,0.0,1.307679,6.692551,1180.733705,0.0,2.393514,0.206437,3.150103,0.178268,65873,65324,64261,1,522592,133783552,133783552,20.125400000000003,12.083,37.3616,226.473,412.562,13.8462,1179.49,64261,16085,202,8497772360
tiledb,node,256,0,warm,random,65536,,,512,1,1301.280035986565,0,0,0,34.033894040999996,262144,261609,,0.9979591369628906,,1.0020450366768727,,,,,,260581,165709,540540416,8596430848,0.786679,0.084309,0.037299,0.01148,0.01672,1274.744132,0.053079,0.0,0.0,1.2756910000000001,6.807108,1178.787764,0.0,2.393525,0.210636,22.455445,0.184247,65843,65333,64278,1,522664,133801984,133801984,18.741899999999998,10.587,36.267399999999995,292.329,447.193,11.084399999999999,1177.53,64278,16081,191,8504065064
tiledb,node,256,0,warm,random,65536,,,512,2,1307.6866409974173,0,0,0,34.582478111,262144,261642,,0.9980850219726562,,1.0019186522041568,,,,,,260678,165881,540638208,8598147072,0.281425,0.084199,0.037179,0.01036,0.01741,1301.02773,0.051869,0.0,0.0,1.800393,6.421144,1216.415823,0.0,2.364805,0.265976,3.131754,0.178147,65661,65130,64100,1,521040,133386240,133386240,21.8261,12.9331,39.8162,292.206,430.152,11.6617,1214.66,64100,16083,186,8505638240
tiledb,node,256,0,warm,random,65536,,,512,3,1285.8029669732787,0,0,0,34.27729112,262144,261637,,0.9980659484863281,,1.0019377993173748,,,,,,260688,165768,540825600,8597823488,0.281476,0.087578,0.04036,0.01091,0.016989,1279.133887,0.055309,0.0,0.0,1.284351,6.846118,1192.353811,0.0,2.378675,0.271835,3.116443,0.179818,65922,65436,64446,1,523488,134012928,134012928,21.5225,12.6737,39.2697,271.90999999999997,390.183,17.8682,1191.0700000000002,64446,16098,191,8505638240
tiledb,node,256,0,warm,random,65536,,,512,4,1313.2830169633962,0,0,0,34.221422946,262144,261619,,0.9979972839355469,,1.0020067349848443,,,,,,260580,165843,539924992,8597577728,0.256476,0.087118,0.03718,0.01111,0.016629,1306.752555,0.05504,0.0,0.0,1.280071,6.833468,1234.749109,0.0,2.367365,0.189087,3.099764,0.177197,65451,64937,63984,1,519496,132990976,132990976,22.1877,12.673,41.630100000000006,261.745,359.417,23.4586,1233.5100000000002,63984,16064,206,8496723576
tiledb,node,256,0,warm,random,65536,,,512,5,1249.2894119932316,0,0,0,33.748618118,262144,261647,,0.9981040954589844,,1.0018995058227307,,,,,,260634,165636,540025856,8597852160,0.266486,0.084559,0.038599,0.0115,0.01624,1242.594492,0.058359,0.0,0.0,1.242331,6.406614,1153.463472,0.0,2.379314,0.206437,3.139193,0.181257,65438,64926,63897,1,519408,132968448,132968448,21.2778,13.4717,39.1726,236.684,387.89099999999996,17.7568,1152.24,63897,16110,191,8504065064
tiledb,node,256,0,warm,random,65536,,,512,6,1315.0303809670731,0,0,0,33.991493661,262144,261607,,0.9979515075683594,,1.0020526973666606,,,,,,260609,165752,540325888,8597553152,0.296535,0.084349,0.039119,0.01001,0.01861,1308.466799,0.052649,0.0,0.0,1.283451,6.920666,1221.136472,0.0,2.372194,0.190678,3.085024,0.179227,65744,65227,64247,1,521816,133584896,133584896,21.3658,13.063500000000001,39.3656,262.832,430.539,18.2591,1219.88,64247,16113,178,8511930944
tiledb,node,256,0,warm,random,65536,,,512,7,1329.3512880336493,0,0,0,34.826702395,262144,261597,,0.9979133605957031,,1.0020910025726595,,,,,,260572,165807,540128256,8597565440,0.329275,0.086409,0.036289,0.01149,0.01471,1322.738436,0.054489,0.0,0.0,1.305651,6.769969,1238.474963,0.0,2.364504,0.189238,3.123553,0.179598,65589,65085,64054,1,520680,133294080,133294080,20.758300000000002,11.572799999999999,38.5587,265.375,418.255,17.258599999999998,1236.9099999999999,64054,16082,195,8501443104
tiledb,node,256,0,warm,random,65536,,,512,8,1320.999312971253,0,0,0,35.009112617,262144,261629,,0.9980354309082031,,1.0019684362207553,,,,,,260622,165795,540251136,8598581248,0.281686,0.084648,0.03897,0.01019,0.016519,1314.390381,0.05534,0.0,0.0,1.294381,6.899147,1225.868701,0.0,2.371875,0.198377,3.120024,0.180727,65416,64908,63934,1,519264,132931584,132931584,21.9816,12.2901,39.7665,262.2,423.922,18.593700000000002,1224.6,63934,16049,201,8496199184
tiledb,node,256,0,warm,random,65536,,,512,9,1320.9451329894364,0,0,0,33.934264601,262144,261633,,0.9980506896972656,,1.0019531175348675,,,,,,260582,166024,540017664,8598192128,0.316116,0.085679,0.038109,0.01103,0.01701,1248.897688,0.054189,0.0,0.0,1.3052810000000001,6.744199,1162.566016,0.0,2.383015,0.204646,68.36127,0.224766,65498,65008,63960,1,520064,133136384,133136384,19.4496,10.953,36.9754,247.534,459.374,9.44843,1161.29,63960,16082,194,8501443104
tiledb,node,256,0,warm,window_256,1024,,,512,0,2.8110980056226254,0,0,0,0.015622625,4096,1002,,0.24462890625,,4.087824351297405,,,,,,25,8,12149248,8312651776,0.134118,0.03209,0.030089,0.00872,0.00714,1.036444,0.0015,0.0,0.0,0.029669,0.00248,0.71197,0.0,0.02129,0.01948,1.418178,0.00923,1024,254,3,1,2032,520192,520192,0.22177699999999997,0.096319,0.262016,0.208557,0.101598,0.03555,0.6942699999999999,3,2,1,1048784
tiledb,node,256,0,warm,window_256,1024,,,512,1,2.1237279870547354,0,0,0,0.013102567,4096,1009,,0.246337890625,,4.059464816650149,,,,,,18,8,9511424,8312500224,0.107518,0.03166,0.028639,0.00808,0.00603,1.237152,0.00145,0.0,0.0,0.02756,0.00304,0.904436,0.0,0.021249,0.01962,0.548282,0.010559,1024,251,5,1,2008,514048,514048,0.342465,0.155057,0.382505,0.266366,0.108249,0.033419,0.886167,5,2,1,1048784
tiledb,node,256,0,warm,window_256,1024,,,512,2,1.7539429827593267,0,0,0,0.012318537000000001,4096,1007,,0.245849609375,,4.067527308838133,,,,,,20,8,6859264,8312336384,0.119278,0.032469,0.03178,0.0085,0.00605,1.262891,0.00166,0.0,0.0,0.047129,0.00425,0.868667,0.0,0.021089,0.02063,0.138638,0.01076,1024,252,5,1,2016,516096,516096,0.312886,0.14364600000000002,0.34985499999999997,0.24309599999999998,0.11315900000000001,0.030309,0.8443879999999999,5,2,1,1048784
tiledb,node,256,0,warm,window_256,1024,,,512,3,2.207887009717524,0,0,0,0.013015403,4096,1010,,0.24658203125,,4.0554455445544555,,,,,,18,8,9513472,8312328192,0.094289,0.03242,0.030369,0.00848,0.00621,1.662905,0.00477,0.0,0.0,0.032899,0.00493,1.279901,0.0,0.03077,0.025169,0.176048,0.010859,2048,505,9,1,4040,1034240,1034240,0.461593,0.230107,0.5112720000000001,0.40861400000000003,0.177407,0.03631,1.25939,9,4,2,2097568
tiledb,node,256,0,warm,window_256,1024,,,512,4,1.9535110332071781,0,0,0,0.01216954,4096,1007,,0.245849609375,,4.067527308838133,,,,,,20,8,9519616,8312307712,0.101088,0.031959,0.02755,0.00846,0.00683,1.085814,0.0014,0.0,0.0,0.031929,0.00287,0.780359,0.0,0.021299,0.01993,0.530762,0.01089,1024,251,6,1,2008,514048,514048,0.25150599999999995,0.11000700000000001,0.285616,0.238476,0.107088,0.04567,0.763119,6,2,1,1048784
tiledb,node,256,0,warm,window_256,1024,,,512,5,2.2343460004776716,0,0,0,0.0136476,4096,1009,,0.246337890625,,4.059464816650149,,,,,,19,8,9515520,8312295424,0.122748,0.031859,0.02921,0.00825,0.00677,1.695974,0.00179,0.0,0.0,0.029839,0.00442,1.274501,0.0,0.03048,0.02487,0.174068,0.01066,2048,503,11,1,4024,1030144,1030144,0.47242300000000004,0.260016,0.513402,0.422973,0.139218,0.056559,1.25547,11,4,2,2097568
tiledb,node,256,0,warm,window_256,1024,,,512,6,2.176576992496848,0,0,0,0.012499864,4096,1006,,0.24560546875,,4.071570576540755,,,,,,22,8,9505280,8312250368,0.092299,0.03162,0.028109,0.00881,0.00709,1.129093,0.00145,0.0,0.0,0.027280000000000002,0.00299,0.834977,0.0,0.02156,0.01978,0.716219,0.0113,1024,252,5,1,2016,516096,516096,0.298076,0.135637,0.333565,0.261787,0.094248,0.039029,0.8167479999999999,5,2,1,1048784
tiledb,node,256,0,warm,window_256,1024,,,512,7,2.530552970711142,0,0,0,0.014138601,4096,1012,,0.2470703125,,4.047430830039525,,,,,,16,8,12173824,8312233984,0.106168,0.0,0.0,0.00808,0.0,0.00023,0.0,0.0,0.0,0.0,0.0,0.0,0.0,0.0,0.0,2.312075,0.01119,0,0,0,0,0,0,0,0.0,0.0,0.0,0.0,0.0,0.0,0.0,0,0,0,0
tiledb,node,256,0,warm,window_256,1024,,,512,8,2.6622500154189765,0,0,0,0.01491256,4096,1008,,0.24609375,,4.063492063492063,,,,,,19,8,12163584,8312164352,0.091498,0.03153,0.027119,0.00865,0.00463,1.070264,0.00129,0.0,0.0,0.02529,0.00273,0.763558,0.0,0.02092,0.019609,1.269371,0.00897,1024,253,4,1,2024,518144,518144,0.218617,0.090487,0.255167,0.25399700000000003,0.105789,0.027639,0.745939,4,2,1,1048784
tiledb,node,256,0,warm,window_256,1024,,,512,9,2.0539200049825013,0,0,0,0.0122374,4096,1006,,0.24560546875,,4.071570576540755,,,,,,22,8,9507328,8312135680,0.119528,0.031749,0.02738,0.00792,0.0059,1.087913,0.0015,0.0,0.0,0.024789,0.00302,0.805408,0.0,0.02025,0.01976,0.6293,0.01109,1024,252,5,1,2016,516096,516096,0.282546,0.13123,0.32337499999999997,0.243776,0.095069,0.043859,0.787798,5,2,1,1048784
tiledb,node,256,0,warm,window_256,8192,,,512,0,2.4491429794579744,0,0,0,0.01264042,32768,1024,,0.03125,,32.0,,,,,,4,8,68878848,8312451072,0.184877,0.086339,0.026719,0.00825,0.00751,0.880337,0.0015,0.0,0.0,0.02676,0.0018,0.591491,0.0,0.0214,0.027619,1.095194,0.017679,8192,256,1,1,2048,524288,524288,0.08570900000000001,0.043248999999999996,0.140148,0.180067,0.11843799999999999,0.03164,0.574532,1,2,1,1048784
tiledb,node,256,0,warm,window_256,8192,,,512,1,5.09130401769653,0,0,0,0.018838762,32768,1024,,0.03125,,32.0,,,,,,4,8,68878848,8312680448,0.389884,0.085699,0.02898,0.00798,0.00617,1.219721,0.00153,0.0,0.0,0.025648999999999998,0.00249,0.845278,0.0,0.03067,0.031099,3.150673,0.01775,16384,512,2,1,4096,1048576,1048576,0.19308699999999998,0.099289,0.240946,0.276766,0.154917,0.0363,0.8264779999999999,2,4,2,2097568
tiledb,node,256,0,warm,window_256,8192,,,512,2,2.7541990275494754,0,0,0,0.013056083999999999,32768,1024,,0.03125,,32.0,,,,,,4,8,68878848,8312532992,0.480123,0.0,0.0,0.00771,0.0,0.00023,0.0,0.0,0.0,0.0,0.0,0.0,0.0,0.0,0.0,2.170307,0.01615,0,0,0,0,0,0,0,0.0,0.0,0.0,0.0,0.0,0.0,0.0,0,0,0,0
tiledb,node,256,0,warm,window_256,8192,,,512,3,3.0787040013819933,0,0,0,0.014957944,32768,1024,,0.03125,,32.0,,,,,,4,8,68878848,8312659968,0.157557,0.087319,0.029019,0.00799,0.00613,1.441349,0.00448,0.0,0.0,0.02479,0.00218,1.037204,0.0,0.031089,0.03194,1.157682,0.01648,16384,512,2,1,4096,1048576,1048576,0.23544700000000002,0.132968,0.27833600000000003,0.415844,0.169127,0.035519,1.01954,2,4,2,2097568
tiledb,node,256,0,warm,window_256,8192,,,512,4,2.5963509688153863,0,0,0,0.013189069999999999,32768,1024,,0.03125,,32.0,,,,,,4,8,68878848,8312500224,0.159768,0.086119,0.02661,0.00786,0.006099,0.928757,0.00114,0.0,0.0,0.025169999999999998,0.00177,0.626861,0.0,0.021219,0.02666,1.203582,0.01695,8192,256,1,1,2048,524288,524288,0.078749,0.02962,0.121778,0.252526,0.09595899999999999,0.044119000000000005,0.6090610000000001,1,2,1,1048784
tiledb,node,256,0,warm,window_256,8192,,,512,5,3.0239240149967372,0,0,0,0.014210222,32768,1024,,0.03125,,32.0,,,,,,4,8,68878848,8312492032,0.163747,0.087549,0.026749,0.00795,0.00694,1.387919,0.00392,0.0,0.0,0.025079,0.00231,1.008875,0.0,0.03076,0.031189,1.153383,0.01697,16384,512,2,1,4096,1048576,1048576,0.189117,0.088018,0.234587,0.409044,0.175827,0.034440000000000005,0.9910150000000001,2,4,2,2097568
tiledb,node,256,0,warm,window_256,8192,,,512,6,3.0694539891555905,0,0,0,0.015002093000000001,32768,1024,,0.03125,,32.0,,,,,,4,8,86508032,8312619008,0.158858,0.094599,0.02671,0.008239,0.00617,0.922467,0.00133,0.0,0.0,0.025060000000000002,0.00192,0.63706,0.0,0.020729,0.02667,1.677515,0.016769,8192,256,1,1,2048,524288,524288,0.11806799999999999,0.042399,0.153437,0.231907,0.106698,0.03968,0.6189,1,2,1,1048784
tiledb,node,256,0,warm,window_256,8192,,,512,7,3.616655943915248,0,0,0,0.017830963999999998,32768,1024,,0.03125,,32.0,,,,,,4,8,86508032,8312602624,0.159658,0.074569,0.029479,0.00808,0.007,1.697545,0.00191,0.0,0.0,0.02535,0.00255,1.199602,0.0,0.042019,0.03516,1.436329,0.0153,24576,768,3,1,6144,1572864,1572864,0.271966,0.145937,0.314746,0.426414,0.222846,0.081179,1.18225,3,6,3,3146352
tiledb,node,256,0,warm,window_256,8192,,,512,8,2.7347090071998537,0,0,0,0.014790805,32768,1024,,0.03125,,32.0,,,,,,4,8,68878848,8312471552,0.166258,0.085659,0.02676,0.008729,0.00628,1.37065,0.00424,0.0,0.0,0.02529,0.00228,0.982585,0.0,0.03094,0.032779,0.877887,0.01643,16384,512,2,1,4096,1048576,1048576,0.219976,0.123717,0.25578599999999996,0.362205,0.169937,0.05097,0.964655,2,4,2,2097568
tiledb,node,256,0,warm,window_256,8192,,,512,9,2.2953959996812046,0,0,0,0.013460995,32768,1024,,0.03125,,32.0,,,,,,4,8,51249664,8312299520,0.157568,0.085139,0.02764,0.007939,0.00561,0.875237,0.00105,0.0,0.0,0.02462,0.00172,0.583151,0.0,0.02188,0.02867,0.962576,0.01609,8192,256,1,1,2048,524288,524288,0.064109,0.02536,0.093428,0.234427,0.120198,0.032579000000000004,0.565751,1,2,1,1048784
tiledb,node,256,0,warm,window_256,65536,,,512,0,11.111743981018662,0,0,0,0.047638598000000004,262144,1024,,0.00390625,,256.0,,,,,,4,8,822683648,8312647680,0.159758,0.0,0.0,0.00822,0.0,0.0002,0.0,0.0,0.0,0.0,0.0,0.0,0.0,0.0,0.0,10.67755,0.170288,0,0,0,0,0,0,0,0.0,0.0,0.0,0.0,0.0,0.0,0.0,0,0,0,0
tiledb,node,256,0,warm,window_256,65536,,,512,1,8.965305984020233,0,0,0,0.034450068,262144,1024,,0.00390625,,256.0,,,,,,4,8,545830912,8313638912,0.182567,0.077039,0.028649,0.008,0.00597,0.927546,0.00149,0.0,0.0,0.02539,0.00189,0.62096,0.0,0.02319,0.084189,7.339001,0.175987,65536,256,1,1,2048,524288,524288,0.076139,0.050789,0.120809,0.213447,0.121688,0.039129,0.603091,1,2,1,1048784
tiledb,node,256,0,warm,window_256,65536,,,512,2,10.972575983032584,0,0,0,0.037566262999999996,262144,1024,,0.00390625,,256.0,,,,,,4,8,545830912,8313626624,0.182657,0.085209,0.029199,0.00845,0.00716,1.34418,0.00458,0.0,0.0,0.02564,0.002329,0.978606,0.0,0.029219,0.176588,8.814928,0.180357,131072,512,2,1,4096,1048576,1048576,0.187867,0.111168,0.232347,0.41736399999999996,0.153078,0.035769999999999996,0.960466,2,4,2,2097568
tiledb,node,256,0,warm,window_256,65536,,,512,3,10.737840028014034,0,0,0,0.039578333,262144,1024,,0.00390625,,256.0,,,,,,4,8,545830912,8313622528,0.184437,0.084919,0.02932,0.008309,0.00602,1.39167,0.00429,0.0,0.0,0.02476,0.00226,1.006915,0.0,0.031149,0.177497,8.525493,0.182977,131072,512,2,1,4096,1048576,1048576,0.217366,0.128548,0.254106,0.399454,0.155398,0.042789,0.9885149999999999,2,4,2,2097568
tiledb,node,256,0,warm,window_256,65536,,,512,4,9.438470005989075,0,0,0,0.039320275,262144,1024,,0.00390625,,256.0,,,,,,4,8,545830912,8314658816,0.180138,0.084558,0.03005,0.00836,0.00603,1.282481,0.00405,0.0,0.0,0.024589,0.00224,0.895977,0.0,0.040089,0.176767,7.336681,0.179677,131072,512,2,1,4096,1048576,1048576,0.13505799999999998,0.05864,0.178837,0.36786399999999997,0.15387800000000001,0.047759,0.878757,2,4,2,2097568
tiledb,node,256,0,warm,window_256,65536,,,512,5,8.182068006135523,0,0,0,0.031913157,262144,1024,,0.00390625,,256.0,,,,,,4,8,545830912,8313597952,0.174287,0.076869,0.02882,0.00831,0.006329,0.795939,0.00095,0.0,0.0,0.02511,0.00181,0.508362,0.0,0.021149,0.086369,6.69637,0.177367,65536,256,1,1,2048,524288,524288,0.065749,0.042280000000000005,0.10811799999999999,0.199737,0.053159,0.04095,0.490802,1,2,1,1048784
tiledb,node,256,0,warm,window_256,65536,,,512,6,10.96492598298937,0,0,0,0.036080999,262144,1024,,0.00390625,,256.0,,,,,,4,8,545830912,8313577472,0.178967,0.084629,0.028879,0.00826,0.00705,1.241861,0.00529,0.0,0.0,0.02583,0.002339,0.874197,0.0,0.03147,0.178287,8.914407,0.177167,131072,512,2,1,4096,1048576,1048576,0.14595799999999998,0.08074799999999999,0.191277,0.351525,0.15528699999999998,0.04478,0.856177,2,4,2,2097568
tiledb,node,256,0,warm,window_256,65536,,,512,7,11.062955018132925,0,0,0,0.037915369,262144,1024,,0.00390625,,256.0,,,,,,4,8,545830912,8313548800,0.215137,0.085078,0.02888,0.00807,0.00648,1.186832,0.00524,0.0,0.0,0.025509,0.00245,0.846738,0.0,0.03133,0.178257,9.048505,0.175497,131072,512,2,1,4096,1048576,1048576,0.200927,0.106449,0.243916,0.276356,0.16249799999999998,0.036489999999999995,0.8283980000000001,2,4,2,2097568
tiledb,node,256,0,warm,window_256,65536,,,512,8,7.7075749868527055,0,0,0,0.033519648,262144,1024,,0.00390625,,256.0,,,,,,4,8,545830912,8313536512,0.177007,0.075208,0.02728,0.00783,0.00597,0.913716,0.00114,0.0,0.0,0.025119000000000002,0.00179,0.638031,0.0,0.02754,0.083509,6.0963,0.181407,65536,256,1,1,2048,524288,524288,0.094609,0.048729,0.14455800000000002,0.218996,0.10603900000000001,0.041359,0.620291,1,2,1,1048784
tiledb,node,256,0,warm,window_256,65536,,,512,9,7.969761034473777,0,0,0,0.035005092,262144,1024,,0.00390625,,256.0,,,,,,4,8,545830912,8314585088,0.187927,0.084219,0.028149,0.00778,0.00633,1.300921,0.00413,0.0,0.0,0.025269,0.00227,0.921407,0.0,0.031489,0.177927,5.868363,0.165327,131072,512,2,1,4096,1048576,1048576,0.191807,0.091497,0.231657,0.35775500000000005,0.138038,0.045319,0.903687,2,4,2,2097568
tiledb,node,256,0,warm,window_4096,1024,,,512,0,9.376940957736224,0,0,0,0.062317243,4096,3596,,0.8779296875,,1.139043381535039,,,,,,2785,68,12175872,8318595072,0.144648,0.03246,0.028549,0.00876,0.00707,8.848868,0.01263,0.0,0.0,0.072759,0.175587,6.397925,0.0,0.079209,0.02434,0.093569,0.01031,2048,1805,1397,1,14440,3696640,3696640,1.5742200000000002,0.703201,2.05244,2.862,0.976525,0.103309,6.33417,1397,34,2,17829328
tiledb,node,256,0,warm,window_4096,1024,,,512,1,8.866798016242683,0,0,0,0.068115682,4096,3616,,0.8828125,,1.1327433628318584,,,,,,2840,68,12222976,8315981824,0.126008,0.03363,0.032679,0.00877,0.00705,8.252877,0.00878,0.0,0.0,0.086159,0.182747,6.086479,0.0,0.083278,0.02643,0.179527,0.01063,2048,1828,1424,1,14624,3743744,3743744,1.3973499999999999,0.5608190000000001,1.81135,2.83061,0.991795,0.087259,6.02847,1424,34,2,17829328
tiledb,node,256,0,warm,window_4096,1024,,,512,2,9.2754409997724,0,0,0,0.061361927000000004,4096,3608,,0.880859375,,1.1352549889135255,,,,,,2822,68,12173824,8316682240,0.422203,0.03273,0.031909,0.00837,0.00711,8.434174,0.00753,0.0,0.0,0.070498,0.170488,6.154158,0.0,0.078049,0.02389,0.110239,0.01097,2048,1804,1387,1,14432,3694592,3694592,1.2977500000000002,0.515584,1.7219,2.99636,0.963965,0.074879,6.08753,1387,34,2,17829328
tiledb,node,256,0,warm,window_4096,1024,,,512,3,8.871667028870434,0,0,0,0.06316712199999999,4096,3621,,0.884033203125,,1.1311792322562828,,,,,,2839,67,12182016,8315904000,0.107768,0.03193,0.028389,0.0082,0.00704,8.289536,0.00289,0.0,0.0,0.134377,0.178268,6.106449,0.0,0.076169,0.0224,0.175267,0.00924,2048,1808,1414,1,14464,3702784,3702784,1.26447,0.574158,1.74343,2.83812,1.00958,0.107808,6.04425,1414,34,2,17829328
tiledb,node,256,0,warm,window_4096,1024,,,512,4,12.172317947261035,0,0,0,0.075536415,4096,3607,,0.880615234375,,1.1355697255336845,,,,,,2841,67,16908800,8316788736,0.100209,0.0,0.0,0.00805,0.0,0.00019,0.0,0.0,0.0,0.0,0.0,0.0,0.0,0.0,0.0,11.958092,0.01113,0,0,0,0,0,0,0,0.0,0.0,0.0,0.0,0.0,0.0,0.0,0,0,0,0
tiledb,node,256,0,warm,window_4096,1024,,,512,5,9.677226014900953,0,0,0,0.074329674,4096,3641,,0.888916015625,,1.1249656687723153,,,,,,2810,68,12231168,8316608512,0.097849,0.03238,0.028939,0.00849,0.00716,9.097514,0.00866,0.0,0.0,0.071359,0.176247,6.506353,0.0,0.078909,0.02424,0.167757,0.01089,2048,1832,1413,1,14656,3751936,3751936,1.3709099999999999,0.598169,1.8467399999999998,3.0494,1.06157,0.096569,6.43525,1413,34,2,17829328
tiledb,node,256,0,warm,window_4096,1024,,,512,6,9.58874699426815,0,0,0,0.068720591,4096,3622,,0.88427734375,,1.1308669243511873,,,,,,2835,68,12198400,8316456960,0.136748,0.0328,0.030299,0.00864,0.00682,8.976466,0.00784,0.0,0.0,0.080319,0.179407,6.500953,0.0,0.079419,0.02444,0.178957,0.01092,2048,1816,1415,1,14528,3719168,3719168,1.39437,0.572039,1.85399,3.02617,1.1123299999999998,0.07920899999999999,6.431100000000001,1415,34,2,17829328
tiledb,node,256,0,warm,window_4096,1024,,,512,7,12.34739599749446,0,0,0,0.077497971,4096,3640,,0.888671875,,1.1252747252747253,,,,,,2834,68,16908800,8317108224,0.107199,0.032019,0.03066,0.008229,0.00622,4.960016,0.00588,0.0,0.0,0.089129,0.091789,3.824173,0.0,0.04432,0.019649,7.012386,0.01112,1024,912,704,1,7296,1867776,1867776,0.946576,0.42510699999999996,1.18242,1.78557,0.5692619999999999,0.052108999999999996,3.79059,704,17,1,8914664
tiledb,node,256,0,warm,window_4096,1024,,,512,8,6.3412360032089055,0,0,0,0.05617229,4096,3636,,0.8876953125,,1.1265126512651265,,,,,,2812,67,8231424,8314875904,0.116538,0.031839,0.03091,0.008199,0.00613,5.911792,0.00583,0.0,0.0,0.051460000000000006,0.095998,4.405854,0.0,0.0473,0.020559,0.054819,0.01072,1024,923,720,1,7384,1890304,1890304,1.13236,0.496771,1.3948,2.08954,0.579621,0.06362899999999999,4.36509,720,17,1,8914664
tiledb,node,256,0,warm,window_4096,1024,,,512,9,9.427479992154986,0,0,0,0.067356516,4096,3644,,0.8896484375,,1.12403951701427,,,,,,2842,67,12229120,8315609088,0.096239,0.031219,0.02753,0.00901,0.00511,8.854847,0.008739,0.0,0.0,0.07375000000000001,0.179727,6.508432,0.0,0.079729,0.02484,0.170337,0.01077,2048,1831,1424,1,14648,3749888,3749888,1.50422,0.6208910000000001,1.95329,2.9213899999999997,1.10128,0.092808,6.4398800000000005,1424,34,2,17829328
tiledb,node,256,0,warm,window_4096,8192,,,512,0,10.124249034561217,0,0,0,0.06936845,32768,14167,,0.432342529296875,,2.3129808710383286,,,,,,1951,68,82389504,8315535360,0.162067,0.0,0.0,0.00813,0.0,0.00022,0.0,0.0,0.0,0.0,0.0,0.0,0.0,0.0,0.0,9.839863,0.01641,0,0,0,0,0,0,0,0.0,0.0,0.0,0.0,0.0,0.0,0.0,0,0,0,0
tiledb,node,256,0,warm,window_4096,8192,,,512,1,9.094125009141862,0,0,0,0.061598479,32768,14213,,0.433746337890625,,2.3054949693942164,,,,,,1879,68,82379264,8315129856,0.167398,0.0,0.0,0.008159,0.0,0.00025,0.0,0.0,0.0,0.0,0.0,0.0,0.0,0.0,0.0,8.802369,0.01681,0,0,0,0,0,0,0,0.0,0.0,0.0,0.0,0.0,0.0,0.0,0,0,0,0
tiledb,node,256,0,warm,window_4096,8192,,,512,2,11.088704981375486,0,0,0,0.077279762,32768,14204,,0.4334716796875,,2.3069557871022246,,,,,,1906,68,82356736,8315736064,0.197077,0.089589,0.02786,0.00875,0.007459,9.177623,0.02583,0.0,0.0,0.054949,0.120958,6.504753,0.0,0.269016,0.03443,1.152903,0.015309,16384,7093,953,1,56744,14526464,14526464,1.12882,0.498383,1.46353,3.10301,1.31713,0.253406,6.45579,953,34,2,17829328
tiledb,node,256,0,warm,window_4096,8192,,,512,3,10.318926011677831,0,0,0,0.072465714,32768,14142,,0.43157958984375,,2.317069721397256,,,,,,1925,68,82248192,8315109376,0.570531,0.090279,0.027049,0.00885,0.00729,7.997241,0.03076,0.0,0.0,0.056818999999999995,0.123528,6.01078,0.0,0.264956,0.032559,1.179953,0.016529,16384,7040,985,1,56320,14417920,14417920,1.15496,0.48996100000000004,1.5252,2.71106,1.1992699999999998,0.210607,5.9700500000000005,985,34,3,17829328
tiledb,node,256,0,warm,window_4096,8192,,,512,4,9.565917018335313,0,0,0,0.063936644,32768,14161,,0.432159423828125,,2.3139608784690346,,,,,,1941,68,82276864,8315109376,0.159007,0.0,0.0,0.00791,0.0,0.00025,0.0,0.0,0.0,0.0,0.0,0.0,0.0,0.0,0.0,9.281662,0.016879,0,0,0,0,0,0,0,0.0,0.0,0.0,0.0,0.0,0.0,0.0,0,0,0,0
tiledb,node,256,0,warm,window_4096,8192,,,512,5,7.372350024525076,0,0,0,0.066246974,32768,14159,,0.432098388671875,,2.3142877321844764,,,,,,1930,68,58024448,8314286080,0.160787,0.089179,0.027699,0.00855,0.00558,5.050125,0.00459,0.0,0.0,0.035599,0.061049,3.730275,0.0,0.141198,0.029259,1.728034,0.01689,8192,3564,467,1,28512,7299072,7299072,0.781258,0.335518,0.962885,1.73831,0.568581,0.194057,3.6761,467,17,1,8914664
tiledb,node,256,0,warm,window_4096,8192,,,512,6,13.542587985284626,0,0,0,0.087238699,32768,14144,,0.431640625,,2.316742081447964,,,,,,1913,68,106686976,8315842560,0.170717,0.075139,0.02776,0.009419,0.00919,11.230023,0.0334,0.0,0.0,0.075389,0.183497,7.975631,0.0,0.396724,0.044589,1.442508,0.01743,24576,10621,1426,1,84968,21751808,21751808,1.50296,0.631648,2.01618,3.66789,1.34534,0.425464,7.9051599999999995,1426,51,3,26743992
tiledb,node,256,0,warm,window_4096,8192,,,512,7,7.700524991378188,0,0,0,0.068078606,32768,14119,,0.430877685546875,,2.3208442524258093,,,,,,1959,68,57993728,8314376192,0.163267,0.087739,0.026869,0.00879,0.00704,5.819673,0.00522,0.0,0.0,0.037399,0.072139,4.507083,0.0,0.136538,0.02706,1.284351,0.014999,8192,3504,519,1,28032,7176192,7176192,0.998395,0.42958599999999997,1.2093500000000001,1.69939,1.0434299999999999,0.25708699999999995,4.47044,519,17,1,8914664
tiledb,node,256,0,warm,window_4096,8192,,,512,8,9.555896976962686,0,0,0,0.062679856,32768,14169,,0.432403564453125,,2.312654386336368,,,,,,1899,68,82315776,8315043840,0.158847,0.0,0.0,0.0081,0.0,0.00021,0.0,0.0,0.0,0.0,0.0,0.0,0.0,0.0,0.0,9.276592,0.016099,0,0,0,0,0,0,0,0.0,0.0,0.0,0.0,0.0,0.0,0.0,0,0,0,0
tiledb,node,256,0,warm,window_4096,8192,,,512,9,10.076829988975078,0,0,0,0.071793017,32768,14168,,0.432373046875,,2.312817617165443,,,,,,1908,68,82338304,8315031552,0.170248,0.091958,0.02908,0.00821,0.00747,8.132058,0.00699,0.0,0.0,0.04568,0.119948,6.01003,0.0,0.268596,0.03233,1.203282,0.016959,16384,7084,943,1,56672,14508032,14508032,1.09555,0.5165890000000001,1.44975,2.94082,1.0271,0.226586,5.9723500000000005,943,34,2,17829328
tiledb,node,256,0,warm,window_4096,65536,,,512,0,16.572752967476845,0,0,0,0.089068973,262144,16384,,0.0625,,16.0,,,,,,4,68,559415808,8309215232,0.184467,0.085279,0.028689,0.00842,0.00808,6.527943,0.02907,0.0,0.0,0.024809,0.004,4.588322,0.0,0.307685,0.196877,8.934947,0.174197,131072,8192,2,1,65536,16777216,16777216,0.130228,0.065918,0.184617,2.7548999999999997,0.950276,0.459343,4.57151,2,34,2,17829328
tiledb,node,256,0,warm,window_4096,65536,,,512,1,12.208468047901988,0,0,0,0.075108279,262144,16384,,0.0625,,16.0,,,,,,4,68,414188032,8308912128,0.190187,0.081379,0.033509,0.00818,0.00716,4.421424,0.00482,0.0,0.0,0.043409,0.00528,3.175853,0.0,0.185977,0.096009,6.894797,0.181667,65536,4096,1,1,32768,8388608,8388608,0.076279,0.0264,0.113068,1.8378999999999999,0.741739,0.234196,3.1529000000000003,1,17,1,8914664
tiledb,node,256,0,warm,window_4096,65536,,,512,2,16.61559200147167,0,0,0,0.084014833,262144,16384,,0.0625,,16.0,,,,,,4,68,559415808,8310169600,0.203207,0.084439,0.02744,0.0081,0.006179,6.817089,0.03017,0.0,0.0,0.02606,0.004069,4.986296,0.0,0.306535,0.196077,8.672191,0.178437,131072,8192,2,1,65536,16777216,16777216,0.131968,0.070728,0.176038,2.79998,1.16005,0.594301,4.969130000000001,2,34,2,17829328
tiledb,node,256,0,warm,window_4096,65536,,,512,3,13.866603025235236,0,0,0,0.065432751,262144,16384,,0.0625,,16.0,,,,,,4,68,559415808,8310292480,0.182717,0.077839,0.02834,0.008169,0.00732,3.767754,0.00463,0.0,0.0,0.02561,0.00289,2.824418,0.0,0.160288,0.094658,9.256122,0.166688,65536,4096,1,1,32768,8388608,8388608,0.031409,0.00743,0.07052900000000001,1.8495899999999998,0.507143,0.16841699999999998,2.80692,1,17,1,8914664
tiledb,node,256,0,warm,window_4096,65536,,,512,4,16.841528995428234,0,0,0,0.080050822,262144,16384,,0.0625,,16.0,,,,,,4,68,559415808,8310169600,0.192187,0.086229,0.028899,0.0082,0.00794,6.794669,0.00822,0.0,0.0,0.02572,0.004109,4.803119,0.0,0.306555,0.199097,8.926697,0.177137,131072,8192,2,1,65536,16777216,16777216,0.199517,0.114568,0.251226,3.02601,1.00155,0.258376,4.786099999999999,2,34,2,17829328
tiledb,node,256,0,warm,window_4096,65536,,,512,5,16.529652988538146,0,0,0,0.075004027,262144,16384,,0.0625,,16.0,,,,,,4,68,559415808,8310161408,0.196027,0.086819,0.02862,0.00817,0.008099,6.483604,0.00835,0.0,0.0,0.02608,0.00415,4.65478,0.0,0.306315,0.199497,8.920997,0.177857,131072,8192,2,1,65536,16777216,16777216,0.224096,0.11462800000000001,0.269046,2.8625,1.03129,0.21203699999999998,4.6377,2,34,2,17829328
tiledb,node,256,0,warm,window_4096,65536,,,512,6,16.35127601912245,0,0,0,0.073681082,262144,16384,,0.0625,,16.0,,,,,,4,68,559415808,8310165504,0.199047,0.085939,0.028049,0.00834,0.00779,6.439134,0.00799,0.0,0.0,0.025160000000000002,0.00413,4.596691,0.0,0.308006,0.197067,8.786098,0.176228,131072,8192,2,1,65536,16777216,16777216,0.14491800000000002,0.059878,0.212867,2.9602500000000003,0.907517,0.26586600000000005,4.579940000000001,2,34,2,17829328
tiledb,node,256,0,warm,window_4096,65536,,,512,7,16.963646980002522,0,0,0,0.079168014,262144,16384,,0.0625,,16.0,,,,,,4,68,559415808,8310157312,0.195807,0.085739,0.028699,0.00859,0.00794,6.855208,0.029519,0.0,0.0,0.02521,0.00409,4.933996,0.0,0.306435,0.196777,8.986166,0.177327,131072,8192,2,1,65536,16777216,16777216,0.181377,0.103169,0.240286,3.0141500000000003,1.0878,0.29525500000000005,4.91697,2,34,2,17829328
tiledb,node,256,0,warm,window_4096,65536,,,512,8,13.737745000980794,0,0,0,0.06673162099999999,262144,16384,,0.0625,,16.0,,,,,,4,68,559415808,8310153216,0.179977,0.078309,0.027169,0.0084,0.00715,4.153018,0.00526,0.0,0.0,0.02537,0.00277,2.985665,0.0,0.159108,0.095298,8.74512,0.168237,65536,4096,1,1,32768,8388608,8388608,0.064139,0.038089,0.118229,2.02162,0.48705200000000004,0.121439,2.96759,1,17,1,8914664
tiledb,node,256,0,warm,window_4096,65536,,,512,9,16.62494201445952,0,0,0,0.08107914,262144,16384,,0.0625,,16.0,,,,,,4,68,559415808,8310153216,0.209086,0.084929,0.029039,0.00799,0.00791,6.766449,0.03178,0.0,0.0,0.026469,0.00424,4.67833,0.0,0.311276,0.198377,8.731149,0.176358,131072,8192,2,1,65536,16777216,16777216,0.187167,0.113268,0.239116,2.93033,1.02428,0.226906,4.6610000000000005,2,34,2,17829328
tiledb,node,256,0,warm,window_65536,1024,,,512,0,74.21346299815923,0,0,0,0.668252642,4096,4062,,0.99169921875,,1.0083702609551946,,,,,,4010,1007,12646912,8313802752,0.165448,0.03518,0.039169,0.01183,0.0078,73.183308,0.00385,0.0,0.0,0.106928,0.253656,50.902851,0.0,0.119068,0.04691,0.221767,0.015239,2048,2035,2010,1,16280,4167680,4167680,1.5929,0.72295,2.23368,32.6282,13.3418,0.22705699999999998,50.8023,2010,503,8,266391136
tiledb,node,256,0,warm,window_65536,1024,,,512,1,70.14904299285263,0,0,0,0.666763673,4096,4056,,0.990234375,,1.009861932938856,,,,,,3995,1012,12636672,8314834944,0.198227,0.0,0.0,0.00906,0.0,0.00088,0.0,0.0,0.0,0.0,0.0,0.0,0.0,0.0,0.0,69.66664,0.01877,0,0,0,0,0,0,0,0.0,0.0,0.0,0.0,0.0,0.0,0.0,0,0,0,0
tiledb,node,256,0,warm,window_65536,1024,,,512,2,100.58910900261253,0,0,0,0.799570108,4096,4066,,0.99267578125,,1.0073782587309394,,,,,,4000,1016,16908800,8315908096,0.197927,0.03469,0.041569,0.00963,0.00746,43.230255,0.00386,0.0,0.0,0.104118,0.132478,29.209765,0.0,0.084219,0.041939,56.609985,0.0162,1024,1016,1004,1,8128,2080768,2080768,1.18841,0.459243,1.50979,19.727999999999998,6.61189,0.115888,29.1468,1004,254,3,133195568
tiledb,node,256,0,warm,window_65536,1024,,,512,3,67.91896704817191,0,0,0,0.704168708,4096,4061,,0.991455078125,,1.0086185668554544,,,,,,4014,1004,12636672,8315924480,0.64535,0.035169,0.04169,0.00934,0.00707,64.129093,0.013039,0.0,0.0,0.127978,0.251877,41.929974,0.0,0.118718,0.047959,2.559561,0.01518,2048,2024,1992,1,16192,4145152,4145152,1.55436,0.6376080000000001,2.14318,26.705,10.940399999999999,0.182238,41.831100000000006,1992,425,6,223915384
tiledb,node,256,0,warm,window_65536,1024,,,512,4,71.57990196719766,0,0,0,0.67785127,4096,4063,,0.991943359375,,1.008122077282796,,,,,,3989,1005,12651008,8314884096,0.119588,0.035879,0.043689,0.01068,0.00702,70.750245,0.01401,0.0,0.0,0.169327,0.299996,47.233075,0.0,0.119358,0.049079,0.136928,0.01449,2048,2037,2001,1,16296,4171776,4171776,1.70389,0.661141,2.37286,28.625700000000002,13.5489,0.184617,47.1299,2001,504,6,266915528
tiledb,node,256,0,warm,window_65536,1024,,,512,5,71.35757501237094,0,0,0,0.6634521879999999,4096,4066,,0.99267578125,,1.0073782587309394,,,,,,3991,1014,12640768,8314798080,0.320965,0.034379,0.03992,0.009919,0.00749,70.286152,0.01699,0.0,0.0,0.143348,0.289876,48.166011,0.0,0.118428,0.049499,0.219027,0.01555,2048,2032,1997,1,16256,4161536,4161536,1.70631,0.766247,2.33748,29.708,13.4076,0.184587,48.0799,1997,507,6,266915528
tiledb,node,256,0,warm,window_65536,1024,,,512,6,75.33670600969344,0,0,0,0.6640339630000001,4096,4064,,0.9921875,,1.0078740157480315,,,,,,3991,1011,12642816,8313765888,0.158878,0.03478,0.039459,0.01094,0.00568,74.42744,0.00882,0.0,0.0,0.14179799999999998,0.253916,51.60252,0.0,0.123638,0.048309,0.138087,0.01565,2048,2033,1992,1,16264,4163584,4163584,1.6562700000000001,0.70345,2.32287,34.8611,11.9087,0.185887,51.4984,1992,507,7,267439920
tiledb,node,256,0,warm,window_65536,1024,,,512,7,71.22805702965707,0,0,0,0.677674499,4096,4069,,0.993408203125,,1.0066355369869746,,,,,,4004,1008,12651008,8313749504,0.217776,0.03521,0.041629,0.0092,0.00753,70.188352,0.0041,0.0,0.0,0.115198,0.242727,46.859261,0.0,0.122739,0.049889,0.217437,0.01554,2048,2037,2002,1,16296,4171776,4171776,1.44034,0.624012,2.0018499999999997,29.0528,13.2498,0.180357,46.7044,2002,503,9,265342352
tiledb,node,256,0,warm,window_65536,1024,,,512,8,76.11505495151505,0,0,0,0.641574314,4096,4062,,0.99169921875,,1.0083702609551946,,,,,,3989,1005,12636672,8313729024,0.183277,0.03343,0.041959,0.0099,0.0073,40.730902,0.00281,0.0,0.0,0.103458,0.136538,26.235349,0.0,0.080499,0.043339,34.650993,0.016699,1024,1017,999,1,8136,2082816,2082816,1.21251,0.482321,1.54983,17.1004,6.19049,0.104958,26.1659,999,250,4,132671176
tiledb,node,256,0,warm,window_65536,1024,,,512,9,93.8747189939022,0,0,0,0.800635557,4096,4073,,0.994384765625,,1.005646943285048,,,,,,4003,1012,16908800,8315785216,0.129928,0.099969,0.037889,0.01052,0.00735,92.756016,0.02079,0.0,0.0,0.185717,0.392785,61.024479,0.0,0.159607,0.0511,0.261666,0.01533,3072,3054,3000,1,24432,6254592,6254592,2.36515,0.895264,3.36558,34.7103,19.046899999999997,0.272626,60.8604,3000,760,9,400111096
tiledb,node,256,0,warm,window_65536,8192,,,512,0,85.98761697066948,0,0,0,0.748773362,32768,30805,,0.940093994140625,,1.06372342152248,,,,,,27252,1028,99361280,8370667520,0.225206,0.093669,0.035659,0.01256,0.01015,83.914228,0.061359,0.0,0.0,0.380755,1.383049,56.30217,0.0,0.604501,0.067179,0.66374,0.02184,16384,15396,13636,1,123168,31531008,31531008,6.07846,2.86247,9.74766,25.5223,12.9581,0.753259,55.8501,13636,514,4,269537488
tiledb,node,256,0,warm,window_65536,8192,,,512,1,94.49687995947897,0,0,0,0.786165311,32768,30786,,0.93951416015625,,1.0643799129474436,,,,,,27198,1028,99353088,8348024832,0.196718,0.093499,0.036799,0.01007,0.00936,91.954108,0.0185,0.0,0.0,0.347954,1.529148,66.234462,0.0,0.596871,0.056769,1.198302,0.02315,16384,15392,13582,1,123136,31522816,31522816,5.41925,2.83474,9.09254,36.4193,13.2444,0.630241,65.4103,13582,514,4,269537488
tiledb,node,256,0,warm,window_65536,8192,,,512,2,119.1032929928042,0,0,0,0.871222949,32768,30757,,0.938629150390625,,1.06538348993725,,,,,,27096,1028,132207104,8356909056,0.260896,0.093398,0.03776,0.009809,0.00793,52.267241,0.00888,0.0,0.0,0.265656,0.775398,36.596894,0.0,0.318695,0.051489,65.70303,0.02308,8192,7675,6759,1,61400,15718400,15718400,3.095,1.1837099999999998,4.67619,23.5901,5.78853,0.321145,36.3804,6759,257,2,134768744
tiledb,node,256,0,warm,window_65536,8192,,,512,3,131.5427270019427,0,0,0,1.051025691,32768,30775,,0.939178466796875,,1.0647603574329814,,,,,,27218,1028,132239872,8374161408,0.236707,0.078059,0.03758,0.009219,0.01077,128.415954,0.0209,0.0,0.0,0.5548120000000001,2.145398,93.570304,0.0,0.876807,0.075339,1.487167,0.02268,24576,23098,20430,1,184784,47304704,47304704,9.89342,3.72236,15.736400000000001,45.9116,19.021900000000002,0.945236,92.8794,20430,771,6,404306232
tiledb,node,256,0,warm,window_65536,8192,,,512,4,93.16968999337405,0,0,0,0.8342562560000001,32768,30823,,0.940643310546875,,1.0631022288550758,,,,,,27323,1028,99406336,8371851264,0.7177,0.093949,0.038359,0.0102,0.00944,90.106486,0.064069,0.0,0.0,0.419303,1.543647,61.471823,0.0,0.605251,0.058379,1.205322,0.02021,16384,15418,13660,1,123344,31576064,31576064,5.507899999999999,2.0004799999999996,8.459940000000001,32.995999999999995,13.1014,0.73428,61.1481,13660,514,4,269537488
tiledb,node,256,0,warm,window_65536,8192,,,512,5,129.8749329871498,0,0,0,1.0456701050000001,32768,30803,,0.940032958984375,,1.0637924877447003,,,,,,27123,1028,132266496,8380563456,0.220027,0.077849,0.037009,0.00988,0.01083,126.731699,0.079759,0.0,0.0,0.490313,2.199317,92.171235,0.0,0.877197,0.065609,1.495218,0.02196,24576,23111,20368,1,184888,47331328,47331328,9.223550000000001,4.3647,14.8255,45.7179,18.8406,0.950286,91.6778,20368,771,6,404306232
tiledb,node,256,0,warm,window_65536,8192,,,512,6,125.35585003206506,0,0,0,0.944224666,32768,30827,,0.940765380859375,,1.0629642845557465,,,,,,27278,1028,132266496,8363937792,0.287985,0.092309,0.036279,0.00989,0.00811,54.573906,0.037159,0.0,0.0,0.294466,0.748219,39.220895,0.0,0.319315,0.052229,69.620392,0.024559,8192,7716,6798,1,61728,15802368,15802368,3.72539,1.62622,5.42279,25.28,5.85249,0.369244,38.972500000000004,6798,257,2,134768744
tiledb,node,256,0,warm,window_65536,8192,,,512,7,92.79452596092597,0,0,0,0.820191626,32768,30720,,0.9375,,1.0666666666666667,,,,,,27171,1028,99363328,8363466752,0.251147,0.093769,0.036849,0.01046,0.00967,90.159845,0.01556,0.0,0.0,0.392954,1.617206,63.089659,0.0,0.603321,0.058619,1.228172,0.02268,16384,15397,13609,1,123176,31533056,31533056,4.9387,2.26332,8.18253,34.6616,13.5923,0.598951,62.762499999999996,13609,514,4,269537488
tiledb,node,256,0,warm,window_65536,8192,,,512,8,89.97396798804402,0,0,0,0.79434878,32768,30797,,0.939849853515625,,1.0639997402344383,,,,,,27099,1028,99377664,8346329088,0.191917,0.093519,0.036079,0.01005,0.00808,87.693372,0.01442,0.0,0.0,0.344145,1.549767,61.714159,0.0,0.601501,0.057769,0.928576,0.02333,16384,15404,13582,1,123232,31547392,31547392,5.36645,2.58153,8.84535,34.2883,11.8418,0.608631,61.379000000000005,13582,514,4,269537488
tiledb,node,256,0,warm,window_65536,8192,,,512,9,95.88516998337582,0,0,0,0.800102955,32768,30842,,0.94122314453125,,1.0624473121068672,,,,,,27185,1028,99465728,8346312704,0.216157,0.093299,0.036809,0.00921,0.00919,93.296008,0.0154,0.0,0.0,0.345966,1.556626,66.916202,0.0,0.602801,0.059209,1.209912,0.022759,16384,15447,13599,1,123576,31635456,31635456,5.3252999999999995,2.69333,8.922609999999999,37.7298,13.1892,0.605141,66.2655,13599,514,4,269537488
tiledb,node,256,0,warm,window_65536,65536,,,512,0,126.2259769719094,0,0,0,1.133890954,262144,165856,,0.6326904296875,,1.580551803974532,,,,,,61164,1028,712583680,8425988096,0.257906,0.090399,0.037969,0.01129,0.02008,112.339984,0.072239,0.0,0.0,0.7224889999999999,3.35854,81.15598,0.0,3.021925,0.324085,9.643596,0.175388,131072,82875,30552,1,663000,169728000,169728000,11.427100000000001,4.96031,18.5778,36.007799999999996,12.8167,2.21198,80.4487,30552,514,4,269537488
tiledb,node,256,0,warm,window_65536,65536,,,512,1,114.90082601085305,0,0,0,0.951465262,262144,165959,,0.6330833435058594,,1.579570857862484,,,,,,60814,1028,712618496,8394559488,0.223687,0.090699,0.039909,0.01035,0.02089,101.686323,0.071999,0.0,0.0,0.67471,3.503858,71.326716,0.0,3.026265,0.324335,8.962496,0.187878,131072,82998,30457,1,663984,169979904,169979904,8.97737,4.49453,16.290200000000002,28.7092,13.0016,2.10244,70.67089999999999,30457,514,4,269537488
tiledb,node,256,0,warm,window_65536,65536,,,512,2,123.59750596806407,0,0,0,1.021397826,262144,165848,,0.632659912109375,,1.580628044956828,,,,,,60850,1028,712507904,8394866688,0.298315,0.094249,0.038859,0.01065,0.01981,110.369723,0.067179,0.0,0.0,0.65727,3.491558,79.894038,0.0,3.016675,0.322165,8.904458,0.184177,131072,82817,30510,1,662536,169609216,169609216,9.763869999999999,5.4183900000000005,16.883100000000002,36.6354,12.844700000000001,2.11721,79.1408,30510,514,4,269537488
tiledb,node,256,0,warm,window_65536,65536,,,512,3,81.18158899014816,0,0,0,0.847686465,262144,166012,,0.6332855224609375,,1.5790665735007108,,,,,,60943,1028,491092480,8376369152,0.309466,0.085079,0.038029,0.01119,0.01285,71.666621,0.037059,0.0,0.0,0.506822,1.690885,48.423848,0.0,1.535287,0.171527,6.828408,0.186377,65536,41458,15281,1,331664,84905984,84905984,6.06297,3.16358,9.82499,26.3308,6.75801,1.17449,48.0986,15281,257,2,134768744
tiledb,node,256,0,warm,window_65536,65536,,,512,4,122.03209998551756,0,0,0,1.017967984,262144,165653,,0.6319160461425781,,1.5824886962505962,,,,,,61016,1028,712317440,8394600448,0.719949,0.091878,0.03927,0.0108,0.019699,108.471282,0.283126,0.0,0.0,0.67306,3.159192,79.057541,0.0,3.017015,0.324825,8.821678,0.182797,131072,82851,30470,1,662808,169678848,169678848,11.0824,5.29847,18.036099999999998,35.8577,11.7596,2.07961,78.216,30470,514,4,269537488
tiledb,node,256,0,warm,window_65536,65536,,,512,5,122.6431800168939,0,0,0,1.026912851,262144,165510,,0.6313705444335938,,1.5838559603649327,,,,,,61220,1028,712319488,8395010048,0.283446,0.089629,0.036969,0.01033,0.01795,109.676443,0.068169,0.0,0.0,0.65924,3.560837,79.546253,0.0,3.019135,0.324915,8.662221,0.186767,131072,82852,30543,1,662816,169680896,169680896,10.1335,6.05346,17.2754,36.9429,12.0139,2.0733800000000002,78.9016,30543,514,4,269537488
tiledb,node,256,0,warm,window_65536,65536,,,512,6,123.21099202381447,0,0,0,1.01140963,262144,165794,,0.6324539184570312,,1.581142864036093,,,,,,61155,1028,712507904,8395984896,0.309935,0.090209,0.037359,0.00968,0.02041,110.162426,0.198587,0.0,0.0,0.67841,3.261511,79.10299,0.0,3.020325,0.323235,8.73119,0.180228,131072,82920,30640,1,663360,169820160,169820160,11.6316,5.36814,19.4753,27.602,13.9649,2.51587,78.26429999999999,30640,514,4,269537488
tiledb,node,256,0,warm,window_65536,65536,,,512,7,124.17688802815974,0,0,0,1.106907352,262144,165392,,0.63092041015625,,1.5849859727193576,,,,,,60775,1027,712507904,8430739456,0.228357,0.089989,0.038439,0.01321,0.01947,111.116112,0.294005,0.0,0.0,0.683489,3.159573,80.052686,0.0,3.015655,0.321065,8.796418,0.181408,131072,82505,30426,1,660040,168970240,168970240,11.320200000000002,5.46038,18.411199999999997,34.676899999999996,13.342,2.0689699999999998,79.23310000000001,30426,513,4,269013096
tiledb,node,256,0,warm,window_65536,65536,,,512,8,118.77624795306474,0,0,0,0.981362508,262144,165709,,0.6321296691894531,,1.5819539071504867,,,,,,60901,1028,712507904,8412188672,0.217727,0.083159,0.037629,0.01079,0.01294,60.468578,0.040929,0.0,0.0,0.504763,1.638315,44.717442,0.0,1.536607,0.176267,55.66703,0.189887,65536,41383,15227,1,331064,84752384,84752384,5.6791100000000005,2.98908,9.488430000000001,22.9953,6.4228000000000005,1.33581,44.2685,15227,257,2,134768744
tiledb,node,256,0,warm,window_65536,65536,,,512,9,166.34238802362233,0,0,0,1.294659201,262144,165707,,0.6321220397949219,,1.5819730005370927,,,,,,61063,1028,934060544,8436535296,0.315575,0.098178,0.03567,0.01059,0.023839,149.188795,0.165068,0.0,0.0,1.224732,5.481938,114.123587,0.0,4.505132,0.483293,11.163194,0.181617,196608,124308,45789,1,994464,254582784,254582784,20.395400000000002,8.325040000000001,33.6504,34.8101,16.8044,3.5009300000000003,112.928,45789,771,6,404306232
tiledb,node,4096,0,cold,random,1024,,,512,0,3796.8138760188594,22115680256,22115680256,22115680256,11.49772012,4096,4095,,0.999755859375,,1.0002442002442002,,,,,,4095,3659,8514560,8304513024,0.353954,0.033959,0.04222,0.01351,0.007639,3745.222576,0.0112,0.0,0.0,0.12462799999999999,0.160268,3662.191315,0.0,0.091109,0.045199,50.574525,0.0163,1042,1042,1041,1,8336,2134016,2134016,1.58671,0.66947,2.01037,3630.5,139.08200000000002,0.542341,3662.12,1041,660,243,5537500320
tiledb,node,4096,0,cold,random,1024,,,512,1,3763.607741042506,22003228672,22003228672,22003228672,12.026179018,4096,4096,,1.0,,1.0,,,,,,4096,3621,8498176,8304615424,0.366374,0.034769,0.04177,0.00891,0.00717,3762.485748,0.006989,0.0,0.0,0.107409,0.145638,3670.437611,0.0,0.089679,0.110878,0.121648,0.01331,1034,1034,1034,1,8272,2117632,2117632,1.54288,0.725768,1.9512500000000002,3635.15,151.508,0.532881,3670.3700000000003,1034,647,246,5428428344
tiledb,node,4096,0,cold,random,1024,,,512,2,3775.558624009136,22171312128,22171312128,22171312128,11.667564721,4096,4095,,0.999755859375,,1.0002442002442002,,,,,,4095,3611,8600576,8304652288,0.347725,0.039179,0.042779,0.01087,0.00707,3414.909104,0.00886,0.0,0.0,0.11657799999999999,0.130798,3359.841005,0.0,0.097898,0.04563,359.663194,0.02815,993,993,993,1,7944,2033664,2033664,1.35992,0.557353,1.79069,3327.8500000000004,124.91199999999999,0.545372,3359.77,993,606,252,5084432112
tiledb,node,4096,0,cold,random,1024,,,512,3,3772.3990599624813,21930229760,21930229760,21930229760,11.682941298,4096,4096,,1.0,,1.0,,,,,,4096,3634,8465408,8304680960,0.323215,0.03431,0.041039,0.00962,0.0052,3771.301977,0.00744,0.0,0.0,0.115038,0.133818,3696.880717,0.0,0.090649,0.122148,0.122738,0.01543,1020,1020,1020,1,8160,2088960,2088960,1.43356,0.6963199999999999,1.9073600000000002,3634.98,147.76600000000002,0.578042,3696.82,1020,644,243,5403257888
tiledb,node,4096,0,cold,random,1024,,,512,4,3767.9424670059234,21905543168,21905543168,21905543168,12.05425117,4096,4096,,1.0,,1.0,,,,,,4096,3603,8522752,8304713728,1.006535,0.033109,0.0416,0.009229,0.00661,3723.156465,0.00713,0.0,0.0,0.111049,0.126978,3633.675709,0.0,0.086719,0.045509,43.203065,0.01683,1005,1005,1005,1,8040,2058240,2058240,1.31072,0.559214,1.70372,3595.46,143.734,0.469244,3633.61,1005,636,255,5336136672
tiledb,node,4096,0,cold,random,1024,,,512,5,3790.3095829533413,22160957440,22160957440,22160957440,11.690005594,4096,4096,,1.0,,1.0,,,,,,4096,3624,8563712,8304791552,0.606271,0.034859,0.041289,0.01433,0.00767,3788.861515,0.00315,0.0,0.0,0.148258,0.200507,3707.521408,0.0,0.090109,0.118188,0.126358,0.01409,1054,1054,1054,1,8432,2158592,2158592,1.63956,0.715229,2.0841800000000004,3665.9,123.751,0.560913,3707.44,1054,668,235,5604621536
tiledb,node,4096,0,cold,random,1024,,,512,6,3782.526349008549,22079320064,22079320064,22079320064,11.978933406,4096,4096,,1.0,,1.0,,,,,,4096,3624,8565760,8304742400,0.385435,0.03411,0.040909,0.00986,0.0065,3777.14115,0.00913,0.0,0.0,0.10549800000000001,0.146408,3692.734029,0.0,0.093338,0.04586,4.416034,0.01583,1040,1040,1040,1,8320,2129920,2129920,1.6051,0.7101409999999999,1.9877900000000002,3653.8599999999997,161.796,0.540975,3692.67,1040,654,249,5487159408
tiledb,node,4096,0,cold,random,1024,,,512,7,3794.9526839656755,22162710528,22162710528,22162710528,12.36156616,4096,4096,,1.0,,1.0,,,,,,4095,3638,8539136,8304783360,0.338085,0.03406,0.040709,0.00987,0.00716,3648.638616,0.00869,0.0,0.0,0.116309,0.130718,3579.313301,0.0,0.090399,0.120138,145.311903,0.015189,999,999,998,1,7992,2045952,2045952,1.35888,0.6126,1.8135899999999998,3561.73,145.412,0.538362,3579.24,998,640,250,5369697280
tiledb,node,4096,0,cold,random,1024,,,512,8,3801.1905710445717,22297034752,22297034752,22297034752,12.678760307,4096,4096,,1.0,,1.0,,,,,,4096,3610,8625152,8304750592,0.360854,0.03194,0.040809,0.00956,0.00509,3740.987679,0.00723,0.0,0.0,0.11393700000000001,0.123869,3667.807011,0.0,0.087888,0.045,59.257166,0.01618,984,984,984,1,7872,2015232,2015232,1.32531,0.573352,1.7191400000000001,3627.8,149.322,0.447913,3667.74,984,633,254,5310966216
tiledb,node,4096,0,cold,random,1024,,,512,9,3780.232643999625,22033317888,22033317888,22033317888,11.896791663,4096,4096,,1.0,,1.0,,,,,,4096,3596,8637440,8304844800,0.343305,0.033809,0.04094,0.009669,0.00703,3779.093191,0.00867,0.0,0.0,0.112058,0.147058,3702.365205,0.0,0.089978,0.124989,0.127698,0.01618,1036,1036,1036,1,8288,2121728,2121728,1.61023,0.7488180000000001,2.03625,3640.25,155.401,0.5178029999999999,3702.29,1036,640,248,5369697280
tiledb,node,4096,0,cold,random,8192,,,512,0,5792.175067996141,34366095360,34366095360,34366095360,33.255573872,32768,32755,,0.999603271484375,,1.0003968859716075,,,,,,32736,14178,67732480,8339640320,0.324525,0.090169,0.036369,0.01281,0.00841,5790.310465,0.00884,0.0,0.0,0.269445,1.035355,5697.079906,0.0,0.346015,0.060679,0.589171,0.02122,8252,8243,8223,1,65944,16881664,16881664,4.210430000000001,1.54549,6.233350000000001,5625.04,209.21,1.27735,5696.86,8223,1024,96,8591515648
tiledb,node,4096,0,cold,random,8192,,,512,1,5805.1632739952765,34342322176,34342322176,34342322176,33.637585795999996,32768,32756,,0.9996337890625,,1.0003663450970814,,,,,,32741,14191,67911168,8337059840,0.228766,0.094138,0.03599,0.01426,0.00905,5789.106143,0.009099,0.0,0.0,0.291476,0.959356,5681.058055,0.0,0.343195,0.128948,14.77673,0.02139,8192,8183,8169,1,65464,16758784,16758784,3.72164,1.56309,5.70463,5628.28,193.792,1.2204,5680.780000000001,8169,1022,98,8574735344
tiledb,node,4096,0,cold,random,8192,,,512,2,5828.21570005035,34358198272,34358198272,34358198272,33.592439544,32768,32755,,0.999603271484375,,1.0003968859716075,,,,,,32742,14161,67993088,8337629184,0.400004,0.093468,0.03626,0.01043,0.007969,5826.24648,0.00895,0.0,0.0,0.247726,0.943426,5718.576306,0.0,0.342995,0.128048,0.578051,0.02143,8198,8184,8165,1,65472,16760832,16760832,3.1925600000000003,1.45142,5.09275,5650.08,204.55599999999998,1.27089,5718.36,8165,1024,96,8591515648
tiledb,node,4096,0,cold,random,8192,,,512,3,5804.060960013885,34366095360,34366095360,34366095360,33.149443827,32768,32764,,0.9998779296875,,1.0001220852154804,,,,,,32746,14169,67921408,8337715200,0.414723,0.092249,0.036529,0.01012,0.00875,5800.356436,0.0085,0.0,0.0,0.239817,0.906056,5696.034422,0.0,0.342234,0.130339,2.310225,0.01969,8166,8159,8147,1,65272,16709632,16709632,3.27045,1.48346,5.21906,5647.31,187.409,1.29681,5695.83,8147,1024,96,8591515648
tiledb,node,4096,0,cold,random,8192,,,512,4,5836.626874981448,34358124544,34358124544,34358124544,33.433944496,32768,32757,,0.999664306640625,,1.0003358060872485,,,,,,32746,14132,67695616,8337547264,0.370424,0.088639,0.034359,0.01069,0.00712,5834.667034,0.00886,0.0,0.0,0.246456,0.955576,5736.503088,0.0,0.342735,0.126148,0.618421,0.02153,8243,8234,8225,1,65872,16863232,16863232,4.04865,1.3681100000000002,5.9834700000000005,5659.2,192.298,1.2480499999999999,5736.3,8225,1023,99,8583125496
tiledb,node,4096,0,cold,random,8192,,,512,5,5812.284576997627,34358112256,34358112256,34358112256,33.788488881999996,32768,32755,,0.999603271484375,,1.0003968859716075,,,,,,32745,14163,67773952,8339968000,0.526223,0.093899,0.035459,0.01072,0.0084,5785.063954,0.008,0.0,0.0,0.235717,0.925356,5686.961237,0.0,0.343945,0.124868,25.714277,0.023209,8214,8206,8197,1,65648,16805888,16805888,5.05296,2.16247,7.40469,5600.2,166.518,1.2023599999999999,5686.759999999999,8197,1023,98,8583125496
tiledb,node,4096,0,cold,random,8192,,,512,6,5780.930366017856,34358112256,34358112256,34358112256,32.936439253,32768,32761,,0.999786376953125,,1.0002136686914318,,,,,,32749,14131,67986944,8338554880,0.435524,0.094209,0.035,0.008999,0.00927,5778.976905,0.00869,0.0,0.0,0.238566,0.903347,5691.544309,0.0,0.339165,0.053819,0.615791,0.02108,8122,8119,8109,1,64952,16627712,16627712,3.2817800000000004,1.43213,5.31001,5600.259999999999,181.173,1.22936,5691.35,8109,1023,97,8583125496
tiledb,node,4096,0,cold,random,8192,,,512,7,5831.296113959979,34358038528,34358038528,34358038528,33.972530378,32768,32759,,0.999725341796875,,1.0002747336609787,,,,,,32739,14194,67814912,8338804736,0.521892,0.094069,0.036639,0.00963,0.00873,5822.770231,0.01007,0.0,0.0,0.23847600000000002,0.924957,5723.068819,0.0,0.337265,0.119448,7.018136,0.022059,8126,8114,8100,1,64912,16617472,16617472,3.27192,1.50041,5.2317,5650.179999999999,222.799,1.18292,5722.870000000001,8100,1024,96,8591515648
tiledb,node,4096,0,cold,random,8192,,,512,8,5828.007543052081,34358124544,34358124544,34358124544,33.253973121,32768,32760,,0.999755859375,,1.0002442002442002,,,,,,32742,14084,67857920,8337924096,0.439453,0.092339,0.036389,0.01064,0.00839,5825.981843,0.035109,0.0,0.0,0.24682700000000002,0.979125,5729.234847,0.0,0.343795,0.126618,0.610901,0.02153,8284,8271,8253,1,66168,16939008,16939008,4.19236,1.51796,6.22368,5652.88,207.63400000000001,1.19635,5729.02,8253,1024,96,8591515648
tiledb,node,4096,0,cold,random,8192,,,512,9,5793.0823740316555,34366095360,34366095360,34366095360,33.052579891,32768,32763,,0.999847412109375,,1.0001526111772425,,,,,,32736,14222,67913216,8341250048,0.421274,0.093618,0.03829,0.01119,0.008549,5727.665731,0.03457,0.0,0.0,0.249447,0.892266,5648.698328,0.0,0.341235,0.131828,63.966846,0.023369,8106,8098,8076,1,64784,16584704,16584704,3.60702,1.71681,5.7823400000000005,5593.49,177.01500000000001,1.1332,5648.5,8076,1024,96,8591515648
tiledb,node,4096,0,cold,random,65536,,,512,0,5886.3033940433525,34366095360,34366095360,34366095360,34.866216883,262144,261627,,0.9980278015136719,,1.0019760957393542,,,,,,260583,16384,540722688,8589529088,0.275366,0.085659,0.038499,0.01502,0.016849,5879.469286,0.05457,0.0,0.0,1.3711200000000001,7.778064,5773.677943,0.0,2.368795,0.281895,3.151903,0.187417,65200,64667,63663,1,517336,132438016,132438016,20.662300000000002,12.7454,37.4596,5565.889999999999,177.702,3.93443,5772.42,63663,1024,96,8591515648
tiledb,node,4096,0,cold,random,65536,,,512,1,5902.96729496913,34366095360,34366095360,34366095360,35.383010067,262144,261609,,0.9979591369628906,,1.0020450366768727,,,,,,260581,16384,540540416,8590020608,0.261306,0.086099,0.039419,0.01421,0.01692,5896.206295,0.054949,0.0,0.0,1.405119,7.801114,5786.598531,0.0,2.395095,0.287855,3.062375,0.190217,65843,65333,64278,1,522664,133801984,133801984,19.8896,11.680100000000001,35.7163,5577.09,193.123,4.11583,5785.34,64278,1024,96,8591515648
tiledb,node,4096,0,cold,random,65536,,,512,2,5904.273916035891,34366095360,34366095360,34366095360,35.719585053,262144,261642,,0.9980850219726562,,1.0019186522041568,,,,,,260678,16384,540638208,8590147584,0.425114,0.087049,0.038489,0.01216,0.01647,5897.403708,0.065459,0.0,0.0,1.29602,6.655611,5801.43083,0.0,2.392934,0.208367,3.156103,0.182488,65833,65363,64336,1,522904,133863424,133863424,18.3726,9.69997,33.5455,5572.58,298.506,4.25692,5800.18,64336,1024,96,8591515648
tiledb,node,4096,0,cold,random,65536,,,512,3,5905.936760012992,34366095360,34366095360,34366095360,35.170082812,262144,261637,,0.9980659484863281,,1.0019377993173748,,,,,,260688,16384,540825600,8590479360,0.417264,0.083809,0.038929,0.011,0.01775,5899.024183,0.052199,0.0,0.0,1.2854210000000001,6.883177,5789.9218,0.0,2.369524,0.279516,3.159482,0.180548,65278,64748,63772,1,517984,132603904,132603904,16.628400000000003,8.90862,30.7584,5612.9,190.336,3.87145,5788.68,63772,1024,96,8591515648
tiledb,node,4096,0,cold,random,65536,,,512,4,5867.474514001515,34366095360,34366095360,34366095360,35.142796293,262144,261619,,0.9979972839355469,,1.0020067349848443,,,,,,260580,16384,539924992,8590848000,0.401934,0.084209,0.037499,0.01151,0.01645,5860.716305,0.052099,0.0,0.0,1.281801,6.778639,5757.573394,0.0,2.377554,0.205117,3.080874,0.180457,65347,64840,63826,1,518720,132792320,132792320,16.2966,8.6083,30.7526,5567.31,199.542,3.9608200000000005,5756.34,63826,1024,96,8591515648
tiledb,node,4096,0,cold,random,65536,,,512,5,5888.240004016552,34366095360,34366095360,34366095360,35.034118248,262144,261647,,0.9981040954589844,,1.0018995058227307,,,,,,260634,16384,540025856,8591265792,0.578891,0.084979,0.037389,0.01243,0.01738,5881.17719,0.052439,0.0,0.0,1.2931110000000001,6.866777,5767.584724,0.0,2.390104,0.287006,3.103614,0.181687,65643,65171,64168,1,521368,133470208,133470208,16.8297,9.22408,31.0889,5594.490000000001,199.33,4.054119999999999,5766.35,64168,1024,96,8591515648
tiledb,node,4096,0,cold,random,65536,,,512,6,5876.571628032252,34366095360,34366095360,34366095360,35.298703978,262144,261607,,0.9979515075683594,,1.0020526973666606,,,,,,260609,16384,540325888,8590880768,0.870597,0.086429,0.037659,0.0145,0.01686,5869.254247,0.056849,0.0,0.0,1.38777,7.772464,5766.654628,0.0,2.379495,0.285636,3.027325,0.189877,65505,64970,63982,1,519760,133058560,133058560,19.635199999999998,11.4328,36.6389,5560.1900000000005,188.32299999999998,3.76115,5765.39,63982,1024,96,8591515648
tiledb,node,4096,0,cold,random,65536,,,512,7,5891.695893020369,34366095360,34366095360,34366095360,35.642542786,262144,261597,,0.9979133605957031,,1.0020910025726595,,,,,,260572,16384,540128256,8591495168,0.403954,0.085488,0.03654,0.0127,0.014929,5884.785967,0.05157,0.0,0.0,1.296071,6.923967,5775.501876,0.0,2.376454,0.283206,3.144103,0.180707,65396,64897,63957,1,519176,132909056,132909056,16.9195,9.216280000000001,31.446,5581.91,209.226,4.0238499999999995,5774.26,63957,1024,96,8591515648
tiledb,node,4096,0,cold,random,65536,,,512,8,5852.467478020117,34366095360,34366095360,34366095360,35.275903075,262144,261629,,0.9980354309082031,,1.0019684362207553,,,,,,260622,16384,540251136,8591695872,0.463113,0.086209,0.040399,0.0108,0.01681,5845.540052,0.057979,0.0,0.0,1.2661019999999998,6.582491,5761.15258,0.0,2.368724,0.284046,3.139453,0.180388,65186,64693,63737,1,517544,132491264,132491264,19.0611,10.5494,34.4514,5502.99,293.265,4.51391,5759.95,63737,1024,96,8591515648
tiledb,node,4096,0,cold,random,65536,,,512,9,5869.548952963669,34366095360,34366095360,34366095360,35.495787119,262144,261633,,0.9980506896972656,,1.0019531175348675,,,,,,260582,16384,540017664,8591851520,0.440383,0.083728,0.037,0.01083,0.01648,5862.757074,0.051879,0.0,0.0,1.273601,6.861288,5764.140836,0.0,2.376915,0.281776,3.005435,0.181867,65372,64852,63874,1,518816,132816896,132816896,16.2238,8.91415,31.4544,5569.3099999999995,205.94299999999998,4.00998,5762.92,63874,1024,96,8591515648
tiledb,node,4096,0,cold,window_256,1024,,,512,0,12.78418896254152,35086336,35086336,35086336,0.06040745,4096,1002,,0.24462890625,,4.087824351297405,,,,,,25,4,12149248,8314982400,0.506622,0.0,0.0,0.00838,0.0,0.00019,0.0,0.0,0.0,0.0,0.0,0.0,0.0,0.0,0.0,12.147519,0.011289,0,0,0,0,0,0,0,0.0,0.0,0.0,0.0,0.0,0.0,0.0,0,0,0,0
tiledb,node,4096,0,cold,window_256,1024,,,512,1,15.421469986904413,43601920,43601920,43601920,0.057994068,4096,1009,,0.246337890625,,4.059464816650149,,,,,,18,5,9511424,8314867712,0.192238,0.03187,0.033309,0.00862,0.00617,7.996401,0.00156,0.0,0.0,0.041359,0.00323,7.256672,0.0,0.022139,0.02102,6.979696,0.01126,1024,251,5,1,2008,514048,514048,0.280436,0.136986,0.316565,6.39473,0.398624,0.041059,7.23768,5,1,1,8390152
tiledb,node,4096,0,cold,window_256,1024,,,512,2,12.933506979607046,43778048,43778048,43778048,0.048316740999999996,4096,1007,,0.245849609375,,4.067527308838133,,,,,,20,5,6859264,8314736640,0.155998,0.03227,0.033709,0.00862,0.00701,12.405695,0.00137,0.0,0.0,0.062829,0.00574,10.936857,0.0,0.02309,0.022539,0.135878,0.00938,1024,252,5,1,2016,516096,516096,0.343245,0.191357,0.380054,9.41512,0.942366,0.044399,10.9111,5,2,1,16780304
tiledb,node,4096,0,cold,window_256,1024,,,512,3,10.067519964650273,35274752,35274752,35274752,0.045226193,4096,1010,,0.24658203125,,4.0554455445544555,,,,,,18,4,9513472,8314732544,0.110678,0.0313,0.031889,0.00864,0.00539,9.512178,0.0044,0.0,0.0,0.046319,0.0064,7.989121,0.0,0.0318,0.025329,0.179437,0.01112,2048,505,9,1,4040,1034240,1034240,0.440303,0.24146700000000001,0.479093,6.32571,0.993115,0.051469,7.9651700000000005,9,2,2,16780304
tiledb,node,4096,0,cold,window_256,1024,,,512,4,9.882713027764112,35160064,35160064,35160064,0.040934999,4096,1007,,0.245849609375,,4.067527308838133,,,,,,20,4,9519616,8314732544,0.100289,0.031829,0.02817,0.00795,0.006249,8.196518,0.00125,0.0,0.0,0.03014,0.00374,7.231292,0.0,0.02202,0.02151,1.34381,0.00973,1024,251,6,1,2008,514048,514048,0.283215,0.131016,0.333445,6.31313,0.423284,0.047059,7.21292,6,1,1,8390152
tiledb,node,4096,0,cold,window_256,1024,,,512,5,10.189567983616143,35364864,35364864,35364864,0.053650117,4096,1009,,0.246337890625,,4.059464816650149,,,,,,19,4,9515520,8314740736,0.552042,0.032769,0.03094,0.00835,0.00613,9.214592,0.00462,0.0,0.0,0.037999,0.00517,7.564277,0.0,0.03284,0.025509,0.173498,0.010559,2048,503,11,1,4024,1030144,1030144,0.474593,0.241128,0.519122,5.91092,0.928616,0.066769,7.54357,11,2,2,16780304
tiledb,node,4096,0,cold,window_256,1024,,,512,6,9.892611997202039,35291136,35291136,35291136,0.042661208,4096,1006,,0.24560546875,,4.071570576540755,,,,,,22,4,9505280,8314703872,0.095638,0.358065,0.031599,0.00877,0.00724,7.979001,0.00099,0.0,0.0,0.032339,0.00334,7.230093,0.0,0.02158,0.018439,1.242192,0.011259,1024,252,5,1,2016,516096,516096,0.285786,0.12585,0.319745,6.25919,0.5031519999999999,0.04552,7.21028,5,1,1,8390152
tiledb,node,4096,0,cold,window_256,1024,,,512,7,10.468942986335605,35319808,35319808,35319808,0.053156695000000004,4096,1012,,0.2470703125,,4.047430830039525,,,,,,16,4,12173824,8314720256,0.123568,0.0,0.0,0.008,0.0,0.0002,0.0,0.0,0.0,0.0,0.0,0.0,0.0,0.0,0.0,10.235897,0.01164,0,0,0,0,0,0,0,0.0,0.0,0.0,0.0,0.0,0.0,0.0,0,0,0,0
tiledb,node,4096,0,cold,window_256,1024,,,512,8,10.899788001552224,35143680,35143680,35143680,0.054602877,4096,1008,,0.24609375,,4.063492063492063,,,,,,19,4,12163584,8314712064,0.099719,0.031699,0.02989,0.008819,0.00704,6.937797,0.00098,0.0,0.0,0.027450000000000002,0.00271,6.141268,0.0,0.02235,0.020199,3.614556,0.01089,1024,253,4,1,2024,518144,518144,0.232386,0.090998,0.275746,5.25033,0.48646300000000003,0.031708999999999994,6.12357,4,1,1,8390152
tiledb,node,4096,0,cold,window_256,1024,,,512,9,12.970746960490942,43720704,43720704,43720704,0.047373778,4096,1006,,0.24560546875,,4.071570576540755,,,,,,22,5,9507328,8314683392,0.098208,0.031419,0.02959,0.00844,0.00613,12.570542,0.00097,0.0,0.0,0.026289,0.00272,11.269172,0.0,0.0222,0.020739,0.059879,0.00942,1024,252,5,1,2016,516096,516096,0.302095,0.141059,0.34225500000000003,9.8753,0.911316,0.032449,11.2514,5,2,1,16780304
tiledb,node,4096,0,cold,window_256,8192,,,512,0,14.449784008320421,43642880,43642880,43642880,0.05272613,32768,1024,,0.03125,,32.0,,,,,,4,5,68878848,8315031552,0.198697,0.087589,0.028019,0.00871,0.00705,7.979341,0.003,0.0,0.0,0.03628,0.002859,6.897538,0.0,0.02436,0.031149,5.962971,0.01797,8192,256,1,1,2048,524288,524288,0.03319,0.00671,0.070489,6.18922,0.462043,0.03455,6.8784,1,1,1,8390152
tiledb,node,4096,0,cold,window_256,8192,,,512,1,10.246896999888122,35115008,35115008,35115008,0.050792462,32768,1024,,0.03125,,32.0,,,,,,4,4,68878848,8315293696,0.168407,0.089418,0.0284,0.00815,0.00712,8.833288,0.00156,0.0,0.0,0.030579000000000002,0.0023,7.293531,0.0,0.03215,0.031629,0.909716,0.01747,16384,512,2,1,4096,1048576,1048576,0.217557,0.12085900000000001,0.250566,6.11907,0.745008,0.050219999999999994,7.27526,2,2,2,16780304
tiledb,node,4096,0,cold,window_256,8192,,,512,2,9.998000983614475,34988032,34988032,34988032,0.040125100999999996,32768,1024,,0.03125,,32.0,,,,,,4,4,68878848,8315150336,0.181627,0.0,0.0,0.00823,0.0,0.00021,0.0,0.0,0.0,0.0,0.0,0.0,0.0,0.0,0.0,9.701675,0.01664,0,0,0,0,0,0,0,0.0,0.0,0.0,0.0,0.0,0.0,0.0,0,0,0,0
tiledb,node,4096,0,cold,window_256,8192,,,512,3,10.318745975382626,35176448,35176448,35176448,0.052124729,32768,1024,,0.03125,,32.0,,,,,,4,4,68878848,8315293696,0.159298,0.090069,0.02874,0.00815,0.006089,8.640242,0.00408,0.0,0.0,0.03136,0.0025,7.059614,0.0,0.032429,0.03349,1.185643,0.018169,16384,512,2,1,4096,1048576,1048576,0.205866,0.105877,0.24182599999999999,5.753699999999999,0.884887,0.059879,7.03934,2,2,2,16780304
tiledb,node,4096,0,cold,window_256,8192,,,512,4,10.488633997738361,35307520,35307520,35307520,0.043444393,32768,1024,,0.03125,,32.0,,,,,,4,4,68878848,8315146240,0.167178,0.088278,0.02674,0.00802,0.00613,7.132743,0.00124,0.0,0.0,0.025529,0.00182,6.295797,0.0,0.02271,0.02751,2.877187,0.017889,8192,256,1,1,2048,524288,524288,0.061869,0.020309,0.091469,5.59026,0.473163,0.03945,6.27814,1,1,1,8390152
tiledb,node,4096,0,cold,window_256,8192,,,512,5,10.67603100091219,35368960,35368960,35368960,0.045067719,32768,1024,,0.03125,,32.0,,,,,,4,4,68878848,8315138048,0.435794,0.087578,0.02902,0.00813,0.00613,8.754909,0.00117,0.0,0.0,0.024979,0.00257,7.154003,0.0,0.03269,0.032309,1.160373,0.016979,16384,512,2,1,4096,1048576,1048576,0.162047,0.096548,0.196897,5.91752,0.8589370000000001,0.04502,7.13623,2,2,2,16780304
tiledb,node,4096,0,cold,window_256,8192,,,512,6,11.971771018579602,35237888,35237888,35237888,0.055281205,32768,1024,,0.03125,,32.0,,,,,,4,4,86508032,8315281408,0.167108,0.087319,0.02643,0.008039,0.00608,7.40258,0.00098,0.0,0.0,0.02573,0.00189,6.648201,0.0,0.02219,0.027519,4.088859,0.01516,8192,256,1,1,2048,524288,524288,0.06758900000000001,0.02408,0.10228799999999999,5.908670000000001,0.485673,0.043579,6.630170000000001,1,1,1,8390152
tiledb,node,4096,0,cold,window_256,8192,,,512,7,12.633431993890554,35418112,35418112,35418112,0.060692437,32768,1024,,0.03125,,32.0,,,,,,4,4,86508032,8315285504,0.159978,0.073938,0.02893,0.0085,0.00691,10.70878,0.00172,0.0,0.0,0.031119,0.00257,8.251697,0.0,0.042639,0.03673,1.436798,0.01509,24576,768,3,1,6144,1572864,1572864,0.264496,0.116149,0.30150499999999997,6.78529,0.9790949999999999,0.052219,8.233799999999999,3,3,3,25170456
tiledb,node,4096,0,cold,window_256,8192,,,512,8,10.546892008278519,35164160,35164160,35164160,0.047728235,32768,1024,,0.03125,,32.0,,,,,,4,4,68878848,8315158528,0.161867,0.092229,0.030919,0.00907,0.0062,9.158243,0.00467,0.0,0.0,0.031629000000000004,0.00291,7.582627,0.0,0.0324,0.033999,0.883667,0.01715,16384,512,2,1,4096,1048576,1048576,0.215787,0.12405900000000002,0.252206,6.21816,0.917596,0.053549,7.561520000000001,2,2,2,16780304
tiledb,node,4096,0,cold,window_256,8192,,,512,9,8.82220797939226,35196928,35196928,35196928,0.035141788,32768,1024,,0.03125,,32.0,,,,,,4,4,51249664,8315002880,0.197717,0.085619,0.026869,0.00775,0.00753,7.149454,0.00119,0.0,0.0,0.03123,0.00187,6.357865,0.0,0.02271,0.02733,1.180072,0.01509,8192,256,1,1,2048,524288,524288,0.089099,0.040739,0.132688,5.65142,0.42800299999999997,0.03558,6.3398200000000005,1,1,1,8390152
tiledb,node,4096,0,cold,window_256,65536,,,512,0,25.74881602777168,43487232,43487232,43487232,0.12286539299999999,262144,1024,,0.00390625,,256.0,,,,,,4,5,822683648,8315371520,0.201267,0.0,0.0,0.00762,0.0,0.00015,0.0,0.0,0.0,0.0,0.0,0.0,0.0,0.0,0.0,25.290542,0.171008,0,0,0,0,0,0,0,0.0,0.0,0.0,0.0,0.0,0.0,0.0,0,0,0,0
tiledb,node,4096,0,cold,window_256,65536,,,512,1,15.916562988422811,35160064,35160064,35160064,0.066545862,262144,1024,,0.00390625,,256.0,,,,,,4,4,545830912,8316370944,0.181817,0.078369,0.02943,0.008559,0.00617,7.684576,0.0013,0.0,0.0,0.032100000000000004,0.00236,6.66288,0.0,0.023549,0.089359,7.515038,0.173587,65536,256,1,1,2048,524288,524288,0.090979,0.044189,0.14968800000000002,5.89792,0.459203,0.035318999999999996,6.6418,1,1,1,8390152
tiledb,node,4096,0,cold,window_256,65536,,,512,2,18.624921969603747,35377152,35377152,35377152,0.07064896600000001,262144,1024,,0.00390625,,256.0,,,,,,4,4,545830912,8316370944,0.188367,0.085679,0.030069,0.00928,0.00725,8.908417,0.00506,0.0,0.0,0.028388999999999998,0.0026,7.147024,0.0,0.032629,0.179828,8.869047,0.181588,131072,512,2,1,4096,1048576,1048576,0.171998,0.102848,0.20628700000000003,5.98587,0.7911389999999999,0.04232,7.12868,2,2,2,16780304
tiledb,node,4096,0,cold,window_256,65536,,,512,3,18.311365973204374,35307520,35307520,35307520,0.073959938,262144,1024,,0.00390625,,256.0,,,,,,4,4,545830912,8316370944,0.193977,0.084229,0.02872,0.00838,0.005,8.964356,0.00101,0.0,0.0,0.026369,0.0026,7.264402,0.0,0.032469,0.181678,8.515783,0.179478,131072,512,2,1,4096,1048576,1048576,0.219437,0.117519,0.252726,5.88201,0.969426,0.046739,7.24554,2,2,2,16780304
tiledb,node,4096,0,cold,window_256,65536,,,512,4,17.10302400169894,35082240,35082240,35082240,0.078879025,262144,1024,,0.00390625,,256.0,,,,,,4,4,545830912,8317423616,0.189787,0.0,0.0,0.00788,0.0,0.00022,0.0,0.0,0.0,0.0,0.0,0.0,0.0,0.0,0.0,16.652071,0.171768,0,0,0,0,0,0,0,0.0,0.0,0.0,0.0,0.0,0.0,0.0,0,0,0,0
tiledb,node,4096,0,cold,window_256,65536,,,512,5,16.161778999958187,35352576,35352576,35352576,0.063611164,262144,1024,,0.00390625,,256.0,,,,,,4,4,545830912,8316362752,0.182257,0.076329,0.027369,0.00831,0.00464,7.907352,0.00108,0.0,0.0,0.0256,0.00194,6.908117,0.0,0.02345,0.089129,7.553498,0.175007,65536,256,1,1,2048,524288,524288,0.050809,0.02597,0.105238,6.16488,0.488723,0.052599,6.89051,1,1,1,8390152
tiledb,node,4096,0,cold,window_256,65536,,,512,6,18.44932499807328,35037184,35037184,35037184,0.066913697,262144,1024,,0.00390625,,256.0,,,,,,4,4,545830912,8316358656,0.175418,0.083879,0.02917,0.00888,0.006579,8.686741,0.00456,0.0,0.0,0.03036,0.00274,6.949806,0.0,0.032469,0.181798,8.951876,0.176097,131072,512,2,1,4096,1048576,1048576,0.21173599999999998,0.132687,0.24533600000000003,5.77794,0.771568,0.041489000000000005,6.929989999999999,2,2,2,16780304
tiledb,node,4096,0,cold,window_256,65536,,,512,7,18.42190499883145,43753472,43753472,43753472,0.07924858,262144,1024,,0.00390625,,256.0,,,,,,4,5,545830912,8316346368,0.247736,0.085269,0.030049,0.00837,0.0069,9.146414,0.00717,0.0,0.0,0.032409,0.00269,7.429799,0.0,0.035199,0.181257,8.404915,0.171837,131072,512,2,1,4096,1048576,1048576,0.194197,0.110908,0.254466,5.948,1.03656,0.04422,7.405519999999999,2,2,2,16780304
tiledb,node,4096,0,cold,window_256,65536,,,512,8,14.695101010147482,35426304,35426304,35426304,0.062721976,262144,1024,,0.00390625,,256.0,,,,,,4,4,545830912,8316329984,0.178727,0.078608,0.02816,0.00809,0.00706,7.800893,0.00202,0.0,0.0,0.028699000000000002,0.00189,6.573832,0.0,0.02364,0.085529,6.188927,0.177938,65536,256,1,1,2048,524288,524288,0.058769,0.032609,0.094419,5.85076,0.49580299999999994,0.033459,6.55513,1,1,1,8390152
tiledb,node,4096,0,cold,window_256,65536,,,512,9,22.54393300972879,51937280,51937280,51937280,0.094547673,262144,1024,,0.00390625,,256.0,,,,,,4,6,545830912,8317382656,0.196027,0.0,0.0,0.00771,0.0,0.00021,0.0,0.0,0.0,0.0,0.0,0.0,0.0,0.0,0.0,22.08651,0.170598,0,0,0,0,0,0,0,0.0,0.0,0.0,0.0,0.0,0.0,0.0,0,0,0,0
tiledb,node,4096,0,cold,window_4096,1024,,,512,0,19.857823965139687,68472832,68472832,68472832,0.090469256,4096,3596,,0.8779296875,,1.139043381535039,,,,,,2785,8,12175872,8321622016,0.150038,0.031909,0.0309,0.00872,0.00711,15.39953,0.00276,0.0,0.0,0.049648,0.093319,13.40742,0.0,0.045179,0.02253,4.042769,0.01107,1024,893,692,1,7144,1828864,1828864,1.02027,0.381701,1.23695,11.006699999999999,0.868537,0.112909,13.3691,692,2,1,16780304
tiledb,node,4096,0,cold,window_4096,1024,,,512,1,19.70372599316761,69013504,69013504,69013504,0.092010909,4096,3616,,0.8828125,,1.1327433628318584,,,,,,2840,8,12222976,8319307776,0.113339,0.03379,0.036809,0.00881,0.00715,19.067866,0.00929,0.0,0.0,0.099908,0.174258,15.174863,0.0,0.086808,0.02981,0.181357,0.01156,2048,1828,1424,1,14624,3743744,3743744,1.56058,0.63528,1.9683000000000002,10.8708,1.8766200000000002,0.161688,15.109499999999999,1424,4,2,33560608
tiledb,node,4096,0,cold,window_4096,1024,,,512,2,19.943261984735727,68751360,68751360,68751360,0.091516873,4096,3608,,0.880859375,,1.1352549889135255,,,,,,2822,8,12173824,8319991808,0.128098,0.031599,0.03083,0.00844,0.00627,16.03354,0.002809,0.0,0.0,0.054929,0.094219,14.024921,0.0,0.0481,0.022639,3.495878,0.01104,1024,896,732,1,7168,1835008,1835008,1.01505,0.428193,1.26334,11.497800000000002,0.946766,0.109338,13.984399999999999,732,2,1,16780304
tiledb,node,4096,0,cold,window_4096,1024,,,512,3,20.038831047713757,68796416,68796416,68796416,0.09487029,4096,3621,,0.884033203125,,1.1311792322562828,,,,,,2839,8,12182016,8319148032,0.106838,0.032789,0.02985,0.00822,0.0071,19.43893,0.00316,0.0,0.0,0.135577,0.175278,15.753555,0.0,0.079869,0.025939,0.178317,0.01163,2048,1808,1414,1,14464,3702784,3702784,1.31803,0.5792510000000001,1.73827,11.8287,1.7785900000000001,0.168097,15.6953,1414,4,2,33560608
tiledb,node,4096,0,cold,window_4096,1024,,,512,4,22.921317955479026,68685824,68685824,68685824,0.110516699,4096,3607,,0.880615234375,,1.1355697255336845,,,,,,2841,8,16908800,8320028672,0.099209,0.0,0.0,0.008229,0.0,0.0003,0.0,0.0,0.0,0.0,0.0,0.0,0.0,0.0,0.0,22.684562,0.01399,0,0,0,0,0,0,0,0.0,0.0,0.0,0.0,0.0,0.0,0.0,0,0,0,0
tiledb,node,4096,0,cold,window_4096,1024,,,512,5,20.32976597547531,68841472,68841472,68841472,0.109954052,4096,3641,,0.888916015625,,1.1249656687723153,,,,,,2810,8,12231168,8319922176,0.094109,0.031679,0.0331,0.00854,0.00566,19.721285,0.008379,0.0,0.0,0.07744,0.161247,15.840173,0.0,0.079859,0.02614,0.171537,0.01284,2048,1809,1397,1,14472,3704832,3704832,1.38488,0.5404599999999999,1.71482,12.158999999999999,1.42767,0.15260800000000002,15.776100000000001,1397,4,2,33560608
tiledb,node,4096,0,cold,window_4096,1024,,,512,6,21.481208968907595,68833280,68833280,68833280,0.100222342,4096,3622,,0.88427734375,,1.1308669243511873,,,,,,2835,8,12198400,8319836160,0.517372,0.032989,0.0403,0.00869,0.00614,16.417635,0.010849,0.0,0.0,0.099358,0.116519,13.556938,0.0,0.050049,0.02628,4.242467,0.01132,1024,900,706,1,7200,1843200,1843200,1.07243,0.43110400000000004,1.32649,10.909,0.933516,0.130228,13.4977,706,2,1,16780304
tiledb,node,4096,0,cold,window_4096,1024,,,512,7,24.468595045618713,68747264,68747264,68747264,0.12298271599999999,4096,3640,,0.888671875,,1.1252747252747253,,,,,,2834,8,16908800,8320708608,0.095159,0.0,0.0,0.00867,0.0,0.00035,0.0,0.0,0.0,0.0,0.0,0.0,0.0,0.0,0.0,24.222758,0.01465,0,0,0,0,0,0,0,0.0,0.0,0.0,0.0,0.0,0.0,0.0,0,0,0,0
tiledb,node,4096,0,cold,window_4096,1024,,,512,8,17.060624959412962,68767744,68767744,68767744,0.073259069,4096,3636,,0.8876953125,,1.1265126512651265,,,,,,2812,8,8231424,8318361600,0.094058,0.03202,0.031809,0.00906,0.00621,16.624022,0.00719,0.0,0.0,0.052889,0.089259,14.272196,0.0,0.047809,0.0222,0.056649,0.01113,1024,897,704,1,7176,1837056,1837056,1.15988,0.516883,1.38802,11.5741,0.9840859999999999,0.121559,14.2274,704,2,1,16780304
tiledb,node,4096,0,cold,window_4096,1024,,,512,9,20.22444800240919,68726784,68726784,68726784,0.097074256,4096,3644,,0.8896484375,,1.12403951701427,,,,,,2842,8,12229120,8319111168,0.098819,0.03254,0.031819,0.00937,0.00714,19.629337,0.00884,0.0,0.0,0.070249,0.174057,16.054351,0.0,0.081399,0.02717,0.170348,0.01087,2048,1831,1424,1,14648,3749888,3749888,1.47025,0.599708,1.90097,11.696700000000002,2.00814,0.171657,15.9932,1424,4,2,33560608
tiledb,node,4096,0,cold,window_4096,8192,,,512,0,20.488684996962547,68870144,68870144,68870144,0.097409426,32768,14167,,0.432342529296875,,2.3129808710383286,,,,,,1951,8,82389504,8319070208,0.198187,0.0,0.0,0.00857,0.0,0.00032,0.0,0.0,0.0,0.0,0.0,0.0,0.0,0.0,0.0,20.163979,0.0175,0,0,0,0,0,0,0,0.0,0.0,0.0,0.0,0.0,0.0,0.0,0,0,0,0
tiledb,node,4096,0,cold,window_4096,8192,,,512,1,20.03660099580884,68681728,68681728,68681728,0.09406693599999999,32768,14213,,0.433746337890625,,2.3054949693942164,,,,,,1879,8,82379264,8318636032,0.159017,0.0,0.0,0.00813,0.0,0.00038,0.0,0.0,0.0,0.0,0.0,0.0,0.0,0.0,0.0,19.738276,0.0178,0,0,0,0,0,0,0,0.0,0.0,0.0,0.0,0.0,0.0,0.0,0,0,0,0
tiledb,node,4096,0,cold,window_4096,8192,,,512,2,20.23161802208051,68558848,68558848,68558848,0.092361285,32768,14204,,0.4334716796875,,2.3069557871022246,,,,,,1906,8,82356736,8319238144,0.185328,0.089699,0.03184,0.008809,0.0124,18.294267,0.02918,0.0,0.0,0.075039,0.123238,14.591682,0.0,0.270696,0.03836,1.160123,0.01784,16384,7093,953,1,56744,14526464,14526464,1.04361,0.411304,1.30913,11.222199999999999,1.44575,0.377934,14.5401,953,4,2,33560608
tiledb,node,4096,0,cold,window_4096,8192,,,512,3,20.380735979415476,68759552,68759552,68759552,0.09981011000000001,32768,14142,,0.43157958984375,,2.317069721397256,,,,,,1925,8,82248192,8318701568,0.172477,0.088239,0.028329,0.00938,0.00784,18.448855,0.02386,0.0,0.0,0.057949,0.124748,15.067475,0.0,0.265766,0.032709,1.182632,0.01739,16384,7040,985,1,56320,14417920,14417920,1.1540000000000001,0.461234,1.49464,11.0579,1.8443100000000001,0.442653,15.015799999999999,985,4,3,33560608
tiledb,node,4096,0,cold,window_4096,8192,,,512,4,20.31730697490275,68997120,68997120,68997120,0.09458992699999999,32768,14161,,0.432159423828125,,2.3139608784690346,,,,,,1941,8,82276864,8318693376,0.163078,0.0,0.0,0.00808,0.0,0.00034,0.0,0.0,0.0,0.0,0.0,0.0,0.0,0.0,0.0,20.023002,0.015779,0,0,0,0,0,0,0,0.0,0.0,0.0,0.0,0.0,0.0,0.0,0,0,0,0
tiledb,node,4096,0,cold,window_4096,8192,,,512,5,17.600767023395747,68837376,68837376,68837376,0.075293246,32768,14159,,0.432098388671875,,2.3142877321844764,,,,,,1930,8,58024448,8317861888,0.161957,0.097499,0.02791,0.0091,0.0071,16.335436,0.00457,0.0,0.0,0.040759000000000004,0.066459,14.311197,0.0,0.138508,0.02842,0.652621,0.016849,8192,3518,500,1,28144,7204864,7204864,0.951875,0.406244,1.13519,11.7906,0.941736,0.24743600000000002,14.2749,500,2,1,16780304
tiledb,node,4096,0,cold,window_4096,8192,,,512,6,24.901077966205776,69021696,69021696,69021696,0.123558991,32768,14144,,0.431640625,,2.316742081447964,,,,,,1913,8,106686976,8319426560,0.558441,0.075559,0.02992,0.009359,0.01261,22.167959,0.03651,0.0,0.0,0.07586,0.184587,17.037965,0.0,0.399265,0.050849,1.444148,0.01804,24576,10621,1426,1,84968,21751808,21751808,1.28317,0.475595,1.66435,12.220500000000001,2.41426,0.437514,16.9712,1426,6,3,50340912
tiledb,node,4096,0,cold,window_4096,8192,,,512,7,17.965651990380138,68804608,68804608,68804608,0.090188323,32768,14119,,0.430877685546875,,2.3208442524258093,,,,,,1959,8,57993728,8317968384,0.182177,0.092159,0.031759,0.00824,0.00705,16.648961,0.02059,0.0,0.0,0.059539999999999996,0.064059,13.674876,0.0,0.142128,0.03172,0.677189,0.01828,8192,3547,483,1,28376,7264256,7264256,0.894787,0.402826,1.07979,10.924700000000001,1.09943,0.360515,13.6405,483,2,1,16780304
tiledb,node,4096,0,cold,window_4096,8192,,,512,8,20.272448018658906,68620288,68620288,68620288,0.091555289,32768,14169,,0.432403564453125,,2.312654386336368,,,,,,1899,8,82315776,8318681088,0.313536,0.0,0.0,0.008109,0.0,0.0002,0.0,0.0,0.0,0.0,0.0,0.0,0.0,0.0,0.0,19.837114,0.0151,0,0,0,0,0,0,0,0.0,0.0,0.0,0.0,0.0,0.0,0.0,0,0,0,0
tiledb,node,4096,0,cold,window_4096,8192,,,512,9,21.03995601646602,68698112,68698112,68698112,0.095799311,32768,14168,,0.432373046875,,2.312817617165443,,,,,,1908,8,82338304,8318681088,0.172068,0.090139,0.035289,0.0086,0.00748,19.072136,0.01146,0.0,0.0,0.054469000000000004,0.119358,15.404201,0.0,0.270566,0.034999,1.201812,0.01707,16384,7084,943,1,56672,14508032,14508032,1.03868,0.50351,1.31038,12.0846,1.40059,0.33553499999999997,15.3118,943,4,2,33560608
tiledb,node,4096,0,cold,window_4096,65536,,,512,0,28.881328995339572,68857856,68857856,68857856,0.132209095,262144,16384,,0.0625,,16.0,,,,,,4,8,559415808,8312811520,0.208967,0.086299,0.035809,0.01178,0.00871,18.641732,0.032169,0.0,0.0,0.05335,0.00694,14.666071,0.0,0.315695,0.203667,8.959326,0.178337,131072,8192,2,1,65536,16777216,16777216,0.111728,0.050558,0.153788,12.3371,1.57486,0.419894,14.6392,2,4,2,33560608
tiledb,node,4096,0,cold,window_4096,65536,,,512,1,23.016026010736823,68935680,68935680,68935680,0.093070813,262144,16384,,0.0625,,16.0,,,,,,4,8,414188032,8312504320,0.256886,0.081849,0.0452,0.008699,0.00761,15.230573,0.00551,0.0,0.0,0.07277900000000001,0.00569,12.972427,0.0,0.163048,0.097668,6.813979,0.182287,65536,4096,1,1,32768,8388608,8388608,0.079558,0.043719,0.128678,11.2578,1.05784,0.336225,12.938,1,2,1,16780304
tiledb,node,4096,0,cold,window_4096,65536,,,512,2,27.533059008419514,68694016,68694016,68694016,0.110216276,262144,16384,,0.0625,,16.0,,,,,,4,8,559415808,8313790464,0.264226,0.086318,0.0302,0.00859,0.00803,17.533708,0.030519,0.0,0.0,0.03315,0.00432,14.359315,0.0,0.308525,0.199257,8.788239,0.176878,131072,8192,2,1,65536,16777216,16777216,0.171688,0.087409,0.23182699999999998,11.751199999999999,1.9767299999999999,0.24944700000000003,14.3392,2,4,2,33560608
tiledb,node,4096,0,cold,window_4096,65536,,,512,3,25.221013987902552,68919296,68919296,68919296,0.099122392,262144,16384,,0.0625,,16.0,,,,,,4,8,559415808,8313901056,0.194607,0.080759,0.033229,0.0095,0.0076,13.921862,0.00522,0.0,0.0,0.049138999999999995,0.0048,11.865443,0.0,0.161448,0.097978,10.378815,0.168058,65536,4096,1,1,32768,8388608,8388608,0.057249,0.027290000000000002,0.09454800000000001,10.5456,0.730939,0.333055,11.8388,1,2,1,16780304
tiledb,node,4096,0,cold,window_4096,65536,,,512,4,27.676447003614157,68767744,68767744,68767744,0.110792921,262144,16384,,0.0625,,16.0,,,,,,4,8,559415808,8313749504,0.214837,0.085468,0.03209,0.00825,0.00818,17.628516,0.008179,0.0,0.0,0.03903,0.00549,14.497633,0.0,0.308916,0.202167,8.886727,0.180307,131072,8192,2,1,65536,16777216,16777216,0.20722700000000002,0.103488,0.251067,11.778699999999999,1.8500999999999999,0.472103,14.4765,2,4,2,33560608
tiledb,node,4096,0,cold,window_4096,65536,,,512,5,27.11662504589185,69079040,69079040,69079040,0.107523488,262144,16384,,0.0625,,16.0,,,,,,4,8,559415808,8313761792,0.192127,0.085748,0.02975,0.00833,0.00844,17.044215,0.008039,0.0,0.0,0.03698,0.00504,13.957142,0.0,0.310586,0.199827,8.936677,0.180227,131072,8192,2,1,65536,16777216,16777216,0.212187,0.116287,0.248737,11.5505,1.7239200000000001,0.267386,13.936300000000001,2,4,2,33560608
tiledb,node,4096,0,cold,window_4096,65536,,,512,6,27.201495016925037,68640768,68640768,68640768,0.106864875,262144,16384,,0.0625,,16.0,,,,,,4,8,559415808,8313749504,0.192878,0.091339,0.030539,0.00832,0.00749,17.254313,0.00761,0.0,0.0,0.0352,0.004759,14.229938,0.0,0.310235,0.200377,8.798659,0.178277,131072,8192,2,1,65536,16777216,16777216,0.16595800000000002,0.07312,0.222717,11.7027,1.77213,0.38678399999999996,14.2087,2,4,2,33560608
tiledb,node,4096,0,cold,window_4096,65536,,,512,7,28.144649986643344,68853760,68853760,68853760,0.110348449,262144,16384,,0.0625,,16.0,,,,,,4,8,559415808,8313745408,0.215497,0.086209,0.03038,0.009519,0.00823,17.995232,0.03034,0.0,0.0,0.031559,0.00437,15.129495,0.0,0.307725,0.200377,8.990076,0.176597,131072,8192,2,1,65536,16777216,16777216,0.208367,0.110748,0.26691600000000004,12.4058,2.0301400000000003,0.259356,15.109300000000001,2,4,2,33560608
tiledb,node,4096,0,cold,window_4096,65536,,,512,8,24.2555879522115,68665344,68665344,68665344,0.095291528,262144,16384,,0.0625,,16.0,,,,,,4,8,559415808,8313778176,0.68148,0.079809,0.029019,0.00877,0.00722,13.553458,0.00444,0.0,0.0,0.031159000000000003,0.00292,11.759365,0.0,0.161377,0.097389,9.3444,0.166278,65536,4096,1,1,32768,8388608,8388608,0.065359,0.01831,0.103228,10.398299999999999,0.874617,0.220647,11.740499999999999,1,2,1,16780304
tiledb,node,4096,0,cold,window_4096,65536,,,512,9,27.14019501581788,68714496,68714496,68714496,0.11431825,262144,16384,,0.0625,,16.0,,,,,,4,8,559415808,8313741312,0.247596,0.084398,0.03112,0.00836,0.00588,17.177403,0.032039,0.0,0.0,0.04231,0.006329,13.694566,0.0,0.310156,0.199457,8.781579,0.178067,131072,8192,2,1,65536,16777216,16777216,0.177677,0.104978,0.216617,11.3548,1.67562,0.276306,13.6713,2,4,2,33560608
tiledb,node,4096,0,cold,window_65536,1024,,,512,0,138.1119599682279,572243968,572243968,572243968,0.800886694,4096,4062,,0.99169921875,,1.0083702609551946,,,,,,4010,68,12646912,8317153280,0.189448,0.03498,0.041989,0.01247,0.00763,137.050055,0.00525,0.0,0.0,0.127328,0.256816,110.179056,0.0,0.122588,0.0476,0.221577,0.015079,2048,2035,2010,1,16280,4167680,4167680,1.42926,0.5957309999999999,1.91611,95.0222,12.593,0.138667,110.07400000000001,2010,34,4,285265168
tiledb,node,4096,0,cold,window_65536,1024,,,512,1,132.9128470388241,571973632,571973632,571973632,0.783259134,4096,4056,,0.990234375,,1.009861932938856,,,,,,3995,68,12636672,8318156800,0.127078,0.0,0.0,0.00906,0.0,0.00071,0.0,0.0,0.0,0.0,0.0,0.0,0.0,0.0,0.0,132.430794,0.039549,0,0,0,0,0,0,0,0.0,0.0,0.0,0.0,0.0,0.0,0.0,0,0,0,0
tiledb,node,4096,0,cold,window_65536,1024,,,512,2,157.35416201641783,572194816,572194816,572194816,0.875901245,4096,4066,,0.99267578125,,1.0073782587309394,,,,,,4000,68,16908800,8319234048,0.179587,0.034459,0.04153,0.00935,0.006539,113.831842,0.01092,0.0,0.0,0.094608,0.122229,100.047357,0.0,0.084519,0.043599,42.797841,0.016,1024,1016,1004,1,8128,2080768,2080768,1.20521,0.548829,1.55848,90.73689999999999,7.32161,0.079269,99.9798,1004,17,2,142632584
tiledb,node,4096,0,cold,window_65536,1024,,,512,3,128.74998903134838,513085440,513085440,513085440,0.850008713,4096,4061,,0.991455078125,,1.0086185668554544,,,,,,4014,67,12636672,8319143936,0.130198,0.03509,0.041959,0.01282,0.00772,127.800913,0.01207,0.0,0.0,0.152927,0.249047,103.766502,0.0,0.115258,0.04413,0.205747,0.01464,2048,2030,2004,1,16240,4157440,4157440,1.65014,0.652011,2.18294,86.5295,14.405100000000001,0.121859,103.66499999999999,2004,33,4,276875016
tiledb,node,4096,0,cold,window_65536,1024,,,512,4,135.37609000923112,572133376,572133376,572133376,0.695604821,4096,4063,,0.991943359375,,1.008122077282796,,,,,,3989,68,12651008,8318099456,0.240597,0.035209,0.047169,0.01018,0.00743,134.478694,0.01485,0.0,0.0,0.15969699999999998,0.257126,109.726653,0.0,0.112658,0.043149,0.126418,0.01525,2048,2037,2001,1,16296,4171776,4171776,1.7381,0.728979,2.35396,91.30770000000001,15.376900000000001,0.140018,109.624,2001,34,4,285265168
tiledb,node,4096,0,cold,window_65536,1024,,,512,5,138.41119495918974,572383232,572383232,572383232,0.78959215,4096,4066,,0.99267578125,,1.0073782587309394,,,,,,3991,68,12640768,8318078976,0.168677,0.03555,0.041319,0.00949,0.00728,137.437949,0.015419,0.0,0.0,0.163958,0.275706,112.350263,0.0,0.125778,0.04838,0.219277,0.01527,2048,2032,1997,1,16256,4161536,4161536,1.4620900000000001,0.598224,1.99213,97.46499999999999,12.2502,0.140748,112.261,1997,34,4,285265168
tiledb,node,4096,0,cold,window_65536,1024,,,512,6,134.4138350104913,572346368,572346368,572346368,0.8620283440000001,4096,4064,,0.9921875,,1.0078740157480315,,,,,,3991,68,12642816,8317050880,0.135018,0.03483,0.041209,0.01179,0.00754,133.515798,0.01101,0.0,0.0,0.14174799999999999,0.254416,107.387858,0.0,0.121108,0.047799,0.142578,0.015689,2048,2033,1992,1,16264,4163584,4163584,1.60884,0.589041,2.15722,90.7363,13.851600000000001,0.12914799999999999,107.283,1992,34,4,285265168
tiledb,node,4096,0,cold,window_65536,1024,,,512,7,135.58293698588386,571813888,571813888,571813888,0.749454894,4096,4069,,0.993408203125,,1.0066355369869746,,,,,,4004,68,12651008,8317030400,0.610681,0.034979,0.045989,0.00923,0.00719,134.154829,0.0036,0.0,0.0,0.12056800000000001,0.245807,107.471226,0.0,0.122928,0.049019,0.214356,0.01556,2048,2037,2002,1,16296,4171776,4171776,1.6738300000000002,0.710859,2.2559899999999997,90.6805,13.88,0.151858,107.387,2002,34,4,285265168
tiledb,node,4096,0,cold,window_65536,1024,,,512,8,135.86870301514864,572080128,572080128,572080128,0.703372774,4096,4062,,0.99169921875,,1.0083702609551946,,,,,,3989,68,12636672,8317005824,0.191237,0.034119,0.04118,0.010009,0.00738,118.850877,0.00256,0.0,0.0,0.107859,0.132118,102.038717,0.0,0.088109,0.046689,16.253137,0.01611,1024,1017,999,1,8136,2082816,2082816,1.2513699999999999,0.49103099999999994,1.5803,92.1169,7.86244,0.092668,101.97399999999999,999,17,2,142632584
tiledb,node,4096,0,cold,window_65536,1024,,,512,9,152.14019000995904,572239872,572239872,572239872,0.989743563,4096,4073,,0.994384765625,,1.005646943285048,,,,,,4003,68,16908800,8319053824,0.152188,0.099358,0.038199,0.00967,0.00707,151.024947,0.00669,0.0,0.0,0.17536800000000002,0.366254,116.59906,0.0,0.163718,0.049599,0.259566,0.01578,3072,3054,3000,1,24432,6254592,6254592,2.45521,0.999385,3.39624,93.2818,19.064600000000002,0.173397,116.46199999999999,3000,51,6,427897752
tiledb,node,4096,0,cold,window_65536,8192,,,512,0,134.460492990911,512843776,512843776,512843776,0.8986675239999999,32768,30805,,0.940093994140625,,1.06372342152248,,,,,,27252,68,99361280,8375033856,0.239017,0.0,0.0,0.010369,0.0,0.00069,0.0,0.0,0.0,0.0,0.0,0.0,0.0,0.0,0.0,133.874723,0.041939,0,0,0,0,0,0,0,0.0,0.0,0.0,0.0,0.0,0.0,0.0,0,0,0,0
tiledb,node,4096,0,cold,window_65536,8192,,,512,1,143.53355899220333,572030976,572030976,572030976,0.862592254,32768,30786,,0.93951416015625,,1.0643799129474436,,,,,,27198,68,99353088,8351739904,0.262556,0.092799,0.035909,0.00968,0.00933,140.895908,0.043519,0.0,0.0,0.843558,1.507577,113.105202,0.0,0.607701,0.060659,1.203112,0.02454,16384,15392,13582,1,123136,31522816,31522816,4.70455,1.8356100000000002,7.642,89.8123,13.8353,0.69272,112.808,13582,34,4,285265168
tiledb,node,4096,0,cold,window_65536,8192,,,512,2,163.91600499628112,572276736,572276736,572276736,1.044140571,32768,30757,,0.938629150390625,,1.06538348993725,,,,,,27096,68,132207104,8361234432,0.273916,0.093099,0.035479,0.00956,0.00628,114.961875,0.00852,0.0,0.0,0.266336,0.786638,97.104681,0.0,0.320265,0.052459,47.811357,0.02331,8192,7675,6759,1,61400,15718400,15718400,3.04358,1.1667699999999999,4.38997,85.3775,6.39643,0.304736,96.8901,6759,17,2,142632584
tiledb,node,4096,0,cold,window_65536,8192,,,512,3,174.02940400643274,572100608,572100608,572100608,1.095915682,32768,30775,,0.939178466796875,,1.0647603574329814,,,,,,27218,68,132239872,8378818560,0.313986,0.078079,0.03677,0.009249,0.01084,170.793412,0.02131,0.0,0.0,0.501713,2.158588,131.923071,0.0,0.877537,0.075529,1.492668,0.0222,24576,23098,20430,1,184784,47304704,47304704,8.26753,2.57724,12.2822,96.1373,20.2345,1.2077,131.383,20430,51,6,427897752
tiledb,node,4096,0,cold,window_65536,8192,,,512,4,150.29891696758568,572084224,572084224,572084224,0.998810172,32768,30823,,0.940643310546875,,1.0631022288550758,,,,,,27323,68,99406336,8376246272,0.197337,0.094229,0.037429,0.00955,0.00928,147.735026,0.02732,0.0,0.0,0.449473,1.546467,116.355034,0.0,0.603981,0.055289,1.209732,0.02065,16384,15405,13663,1,123240,31549440,31549440,4.24703,1.62104,6.85189,95.57549999999999,11.8728,0.712299,115.94699999999999,13663,34,4,285265168
tiledb,node,4096,0,cold,window_65536,8192,,,512,5,170.7339319982566,572235776,572235776,572235776,0.988477586,32768,30803,,0.940032958984375,,1.0637924877447003,,,,,,27123,68,132266496,8385482752,0.197537,0.078039,0.037449,0.01043,0.01058,167.615479,0.080549,0.0,0.0,0.505853,2.276596,129.173673,0.0,0.877587,0.065269,1.486577,0.02251,24576,23111,20368,1,184888,47331328,47331328,6.61135,2.1754700000000002,10.7999,96.3081,18.762999999999998,1.19062,128.614,20368,51,6,427897752
tiledb,node,4096,0,cold,window_65536,8192,,,512,6,167.05754800932482,572133376,572133376,572133376,0.936818718,32768,30827,,0.940765380859375,,1.0629642845557465,,,,,,27278,68,132266496,8368209920,0.327685,0.093739,0.034969,0.00954,0.00593,115.95542,0.035279,0.0,0.0,0.292405,0.779169,100.299944,0.0,0.326385,0.053649,49.983284,0.02308,8192,7716,6798,1,61728,15802368,15802368,3.9348899999999998,1.80817,5.6079099999999995,87.1523,6.4886099999999995,0.381915,100.06,6798,17,2,142632584
tiledb,node,4096,0,cold,window_65536,8192,,,512,7,142.60173198999837,572104704,572104704,572104704,0.941385194,32768,30720,,0.9375,,1.0666666666666667,,,,,,27171,68,99363328,8367869952,0.67349,0.100048,0.0373,0.00948,0.00917,139.569617,0.015119,0.0,0.0,0.37248400000000004,1.579237,113.25547,0.0,0.600561,0.05759,1.234092,0.022929,16384,15397,13609,1,123176,31533056,31533056,5.58826,3.0192,9.28451,88.4652,13.594,0.729159,112.94800000000001,13609,34,4,285265168
tiledb,node,4096,0,cold,window_65536,8192,,,512,8,141.72228600364178,572010496,572010496,572010496,0.875966662,32768,30797,,0.939849853515625,,1.0639997402344383,,,,,,27099,68,99377664,8350048256,0.261786,0.092539,0.036099,0.01009,0.00732,139.367541,0.01459,0.0,0.0,0.332505,1.532047,112.275955,0.0,0.601401,0.055879,0.935336,0.0227,16384,15404,13582,1,123232,31547392,31547392,4.529369999999999,1.97537,8.05305,88.03420000000001,14.1497,0.7009489999999999,111.967,13582,34,4,285265168
tiledb,node,4096,0,cold,window_65536,8192,,,512,9,142.32666697353125,572321792,572321792,572321792,0.863114638,32768,30842,,0.94122314453125,,1.0624473121068672,,,,,,27185,68,99465728,8350101504,0.200677,0.092358,0.03628,0.00981,0.009369,139.757545,0.01511,0.0,0.0,0.337565,1.547167,113.28465,0.0,0.603751,0.05844,1.203402,0.02287,16384,15447,13599,1,123576,31635456,31635456,4.9536500000000006,2.51548,8.36284,89.7221,13.2866,0.64232,112.77199999999999,13599,34,4,285265168
tiledb,node,4096,0,cold,window_65536,65536,,,512,0,176.859411993064,572231680,572231680,572231680,1.204982697,262144,165856,,0.6326904296875,,1.580551803974532,,,,,,61164,68,712583680,8431497216,0.298095,0.090979,0.038779,0.01342,0.01971,163.53296,0.069819,0.0,0.0,0.747758,3.500118,129.524778,0.0,3.024175,0.323125,8.976666,0.179658,131072,82875,30552,1,663000,169728000,169728000,9.5744,3.34784,15.3827,96.0091,12.2048,3.6054,128.74099999999999,30552,34,4,285265168
tiledb,node,4096,0,cold,window_65536,65536,,,512,1,156.5988029469736,571867136,571867136,571867136,1.076695766,262144,165959,,0.6330833435058594,,1.579570857862484,,,,,,60814,68,712618496,8399372288,0.307486,0.093908,0.03991,0.010089,0.02071,143.303592,0.067969,0.0,0.0,0.667959,3.673126,118.096168,0.0,3.021995,0.325875,8.957686,0.183127,131072,82998,30457,1,663984,169979904,169979904,10.0908,6.21251,17.4483,83.6488,12.5044,2.30761,117.446,30457,34,4,285265168
tiledb,node,4096,0,cold,window_65536,65536,,,512,2,162.92432002956048,572219392,572219392,572219392,0.972242102,262144,165848,,0.632659912109375,,1.580628044956828,,,,,,60850,68,712507904,8399597568,0.314666,0.092119,0.039549,0.00988,0.02005,149.744656,0.066439,0.0,0.0,0.63494,3.509698,118.168417,0.0,3.016035,0.324035,8.854428,0.182018,131072,82817,30510,1,662536,169609216,169609216,8.21406,4.4958100000000005,14.7702,86.30210000000001,12.7524,2.39295,117.54100000000001,30510,34,4,285265168
tiledb,node,4096,0,cold,window_65536,65536,,,512,3,147.24908402422443,572252160,572252160,572252160,1.0578684059999999,262144,166012,,0.6332855224609375,,1.5790665735007108,,,,,,60943,68,491092480,8380657664,0.241826,0.082919,0.037579,0.01271,0.01317,137.535528,0.037619,0.0,0.0,0.360715,1.679455,117.101302,0.0,1.550217,0.172777,7.063984,0.179808,65536,41538,15241,1,332304,85069824,85069824,4.50375,2.20839,7.80071,97.1645,9.29507,1.39709,116.43599999999999,15241,17,2,142632584
tiledb,node,4096,0,cold,window_65536,65536,,,512,4,164.19739101547748,572133376,572133376,572133376,1.020855334,262144,165653,,0.6319160461425781,,1.5824886962505962,,,,,,61016,68,712317440,8399290368,0.279246,0.090079,0.0389,0.010859,0.01963,151.101116,0.144558,0.0,0.0,0.7062590000000001,3.329351,120.036339,0.0,3.018135,0.327765,8.799099,0.181417,131072,82851,30470,1,662808,169678848,169678848,11.2841,5.41899,18.7579,81.6777,14.942499999999999,2.31833,119.284,30470,34,4,285265168
tiledb,node,4096,0,cold,window_65536,65536,,,512,5,163.3182039950043,572211200,572211200,572211200,1.103925274,262144,165510,,0.6313705444335938,,1.5838559603649327,,,,,,61220,68,712319488,8399695872,0.248516,0.091619,0.038949,0.01042,0.01979,150.351777,0.067239,0.0,0.0,0.6472800000000001,3.557377,119.580206,0.0,3.018065,0.326035,8.68985,0.185918,131072,82852,30543,1,662816,169680896,169680896,8.083770000000001,4.128950000000001,14.761,84.5277,15.261500000000002,2.2183699999999997,118.184,30543,34,4,285265168
tiledb,node,4096,0,cold,window_65536,65536,,,512,6,163.4051920264028,572145664,572145664,572145664,1.0237524980000001,262144,165794,,0.6324539184570312,,1.581142864036093,,,,,,61155,68,712507904,8400429056,0.236077,0.090729,0.037069,0.01236,0.02014,150.364667,0.092409,0.0,0.0,0.645981,3.242261,121.582006,0.0,3.022315,0.324115,8.761709,0.179648,131072,82920,30640,1,663360,169820160,169820160,11.8172,5.5883,19.3727,82.9105,14.7318,2.42757,120.824,30640,34,4,285265168
tiledb,node,4096,0,cold,window_65536,65536,,,512,7,175.20325595978647,572166144,572166144,572166144,1.189791033,262144,165392,,0.63092041015625,,1.5849859727193576,,,,,,60775,68,712507904,8436097024,0.283596,0.090559,0.03804,0.010679,0.01989,162.123131,0.142588,0.0,0.0,0.703009,3.324811,128.296176,0.0,3.007286,0.323895,8.791559,0.179527,131072,82505,30426,1,660040,168970240,168970240,11.549900000000001,5.55999,18.772299999999998,90.40339999999999,14.6892,2.30666,127.517,30426,34,4,285265168
tiledb,node,4096,0,cold,window_65536,65536,,,512,8,158.9121000142768,572133376,572133376,572133376,0.9606523969999999,262144,165709,,0.6321296691894531,,1.5819539071504867,,,,,,60901,68,712507904,8417378304,0.242457,0.082609,0.037979,0.01051,0.01276,126.410424,0.043159,0.0,0.0,0.36457399999999995,1.781184,107.297989,0.0,1.531017,0.171068,29.902124,0.170907,65536,41383,15227,1,331064,84752384,84752384,5.79864,3.2157,9.26784,87.8611,7.34179,1.71575,106.86,15227,17,3,142632584
tiledb,node,4096,0,cold,window_65536,65536,,,512,9,197.55376200191677,571936768,571936768,571936768,1.3293701370000002,262144,165707,,0.6321220397949219,,1.5819730005370927,,,,,,61063,68,934060544,8441810944,0.259396,0.095459,0.037669,0.01085,0.02553,180.452607,0.262076,0.0,0.0,1.207922,4.774459,138.947987,0.0,4.505813,0.482503,11.166314,0.181307,196608,124308,45789,1,994464,254582784,254582784,21.0674,8.83663,34.3469,76.8832,21.0146,3.1548000000000003,137.623,45789,51,6,427897752
tiledb,node,4096,0,warm,random,1024,,,512,0,507.05905503127724,0,0,0,15.225491556,4096,4095,,0.999755859375,,1.0002442002442002,,,,,,4095,3659,8514560,8318664704,0.148608,0.033729,0.03966,0.01222,0.00778,452.863903,0.018399,0.0,0.0,0.099799,0.137808,350.399322,0.0,0.090019,0.045009,53.436422,0.01526,1021,1020,1020,1,8160,2088960,2088960,1.3359999999999999,0.633092,1.7887199999999999,244.106,262.017,0.895587,350.334,1020,643,239,5394867736
tiledb,node,4096,0,warm,random,1024,,,512,1,504.13223897339776,0,0,0,15.37075256,4096,4096,,1.0,,1.0,,,,,,4096,3621,8498176,8318754816,0.180468,0.03353,0.041229,0.00892,0.00743,440.253072,0.00709,0.0,0.0,0.098148,0.154158,337.644853,0.0,0.098728,0.05677,63.096558,0.01578,1034,1034,1034,1,8272,2117632,2117632,1.67465,0.7467010000000001,2.1050999999999997,305.545,246.34900000000002,0.760031,337.572,1034,647,246,5428428344
tiledb,node,4096,0,warm,random,1024,,,512,2,478.60279999440536,0,0,0,14.979524979,4096,4095,,0.999755859375,,1.0002442002442002,,,,,,4095,3611,8600576,8318701568,0.166537,0.03339,0.043249,0.00998,0.00732,477.741372,0.009969,0.0,0.0,0.107539,0.131438,377.943932,0.0,0.082199,0.042949,0.127888,0.01556,993,993,993,1,7944,2033664,2033664,1.0575700000000001,0.39133100000000004,1.4293699999999998,246.921,261.99699999999996,0.65975,377.87100000000004,993,606,252,5084432112
tiledb,node,4096,0,warm,random,1024,,,512,3,498.8752870121971,0,0,0,17.267666048000002,4096,4096,,1.0,,1.0,,,,,,4096,3634,8465408,8318668800,0.135358,0.03335,0.041019,0.01067,0.00726,457.256188,0.00727,0.0,0.0,0.09686800000000001,0.182117,352.838537,0.0,0.083109,0.045099,40.91244,0.01677,1018,1018,1018,1,8144,2084864,2084864,1.25929,0.55565,1.71854,297.79299999999995,284.989,0.883816,352.774,1018,648,248,5436818496
tiledb,node,4096,0,warm,random,1024,,,512,4,472.7258780039847,0,0,0,14.810527376,4096,4096,,1.0,,1.0,,,,,,4096,3603,8522752,8318279680,0.129538,0.033419,0.04063,0.01162,0.006239,421.278875,0.00678,0.0,0.0,0.09823899999999999,0.141808,318.500248,0.0,0.090739,0.044079,50.719073,0.01655,1044,1044,1044,1,8352,2138112,2138112,1.70711,0.76747,2.17286,257.20500000000004,264.863,0.828369,318.435,1044,657,245,5512329864
tiledb,node,4096,0,warm,random,1024,,,512,5,495.55727699771523,0,0,0,16.558444987,4096,4096,,1.0,,1.0,,,,,,4096,3624,8563712,8318251008,0.141958,0.03372,0.041029,0.00916,0.00966,445.03584,0.00863,0.0,0.0,0.097948,0.129788,336.702947,0.0,0.085869,0.045119,49.805368,0.016459,994,994,994,1,7952,2035712,2035712,1.26666,0.634702,1.66859,290.00399999999996,264.29999999999995,0.629461,336.638,994,635,256,5327746520
tiledb,node,4096,0,warm,random,1024,,,512,6,477.13616100372747,0,0,0,15.440951105,4096,4096,,1.0,,1.0,,,,,,4096,3624,8565760,8318218240,0.126899,0.0337,0.039809,0.01006,0.00609,448.534058,0.00716,0.0,0.0,0.10874800000000001,0.132328,347.91539,0.0,0.083949,0.045729,27.911243,0.01591,1008,1008,1008,1,8064,2064384,2064384,1.33279,0.615942,1.77572,255.29000000000002,258.79600000000005,0.880958,347.848,1008,647,233,5428428344
tiledb,node,4096,0,warm,random,1024,,,512,7,483.76928200013936,0,0,0,15.821183939,4096,4096,,1.0,,1.0,,,,,,4095,3638,8539136,8318234624,0.178298,0.03494,0.042879,0.0097,0.0073,482.889266,0.00743,0.0,0.0,0.112708,0.125768,396.104091,0.0,0.084059,0.045319,0.120028,0.01546,1015,1015,1014,1,8120,2078720,2078720,1.0013800000000002,0.465633,1.37918,306.28,276.289,0.693308,396.033,1014,641,226,5378087432
tiledb,node,4096,0,warm,random,1024,,,512,8,486.50300200097263,0,0,0,15.551033213,4096,4096,,1.0,,1.0,,,,,,4096,3610,8625152,8318144512,0.745148,0.03412,0.042579,0.00996,0.00645,485.068863,0.00771,0.0,0.0,0.107459,0.147367,404.586074,0.0,0.086709,0.044879,0.122998,0.01561,1069,1069,1069,1,8552,2189312,2189312,1.28606,0.542573,1.67132,264.53,262.046,0.65868,404.507,1069,674,240,5654962448
tiledb,node,4096,0,warm,random,1024,,,512,9,480.679719010368,0,0,0,14.2526319,4096,4096,,1.0,,1.0,,,,,,4096,3596,8637440,8318246912,0.130528,0.0319,0.039739,0.01009,0.00509,433.136608,0.00739,0.0,0.0,0.097118,0.132438,319.794479,0.0,0.089038,0.04404,46.854161,0.01488,1015,1015,1015,1,8120,2078720,2078720,1.36405,0.655068,1.82222,264.029,248.79000000000002,0.813239,319.729,1015,640,247,5369697280
tiledb,node,4096,0,warm,random,8192,,,512,0,684.630036004819,0,0,0,19.731062667,32768,32755,,0.999603271484375,,1.0003968859716075,,,,,,32736,14178,67732480,8350994432,0.211067,0.091888,0.03604,0.014319,0.0083,682.887523,0.03546,0.0,0.0,0.251365,0.968506,587.410157,0.0,0.339175,0.05107,0.591991,0.02022,8245,8232,8214,1,65856,16859136,16859136,4.12192,1.9920200000000001,6.51072,436.632,280.35900000000004,1.87279,587.208,8214,1024,96,8591515648
tiledb,node,4096,0,warm,random,8192,,,512,1,702.9613030026667,0,0,0,20.995736137,32768,32756,,0.9996337890625,,1.0003663450970814,,,,,,32741,14191,67911168,8348901376,0.213607,0.093118,0.0415,0.009949,0.00639,701.239489,0.0088,0.0,0.0,0.236767,1.009655,635.209733,0.0,0.344765,0.053649,0.615271,0.021979,8296,8285,8267,1,66280,16967680,16967680,5.1734,1.9590100000000001,7.884830000000001,461.789,373.015,1.65438,635.015,8267,1024,96,8591515648
tiledb,node,4096,0,warm,random,8192,,,512,2,689.9362769909203,0,0,0,20.144436248,32768,32755,,0.999603271484375,,1.0003968859716075,,,,,,32742,14161,67993088,8348557312,0.248356,0.093728,0.03655,0.01024,0.008119,688.057465,0.00874,0.0,0.0,0.237796,0.919687,595.847781,0.0,0.407354,0.124129,0.580421,0.02229,8198,8184,8165,1,65472,16760832,16760832,2.96167,1.3420299999999998,4.95853,463.99899999999997,333.498,1.5545,595.642,8165,1024,96,8591515648
tiledb,node,4096,0,warm,random,8192,,,512,3,691.9147769804113,0,0,0,21.726194218,32768,32764,,0.9998779296875,,1.0001220852154804,,,,,,32746,14169,67921408,8348610560,0.198347,0.093299,0.037309,0.00981,0.00816,690.317771,0.01153,0.0,0.0,0.23375600000000002,0.926546,608.727819,0.0,0.327725,0.03903,0.590182,0.021229,8194,8190,8173,1,65520,16773120,16773120,3.41538,1.51245,5.8788800000000005,511.618,399.82800000000003,1.62482,608.529,8173,1024,96,8591515648
tiledb,node,4096,0,warm,random,8192,,,512,4,683.7614590185694,0,0,0,19.832058247,32768,32757,,0.999664306640625,,1.0003358060872485,,,,,,32746,14132,67695616,8348270592,0.202147,0.094399,0.036529,0.01012,0.00836,682.030535,0.03407,0.0,0.0,0.24221700000000002,1.029694,593.576484,0.0,0.341065,0.052729,0.62065,0.02146,8243,8234,8225,1,65872,16863232,16863232,3.80702,1.3018299999999998,5.90432,466.851,345.277,2.0093,593.362,8225,1023,99,8583125496
tiledb,node,4096,0,warm,random,8192,,,512,5,702.7432959876023,0,0,0,20.119120868,32768,32755,,0.999603271484375,,1.0003968859716075,,,,,,32745,14163,67773952,8351002624,0.214797,0.096238,0.03753,0.01136,0.00808,700.966642,0.008729,0.0,0.0,0.24622700000000003,1.003465,632.273757,0.0,0.347475,0.056709,0.620171,0.02063,8263,8251,8234,1,66008,16898048,16898048,4.23817,1.56022,6.40585,452.97900000000004,406.082,1.79354,632.068,8234,1024,96,8591515648
tiledb,node,4096,0,warm,random,8192,,,512,6,677.7966379886493,0,0,0,19.447336047,32768,32761,,0.999786376953125,,1.0002136686914318,,,,,,32749,14131,67986944,8349655040,0.238366,0.094409,0.036229,0.00912,0.00939,676.048334,0.00998,0.0,0.0,0.233657,0.911556,590.443081,0.0,0.332875,0.051339,0.61536,0.02212,8122,8119,8109,1,64952,16627712,16627712,3.0054700000000003,1.3208,5.07968,462.779,340.229,1.9588,590.244,8109,1023,97,8583125496
tiledb,node,4096,0,warm,random,8192,,,512,7,687.653481028974,0,0,0,19.890588381,32768,32759,,0.999725341796875,,1.0002747336609787,,,,,,32739,14194,67814912,8349696000,0.202467,0.094458,0.0372,0.01037,0.009,685.960116,0.009929,0.0,0.0,0.237486,0.923557,602.344624,0.0,0.334015,0.052739,0.594242,0.021169,8126,8114,8100,1,64912,16617472,16617472,3.1465400000000003,1.34259,5.01068,462.034,340.83799999999997,1.9095799999999998,602.1379999999999,8100,1024,96,8591515648
tiledb,node,4096,0,warm,random,8192,,,512,8,678.4920379868709,0,0,0,19.411827855,32768,32760,,0.999755859375,,1.0002442002442002,,,,,,32742,14084,67857920,8348504064,0.252466,0.091639,0.036189,0.00931,0.00828,676.726804,0.032619,0.0,0.0,0.248187,0.952866,594.119336,0.0,0.342845,0.052269,0.61916,0.02161,8284,8271,8253,1,66168,16939008,16939008,4.11179,1.48624,6.03332,466.928,339.807,1.9497,593.905,8253,1024,96,8591515648
tiledb,node,4096,0,warm,random,8192,,,512,9,689.8532880004495,0,0,0,21.227868255,32768,32763,,0.999847412109375,,1.0001526111772425,,,,,,32736,14222,67913216,8351772672,0.222127,0.091398,0.03665,0.011699,0.00793,667.794168,0.01603,0.0,0.0,0.244217,0.970965,568.136214,0.0,0.342464,0.05344,20.914478,0.02083,8268,8254,8239,1,66032,16904192,16904192,4.59029,2.0424,7.08738,440.304,395.99600000000004,1.8049,567.932,8239,1024,96,8591515648
tiledb,node,4096,0,warm,random,65536,,,512,0,790.8417019643821,0,0,0,19.484514467,262144,261627,,0.9980278015136719,,1.0019760957393542,,,,,,260583,16384,540722688,8594227200,0.813487,0.084839,0.038059,0.01413,0.01672,735.797663,0.055429,0.0,0.0,1.3301690000000002,7.119614,621.130604,0.0,2.369194,0.204227,50.927251,0.184717,65200,64667,63663,1,517336,132438016,132438016,18.9695,11.1409,35.7584,391.681,334.837,7.66572,619.884,63663,1024,96,8591515648
tiledb,node,4096,0,warm,random,65536,,,512,1,792.0314739458263,0,0,0,20.118744808,262144,261609,,0.9979591369628906,,1.0020450366768727,,,,,,260581,16384,540540416,8594640896,0.274366,0.086459,0.040369,0.01119,0.01659,785.254105,0.051259,0.0,0.0,1.266621,6.475964,698.689686,0.0,2.392674,0.287076,3.131443,0.182737,64997,64493,63493,1,515944,132081664,132081664,18.8761,10.7393,35.265299999999996,357.721,378.67,5.7531099999999995,697.465,63493,1024,96,8591515648
tiledb,node,4096,0,warm,random,65536,,,512,2,794.9844599934295,0,0,0,19.111527826,262144,261642,,0.9980850219726562,,1.0019186522041568,,,,,,260678,16384,540638208,8594931712,0.290896,0.087279,0.045779,0.01141,0.01668,788.23415,0.051689,0.0,0.0,1.260471,6.537822,711.040362,0.0,2.393565,0.209946,3.159913,0.180047,65833,65363,64336,1,522904,133863424,133863424,18.0061,9.70641,33.2615,349.171,363.203,6.12675,709.781,64336,1024,96,8591515648
tiledb,node,4096,0,warm,random,65536,,,512,3,799.0274499752559,0,0,0,19.577662435,262144,261637,,0.9980659484863281,,1.0019377993173748,,,,,,260688,16384,540825600,8595066880,0.307385,0.087759,0.040099,0.0113,0.01694,792.26983,0.051309,0.0,0.0,1.268711,6.583051,718.036328,0.0,2.394084,0.207897,3.154572,0.180838,65922,65436,64446,1,523488,134012928,134012928,18.087200000000003,10.0284,34.8201,384.129,386.454,6.7264100000000004,716.788,64446,1024,96,8591515648
tiledb,node,4096,0,warm,random,65536,,,512,4,838.9586340053938,0,0,0,19.454255998,262144,261619,,0.9979972839355469,,1.0020067349848443,,,,,,260580,16384,539924992,8595275776,0.283995,0.085999,0.039949,0.01089,0.0165,832.235654,0.051599,0.0,0.0,1.267721,6.550892,762.275388,0.0,2.380544,0.205257,3.163292,0.180898,65451,64937,63984,1,519496,132990976,132990976,19.054100000000002,10.7614,34.9036,435.329,307.958,6.18404,761.038,63984,1024,96,8591515648
tiledb,node,4096,0,warm,random,65536,,,512,5,791.7727180174552,0,0,0,19.876623885,262144,261647,,0.9981040954589844,,1.0018995058227307,,,,,,260634,16384,540025856,8595714048,0.310635,0.087059,0.040169,0.01058,0.01701,785.054398,0.051589,0.0,0.0,1.29831,6.681801,686.431509,0.0,2.383634,0.205077,3.135563,0.178278,65539,65060,64087,1,520480,133242880,133242880,22.1084,12.486799999999999,38.3027,355.932,367.705,5.67807,684.7220000000001,64087,1024,96,8591515648
tiledb,node,4096,0,warm,random,65536,,,512,6,796.6843440080993,0,0,0,18.835755486,262144,261607,,0.9979515075683594,,1.0020526973666606,,,,,,260609,16384,540325888,8595755008,0.288615,0.088519,0.038429,0.01129,0.01689,789.877296,0.050939,0.0,0.0,1.292601,6.065939,715.644643,0.0,2.387064,0.204247,3.231082,0.182227,65683,65157,64138,1,521256,133441536,133441536,20.6537,11.8823,37.803000000000004,397.459,339.96999999999997,6.843710000000001,714.053,64138,1024,96,8591515648
tiledb,node,4096,0,warm,random,65536,,,512,7,811.9164970121346,0,0,0,19.111549679,262144,261597,,0.9979133605957031,,1.0020910025726595,,,,,,260572,16384,540128256,8595832832,0.327765,0.088008,0.03941,0.012,0.016639,805.143889,0.05123,0.0,0.0,1.281431,6.67425,721.987909,0.0,2.382054,0.208627,3.155843,0.180377,65589,65085,64054,1,520680,133294080,133294080,19.4442,11.3269,36.083400000000005,369.081,352.417,6.111680000000001,720.748,64054,1024,96,8591515648
tiledb,node,4096,0,warm,random,65536,,,512,8,796.1099129752256,0,0,0,19.103626417,262144,261629,,0.9980354309082031,,1.0019684362207553,,,,,,260622,16384,540251136,8595984384,0.313895,0.086518,0.03937,0.01135,0.016479,789.378904,0.05139,0.0,0.0,1.270961,6.618191,696.013737,0.0,2.369904,0.203827,3.159202,0.181708,65186,64693,63737,1,517544,132491264,132491264,19.646,11.388,36.681,360.468,378.49,5.6368599999999995,694.781,63737,1024,96,8591515648
tiledb,node,4096,0,warm,random,65536,,,512,9,793.5557619784959,0,0,0,19.161642429,262144,261633,,0.9980506896972656,,1.0019531175348675,,,,,,260582,16384,540017664,8595877888,0.766049,0.086719,0.03832,0.013469,0.01627,786.25102,0.052079,0.0,0.0,1.280551,6.504603,699.210518,0.0,2.379175,0.284415,3.189012,0.179907,65498,65008,63960,1,520064,133136384,133136384,19.882299999999997,11.9612,35.9187,374.61499999999995,369.101,5.98439,697.99,63960,1024,96,8591515648
tiledb,node,4096,0,warm,window_256,1024,,,512,0,8.68418999016285,0,0,0,0.051363178,4096,1002,,0.24462890625,,4.087824351297405,,,,,,25,4,12149248,8320376832,0.122139,0.0,0.0,0.00828,0.0,0.00022,0.0,0.0,0.0,0.0,0.0,0.0,0.0,0.0,0.0,8.408975,0.01198,0,0,0,0,0,0,0,0.0,0.0,0.0,0.0,0.0,0.0,0.0,0,0,0,0
tiledb,node,4096,0,warm,window_256,1024,,,512,1,8.240386960096657,0,0,0,0.044341931,4096,1009,,0.246337890625,,4.059464816650149,,,,,,18,5,9511424,8320229376,0.108389,0.03127,0.033809,0.00829,0.00466,3.797973,0.0018,0.0,0.0,0.048849000000000004,0.00582,2.69554,0.0,0.02119,0.02112,4.070349,0.0126,1024,251,5,1,2008,514048,514048,0.296036,0.118449,0.331325,1.7258200000000001,0.489893,0.031729,2.67029,5,1,1,8390152
tiledb,node,4096,0,warm,window_256,1024,,,512,2,7.405960001051426,0,0,0,0.043953730999999996,4096,1007,,0.245849609375,,4.067527308838133,,,,,,20,5,6859264,8320094208,0.111779,0.03261,0.037649,0.00869,0.00607,6.900227,0.00175,0.0,0.0,0.060788999999999996,0.00686,5.476968,0.0,0.02214,0.022269,0.137208,0.01124,1024,252,5,1,2016,516096,516096,0.291375,0.13472599999999998,0.334705,4.1864099999999995,0.761568,0.03723,5.44441,5,2,1,16780304
tiledb,node,4096,0,warm,window_256,1024,,,512,3,6.663570995442569,0,0,0,0.041012111,4096,1010,,0.24658203125,,4.0554455445544555,,,,,,18,4,9513472,8320077824,0.097068,0.03345,0.035449,0.00907,0.00642,6.116879,0.0048,0.0,0.0,0.055699,0.00744,4.393094,0.0,0.031129,0.02538,0.175527,0.00931,2048,505,9,1,4040,1034240,1034240,0.477113,0.23447400000000002,0.519823,2.7938799999999997,0.868137,0.0515,4.36542,9,2,2,16780304
tiledb,node,4096,0,warm,window_256,1024,,,512,4,6.625990965403616,0,0,0,0.039997173,4096,1007,,0.245849609375,,4.067527308838133,,,,,,20,4,9519616,8320061440,0.097209,0.032099,0.02904,0.00839,0.00689,3.597906,0.00153,0.0,0.0,0.026119000000000003,0.00283,2.6801,0.0,0.02133,0.020529,2.69136,0.01095,1024,251,6,1,2008,514048,514048,0.326035,0.147998,0.361744,1.74187,0.461283,0.030379,2.66362,6,1,1,8390152
tiledb,node,4096,0,warm,window_256,1024,,,512,5,6.3280860194936395,0,0,0,0.041965788000000004,4096,1009,,0.246337890625,,4.059464816650149,,,,,,19,4,9515520,8320069632,0.121499,0.03279,0.032529,0.00848,0.00689,5.779904,0.00177,0.0,0.0,0.047598999999999995,0.00632,4.271216,0.0,0.032619,0.02619,0.172887,0.01104,2048,503,11,1,4024,1030144,1030144,0.47558300000000003,0.271715,0.526652,2.53521,0.9977849999999999,0.05252,4.24642,11,2,2,16780304
tiledb,node,4096,0,warm,window_256,1024,,,512,6,6.508141988888383,0,0,0,0.038986431,4096,1006,,0.24560546875,,4.071570576540755,,,,,,22,4,9505280,8320045056,0.093058,0.03191,0.037489,0.0088,0.00702,3.534907,0.00151,0.0,0.0,0.040549,0.0043,2.70093,0.0,0.02245,0.021069,2.625831,0.01076,1024,252,5,1,2016,516096,516096,0.28673499999999996,0.12844,0.323185,1.71079,0.48684299999999997,0.048368999999999995,2.67906,5,1,1,8390152
tiledb,node,4096,0,warm,window_256,1024,,,512,7,8.762339944951236,0,0,0,0.051034074,4096,1012,,0.2470703125,,4.047430830039525,,,,,,16,4,12173824,8320057344,0.129038,0.0,0.0,0.0077,0.0,0.00016,0.0,0.0,0.0,0.0,0.0,0.0,0.0,0.0,0.0,8.539913,0.0105,0,0,0,0,0,0,0,0.0,0.0,0.0,0.0,0.0,0.0,0.0,0,0,0,0
tiledb,node,4096,0,warm,window_256,1024,,,512,8,7.773104007355869,0,0,0,0.047853826,4096,1008,,0.24609375,,4.063492063492063,,,,,,19,4,12163584,8320036864,0.138088,0.087489,0.028949,0.00874,0.00604,7.205892,0.00614,0.0,0.0,0.029509,0.00505,4.858248,0.0,0.04175,0.024699,0.114948,0.01024,3072,755,15,1,6040,1546240,1546240,0.544552,0.302126,0.587681,2.73824,1.3162200000000002,0.057579,4.839429999999999,15,3,3,25170456
tiledb,node,4096,0,warm,window_256,1024,,,512,9,6.820537964813411,0,0,0,0.043401683999999996,4096,1006,,0.24560546875,,4.071570576540755,,,,,,22,5,9507328,8320008192,0.083779,0.030049,0.02866,0.00845,0.00608,6.441754,0.00139,0.0,0.0,0.029469,0.00314,4.882877,0.0,0.021679,0.02096,0.054729,0.01067,1024,252,5,1,2016,516096,516096,0.30613500000000005,0.12537700000000002,0.344425,3.4291199999999997,0.949896,0.03253,4.864699999999999,5,2,1,16780304
tiledb,node,4096,0,warm,window_256,8192,,,512,0,10.019020992331207,0,0,0,0.049955031999999996,32768,1024,,0.03125,,32.0,,,,,,4,5,68878848,8320376832,0.211207,0.086999,0.028319,0.00822,0.00845,3.246222,0.00301,0.0,0.0,0.03161,0.001729,2.430634,0.0,0.022429,0.02955,6.259676,0.02245,8192,256,1,1,2048,524288,524288,0.10081899999999999,0.02962,0.149088,1.6388,0.46814300000000003,0.044338999999999996,2.41377,1,1,1,8390152
tiledb,node,4096,0,warm,window_256,8192,,,512,1,7.567587017547339,0,0,0,0.047263237,32768,1024,,0.03125,,32.0,,,,,,4,4,68878848,8320643072,0.629491,0.0,0.0,0.00804,0.0,0.00022,0.0,0.0,0.0,0.0,0.0,0.0,0.0,0.0,0.0,6.817778,0.01686,0,0,0,0,0,0,0,0.0,0.0,0.0,0.0,0.0,0.0,0.0,0,0,0,0
tiledb,node,4096,0,warm,window_256,8192,,,512,2,6.584691989701241,0,0,0,0.038600938,32768,1024,,0.03125,,32.0,,,,,,4,4,68878848,8320495616,0.188097,0.0,0.0,0.00809,0.0,0.0002,0.0,0.0,0.0,0.0,0.0,0.0,0.0,0.0,0.0,6.285416,0.01673,0,0,0,0,0,0,0,0.0,0.0,0.0,0.0,0.0,0.0,0.0,0,0,0,0
tiledb,node,4096,0,warm,window_256,8192,,,512,3,7.25410197628662,0,0,0,0.045573076,32768,1024,,0.03125,,32.0,,,,,,4,4,68878848,8320634880,0.163428,0.086019,0.02868,0.00906,0.004939,5.606857,0.00468,0.0,0.0,0.03255,0.00323,3.923281,0.0,0.032269,0.03499,1.154172,0.01732,16384,512,2,1,4096,1048576,1048576,0.212126,0.120278,0.25120600000000004,2.6730199999999997,0.824017,0.045159,3.90479,2,2,2,16780304
tiledb,node,4096,0,warm,window_256,8192,,,512,4,6.368574977386743,0,0,0,0.036651627,32768,1024,,0.03125,,32.0,,,,,,4,4,68878848,8320491520,0.163517,0.087759,0.027639,0.00818,0.00638,3.31243,0.00164,0.0,0.0,0.02921,0.002529,2.440054,0.0,0.0224,0.02808,2.580781,0.01695,8192,256,1,1,2048,524288,524288,0.083119,0.03757,0.116298,1.70484,0.465893,0.041899,2.4205799999999997,1,1,1,8390152
tiledb,node,4096,0,warm,window_256,8192,,,512,5,7.182372966781259,0,0,0,0.040182898,32768,1024,,0.03125,,32.0,,,,,,4,4,68878848,8320487424,0.165427,0.088519,0.027929,0.00833,0.00721,5.538058,0.0045,0.0,0.0,0.02731,0.00252,3.98014,0.0,0.031339,0.03232,1.151452,0.01714,16384,512,2,1,4096,1048576,1048576,0.194718,0.10603800000000001,0.248247,2.66409,0.886417,0.04824,3.9615500000000003,2,2,2,16780304
tiledb,node,4096,0,warm,window_256,8192,,,512,6,8.31866601947695,0,0,0,0.048320299,32768,1024,,0.03125,,32.0,,,,,,4,4,86508032,8320622592,0.158288,0.088128,0.03688,0.00814,0.00646,3.375209,0.00126,0.0,0.0,0.027869,0.0018,2.606431,0.0,0.02228,0.02718,4.465124,0.017029,8192,256,1,1,2048,524288,524288,0.07091900000000001,0.0309,0.105838,1.89424,0.45731299999999997,0.047359,2.58811,1,1,1,8390152
tiledb,node,4096,0,warm,window_256,8192,,,512,7,9.184063004795462,0,0,0,0.055597252,32768,1024,,0.03125,,32.0,,,,,,4,4,86508032,8320618496,0.158447,0.078299,0.02712,0.008099,0.0062,7.211513,0.00182,0.0,0.0,0.02716,0.00266,4.856197,0.0,0.041099,0.03577,1.484978,0.0167,24576,768,3,1,6144,1572864,1572864,0.21552600000000002,0.118459,0.246616,3.31183,1.1159,0.047080000000000004,4.836,3,3,3,25170456
tiledb,node,4096,0,warm,window_256,8192,,,512,8,6.7353700287640095,0,0,0,0.04356348,32768,1024,,0.03125,,32.0,,,,,,4,4,68878848,8320487424,0.172698,0.087288,0.03318,0.00864,0.00624,5.34499,0.001879,0.0,0.0,0.02641,0.00243,3.780604,0.0,0.032079,0.03484,0.884387,0.01661,16384,512,2,1,4096,1048576,1048576,0.175467,0.095099,0.21762600000000001,2.50398,0.8844369999999999,0.04595,3.76219,2,2,2,16780304
tiledb,node,4096,0,warm,window_256,8192,,,512,9,4.999774973839521,0,0,0,0.033836278000000004,32768,1024,,0.03125,,32.0,,,,,,4,4,51249664,8320339968,0.167438,0.087909,0.02615,0.008429,0.00708,3.681535,0.0011,0.0,0.0,0.02587,0.00187,2.65265,0.0,0.02214,0.02734,0.841867,0.01664,8192,256,1,1,2048,524288,524288,0.06643900000000001,0.02408,0.11191799999999999,1.8023399999999998,0.574191,0.046779,2.6350700000000002,1,1,1,8390152
tiledb,node,4096,0,warm,window_256,65536,,,512,0,21.530108992010355,0,0,0,0.110842476,262144,1024,,0.00390625,,256.0,,,,,,4,5,822683648,8320684032,0.188727,0.0,0.0,0.00797,0.0,0.00016,0.0,0.0,0.0,0.0,0.0,0.0,0.0,0.0,0.0,21.083235,0.171728,0,0,0,0,0,0,0,0.0,0.0,0.0,0.0,0.0,0.0,0.0,0,0,0,0
tiledb,node,4096,0,warm,window_256,65536,,,512,1,12.61473202612251,0,0,0,0.062425226,262144,1024,,0.00390625,,256.0,,,,,,4,4,545830912,8321703936,0.208777,0.075988,0.02897,0.00842,0.00603,3.279531,0.00216,0.0,0.0,0.029289,0.00215,2.384175,0.0,0.02261,0.085288,8.613072,0.177807,65536,256,1,1,2048,524288,524288,0.128308,0.047419,0.188457,1.48273,0.570272,0.048079,2.36615,1,1,1,8390152
tiledb,node,4096,0,warm,window_256,65536,,,512,2,15.428769984282553,0,0,0,0.066273867,262144,1024,,0.00390625,,256.0,,,,,,4,4,545830912,8321695744,0.182027,0.084579,0.030219,0.0085,0.00732,5.784674,0.00186,0.0,0.0,0.026079,0.00249,3.964891,0.0,0.031269,0.177208,8.824099,0.180377,131072,512,2,1,4096,1048576,1048576,0.210587,0.104458,0.24959599999999998,2.6408500000000004,0.9005960000000001,0.041208999999999996,3.94703,2,2,2,16780304
tiledb,node,4096,0,warm,window_256,65536,,,512,3,15.22523199673742,0,0,0,0.067992135,262144,1024,,0.00390625,,256.0,,,,,,4,4,545830912,8321695744,0.184967,0.085448,0.02926,0.00832,0.0062,5.743994,0.00472,0.0,0.0,0.026369000000000004,0.00235,4.197578,0.0,0.03176,0.179987,8.657311,0.182247,131072,512,2,1,4096,1048576,1048576,0.215217,0.121529,0.257246,2.85528,0.898327,0.05001,4.17959,2,2,2,16780304
tiledb,node,4096,0,warm,window_256,65536,,,512,4,13.929631968494505,0,0,0,0.072589998,262144,1024,,0.00390625,,256.0,,,,,,4,4,545830912,8322752512,0.181408,0.082959,0.027,0.008509,0.00528,5.763884,0.00136,0.0,0.0,0.0264,0.00245,4.02993,0.0,0.03126,0.177717,7.35563,0.179958,131072,512,2,1,4096,1048576,1048576,0.141788,0.07635,0.195967,2.72669,0.913477,0.049579,4.0121,2,2,2,16780304
tiledb,node,4096,0,warm,window_256,65536,,,512,5,11.863002961035818,0,0,0,0.057150621,262144,1024,,0.00390625,,256.0,,,,,,4,4,545830912,8321695744,0.176017,0.076949,0.028639,0.00832,0.00626,3.161873,0.00108,0.0,0.0,0.026109,0.00188,2.396455,0.0,0.024389,0.085279,8.003861,0.175407,65536,256,1,1,2048,524288,524288,0.073849,0.033399000000000005,0.10752900000000001,1.65686,0.47179299999999996,0.052439,2.3789800000000003,1,1,1,8390152
tiledb,node,4096,0,warm,window_256,65536,,,512,6,15.27977199293673,0,0,0,0.064471096,262144,1024,,0.00390625,,256.0,,,,,,4,4,545830912,8321691648,0.180257,0.084559,0.029699,0.0088,0.00735,5.524878,0.00427,0.0,0.0,0.02961,0.00225,3.750484,0.0,0.031859,0.179218,8.939067,0.175178,131072,512,2,1,4096,1048576,1048576,0.15895800000000002,0.059539,0.191938,2.4526,0.931476,0.042749,3.7321400000000002,2,2,2,16780304
tiledb,node,4096,0,warm,window_256,65536,,,512,7,15.538918029051274,0,0,0,0.071184288,262144,1024,,0.00390625,,256.0,,,,,,4,5,545830912,8321687552,0.221297,0.087388,0.0284,0.00767,0.00692,5.705715,0.00655,0.0,0.0,0.026479,0.0024,3.967441,0.0,0.031989,0.179478,8.996056,0.176587,131072,512,2,1,4096,1048576,1048576,0.16983800000000002,0.085268,0.205107,2.77122,0.8014880000000001,0.037529,3.94921,2,2,2,16780304
tiledb,node,4096,0,warm,window_256,65536,,,512,8,11.442098999395967,0,0,0,0.058454753,262144,1024,,0.00390625,,256.0,,,,,,4,4,545830912,8321679360,0.191537,0.077408,0.02695,0.00809,0.00696,3.132973,0.00098,0.0,0.0,0.024890000000000002,0.001819,2.361905,0.0,0.02047,0.083689,7.612037,0.172337,65536,256,1,1,2048,524288,524288,0.071419,0.045259,0.12235800000000001,1.67348,0.43035300000000004,0.045398999999999995,2.34448,1,1,1,8390152
tiledb,node,4096,0,warm,window_256,65536,,,512,9,17.150153988040984,0,0,0,0.08548189,262144,1024,,0.00390625,,256.0,,,,,,4,6,545830912,8322732032,0.186757,0.0,0.0,0.00805,0.0,0.00018,0.0,0.0,0.0,0.0,0.0,0.0,0.0,0.0,0.0,16.70414,0.171248,0,0,0,0,0,0,0,0.0,0.0,0.0,0.0,0.0,0.0,0.0,0,0,0,0
tiledb,node,4096,0,warm,window_4096,1024,,,512,0,14.170938986353576,0,0,0,0.088477355,4096,3596,,0.8779296875,,1.139043381535039,,,,,,2785,8,12175872,8326311936,0.573211,0.031959,0.03304,0.00883,0.0073,7.820783,0.006529,0.0,0.0,0.060639,0.092579,5.822203,0.0,0.048049,0.02415,5.484488,0.01271,1024,893,692,1,7144,1828864,1828864,1.1436199999999999,0.506224,1.38996,3.22062,0.8871169999999999,0.100209,5.78201,692,2,1,16780304
tiledb,node,4096,0,warm,window_4096,1024,,,512,1,12.907107942737639,0,0,0,0.083553261,4096,3616,,0.8828125,,1.1327433628318584,,,,,,2840,8,12222976,8324128768,0.114528,0.03475,0.038939,0.00927,0.00726,12.259487,0.01195,0.0,0.0,0.09366,0.170307,8.70209,0.0,0.083709,0.028469,0.182237,0.01155,2048,1828,1424,1,14624,3743744,3743744,1.43371,0.57909,1.79362,4.99606,1.49226,0.150698,8.635,1424,4,2,33560608
tiledb,node,4096,0,warm,window_4096,1024,,,512,2,13.64816603017971,0,0,0,0.083629413,4096,3608,,0.880859375,,1.1352549889135255,,,,,,2822,8,12173824,8324771840,0.622531,0.031469,0.03072,0.00818,0.006129,8.250927,0.00574,0.0,0.0,0.051320000000000005,0.099208,6.321846,0.0,0.0461,0.020799,4.507013,0.01208,1024,896,732,1,7168,1835008,1835008,0.9987360000000001,0.416252,1.26078,3.71195,1.0123199999999999,0.114578,6.2809800000000005,732,2,1,16780304
tiledb,node,4096,0,warm,window_4096,1024,,,512,3,13.201743015088141,0,0,0,0.08598998299999999,4096,3621,,0.884033203125,,1.1311792322562828,,,,,,2839,8,12182016,8323960832,0.097538,0.03296,0.031149,0.00815,0.00724,12.601932,0.00362,0.0,0.0,0.073348,0.181588,9.37294,0.0,0.080309,0.026049,0.177628,0.012049,2048,1808,1414,1,14464,3702784,3702784,1.4001700000000001,0.621109,1.85334,5.38656,1.69637,0.18151699999999998,9.313500000000001,1414,4,2,33560608
tiledb,node,4096,0,warm,window_4096,1024,,,512,4,18.68696097517386,0,0,0,0.10800378,4096,3607,,0.880615234375,,1.1355697255336845,,,,,,2841,8,16908800,8324825088,0.098659,0.088439,0.037449,0.00883,0.007,17.932083,0.01414,0.0,0.0,0.07832800000000001,0.261217,12.206628,0.0,0.141597,0.03814,0.136838,0.012969,3072,2715,2121,1,21720,5560320,5560320,1.79548,0.6403230000000001,2.38837,6.7095,2.60442,0.178347,12.1197,2121,6,3,50340912
tiledb,node,4096,0,warm,window_4096,1024,,,512,5,13.599917001556605,0,0,0,0.096226755,4096,3641,,0.888916015625,,1.1249656687723153,,,,,,2810,8,12231168,8324767744,0.107438,0.034129,0.03642,0.00926,0.007319,12.716681,0.00913,0.0,0.0,0.087159,0.185897,8.859508,0.0,0.085659,0.029569,0.352695,0.020629,2048,1809,1397,1,14472,3704832,3704832,1.29841,0.47946099999999997,1.67954,5.30509,1.4537499999999999,0.178877,8.79285,1397,4,2,33560608
tiledb,node,4096,0,warm,window_4096,1024,,,512,6,14.429744973313063,0,0,0,0.090717041,4096,3622,,0.88427734375,,1.1308669243511873,,,,,,2835,8,12198400,8324616192,0.193817,0.03245,0.034079,0.00897,0.00694,13.743895,0.00824,0.0,0.0,0.079589,0.177027,9.716735,0.0,0.082439,0.026709,0.177647,0.01043,2048,1816,1415,1,14528,3719168,3719168,1.62229,0.67639,2.0728299999999997,5.22716,1.98898,0.140538,9.65147,1415,4,2,33560608
tiledb,node,4096,0,warm,window_4096,1024,,,512,7,17.038666002918035,0,0,0,0.103581831,4096,3640,,0.888671875,,1.1252747252747253,,,,,,2834,8,16908800,8325558272,0.123009,0.0324,0.034799,0.00819,0.00629,7.40616,0.00624,0.0,0.0,0.050910000000000004,0.091958,5.520948,0.0,0.047039,0.02112,9.232593,0.011319,1024,912,704,1,7296,1867776,1867776,0.960286,0.409895,1.20242,3.09598,0.900727,0.12380799999999999,5.44961,704,2,1,16780304
tiledb,node,4096,0,warm,window_4096,1024,,,512,8,8.957005979027599,0,0,0,0.072744858,4096,3636,,0.8876953125,,1.1265126512651265,,,,,,2812,8,8231424,8323137536,0.114838,0.031539,0.0317,0.0081,0.00603,8.518353,0.00764,0.0,0.0,0.060427999999999996,0.091919,5.930822,0.0,0.048469,0.02179,0.0552,0.011709,1024,923,720,1,7384,1890304,1890304,1.0895,0.481672,1.33569,3.2614900000000002,0.991856,0.10199799999999999,5.88375,720,2,1,16780304
tiledb,node,4096,0,warm,window_4096,1024,,,512,9,13.320541009306908,0,0,0,0.090878432,4096,3644,,0.8896484375,,1.12403951701427,,,,,,2842,8,12229120,8323932160,0.112928,0.04035,0.032659,0.00908,0.00691,12.70986,0.00954,0.0,0.0,0.06991800000000001,0.181418,9.419449,0.0,0.079739,0.02563,0.173038,0.01063,2048,1831,1424,1,14648,3749888,3749888,1.4639799999999998,0.61355,1.92337,5.1297299999999995,1.94104,0.148308,9.36097,1424,4,2,33560608
tiledb,node,4096,0,warm,window_4096,8192,,,512,0,14.150198025163263,0,0,0,0.08796671,32768,14167,,0.432342529296875,,2.3129808710383286,,,,,,1951,8,82389504,8320495616,0.162838,0.0,0.0,0.00854,0.0,0.00025,0.0,0.0,0.0,0.0,0.0,0.0,0.0,0.0,0.0,13.649366,0.062339,0,0,0,0,0,0,0,0.0,0.0,0.0,0.0,0.0,0.0,0.0,0,0,0,0
tiledb,node,4096,0,warm,window_4096,8192,,,512,1,13.430629973299801,0,0,0,0.08325692,32768,14213,,0.433746337890625,,2.3054949693942164,,,,,,1879,8,82379264,8320086016,0.247376,0.0,0.0,0.0084,0.0,0.00036,0.0,0.0,0.0,0.0,0.0,0.0,0.0,0.0,0.0,13.054155,0.01682,0,0,0,0,0,0,0,0.0,0.0,0.0,0.0,0.0,0.0,0.0,0,0,0,0
tiledb,node,4096,0,warm,window_4096,8192,,,512,2,14.621700975112617,0,0,0,0.092431368,32768,14204,,0.4334716796875,,2.3069557871022246,,,,,,1906,8,82356736,8320651264,0.235486,0.088319,0.033599,0.00852,0.00746,12.611302,0.028039,0.0,0.0,0.068529,0.121098,9.171914,0.0,0.274646,0.039879,1.162532,0.01837,16384,7093,953,1,56744,14526464,14526464,1.0339800000000001,0.45617599999999997,1.31139,5.312530000000001,1.9716500000000001,0.384824,9.12283,953,4,2,33560608
tiledb,node,4096,0,warm,window_4096,8192,,,512,3,14.029571029823273,0,0,0,0.094570976,32768,14142,,0.43157958984375,,2.317069721397256,,,,,,1925,8,82248192,8320073728,0.178998,0.089429,0.03023,0.0088,0.007639,12.07622,0.02514,0.0,0.0,0.058529000000000005,0.130738,8.672291,0.0,0.266446,0.03526,1.189052,0.01893,16384,7040,985,1,56320,14417920,14417920,1.0863800000000001,0.49364199999999997,1.4659600000000002,4.42379,2.0277200000000004,0.49557300000000004,8.62471,985,4,3,33560608
tiledb,node,4096,0,warm,window_4096,8192,,,512,4,13.315760996192694,0,0,0,0.082269447,32768,14161,,0.432159423828125,,2.3139608784690346,,,,,,1941,8,82276864,8320098304,0.158437,0.0,0.0,0.00879,0.0,0.00032,0.0,0.0,0.0,0.0,0.0,0.0,0.0,0.0,0.0,13.020726,0.017369,0,0,0,0,0,0,0,0.0,0.0,0.0,0.0,0.0,0.0,0.0,0,0,0,0
tiledb,node,4096,0,warm,window_4096,8192,,,512,5,9.245232038665563,0,0,0,0.07303458,32768,14159,,0.432098388671875,,2.3142877321844764,,,,,,1930,8,58024448,8319275008,0.173797,0.087709,0.027959,0.00827,0.00715,7.657956,0.00481,0.0,0.0,0.03991,0.061379,5.490468,0.0,0.144658,0.029859,0.972506,0.017709,8192,3564,467,1,28512,7299072,7299072,0.814278,0.355954,0.9908250000000001,3.0349,0.958106,0.348955,5.4627,467,2,1,16780304
tiledb,node,4096,0,warm,window_4096,8192,,,512,6,19.061495957430452,0,0,0,0.118127729,32768,14144,,0.431640625,,2.316742081447964,,,,,,1913,8,106686976,8320950272,0.170718,0.076308,0.03279,0.00911,0.00882,16.681161,0.035679,0.0,0.0,0.076199,0.192347,11.640776,0.0,0.404564,0.050939,1.451828,0.01946,24576,10621,1426,1,84968,21751808,21751808,1.26686,0.468501,1.65613,6.39263,2.69036,0.637911,11.58,1426,6,3,50340912
tiledb,node,4096,0,warm,window_4096,8192,,,512,7,9.681794967036694,0,0,0,0.0732194,32768,14119,,0.430877685546875,,2.3208442524258093,,,,,,1959,8,57993728,8319418368,0.205337,0.090098,0.02702,0.00862,0.00702,8.153378,0.004789,0.0,0.0,0.04267,0.073699,6.323275,0.0,0.140928,0.028989,0.881547,0.01752,8192,3504,519,1,28032,7176192,7176192,1.0655700000000001,0.492001,1.2797699999999999,3.2637899999999997,1.1789299999999998,0.422633,6.2879,519,2,1,16780304
tiledb,node,4096,0,warm,window_4096,8192,,,512,8,12.953106022905558,0,0,0,0.078155774,32768,14169,,0.432403564453125,,2.312654386336368,,,,,,1899,8,82315776,8320098304,0.162498,0.0,0.0,0.00861,0.0,0.00036,0.0,0.0,0.0,0.0,0.0,0.0,0.0,0.0,0.0,12.645991,0.01868,0,0,0,0,0,0,0,0.0,0.0,0.0,0.0,0.0,0.0,0.0,0,0,0,0
tiledb,node,4096,0,warm,window_4096,8192,,,512,9,13.614066992886364,0,0,0,0.088898328,32768,14168,,0.432373046875,,2.312817617165443,,,,,,1908,8,82338304,8320147456,0.189287,0.090449,0.030849,0.00832,0.00738,11.617427,0.01004,0.0,0.0,0.055028999999999995,0.120738,8.451184,0.0,0.269785,0.03443,1.209142,0.01835,16384,7084,943,1,56672,14508032,14508032,0.977525,0.44458600000000004,1.27017,4.8965700000000005,1.5638500000000002,0.467563,8.35777,943,4,2,33560608
tiledb,node,4096,0,warm,window_4096,65536,,,512,0,21.168403967749327,0,0,0,0.114912932,262144,16384,,0.0625,,16.0,,,,,,4,8,559415808,8319475712,0.206497,0.087158,0.03868,0.01204,0.00834,11.032665,0.03063,0.0,0.0,0.068259,0.00782,7.709115,0.0,0.310545,0.200797,8.850658,0.178427,131072,8192,2,1,65536,16777216,16777216,0.146448,0.059568,0.185938,4.92379,1.9561000000000002,0.48841300000000004,7.67766,2,4,2,33560608
tiledb,node,4096,0,warm,window_4096,65536,,,512,1,15.169742982834578,0,0,0,0.08710527900000001,262144,16384,,0.0625,,16.0,,,,,,4,8,414188032,8319160320,0.600721,0.080838,0.03506,0.00912,0.00739,7.040755,0.00526,0.0,0.0,0.060758999999999994,0.00558,5.177933,0.0,0.164587,0.102499,6.72798,0.186117,65536,4096,1,1,32768,8388608,8388608,0.074329,0.043209,0.10846800000000001,3.6056399999999997,1.0603500000000001,0.260946,5.14622,1,2,1,16780304
tiledb,node,4096,0,warm,window_4096,65536,,,512,2,20.3620670363307,0,0,0,0.10549845299999999,262144,16384,,0.0625,,16.0,,,,,,4,8,559415808,8320446464,0.270086,0.085749,0.031159,0.00863,0.00853,10.432404,0.03002,0.0,0.0,0.036799,0.00477,7.558537,0.0,0.308356,0.199817,8.71059,0.177597,131072,8192,2,1,65536,16777216,16777216,0.17352700000000001,0.081028,0.217146,4.9267199999999995,1.9133200000000001,0.335405,7.5371,2,4,2,33560608
tiledb,node,4096,0,warm,window_4096,65536,,,512,3,16.960387001745403,0,0,0,0.08370488,262144,16384,,0.0625,,16.0,,,,,,4,8,559415808,8320557056,0.203777,0.079069,0.03484,0.0092,0.005819,6.672521,0.005,0.0,0.0,0.06227,0.005079,4.902127,0.0,0.161548,0.098658,9.323891,0.165947,65536,4096,1,1,32768,8388608,8388608,0.086439,0.03633,0.121498,3.28386,1.02759,0.31577500000000003,4.8738399999999995,1,2,1,16780304
tiledb,node,4096,0,warm,window_4096,65536,,,512,4,19.868784002028406,0,0,0,0.095849092,262144,16384,,0.0625,,16.0,,,,,,4,8,559415808,8320421888,0.225557,0.086279,0.03322,0.008509,0.00779,9.710405,0.00849,0.0,0.0,0.035539999999999995,0.00397,7.531307,0.0,0.318406,0.207507,8.927497,0.179297,131072,8192,2,1,65536,16777216,16777216,0.184997,0.084729,0.225887,5.08118,1.54972,0.543702,7.51072,2,4,2,33560608
tiledb,node,4096,0,warm,window_4096,65536,,,512,5,19.614368036855012,0,0,0,0.09293232,262144,16384,,0.0625,,16.0,,,,,,4,8,559415808,8320425984,0.190547,0.086799,0.033129,0.00889,0.0061,9.478348,0.00914,0.0,0.0,0.043689,0.00753,7.483318,0.0,0.308166,0.200657,8.956926,0.180877,131072,8192,2,1,65536,16777216,16777216,0.17736800000000003,0.106709,0.223417,5.01222,1.65997,0.431554,7.45798,2,4,2,33560608
tiledb,node,4096,0,warm,window_4096,65536,,,512,6,19.56500904634595,0,0,0,0.095480435,262144,16384,,0.0625,,16.0,,,,,,4,8,559415808,8320421888,0.188828,0.086509,0.03419,0.009269,0.00806,9.631777,0.00799,0.0,0.0,0.036059,0.00408,7.646497,0.0,0.308315,0.199157,8.784829,0.178657,131072,8192,2,1,65536,16777216,16777216,0.12028799999999999,0.056969000000000006,0.176458,5.28711,1.6290499999999999,0.406354,7.62747,2,4,2,33560608
tiledb,node,4096,0,warm,window_4096,65536,,,512,7,20.44303499860689,0,0,0,0.099229266,262144,16384,,0.0625,,16.0,,,,,,4,8,559415808,8320417792,0.197198,0.086839,0.031109,0.00901,0.0084,10.293777,0.02956,0.0,0.0,0.037209,0.00497,7.824433,0.0,0.307715,0.202097,9.001465,0.178748,131072,8192,2,1,65536,16777216,16777216,0.223866,0.14685800000000002,0.287005,5.0171,1.9928900000000003,0.327846,7.80247,2,4,2,33560608
tiledb,node,4096,0,warm,window_4096,65536,,,512,8,16.584662022069097,0,0,0,0.083501127,262144,16384,,0.0625,,16.0,,,,,,4,8,559415808,8320421888,0.206277,0.079649,0.0312,0.00881,0.007099,6.454064,0.01934,0.0,0.0,0.0358,0.0033,4.711099,0.0,0.161008,0.095768,9.253182,0.166328,65536,4096,1,1,32768,8388608,8388608,0.088849,0.043119,0.13073800000000002,3.31123,0.9794249999999999,0.161247,4.69067,1,2,1,16780304
tiledb,node,4096,0,warm,window_4096,65536,,,512,9,20.06488002371043,0,0,0,0.103770793,262144,16384,,0.0625,,16.0,,,,,,4,8,559415808,8320401408,0.220386,0.086399,0.034759,0.00835,0.00817,10.201618,0.02991,0.0,0.0,0.047389,0.00522,7.407059,0.0,0.307335,0.198557,8.69706,0.177398,131072,8192,2,1,65536,16777216,16777216,0.133178,0.063189,0.17244800000000002,5.14126,1.62021,0.303316,7.38379,2,4,2,33560608
tiledb,node,4096,0,warm,window_65536,1024,,,512,0,77.01145100872964,0,0,0,0.642597814,4096,4062,,0.99169921875,,1.0083702609551946,,,,,,4010,68,12646912,8325898240,0.123479,0.03447,0.041619,0.01197,0.00785,76.022976,0.00431,0.0,0.0,0.117818,0.262156,53.180157,0.0,0.118558,0.057699,0.219507,0.01317,2048,2035,2010,1,16280,4167680,4167680,1.3790499999999999,0.585154,1.95591,35.6218,14.891100000000002,0.144098,53.0465,2010,34,4,285265168
tiledb,node,4096,0,warm,window_65536,1024,,,512,1,74.38694004667923,0,0,0,0.610899307,4096,4056,,0.990234375,,1.009861932938856,,,,,,3995,68,12636672,8326918144,0.136128,0.03551,0.041219,0.00945,0.00694,73.502923,0.01072,0.0,0.0,0.131548,0.242016,51.771888,0.0,0.117258,0.05776,0.153278,0.015529,2048,2030,2005,1,16240,4157440,4157440,1.6158299999999999,0.676949,2.19526,35.9107,13.0355,0.149558,51.6739,2005,34,4,285265168
tiledb,node,4096,0,warm,window_65536,1024,,,512,2,104.43496203515679,0,0,0,0.8143690290000001,4096,4066,,0.99267578125,,1.0073782587309394,,,,,,4000,68,16908800,8327991296,0.125798,0.034379,0.04168,0.009449,0.00699,47.559101,0.00801,0.0,0.0,0.097059,0.128888,34.266538,0.0,0.082908,0.04216,56.203622,0.017749,1024,1016,1004,1,8128,2080768,2080768,1.31504,0.604878,1.64982,25.1998,7.010599999999999,0.081549,34.2023,1004,17,2,142632584
tiledb,node,4096,0,warm,window_65536,1024,,,512,3,76.85307401698083,0,0,0,0.650194405,4096,4061,,0.991455078125,,1.0086185668554544,,,,,,4014,67,12636672,8327950336,0.746669,0.03465,0.042369,0.0097,0.00706,75.328436,0.00996,0.0,0.0,0.139588,0.247937,53.528641,0.0,0.115968,0.044759,0.208687,0.014939,2048,2030,2004,1,16240,4157440,4157440,1.63916,0.68831,2.1803299999999997,35.9725,14.7189,0.149548,53.4335,2004,33,4,276875016
tiledb,node,4096,0,warm,window_65536,1024,,,512,4,74.02332598576322,0,0,0,0.5743921679999999,4096,4063,,0.991943359375,,1.008122077282796,,,,,,3989,68,12651008,8326885376,0.121999,0.03413,0.039669,0.01006,0.00517,73.202018,0.0167,0.0,0.0,0.169787,0.287216,49.793287,0.0,0.121088,0.046379,0.135268,0.015059,2048,2037,2001,1,16296,4171776,4171776,1.66603,0.642721,2.24777,33.2617,13.636000000000001,0.125828,49.6811,2001,34,4,285265168
tiledb,node,4096,0,warm,window_65536,1024,,,512,5,77.35695596784353,0,0,0,0.6275653109999999,4096,4066,,0.99267578125,,1.0073782587309394,,,,,,3991,68,12640768,8326823936,0.289666,0.033149,0.04091,0.00914,0.005749,76.303142,0.00356,0.0,0.0,0.151118,0.281765,52.859482,0.0,0.117148,0.04838,0.224917,0.015069,2048,2032,1997,1,16256,4161536,4161536,1.47057,0.623318,2.03603,33.0167,17.1598,0.137718,52.7716,1997,34,4,285265168
tiledb,node,4096,0,warm,window_65536,1024,,,512,6,68.53976799175143,0,0,0,0.535779668,4096,4064,,0.9921875,,1.0078740157480315,,,,,,3991,68,12642816,8325804032,0.199017,0.0,0.0,0.00938,0.0,0.0008,0.0,0.0,0.0,0.0,0.0,0.0,0.0,0.0,0.0,68.095924,0.01789,0,0,0,0,0,0,0,0.0,0.0,0.0,0.0,0.0,0.0,0.0,0,0,0,0
tiledb,node,4096,0,warm,window_65536,1024,,,512,7,74.76286502787843,0,0,0,0.602611663,4096,4069,,0.993408203125,,1.0066355369869746,,,,,,4004,68,12651008,8325787648,0.121558,0.03482,0.042749,0.00922,0.00716,73.816299,0.00998,0.0,0.0,0.117178,0.245916,52.517127,0.0,0.117848,0.048199,0.207307,0.013889,2048,2037,2002,1,16296,4171776,4171776,1.4868800000000002,0.7062700000000001,2.16018,36.6939,13.0404,0.136128,52.4112,2002,34,4,285265168
tiledb,node,4096,0,warm,window_65536,1024,,,512,8,71.65885099675506,0,0,0,0.5435278029999999,4096,4062,,0.99169921875,,1.0083702609551946,,,,,,3989,68,12636672,8325787648,0.160138,0.032509,0.04011,0.009329,0.00535,42.450327,0.00266,0.0,0.0,0.102609,0.134638,28.521354,0.0,0.082839,0.044549,28.489745,0.01643,1024,1017,999,1,8136,2082816,2082816,1.19224,0.498725,1.4947700000000002,19.3763,7.24228,0.069119,28.4557,999,17,2,142632584
tiledb,node,4096,0,warm,window_65536,1024,,,512,9,94.26014398923144,0,0,0,0.749780684,4096,4073,,0.994384765625,,1.005646943285048,,,,,,4003,68,16908800,8327876608,0.217967,0.101078,0.042289,0.00966,0.0072,93.078922,0.00514,0.0,0.0,0.17141699999999999,0.366235,62.449488,0.0,0.157107,0.04977,0.257986,0.01581,3072,3054,3000,1,24432,6254592,6254592,2.45981,0.975383,3.40163,41.6659,16.558400000000002,0.175678,62.3118,3000,51,6,427897752
tiledb,node,4096,0,warm,window_65536,8192,,,512,0,89.73679097834975,0,0,0,0.698998967,32768,30805,,0.940093994140625,,1.06372342152248,,,,,,27252,68,99361280,8384368640,0.194497,0.093918,0.03641,0.013939,0.0099,87.691362,0.061009,0.0,0.0,0.41775399999999996,1.502697,61.525852,0.0,0.600191,0.068599,0.652221,0.021289,16384,15396,13636,1,123168,31531008,31531008,5.71322,2.55355,8.96834,36.015499999999996,14.7729,0.6587500000000001,61.200900000000004,13636,34,4,285265168
tiledb,node,4096,0,warm,window_65536,8192,,,512,1,84.78085498791188,0,0,0,0.718169079,32768,30786,,0.93951416015625,,1.0643799129474436,,,,,,27198,68,99353088,8360816640,0.199907,0.093069,0.037229,0.00919,0.00948,82.221283,0.01849,0.0,0.0,0.735059,1.622556,57.107428,0.0,0.602581,0.060179,1.198402,0.022289,16384,15392,13582,1,123136,31522816,31522816,4.9093,2.3436,8.675469999999999,33.0518,13.304,0.7302489999999999,56.7864,13582,34,4,285265168
tiledb,node,4096,0,warm,window_65536,8192,,,512,2,119.07178402179852,0,0,0,0.855125223,32768,30757,,0.938629150390625,,1.06538348993725,,,,,,27096,68,132207104,8370368512,0.64712,0.092949,0.037189,0.0094,0.00778,51.277465,0.00771,0.0,0.0,0.262426,0.780548,35.789796,0.0,0.315885,0.05194,66.283641,0.02159,8192,7675,6759,1,61400,15718400,15718400,3.02698,1.31375,4.46105,23.4294,6.91646,0.350445,35.569900000000004,6759,17,2,142632584
tiledb,node,4096,0,warm,window_65536,8192,,,512,3,121.4848579838872,0,0,0,0.966602301,32768,30775,,0.939178466796875,,1.0647603574329814,,,,,,27218,68,132239872,8387907584,0.323555,0.077679,0.036069,0.00949,0.01043,118.272465,0.020789,0.0,0.0,0.502123,2.220646,81.14259,0.0,0.877677,0.075659,1.488338,0.02341,24576,23098,20430,1,184784,47304704,47304704,8.375509999999998,2.79312,13.3542,44.5071,20.68,0.830227,80.60440000000001,20430,51,6,427897752
tiledb,node,4096,0,warm,window_65536,8192,,,512,4,89.71260103862733,0,0,0,0.7780245880000001,32768,30823,,0.940643310546875,,1.0631022288550758,,,,,,27323,68,99406336,8385175552,0.313135,0.094419,0.037589,0.00914,0.0094,87.067601,0.064989,0.0,0.0,0.378844,1.517457,59.848028,0.0,0.609321,0.058779,1.208802,0.02176,16384,15418,13660,1,123344,31576064,31576064,6.4985,3.16403,9.60914,33.564099999999996,14.976899999999999,0.628091,59.5373,13660,34,4,285265168
tiledb,node,4096,0,warm,window_65536,8192,,,512,5,120.6591100199148,0,0,0,0.9696514279999999,32768,30803,,0.940032958984375,,1.0637924877447003,,,,,,27123,68,132266496,8394379264,0.201047,0.078609,0.037719,0.00928,0.01123,117.528517,0.083219,0.0,0.0,0.462353,2.169258,79.679221,0.0,0.875886,0.066229,1.482468,0.023519,24576,23111,20368,1,184888,47331328,47331328,7.33714,3.0368,12.0966,46.4476,18.2456,0.889347,79.1385,20368,51,6,427897752
tiledb,node,4096,0,warm,window_65536,8192,,,512,6,120.15010800678283,0,0,0,0.865207874,32768,30827,,0.940765380859375,,1.0629642845557465,,,,,,27278,68,132266496,8377327616,0.200077,0.092439,0.035869,0.01086,0.00867,49.984314,0.037759,0.0,0.0,0.318476,0.827837,35.406122,0.0,0.320085,0.05205,69.098259,0.02487,8192,7716,6798,1,61728,15802368,15802368,3.73163,1.6106,5.26218,22.5327,6.54788,0.360305,35.163,6798,17,2,142632584
tiledb,node,4096,0,warm,window_65536,8192,,,512,7,90.78505501383916,0,0,0,0.7889054560000001,32768,30720,,0.9375,,1.0666666666666667,,,,,,27171,68,99363328,8376975360,0.279866,0.093759,0.038079,0.01062,0.00958,88.112536,0.01518,0.0,0.0,0.393134,1.593426,62.069114,0.0,0.598701,0.059799,1.240102,0.021869,16384,15397,13609,1,123176,31533056,31533056,5.312390000000001,2.75147,8.78682,37.1183,14.381599999999999,0.6847599999999999,61.7427,13609,34,4,285265168
tiledb,node,4096,0,warm,window_65536,8192,,,512,8,85.7943199807778,0,0,0,0.702649244,32768,30797,,0.939849853515625,,1.0639997402344383,,,,,,27099,68,99377664,8359510016,0.224027,0.091348,0.03649,0.00997,0.00742,83.490944,0.014469,0.0,0.0,0.329115,1.522897,57.738709,0.0,0.602551,0.057149,0.928917,0.0224,16384,15404,13582,1,123232,31547392,31547392,4.69979,2.1571,7.78044,33.6071,14.716,0.575221,57.420100000000005,13582,34,4,285265168
tiledb,node,4096,0,warm,window_65536,8192,,,512,9,90.60235798824579,0,0,0,0.744663319,32768,30842,,0.94122314453125,,1.0624473121068672,,,,,,27185,68,99465728,8359497728,0.241796,0.092849,0.036909,0.00998,0.0096,88.002817,0.014509,0.0,0.0,0.335315,1.542407,62.119354,0.0,0.601751,0.057849,1.202762,0.02287,16384,15447,13599,1,123576,31635456,31635456,5.107740000000001,2.49869,8.78671,36.593,14.6266,0.643141,61.4303,13599,34,4,285265168
tiledb,node,4096,0,warm,window_65536,65536,,,512,0,120.23676600074396,0,0,0,1.015019708,262144,165856,,0.6326904296875,,1.580551803974532,,,,,,61164,68,712583680,8440471552,0.323775,0.090458,0.03796,0.01047,0.019729,102.378823,0.068659,0.0,0.0,0.703628,3.539768,69.620992,0.0,3.021005,0.321995,13.555898,0.170988,131072,82875,30552,1,663000,169728000,169728000,9.88809,3.9657599999999995,16.0496,35.7144,13.0128,2.7595300000000003,68.8454,30552,34,4,285265168
tiledb,node,4096,0,warm,window_65536,65536,,,512,1,111.12995201256126,0,0,0,0.859565314,262144,165959,,0.6330833435058594,,1.579570857862484,,,,,,60814,68,712618496,8408453120,0.264896,0.093188,0.04013,0.01057,0.020979,97.9045,0.070509,0.0,0.0,0.65767,3.469108,69.164608,0.0,3.024014,0.325986,8.938537,0.184997,131072,82998,30457,1,663984,169979904,169979904,10.1391,6.22328,17.4143,33.1771,14.3958,2.18736,68.52220000000001,30457,34,4,285265168
tiledb,node,4096,0,warm,window_65536,65536,,,512,2,113.07387298438698,0,0,0,0.924761771,262144,165848,,0.632659912109375,,1.580628044956828,,,,,,60850,68,712507904,8408694784,0.657681,0.090859,0.039249,0.01117,0.01987,99.520795,0.065679,0.0,0.0,0.637281,3.487518,70.035035,0.0,3.018365,0.326755,8.869477,0.180538,131072,82817,30510,1,662536,169609216,169609216,8.93472,5.20015,15.9873,35.677800000000005,14.3131,2.05132,69.37899999999999,30510,34,4,285265168
tiledb,node,4096,0,warm,window_65536,65536,,,512,3,76.16623298963532,0,0,0,0.783179791,262144,166012,,0.6332855224609375,,1.5790665735007108,,,,,,60943,68,491092480,8389771264,0.224727,0.084188,0.03805,0.01111,0.01284,62.845492,0.03403,0.0,0.0,0.354725,1.712014,40.414997,0.0,1.535317,0.172197,10.71142,0.185357,65536,41458,15281,1,331664,84905984,84905984,5.08242,2.27693,8.00528,23.325599999999998,6.44231,1.6826,40.0917,15281,17,2,142632584
tiledb,node,4096,0,warm,window_65536,65536,,,512,4,114.78232801891863,0,0,0,0.882071123,262144,165653,,0.6319160461425781,,1.5824886962505962,,,,,,61016,68,712317440,8408424448,0.265726,0.090968,0.03755,0.0107,0.019719,101.671624,0.137918,0.0,0.0,0.69066,3.31398,71.292476,0.0,3.032054,0.323445,8.813578,0.180778,131072,82851,30470,1,662808,169678848,169678848,11.1816,5.43264,18.146900000000002,33.2867,14.6417,3.1626800000000004,70.54209999999999,30470,34,4,285265168
tiledb,node,4096,0,warm,window_65536,65536,,,512,5,114.76892803329974,0,0,0,0.922583983,262144,165510,,0.6313705444335938,,1.5838559603649327,,,,,,61220,68,712319488,8408842240,0.271405,0.091119,0.038049,0.0096,0.01969,101.784621,0.067519,0.0,0.0,0.63906,3.594837,70.706975,0.0,3.014685,0.326315,8.6891,0.184877,131072,82852,30543,1,662816,169680896,169680896,7.76063,4.10761,13.647599999999999,37.279399999999995,14.5574,3.2151300000000003,69.9931,30543,34,4,285265168
tiledb,node,4096,0,warm,window_65536,65536,,,512,6,120.62036094721407,0,0,0,0.931407472,262144,165794,,0.6324539184570312,,1.581142864036093,,,,,,61155,68,712507904,8409034752,0.224137,0.090788,0.03846,0.01106,0.019779,107.600815,0.076259,0.0,0.0,0.696699,3.194263,78.775395,0.0,3.019475,0.322085,8.773329,0.180998,131072,82920,30640,1,663360,169820160,169820160,12.835600000000001,6.55162,20.7638,36.899800000000006,16.7604,2.28495,78.0549,30640,34,4,285265168
tiledb,node,4096,0,warm,window_65536,65536,,,512,7,120.10769796324894,0,0,0,1.022216305,262144,165392,,0.63092041015625,,1.5849859727193576,,,,,,60775,68,712507904,8444641280,0.334445,0.089849,0.038319,0.01073,0.01976,107.006194,0.148188,0.0,0.0,0.69892,3.34145,74.463359,0.0,3.003085,0.323765,8.76317,0.184537,131072,82505,30426,1,660040,168970240,168970240,11.2087,5.4321600000000005,18.1984,35.7772,15.046999999999999,2.84336,73.7043,30426,34,4,285265168
tiledb,node,4096,0,warm,window_65536,65536,,,512,8,108.28704497544095,0,0,0,0.854052668,262144,165709,,0.6321296691894531,,1.5819539071504867,,,,,,60901,68,712507904,8425922560,0.226207,0.090498,0.03896,0.01052,0.021089,98.912804,0.066519,0.0,0.0,0.63738,3.472558,68.937612,0.0,3.018096,0.325645,5.053044,0.169448,131072,82856,30383,1,662848,169689088,169689088,7.75061,3.9394800000000005,13.6418,35.605199999999996,14.675,2.57525,68.2991,30383,34,4,285265168
tiledb,node,4096,0,warm,window_65536,65536,,,512,9,166.09218204393983,0,0,0,1.239622122,262144,165707,,0.6321220397949219,,1.5819730005370927,,,,,,61063,68,934060544,8451457024,0.233177,0.095439,0.039229,0.01137,0.02553,148.885059,0.211087,0.0,0.0,1.050425,4.787648,103.530755,0.0,4.502273,0.560252,11.202943,0.182888,196608,124308,45789,1,994464,254582784,254582784,20.5901,8.804630000000001,32.2399,42.2945,21.4079,3.09218,102.335,45789,51,6,427897752
tiledb,node,65536,0,cold,random,1024,,,512,0,5855.553641973529,34366095360,34366095360,34366095360,23.297704853,4096,4095,,0.999755859375,,1.0002442002442002,,,,,,4095,1005,8514560,8321155072,0.250287,0.03485,0.043049,0.01299,0.00728,5846.819892,0.01438,0.0,0.0,0.11907699999999999,0.162198,5794.574282,0.0,0.091459,0.118458,7.778064,0.01513,1042,1042,1041,1,8336,2134016,2134016,1.23836,0.491642,1.5452000000000001,5734.549999999999,266.75300000000004,0.59959,5794.5,1041,64,64,8591507968
tiledb,node,65536,0,cold,random,1024,,,512,1,5876.2361140106805,34366095360,34366095360,34366095360,21.213902289,4096,4096,,1.0,,1.0,,,,,,4096,1013,8498176,8321261568,0.299725,0.03319,0.039889,0.01063,0.00676,5875.15681,0.00956,0.0,0.0,0.100178,0.128608,5830.969069,0.0,0.087988,0.111219,0.128928,0.01609,1018,1018,1018,1,8144,2084864,2084864,1.29259,0.6442709999999999,1.6672,5757.09,312.21999999999997,0.743037,5830.91,1018,64,64,8591507968
tiledb,node,65536,0,cold,random,1024,,,512,2,5877.990507986397,34366095360,34366095360,34366095360,20.199969023,4096,4095,,0.999755859375,,1.0002442002442002,,,,,,4095,1003,8600576,8321236992,0.331035,0.034359,0.04285,0.009709,0.00726,5838.076503,0.00824,0.0,0.0,0.111579,0.126548,5791.886072,0.0,0.090219,0.046869,38.996778,0.016369,993,993,993,1,7944,2033664,2033664,1.39256,0.6002200000000001,1.77421,5724.86,363.945,0.7406389999999999,5791.820000000001,993,64,64,8591507968
tiledb,node,65536,0,cold,random,1024,,,512,3,5894.802107010037,34366095360,34366095360,34366095360,21.625074285,4096,4096,,1.0,,1.0,,,,,,4096,1012,8465408,8321249280,0.321145,0.0331,0.040969,0.01068,0.00505,5893.688573,0.00794,0.0,0.0,0.10483800000000001,0.130758,5858.656226,0.0,0.092399,0.124768,0.124838,0.01625,1020,1020,1020,1,8160,2088960,2088960,1.35216,0.6436989999999999,1.7467400000000002,5727.22,378.142,0.73087,5858.59,1020,64,64,8591507968
tiledb,node,65536,0,cold,random,1024,,,512,4,5910.202487022616,34366095360,34366095360,34366095360,24.865992045000002,4096,4096,,1.0,,1.0,,,,,,4096,1011,8522752,8321224704,0.132258,0.03424,0.040869,0.00968,0.00713,5901.366718,0.016139,0.0,0.0,0.111709,0.128568,5835.143197,0.0,0.092269,0.119538,7.521138,0.01617,1005,1005,1005,1,8040,2058240,2058240,1.09223,0.419437,1.4113,5777.52,288.567,0.617019,5835.07,1005,64,64,8591507968
tiledb,node,65536,0,cold,random,1024,,,512,5,5857.240846031345,34366095360,34366095360,34366095360,22.635675422,4096,4096,,1.0,,1.0,,,,,,4096,1003,8563712,8321327104,0.340805,0.03448,0.042129,0.01063,0.00751,5841.884716,0.01144,0.0,0.0,0.115428,0.128608,5794.392984,0.0,0.091868,0.123068,14.347245,0.01637,1003,1002,1002,1,8016,2052096,2052096,1.3703400000000001,0.605471,1.751,5675.8,328.04100000000005,0.791586,5794.32,1002,64,64,8591507968
tiledb,node,65536,0,cold,random,1024,,,512,6,5902.386692992877,34366095360,34366095360,34366095360,22.925290697,4096,4096,,1.0,,1.0,,,,,,4096,1010,8565760,8321318912,0.352454,0.0338,0.042579,0.01049,0.0071,5886.141936,0.01278,0.0,0.0,0.104198,0.128079,5837.717918,0.0,0.088578,0.125148,15.220193,0.016779,993,993,993,1,7944,2033664,2033664,1.33278,0.610262,1.71543,5761.3099999999995,378.841,0.716098,5837.65,993,64,64,8591507968
tiledb,node,65536,0,cold,random,1024,,,512,7,5881.632313015871,34366095360,34366095360,34366095360,21.584662052,4096,4096,,1.0,,1.0,,,,,,4095,1009,8539136,8321339392,0.315655,0.034679,0.0418,0.00985,0.00658,5862.302781,0.007759,0.0,0.0,0.103579,0.152658,5803.237112,0.0,0.088019,0.119858,18.355476,0.0162,1034,1034,1034,1,8272,2117632,2117632,1.21527,0.517131,1.52855,5751.05,265.99600000000004,0.615999,5803.17,1034,64,64,8591507968
tiledb,node,65536,0,cold,random,1024,,,512,8,5891.331998980604,34366095360,34366095360,34366095360,23.05057935,4096,4096,,1.0,,1.0,,,,,,4096,1011,8625152,8321253376,0.361785,0.03464,0.042269,0.00971,0.00697,5885.955879,0.00714,0.0,0.0,0.108509,0.151577,5841.258025,0.0,0.093608,0.047599,4.427924,0.014319,1069,1069,1069,1,8552,2189312,2189312,1.7248400000000002,0.78513,2.10398,5766.06,350.469,0.760662,5841.1900000000005,1069,64,64,8591507968
tiledb,node,65536,0,cold,random,1024,,,512,9,5800.343365990557,34366095360,34366095360,34366095360,21.326230659,4096,4096,,1.0,,1.0,,,,,,4096,1007,8637440,8321441792,0.321895,0.032499,0.040539,0.00972,0.00706,5797.114914,0.00723,0.0,0.0,0.118028,0.148428,5756.593489,0.0,0.090359,0.130358,2.246167,0.01369,1036,1036,1036,1,8288,2121728,2121728,1.60498,0.7280220000000001,1.9847799999999998,5647.04,333.539,0.751137,5756.52,1036,64,64,8591507968
tiledb,node,65536,0,cold,random,8192,,,512,0,5819.102817040402,34366095360,34366095360,34366095360,26.679980343,32768,32755,,0.999603271484375,,1.0003968859716075,,,,,,32736,1024,67732480,8356532224,0.332435,0.094178,0.03693,0.013129,0.00899,5817.136936,0.00827,0.0,0.0,0.251146,0.947646,5781.666024,0.0,0.343015,0.133508,0.606781,0.022319,8140,8133,8121,1,65064,16656384,16656384,3.9803,2.09672,6.332,5506.14,408.33799999999997,1.3944999999999999,5781.46,8121,64,64,8591507968
tiledb,node,65536,0,cold,random,8192,,,512,1,5859.226687985938,34366095360,34366095360,34366095360,24.518118131,32768,32756,,0.9996337890625,,1.0003663450970814,,,,,,32741,1024,67911168,8353153024,0.351705,0.093629,0.037629,0.0101,0.0084,5857.324126,0.01306,0.0,0.0,0.246227,0.964465,5826.561284,0.0,0.348585,0.056769,0.623581,0.02297,8296,8285,8267,1,66280,16967680,16967680,4.941059999999999,2.11538,7.25601,5545.110000000001,434.259,1.4333900000000002,5826.360000000001,8267,64,64,8591507968
tiledb,node,65536,0,cold,random,8192,,,512,2,5847.4372930359095,34366095360,34366095360,34366095360,25.581801353,32768,32755,,0.999603271484375,,1.0003968859716075,,,,,,32742,1024,67993088,8353591296,0.367214,0.091799,0.036679,0.01053,0.00915,5845.481972,0.032619,0.0,0.0,0.242606,0.835068,5811.43453,0.0,0.338765,0.134238,0.599881,0.02227,8062,8054,8044,1,64432,16494592,16494592,4.43071,2.04784,6.756189999999999,5562.8099999999995,448.08500000000004,1.37432,5811.15,8044,64,64,8591507968
tiledb,node,65536,0,cold,random,8192,,,512,3,5836.558334995061,34366095360,34366095360,34366095360,26.795527723,32768,32764,,0.9998779296875,,1.0001220852154804,,,,,,32746,1024,67921408,8353628160,0.427284,0.093098,0.03635,0.00985,0.007949,5834.516966,0.03338,0.0,0.0,0.24468600000000001,0.913156,5793.794284,0.0,0.343475,0.133558,0.62593,0.02315,8194,8190,8173,1,65520,16773120,16773120,4.01298,2.13351,6.29617,5525.32,435.788,1.35036,5793.59,8173,64,64,8591507968
tiledb,node,65536,0,cold,random,8192,,,512,4,5885.6718630413525,34366095360,34366095360,34366095360,26.621663485,32768,32757,,0.999664306640625,,1.0003358060872485,,,,,,32746,1024,67695616,8353316864,0.420224,0.093218,0.03637,0.00966,0.008899,5883.656964,0.00808,0.0,0.0,0.23875600000000002,0.920327,5848.888902,0.0,0.342714,0.131998,0.602271,0.022549,8180,8173,8162,1,65384,16738304,16738304,3.8738599999999996,1.9799200000000001,6.05172,5511.07,437.402,1.36498,5848.68,8162,64,64,8591507968
tiledb,node,65536,0,cold,random,8192,,,512,5,5805.684535996988,34366095360,34366095360,34366095360,29.758193926,32768,32755,,0.999603271484375,,1.0003968859716075,,,,,,32745,1024,67773952,8355762176,0.466223,0.093558,0.03649,0.01056,0.008069,5803.590118,0.00892,0.0,0.0,0.24049600000000002,0.959596,5766.602829,0.0,0.347765,0.132298,0.62662,0.02246,8263,8251,8234,1,66008,16898048,16898048,5.21356,2.34026,7.57336,5518.900000000001,421.491,1.3880299999999999,5766.39,8234,64,64,8591507968
tiledb,node,65536,0,cold,random,8192,,,512,6,5860.698555014096,34366095360,34366095360,34366095360,23.645414864,32768,32761,,0.999786376953125,,1.0002136686914318,,,,,,32749,1024,67986944,8353800192,0.407114,0.092048,0.03688,0.0109,0.00901,5858.700315,0.030579,0.0,0.0,0.240537,0.855197,5816.034051,0.0,0.340344,0.126828,0.587881,0.02216,8123,8113,8102,1,64904,16615424,16615424,4.220899999999999,2.0657200000000002,6.42648,5629.74,276.306,1.4217,5815.7699999999995,8102,64,64,8591507968
tiledb,node,65536,0,cold,random,8192,,,512,7,5831.294623960275,34366095360,34366095360,34366095360,25.442211963,32768,32759,,0.999725341796875,,1.0002747336609787,,,,,,32739,1024,67814912,8353849344,0.413164,0.094509,0.03736,0.009619,0.00879,5730.37,0.00852,0.0,0.0,0.23578700000000002,0.908706,5677.641286,0.0,0.344235,0.127278,99.513146,0.022649,8126,8114,8100,1,64912,16617472,16617472,3.27619,1.61001,5.2004399999999995,5621.5,309.656,1.3113000000000001,5677.44,8100,64,64,8591507968
tiledb,node,65536,0,cold,random,8192,,,512,8,5832.201191049535,34366095360,34366095360,34366095360,25.877041433,32768,32760,,0.999755859375,,1.0002442002442002,,,,,,32742,1024,67857920,8353583104,0.395654,0.092909,0.03685,0.011229,0.00799,5830.209831,0.00858,0.0,0.0,0.242387,0.908756,5787.039704,0.0,0.341195,0.134248,0.595281,0.022259,8194,8189,8168,1,65512,16771072,16771072,3.7154499999999997,1.8581100000000002,5.9661100000000005,5554.02,419.52299999999997,1.42605,5786.84,8168,64,64,8591507968
tiledb,node,65536,0,cold,random,8192,,,512,9,5829.982964030933,34366095360,34366095360,34366095360,29.337329424,32768,32763,,0.999847412109375,,1.0001526111772425,,,,,,32736,1024,67913216,8356491264,0.391224,0.094588,0.03567,0.01039,0.00841,5792.940626,0.01526,0.0,0.0,0.247617,0.970296,5752.946973,0.0,0.346735,0.129448,35.649038,0.02203,8293,8289,8272,1,66312,16975872,16975872,4.80291,2.12079,7.14467,5507.27,332.19100000000003,1.28488,5752.74,8272,64,64,8591507968
tiledb,node,65536,0,cold,random,65536,,,512,0,5856.32484103553,34366095360,34366095360,34366095360,23.194598307,262144,261627,,0.9980278015136719,,1.0019760957393542,,,,,,260583,1024,540722688,8597544960,0.388844,0.086998,0.03988,0.013109,0.01707,5849.458513,0.053549,0.0,0.0,1.34741,6.842748,5803.972521,0.0,2.393675,0.206237,3.152843,0.180897,65873,65324,64261,1,522592,133783552,133783552,22.4552,14.0459,40.049099999999996,5453.57,400.92100000000005,6.25416,5802.75,64261,64,64,8591507968
tiledb,node,65536,0,cold,random,65536,,,512,1,5908.8113369653,34366095360,34366095360,34366095360,22.880698561000003,262144,261609,,0.9979591369628906,,1.0020450366768727,,,,,,260581,1024,540540416,8597811200,0.404284,0.087838,0.03898,0.0131,0.015429,5901.900501,0.0516,0.0,0.0,1.251081,6.461844,5856.114274,0.0,2.389305,0.278935,3.127993,0.182717,64997,64493,63493,1,515944,132081664,132081664,21.1634,12.9391,39.5612,5478.5,381.108,6.1266300000000005,5854.9,63493,64,64,8591507968
tiledb,node,65536,0,cold,random,65536,,,512,2,5870.123094995506,34366095360,34366095360,34366095360,26.740383118,262144,261642,,0.9980850219726562,,1.0019186522041568,,,,,,260678,1024,540638208,8598077440,0.414763,0.086539,0.039949,0.01085,0.01667,5863.161199,0.052659,0.0,0.0,1.26525,6.538763,5817.012627,0.0,2.393834,0.283646,3.179782,0.182028,65833,65363,64336,1,522904,133863424,133863424,21.405,12.735800000000001,38.6372,5438.62,384.935,5.98795,5815.7699999999995,64336,64,64,8591507968
tiledb,node,65536,0,cold,random,65536,,,512,3,5900.66416899208,34366095360,34366095360,34366095360,24.796444287,262144,261637,,0.9980659484863281,,1.0019377993173748,,,,,,260688,1024,540825600,8598265856,1.050305,0.088329,0.039669,0.01129,0.01715,5893.073593,0.051289,0.0,0.0,1.263501,6.555542,5845.980865,0.0,2.397204,0.290915,3.149453,0.182137,65922,65436,64446,1,523488,134012928,134012928,19.805400000000002,11.6934,36.8466,5479.36,389.155,6.28577,5844.75,64446,64,64,8591507968
tiledb,node,65536,0,cold,random,65536,,,512,4,5898.619720013812,34366095360,34366095360,34366095360,26.014755343,262144,261619,,0.9979972839355469,,1.0020067349848443,,,,,,260580,1024,539924992,8597524480,0.402604,0.085888,0.03861,0.012309,0.01644,5891.699263,0.050989,0.0,0.0,1.2522820000000001,6.553352,5845.671079,0.0,2.379755,0.287996,3.134853,0.182077,65451,64937,63984,1,519496,132990976,132990976,20.9743,12.6608,39.6391,5526.889999999999,391.42900000000003,6.25406,5844.44,63984,64,64,8591507968
tiledb,node,65536,0,cold,random,65536,,,512,5,5878.291332977824,34366095360,34366095360,34366095360,27.585958478000002,262144,261647,,0.9981040954589844,,1.0018995058227307,,,,,,260634,1024,540025856,8598028288,0.68871,0.087378,0.03918,0.01488,0.017059,5669.984261,0.05502,0.0,0.0,1.341,7.703605,5581.896555,0.0,2.383744,0.284446,204.183154,0.189107,65524,65035,63983,1,520280,133191680,133191680,16.264899999999997,8.33953,31.805500000000002,5456.62,232.005,6.08165,5580.66,63983,64,64,8591507968
tiledb,node,65536,0,cold,random,65536,,,512,6,5851.649409974925,34366095360,34366095360,34366095360,25.468336512,262144,261607,,0.9979515075683594,,1.0020526973666606,,,,,,260609,1024,540325888,8598429696,0.536392,0.087358,0.04436,0.011649,0.01683,5844.642944,0.051809,0.0,0.0,1.258462,6.462933,5794.007039,0.0,2.387485,0.208537,3.158923,0.181667,65683,65157,64138,1,521256,133441536,133441536,23.5106,14.8549,41.1972,5442.14,386.651,6.3042300000000004,5792.79,64138,64,64,8591507968
tiledb,node,65536,0,cold,random,65536,,,512,7,5931.307182007004,34366095360,34366095360,34366095360,24.932123149,262144,261597,,0.9979133605957031,,1.0020910025726595,,,,,,260572,1024,540128256,8599302144,0.437143,0.087259,0.041239,0.01107,0.01759,5924.192408,0.051789,0.0,0.0,1.265682,6.488553,5877.708361,0.0,2.384654,0.288266,3.159733,0.181977,65589,65085,64054,1,520680,133294080,133294080,21.4157,12.5422,39.9152,5508.3,401.305,6.148029999999999,5876.48,64054,64,64,8591507968
tiledb,node,65536,0,cold,random,65536,,,512,8,5890.309893991798,34366095360,34366095360,34366095360,26.721294559999997,262144,261629,,0.9980354309082031,,1.0019684362207553,,,,,,260622,1024,540251136,8598798336,0.470233,0.087139,0.039539,0.01154,0.0164,5883.327288,0.051269,0.0,0.0,1.254851,6.432214,5834.650654,0.0,2.371704,0.287176,3.149133,0.182428,65186,64693,63737,1,517544,132491264,132491264,19.9204,11.3918,37.6809,5493.88,370.44599999999997,6.16354,5833.43,63737,64,64,8591507968
tiledb,node,65536,0,cold,random,65536,,,512,9,5869.2406979971565,34366095360,34366095360,34366095360,29.155657913,262144,261633,,0.9980506896972656,,1.0019531175348675,,,,,,260582,1024,540017664,8599113728,0.457773,0.084209,0.04338,0.012179,0.0165,5862.300612,0.203437,0.0,0.0,1.32098,6.468484,5809.385541,0.0,2.382244,0.284526,3.123873,0.181838,65478,64947,63974,1,519576,133011456,133011456,19.4883,11.711400000000001,36.2948,5415.09,341.655,5.95687,5808.169999999999,63974,64,64,8591507968
tiledb,node,65536,0,cold,window_256,1024,,,512,0,131.26241200370714,538419200,538419200,538419200,0.650228001,4096,1002,,0.24462890625,,4.087824351297405,,,,,,25,4,12149248,8323166208,0.180457,0.034369,0.04302,0.0117,0.008109,102.727208,0.00331,0.0,0.0,0.10006899999999999,0.00842,88.819775,0.0,0.055909,0.046019,27.812435,0.016099,1024,254,3,1,2032,520192,520192,0.257416,0.10285899999999999,0.308626,82.0395,6.215339999999999,0.052179,88.77369999999999,3,1,1,134242312
tiledb,node,65536,0,cold,window_256,1024,,,512,1,118.7550780014135,538583040,538583040,538583040,0.511474012,4096,1009,,0.246337890625,,4.059464816650149,,,,,,18,4,9511424,8323133440,0.254247,0.03386,0.042139,0.00948,0.00613,101.606364,0.00303,0.0,0.0,0.086228,0.00792,90.690777,0.0,0.053469,0.04299,16.430585,0.01469,1024,251,5,1,2008,514048,514048,0.33537500000000003,0.12315899999999999,0.389104,83.3202,6.74776,0.04672,90.65220000000001,5,1,1,134242312
tiledb,node,65536,0,cold,window_256,1024,,,512,2,105.86539097130299,538365952,538365952,538365952,0.421299357,4096,1007,,0.245849609375,,4.067527308838133,,,,,,20,4,6859264,8323088384,0.160848,0.032809,0.04056,0.009129,0.00696,104.942545,0.00154,0.0,0.0,0.078029,0.00722,91.83168,0.0,0.054619,0.040729,0.243236,0.01356,1024,252,4,1,2016,516096,516096,0.29376599999999997,0.150637,0.34506400000000004,84.0722,7.1537299999999995,0.053519,91.79339999999999,4,1,1,134242312
tiledb,node,65536,0,cold,window_256,1024,,,512,3,117.96229000901803,538632192,538632192,538632192,0.525198576,4096,1010,,0.24658203125,,4.0554455445544555,,,,,,18,4,9513472,8323088384,0.64545,0.03279,0.040619,0.00896,0.00515,99.253239,0.00117,0.0,0.0,0.075909,0.00721,87.912428,0.0,0.053899,0.04359,17.541388,0.01657,1024,253,4,1,2024,518144,518144,0.267886,0.108808,0.334645,80.9407,6.410629999999999,0.048149000000000004,87.8695,4,1,1,134242312
tiledb,node,65536,0,cold,window_256,1024,,,512,4,119.31844003265724,538144768,538144768,538144768,0.524535634,4096,1007,,0.245849609375,,4.067527308838133,,,,,,20,4,9519616,8323084288,0.191127,0.033989,0.04047,0.009109,0.00626,103.477306,0.0014,0.0,0.0,0.074649,0.00811,91.957458,0.0,0.05549,0.044679,15.119585,0.01679,1024,251,6,1,2008,514048,514048,0.329695,0.16210899999999998,0.374434,84.8692,6.4961,0.039449,91.9213,6,1,1,134242312
tiledb,node,65536,0,cold,window_256,1024,,,512,5,117.71381401922554,537944064,537944064,537944064,0.6204059909999999,4096,1009,,0.246337890625,,4.059464816650149,,,,,,19,4,9515520,8323092480,0.251316,0.034749,0.042309,0.00905,0.00714,116.734779,0.00226,0.0,0.0,0.085389,0.00905,97.995098,0.0,0.067319,0.049529,0.220177,0.01588,2048,503,11,1,4024,1030144,1030144,0.536972,0.297556,0.5882510000000001,83.96969999999999,13.134500000000001,0.053479,97.95360000000001,11,2,2,268484624
tiledb,node,65536,0,cold,window_256,1024,,,512,6,118.1842369842343,538648576,538648576,538648576,0.49919118,4096,1006,,0.24560546875,,4.071570576540755,,,,,,22,4,9505280,8323067904,0.197337,0.033759,0.04073,0.009799,0.00667,102.436902,0.00145,0.0,0.0,0.080799,0.00826,92.654198,0.0,0.054839,0.04725,15.013946,0.0156,1024,252,5,1,2016,516096,516096,0.343354,0.170468,0.381274,85.1208,6.906759999999999,0.050249,92.6147,5,1,1,134242312
tiledb,node,65536,0,cold,window_256,1024,,,512,7,134.25669696880504,538681344,538681344,538681344,0.6677794579999999,4096,1012,,0.2470703125,,4.047430830039525,,,,,,16,4,12173824,8323153920,0.187657,0.0,0.0,0.00901,0.0,0.00121,0.0,0.0,0.0,0.0,0.0,0.0,0.0,0.0,0.0,133.804544,0.027159,0,0,0,0,0,0,0,0.0,0.0,0.0,0.0,0.0,0.0,0.0,0,0,0,0
tiledb,node,65536,0,cold,window_256,1024,,,512,8,133.97452200297266,538501120,538501120,538501120,0.680131143,4096,1008,,0.24609375,,4.063492063492063,,,,,,19,4,12163584,8323141632,0.163698,0.033469,0.041399,0.01078,0.0075,99.633484,0.00136,0.0,0.0,0.081159,0.00832,88.804585,0.0,0.056789,0.045209,33.633628,0.016929,1024,253,4,1,2024,518144,518144,0.312836,0.118669,0.381135,81.65809999999999,6.5315900000000005,0.039609,88.7667,4,1,1,134242312
tiledb,node,65536,0,cold,window_256,1024,,,512,9,121.11950200051069,538697728,538697728,538697728,0.518311354,4096,1006,,0.24560546875,,4.071570576540755,,,,,,22,4,9507328,8323121152,0.289375,0.03302,0.040859,0.00862,0.00619,101.999778,0.00127,0.0,0.0,0.072979,0.00689,89.862519,0.0,0.057409,0.044619,18.380876,0.016129,1024,252,5,1,2016,516096,516096,0.330505,0.179417,0.394264,83.0708,6.18351,0.048708999999999995,89.8267,5,1,1,134242312
tiledb,node,65536,0,cold,window_256,8192,,,512,0,127.00626498553902,538640384,538640384,538640384,0.548209623,32768,1024,,0.03125,,32.0,,,,,,4,4,68878848,8323502080,0.294425,0.090309,0.037779,0.01128,0.00861,103.604294,0.00384,0.0,0.0,0.099868,0.00856,90.266083,0.0,0.060939,0.053899,22.494484,0.02315,8192,256,1,1,2048,524288,524288,0.15725799999999998,0.052259,0.199528,83.4567,6.3512200000000005,0.043949999999999996,90.2262,1,1,1,134242312
tiledb,node,65536,0,cold,window_256,8192,,,512,1,118.40562301222235,538075136,538075136,538075136,0.634275265,32768,1024,,0.03125,,32.0,,,,,,4,4,68878848,8323768320,0.264596,0.095418,0.03388,0.008629,0.00527,116.598561,0.00219,0.0,0.0,0.07571900000000001,0.00712,94.679268,0.0,0.065149,0.054489,0.935516,0.0193,16384,512,2,1,4096,1048576,1048576,0.19362700000000002,0.108538,0.23458600000000002,82.9303,11.2143,0.058879,94.6412,2,2,2,268484624
tiledb,node,65536,0,cold,window_256,8192,,,512,2,120.98243500804529,538615808,538615808,538615808,0.522524961,32768,1024,,0.03125,,32.0,,,,,,4,4,68878848,8323624960,0.246576,0.093099,0.037089,0.00931,0.00756,119.392089,0.0023,0.0,0.0,0.078479,0.00762,98.769696,0.0,0.068029,0.129968,0.64893,0.02187,16384,512,2,1,4096,1048576,1048576,0.252076,0.12984800000000002,0.303745,85.6495,12.5286,0.050879,98.7304,2,2,2,268484624
tiledb,node,65536,0,cold,window_256,8192,,,512,3,121.59390602027997,538144768,538144768,538144768,0.639797054,32768,1024,,0.03125,,32.0,,,,,,4,4,68878848,8323760128,0.288746,0.095988,0.03524,0.00993,0.00715,119.504137,0.004829,0.0,0.0,0.0714,0.007199,97.972829,0.0,0.068359,0.058109,1.205262,0.02214,16384,512,2,1,4096,1048576,1048576,0.231476,0.114658,0.286306,84.3334,13.0586,0.058959000000000004,97.9379,2,2,2,268484624
tiledb,node,65536,0,cold,window_256,8192,,,512,4,124.25192695809528,538656768,538656768,538656768,0.539421769,32768,1024,,0.03125,,32.0,,,,,,4,4,68878848,8323616768,0.216717,0.089638,0.03608,0.00945,0.007179,103.666124,0.00171,0.0,0.0,0.080779,0.00671,90.790766,0.0,0.062209,0.052769,19.759006,0.021629,8192,256,1,1,2048,524288,524288,0.099918,0.041158999999999994,0.146797,83.6465,6.7556400000000005,0.052249000000000004,90.7516,1,1,1,134242312
tiledb,node,65536,0,cold,window_256,8192,,,512,5,124.79992798762396,538357760,538357760,538357760,0.563796322,32768,1024,,0.03125,,32.0,,,,,,4,4,68878848,8323616768,0.205087,0.088829,0.035399,0.01113,0.00636,122.760428,0.00501,0.0,0.0,0.080488,0.00804,100.54512,0.0,0.067649,0.059129,1.197282,0.022159,16384,512,2,1,4096,1048576,1048576,0.284236,0.145198,0.336625,86.4821,13.419,0.064109,100.507,2,2,2,268484624
tiledb,node,65536,0,cold,window_256,8192,,,512,6,141.70562499202788,538193920,538193920,538193920,0.7360605219999999,32768,1024,,0.03125,,32.0,,,,,,4,4,86508032,8323796992,0.199707,0.089619,0.036099,0.0104,0.0073,99.451336,0.00176,0.0,0.0,0.08388899999999999,0.0078,89.492164,0.0,0.056739,0.05322,41.433462,0.025089,8192,256,1,1,2048,524288,524288,0.099549,0.03821,0.155498,82.6122,6.47053,0.04966,89.4529,1,1,1,134242312
tiledb,node,65536,0,cold,window_256,8192,,,512,7,144.1983690019697,538787840,538787840,538787840,0.782345309,32768,1024,,0.03125,,32.0,,,,,,4,4,86508032,8323796992,0.248786,0.076299,0.036119,0.00968,0.00735,141.843554,0.00277,0.0,0.0,0.075879,0.00802,109.984929,0.0,0.073989,0.057459,1.491118,0.02163,24576,768,3,1,6144,1572864,1572864,0.373875,0.193607,0.424994,89.70309999999999,19.548,0.069339,109.944,3,3,3,402726936
tiledb,node,65536,0,cold,window_256,8192,,,512,8,119.41734794527292,538136576,538136576,538136576,0.634368045,32768,1024,,0.03125,,32.0,,,,,,4,4,68878848,8323661824,0.254496,0.086379,0.033729,0.00911,0.00622,117.702144,0.00528,0.0,0.0,0.053519,0.00289,99.565055,0.0,0.060289,0.053909,0.933726,0.02029,16384,512,2,1,4096,1048576,1048576,0.247476,0.142028,0.288885,87.28750000000001,11.7395,0.057459,99.5381,2,2,2,268484624
tiledb,node,65536,0,cold,window_256,8192,,,512,9,107.8887099865824,538169344,538169344,538169344,0.512725831,32768,1024,,0.03125,,32.0,,,,,,4,4,51249664,8323514368,0.266236,0.088389,0.035519,0.00891,0.00791,106.165546,0.0012,0.0,0.0,0.07438900000000001,0.00575,89.175639,0.0,0.054709,0.050619,0.888536,0.02113,8192,256,1,1,2048,524288,524288,0.09000899999999999,0.0229,0.142098,81.13090000000001,7.6616,0.041469,89.1384,1,1,1,134242312
tiledb,node,65536,0,cold,window_256,65536,,,512,0,165.77019699616358,538263552,538263552,538263552,0.979364565,262144,1024,,0.00390625,,256.0,,,,,,4,4,822683648,8323907584,0.429044,0.100678,0.0384,0.00975,0.006729,155.912194,0.01163,0.0,0.0,0.093039,0.00914,118.448553,0.0,0.096679,0.396894,8.362676,0.157787,262144,1024,4,1,8192,2097152,2097152,0.29455600000000004,0.150678,0.344555,88.7815,29.0345,0.056098999999999996,118.409,4,4,4,536969248
tiledb,node,65536,0,cold,window_256,65536,,,512,1,127.12534400634468,538525696,538525696,538525696,0.550847317,262144,1024,,0.00390625,,256.0,,,,,,4,4,545830912,8324927488,0.280115,0.080139,0.037799,0.00917,0.0062,103.096792,0.00171,0.0,0.0,0.093259,0.00757,90.942313,0.0,0.046449,0.099829,23.053536,0.170657,65536,256,1,1,2048,524288,524288,0.111938,0.047438999999999995,0.170108,84.04899999999999,6.45911,0.051739,90.904,1,1,1,134242312
tiledb,node,65536,0,cold,window_256,65536,,,512,2,131.00912497611716,538714112,538714112,538714112,0.5692705490000001,262144,1024,,0.00390625,,256.0,,,,,,4,4,545830912,8324919296,0.311405,0.086769,0.037289,0.01025,0.00744,121.008954,0.00758,0.0,0.0,0.07955899999999999,0.006669,100.118647,0.0,0.0526,0.190917,8.856518,0.185237,131072,512,2,1,4096,1048576,1048576,0.279416,0.153238,0.324355,87.508,12.0088,0.050879,100.081,2,2,2,268484624
tiledb,node,65536,0,cold,window_256,65536,,,512,3,128.3560649608262,538664960,538664960,538664960,0.574750719,262144,1024,,0.00390625,,256.0,,,,,,4,4,545830912,8324919296,0.223197,0.086188,0.03792,0.01035,0.006549,118.452313,0.00578,0.0,0.0,0.079049,0.00712,98.325213,0.0,0.062979,0.204147,8.761599,0.185487,131072,512,2,1,4096,1048576,1048576,0.203977,0.130178,0.24645599999999998,83.94409999999999,13.860199999999999,0.049049999999999996,98.2891,2,2,2,268484624
tiledb,node,65536,0,cold,window_256,65536,,,512,4,124.85278805252165,538443776,538443776,538443776,0.632505196,262144,1024,,0.00390625,,256.0,,,,,,4,4,545830912,8325971968,0.760339,0.0,0.0,0.00961,0.0,0.00065,0.0,0.0,0.0,0.0,0.0,0.0,0.0,0.0,0.0,123.648715,0.187817,0,0,0,0,0,0,0,0.0,0.0,0.0,0.0,0.0,0.0,0.0,0,0,0,0
tiledb,node,65536,0,cold,window_256,65536,,,512,5,129.7739339643158,538959872,538959872,538959872,0.5586839769999999,262144,1024,,0.00390625,,256.0,,,,,,4,4,545830912,8324907008,0.227746,0.079499,0.037779,0.01075,0.00668,102.749117,0.00157,0.0,0.0,0.08578899999999999,0.00642,90.880374,0.0,0.050699,0.105849,26.028952,0.170687,65536,256,1,1,2048,524288,524288,0.092809,0.053409000000000005,0.13824799999999998,83.7766,6.718929999999999,0.039989,90.8436,1,1,1,134242312
tiledb,node,65536,0,cold,window_256,65536,,,512,6,133.78936401568353,538394624,538394624,538394624,0.585274325,262144,1024,,0.00390625,,256.0,,,,,,4,4,545830912,8324898816,0.277116,0.581791,0.038879,0.00926,0.01473,123.097114,0.00739,0.0,0.0,0.075889,0.00709,101.83594,0.0,0.067149,0.202977,8.981056,0.181767,131072,512,2,1,4096,1048576,1048576,0.236827,0.130658,0.304126,88.1748,13.0959,0.050158999999999995,101.798,2,2,2,268484624
tiledb,node,65536,0,cold,window_256,65536,,,512,7,132.00273999245837,538705920,538705920,538705920,0.591351514,262144,1024,,0.00390625,,256.0,,,,,,4,4,545830912,8324898816,0.330115,0.088649,0.039809,0.00881,0.0078,121.538857,0.00899,0.0,0.0,0.094688,0.00795,98.397152,0.0,0.067759,0.204286,9.253092,0.181377,131072,512,2,1,4096,1048576,1048576,0.336405,0.18756799999999998,0.38562399999999997,83.5912,14.1463,0.04926,98.3564,2,2,2,268484624
tiledb,node,65536,0,cold,window_256,65536,,,512,8,123.47283703275025,538787840,538787840,538787840,0.539134134,262144,1024,,0.00390625,,256.0,,,,,,4,4,545830912,8324890624,0.277896,0.078439,0.036529,0.00977,0.00571,101.572305,0.00553,0.0,0.0,0.076039,0.00647,89.860659,0.0,0.051819,0.105608,20.860059,0.170597,65536,256,1,1,2048,524288,524288,0.111599,0.05166,0.157988,82.2008,7.2315499999999995,0.053619,89.824,1,1,1,134242312
tiledb,node,65536,0,cold,window_256,65536,,,512,9,125.73215400334448,538517504,538517504,538517504,0.6666549,262144,1024,,0.00390625,,256.0,,,,,,4,4,545830912,8325947392,0.232717,0.085479,0.03722,0.009289,0.00664,118.69572,0.00156,0.0,0.0,0.071189,0.00694,99.107562,0.0,0.065179,0.204057,5.905822,0.176987,131072,512,2,1,4096,1048576,1048576,0.233826,0.157967,0.273675,84.52610000000001,14.0179,0.064059,99.06280000000001,2,2,2,268484624
tiledb,node,65536,0,cold,window_4096,1024,,,512,0,125.73915399843827,538271744,538271744,538271744,0.575731989,4096,3596,,0.8779296875,,1.139043381535039,,,,,,2785,4,12175872,8329265152,0.357615,0.033229,0.04048,0.00949,0.007619,106.005899,0.02036,0.0,0.0,0.099938,0.095639,92.651678,0.0,0.079579,0.043589,18.912398,0.01528,1024,893,692,1,7144,1828864,1828864,1.17166,0.49837099999999995,1.38673,84.3637,6.46025,0.233296,92.5949,692,1,1,134242312
tiledb,node,65536,0,cold,window_4096,1024,,,512,1,121.20493198744953,538804224,538804224,538804224,0.564472043,4096,3616,,0.8828125,,1.1327433628318584,,,,,,2840,4,12222976,8326782976,0.192058,0.03556,0.042919,0.01014,0.00728,120.202977,0.01072,0.0,0.0,0.15129700000000001,0.196797,98.964134,0.0,0.118428,0.051509,0.225227,0.01581,2048,1828,1424,1,14624,3743744,3743744,1.63823,0.6291880000000001,2.0957100000000004,82.8147,13.478,0.239286,98.87650000000001,1424,2,2,268484624
tiledb,node,65536,0,cold,window_4096,1024,,,512,2,125.13602402759716,538550272,538550272,538550272,0.555694386,4096,3608,,0.880859375,,1.1352549889135255,,,,,,2822,4,12173824,8327442432,0.153328,0.032989,0.040349,0.01069,0.00535,106.744018,0.0046,0.0,0.0,0.13178800000000002,0.128748,94.391602,0.0,0.081108,0.04623,17.659107,0.016039,1024,896,732,1,7168,1835008,1835008,1.07719,0.433213,1.32965,86.0374,6.536519999999999,0.232596,94.32010000000001,732,1,1,134242312
tiledb,node,65536,0,cold,window_4096,1024,,,512,3,118.61038999632001,538218496,538218496,538218496,0.551420193,4096,3621,,0.884033203125,,1.1311792322562828,,,,,,2839,4,12182016,8326725632,0.170037,0.034629,0.04158,0.009,0.007,117.625845,0.015359,0.0,0.0,0.10955799999999999,0.182148,99.16237,0.0,0.112978,0.050479,0.221926,0.01384,2048,1808,1414,1,14464,3702784,3702784,1.50174,0.642281,1.95371,83.3453,13.299399999999999,0.235237,99.0878,1414,2,2,268484624
tiledb,node,65536,0,cold,window_4096,1024,,,512,4,161.68969799764454,672718848,672718848,672718848,0.910296,4096,3607,,0.880615234375,,1.1355697255336845,,,,,,2841,5,16908800,8327434240,0.6712,0.03416,0.041339,0.00953,0.00636,137.40156,0.0074,0.0,0.0,0.09349,0.101418,114.713988,0.0,0.086518,0.04371,23.049726,0.0162,1024,892,720,1,7136,1826816,1826816,1.15795,0.485942,1.39266,99.80210000000001,13.050799999999999,0.205207,114.651,720,2,2,268484624
tiledb,node,65536,0,cold,window_4096,1024,,,512,5,125.05675398278981,538869760,538869760,538869760,0.686175336,4096,3641,,0.888916015625,,1.1249656687723153,,,,,,2810,4,12231168,8327467008,0.177617,0.034799,0.041129,0.00953,0.00707,124.059859,0.01825,0.0,0.0,0.12323800000000001,0.186857,102.384203,0.0,0.116109,0.049059,0.217867,0.01485,2048,1809,1397,1,14472,3704832,3704832,1.6264999999999998,0.6402019999999999,2.06374,83.6905,16.084,0.231536,102.301,1397,2,2,268484624
tiledb,node,65536,0,cold,window_4096,1024,,,512,6,114.18323696125299,538894336,538894336,538894336,0.531783152,4096,3622,,0.88427734375,,1.1308669243511873,,,,,,2835,4,12198400,8327405568,0.210907,0.03432,0.040979,0.0098,0.00721,113.191371,0.01084,0.0,0.0,0.152998,0.211446,95.930809,0.0,0.116119,0.046669,0.217967,0.01325,2048,1816,1415,1,14528,3719168,3719168,1.47259,0.565422,1.91083,82.28059999999999,11.171000000000001,0.209117,95.83930000000001,1415,2,2,268484624
tiledb,node,65536,0,cold,window_4096,1024,,,512,7,130.2344370051287,538566656,538566656,538566656,0.6498048860000001,4096,3640,,0.888671875,,1.1252747252747253,,,,,,2834,4,16908800,8328224768,0.247076,0.03365,0.041809,0.0085,0.00735,103.804121,0.00581,0.0,0.0,0.076779,0.096608,92.688097,0.0,0.057049,0.0295,25.788196,0.01555,1024,912,704,1,7296,1867776,1867776,1.1628100000000001,0.548702,1.40642,83.753,7.10013,0.200547,92.61179999999999,704,1,1,134242312
tiledb,node,65536,0,cold,window_4096,1024,,,512,8,137.52596802078187,672800768,672800768,672800768,0.542867843,4096,3636,,0.8876953125,,1.1265126512651265,,,,,,2812,5,8231424,8326000640,0.119049,0.03233,0.040669,0.01254,0.00554,136.71284,0.01046,0.0,0.0,0.110009,0.102548,114.333104,0.0,0.086229,0.044429,0.099808,0.01575,1024,897,704,1,7176,1837056,1837056,1.09831,0.424744,1.3192499999999998,100.172,12.4175,0.121438,114.26899999999999,704,2,2,268484624
tiledb,node,65536,0,cold,window_4096,1024,,,512,9,119.41410799045116,538804224,538804224,538804224,0.545945935,4096,3644,,0.8896484375,,1.12403951701427,,,,,,2842,4,12229120,8326758400,0.204087,0.032999,0.041689,0.00883,0.00632,104.818986,0.01237,0.0,0.0,0.093468,0.096149,92.220824,0.0,0.075139,0.0398,13.865583,0.01467,1024,902,709,1,7216,1847296,1847296,1.10293,0.472763,1.3482699999999999,81.7857,8.680159999999999,0.197097,92.1651,709,1,1,134242312
tiledb,node,65536,0,cold,window_4096,8192,,,512,0,118.65645996294916,538292224,538292224,538292224,0.530476133,32768,14167,,0.432342529296875,,2.3129808710383286,,,,,,1951,4,82389504,8323534848,0.206847,0.092248,0.03698,0.013769,0.00862,116.875387,0.00926,0.0,0.0,0.132267,0.171068,98.101297,0.0,0.304595,0.057089,0.662091,0.020749,16384,7109,956,1,56872,14559232,14559232,1.17702,0.507332,1.50431,84.20750000000001,11.6565,0.428983,98.0366,956,2,2,268484624
tiledb,node,65536,0,cold,window_4096,8192,,,512,1,123.87237203074619,538492928,538492928,538492928,0.631725388,32768,14213,,0.433746337890625,,2.3054949693942164,,,,,,1879,4,82379264,8323149824,0.272456,0.0,0.0,0.008359,0.0,0.00065,0.0,0.0,0.0,0.0,0.0,0.0,0.0,0.0,0.0,123.35066,0.02404,0,0,0,0,0,0,0,0.0,0.0,0.0,0.0,0.0,0.0,0.0,0,0,0,0
tiledb,node,65536,0,cold,window_4096,8192,,,512,2,127.2118019987829,538353664,538353664,538353664,0.589649815,32768,14204,,0.4334716796875,,2.3069557871022246,,,,,,1906,4,82356736,8323809280,0.247636,0.092769,0.037369,0.00944,0.00837,124.946946,0.029689,0.0,0.0,0.134848,0.153418,104.466072,0.0,0.301465,0.058919,1.199832,0.019159,16384,7093,953,1,56744,14526464,14526464,1.32219,0.5475220000000001,1.63661,85.32480000000001,16.791400000000003,0.422754,104.393,953,2,2,268484624
tiledb,node,65536,0,cold,window_4096,8192,,,512,3,153.17894401960075,673034240,673034240,673034240,0.698559941,32768,14142,,0.43157958984375,,2.317069721397256,,,,,,1925,5,82248192,8323137536,0.200767,0.092119,0.035529,0.01322,0.00776,150.886539,0.025299,0.0,0.0,0.107419,0.127418,119.746943,0.0,0.296275,0.057329,1.229501,0.02198,16384,7040,985,1,56320,14417920,14417920,1.46842,0.48344099999999995,1.76774,101.888,15.295,0.47545299999999996,119.67899999999999,985,3,3,402726936
tiledb,node,65536,0,cold,window_4096,8192,,,512,4,153.07026699883863,673030144,673030144,673030144,0.660354355,32768,14161,,0.432159423828125,,2.3139608784690346,,,,,,1941,5,82276864,8323125248,0.273506,0.0,0.0,0.00891,0.0,0.00106,0.0,0.0,0.0,0.0,0.0,0.0,0.0,0.0,0.0,152.533454,0.02754,0,0,0,0,0,0,0,0.0,0.0,0.0,0.0,0.0,0.0,0.0,0,0,0,0
tiledb,node,65536,0,cold,window_4096,8192,,,512,5,108.80398697918281,538656768,538656768,538656768,0.532827779,32768,14159,,0.432098388671875,,2.3142877321844764,,,,,,1930,4,58024448,8322351104,0.324866,0.092059,0.035989,0.00954,0.00817,107.108312,0.01968,0.0,0.0,0.10056899999999999,0.079798,92.866975,0.0,0.171028,0.049319,0.69906,0.02065,8192,3523,496,1,28184,7215104,7215104,0.9876259999999999,0.474215,1.21485,82.1775,8.932590000000001,0.34142500000000003,92.8157,496,1,1,134242312
tiledb,node,65536,0,cold,window_4096,8192,,,512,6,146.08048100490123,538820608,538820608,538820608,0.8299305210000001,32768,14144,,0.431640625,,2.316742081447964,,,,,,1913,4,106686976,8324026368,0.272786,0.077289,0.036479,0.01001,0.00888,143.391811,0.038229,0.0,0.0,0.108268,0.189997,114.603741,0.0,0.424853,0.062489,1.471938,0.022539,24576,10621,1426,1,84968,21751808,21751808,1.5734499999999998,0.6718,2.01836,86.2668,25.512900000000002,0.48208300000000004,114.523,1426,3,3,402726936
tiledb,node,65536,0,cold,window_4096,8192,,,512,7,108.98882400942966,538218496,538218496,538218496,0.461199932,32768,14119,,0.430877685546875,,2.3208442524258093,,,,,,1959,4,57993728,8322502656,0.66909,0.087908,0.03551,0.01107,0.00789,104.948004,0.016629,0.0,0.0,0.09542899999999999,0.074969,89.481245,0.0,0.163707,0.05015,2.69692,0.01883,8192,3504,519,1,28032,7176192,7176192,1.00325,0.40603599999999995,1.18895,80.41329999999999,7.26362,0.390314,89.4275,519,1,1,134242312
tiledb,node,65536,0,cold,window_4096,8192,,,512,8,164.62285403395072,672899072,672899072,672899072,0.762336796,32768,14169,,0.432403564453125,,2.312654386336368,,,,,,1899,5,82315776,8323231744,0.247496,0.0,0.0,0.00859,0.0,0.00061,0.0,0.0,0.0,0.0,0.0,0.0,0.0,0.0,0.0,164.148341,0.024,0,0,0,0,0,0,0,0.0,0.0,0.0,0.0,0.0,0.0,0.0,0,0,0,0
tiledb,node,65536,0,cold,window_4096,8192,,,512,9,131.0930149629712,538755072,538755072,538755072,0.625071912,32768,14168,,0.432373046875,,2.312817617165443,,,,,,1908,4,82338304,8323256320,0.256816,0.092409,0.037079,0.01013,0.00739,128.746349,0.008,0.0,0.0,0.092208,0.131588,106.238255,0.0,0.296346,0.052539,1.251102,0.021869,16384,7084,943,1,56672,14508032,14508032,1.24464,0.549171,1.5659999999999998,87.6676,16.298099999999998,0.418184,106.185,943,2,2,268484624
tiledb,node,65536,0,cold,window_4096,65536,,,512,0,167.9624539683573,672509952,672509952,672509952,1.04161785,262144,16384,,0.0625,,16.0,,,,,,4,5,559415808,8321560576,0.321675,0.088418,0.03781,0.0125,0.008649,157.480501,0.03447,0.0,0.0,0.071059,0.00901,127.577966,0.0,0.341825,0.223997,8.891507,0.179937,131072,8192,2,1,65536,16777216,16777216,0.221947,0.125017,0.288586,101.7,24.9574,0.409394,127.53999999999999,2,3,3,402726936
tiledb,node,65536,0,cold,window_4096,65536,,,512,1,112.32877400470898,538755072,538755072,538755072,0.464025725,262144,16384,,0.0625,,16.0,,,,,,4,4,414188032,8321245184,0.333806,0.082849,0.039809,0.00985,0.00754,104.303414,0.00658,0.0,0.0,0.083069,0.00848,91.653132,0.0,0.177867,0.108379,6.859518,0.185067,65536,4096,1,1,32768,8388608,8388608,0.102519,0.060029,0.16039799999999999,83.2695,7.66406,0.391935,91.61529999999999,1,1,1,134242312
tiledb,node,65536,0,cold,window_4096,65536,,,512,2,128.76354902982712,538738688,538738688,538738688,0.564416598,262144,16384,,0.0625,,16.0,,,,,,4,4,559415808,8322514944,0.223757,0.088608,0.03786,0.01177,0.008309,118.547092,0.02948,0.0,0.0,0.079609,0.00876,98.216354,0.0,0.343985,0.220346,8.765719,0.182507,131072,8192,2,1,65536,16777216,16777216,0.15792799999999999,0.07483,0.217367,86.10289999999999,11.2076,0.48291300000000004,98.1808,2,2,2,268484624
tiledb,node,65536,0,cold,window_4096,65536,,,512,3,128.14027903368697,537890816,537890816,537890816,0.565416176,262144,16384,,0.0625,,16.0,,,,,,4,4,559415808,8322641920,0.286186,0.080589,0.035019,0.00897,0.00579,104.247475,0.00548,0.0,0.0,0.06945899999999999,0.00716,92.735686,0.0,0.199087,0.117408,22.668532,0.168947,65536,4096,1,1,32768,8388608,8388608,0.108219,0.04917,0.146258,83.7345,8.25501,0.394284,92.70100000000001,1,1,1,134242312
tiledb,node,65536,0,cold,window_4096,65536,,,512,4,163.05225796531886,672808960,672808960,672808960,0.738345898,262144,16384,,0.0625,,16.0,,,,,,4,5,559415808,8322502656,0.253786,0.087289,0.037539,0.01086,0.00822,152.524044,0.00905,0.0,0.0,0.079099,0.009659,121.560547,0.0,0.343515,0.227157,9.037475,0.181908,131072,8192,2,1,65536,16777216,16777216,0.24899600000000002,0.13338799999999998,0.296695,102.005,18.6609,0.355305,121.52,2,3,3,402726936
tiledb,node,65536,0,cold,window_4096,65536,,,512,5,132.55513296462595,538869760,538869760,538869760,0.593028149,262144,16384,,0.0625,,16.0,,,,,,4,4,559415808,8322510848,0.67302,0.087859,0.03877,0.010959,0.00827,121.650295,0.00931,0.0,0.0,0.08298900000000001,0.0099,98.989763,0.0,0.339795,0.221997,8.990896,0.181927,131072,8192,2,1,65536,16777216,16777216,0.19716699999999998,0.103619,0.235787,84.57639999999999,13.5321,0.40083399999999997,98.94699999999999,2,2,2,268484624
tiledb,node,65536,0,cold,window_4096,65536,,,512,6,128.70450998889282,538443776,538443776,538443776,0.550109926,262144,16384,,0.0625,,16.0,,,,,,4,4,559415808,8322502656,0.283125,0.087749,0.038269,0.00989,0.00794,118.401344,0.00903,0.0,0.0,0.076458,0.00856,97.373538,0.0,0.340974,0.230387,8.791899,0.182638,131072,8192,2,1,65536,16777216,16777216,0.252506,0.121848,0.306925,83.513,12.9519,0.390764,97.3351,2,2,2,268484624
tiledb,node,65536,0,cold,window_4096,65536,,,512,7,128.33338498603553,538664960,538664960,538664960,0.556125612,262144,16384,,0.0625,,16.0,,,,,,4,4,559415808,8322576384,0.273395,0.088029,0.038139,0.00988,0.00869,117.784373,0.0304,0.0,0.0,0.077689,0.00898,95.001673,0.0,0.344145,0.224066,9.049715,0.180797,131072,8192,2,1,65536,16777216,16777216,0.230046,0.120238,0.286195,82.40129999999999,11.5804,0.49788199999999994,94.9641,2,2,2,268484624
tiledb,node,65536,0,cold,window_4096,65536,,,512,8,125.91325200628489,538443776,538443776,538443776,0.550136737,262144,16384,,0.0625,,16.0,,,,,,4,4,559415808,8322580480,0.405864,0.089449,0.038139,0.00896,0.00865,118.788067,0.033479,0.0,0.0,0.069239,0.00818,97.748632,0.0,0.340985,0.222887,5.563177,0.173768,131072,8192,2,1,65536,16777216,16777216,0.201527,0.114269,0.25193699999999997,82.6949,14.1366,0.414094,97.7127,2,2,2,268484624
tiledb,node,65536,0,cold,window_4096,65536,,,512,9,128.41245398158208,538492928,538492928,538492928,0.584857407,262144,16384,,0.0625,,16.0,,,,,,4,4,559415808,8322568192,0.338735,0.087869,0.038969,0.00918,0.0075,118.150068,0.0324,0.0,0.0,0.081609,0.008719,96.853995,0.0,0.338754,0.220217,8.757469,0.182527,131072,8192,2,1,65536,16777216,16777216,0.20891700000000002,0.102709,0.25465600000000005,81.80229999999999,14.0612,0.520683,96.81670000000001,2,2,2,268484624
tiledb,node,65536,0,cold,window_65536,1024,,,512,0,246.411113999784,1075601408,1075601408,1075601408,1.182354544,4096,4062,,0.99169921875,,1.0083702609551946,,,,,,4010,8,12646912,8326078464,0.239837,0.03475,0.041219,0.01272,0.00762,245.30266,0.00447,0.0,0.0,0.122598,0.254576,204.053736,0.0,0.122729,0.048599,0.224037,0.01494,2048,2035,2010,1,16280,4167680,4167680,1.74721,0.8310379999999999,2.36815,168.739,32.2426,0.31273500000000004,203.97,2010,4,4,536969248
tiledb,node,65536,0,cold,window_65536,1024,,,512,1,237.1608919929713,1075339264,1075339264,1075339264,1.20345166,4096,4056,,0.990234375,,1.009861932938856,,,,,,3995,8,12636672,8327073792,0.155888,0.034439,0.042299,0.00967,0.00717,236.201136,0.01157,0.0,0.0,0.13108799999999998,0.248416,199.269647,0.0,0.124629,0.050959,0.187187,0.016,2048,2030,2005,1,16240,4157440,4157440,1.80198,0.8048909999999999,2.4118500000000003,168.523,23.1873,0.26390600000000003,199.171,2005,4,4,536969248
tiledb,node,65536,0,cold,window_65536,1024,,,512,2,251.03374500758946,1075576832,1075576832,1075576832,1.292761364,4096,4066,,0.99267578125,,1.0073782587309394,,,,,,4000,8,16908800,8328167424,0.182767,0.034669,0.04142,0.00969,0.007189,161.412902,0.00311,0.0,0.0,0.10907900000000001,0.141748,137.982951,0.0,0.087899,0.046029,88.863354,0.01587,1024,1016,1004,1,8128,2080768,2080768,1.34988,0.5965630000000001,1.67421,121.37100000000001,14.352699999999999,0.301706,137.90800000000002,1004,2,2,268484624
tiledb,node,65536,0,cold,window_65536,1024,,,512,3,213.18739000707865,940933120,940933120,940933120,1.126858184,4096,4061,,0.991455078125,,1.0086185668554544,,,,,,4014,8,12636672,8328110080,0.259466,0.0,0.0,0.00822,0.0,0.00081,0.0,0.0,0.0,0.0,0.0,0.0,0.0,0.0,0.0,212.627777,0.03911,0,0,0,0,0,0,0,0.0,0.0,0.0,0.0,0.0,0.0,0.0,0,0,0,0
tiledb,node,65536,0,cold,window_65536,1024,,,512,4,240.34067400498316,1075494912,1075494912,1075494912,1.057007737,4096,4063,,0.991943359375,,1.008122077282796,,,,,,3989,8,12651008,8327073792,0.270706,0.0,0.0,0.00867,0.0,0.00069,0.0,0.0,0.0,0.0,0.0,0.0,0.0,0.0,0.0,239.838862,0.023739,0,0,0,0,0,0,0,0.0,0.0,0.0,0.0,0.0,0.0,0.0,0,0,0,0
tiledb,node,65536,0,cold,window_65536,1024,,,512,5,247.05133499810472,1075740672,1075740672,1075740672,1.158603929,4096,4066,,0.99267578125,,1.0073782587309394,,,,,,3991,8,12640768,8327053312,0.729569,0.03434,0.042829,0.00867,0.0064,207.298637,0.00726,0.0,0.0,0.09053800000000001,0.125218,181.475183,0.0,0.085009,0.042799,38.460107,0.016349,1024,1013,995,1,8104,2074624,2074624,1.16367,0.55236,1.47202,166.601,12.9369,0.206417,181.42,995,2,2,268484624
tiledb,node,65536,0,cold,window_65536,1024,,,512,6,244.1464180010371,1075699712,1075699712,1075699712,1.290926157,4096,4064,,0.9921875,,1.0078740157480315,,,,,,3991,8,12642816,8326045696,0.130918,0.0,0.0,0.011379,0.0,0.00114,0.0,0.0,0.0,0.0,0.0,0.0,0.0,0.0,0.0,243.684265,0.027109,0,0,0,0,0,0,0,0.0,0.0,0.0,0.0,0.0,0.0,0.0,0,0,0,0
tiledb,node,65536,0,cold,window_65536,1024,,,512,7,247.75759398471564,1074802688,1074802688,1074802688,1.328372212,4096,4069,,0.993408203125,,1.0066355369869746,,,,,,4004,8,12651008,8326053888,0.168397,0.03539,0.041049,0.00954,0.00737,246.760708,0.00384,0.0,0.0,0.11813799999999999,0.252216,203.566163,0.0,0.123838,0.04993,0.221687,0.0156,2048,2037,2002,1,16296,4171776,4171776,1.64364,0.763422,2.19104,169.525,25.6753,0.317965,203.475,2002,4,4,536969248
tiledb,node,65536,0,cold,window_65536,1024,,,512,8,249.40837902249768,1075699712,1075699712,1075699712,1.163561105,4096,4062,,0.99169921875,,1.0083702609551946,,,,,,3989,8,12636672,8326045696,0.157468,0.03429,0.042039,0.01048,0.00737,214.754506,0.00274,0.0,0.0,0.119198,0.135928,184.630245,0.0,0.087899,0.045149,33.921734,0.01669,1024,1017,999,1,8136,2082816,2082816,1.37508,0.5646629999999999,1.68417,167.61,14.8252,0.195527,184.561,999,2,2,268484624
tiledb,node,65536,0,cold,window_65536,1024,,,512,9,261.2213930115104,1075613696,1075613696,1075613696,1.563185458,4096,4073,,0.994384765625,,1.005646943285048,,,,,,4003,8,16908800,8328069120,0.125378,0.100998,0.03884,0.010869,0.00749,260.09519,0.00654,0.0,0.0,0.16843799999999998,0.378704,223.713293,0.0,0.163538,0.050589,0.270296,0.01628,3072,3054,3000,1,24432,6254592,6254592,2.53003,1.0324200000000001,3.46317,188.577,35.710899999999995,0.586801,223.57399999999998,3000,6,6,805453872
tiledb,node,65536,0,cold,window_65536,8192,,,512,0,203.83315900107846,806477824,806477824,806477824,1.082069826,32768,30805,,0.940093994140625,,1.06372342152248,,,,,,27252,8,99361280,8384602112,0.328035,0.0,0.0,0.00866,0.0,0.00038,0.0,0.0,0.0,0.0,0.0,0.0,0.0,0.0,0.0,203.223868,0.033819,0,0,0,0,0,0,0,0.0,0.0,0.0,0.0,0.0,0.0,0.0,0,0,0,0
tiledb,node,65536,0,cold,window_65536,8192,,,512,1,249.24142198869959,1075388416,1075388416,1075388416,1.3479186140000001,32768,30786,,0.93951416015625,,1.0643799129474436,,,,,,27198,8,99353088,8360976384,0.202947,0.094679,0.0367,0.010469,0.00946,246.6631,0.01992,0.0,0.0,0.39965399999999995,1.540807,204.032057,0.0,0.603741,0.059189,1.203902,0.021999,16384,15392,13582,1,123136,31522816,31522816,4.6978100000000005,2.08898,7.6340200000000005,166.835,21.333399999999997,1.61944,203.73,13582,4,4,536969248
tiledb,node,65536,0,cold,window_65536,8192,,,512,2,292.13165200781077,1075634176,1075634176,1075634176,1.507791264,32768,30757,,0.938629150390625,,1.06538348993725,,,,,,27096,8,132207104,8370249728,0.265726,0.093619,0.035269,0.01019,0.00774,156.80582,0.030329,0.0,0.0,0.273116,0.778208,127.592567,0.0,0.325216,0.053289,134.175318,0.0258,8192,7675,6759,1,61400,15718400,15718400,2.9877100000000003,1.10512,4.39394,109.014,12.265699999999999,1.30038,127.37399999999998,6759,2,2,268484624
tiledb,node,65536,0,cold,window_65536,8192,,,512,3,303.98024496389553,1075699712,1075699712,1075699712,1.7563315830000001,32768,30775,,0.939178466796875,,1.0647603574329814,,,,,,27218,8,132239872,8388022272,0.212007,0.078748,0.03799,0.01056,0.01087,300.812532,0.021729,0.0,0.0,0.537861,2.237477,247.452479,0.0,0.883017,0.078699,1.494107,0.02283,24576,23098,20430,1,184784,47304704,47304704,9.08186,3.29411,14.4488,175.108,49.4586,2.8449999999999998,246.90400000000002,20430,6,6,805453872
tiledb,node,65536,0,cold,window_65536,8192,,,512,4,263.0638449918479,1075109888,1075109888,1075109888,1.6387478789999999,32768,30823,,0.940643310546875,,1.0631022288550758,,,,,,27323,8,99406336,8385409024,0.288995,0.094339,0.036499,0.00984,0.00931,260.401115,0.025619,0.0,0.0,0.449703,1.552457,215.651863,0.0,0.604611,0.055809,1.208232,0.0195,16384,15405,13663,1,123240,31549440,31549440,5.136769999999999,2.7030499999999997,8.2944,171.59,33.5196,1.2151,215.248,13663,4,4,536969248
tiledb,node,65536,0,cold,window_65536,8192,,,512,5,308.8149830000475,1074909184,1074909184,1074909184,1.802079673,32768,30803,,0.940032958984375,,1.0637924877447003,,,,,,27123,8,132266496,8394735616,0.230026,0.077939,0.037399,0.0098,0.01063,305.65213,0.087709,0.0,0.0,0.529522,2.315886,252.479003,0.0,0.883317,0.066719,1.490408,0.022699,24576,23111,20368,1,184888,47331328,47331328,8.3123,3.84251,13.2976,175.77300000000002,54.229800000000004,2.74686,252.04100000000003,20368,6,6,805453872
tiledb,node,65536,0,cold,window_65536,8192,,,512,6,303.20475599728525,1075486720,1075486720,1075486720,1.667823297,32768,30827,,0.940765380859375,,1.0629642845557465,,,,,,27278,8,132266496,8377647104,0.318835,0.097249,0.036329,0.01015,0.00596,159.618789,0.046349,0.0,0.0,0.29943600000000004,0.794608,131.666215,0.0,0.327735,0.052559,142.409516,0.025039,8192,7716,6798,1,61728,15802368,15802368,3.9480899999999997,1.82719,5.51602,112.72699999999999,11.6829,1.08099,131.423,6798,2,2,268484624
tiledb,node,65536,0,cold,window_65536,8192,,,512,7,248.11907799448818,1075724288,1075724288,1075724288,1.352910789,32768,30720,,0.9375,,1.0666666666666667,,,,,,27171,8,99363328,8377417728,0.297416,0.092199,0.03698,0.008989,0.00964,245.460378,0.01632,0.0,0.0,0.389614,1.591326,203.669662,0.0,0.604561,0.062009,1.232091,0.02255,16384,15397,13609,1,123176,31533056,31533056,5.5454,2.84367,8.88419,166.163,21.1453,1.2404499999999998,203.33300000000003,13609,4,4,536969248
tiledb,node,65536,0,cold,window_65536,8192,,,512,8,248.0210199719295,1075372032,1075372032,1075372032,1.406672542,32768,30797,,0.939849853515625,,1.0639997402344383,,,,,,27099,8,99377664,8359641088,0.762578,0.091719,0.036819,0.00956,0.00954,245.152963,0.01478,0.0,0.0,0.346325,1.534157,202.703145,0.0,0.604231,0.057929,0.940406,0.0223,16384,15404,13582,1,123232,31547392,31547392,4.62202,1.9704499999999998,7.49294,165.937,21.2953,1.30632,202.39499999999998,13582,4,4,536969248
tiledb,node,65536,0,cold,window_65536,8192,,,512,9,246.96208495879546,1075286016,1075286016,1075286016,1.345459436,32768,30842,,0.94122314453125,,1.0624473121068672,,,,,,27185,8,99465728,8359673856,0.252447,0.092779,0.037239,0.01003,0.00944,244.313195,0.01477,0.0,0.0,0.335765,1.538327,202.244332,0.0,0.605991,0.066979,1.211022,0.02261,16384,15447,13599,1,123576,31635456,31635456,5.026540000000001,2.44425,8.08879,166.565,19.499200000000002,1.38615,201.926,13599,4,4,536969248
tiledb,node,65536,0,cold,window_65536,65536,,,512,0,282.12187095778063,1075597312,1075597312,1075597312,1.640828509,262144,165856,,0.6326904296875,,1.580551803974532,,,,,,61164,8,712583680,8441344000,0.396204,0.098098,0.03805,0.01317,0.019979,265.780155,0.065979,0.0,0.0,0.714029,3.455029,224.234485,0.0,3.028245,0.327895,11.927282,0.169508,131072,82875,30552,1,663000,169728000,169728000,12.0597,5.8122,20.208199999999998,169.33100000000002,28.9756,3.8456200000000003,223.419,30552,4,4,536969248
tiledb,node,65536,0,cold,window_65536,65536,,,512,1,265.73196600656956,1075503104,1075503104,1075503104,1.522423098,262144,165959,,0.6330833435058594,,1.579570857862484,,,,,,60814,8,712618496,8409968640,0.234927,0.091199,0.039629,0.0108,0.02067,252.517843,0.070539,0.0,0.0,0.65967,3.544447,210.842205,0.0,3.024174,0.328166,8.938267,0.184087,131072,82998,30457,1,663984,169979904,169979904,9.58347,5.32527,16.8337,161.175,19.9772,5.43857,210.21300000000002,30457,4,4,536969248
tiledb,node,65536,0,cold,window_65536,65536,,,512,2,265.5472379992716,1075576832,1075576832,1075576832,1.4897040860000001,262144,165848,,0.632659912109375,,1.580628044956828,,,,,,60850,8,712507904,8409649152,0.262266,0.092699,0.039329,0.01094,0.02012,252.403694,0.067079,0.0,0.0,0.68051,3.453749,210.842294,0.0,3.020705,0.325456,8.846088,0.181927,131072,82817,30510,1,662536,169609216,169609216,8.7451,4.89215,15.4176,162.70299999999997,21.7743,4.229100000000001,210.215,30510,4,4,536969248
tiledb,node,65536,0,cold,window_65536,65536,,,512,3,240.06899900268763,1075236864,1075236864,1075236864,1.08967962,262144,166012,,0.6332855224609375,,1.5790665735007108,,,,,,60943,8,491092480,8391204864,0.231946,0.080659,0.035539,0.01384,0.01164,223.653523,0.038989,0.0,0.0,0.364865,1.618276,196.865652,0.0,1.543387,0.173808,13.774404,0.180628,65536,41538,15241,1,332304,85069824,85069824,4.9074100000000005,2.6286,8.12265,168.775,13.728900000000001,5.28818,196.529,15241,2,2,268484624
tiledb,node,65536,0,cold,window_65536,65536,,,512,4,265.8378139603883,1075486720,1075486720,1075486720,1.400863167,262144,165653,,0.6319160461425781,,1.5824886962505962,,,,,,61016,8,712317440,8409960448,0.240606,0.097968,0.04022,0.013729,0.01974,252.71249,0.195997,0.0,0.0,0.715908,3.350571,209.048641,0.0,3.020035,0.326555,8.804069,0.180447,131072,82851,30470,1,662808,169678848,169678848,11.7972,5.76414,20.0126,156.04999999999998,26.3565,5.0287,208.26,30470,4,4,536969248
tiledb,node,65536,0,cold,window_65536,65536,,,512,5,268.2463679811917,1075159040,1075159040,1075159040,1.310708847,262144,165510,,0.6313705444335938,,1.5838559603649327,,,,,,61220,8,712319488,8409759744,0.258406,0.090248,0.03724,0.01045,0.019979,255.232323,0.068329,0.0,0.0,0.64285,3.551927,211.900199,0.0,3.019574,0.327776,8.71011,0.187637,131072,82852,30543,1,662816,169680896,169680896,8.14396,4.21522,14.0735,164.00500000000002,26.4373,5.78888,211.263,30543,4,4,536969248
tiledb,node,65536,0,cold,window_65536,65536,,,512,6,262.75679003447294,1075486720,1075486720,1075486720,1.271231599,262144,165794,,0.6324539184570312,,1.581142864036093,,,,,,61155,8,712507904,8410337280,0.799458,0.082319,0.037209,0.01081,0.01329,217.706922,0.034359,0.0,0.0,0.491273,1.759134,186.790833,0.0,1.553907,0.170887,41.860505,0.182907,65536,41416,15195,1,331328,84819968,84819968,5.8203700000000005,3.17949,9.13078,159.988,12.018799999999999,4.649559999999999,186.46699999999998,15195,2,2,268484624
tiledb,node,65536,0,cold,window_65536,65536,,,512,7,278.2864079927094,1075113984,1075113984,1075113984,1.7054713129999999,262144,165392,,0.63092041015625,,1.5849859727193576,,,,,,60775,8,712507904,8445816832,0.251226,0.088648,0.03592,0.01161,0.018139,265.205384,0.208197,0.0,0.0,0.709109,3.32345,218.671808,0.0,3.010915,0.323315,8.802499,0.181167,131072,82505,30426,1,660040,168970240,168970240,11.768,5.75469,19.8921,168.169,23.484499999999997,5.32831,217.918,30426,4,4,536969248
tiledb,node,65536,0,cold,window_65536,65536,,,512,8,261.69029501033947,1075474432,1075474432,1075474432,1.423446618,262144,165709,,0.6321296691894531,,1.5819539071504867,,,,,,60901,8,712507904,8427876352,0.253466,0.082639,0.037709,0.01146,0.01287,219.20998,0.036619,0.0,0.0,0.476873,1.747844,191.67024,0.0,1.533067,0.171677,39.865235,0.169857,65536,41383,15227,1,331064,84752384,84752384,5.8999500000000005,3.1686599999999996,9.3356,163.889,12.2545,4.9955099999999995,191.34699999999998,15227,2,2,268484624
tiledb,node,65536,0,cold,window_65536,65536,,,512,9,302.91036202106625,1075290112,1075290112,1075290112,1.85296408,262144,165707,,0.6321220397949219,,1.5819730005370927,,,,,,61063,8,934060544,8452132864,0.271876,0.094898,0.03802,0.01055,0.025679,285.771967,0.097529,0.0,0.0,1.027034,4.863348,239.96567,0.0,4.531312,0.485043,11.150484,0.181047,196608,124308,45789,1,994464,254582784,254582784,20.6673,8.63655,34.1149,172.241,41.3385,9.644919999999999,238.85799999999998,45789,6,6,805453872
tiledb,node,65536,0,warm,random,1024,,,512,0,1164.5256570191123,0,0,0,20.605652527,4096,4095,,0.999755859375,,1.0002442002442002,,,,,,4095,1005,8514560,8329461760,0.162608,0.033899,0.04165,0.013999,0.00744,526.446896,0.00286,0.0,0.0,0.125778,0.123448,443.09823,0.0,0.087079,0.046519,637.261912,0.0285,1021,1020,1020,1,8160,2088960,2088960,1.25854,0.597291,1.60731,306.13800000000003,288.629,0.77403,443.033,1020,64,64,8591507968
tiledb,node,65536,0,warm,random,1024,,,512,1,1124.3246860103682,0,0,0,20.225209257,4096,4096,,1.0,,1.0,,,,,,4096,1013,8498176,8329740288,0.197337,0.032989,0.040359,0.00946,0.00755,519.972553,0.01624,0.0,0.0,0.102648,0.133788,432.939651,0.0,0.085859,0.044919,603.586765,0.01716,1006,1006,1005,1,8048,2060288,2060288,1.18779,0.535721,1.56134,309.26,271.04200000000003,0.748656,432.87399999999997,1005,64,64,8591507968
tiledb,node,65536,0,warm,random,1024,,,512,2,1129.6473770053126,0,0,0,19.985313113,4096,4095,,0.999755859375,,1.0002442002442002,,,,,,4095,1003,8600576,8329748480,0.188897,0.034099,0.041059,0.01072,0.0066,550.846292,0.00936,0.0,0.0,0.11160800000000001,0.134598,462.425021,0.0,0.091319,0.046719,577.931738,0.056029,1004,1004,1004,1,8032,2056192,2056192,1.17734,0.5674220000000001,1.55359,303.371,289.27599999999995,0.797658,462.346,1004,64,64,8591507968
tiledb,node,65536,0,warm,random,1024,,,512,3,1081.7063019494526,0,0,0,19.956066316,4096,4096,,1.0,,1.0,,,,,,4096,1012,8465408,8329797632,0.214347,0.03307,0.041089,0.0103,0.00764,530.391187,0.00689,0.0,0.0,0.105627,0.130839,450.526389,0.0,0.093388,0.04771,550.489937,0.02531,1018,1018,1018,1,8144,2084864,2084864,1.2599099999999999,0.597782,1.6349500000000001,334.50600000000003,294.352,0.762147,450.46000000000004,1018,64,64,8591507968
tiledb,node,65536,0,warm,random,1024,,,512,4,1158.1073419656605,0,0,0,20.10520786,4096,4096,,1.0,,1.0,,,,,,4096,1011,8522752,8329662464,0.129708,0.031859,0.0397,0.01153,0.00511,529.309263,0.007629,0.0,0.0,0.11580800000000001,0.159018,439.103729,0.0,0.092998,0.04433,627.989111,0.05443,1044,1044,1044,1,8352,2138112,2138112,1.68968,0.731268,2.08961,298.045,301.923,0.726728,439.027,1044,64,64,8591507968
tiledb,node,65536,0,warm,random,1024,,,512,5,1117.9112819954753,0,0,0,20.017645896,4096,4096,,1.0,,1.0,,,,,,4096,1003,8563712,8329744384,0.135908,0.03301,0.041589,0.00971,0.00706,539.097397,0.00233,0.0,0.0,0.10555800000000001,0.141898,457.780831,0.0,0.093439,0.045769,578.077116,0.02042,1054,1054,1054,1,8432,2158592,2158592,1.7169699999999999,0.781419,2.08929,311.895,314.66499999999996,0.796577,457.708,1054,64,64,8591507968
tiledb,node,65536,0,warm,random,1024,,,512,6,1056.910023035016,0,0,0,18.916405578,4096,4096,,1.0,,1.0,,,,,,4096,1010,8565760,8329797632,0.166648,0.553282,0.04361,0.010159,0.00735,540.448257,0.00848,0.0,0.0,0.107749,0.128868,434.163302,0.0,0.088389,0.045379,515.181254,0.022799,1008,1008,1008,1,8064,2064384,2064384,1.35483,0.5739500000000001,1.74458,295.896,265.58500000000004,0.691997,434.09,1008,64,64,8591507968
tiledb,node,65536,0,warm,random,1024,,,512,7,1130.0924899987876,0,0,0,20.677367835,4096,4096,,1.0,,1.0,,,,,,4095,1009,8539136,8329793536,0.183637,0.031559,0.0384,0.0099,0.00515,560.244841,0.00697,0.0,0.0,0.101729,0.146438,469.412187,0.0,0.090329,0.049759,569.07287,0.020899,1048,1048,1048,1,8384,2146304,2146304,1.67075,0.763628,2.05882,335.95000000000005,312.134,0.6936979999999999,469.344,1048,64,64,8591507968
tiledb,node,65536,0,warm,random,1024,,,512,8,1043.029609019868,0,0,0,19.507593496,4096,4096,,1.0,,1.0,,,,,,4096,1011,8625152,8329768960,0.143468,0.03388,0.040139,0.00954,0.00646,538.494386,0.013099,0.0,0.0,0.102358,0.127909,437.497113,0.0,0.088279,0.045599,503.803404,0.01923,1022,1022,1021,1,8176,2093056,2093056,1.3178,0.5807819999999999,1.73654,299.942,306.73699999999997,0.732321,437.428,1021,64,64,8591507968
tiledb,node,65536,0,warm,random,1024,,,512,9,1114.8447179584764,0,0,0,19.855854329,4096,4096,,1.0,,1.0,,,,,,4096,1007,8637440,8329912320,0.590122,0.03366,0.040809,0.01164,0.00757,535.047208,0.00227,0.0,0.0,0.11288799999999999,0.140078,438.832793,0.0,0.090738,0.04499,578.596098,0.02441,1015,1015,1015,1,8120,2078720,2078720,1.33348,0.606303,1.70878,318.84200000000004,298.87,0.734079,438.764,1015,64,64,8591507968
tiledb,node,65536,0,warm,random,8192,,,512,0,1183.9961059740745,0,0,0,20.101076861,32768,32755,,0.999603271484375,,1.0003968859716075,,,,,,32736,1024,67732480,8363421696,0.271176,0.094038,0.03691,0.012929,0.00952,1182.180974,0.00916,0.0,0.0,0.239176,0.939786,1148.956679,0.0,0.339134,0.05432,0.605981,0.02325,8140,8133,8121,1,65064,16656384,16656384,3.78413,1.87779,6.10102,629.694,403.497,1.71711,1148.76,8121,64,64,8591507968
tiledb,node,65536,0,warm,random,8192,,,512,1,1137.2803029953502,0,0,0,20.376522907,32768,32756,,0.9996337890625,,1.0003663450970814,,,,,,32741,1024,67911168,8360521728,0.266776,0.095439,0.039189,0.01002,0.00806,1135.48343,0.01198,0.0,0.0,0.23784699999999998,0.988545,1102.392603,0.0,0.344795,0.055509,0.615171,0.02238,8296,8285,8267,1,66280,16967680,16967680,4.88776,2.2575999999999996,7.26889,637.514,408.23900000000003,1.56768,1102.19,8267,64,64,8591507968
tiledb,node,65536,0,warm,random,8192,,,512,2,1178.5052380291745,0,0,0,20.099641626,32768,32755,,0.999603271484375,,1.0003968859716075,,,,,,32742,1024,67993088,8360964096,0.268186,0.095789,0.036909,0.01018,0.00859,1176.704325,0.031439,0.0,0.0,0.230566,0.841498,1143.360303,0.0,0.337255,0.055119,0.625181,0.02146,8062,8054,8044,1,64432,16494592,16494592,3.9888399999999997,1.8151300000000001,6.1712,625.2379999999999,419.83,1.6704599999999998,1143.1,8044,64,64,8591507968
tiledb,node,65536,0,warm,random,8192,,,512,3,1155.031798989512,0,0,0,20.57466617,32768,32764,,0.9998779296875,,1.0001220852154804,,,,,,32746,1024,67921408,8361005056,0.254846,0.091868,0.03733,0.00988,0.00801,1153.238725,0.031539,0.0,0.0,0.23738700000000001,0.921656,1120.852358,0.0,0.343555,0.055939,0.622891,0.023369,8194,8190,8173,1,65520,16773120,16773120,3.7020299999999997,1.82589,6.01325,651.578,412.086,1.6104699999999998,1120.6499999999999,8173,64,64,8591507968
tiledb,node,65536,0,warm,random,8192,,,512,4,1180.8427129872143,0,0,0,20.826651903,32768,32757,,0.999664306640625,,1.0003358060872485,,,,,,32746,1024,67695616,8360669184,0.275376,0.091058,0.03657,0.0106,0.009349,1178.981001,0.00839,0.0,0.0,0.240027,0.927176,1148.012793,0.0,0.344055,0.132298,0.595501,0.023109,8180,8173,8162,1,65384,16738304,16738304,3.82295,1.96292,5.94974,657.004,398.592,1.58098,1147.81,8162,64,64,8591507968
tiledb,node,65536,0,warm,random,8192,,,512,5,1142.3855570028536,0,0,0,20.898793934,32768,32755,,0.999603271484375,,1.0003968859716075,,,,,,32745,1024,67773952,8363102208,0.293116,0.092678,0.03737,0.009849,0.00804,1140.587074,0.00912,0.0,0.0,0.234976,0.950126,1100.135838,0.0,0.342275,0.054669,0.600161,0.02203,8214,8206,8197,1,65648,16805888,16805888,4.884860000000001,2.21036,7.23323,555.547,367.284,1.69857,1099.93,8197,64,64,8591507968
tiledb,node,65536,0,warm,random,8192,,,512,6,1197.1345510100946,0,0,0,20.790341686999998,32768,32761,,0.999786376953125,,1.0002136686914318,,,,,,32749,1024,67986944,8361496576,0.264146,0.093278,0.03648,0.01044,0.00845,1195.378526,0.0081,0.0,0.0,0.23659600000000003,0.859708,1162.412128,0.0,0.342225,0.054899,0.584301,0.021719,8209,8201,8184,1,65608,16795648,16795648,4.15453,2.00693,6.42509,626.155,411.208,1.65015,1162.1399999999999,8184,64,64,8591507968
tiledb,node,65536,0,warm,random,8192,,,512,7,1160.8451110078022,0,0,0,20.764866715,32768,32759,,0.999725341796875,,1.0002747336609787,,,,,,32739,1024,67814912,8361529344,0.267386,0.091379,0.036599,0.01016,0.00798,567.586222,0.00832,0.0,0.0,0.24701599999999999,0.922586,477.018604,0.0,0.372945,0.056619,591.961279,0.062649,8271,8263,8241,1,66104,16922624,16922624,4.34203,2.2476599999999998,6.6193,306.349,292.53000000000003,1.58054,476.811,8241,64,64,8591507968
tiledb,node,65536,0,warm,random,8192,,,512,8,1166.882341960445,0,0,0,20.878071014,32768,32760,,0.999755859375,,1.0002442002442002,,,,,,32742,1024,67857920,8360824832,0.206407,0.093348,0.03698,0.00946,0.008179,1165.273596,0.00834,0.0,0.0,0.233887,0.915366,1128.398766,0.0,0.333765,0.043409,0.571051,0.02116,8194,8189,8168,1,65512,16771072,16771072,3.80234,1.91459,6.176690000000001,637.455,415.46,1.5969,1128.2,8168,64,64,8591507968
tiledb,node,65536,0,warm,random,8192,,,512,9,1184.5983570092358,0,0,0,20.292787391,32768,32763,,0.999847412109375,,1.0001526111772425,,,,,,32736,1024,67913216,8364085248,0.201187,0.094308,0.03783,0.010459,0.00821,1049.838078,0.03492,0.0,0.0,0.241626,0.943446,1018.116981,0.0,0.346125,0.118318,133.579707,0.02465,8293,8289,8272,1,66312,16975872,16975872,5.19672,2.41459,7.66919,444.85200000000003,428.059,1.67063,1017.92,8272,64,64,8591507968
tiledb,node,65536,0,warm,random,65536,,,512,0,1250.0904310145415,0,0,0,19.931568675,262144,261627,,0.9980278015136719,,1.0019760957393542,,,,,,260583,1024,540722688,8600866816,0.311925,0.086648,0.03851,0.01258,0.016969,1243.244023,0.0587,0.0,0.0,1.31523,6.72405,1199.374597,0.0,2.394374,0.208577,3.221272,0.181017,65873,65324,64261,1,522592,133783552,133783552,22.0887,13.388,40.208800000000004,612.5129999999999,418.785,6.85922,1198.15,64261,64,64,8591507968
tiledb,node,65536,0,warm,random,65536,,,512,1,1219.3582779727876,0,0,0,19.927007617,262144,261609,,0.9979591369628906,,1.0020450366768727,,,,,,260581,1024,540540416,8601513984,0.266206,0.087719,0.039219,0.01267,0.01703,1212.700928,0.056789,0.0,0.0,1.2490809999999999,6.382095,1170.904452,0.0,2.363824,0.204527,3.134664,0.180467,64997,64493,63493,1,515944,132081664,132081664,20.002499999999998,11.8363,36.551300000000005,587.053,378.958,7.3934999999999995,1169.67,63493,64,64,8591507968
tiledb,node,65536,0,warm,random,65536,,,512,2,1256.5544039825909,0,0,0,20.521764365,262144,261642,,0.9980850219726562,,1.0019186522041568,,,,,,260678,1024,540638208,8600215552,0.249996,0.085768,0.03795,0.01116,0.016779,1249.838424,0.05233,0.0,0.0,1.264561,6.445194,1209.488486,0.0,2.396645,0.207067,3.169773,0.179267,65833,65363,64336,1,522904,133863424,133863424,19.793000000000003,11.1927,37.1979,592.4540000000001,399.377,7.20099,1208.25,64336,64,64,8591507968
tiledb,node,65536,0,warm,random,65536,,,512,3,1302.7024350012653,0,0,0,20.844240734,262144,261637,,0.9980659484863281,,1.0019377993173748,,,,,,260688,1024,540825600,8601571328,0.361935,0.085009,0.038209,0.00971,0.01661,1007.49192,0.052029,0.0,0.0,1.2485620000000002,6.408264,956.846415,0.0,2.415263,0.206417,291.53285,0.195947,65238,64707,63683,1,517656,132519936,132519936,22.5829,14.962299999999999,40.2565,315.533,427.773,7.47857,955.6320000000001,63683,64,64,8591507968
tiledb,node,65536,0,warm,random,65536,,,512,4,1267.5906700314954,0,0,0,20.488673928,262144,261619,,0.9979972839355469,,1.0020067349848443,,,,,,260580,1024,539924992,8601673728,0.281676,0.087698,0.03983,0.01093,0.016219,1260.896419,0.113609,0.0,0.0,1.263311,6.564972,1217.152632,0.0,2.385415,0.205777,3.137763,0.182477,65451,64937,63984,1,519496,132990976,132990976,21.1666,11.8055,39.102,612.776,404.88800000000003,7.417540000000001,1215.9199999999998,63984,64,64,8591507968
tiledb,node,65536,0,warm,random,65536,,,512,5,1263.2901730248705,0,0,0,20.377938337,262144,261647,,0.9981040954589844,,1.0018995058227307,,,,,,260634,1024,540025856,8601833472,0.337995,0.084449,0.036329,0.00999,0.0163,608.702739,0.050499,0.0,0.0,1.263731,6.615121,503.901483,0.0,2.384734,0.209817,650.89352,0.223956,65524,65035,63983,1,520280,133191680,133191680,17.186,9.8295,33.870999999999995,307.359,246.34,7.619479999999999,502.672,63983,64,64,8591507968
tiledb,node,65536,0,warm,random,65536,,,512,6,1234.3917139805853,0,0,0,20.020426087,262144,261607,,0.9979515075683594,,1.0020526973666606,,,,,,260609,1024,540325888,8601276416,0.313766,0.088229,0.039459,0.01059,0.01598,1227.643085,0.054929,0.0,0.0,1.266861,6.488023,1185.178168,0.0,2.388714,0.208037,3.146513,0.180968,65683,65157,64138,1,521256,133441536,133441536,22.269000000000002,11.135900000000001,42.1648,623.948,403.812,7.55605,1183.95,64138,64,64,8591507968
tiledb,node,65536,0,warm,random,65536,,,512,7,1216.7759469593875,0,0,0,19.849611456,262144,261597,,0.9979133605957031,,1.0020910025726595,,,,,,260572,1024,540128256,8602931200,0.810808,0.085029,0.046509,0.01055,0.01675,1209.469056,0.055119,0.0,0.0,1.245401,6.396575,1163.898746,0.0,2.383794,0.283146,3.129604,0.181817,65454,64925,63933,1,519400,132966400,132966400,21.9858,14.6753,39.5534,559.237,340.40500000000003,7.479620000000001,1162.6799999999998,63933,64,64,8591507968
tiledb,node,65536,0,warm,random,65536,,,512,8,1148.7355820136145,0,0,0,19.058524135,262144,261629,,0.9980354309082031,,1.0019684362207553,,,,,,260622,1024,540251136,8602116096,0.279836,0.085789,0.038429,0.01206,0.01657,1142.028022,0.05063,0.0,0.0,1.252681,6.788509,1100.577381,0.0,2.373124,0.207167,3.152822,0.181018,65186,64693,63737,1,517544,132491264,132491264,20.8893,11.4725,37.8291,560.746,400.549,7.45047,1099.3500000000001,63737,64,64,8591507968
tiledb,node,65536,0,warm,random,65536,,,512,9,1200.6060290150344,0,0,0,20.300498472,262144,261633,,0.9980506896972656,,1.0019531175348675,,,,,,260582,1024,540017664,8602091520,0.265316,0.086208,0.04446,0.01187,0.017159,693.602763,0.05041,0.0,0.0,1.2821710000000002,6.997606,566.35201,0.0,2.395014,0.207147,503.355571,0.224466,65796,65270,64292,1,522160,133672960,133672960,20.233999999999998,11.0122,36.0252,305.82599999999996,306.918,7.75029,565.112,64292,64,64,8591507968
tiledb,node,65536,0,warm,window_256,1024,,,512,0,81.21813798788935,0,0,0,0.525126198,4096,1002,,0.24462890625,,4.087824351297405,,,,,,25,4,12149248,8326696960,0.279936,0.094228,0.03639,0.01051,0.007399,80.217194,0.00862,0.0,0.0,0.090729,0.01244,54.95949,0.0,0.077129,0.048599,0.157958,0.01431,3072,748,22,1,5984,1531904,1531904,0.478933,0.246674,0.5245719999999999,37.1051,17.017,0.075428,54.9132,22,3,3,402726936
tiledb,node,65536,0,warm,window_256,1024,,,512,1,70.1393639901653,0,0,0,0.423065912,4096,1009,,0.246337890625,,4.059464816650149,,,,,,18,4,9511424,8326647808,0.214166,0.03425,0.041809,0.00963,0.00621,69.290696,0.00607,0.0,0.0,0.071188,0.00846,49.966435,0.0,0.055829,0.047659,0.151538,0.015459,2048,504,10,1,4032,1032192,1032192,0.576961,0.308705,0.621161,38.334399999999995,10.7456,0.048569,49.934,10,2,2,268484624
tiledb,node,65536,0,warm,window_256,1024,,,512,2,47.563519969116896,0,0,0,0.382153159,4096,1007,,0.245849609375,,4.067527308838133,,,,,,20,4,6859264,8326594560,0.140878,0.03838,0.040309,0.00937,0.00716,46.770362,0.00157,0.0,0.0,0.071299,0.00659,34.247519,0.0,0.04428,0.036999,0.183447,0.01541,1024,252,4,1,2016,516096,516096,0.227187,0.113299,0.274156,26.237199999999998,7.47642,0.054269,34.212399999999995,4,1,1,134242312
tiledb,node,65536,0,warm,window_256,1024,,,512,3,73.2241669902578,0,0,0,0.484542126,4096,1010,,0.24658203125,,4.0554455445544555,,,,,,18,4,9513472,8326602752,0.139438,0.034809,0.041939,0.01021,0.00616,72.351771,0.00549,0.0,0.0,0.080539,0.00742,53.849546,0.0,0.062259,0.047579,0.220036,0.01656,2048,505,9,1,4040,1034240,1034240,0.543832,0.283836,0.594951,38.2097,14.7962,0.0443,53.8146,9,2,2,268484624
tiledb,node,65536,0,warm,window_256,1024,,,512,4,71.5106229763478,0,0,0,0.42339570000000004,4096,1007,,0.245849609375,,4.067527308838133,,,,,,20,4,9519616,8326590464,0.123168,0.03455,0.041059,0.00928,0.0075,40.143411,0.00184,0.0,0.0,0.072809,0.00815,29.945423,0.0,0.049419,0.04426,30.710752,0.01637,1024,251,6,1,2008,514048,514048,0.43286399999999997,0.19599799999999998,0.482223,23.4981,5.70515,0.048499,29.906499999999998,6,1,1,134242312
tiledb,node,65536,0,warm,window_256,1024,,,512,5,73.35682498523965,0,0,0,0.531803742,4096,1009,,0.246337890625,,4.059464816650149,,,,,,19,4,9515520,8326586368,0.143827,0.03645,0.042819,0.0098,0.00648,62.595406,0.0092,0.0,0.0,0.097168,0.01081,41.233075,0.0,0.065619,0.047389,10.059739,0.01662,2048,503,11,1,4024,1030144,1030144,0.534612,0.25271499999999997,0.596982,25.7677,14.5652,0.056399,41.1937,11,2,2,268484624
tiledb,node,65536,0,warm,window_256,1024,,,512,6,73.80659802583978,0,0,0,0.437415708,4096,1006,,0.24560546875,,4.071570576540755,,,,,,22,4,9505280,8326569984,0.257466,0.035389,0.04091,0.0091,0.00633,72.888502,0.009639,0.0,0.0,0.093999,0.00999,51.840696,0.0,0.064159,0.049229,0.152677,0.01595,2048,501,13,1,4008,1026048,1026048,0.48756299999999997,0.253427,0.541042,39.9074,11.120800000000001,0.052499,51.8017,13,2,2,268484624
tiledb,node,65536,0,warm,window_256,1024,,,512,7,89.37532600248232,0,0,0,0.581685829,4096,1012,,0.2470703125,,4.047430830039525,,,,,,16,4,12173824,8326590464,0.193107,0.0,0.0,0.009219,0.0,0.00082,0.0,0.0,0.0,0.0,0.0,0.0,0.0,0.0,0.0,88.937254,0.017439,0,0,0,0,0,0,0,0.0,0.0,0.0,0.0,0.0,0.0,0.0,0,0,0,0
tiledb,node,65536,0,warm,window_256,1024,,,512,8,80.89670300250873,0,0,0,0.5230927519999999,4096,1008,,0.24609375,,4.063492063492063,,,,,,19,4,12163584,8326574080,0.279416,0.094818,0.03639,0.00902,0.00645,79.868368,0.009139,0.0,0.0,0.085079,0.01035,56.195922,0.0,0.078239,0.049249,0.159658,0.01549,3072,755,15,1,6040,1546240,1546240,0.435944,0.232605,0.477683,38.5222,16.8818,0.058219,56.155499999999996,15,3,3,402726936
tiledb,node,65536,0,warm,window_256,1024,,,512,9,74.80898400535807,0,0,0,0.462392607,4096,1006,,0.24560546875,,4.071570576540755,,,,,,22,4,9507328,8326561792,0.191848,0.03482,0.042059,0.0095,0.00635,42.120002,0.00226,0.0,0.0,0.094828,0.00809,31.246124,0.0,0.031169,0.02958,32.057682,0.01653,1024,252,5,1,2016,516096,516096,0.372044,0.153947,0.416634,24.3189,6.27709,0.04676,31.2093,5,1,1,134242312
tiledb,node,65536,0,warm,window_256,8192,,,512,0,74.00529598817229,0,0,0,0.453791995,32768,1024,,0.03125,,32.0,,,,,,4,4,68878848,8325513216,0.330395,0.090059,0.039479,0.01201,0.00849,42.651393,0.00359,0.0,0.0,0.09697800000000001,0.0077,31.447441,0.0,0.04095,0.042839,30.454105,0.02201,8192,256,1,1,2048,524288,524288,0.091108,0.047179,0.133628,24.7532,6.32337,0.043759,31.406999999999996,1,1,1,134242312
tiledb,node,65536,0,warm,window_256,8192,,,512,1,73.98489699698985,0,0,0,0.5457997569999999,32768,1024,,0.03125,,32.0,,,,,,4,4,68878848,8325849088,0.317135,0.089199,0.036349,0.00895,0.00723,72.015296,0.00214,0.0,0.0,0.071979,0.0066,52.033764,0.0,0.062339,0.053659,1.062574,0.02194,16384,512,2,1,4096,1048576,1048576,0.226847,0.140468,0.27094599999999996,38.533199999999994,12.9754,0.045949,51.9968,2,2,2,268484624
tiledb,node,65536,0,warm,window_256,8192,,,512,2,75.75558999087662,0,0,0,0.4612712,32768,1024,,0.03125,,32.0,,,,,,4,4,68878848,8325705728,0.193157,0.090108,0.0363,0.009029,0.00713,74.324772,0.00208,0.0,0.0,0.071469,0.0071,54.168012,0.0,0.062099,0.052779,0.63806,0.02077,16384,512,2,1,4096,1048576,1048576,0.225886,0.116698,0.276866,40.7132,12.889700000000001,0.062069000000000006,54.131,2,2,2,268484624
tiledb,node,65536,0,warm,window_256,8192,,,512,3,75.8378790342249,0,0,0,0.537023951,32768,1024,,0.03125,,32.0,,,,,,4,4,68878848,8325910528,0.211136,0.089909,0.037849,0.01082,0.00745,73.787169,0.00691,0.0,0.0,0.09128800000000001,0.00764,51.738369,0.0,0.062219,0.056369,1.230832,0.022549,16384,512,2,1,4096,1048576,1048576,0.255836,0.146718,0.316715,40.0598,11.0551,0.069369,51.701499999999996,2,2,2,268484624
tiledb,node,65536,0,warm,window_256,8192,,,512,4,66.61390600493178,0,0,0,0.438051772,32768,1024,,0.03125,,32.0,,,,,,4,4,68878848,8325754880,0.195827,0.090508,0.03572,0.00888,0.007569,43.556691,0.00146,0.0,0.0,0.075319,0.00693,32.060002,0.0,0.056399,0.051419,22.256608,0.02269,8192,256,1,1,2048,524288,524288,0.118338,0.057639,0.19534700000000002,24.1095,7.51094,0.054949,32.0229,1,1,1,134242312
tiledb,node,65536,0,warm,window_256,8192,,,512,5,73.33186600590125,0,0,0,0.503944671,32768,1024,,0.03125,,32.0,,,,,,4,4,68878848,8325746688,0.212007,0.090619,0.037419,0.01135,0.00736,71.273377,0.00624,0.0,0.0,0.086089,0.00818,51.635549,0.0,0.066049,0.055749,1.199313,0.027349,16384,512,2,1,4096,1048576,1048576,0.241267,0.129969,0.282896,38.1947,12.8634,0.047069,51.5963,2,2,2,268484624
tiledb,node,65536,0,warm,window_256,8192,,,512,6,101.43671603873372,0,0,0,0.636111132,32768,1024,,0.03125,,32.0,,,,,,4,4,86508032,8325877760,0.209447,0.090638,0.03798,0.01126,0.00755,41.390842,0.00198,0.0,0.0,0.08312900000000001,0.007559,31.322443,0.0,0.055019,0.051819,59.171407,0.034619,8192,256,1,1,2048,524288,524288,0.094118,0.035908999999999996,0.15831699999999999,24.4227,6.49499,0.055618999999999995,31.2857,1,1,1,134242312
tiledb,node,65536,0,warm,window_256,8192,,,512,7,104.57303997827694,0,0,0,0.712151176,32768,1024,,0.03125,,32.0,,,,,,4,4,86508032,8325881856,0.270396,0.076669,0.036569,0.00949,0.00637,102.204795,0.00227,0.0,0.0,0.07517900000000001,0.00745,71.622161,0.0,0.070669,0.058849,1.478558,0.02094,24576,768,3,1,6144,1572864,1572864,0.296906,0.156637,0.343045,51.562200000000004,19.415100000000002,0.059518999999999996,71.5832,3,3,3,402726936
tiledb,node,65536,0,warm,window_256,8192,,,512,8,70.93976199394092,0,0,0,0.488644193,32768,1024,,0.03125,,32.0,,,,,,4,4,68878848,8325750784,0.684,0.091879,0.036919,0.00912,0.00805,43.344903,0.00152,0.0,0.0,0.09445899999999999,0.00757,31.881334,0.0,0.05717,0.052389,26.335707,0.02256,8192,256,1,1,2048,524288,524288,0.112298,0.040789,0.163178,24.1867,7.2672300000000005,0.035889000000000004,31.8427,1,1,1,134242312
tiledb,node,65536,0,warm,window_256,8192,,,512,9,51.51979095535353,0,0,0,0.413925407,32768,1024,,0.03125,,32.0,,,,,,4,4,51249664,8325599232,0.204267,0.088499,0.035749,0.00962,0.00597,49.876136,0.00189,0.0,0.0,0.099409,0.007699,35.727197,0.0,0.052109,0.050829,0.877697,0.021349,8192,256,1,1,2048,524288,524288,0.157157,0.075029,0.206887,27.845000000000002,7.40043,0.046650000000000004,35.685500000000005,1,1,1,134242312
tiledb,node,65536,0,warm,window_256,65536,,,512,0,138.3956449571997,0,0,0,0.930613942,262144,1024,,0.00390625,,256.0,,,,,,4,4,822683648,8324894720,0.318306,0.094519,0.036899,0.01085,0.00588,128.603801,0.0113,0.0,0.0,0.099269,0.009389,90.436801,0.0,0.083539,0.397414,8.373555,0.156867,262144,1024,4,1,8192,2097152,2097152,0.33220500000000003,0.154607,0.399334,60.3761,29.3277,0.066259,90.3928,4,4,4,536969248
tiledb,node,65536,0,warm,window_256,65536,,,512,1,82.3347219848074,0,0,0,0.48623956100000004,262144,1024,,0.00390625,,256.0,,,,,,4,4,545830912,8325914624,0.277546,0.080798,0.03849,0.00964,0.0063,45.383293,0.00121,0.0,0.0,0.100648,0.00818,31.783166,0.0,0.059379,0.110008,35.886565,0.172688,65536,256,1,1,2048,524288,524288,0.090429,0.029449,0.133068,25.3811,6.01006,0.042199,31.743000000000002,1,1,1,134242312
tiledb,node,65536,0,warm,window_256,65536,,,512,2,82.2008439572528,0,0,0,0.509912664,262144,1024,,0.00390625,,256.0,,,,,,4,4,545830912,8325914624,0.226727,0.087489,0.03825,0.011979,0.00779,72.195023,0.00749,0.0,0.0,0.077029,0.00705,51.371694,0.0,0.062389,0.201657,8.844228,0.183927,131072,512,2,1,4096,1048576,1048576,0.197257,0.086858,0.243157,37.9072,12.9252,0.059739,51.333999999999996,2,2,2,268484624
tiledb,node,65536,0,warm,window_256,65536,,,512,3,83.96087703295052,0,0,0,0.5124781,262144,1024,,0.00390625,,256.0,,,,,,4,4,545830912,8325914624,0.216876,0.087189,0.038409,0.00991,0.00665,74.045195,0.00701,0.0,0.0,0.07285900000000001,0.00712,52.23567,0.0,0.062049,0.202347,8.769799,0.186057,131072,512,2,1,4096,1048576,1048576,0.193277,0.088449,0.244036,38.5497,13.1504,0.04982,52.1982,2,2,2,268484624
tiledb,node,65536,0,warm,window_256,65536,,,512,4,81.66296099079773,0,0,0,0.559557233,262144,1024,,0.00390625,,256.0,,,,,,4,4,545830912,8326971392,0.218637,0.087738,0.03818,0.01126,0.006429,73.11713,0.00625,0.0,0.0,0.083549,0.00754,51.549001,0.0,0.063239,0.206277,7.38167,0.183857,131072,512,2,1,4096,1048576,1048576,0.155698,0.06823800000000001,0.195618,38.1383,12.935500000000001,0.050109,51.509699999999995,2,2,2,268484624
tiledb,node,65536,0,warm,window_256,65536,,,512,5,81.22129796538502,0,0,0,0.48622132,262144,1024,,0.00390625,,256.0,,,,,,4,4,545830912,8325910528,0.236406,0.087399,0.037479,0.00948,0.00763,74.217263,0.00177,0.0,0.0,0.075289,0.00786,53.788837,0.0,0.058439,0.202087,5.861992,0.173438,131072,512,2,1,4096,1048576,1048576,0.190407,0.09350900000000001,0.229047,40.4792,12.7963,0.067869,53.7503,2,2,2,268484624
tiledb,node,65536,0,warm,window_256,65536,,,512,6,85.67026199307293,0,0,0,0.52806349,262144,1024,,0.00390625,,256.0,,,,,,4,4,545830912,8325910528,0.300496,0.086228,0.04195,0.009209,0.00732,75.412145,0.00157,0.0,0.0,0.07685900000000001,0.00632,56.736914,0.0,0.066049,0.202587,9.010485,0.183027,131072,512,2,1,4096,1048576,1048576,0.20694600000000002,0.104638,0.259606,41.7273,14.4759,0.047699,56.6973,2,2,2,268484624
tiledb,node,65536,0,warm,window_256,65536,,,512,7,83.81107996683568,0,0,0,0.51356764,262144,1024,,0.00390625,,256.0,,,,,,4,4,545830912,8325914624,0.386624,0.088639,0.039559,0.00857,0.00691,73.323806,0.01118,0.0,0.0,0.094748,0.00775,51.994824,0.0,0.062559,0.202007,9.261772,0.181157,131072,512,2,1,4096,1048576,1048576,0.195348,0.08881900000000001,0.24584699999999998,38.5999,12.8385,0.06627899999999999,51.9559,2,2,2,268484624
tiledb,node,65536,0,warm,window_256,65536,,,512,8,76.03235502028838,0,0,0,0.46490408299999997,262144,1024,,0.00390625,,256.0,,,,,,4,4,545830912,8325902336,0.350065,0.087069,0.037949,0.00847,0.00727,69.843008,0.00776,0.0,0.0,0.075889,0.00678,51.188986,0.0,0.064989,0.203447,4.998206,0.169667,131072,512,2,1,4096,1048576,1048576,0.172857,0.09289900000000001,0.21665700000000002,37.830299999999994,12.8628,0.048909,51.149899999999995,2,2,2,268484624
tiledb,node,65536,0,warm,window_256,65536,,,512,9,81.47839398588985,0,0,0,0.575478003,262144,1024,,0.00390625,,256.0,,,,,,4,4,545830912,8326959104,0.215427,0.085719,0.037209,0.00963,0.00646,74.461719,0.00163,0.0,0.0,0.07304899999999999,0.00659,52.735033,0.0,0.062249,0.203997,5.903991,0.172148,131072,512,2,1,4096,1048576,1048576,0.224366,0.12899799999999997,0.277175,37.9983,14.1836,0.055779999999999996,52.7003,2,2,2,268484624
tiledb,node,65536,0,warm,window_4096,1024,,,512,0,81.26735797850415,0,0,0,0.497774967,4096,3596,,0.8779296875,,1.139043381535039,,,,,,2785,4,12175872,8330088448,0.264776,0.0333,0.042879,0.00983,0.00679,46.309879,0.01371,0.0,0.0,0.100188,0.107838,34.295439,0.0,0.070199,0.035719,34.263899,0.016889,1024,893,692,1,7144,1828864,1828864,1.11115,0.44789,1.33686,25.008200000000002,7.52097,0.21884699999999999,34.2388,692,1,1,134242312
tiledb,node,65536,0,warm,window_4096,1024,,,512,1,79.39946599071845,0,0,0,0.544269205,4096,3616,,0.8828125,,1.1327433628318584,,,,,,2840,4,12222976,8327872512,0.65414,0.0,0.0,0.00895,0.0,0.00086,0.0,0.0,0.0,0.0,0.0,0.0,0.0,0.0,0.0,78.516448,0.01532,0,0,0,0,0,0,0,0.0,0.0,0.0,0.0,0.0,0.0,0.0,0,0,0,0
tiledb,node,65536,0,warm,window_4096,1024,,,512,2,76.58039795933291,0,0,0,0.472886912,4096,3608,,0.880859375,,1.1352549889135255,,,,,,2822,4,12173824,8328523776,0.233406,0.03317,0.040629,0.00868,0.0065,44.101412,0.00404,0.0,0.0,0.09661900000000001,0.104438,31.997832,0.0,0.068849,0.037479,31.798175,0.01498,1024,896,732,1,7168,1835008,1835008,1.01121,0.405986,1.25669,24.4303,5.89286,0.212627,31.939500000000002,732,1,1,134242312
tiledb,node,65536,0,warm,window_4096,1024,,,512,3,75.86097798775882,0,0,0,0.511449238,4096,3621,,0.884033203125,,1.1311792322562828,,,,,,2839,4,12182016,8327741440,0.394134,0.0345,0.041169,0.00893,0.00733,74.648846,0.00999,0.0,0.0,0.106248,0.189077,53.581091,0.0,0.112368,0.04614,0.219307,0.016239,2048,1808,1414,1,14464,3702784,3702784,1.4515500000000001,0.614692,1.89804,37.718,13.3828,0.19518700000000003,53.4639,1414,2,2,268484624
tiledb,node,65536,0,warm,window_4096,1024,,,512,4,105.14731204602867,0,0,0,0.782241902,4096,3607,,0.880615234375,,1.1355697255336845,,,,,,2841,5,16908800,8328458240,0.145448,0.0,0.0,0.00974,0.0,0.00051,0.0,0.0,0.0,0.0,0.0,0.0,0.0,0.0,0.0,104.606699,0.054489,0,0,0,0,0,0,0,0.0,0.0,0.0,0.0,0.0,0.0,0.0,0,0,0,0
tiledb,node,65536,0,warm,window_4096,1024,,,512,5,79.160989029333,0,0,0,0.5845948990000001,4096,3641,,0.888916015625,,1.1249656687723153,,,,,,2810,4,12231168,8328462336,0.183047,0.034509,0.04031,0.00945,0.006929,78.150835,0.01307,0.0,0.0,0.121988,0.175478,56.483557,0.0,0.112928,0.047349,0.221167,0.01552,2048,1809,1397,1,14472,3704832,3704832,1.53247,0.590478,1.93055,39.5513,14.4457,0.217987,56.4062,1397,2,2,268484624
tiledb,node,65536,0,warm,window_4096,1024,,,512,6,73.12026002909988,0,0,0,0.525696857,4096,3622,,0.88427734375,,1.1308669243511873,,,,,,2835,4,12198400,8328445952,0.213377,0.034569,0.042,0.010049,0.0068,72.150994,0.01961,0.0,0.0,0.14490799999999998,0.217737,51.877906,0.0,0.112308,0.04852,0.218627,0.014899,2048,1816,1415,1,14528,3719168,3719168,1.4977,0.56345,1.95011,39.0812,10.3411,0.214887,51.7888,1415,2,2,268484624
tiledb,node,65536,0,warm,window_4096,1024,,,512,7,97.02023299178109,0,0,0,0.593531811,4096,3640,,0.888671875,,1.1252747252747253,,,,,,2834,4,16908800,8329297920,0.188647,0.093729,0.035359,0.01018,0.00739,95.982068,0.01375,0.0,0.0,0.12417800000000001,0.276426,67.100079,0.0,0.145308,0.047999,0.163998,0.01565,3072,2728,2130,1,21824,5586944,5586944,1.8362800000000001,0.6681579999999999,2.42499,48.9552,15.0953,0.25708600000000004,67.01020000000001,2130,3,3,402726936
tiledb,node,65536,0,warm,window_4096,1024,,,512,8,71.32352597545832,0,0,0,0.492373131,4096,3636,,0.8876953125,,1.1265126512651265,,,,,,2812,5,8231424,8327020544,0.126618,0.03369,0.040899,0.01038,0.00661,70.526828,0.00777,0.0,0.0,0.10102900000000001,0.105108,51.368533,0.0,0.080698,0.04357,0.099539,0.015879,1024,897,704,1,7176,1837056,1837056,1.0117699999999998,0.35505600000000004,1.2319200000000001,37.792699999999996,11.9693,0.132888,51.306,704,2,2,268484624
tiledb,node,65536,0,warm,window_4096,1024,,,512,9,71.3913050130941,0,0,0,0.47356342,4096,3644,,0.8896484375,,1.12403951701427,,,,,,2842,4,12229120,8327766016,0.576812,0.03106,0.040169,0.01176,0.00568,47.517351,0.00863,0.0,0.0,0.119868,0.108518,34.998068,0.0,0.087359,0.042709,22.719542,0.01596,1024,902,709,1,7216,1847296,1847296,1.12652,0.48347199999999996,1.38051,25.9845,7.17474,0.210977,34.9364,709,1,1,134242312
tiledb,node,65536,0,warm,window_4096,8192,,,512,0,75.22408798104152,0,0,0,0.46295017099999997,32768,14167,,0.432342529296875,,2.3129808710383286,,,,,,1951,4,82389504,8327606272,0.192447,0.0,0.0,0.01146,0.0,0.001,0.0,0.0,0.0,0.0,0.0,0.0,0.0,0.0,0.0,74.691595,0.02903,0,0,0,0,0,0,0,0.0,0.0,0.0,0.0,0.0,0.0,0.0,0,0,0,0
tiledb,node,65536,0,warm,window_4096,8192,,,512,1,70.01184596447274,0,0,0,0.4495767,32768,14213,,0.433746337890625,,2.3054949693942164,,,,,,1879,4,82379264,8327258112,0.231307,0.0,0.0,0.0089,0.0,0.00122,0.0,0.0,0.0,0.0,0.0,0.0,0.0,0.0,0.0,69.499993,0.02062,0,0,0,0,0,0,0,0.0,0.0,0.0,0.0,0.0,0.0,0.0,0,0,0,0
tiledb,node,65536,0,warm,window_4096,8192,,,512,2,80.25052299490198,0,0,0,0.526865122,32768,14204,,0.4334716796875,,2.3069557871022246,,,,,,1906,4,82356736,8327770112,0.192067,0.088829,0.034939,0.00989,0.00621,78.026856,0.029599,0.0,0.0,0.133328,0.155628,57.591091,0.0,0.300865,0.057659,1.201002,0.019859,16384,7093,953,1,56744,14526464,14526464,1.21211,0.505812,1.53849,40.9515,14.4552,0.333055,57.5201,953,2,2,268484624
tiledb,node,65536,0,warm,window_4096,8192,,,512,3,97.06502204062417,0,0,0,0.6544664960000001,32768,14142,,0.43157958984375,,2.317069721397256,,,,,,1925,5,82248192,8327200768,0.236916,0.090628,0.03578,0.01001,0.00783,94.759046,0.026949,0.0,0.0,0.10664799999999999,0.124528,66.896662,0.0,0.295725,0.05578,1.221272,0.021159,16384,7040,985,1,56320,14417920,14417920,1.04728,0.425272,1.3289,49.7067,15.144599999999999,0.420874,66.82929999999999,985,3,3,402726936
tiledb,node,65536,0,warm,window_4096,8192,,,512,4,86.41245099715889,0,0,0,0.55735456,32768,14161,,0.432159423828125,,2.3139608784690346,,,,,,1941,5,82276864,8327196672,0.328525,0.091269,0.035209,0.01046,0.00844,84.716256,0.02811,0.0,0.0,0.096298,0.127589,56.716324,0.0,0.297266,0.058309,0.510633,0.021869,16384,7054,999,1,56432,14446592,14446592,1.13667,0.550573,1.48855,38.917300000000004,15.5869,0.408254,56.6541,999,3,3,402726936
tiledb,node,65536,0,warm,window_4096,8192,,,512,5,54.63986500399187,0,0,0,0.443414232,32768,14159,,0.432098388671875,,2.3142877321844764,,,,,,1930,4,58024448,8326402048,0.258636,0.093139,0.036209,0.0105,0.00807,52.9593,0.02229,0.0,0.0,0.113338,0.086379,37.48898,0.0,0.171817,0.05175,0.720439,0.02104,8192,3523,496,1,28184,7215104,7215104,1.0230899999999998,0.439062,1.2542600000000002,28.1777,7.43696,0.392345,37.4318,496,1,1,134242312
tiledb,node,65536,0,warm,window_4096,8192,,,512,6,105.41070700855926,0,0,0,0.717158674,32768,14144,,0.431640625,,2.316742081447964,,,,,,1913,4,106686976,8328040448,0.198087,0.077579,0.04292,0.010289,0.00887,102.730478,0.04552,0.0,0.0,0.11255899999999999,0.197907,72.560627,0.0,0.429673,0.067719,1.496487,0.02254,24576,10621,1426,1,84968,21751808,21751808,1.47975,0.595741,1.9192099999999999,50.5136,19.3387,0.438904,72.47409999999999,1426,3,3,402726936
tiledb,node,65536,0,warm,window_4096,8192,,,512,7,53.633069968782365,0,0,0,0.42267111,32768,14119,,0.430877685546875,,2.3208442524258093,,,,,,1959,4,57993728,8326483968,0.240967,0.090118,0.03401,0.0102,0.005529,48.360219,0.0156,0.0,0.0,0.081079,0.071729,33.957633,0.0,0.161487,0.04465,4.387505,0.0209,8192,3504,519,1,28032,7176192,7176192,1.0298399999999999,0.42019300000000004,1.21392,24.740000000000002,7.36617,0.447283,33.910799999999995,519,1,1,134242312
tiledb,node,65536,0,warm,window_4096,8192,,,512,8,102.62374900048599,0,0,0,0.641895888,32768,14169,,0.432403564453125,,2.312654386336368,,,,,,1899,5,82315776,8327233536,0.192117,0.090599,0.034859,0.00944,0.00743,101.080042,0.025209,0.0,0.0,0.106169,0.132978,70.660286,0.0,0.300275,0.05581,0.503882,0.02113,16384,7073,955,1,56584,14485504,14485504,1.24307,0.520142,1.56613,48.9942,19.3646,0.412024,70.59559999999999,955,3,3,402726936
tiledb,node,65536,0,warm,window_4096,8192,,,512,9,81.97997696697712,0,0,0,0.582119146,32768,14168,,0.432373046875,,2.312817617165443,,,,,,1908,4,82338304,8327286784,0.304176,0.091539,0.035959,0.01028,0.00755,79.555263,0.0279,0.0,0.0,0.096218,0.129358,57.847157,0.0,0.299396,0.054919,1.258532,0.021299,16384,7084,943,1,56672,14508032,14508032,1.15091,0.503934,1.47218,41.2489,14.458,0.365315,57.766600000000004,943,2,2,268484624
tiledb,node,65536,0,warm,window_4096,65536,,,512,0,110.26497499551624,0,0,0,0.812615394,262144,16384,,0.0625,,16.0,,,,,,4,5,559415808,8325529600,0.235426,0.088068,0.03848,0.01392,0.00854,99.893239,0.037009,0.0,0.0,0.088008,0.01184,69.270237,0.0,0.340125,0.219187,8.862238,0.182017,131072,8192,2,1,65536,16777216,16777216,0.186497,0.080968,0.25269600000000003,48.933299999999996,19.357400000000002,0.43033299999999997,69.2264,2,3,3,402726936
tiledb,node,65536,0,warm,window_4096,65536,,,512,1,61.34619499789551,0,0,0,0.462697764,262144,16384,,0.0625,,16.0,,,,,,4,4,414188032,8325226496,0.225547,0.080718,0.03534,0.0107,0.00564,53.462642,0.0054,0.0,0.0,0.077609,0.007639,38.051583,0.0,0.188027,0.117659,6.69749,0.187537,65536,4096,1,1,32768,8388608,8388608,0.129078,0.0365,0.18167699999999998,29.8915,7.4023200000000005,0.395914,38.013400000000004,1,1,1,134242312
tiledb,node,65536,0,warm,window_4096,65536,,,512,2,81.683102005627,0,0,0,0.495319194,262144,16384,,0.0625,,16.0,,,,,,4,4,559415808,8326479872,0.800508,0.087779,0.03917,0.009429,0.00783,70.900523,0.02934,0.0,0.0,0.069469,0.00741,51.57457,0.0,0.335955,0.222696,8.780639,0.181618,131072,8192,2,1,65536,16777216,16777216,0.138798,0.052549,0.186327,39.3415,11.4421,0.391835,51.5388,2,2,2,268484624
tiledb,node,65536,0,warm,window_4096,65536,,,512,3,73.99417605483904,0,0,0,0.466451348,262144,16384,,0.0625,,16.0,,,,,,4,4,559415808,8326619136,0.229817,0.081519,0.03803,0.01133,0.007899,48.508727,0.00565,0.0,0.0,0.080059,0.00822,35.095386,0.0,0.191077,0.118848,24.286378,0.170168,65536,4096,1,1,32768,8388608,8388608,0.099579,0.035129,0.15157800000000002,27.6601,6.68117,0.37887499999999996,35.0575,1,1,1,134242312
tiledb,node,65536,0,warm,window_4096,65536,,,512,4,113.19111101329327,0,0,0,0.736094469,262144,16384,,0.0625,,16.0,,,,,,4,5,559415808,8326488064,0.255167,0.088479,0.03795,0.009999,0.00793,102.673789,0.00877,0.0,0.0,0.078139,0.00898,71.813828,0.0,0.338104,0.221757,9.030816,0.182827,131072,8192,2,1,65536,16777216,16777216,0.207747,0.120919,0.246367,50.8775,20.0436,0.401294,71.7752,2,3,3,402726936
tiledb,node,65536,0,warm,window_4096,65536,,,512,5,83.72922101989388,0,0,0,0.514694216,262144,16384,,0.0625,,16.0,,,,,,4,4,559415808,8326492160,0.277896,0.087599,0.03932,0.012059,0.00848,73.231198,0.00861,0.0,0.0,0.086299,0.0102,52.033023,0.0,0.336005,0.221536,8.975126,0.182707,131072,8192,2,1,65536,16777216,16777216,0.248616,0.13983800000000002,0.296726,37.6664,13.4109,0.411174,51.9919,2,2,2,268484624
tiledb,node,65536,0,warm,window_4096,65536,,,512,6,85.49130498431623,0,0,0,0.514116987,262144,16384,,0.0625,,16.0,,,,,,4,4,559415808,8326488064,0.220377,0.087079,0.038089,0.00976,0.00826,75.223648,0.01017,0.0,0.0,0.07622899999999999,0.00892,53.226456,0.0,0.345715,0.220576,8.818048,0.183167,131072,8192,2,1,65536,16777216,16777216,0.186147,0.096358,0.22480699999999998,39.0716,13.312600000000002,0.392614,53.1888,2,2,2,268484624
tiledb,node,65536,0,warm,window_4096,65536,,,512,7,82.57600798970088,0,0,0,0.523857654,262144,16384,,0.0625,,16.0,,,,,,4,4,559415808,8326488064,0.292765,0.088939,0.038189,0.01627,0.00887,72.040165,0.033509,0.0,0.0,0.07854900000000001,0.00824,52.461847,0.0,0.328245,0.217797,9.051315,0.180548,131072,8192,2,1,65536,16777216,16777216,0.272706,0.155148,0.315606,38.636900000000004,12.884599999999999,0.410083,52.4238,2,2,2,268484624
tiledb,node,65536,0,warm,window_4096,65536,,,512,8,70.78575395280495,0,0,0,0.449309706,262144,16384,,0.0625,,16.0,,,,,,4,4,559415808,8326479872,0.228586,0.081949,0.037049,0.01032,0.00761,44.298449,0.00563,0.0,0.0,0.08298900000000001,0.00755,33.47591,0.0,0.177548,0.110258,25.403412,0.169097,65536,4096,1,1,32768,8388608,8388608,0.08219900000000001,0.043639,0.122528,26.014499999999998,6.75305,0.408443,33.4407,1,1,1,134242312
tiledb,node,65536,0,warm,window_4096,65536,,,512,9,74.64281603461131,0,0,0,0.497674308,262144,16384,,0.0625,,16.0,,,,,,4,4,559415808,8326483968,0.320125,0.087858,0.0384,0.00914,0.008209,64.410479,0.03247,0.0,0.0,0.07772799999999999,0.00897,42.2876,0.0,0.336325,0.221227,8.74752,0.181737,131072,8192,2,1,65536,16777216,16777216,0.225647,0.126709,0.268176,28.1045,13.262599999999999,0.404874,42.2493,2,2,2,268484624
tiledb,node,65536,0,warm,window_65536,1024,,,512,0,123.8566719694063,0,0,0,1.0373837780000001,4096,4062,,0.99169921875,,1.0083702609551946,,,,,,4010,8,12646912,8330010624,0.139978,0.034889,0.04074,0.01272,0.00798,122.850607,0.005359,0.0,0.0,0.11895900000000001,0.262866,83.892308,0.0,0.122678,0.047409,0.220536,0.01487,2048,2035,2010,1,16280,4167680,4167680,1.76761,0.833717,2.41507,52.047000000000004,28.6734,0.300066,83.7482,2010,4,4,536969248
tiledb,node,65536,0,warm,window_65536,1024,,,512,1,115.69365399191156,0,0,0,1.009790872,4096,4056,,0.990234375,,1.009861932938856,,,,,,3995,8,12636672,8331005952,0.181028,0.0,0.0,0.0093,0.0,0.001,0.0,0.0,0.0,0.0,0.0,0.0,0.0,0.0,0.0,115.236511,0.02066,0,0,0,0,0,0,0,0.0,0.0,0.0,0.0,0.0,0.0,0.0,0,0,0,0
tiledb,node,65536,0,warm,window_65536,1024,,,512,2,155.394350993447,0,0,0,1.143474975,4096,4066,,0.99267578125,,1.0073782587309394,,,,,,4000,8,16908800,8332083200,0.66916,0.093009,0.037159,0.0105,0.00742,153.859875,0.00455,0.0,0.0,0.156248,0.376744,100.748287,0.0,0.157677,0.051079,0.160487,0.01569,3072,3050,2996,1,24400,6246400,6246400,2.23712,0.83382,3.13727,83.9346,43.016,0.544131,100.617,2996,6,6,805453872
tiledb,node,65536,0,warm,window_65536,1024,,,512,3,120.44348398922011,0,0,0,0.96753629,4096,4061,,0.991455078125,,1.0086185668554544,,,,,,4014,8,12636672,8332042240,0.167348,0.03432,0.041979,0.01061,0.00717,119.451268,0.01302,0.0,0.0,0.140528,0.255036,81.579823,0.0,0.121958,0.047829,0.214637,0.015299,2048,2030,2004,1,16240,4157440,4157440,1.70775,0.692989,2.25716,50.0942,28.608999999999998,0.243376,81.485,2004,4,4,536969248
tiledb,node,65536,0,warm,window_65536,1024,,,512,4,126.10247801057994,0,0,0,1.026274605,4096,4063,,0.991943359375,,1.008122077282796,,,,,,3989,8,12651008,8331001856,0.180697,0.0,0.0,0.00897,0.0,0.0009,0.0,0.0,0.0,0.0,0.0,0.0,0.0,0.0,0.0,125.614676,0.03283,0,0,0,0,0,0,0,0.0,0.0,0.0,0.0,0.0,0.0,0.0,0,0,0,0
tiledb,node,65536,0,warm,window_65536,1024,,,512,5,129.4854879961349,0,0,0,1.118986743,4096,4066,,0.99267578125,,1.0073782587309394,,,,,,3991,8,12640768,8330977280,0.237256,0.035429,0.0428,0.00977,0.007299,128.425365,0.01729,0.0,0.0,0.155198,0.308625,88.711947,0.0,0.121848,0.049229,0.224517,0.01519,2048,2032,1997,1,16256,4161536,4161536,1.82691,0.8632270000000001,2.47976,52.263999999999996,33.3036,0.275426,88.6157,1997,4,4,536969248
tiledb,node,65536,0,warm,window_65536,1024,,,512,6,117.11258301511407,0,0,0,1.053537332,4096,4064,,0.9921875,,1.0078740157480315,,,,,,3991,8,12642816,8329977856,0.184727,0.0,0.0,0.009579,0.0,0.00075,0.0,0.0,0.0,0.0,0.0,0.0,0.0,0.0,0.0,116.65531,0.02209,0,0,0,0,0,0,0,0.0,0.0,0.0,0.0,0.0,0.0,0.0,0,0,0,0
tiledb,node,65536,0,warm,window_65536,1024,,,512,7,124.98875602614135,0,0,0,1.108268832,4096,4069,,0.993408203125,,1.0066355369869746,,,,,,4004,8,12651008,8329986048,0.155148,0.035219,0.043199,0.00967,0.00697,124.00185,0.00427,0.0,0.0,0.117978,0.257886,88.775366,0.0,0.120328,0.05565,0.216757,0.015269,2048,2037,2002,1,16296,4171776,4171776,1.6252,0.761582,2.19234,60.0208,21.616400000000002,0.334415,88.682,2002,4,4,536969248
tiledb,node,65536,0,warm,window_65536,1024,,,512,8,124.81206795200706,0,0,0,1.028865903,4096,4062,,0.99169921875,,1.0083702609551946,,,,,,3989,8,12636672,8330018816,0.171197,0.034249,0.04195,0.009789,0.0064,80.502699,0.00448,0.0,0.0,0.109769,0.140358,53.871796,0.0,0.091939,0.045089,43.57166,0.016149,1024,1017,999,1,8136,2082816,2082816,1.27426,0.490072,1.6031199999999999,38.1721,13.542200000000001,0.23602599999999999,53.8025,999,2,2,268484624
tiledb,node,65536,0,warm,window_65536,1024,,,512,9,161.25918400939554,0,0,0,1.307945501,4096,4073,,0.994384765625,,1.005646943285048,,,,,,4003,8,16908800,8332107776,0.241146,0.034219,0.04205,0.009239,0.0064,75.567033,0.00209,0.0,0.0,0.118648,0.164018,55.284645,0.0,0.090199,0.046229,84.928943,0.01858,1024,1019,1003,1,8152,2086912,2086912,1.10535,0.485734,1.44309,38.902100000000004,14.326,0.330635,55.2144,1003,2,2,268484624
tiledb,node,65536,0,warm,window_65536,8192,,,512,0,134.82162897707894,0,0,0,0.967759763,32768,30805,,0.940093994140625,,1.06372342152248,,,,,,27252,8,99361280,8388476928,0.791428,0.092788,0.03711,0.01374,0.009259,132.156619,0.06313,0.0,0.0,0.394134,1.36968,88.770666,0.0,0.603571,0.074879,0.65419,0.02153,16384,15396,13636,1,123168,31531008,31531008,5.69931,2.48352,8.920539999999999,48.2347,29.6024,1.1654600000000002,88.4354,13636,4,4,536969248
tiledb,node,65536,0,warm,window_65536,8192,,,512,1,139.15101398015395,0,0,0,1.22749822,32768,30786,,0.93951416015625,,1.0643799129474436,,,,,,27198,8,99353088,8364937216,0.211887,0.095209,0.035689,0.00982,0.00965,136.583312,0.01748,0.0,0.0,0.595932,1.532857,97.700492,0.0,0.606531,0.061159,1.193123,0.022789,16384,15392,13582,1,123136,31522816,31522816,4.61019,2.19011,8.45681,59.636300000000006,22.249200000000002,1.36775,97.3971,13582,4,4,536969248
tiledb,node,65536,0,warm,window_65536,8192,,,512,2,211.96953795151785,0,0,0,1.397180484,32768,30757,,0.938629150390625,,1.06538348993725,,,,,,27096,8,132207104,8373932032,0.253356,0.091218,0.03475,0.00973,0.00657,88.626207,0.008159,0.0,0.0,0.271966,0.791559,60.909281,0.0,0.322066,0.054299,122.208797,0.024639,8192,7675,6759,1,61400,15718400,15718400,3.12069,1.2800699999999998,4.540719999999999,40.8261,13.5329,1.36812,60.6884,6759,2,2,268484624
tiledb,node,65536,0,warm,window_65536,8192,,,512,3,211.2368080415763,0,0,0,1.519779514,32768,30775,,0.939178466796875,,1.0647603574329814,,,,,,27218,8,132239872,8391589888,0.280436,0.076529,0.034389,0.00913,0.00969,208.005437,0.02918,0.0,0.0,0.520133,2.312065,156.223249,0.0,0.882817,0.077058,1.484808,0.023189,24576,23098,20430,1,184784,47304704,47304704,9.4133,3.80084,14.5466,90.6126,43.5486,2.56915,155.691,20430,6,6,805453872
tiledb,node,65536,0,warm,window_65536,8192,,,512,4,141.1222440074198,0,0,0,1.30376807,32768,30823,,0.940643310546875,,1.0631022288550758,,,,,,27323,8,99406336,8388575232,0.249986,0.094508,0.03855,0.00972,0.009319,138.462385,0.066259,0.0,0.0,0.379054,1.573037,96.978243,0.0,0.603901,0.059529,1.206612,0.02292,16384,15418,13660,1,123344,31576064,31576064,5.99846,2.75461,9.275979999999999,59.502,20.772599999999997,1.41828,96.6125,13660,4,4,536969248
tiledb,node,65536,0,warm,window_65536,8192,,,512,5,207.15088001452386,0,0,0,1.5874243749999999,32768,30803,,0.940032958984375,,1.0637924877447003,,,,,,27123,8,132266496,8397996032,0.199477,0.077709,0.03675,0.01031,0.010809,204.015867,0.082559,0.0,0.0,0.509522,2.497263,146.343387,0.0,0.879357,0.065509,1.493878,0.022889,24576,23111,20368,1,184888,47331328,47331328,7.838029999999999,3.28465,12.8582,110.138,45.2214,2.85011,145.885,20368,6,6,805453872
tiledb,node,65536,0,warm,window_65536,8192,,,512,6,217.44705602759495,0,0,0,1.506107755,32768,30827,,0.940765380859375,,1.0629642845557465,,,,,,27278,8,132266496,8381550592,0.217837,0.088069,0.03465,0.010199,0.00664,87.767831,0.03633,0.0,0.0,0.307465,0.820408,59.434043,0.0,0.323025,0.052949,128.608741,0.02448,8192,7716,6798,1,61728,15802368,15802368,4.00647,1.79433,5.634659999999999,39.3222,12.7458,1.0896899999999998,59.1931,6798,2,2,268484624
tiledb,node,65536,0,warm,window_65536,8192,,,512,7,143.25548196211457,0,0,0,1.2503336589999998,32768,30720,,0.9375,,1.0666666666666667,,,,,,27171,8,99363328,8381263872,0.333725,0.093498,0.03901,0.00974,0.009659,140.552644,0.01487,0.0,0.0,0.391064,1.608766,98.405272,0.0,0.603211,0.060489,1.240472,0.022019,16384,15397,13609,1,123176,31533056,31533056,5.40176,2.91105,8.64564,61.456700000000005,21.400599999999997,1.15746,98.0873,13609,4,4,536969248
tiledb,node,65536,0,warm,window_65536,8192,,,512,8,139.36160097364336,0,0,0,1.245393499,32768,30797,,0.939849853515625,,1.0639997402344383,,,,,,27099,8,99377664,8363556864,0.282066,0.092948,0.0369,0.020609,0.00936,136.967317,0.01473,0.0,0.0,0.332785,1.541427,96.54781,0.0,0.604301,0.058879,0.942536,0.02251,16384,15404,13582,1,123232,31547392,31547392,4.41147,1.68285,7.355989999999999,60.0566,21.6752,1.4002299999999999,96.2308,13582,4,4,536969248
tiledb,node,65536,0,warm,window_65536,8192,,,512,9,138.35439598187804,0,0,0,1.211340402,32768,30842,,0.94122314453125,,1.0624473121068672,,,,,,27185,8,99465728,8363659264,0.262636,0.092218,0.03678,0.009809,0.00955,135.728555,0.01496,0.0,0.0,0.337105,1.535727,96.636248,0.0,0.604991,0.05862,1.198282,0.02251,16384,15447,13599,1,123576,31635456,31635456,5.01819,2.4242,8.15587,59.7677,21.6445,1.46101,96.3181,13599,4,4,536969248
tiledb,node,65536,0,warm,window_65536,65536,,,512,0,166.8805999797769,0,0,0,1.466125772,262144,165856,,0.6326904296875,,1.580551803974532,,,,,,61164,8,712583680,8445108224,0.322415,0.090689,0.037749,0.01135,0.02008,153.783515,0.066069,0.0,0.0,0.737979,3.593716,104.749707,0.0,3.022065,0.324085,8.785119,0.181227,131072,82875,30552,1,663000,169728000,169728000,11.5982,5.68085,19.0914,51.8908,28.2013,3.8886900000000004,103.984,30552,4,4,536969248
tiledb,node,65536,0,warm,window_65536,65536,,,512,1,168.33248897455633,0,0,0,1.42553741,262144,165959,,0.6330833435058594,,1.579570857862484,,,,,,60814,8,712618496,8413581312,0.263076,0.092278,0.03958,0.01088,0.020329,155.107616,0.069439,0.0,0.0,0.690899,3.628076,111.346599,0.0,3.024175,0.326085,8.940216,0.185568,131072,82998,30457,1,663984,169979904,169979904,9.22566,5.37913,16.7663,59.7905,22.8357,5.47048,110.72,30457,4,4,536969248
tiledb,node,65536,0,warm,window_65536,65536,,,512,2,169.0489779575728,0,0,0,1.409214322,262144,165848,,0.632659912109375,,1.580628044956828,,,,,,60850,8,712507904,8412975104,0.279736,0.091158,0.03954,0.01042,0.020189,155.840945,0.066019,0.0,0.0,0.648241,3.835822,109.765392,0.0,3.019295,0.325406,8.886947,0.181468,131072,82817,30510,1,662536,169609216,169609216,8.83526,4.910229999999999,15.501199999999999,61.0261,22.571399999999997,4.07902,109.148,30510,4,4,536969248
tiledb,node,65536,0,warm,window_65536,65536,,,512,3,114.20548602472991,0,0,0,1.141547429,262144,166012,,0.6332855224609375,,1.5790665735007108,,,,,,60943,8,491092480,8395137024,0.750768,0.082659,0.037299,0.01142,0.01339,102.599919,0.034329,0.0,0.0,0.362405,1.603446,68.764404,0.0,1.534367,0.175638,8.462524,0.180417,65536,41538,15241,1,332304,85069824,85069824,5.38377,3.08252,8.77511,38.9203,15.1692,4.9501800000000005,68.4235,15241,2,2,268484624
tiledb,node,65536,0,warm,window_65536,65536,,,512,4,168.35721797542647,0,0,0,1.373272975,262144,165653,,0.6319160461425781,,1.5824886962505962,,,,,,61016,8,712317440,8413880320,0.231267,0.090728,0.03848,0.01101,0.019729,155.278034,0.197797,0.0,0.0,0.6513899999999999,3.280071,107.552045,0.0,3.019694,0.325366,8.811369,0.182527,131072,82851,30470,1,662808,169678848,169678848,12.4432,6.3381799999999995,20.631300000000003,50.818299999999994,29.756,4.68119,106.784,30470,4,4,536969248
tiledb,node,65536,0,warm,window_65536,65536,,,512,5,163.98853296414018,0,0,0,1.327520649,262144,165510,,0.6313705444335938,,1.5838559603649327,,,,,,61220,8,712319488,8413048832,0.239227,0.091258,0.04013,0.011749,0.01967,150.986688,0.067689,0.0,0.0,0.652051,3.483598,102.235034,0.0,3.020334,0.325846,8.70804,0.185497,131072,82852,30543,1,662816,169680896,169680896,8.117420000000001,4.2364999999999995,14.3871,49.5229,30.4021,6.177969999999999,101.51899999999999,30543,4,4,536969248
tiledb,node,65536,0,warm,window_65536,65536,,,512,6,160.88396997656673,0,0,0,1.25482648,262144,165794,,0.6324539184570312,,1.581142864036093,,,,,,61155,8,712507904,8413548544,0.271466,0.091219,0.037899,0.01285,0.01979,147.837014,0.072949,0.0,0.0,0.71927,3.151123,100.931594,0.0,3.022195,0.325725,8.71763,0.182397,131072,82920,30640,1,663360,169820160,169820160,10.989600000000001,4.46272,17.8023,50.087199999999996,26.3497,5.032830000000001,100.214,30640,4,4,536969248
tiledb,node,65536,0,warm,window_65536,65536,,,512,7,172.5499060121365,0,0,0,1.556274247,262144,165392,,0.63092041015625,,1.5849859727193576,,,,,,60775,8,712507904,8449396736,0.224327,0.090259,0.038829,0.01082,0.0195,157.937464,0.311485,0.0,0.0,0.6471709999999999,3.29771,105.550205,0.0,3.007045,0.323845,10.369655,0.175668,131072,82505,30426,1,660040,168970240,168970240,11.7958,6.00955,19.579099999999997,49.9077,28.816399999999998,5.56088,104.803,30426,4,4,536969248
tiledb,node,65536,0,warm,window_65536,65536,,,512,8,160.02293297788128,0,0,0,1.291411425,262144,165709,,0.6321296691894531,,1.5819539071504867,,,,,,60901,8,712507904,8432009216,0.219987,0.082519,0.0391,0.010709,0.0133,101.539275,0.03442,0.0,0.0,0.479953,1.702535,68.37091,0.0,1.530788,0.172707,55.891126,0.171358,65536,41383,15227,1,331064,84752384,84752384,5.68618,3.01032,9.1348,38.8934,14.3159,4.95688,68.0468,15227,2,2,268484624
tiledb,node,65536,0,warm,window_65536,65536,,,512,9,249.82857302529737,0,0,0,1.701011418,262144,165707,,0.6321220397949219,,1.5819730005370927,,,,,,61063,8,934060544,8455872512,0.234426,0.094179,0.038069,0.01084,0.02564,232.730057,0.158558,0.0,0.0,1.013265,4.810408,180.130053,0.0,4.503523,0.483433,11.169584,0.181787,196608,124308,45789,1,994464,254582784,254582784,21.3574,8.713560000000001,34.2875,86.5397,37.928799999999995,9.809059999999999,179.019,45789,6,6,805453872
