backend,array_layout,tile_extent_rows,query_chunk_rows,cache_mode,pattern,batch_size,overlap_case,overlap_placement,width,sample,latency_ms,process_read_bytes,device_read_bytes,measured_read_bytes,cpu_seconds,requested_rows,unique_rows,node_unique_rows,within_rank_unique_row_fraction,node_unique_row_fraction,within_rank_repetition,requesting_ranks_per_unique_row,owner_unique_rows_mean,owner_unique_rows_max,owner_unique_max_to_mean,owner_unique_counts,contiguous_ranges,estimated_tiles_touched,cuda_peak_temporary_bytes,rss_bytes_after,id_routing_ms,gpu_sort_ms,gpu_deduplicate_ms,staging_allocation_ms,indices_d2h_ms,tiledb_read_ms,id_decode_ms,id_sort_ms,id_deduplicate_ms,query_setup_ms,range_build_ms,query_submit_ms,cpu_reorder_ms,rows_h2d_ms,gpu_expand_ms,embedding_exchange_ms,output_reorder_ms,storage_requested_rows,storage_unique_rows,storage_range_count,storage_query_count,index_bytes,raw_staging_bytes,output_bytes,tile_overlap_planning_ms,relevant_tile_overlap_ms,partition_planning_ms,internal_tile_read_ms,internal_unfilter_ms,internal_copy_ms,internal_reader_work_ms,tiledb_ranges_requested,tiledb_tiles_read,tiledb_vfs_read_ops,tiledb_vfs_read_bytes
cpu,none,,0,resident,random,1024,,,128,0,0.2298559993505478,0,0,0,0.001925814,4096,4095,,0.999755859375,,1.0002442002442002,,,,,,4095,,1599488,14726000640,0.0,0.0,0.0,0.0,0.0,0.0,0.0,0.0,0.0,0.0,0.0,0.0,0.0,0.0,0.0,0.0,0.0,0,0,0,0,0,0,0,,,,,,,,,,,
cpu,none,,0,resident,random,1024,,,128,1,0.2670460380613804,0,0,0,0.0013457,4096,4096,,1.0,,1.0,,,,,,4096,,1597440,14734888960,0.0,0.0,0.0,0.0,0.0,0.0,0.0,0.0,0.0,0.0,0.0,0.0,0.0,0.0,0.0,0.0,0.0,0,0,0,0,0,0,0,,,,,,,,,,,
cpu,none,,0,resident,random,1024,,,128,2,0.22643699776381254,0,0,0,0.00115212,4096,4095,,0.999755859375,,1.0002442002442002,,,,,,4095,,1610240,14735056896,0.0,0.0,0.0,0.0,0.0,0.0,0.0,0.0,0.0,0.0,0.0,0.0,0.0,0.0,0.0,0.0,0.0,0,0,0,0,0,0,0,,,,,,,,,,,
cpu,none,,0,resident,random,1024,,,128,3,0.21114700939506292,0,0,0,0.00105405,4096,4096,,1.0,,1.0,,,,,,4096,,1593344,14735204352,0.0,0.0,0.0,0.0,0.0,0.0,0.0,0.0,0.0,0.0,0.0,0.0,0.0,0.0,0.0,0.0,0.0,0,0,0,0,0,0,0,,,,,,,,,,,
cpu,none,,0,resident,random,1024,,,128,4,0.2103369915857911,0,0,0,0.00103694,4096,4096,,1.0,,1.0,,,,,,4096,,1600512,14735204352,0.0,0.0,0.0,0.0,0.0,0.0,0.0,0.0,0.0,0.0,0.0,0.0,0.0,0.0,0.0,0.0,0.0,0,0,0,0,0,0,0,,,,,,,,,,,
cpu,none,,0,resident,random,1024,,,128,5,0.20164699526503682,0,0,0,0.0009910000000000001,4096,4096,,1.0,,1.0,,,,,,4096,,1605632,14735220736,0.0,0.0,0.0,0.0,0.0,0.0,0.0,0.0,0.0,0.0,0.0,0.0,0.0,0.0,0.0,0.0,0.0,0,0,0,0,0,0,0,,,,,,,,,,,
cpu,none,,0,resident,random,1024,,,128,6,0.20352599676698446,0,0,0,0.0010066699999999999,4096,4096,,1.0,,1.0,,,,,,4096,,1606144,14735306752,0.0,0.0,0.0,0.0,0.0,0.0,0.0,0.0,0.0,0.0,0.0,0.0,0.0,0.0,0.0,0.0,0.0,0,0,0,0,0,0,0,,,,,,,,,,,
cpu,none,,0,resident,random,1024,,,128,7,0.2023670240305364,0,0,0,0.001001482,4096,4096,,1.0,,1.0,,,,,,4095,,1602560,14735454208,0.0,0.0,0.0,0.0,0.0,0.0,0.0,0.0,0.0,0.0,0.0,0.0,0.0,0.0,0.0,0.0,0.0,0,0,0,0,0,0,0,,,,,,,,,,,
cpu,none,,0,resident,random,1024,,,128,8,0.20014698384329677,0,0,0,0.00099323,4096,4096,,1.0,,1.0,,,,,,4096,,1613312,14735613952,0.0,0.0,0.0,0.0,0.0,0.0,0.0,0.0,0.0,0.0,0.0,0.0,0.0,0.0,0.0,0.0,0.0,0,0,0,0,0,0,0,,,,,,,,,,,
cpu,none,,0,resident,random,1024,,,128,9,0.21008698968216777,0,0,0,0.0012521799999999999,4096,4096,,1.0,,1.0,,,,,,4096,,1614848,14735626240,0.0,0.0,0.0,0.0,0.0,0.0,0.0,0.0,0.0,0.0,0.0,0.0,0.0,0.0,0.0,0.0,0.0,0,0,0,0,0,0,0,,,,,,,,,,,
cpu,none,,0,resident,random,8192,,,128,0,0.4874930018559098,0,0,0,0.0021800400000000003,32768,32755,,0.999603271484375,,1.0003968859716075,,,,,,32736,,12745728,14735941632,0.0,0.0,0.0,0.0,0.0,0.0,0.0,0.0,0.0,0.0,0.0,0.0,0.0,0.0,0.0,0.0,0.0,0,0,0,0,0,0,0,,,,,,,,,,,
cpu,none,,0,resident,random,8192,,,128,1,0.49361196579411626,0,0,0,0.00217647,32768,32756,,0.9996337890625,,1.0003663450970814,,,,,,32741,,12768768,14736732160,0.0,0.0,0.0,0.0,0.0,0.0,0.0,0.0,0.0,0.0,0.0,0.0,0.0,0.0,0.0,0.0,0.0,0,0,0,0,0,0,0,,,,,,,,,,,
cpu,none,,0,resident,random,8192,,,128,2,0.47832203563302755,0,0,0,0.00213133,32768,32755,,0.999603271484375,,1.0003968859716075,,,,,,32742,,12777984,14736793600,0.0,0.0,0.0,0.0,0.0,0.0,0.0,0.0,0.0,0.0,0.0,0.0,0.0,0.0,0.0,0.0,0.0,0,0,0,0,0,0,0,,,,,,,,,,,
cpu,none,,0,resident,random,8192,,,128,3,0.4771219682879746,0,0,0,0.00209621,32768,32764,,0.9998779296875,,1.0001220852154804,,,,,,32746,,12768768,14736838656,0.0,0.0,0.0,0.0,0.0,0.0,0.0,0.0,0.0,0.0,0.0,0.0,0.0,0.0,0.0,0.0,0.0,0,0,0,0,0,0,0,,,,,,,,,,,
cpu,none,,0,resident,random,8192,,,128,4,0.4732130328193307,0,0,0,0.0020914700000000002,32768,32757,,0.999664306640625,,1.0003358060872485,,,,,,32746,,12741120,14736949248,0.0,0.0,0.0,0.0,0.0,0.0,0.0,0.0,0.0,0.0,0.0,0.0,0.0,0.0,0.0,0.0,0.0,0,0,0,0,0,0,0,,,,,,,,,,,
cpu,none,,0,resident,random,8192,,,128,5,0.4681929713115096,0,0,0,0.0020829,32768,32755,,0.999603271484375,,1.0003968859716075,,,,,,32745,,12751872,14737104896,0.0,0.0,0.0,0.0,0.0,0.0,0.0,0.0,0.0,0.0,0.0,0.0,0.0,0.0,0.0,0.0,0.0,0,0,0,0,0,0,0,,,,,,,,,,,
cpu,none,,0,resident,random,8192,,,128,6,0.46257302165031433,0,0,0,0.002073134,32768,32761,,0.999786376953125,,1.0002136686914318,,,,,,32749,,12777984,14737219584,0.0,0.0,0.0,0.0,0.0,0.0,0.0,0.0,0.0,0.0,0.0,0.0,0.0,0.0,0.0,0.0,0.0,0,0,0,0,0,0,0,,,,,,,,,,,
cpu,none,,0,resident,random,8192,,,128,7,0.47195301158353686,0,0,0,0.0020689799999999998,32768,32759,,0.999725341796875,,1.0002747336609787,,,,,,32739,,12755968,14737219584,0.0,0.0,0.0,0.0,0.0,0.0,0.0,0.0,0.0,0.0,0.0,0.0,0.0,0.0,0.0,0.0,0.0,0,0,0,0,0,0,0,,,,,,,,,,,
cpu,none,,0,resident,random,8192,,,128,8,0.45695301378145814,0,0,0,0.00201715,32768,32760,,0.999755859375,,1.0002442002442002,,,,,,32742,,12762624,14737219584,0.0,0.0,0.0,0.0,0.0,0.0,0.0,0.0,0.0,0.0,0.0,0.0,0.0,0.0,0.0,0.0,0.0,0,0,0,0,0,0,0,,,,,,,,,,,
cpu,none,,0,resident,random,8192,,,128,9,0.4638730315491557,0,0,0,0.00202772,32768,32763,,0.999847412109375,,1.0001526111772425,,,,,,32736,,12767232,14737223680,0.0,0.0,0.0,0.0,0.0,0.0,0.0,0.0,0.0,0.0,0.0,0.0,0.0,0.0,0.0,0.0,0.0,0,0,0,0,0,0,0,,,,,,,,,,,
cpu,none,,0,resident,random,65536,,,128,0,1.813181967008859,0,0,0,0.007234114,262144,261627,,0.9980278015136719,,1.0019760957393542,,,,,,260583,,101888000,14737367040,0.0,0.0,0.0,0.0,0.0,0.0,0.0,0.0,0.0,0.0,0.0,0.0,0.0,0.0,0.0,0.0,0.0,0,0,0,0,0,0,0,,,,,,,,,,,
cpu,none,,0,resident,random,65536,,,128,1,1.7583139706403017,0,0,0,0.007213674,262144,261609,,0.9979591369628906,,1.0020450366768727,,,,,,260581,,101911552,14752493568,0.0,0.0,0.0,0.0,0.0,0.0,0.0,0.0,0.0,0.0,0.0,0.0,0.0,0.0,0.0,0.0,0.0,0,0,0,0,0,0,0,,,,,,,,,,,
cpu,none,,0,resident,random,65536,,,128,2,1.8798420205712318,0,0,0,0.007595244,262144,261642,,0.9980850219726562,,1.0019186522041568,,,,,,260678,,101867008,14752526336,0.0,0.0,0.0,0.0,0.0,0.0,0.0,0.0,0.0,0.0,0.0,0.0,0.0,0.0,0.0,0.0,0.0,0,0,0,0,0,0,0,,,,,,,,,,,
cpu,none,,0,resident,random,65536,,,128,3,1.8145329668186605,0,0,0,0.00726525,262144,261637,,0.9980659484863281,,1.0019377993173748,,,,,,260688,,101913600,14752567296,0.0,0.0,0.0,0.0,0.0,0.0,0.0,0.0,0.0,0.0,0.0,0.0,0.0,0.0,0.0,0.0,0.0,0,0,0,0,0,0,0,,,,,,,,,,,
cpu,none,,0,resident,random,65536,,,128,4,1.7335740267299116,0,0,0,0.007106824,262144,261619,,0.9979972839355469,,1.0020067349848443,,,,,,260580,,101844992,14752698368,0.0,0.0,0.0,0.0,0.0,0.0,0.0,0.0,0.0,0.0,0.0,0.0,0.0,0.0,0.0,0.0,0.0,0,0,0,0,0,0,0,,,,,,,,,,,
cpu,none,,0,resident,random,65536,,,128,5,1.8903219606727362,0,0,0,0.00753527,262144,261647,,0.9981040954589844,,1.0018995058227307,,,,,,260634,,101768192,14752833536,0.0,0.0,0.0,0.0,0.0,0.0,0.0,0.0,0.0,0.0,0.0,0.0,0.0,0.0,0.0,0.0,0.0,0,0,0,0,0,0,0,,,,,,,,,,,
cpu,none,,0,resident,random,65536,,,128,6,1.8226029933430254,0,0,0,0.007315864,262144,261607,,0.9979515075683594,,1.0020526973666606,,,,,,260609,,101820928,14752837632,0.0,0.0,0.0,0.0,0.0,0.0,0.0,0.0,0.0,0.0,0.0,0.0,0.0,0.0,0.0,0.0,0.0,0,0,0,0,0,0,0,,,,,,,,,,,
cpu,none,,0,resident,random,65536,,,128,7,1.7510440084151924,0,0,0,0.00721208,262144,261597,,0.9979133605957031,,1.0020910025726595,,,,,,260572,,101800448,14752837632,0.0,0.0,0.0,0.0,0.0,0.0,0.0,0.0,0.0,0.0,0.0,0.0,0.0,0.0,0.0,0.0,0.0,0,0,0,0,0,0,0,,,,,,,,,,,
cpu,none,,0,resident,random,65536,,,128,8,1.7445929697714746,0,0,0,0.007118924,262144,261629,,0.9980354309082031,,1.0019684362207553,,,,,,260622,,101869568,14752837632,0.0,0.0,0.0,0.0,0.0,0.0,0.0,0.0,0.0,0.0,0.0,0.0,0.0,0.0,0.0,0.0,0.0,0,0,0,0,0,0,0,,,,,,,,,,,
cpu,none,,0,resident,random,65536,,,128,9,1.7523140413686633,0,0,0,0.0071564639999999995,262144,261633,,0.9980506896972656,,1.0019531175348675,,,,,,260582,,101848064,14752845824,0.0,0.0,0.0,0.0,0.0,0.0,0.0,0.0,0.0,0.0,0.0,0.0,0.0,0.0,0.0,0.0,0.0,0,0,0,0,0,0,0,,,,,,,,,,,
cpu,none,,0,resident,window_256,1024,,,128,0,0.1943969982676208,0,0,0,0.00101353,4096,1002,,0.24462890625,,4.087824351297405,,,,,,25,,2654720,14753062912,0.0,0.0,0.0,0.0,0.0,0.0,0.0,0.0,0.0,0.0,0.0,0.0,0.0,0.0,0.0,0.0,0.0,0,0,0,0,0,0,0,,,,,,,,,,,
cpu,none,,0,resident,window_256,1024,,,128,1,0.21033600205555558,0,0,0,0.001038794,4096,1009,,0.246337890625,,4.059464816650149,,,,,,18,,2122240,14753087488,0.0,0.0,0.0,0.0,0.0,0.0,0.0,0.0,0.0,0.0,0.0,0.0,0.0,0.0,0.0,0.0,0.0,0,0,0,0,0,0,0,,,,,,,,,,,
cpu,none,,0,resident,window_256,1024,,,128,2,0.19704696023836732,0,0,0,0.00093615,4096,1007,,0.245849609375,,4.067527308838133,,,,,,20,,1589760,14753087488,0.0,0.0,0.0,0.0,0.0,0.0,0.0,0.0,0.0,0.0,0.0,0.0,0.0,0.0,0.0,0.0,0.0,0,0,0,0,0,0,0,,,,,,,,,,,
cpu,none,,0,resident,window_256,1024,,,128,3,0.20694697741419077,0,0,0,0.00099532,4096,1010,,0.24658203125,,4.0554455445544555,,,,,,18,,2122240,14753095680,0.0,0.0,0.0,0.0,0.0,0.0,0.0,0.0,0.0,0.0,0.0,0.0,0.0,0.0,0.0,0.0,0.0,0,0,0,0,0,0,0,,,,,,,,,,,
cpu,none,,0,resident,window_256,1024,,,128,4,0.19458698807284236,0,0,0,0.00092101,4096,1007,,0.245849609375,,4.067527308838133,,,,,,20,,2122240,14753116160,0.0,0.0,0.0,0.0,0.0,0.0,0.0,0.0,0.0,0.0,0.0,0.0,0.0,0.0,0.0,0.0,0.0,0,0,0,0,0,0,0,,,,,,,,,,,
cpu,none,,0,resident,window_256,1024,,,128,5,0.20854600006714463,0,0,0,0.00100241,4096,1009,,0.246337890625,,4.059464816650149,,,,,,19,,2122240,14753210368,0.0,0.0,0.0,0.0,0.0,0.0,0.0,0.0,0.0,0.0,0.0,0.0,0.0,0.0,0.0,0.0,0.0,0,0,0,0,0,0,0,,,,,,,,,,,
cpu,none,,0,resident,window_256,1024,,,128,6,0.20347698591649532,0,0,0,0.00148442,4096,1006,,0.24560546875,,4.071570576540755,,,,,,22,,2122240,14753259520,0.0,0.0,0.0,0.0,0.0,0.0,0.0,0.0,0.0,0.0,0.0,0.0,0.0,0.0,0.0,0.0,0.0,0,0,0,0,0,0,0,,,,,,,,,,,
cpu,none,,0,resident,window_256,1024,,,128,7,0.19481702474877238,0,0,0,0.000910604,4096,1012,,0.2470703125,,4.047430830039525,,,,,,16,,2654720,14753259520,0.0,0.0,0.0,0.0,0.0,0.0,0.0,0.0,0.0,0.0,0.0,0.0,0.0,0.0,0.0,0.0,0.0,0,0,0,0,0,0,0,,,,,,,,,,,
cpu,none,,0,resident,window_256,1024,,,128,8,0.19202701514586806,0,0,0,0.00092258,4096,1008,,0.24609375,,4.063492063492063,,,,,,19,,2654720,14753259520,0.0,0.0,0.0,0.0,0.0,0.0,0.0,0.0,0.0,0.0,0.0,0.0,0.0,0.0,0.0,0.0,0.0,0,0,0,0,0,0,0,,,,,,,,,,,
cpu,none,,0,resident,window_256,1024,,,128,9,0.19165704725310206,0,0,0,0.0008990199999999999,4096,1006,,0.24560546875,,4.071570576540755,,,,,,22,,2122240,14753259520,0.0,0.0,0.0,0.0,0.0,0.0,0.0,0.0,0.0,0.0,0.0,0.0,0.0,0.0,0.0,0.0,0.0,0,0,0,0,0,0,0,,,,,,,,,,,
cpu,none,,0,resident,window_256,8192,,,128,0,0.5099120317026973,0,0,0,0.00214265,32768,1024,,0.03125,,32.0,,,,,,4,,16974336,14753542144,0.0,0.0,0.0,0.0,0.0,0.0,0.0,0.0,0.0,0.0,0.0,0.0,0.0,0.0,0.0,0.0,0.0,0,0,0,0,0,0,0,,,,,,,,,,,
cpu,none,,0,resident,window_256,8192,,,128,1,0.5473819910548627,0,0,0,0.00227164,32768,1024,,0.03125,,32.0,,,,,,4,,16974336,14753542144,0.0,0.0,0.0,0.0,0.0,0.0,0.0,0.0,0.0,0.0,0.0,0.0,0.0,0.0,0.0,0.0,0.0,0,0,0,0,0,0,0,,,,,,,,,,,
cpu,none,,0,resident,window_256,8192,,,128,2,0.5073020001873374,0,0,0,0.00177727,32768,1024,,0.03125,,32.0,,,,,,4,,16974336,14753558528,0.0,0.0,0.0,0.0,0.0,0.0,0.0,0.0,0.0,0.0,0.0,0.0,0.0,0.0,0.0,0.0,0.0,0,0,0,0,0,0,0,,,,,,,,,,,
cpu,none,,0,resident,window_256,8192,,,128,3,0.577550963498652,0,0,0,0.00236345,32768,1024,,0.03125,,32.0,,,,,,4,,16974336,14753574912,0.0,0.0,0.0,0.0,0.0,0.0,0.0,0.0,0.0,0.0,0.0,0.0,0.0,0.0,0.0,0.0,0.0,0,0,0,0,0,0,0,,,,,,,,,,,
cpu,none,,0,resident,window_256,8192,,,128,4,0.5391620215959847,0,0,0,0.00219721,32768,1024,,0.03125,,32.0,,,,,,4,,16974336,14753574912,0.0,0.0,0.0,0.0,0.0,0.0,0.0,0.0,0.0,0.0,0.0,0.0,0.0,0.0,0.0,0.0,0.0,0,0,0,0,0,0,0,,,,,,,,,,,
cpu,none,,0,resident,window_256,8192,,,128,5,0.5660710157826543,0,0,0,0.00206252,32768,1024,,0.03125,,32.0,,,,,,4,,16974336,14753574912,0.0,0.0,0.0,0.0,0.0,0.0,0.0,0.0,0.0,0.0,0.0,0.0,0.0,0.0,0.0,0.0,0.0,0,0,0,0,0,0,0,,,,,,,,,,,
cpu,none,,0,resident,window_256,8192,,,128,6,0.5667419754900038,0,0,0,0.002279154,32768,1024,,0.03125,,32.0,,,,,,4,,21234176,14753574912,0.0,0.0,0.0,0.0,0.0,0.0,0.0,0.0,0.0,0.0,0.0,0.0,0.0,0.0,0.0,0.0,0.0,0,0,0,0,0,0,0,,,,,,,,,,,
cpu,none,,0,resident,window_256,8192,,,128,7,0.6845300085842609,0,0,0,0.00267176,32768,1024,,0.03125,,32.0,,,,,,4,,21234176,14753574912,0.0,0.0,0.0,0.0,0.0,0.0,0.0,0.0,0.0,0.0,0.0,0.0,0.0,0.0,0.0,0.0,0.0,0,0,0,0,0,0,0,,,,,,,,,,,
cpu,none,,0,resident,window_256,8192,,,128,8,0.5388419958762825,0,0,0,0.00224417,32768,1024,,0.03125,,32.0,,,,,,4,,16974336,14753574912,0.0,0.0,0.0,0.0,0.0,0.0,0.0,0.0,0.0,0.0,0.0,0.0,0.0,0.0,0.0,0.0,0.0,0,0,0,0,0,0,0,,,,,,,,,,,
cpu,none,,0,resident,window_256,8192,,,128,9,0.5095620290376246,0,0,0,0.002198124,32768,1024,,0.03125,,32.0,,,,,,4,,12714496,14753574912,0.0,0.0,0.0,0.0,0.0,0.0,0.0,0.0,0.0,0.0,0.0,0.0,0.0,0.0,0.0,0.0,0.0,0,0,0,0,0,0,0,,,,,,,,,,,
cpu,none,,0,resident,window_256,65536,,,128,0,4.082178988028318,0,0,0,0.016437048,262144,1024,,0.00390625,,256.0,,,,,,4,,203948544,14753931264,0.0,0.0,0.0,0.0,0.0,0.0,0.0,0.0,0.0,0.0,0.0,0.0,0.0,0.0,0.0,0.0,0.0,0,0,0,0,0,0,0,,,,,,,,,,,
cpu,none,,0,resident,window_256,65536,,,128,1,2.630360017064959,0,0,0,0.009663324000000001,262144,1024,,0.00390625,,256.0,,,,,,4,,135791104,14753931264,0.0,0.0,0.0,0.0,0.0,0.0,0.0,0.0,0.0,0.0,0.0,0.0,0.0,0.0,0.0,0.0,0.0,0,0,0,0,0,0,0,,,,,,,,,,,
cpu,none,,0,resident,window_256,65536,,,128,2,3.3921690192073584,0,0,0,0.010856544,262144,1024,,0.00390625,,256.0,,,,,,4,,135791104,14753931264,0.0,0.0,0.0,0.0,0.0,0.0,0.0,0.0,0.0,0.0,0.0,0.0,0.0,0.0,0.0,0.0,0.0,0,0,0,0,0,0,0,,,,,,,,,,,
cpu,none,,0,resident,window_256,65536,,,128,3,3.3445889712311327,0,0,0,0.011477293,262144,1024,,0.00390625,,256.0,,,,,,4,,135791104,14753931264,0.0,0.0,0.0,0.0,0.0,0.0,0.0,0.0,0.0,0.0,0.0,0.0,0.0,0.0,0.0,0.0,0.0,0,0,0,0,0,0,0,,,,,,,,,,,
cpu,none,,0,resident,window_256,65536,,,128,4,2.8747059986926615,0,0,0,0.011362014,262144,1024,,0.00390625,,256.0,,,,,,4,,135791104,14753931264,0.0,0.0,0.0,0.0,0.0,0.0,0.0,0.0,0.0,0.0,0.0,0.0,0.0,0.0,0.0,0.0,0.0,0,0,0,0,0,0,0,,,,,,,,,,,
cpu,none,,0,resident,window_256,65536,,,128,5,2.5970410206355155,0,0,0,0.009132944,262144,1024,,0.00390625,,256.0,,,,,,4,,135791104,14753931264,0.0,0.0,0.0,0.0,0.0,0.0,0.0,0.0,0.0,0.0,0.0,0.0,0.0,0.0,0.0,0.0,0.0,0,0,0,0,0,0,0,,,,,,,,,,,
cpu,none,,0,resident,window_256,65536,,,128,6,3.4783079754561186,0,0,0,0.010962355,262144,1024,,0.00390625,,256.0,,,,,,4,,135791104,14753931264,0.0,0.0,0.0,0.0,0.0,0.0,0.0,0.0,0.0,0.0,0.0,0.0,0.0,0.0,0.0,0.0,0.0,0,0,0,0,0,0,0,,,,,,,,,,,
cpu,none,,0,resident,window_256,65536,,,128,7,3.583656973205507,0,0,0,0.012246343,262144,1024,,0.00390625,,256.0,,,,,,4,,135791104,14753931264,0.0,0.0,0.0,0.0,0.0,0.0,0.0,0.0,0.0,0.0,0.0,0.0,0.0,0.0,0.0,0.0,0.0,0,0,0,0,0,0,0,,,,,,,,,,,
cpu,none,,0,resident,window_256,65536,,,128,8,2.4872919893823564,0,0,0,0.009137414,262144,1024,,0.00390625,,256.0,,,,,,4,,135791104,14753931264,0.0,0.0,0.0,0.0,0.0,0.0,0.0,0.0,0.0,0.0,0.0,0.0,0.0,0.0,0.0,0.0,0.0,0,0,0,0,0,0,0,,,,,,,,,,,
cpu,none,,0,resident,window_256,65536,,,128,9,2.473982982337475,0,0,0,0.00983027,262144,1024,,0.00390625,,256.0,,,,,,4,,135791104,14753931264,0.0,0.0,0.0,0.0,0.0,0.0,0.0,0.0,0.0,0.0,0.0,0.0,0.0,0.0,0.0,0.0,0.0,0,0,0,0,0,0,0,,,,,,,,,,,
cpu,none,,0,resident,window_4096,1024,,,128,0,0.20640704315155745,0,0,0,0.00106912,4096,3596,,0.8779296875,,1.139043381535039,,,,,,2785,,2122240,14754357248,0.0,0.0,0.0,0.0,0.0,0.0,0.0,0.0,0.0,0.0,0.0,0.0,0.0,0.0,0.0,0.0,0.0,0,0,0,0,0,0,0,,,,,,,,,,,
cpu,none,,0,resident,window_4096,1024,,,128,1,0.2184470067732036,0,0,0,0.001028173,4096,3616,,0.8828125,,1.1327433628318584,,,,,,2840,,2122240,14754373632,0.0,0.0,0.0,0.0,0.0,0.0,0.0,0.0,0.0,0.0,0.0,0.0,0.0,0.0,0.0,0.0,0.0,0,0,0,0,0,0,0,,,,,,,,,,,
cpu,none,,0,resident,window_4096,1024,,,128,2,0.2041169791482389,0,0,0,0.0009482,4096,3608,,0.880859375,,1.1352549889135255,,,,,,2822,,2122240,14754377728,0.0,0.0,0.0,0.0,0.0,0.0,0.0,0.0,0.0,0.0,0.0,0.0,0.0,0.0,0.0,0.0,0.0,0,0,0,0,0,0,0,,,,,,,,,,,
cpu,none,,0,resident,window_4096,1024,,,128,3,0.2110470086336136,0,0,0,0.00099919,4096,3621,,0.884033203125,,1.1311792322562828,,,,,,2839,,2122240,14754377728,0.0,0.0,0.0,0.0,0.0,0.0,0.0,0.0,0.0,0.0,0.0,0.0,0.0,0.0,0.0,0.0,0.0,0,0,0,0,0,0,0,,,,,,,,,,,
cpu,none,,0,resident,window_4096,1024,,,128,4,0.21406699670478702,0,0,0,0.00099621,4096,3607,,0.880615234375,,1.1355697255336845,,,,,,2841,,2654720,14754377728,0.0,0.0,0.0,0.0,0.0,0.0,0.0,0.0,0.0,0.0,0.0,0.0,0.0,0.0,0.0,0.0,0.0,0,0,0,0,0,0,0,,,,,,,,,,,
cpu,none,,0,resident,window_4096,1024,,,128,5,0.20851701265200973,0,0,0,0.00099584,4096,3641,,0.888916015625,,1.1249656687723153,,,,,,2810,,2122240,14754377728,0.0,0.0,0.0,0.0,0.0,0.0,0.0,0.0,0.0,0.0,0.0,0.0,0.0,0.0,0.0,0.0,0.0,0,0,0,0,0,0,0,,,,,,,,,,,
cpu,none,,0,resident,window_4096,1024,,,128,6,0.20589702762663364,0,0,0,0.00099344,4096,3622,,0.88427734375,,1.1308669243511873,,,,,,2835,,2122240,14754381824,0.0,0.0,0.0,0.0,0.0,0.0,0.0,0.0,0.0,0.0,0.0,0.0,0.0,0.0,0.0,0.0,0.0,0,0,0,0,0,0,0,,,,,,,,,,,
cpu,none,,0,resident,window_4096,1024,,,128,7,0.3776240046136081,0,0,0,0.001150573,4096,3640,,0.888671875,,1.1252747252747253,,,,,,2834,,2654720,14754381824,0.0,0.0,0.0,0.0,0.0,0.0,0.0,0.0,0.0,0.0,0.0,0.0,0.0,0.0,0.0,0.0,0.0,0,0,0,0,0,0,0,,,,,,,,,,,
cpu,none,,0,resident,window_4096,1024,,,128,8,0.19874703139066696,0,0,0,0.0008996399999999999,4096,3636,,0.8876953125,,1.1265126512651265,,,,,,2812,,1589760,14754381824,0.0,0.0,0.0,0.0,0.0,0.0,0.0,0.0,0.0,0.0,0.0,0.0,0.0,0.0,0.0,0.0,0.0,0,0,0,0,0,0,0,,,,,,,,,,,
cpu,none,,0,resident,window_4096,1024,,,128,9,0.20560703705996275,0,0,0,0.00094704,4096,3644,,0.8896484375,,1.12403951701427,,,,,,2842,,2122240,14754385920,0.0,0.0,0.0,0.0,0.0,0.0,0.0,0.0,0.0,0.0,0.0,0.0,0.0,0.0,0.0,0.0,0.0,0,0,0,0,0,0,0,,,,,,,,,,,
cpu,none,,0,resident,window_4096,8192,,,128,0,0.5271020345389843,0,0,0,0.0023022900000000002,32768,14167,,0.432342529296875,,2.3129808710383286,,,,,,1951,,16974336,14754684928,0.0,0.0,0.0,0.0,0.0,0.0,0.0,0.0,0.0,0.0,0.0,0.0,0.0,0.0,0.0,0.0,0.0,0,0,0,0,0,0,0,,,,,,,,,,,
cpu,none,,0,resident,window_4096,8192,,,128,1,0.5413920152932405,0,0,0,0.002305874,32768,14213,,0.433746337890625,,2.3054949693942164,,,,,,1879,,16974336,14754684928,0.0,0.0,0.0,0.0,0.0,0.0,0.0,0.0,0.0,0.0,0.0,0.0,0.0,0.0,0.0,0.0,0.0,0,0,0,0,0,0,0,,,,,,,,,,,
cpu,none,,0,resident,window_4096,8192,,,128,2,0.5918610258959234,0,0,0,0.00218617,32768,14204,,0.4334716796875,,2.3069557871022246,,,,,,1906,,16974336,14754684928,0.0,0.0,0.0,0.0,0.0,0.0,0.0,0.0,0.0,0.0,0.0,0.0,0.0,0.0,0.0,0.0,0.0,0,0,0,0,0,0,0,,,,,,,,,,,
cpu,none,,0,resident,window_4096,8192,,,128,3,0.593251024838537,0,0,0,0.00217952,32768,14142,,0.43157958984375,,2.317069721397256,,,,,,1925,,16974336,14754684928,0.0,0.0,0.0,0.0,0.0,0.0,0.0,0.0,0.0,0.0,0.0,0.0,0.0,0.0,0.0,0.0,0.0,0,0,0,0,0,0,0,,,,,,,,,,,
cpu,none,,0,resident,window_4096,8192,,,128,4,0.5031520267948508,0,0,0,0.0017853,32768,14161,,0.432159423828125,,2.3139608784690346,,,,,,1941,,16974336,14754684928,0.0,0.0,0.0,0.0,0.0,0.0,0.0,0.0,0.0,0.0,0.0,0.0,0.0,0.0,0.0,0.0,0.0,0,0,0,0,0,0,0,,,,,,,,,,,
cpu,none,,0,resident,window_4096,8192,,,128,5,0.4967629793100059,0,0,0,0.00217177,32768,14159,,0.432098388671875,,2.3142877321844764,,,,,,1930,,12714496,14754684928,0.0,0.0,0.0,0.0,0.0,0.0,0.0,0.0,0.0,0.0,0.0,0.0,0.0,0.0,0.0,0.0,0.0,0,0,0,0,0,0,0,,,,,,,,,,,
cpu,none,,0,resident,window_4096,8192,,,128,6,0.7013600552454591,0,0,0,0.00277392,32768,14144,,0.431640625,,2.316742081447964,,,,,,1913,,21234176,14754684928,0.0,0.0,0.0,0.0,0.0,0.0,0.0,0.0,0.0,0.0,0.0,0.0,0.0,0.0,0.0,0.0,0.0,0,0,0,0,0,0,0,,,,,,,,,,,
cpu,none,,0,resident,window_4096,8192,,,128,7,0.517212029080838,0,0,0,0.00201738,32768,14119,,0.430877685546875,,2.3208442524258093,,,,,,1959,,12714496,14754701312,0.0,0.0,0.0,0.0,0.0,0.0,0.0,0.0,0.0,0.0,0.0,0.0,0.0,0.0,0.0,0.0,0.0,0,0,0,0,0,0,0,,,,,,,,,,,
cpu,none,,0,resident,window_4096,8192,,,128,8,0.5080419941805303,0,0,0,0.00240453,32768,14169,,0.432403564453125,,2.312654386336368,,,,,,1899,,16974336,14754701312,0.0,0.0,0.0,0.0,0.0,0.0,0.0,0.0,0.0,0.0,0.0,0.0,0.0,0.0,0.0,0.0,0.0,0,0,0,0,0,0,0,,,,,,,,,,,
cpu,none,,0,resident,window_4096,8192,,,128,9,0.606920977588743,0,0,0,0.002437924,32768,14168,,0.432373046875,,2.312817617165443,,,,,,1908,,16974336,14754701312,0.0,0.0,0.0,0.0,0.0,0.0,0.0,0.0,0.0,0.0,0.0,0.0,0.0,0.0,0.0,0.0,0.0,0,0,0,0,0,0,0,,,,,,,,,,,
cpu,none,,0,resident,window_4096,65536,,,128,0,2.9477649950422347,0,0,0,0.010165464,262144,16384,,0.0625,,16.0,,,,,,4,,135791104,14755098624,0.0,0.0,0.0,0.0,0.0,0.0,0.0,0.0,0.0,0.0,0.0,0.0,0.0,0.0,0.0,0.0,0.0,0,0,0,0,0,0,0,,,,,,,,,,,
cpu,none,,0,resident,window_4096,65536,,,128,1,2.2198169608600438,0,0,0,0.00893834,262144,16384,,0.0625,,16.0,,,,,,4,,101712384,14755098624,0.0,0.0,0.0,0.0,0.0,0.0,0.0,0.0,0.0,0.0,0.0,0.0,0.0,0.0,0.0,0.0,0.0,0,0,0,0,0,0,0,,,,,,,,,,,
cpu,none,,0,resident,window_4096,65536,,,128,2,2.881437016185373,0,0,0,0.009724772999999999,262144,16384,,0.0625,,16.0,,,,,,4,,135791104,14755098624,0.0,0.0,0.0,0.0,0.0,0.0,0.0,0.0,0.0,0.0,0.0,0.0,0.0,0.0,0.0,0.0,0.0,0,0,0,0,0,0,0,,,,,,,,,,,
cpu,none,,0,resident,window_4096,65536,,,128,3,2.315425022970885,0,0,0,0.00722934,262144,16384,,0.0625,,16.0,,,,,,4,,135791104,14755098624,0.0,0.0,0.0,0.0,0.0,0.0,0.0,0.0,0.0,0.0,0.0,0.0,0.0,0.0,0.0,0.0,0.0,0,0,0,0,0,0,0,,,,,,,,,,,
cpu,none,,0,resident,window_4096,65536,,,128,4,2.952225971966982,0,0,0,0.009580963,262144,16384,,0.0625,,16.0,,,,,,4,,135791104,14755098624,0.0,0.0,0.0,0.0,0.0,0.0,0.0,0.0,0.0,0.0,0.0,0.0,0.0,0.0,0.0,0.0,0.0,0,0,0,0,0,0,0,,,,,,,,,,,
cpu,none,,0,resident,window_4096,65536,,,128,5,2.899916027672589,0,0,0,0.00889206,262144,16384,,0.0625,,16.0,,,,,,4,,135791104,14755098624,0.0,0.0,0.0,0.0,0.0,0.0,0.0,0.0,0.0,0.0,0.0,0.0,0.0,0.0,0.0,0.0,0.0,0,0,0,0,0,0,0,,,,,,,,,,,
cpu,none,,0,resident,window_4096,65536,,,128,6,2.900156017858535,0,0,0,0.008769773,262144,16384,,0.0625,,16.0,,,,,,4,,135791104,14755098624,0.0,0.0,0.0,0.0,0.0,0.0,0.0,0.0,0.0,0.0,0.0,0.0,0.0,0.0,0.0,0.0,0.0,0,0,0,0,0,0,0,,,,,,,,,,,
cpu,none,,0,resident,window_4096,65536,,,128,7,2.8916760347783566,0,0,0,0.009112141,262144,16384,,0.0625,,16.0,,,,,,4,,135791104,14755098624,0.0,0.0,0.0,0.0,0.0,0.0,0.0,0.0,0.0,0.0,0.0,0.0,0.0,0.0,0.0,0.0,0.0,0,0,0,0,0,0,0,,,,,,,,,,,
cpu,none,,0,resident,window_4096,65536,,,128,8,2.4076339905150235,0,0,0,0.007371883,262144,16384,,0.0625,,16.0,,,,,,4,,135791104,14755098624,0.0,0.0,0.0,0.0,0.0,0.0,0.0,0.0,0.0,0.0,0.0,0.0,0.0,0.0,0.0,0.0,0.0,0,0,0,0,0,0,0,,,,,,,,,,,
cpu,none,,0,resident,window_4096,65536,,,128,9,2.91239598300308,0,0,0,0.010079040000000001,262144,16384,,0.0625,,16.0,,,,,,4,,135791104,14755098624,0.0,0.0,0.0,0.0,0.0,0.0,0.0,0.0,0.0,0.0,0.0,0.0,0.0,0.0,0.0,0.0,0.0,0,0,0,0,0,0,0,,,,,,,,,,,
cpu,none,,0,resident,window_65536,1024,,,128,0,0.21293701138347387,0,0,0,0.00104491,4096,4062,,0.99169921875,,1.0083702609551946,,,,,,4010,,2122240,14755459072,0.0,0.0,0.0,0.0,0.0,0.0,0.0,0.0,0.0,0.0,0.0,0.0,0.0,0.0,0.0,0.0,0.0,0,0,0,0,0,0,0,,,,,,,,,,,
cpu,none,,0,resident,window_65536,1024,,,128,1,0.21045701578259468,0,0,0,0.00102301,4096,4056,,0.990234375,,1.009861932938856,,,,,,3995,,2122240,14755459072,0.0,0.0,0.0,0.0,0.0,0.0,0.0,0.0,0.0,0.0,0.0,0.0,0.0,0.0,0.0,0.0,0.0,0,0,0,0,0,0,0,,,,,,,,,,,
cpu,none,,0,resident,window_65536,1024,,,128,2,0.223145994823426,0,0,0,0.00104506,4096,4066,,0.99267578125,,1.0073782587309394,,,,,,4000,,2654720,14755459072,0.0,0.0,0.0,0.0,0.0,0.0,0.0,0.0,0.0,0.0,0.0,0.0,0.0,0.0,0.0,0.0,0.0,0,0,0,0,0,0,0,,,,,,,,,,,
cpu,none,,0,resident,window_65536,1024,,,128,3,0.21358701633289456,0,0,0,0.00102938,4096,4061,,0.991455078125,,1.0086185668554544,,,,,,4014,,2122240,14755459072,0.0,0.0,0.0,0.0,0.0,0.0,0.0,0.0,0.0,0.0,0.0,0.0,0.0,0.0,0.0,0.0,0.0,0,0,0,0,0,0,0,,,,,,,,,,,
cpu,none,,0,resident,window_65536,1024,,,128,4,0.20137702813372016,0,0,0,0.00089863,4096,4063,,0.991943359375,,1.008122077282796,,,,,,3989,,2122240,14755459072,0.0,0.0,0.0,0.0,0.0,0.0,0.0,0.0,0.0,0.0,0.0,0.0,0.0,0.0,0.0,0.0,0.0,0,0,0,0,0,0,0,,,,,,,,,,,
cpu,none,,0,resident,window_65536,1024,,,128,5,0.2102860016748309,0,0,0,0.0009601100000000001,4096,4066,,0.99267578125,,1.0073782587309394,,,,,,3991,,2122240,14755459072,0.0,0.0,0.0,0.0,0.0,0.0,0.0,0.0,0.0,0.0,0.0,0.0,0.0,0.0,0.0,0.0,0.0,0,0,0,0,0,0,0,,,,,,,,,,,
cpu,none,,0,resident,window_65536,1024,,,128,6,0.20245701307430863,0,0,0,0.00094701,4096,4064,,0.9921875,,1.0078740157480315,,,,,,3991,,2122240,14755459072,0.0,0.0,0.0,0.0,0.0,0.0,0.0,0.0,0.0,0.0,0.0,0.0,0.0,0.0,0.0,0.0,0.0,0,0,0,0,0,0,0,,,,,,,,,,,
cpu,none,,0,resident,window_65536,1024,,,128,7,0.21424703299999237,0,0,0,0.00102421,4096,4069,,0.993408203125,,1.0066355369869746,,,,,,4004,,2122240,14755459072,0.0,0.0,0.0,0.0,0.0,0.0,0.0,0.0,0.0,0.0,0.0,0.0,0.0,0.0,0.0,0.0,0.0,0,0,0,0,0,0,0,,,,,,,,,,,
cpu,none,,0,resident,window_65536,1024,,,128,8,0.20465702982619405,0,0,0,0.00096039,4096,4062,,0.99169921875,,1.0083702609551946,,,,,,3989,,2122240,14755459072,0.0,0.0,0.0,0.0,0.0,0.0,0.0,0.0,0.0,0.0,0.0,0.0,0.0,0.0,0.0,0.0,0.0,0,0,0,0,0,0,0,,,,,,,,,,,
cpu,none,,0,resident,window_65536,1024,,,128,9,0.2611459931358695,0,0,0,0.0020983,4096,4073,,0.994384765625,,1.005646943285048,,,,,,4003,,2654720,14755463168,0.0,0.0,0.0,0.0,0.0,0.0,0.0,0.0,0.0,0.0,0.0,0.0,0.0,0.0,0.0,0.0,0.0,0,0,0,0,0,0,0,,,,,,,,,,,
cpu,none,,0,resident,window_65536,8192,,,128,0,0.5870710010640323,0,0,0,0.00247304,32768,30805,,0.940093994140625,,1.06372342152248,,,,,,27252,,16974336,14755463168,0.0,0.0,0.0,0.0,0.0,0.0,0.0,0.0,0.0,0.0,0.0,0.0,0.0,0.0,0.0,0.0,0.0,0,0,0,0,0,0,0,,,,,,,,,,,
cpu,none,,0,resident,window_65536,8192,,,128,1,0.6873199599795043,0,0,0,0.0027146920000000003,32768,30786,,0.93951416015625,,1.0643799129474436,,,,,,27198,,16974336,14755463168,0.0,0.0,0.0,0.0,0.0,0.0,0.0,0.0,0.0,0.0,0.0,0.0,0.0,0.0,0.0,0.0,0.0,0,0,0,0,0,0,0,,,,,,,,,,,
cpu,none,,0,resident,window_65536,8192,,,128,2,0.684390019159764,0,0,0,0.00273351,32768,30757,,0.938629150390625,,1.06538348993725,,,,,,27096,,21234176,14755463168,0.0,0.0,0.0,0.0,0.0,0.0,0.0,0.0,0.0,0.0,0.0,0.0,0.0,0.0,0.0,0.0,0.0,0,0,0,0,0,0,0,,,,,,,,,,,
cpu,none,,0,resident,window_65536,8192,,,128,3,0.8347569964826107,0,0,0,0.003289621,32768,30775,,0.939178466796875,,1.0647603574329814,,,,,,27218,,21234176,14755463168,0.0,0.0,0.0,0.0,0.0,0.0,0.0,0.0,0.0,0.0,0.0,0.0,0.0,0.0,0.0,0.0,0.0,0,0,0,0,0,0,0,,,,,,,,,,,
cpu,none,,0,resident,window_65536,8192,,,128,4,0.6961789913475513,0,0,0,0.00282643,32768,30823,,0.940643310546875,,1.0631022288550758,,,,,,27323,,16974336,14755463168,0.0,0.0,0.0,0.0,0.0,0.0,0.0,0.0,0.0,0.0,0.0,0.0,0.0,0.0,0.0,0.0,0.0,0,0,0,0,0,0,0,,,,,,,,,,,
cpu,none,,0,resident,window_65536,8192,,,128,5,0.8276880253106356,0,0,0,0.00325486,32768,30803,,0.940032958984375,,1.0637924877447003,,,,,,27123,,21234176,14755463168,0.0,0.0,0.0,0.0,0.0,0.0,0.0,0.0,0.0,0.0,0.0,0.0,0.0,0.0,0.0,0.0,0.0,0,0,0,0,0,0,0,,,,,,,,,,,
cpu,none,,0,resident,window_65536,8192,,,128,6,0.6839000270701945,0,0,0,0.00270155,32768,30827,,0.940765380859375,,1.0629642845557465,,,,,,27278,,21234176,14755463168,0.0,0.0,0.0,0.0,0.0,0.0,0.0,0.0,0.0,0.0,0.0,0.0,0.0,0.0,0.0,0.0,0.0,0,0,0,0,0,0,0,,,,,,,,,,,
cpu,none,,0,resident,window_65536,8192,,,128,7,0.6701999809592962,0,0,0,0.00271969,32768,30720,,0.9375,,1.0666666666666667,,,,,,27171,,16974336,14755463168,0.0,0.0,0.0,0.0,0.0,0.0,0.0,0.0,0.0,0.0,0.0,0.0,0.0,0.0,0.0,0.0,0.0,0,0,0,0,0,0,0,,,,,,,,,,,
cpu,none,,0,resident,window_65536,8192,,,128,8,0.6359110120683908,0,0,0,0.00265152,32768,30797,,0.939849853515625,,1.0639997402344383,,,,,,27099,,16974336,14755463168,0.0,0.0,0.0,0.0,0.0,0.0,0.0,0.0,0.0,0.0,0.0,0.0,0.0,0.0,0.0,0.0,0.0,0,0,0,0,0,0,0,,,,,,,,,,,
cpu,none,,0,resident,window_65536,8192,,,128,9,0.6845199968665838,0,0,0,0.00265117,32768,30842,,0.94122314453125,,1.0624473121068672,,,,,,27185,,16974336,14755463168,0.0,0.0,0.0,0.0,0.0,0.0,0.0,0.0,0.0,0.0,0.0,0.0,0.0,0.0,0.0,0.0,0.0,0,0,0,0,0,0,0,,,,,,,,,,,
cpu,none,,0,resident,window_65536,65536,,,128,0,3.3423799904994667,0,0,0,0.011738185,262144,165856,,0.6326904296875,,1.580551803974532,,,,,,61164,,135791104,14755463168,0.0,0.0,0.0,0.0,0.0,0.0,0.0,0.0,0.0,0.0,0.0,0.0,0.0,0.0,0.0,0.0,0.0,0,0,0,0,0,0,0,,,,,,,,,,,
cpu,none,,0,resident,window_65536,65536,,,128,1,3.441797976847738,0,0,0,0.010990493,262144,165959,,0.6330833435058594,,1.579570857862484,,,,,,60814,,135791104,14755463168,0.0,0.0,0.0,0.0,0.0,0.0,0.0,0.0,0.0,0.0,0.0,0.0,0.0,0.0,0.0,0.0,0.0,0,0,0,0,0,0,0,,,,,,,,,,,
cpu,none,,0,resident,window_65536,65536,,,128,2,3.3413900528103113,0,0,0,0.011204643,262144,165848,,0.632659912109375,,1.580628044956828,,,,,,60850,,135791104,14755463168,0.0,0.0,0.0,0.0,0.0,0.0,0.0,0.0,0.0,0.0,0.0,0.0,0.0,0.0,0.0,0.0,0.0,0,0,0,0,0,0,0,,,,,,,,,,,
cpu,none,,0,resident,window_65536,65536,,,128,3,2.4738929932937026,0,0,0,0.008635454,262144,166012,,0.6332855224609375,,1.5790665735007108,,,,,,60943,,101712384,14755463168,0.0,0.0,0.0,0.0,0.0,0.0,0.0,0.0,0.0,0.0,0.0,0.0,0.0,0.0,0.0,0.0,0.0,0,0,0,0,0,0,0,,,,,,,,,,,
cpu,none,,0,resident,window_65536,65536,,,128,4,3.3521290170028806,0,0,0,0.011222203,262144,165653,,0.6319160461425781,,1.5824886962505962,,,,,,61016,,135791104,14755463168,0.0,0.0,0.0,0.0,0.0,0.0,0.0,0.0,0.0,0.0,0.0,0.0,0.0,0.0,0.0,0.0,0.0,0,0,0,0,0,0,0,,,,,,,,,,,
cpu,none,,0,resident,window_65536,65536,,,128,5,3.3026200253516436,0,0,0,0.011297204,262144,165510,,0.6313705444335938,,1.5838559603649327,,,,,,61220,,135791104,14755463168,0.0,0.0,0.0,0.0,0.0,0.0,0.0,0.0,0.0,0.0,0.0,0.0,0.0,0.0,0.0,0.0,0.0,0,0,0,0,0,0,0,,,,,,,,,,,
cpu,none,,0,resident,window_65536,65536,,,128,6,3.3057499676942825,0,0,0,0.010785013999999999,262144,165794,,0.6324539184570312,,1.581142864036093,,,,,,61155,,135791104,14755463168,0.0,0.0,0.0,0.0,0.0,0.0,0.0,0.0,0.0,0.0,0.0,0.0,0.0,0.0,0.0,0.0,0.0,0,0,0,0,0,0,0,,,,,,,,,,,
cpu,none,,0,resident,window_65536,65536,,,128,7,3.341600007843226,0,0,0,0.011779062,262144,165392,,0.63092041015625,,1.5849859727193576,,,,,,60775,,135791104,14755463168,0.0,0.0,0.0,0.0,0.0,0.0,0.0,0.0,0.0,0.0,0.0,0.0,0.0,0.0,0.0,0.0,0.0,0,0,0,0,0,0,0,,,,,,,,,,,
cpu,none,,0,resident,window_65536,65536,,,128,8,2.3773739812895656,0,0,0,0.007756794,262144,165709,,0.6321296691894531,,1.5819539071504867,,,,,,60901,,135791104,14755463168,0.0,0.0,0.0,0.0,0.0,0.0,0.0,0.0,0.0,0.0,0.0,0.0,0.0,0.0,0.0,0.0,0.0,0,0,0,0,0,0,0,,,,,,,,,,,
cpu,none,,0,resident,window_65536,65536,,,128,9,4.462913027964532,0,0,0,0.016355404,262144,165707,,0.6321220397949219,,1.5819730005370927,,,,,,61063,,169869824,14755463168,0.0,0.0,0.0,0.0,0.0,0.0,0.0,0.0,0.0,0.0,0.0,0.0,0.0,0.0,0.0,0.0,0.0,0,0,0,0,0,0,0,,,,,,,,,,,
tiledb,rank,256,0,cold,random,1024,,,128,0,1315.6408479553647,7191769088,7191769088,7191769088,2.7602885649999997,4096,4095,,0.999755859375,,1.0002442002442002,,,,,,4095,4062,2167808,6220312576,0.192577,0.034399,0.04368,0.014319,0.00657,1311.424101,0.00263,0.0,0.0,0.131098,0.161948,1298.215869,0.0,0.058769,0.115368,3.32827,0.015469,1021,1020,1020,1,8160,522240,522240,0.8039679999999999,0.503752,1.18798,1210.5,7.763660000000001,0.15229800000000002,1298.14,1020,992,99,1751418336
tiledb,rank,256,0,cold,random,1024,,,128,1,1316.1955690011382,7228514304,7228514304,7228514304,2.784313726,4096,4096,,1.0,,1.0,,,,,,4096,4057,2163712,6220566528,0.168378,0.033429,0.042219,0.01332,0.0073,1315.340692,0.01301,0.0,0.0,0.11548800000000001,0.128508,1303.51353,0.0,0.061869,0.044319,0.085738,0.01551,1006,1006,1005,1,8048,515072,515072,0.8655769999999999,0.554244,1.2419799999999999,1214.26,7.02276,0.158128,1303.45,1005,980,95,1792716096
tiledb,rank,256,0,cold,random,1024,,,128,2,1318.791700003203,7249047552,7249047552,7249047552,2.7879015110000003,4096,4095,,0.999755859375,,1.0002442002442002,,,,,,4095,4068,2189312,6220890112,0.217437,0.034979,0.04269,0.013369,0.00735,1314.226449,0.03617,0.0,0.0,0.137648,0.124718,1290.374457,0.0,0.059699,0.044399,3.746033,0.01565,993,993,993,1,7944,508416,508416,0.8723169999999999,0.57187,1.2935699999999999,1213.7199999999998,9.63957,0.15642799999999998,1290.3,993,960,94,1713135968
tiledb,rank,256,0,cold,random,1024,,,128,3,1311.0072670388035,7127629824,7127629824,7127629824,2.769312618,4096,4096,,1.0,,1.0,,,,,,4096,4067,2155520,6221000704,0.175298,0.03424,0.044789,0.01284,0.00639,1304.804,0.00241,0.0,0.0,0.126199,0.155267,1290.917469,0.0,0.061509,0.04488,5.429238,0.01572,1018,1018,1018,1,8144,521216,521216,0.980685,0.6490940000000001,1.41845,1201.9599999999998,7.19164,0.179567,1290.83,1018,991,95,1758366848
tiledb,rank,256,0,cold,random,1024,,,128,4,1303.0238369829021,7118905344,7118905344,7118905344,2.755213515,4096,4096,,1.0,,1.0,,,,,,4096,4060,2169856,6221037568,0.149368,0.03488,0.042839,0.0131,0.00643,1300.217889,0.00223,0.0,0.0,0.11171799999999998,0.136068,1286.336718,0.0,0.062019,0.046199,2.061729,0.016189,1020,1020,1019,1,8160,522240,522240,0.892167,0.513973,1.29974,1200.34,7.16932,0.15550699999999998,1286.26,1019,976,96,1739618976
tiledb,rank,256,0,cold,random,1024,,,128,5,1309.4892899971455,7199719424,7199719424,7199719424,2.866006226,4096,4096,,1.0,,1.0,,,,,,4096,4071,2180096,6221201408,0.161187,0.034319,0.04173,0.01281,0.00801,1305.581108,0.029079,0.0,0.0,0.11035800000000001,0.205427,1291.51512,0.0,0.058649,0.119078,3.088303,0.01653,1045,1045,1045,1,8360,535040,535040,1.1829500000000002,0.754299,1.60109,1204.08,6.679659999999999,0.144968,1291.45,1045,1012,94,1748402944
tiledb,rank,256,0,cold,random,1024,,,128,6,1315.9634729963727,7182450688,7182450688,7182450688,2.793968355,4096,4096,,1.0,,1.0,,,,,,4096,4062,2180608,6221217792,0.168787,0.033869,0.04331,0.011229,0.00737,1315.129725,0.02072,0.0,0.0,0.112888,0.188947,1301.724147,0.0,0.065679,0.0448,0.081749,0.014329,1008,1008,1008,1,8064,516096,516096,1.01713,0.634861,1.48086,1213.29,7.2695,0.158817,1301.6499999999999,1008,981,95,1768199648
tiledb,rank,256,0,cold,random,1024,,,128,7,1295.8031760063022,7123214336,7123214336,7123214336,2.759067067,4096,4096,,1.0,,1.0,,,,,,4095,4065,2173952,6221332480,0.142828,0.03498,0.041909,0.01261,0.00743,1291.711427,0.019469,0.0,0.0,0.114529,0.134898,1281.641298,0.0,0.056819,0.045119,3.353379,0.01543,1034,1034,1034,1,8272,529408,529408,1.25753,0.7741669999999999,1.6908699999999999,1192.52,6.76661,0.17904699999999998,1281.5700000000002,1034,990,95,1745649760
tiledb,rank,256,0,cold,random,1024,,,128,8,1316.7204419733025,7231053824,7231053824,7231053824,2.846301006,4096,4096,,1.0,,1.0,,,,,,4096,4066,2195456,6221410304,0.157778,0.034249,0.04304,0.01232,0.0067,1313.639008,0.01639,0.0,0.0,0.117588,0.126568,1300.919349,0.0,0.063989,0.046159,2.313495,0.01522,1022,1022,1021,1,8176,523264,523264,1.0476400000000001,0.662593,1.52183,1212.9,7.21819,0.153717,1300.84,1021,989,95,1776196992
tiledb,rank,256,0,cold,random,1024,,,128,9,1316.6007929830812,7232151552,7232151552,7232151552,2.784444606,4096,4096,,1.0,,1.0,,,,,,4096,4064,2198528,6221688832,0.147997,0.03496,0.040409,0.01349,0.01371,1303.295563,0.018819,0.0,0.0,0.120618,0.128148,1289.487231,0.0,0.062959,0.044569,12.553471,0.01575,973,973,973,1,7784,498176,498176,0.999955,0.651401,1.42647,1205.46,5.91197,0.185207,1289.42,973,947,94,1739225664
tiledb,rank,256,0,cold,random,8192,,,128,0,1627.9722710023634,8460746752,8460746752,8460746752,5.378421968,32768,32755,,0.999603271484375,,1.0003968859716075,,,,,,32736,30786,17230336,6294212608,0.259116,0.091968,0.03872,0.01478,0.00733,1609.950121,0.010049,0.0,0.0,0.24642599999999998,1.079634,1519.316805,0.0,0.125589,0.125038,16.884536,0.01812,8245,8232,8214,1,65856,4214784,4214784,2.84243,1.7367599999999999,5.40218,1414.15,35.452600000000004,0.9490259999999999,1519.04,8214,6450,97,2077998400
tiledb,rank,256,0,cold,random,8192,,,128,1,1598.0215710005723,8446230528,8446230528,8446230528,5.270332213,32768,32756,,0.9996337890625,,1.0003663450970814,,,,,,32741,30768,17276928,6298304512,0.253686,0.092329,0.038049,0.01287,0.00912,1596.875038,0.054489,0.0,0.0,0.316725,0.982125,1507.116329,0.0,0.125499,0.048039,0.180637,0.01802,8124,8118,8105,1,64944,4156416,4156416,2.27618,1.6161299999999998,4.68401,1394.0600000000002,38.238800000000005,0.850007,1506.69,8105,6383,97,2071967616
tiledb,rank,256,0,cold,random,8192,,,128,2,1629.6250259620138,8462651392,8462651392,8462651392,5.466436239,32768,32755,,0.999603271484375,,1.0003968859716075,,,,,,32742,30831,17297408,6300274688,0.263186,0.091859,0.038269,0.01463,0.00832,1613.523848,0.056079,0.0,0.0,0.316295,0.969835,1520.268351,0.0,0.125448,0.050509,15.117622,0.01794,8194,8184,8169,1,65472,4190208,4190208,2.64715,1.814,5.29698,1416.6799999999998,37.6083,1.35042,1520.07,8169,6515,99,2073934176
tiledb,rank,256,0,cold,random,8192,,,128,3,1600.3416359890252,8447778816,8447778816,8447778816,5.590400747,32768,32764,,0.9998779296875,,1.0001220852154804,,,,,,32746,30786,17279488,6300573696,0.306096,0.090429,0.035899,0.01375,0.00713,1590.100021,0.039819,0.0,0.0,0.232697,0.925066,1501.548752,0.0,0.126738,0.049899,9.211552,0.017759,8112,8104,8091,1,64832,4149248,4149248,2.6387,1.75028,5.266640000000001,1384.86,34.5497,0.982204,1501.3600000000001,8091,6377,97,2072754240
tiledb,rank,256,0,cold,random,8192,,,128,4,1583.712066989392,8452182016,8452182016,8452182016,5.362006005,32768,32757,,0.999664306640625,,1.0003358060872485,,,,,,32746,30766,17221120,6301667328,0.249287,0.093409,0.037399,0.01418,0.00905,1582.487245,0.057209,0.0,0.0,0.246207,1.025504,1495.311646,0.0,0.125018,0.122138,0.179678,0.018329,8158,8151,8132,1,65208,4173312,4173312,2.61091,1.76732,5.2149,1376.46,34.5388,1.12009,1495.04,8132,6379,99,2077605088
tiledb,rank,256,0,cold,random,8192,,,128,5,1592.171729018446,8450895872,8450895872,8450895872,4.851363329,32768,32755,,0.999603271484375,,1.0003968859716075,,,,,,32745,30774,17242624,6301888512,0.252896,0.093998,0.03783,0.01248,0.00874,1582.627412,0.009659,0.0,0.0,0.241047,1.061404,1490.954411,0.0,0.126198,0.04944,8.567831,0.018,8128,8119,8106,1,64952,4156928,4156928,2.32709,1.66739,4.9563999999999995,1404.07,35.698800000000006,1.24127,1490.72,8106,6384,99,2077211776
tiledb,rank,256,0,cold,random,8192,,,128,6,1580.1617900142446,8450392064,8450392064,8450392064,5.111004543,32768,32761,,0.999786376953125,,1.0002136686914318,,,,,,32749,30784,17295872,6302449664,0.233967,0.094099,0.037889,0.01358,0.00854,1575.848785,0.048199,0.0,0.0,0.237236,1.001135,1483.263097,0.0,0.125328,0.050769,3.35314,0.01741,8314,8304,8294,1,66432,4251648,4251648,2.91392,1.7900500000000001,5.71467,1381.79,38.411300000000004,1.12349,1483.05,8294,6499,97,2078785024
tiledb,rank,256,0,cold,random,8192,,,128,7,1554.8649299889803,8458686464,8458686464,8458686464,5.285770604,32768,32759,,0.999725341796875,,1.0002747336609787,,,,,,32739,30755,17252864,6304206848,0.251176,0.091639,0.039259,0.01266,0.0082,1551.750917,0.054939,0.0,0.0,0.240556,1.039144,1466.806585,0.0,0.127918,0.051489,2.138618,0.01706,8271,8263,8241,1,66104,4230656,4230656,2.9996300000000002,1.7593,5.74154,1365.51,32.760200000000005,1.3146,1466.6,8241,6496,96,2073409760
tiledb,rank,256,0,cold,random,8192,,,128,8,1549.894435040187,8458874880,8458874880,8458874880,5.061329113999999,32768,32760,,0.999755859375,,1.0002442002442002,,,,,,32742,30702,17263616,6304722944,0.222407,0.094599,0.036929,0.01308,0.00863,1548.767192,0.057739,0.0,0.0,0.249506,0.999365,1470.574378,0.0,0.126958,0.050519,0.182147,0.01758,8284,8271,8253,1,66168,4234752,4234752,2.7860300000000002,1.74183,5.406499999999999,1370.05,35.7434,0.8528570000000001,1470.36,8253,6513,98,2079309440
tiledb,rank,256,0,cold,random,8192,,,128,9,1595.5460790428333,8465817600,8465817600,8465817600,5.0268596290000005,32768,32763,,0.999847412109375,,1.0001526111772425,,,,,,32736,30890,17277440,6318157824,0.236227,0.093549,0.036489,0.01338,0.00826,1594.322867,0.056739,0.0,0.0,0.316176,1.029844,1499.054219,0.0,0.126648,0.050009,0.180407,0.01776,8293,8289,8272,1,66312,4243968,4243968,2.90107,1.77104,5.437670000000001,1409.97,40.9347,1.12565,1498.6999999999998,8272,6523,98,2076556256
tiledb,rank,256,0,cold,random,65536,,,128,0,2202.1730370470323,8591900672,8591900672,8591900672,30.55347858,262144,261627,,0.9980278015136719,,1.0019760957393542,,,,,,260583,165439,137551872,6560915456,0.256426,0.087829,0.037809,0.01402,0.01669,2199.746913,0.052169,0.0,0.0,2.00136,7.896681,2137.178315,0.0,0.634711,0.069549,0.864557,0.030749,65505,64996,63975,1,519968,33277952,33277952,13.6034,9.6943,29.8397,1303.43,297.429,5.94161,2135.83,63975,16087,25,2147614624
tiledb,rank,256,0,cold,random,65536,,,128,1,2139.0314159798436,8592031744,8592031744,8592031744,30.393951473999998,262144,261609,,0.9979591369628906,,1.0020450366768727,,,,,,260581,165709,137506304,6562983936,0.307435,0.085379,0.038749,0.01367,0.01712,2136.505274,0.068729,0.0,0.0,1.290561,7.931571,2058.693074,0.0,0.636831,0.146048,0.866027,0.029889,65843,65333,64278,1,522664,33450496,33450496,12.2062,8.56807,27.0732,1279.03,239.974,88.9762,2057.4300000000003,64278,16081,25,2147614624
tiledb,rank,256,0,cold,random,65536,,,128,2,2139.744165004231,8591900672,8591900672,8591900672,30.282374295,262144,261642,,0.9980850219726562,,1.0019186522041568,,,,,,260678,165881,137528832,6572507136,0.298865,0.085739,0.043359,0.01415,0.016319,2137.268803,0.067699,0.0,0.0,1.2738610000000001,8.289875,2058.35096,0.0,0.65672,0.070069,0.867737,0.030259,65372,64861,63903,1,518888,33208832,33208832,11.828999999999999,8.21308,30.8428,1300.78,303.633,3.5669299999999997,2057.0400000000004,63903,16074,25,2147745728
tiledb,rank,256,0,cold,random,65536,,,128,3,2243.094702018425,8592031744,8592031744,8592031744,30.950778012,262144,261637,,0.9980659484863281,,1.0019377993173748,,,,,,260688,165768,137579520,6569164800,0.310475,0.088949,0.037819,0.01324,0.01754,2240.633448,0.054139,0.0,0.0,2.168968,7.441738,2155.43039,0.0,0.636691,0.070909,0.878327,0.030489,65922,65436,64446,1,523488,33503232,33503232,17.2563,13.548,37.315599999999996,1332.84,269.27099999999996,86.78320000000001,2153.46,64446,16098,25,2147876832
tiledb,rank,256,0,cold,random,65536,,,128,4,2111.332632950507,8591900672,8591900672,8591900672,29.959470179,262144,261619,,0.9979972839355469,,1.0020067349848443,,,,,,260580,165843,137348608,6574837760,0.308406,0.087559,0.036829,0.01341,0.01679,2108.812031,0.066259,0.0,0.0,2.149387,7.301961,2041.106889,0.0,0.63677,0.144838,0.865197,0.03046,65555,65063,64038,1,520504,33312256,33312256,13.0092,9.53807,29.2343,1287.07,231.43800000000002,6.8842799999999995,2039.85,64038,16071,25,2147876832
tiledb,rank,256,0,cold,random,65536,,,128,5,2245.883359981235,8592031744,8592031744,8592031744,30.818836564,262144,261647,,0.9981040954589844,,1.0018995058227307,,,,,,260634,165636,137368064,6569709568,0.266166,0.088469,0.038549,0.01416,0.01706,2243.380937,0.079419,0.0,0.0,1.34278,6.63902,2153.612197,0.0,0.63138,0.145288,0.883427,0.03211,65539,65060,64087,1,520480,33310720,33310720,17.7108,13.323400000000001,37.1522,1362.43,261.25100000000003,6.51107,2151.63,64087,16089,25,2148007936
tiledb,rank,256,0,cold,random,65536,,,128,6,2134.052690991666,8591900672,8591900672,8591900672,30.273335671,262144,261607,,0.9979515075683594,,1.0020526973666606,,,,,,260609,165752,137446912,6570905600,0.314736,0.084469,0.039739,0.014,0.01683,2131.596738,0.051089,0.0,0.0,1.340549,7.635756,2060.016464,0.0,0.627951,0.070999,0.882637,0.029869,65212,64693,63685,1,517544,33122816,33122816,14.0455,10.4473,29.6018,1294.3400000000001,312.835,2.7032599999999998,2058.78,63685,16101,25,2147352416
tiledb,rank,256,0,cold,random,65536,,,128,7,2105.064547038637,8591900672,8591900672,8591900672,30.070147182,262144,261597,,0.9979133605957031,,1.0020910025726595,,,,,,260572,165807,137393664,6571544576,0.307495,0.089899,0.037579,0.01265,0.01711,2102.599754,0.346204,0.0,0.0,1.35022,7.351829,2011.320767,0.0,0.6318,0.069919,0.885097,0.03148,65589,65085,64054,1,520680,33323520,33323520,15.837,12.389600000000002,35.128899999999994,1212.98,245.288,6.36999,2010.0699999999997,64054,16082,25,2147876832
tiledb,rank,256,0,cold,random,65536,,,128,8,2133.0776359536685,8592031744,8592031744,8592031744,30.174334983999998,262144,261629,,0.9980354309082031,,1.0019684362207553,,,,,,260622,165795,137432064,6572544000,0.277616,0.085399,0.03883,0.013569,0.01696,2130.642893,0.086539,0.0,0.0,1.28596,7.763304,2062.211352,0.0,0.63329,0.070719,0.881017,0.0298,65838,65342,64347,1,522736,33455104,33455104,11.3693,7.77885,26.168400000000002,1304.3700000000001,306.245,2.7288799999999998,2060.93,64347,16091,25,2147876832
tiledb,rank,256,0,cold,random,65536,,,128,9,2087.743008043617,8591900672,8591900672,8591900672,29.731175851,262144,261633,,0.9980506896972656,,1.0019531175348675,,,,,,260582,166024,137373696,6572896256,0.279726,0.084259,0.037569,0.01399,0.01651,2085.326524,0.052149,0.0,0.0,1.30268,7.398369,2019.09947,0.0,0.63137,0.069889,0.866587,0.02753,65478,64947,63974,1,519576,33252864,33252864,14.4837,10.6451,32.775,1238.6200000000001,295.634,3.3158499999999997,2016.86,63974,16074,25,2148007936
tiledb,rank,256,0,cold,window_256,1024,,,128,0,2.677840006072074,3002368,3002368,3002368,0.012609334,4096,1002,,0.24462890625,,4.087824351297405,,,,,,25,8,3136000,6437908480,0.167828,0.03257,0.033959,0.03394,0.00631,1.257881,0.00155,0.0,0.0,0.047258999999999995,0.00445,0.910996,0.0,0.01603,0.022149,0.960496,0.011639,1024,254,3,1,2032,130048,130048,0.189808,0.121159,0.230797,0.453013,0.078139,0.031979,0.883737,3,2,1,262208
tiledb,rank,256,0,cold,window_256,1024,,,128,1,1.970430021174252,3026944,3026944,3026944,0.00979649,4096,1009,,0.246337890625,,4.059464816650149,,,,,,18,8,2445824,6437769216,0.114858,0.031219,0.03243,0.00836,0.006099,1.33079,0.00104,0.0,0.0,0.04497,0.00623,1.000885,0.0,0.01561,0.02116,0.280586,0.011129,1024,251,5,1,2008,128512,128512,0.24827699999999997,0.16386699999999998,0.291006,0.5085919999999999,0.06179899999999999,0.02948,0.976836,5,2,1,262208
tiledb,rank,256,0,cold,window_256,1024,,,128,2,1.8109430093318224,3018752,3018752,3018752,0.008971,4096,1007,,0.245849609375,,4.067527308838133,,,,,,20,8,1752064,6437675008,0.113338,0.03273,0.036479,0.00946,0.00719,1.394799,0.00096,0.0,0.0,0.066169,0.00701,1.044814,0.0,0.01639,0.022379,0.051909,0.01109,1024,252,5,1,2016,129024,129024,0.305746,0.18710800000000002,0.349415,0.457603,0.066259,0.033109,1.01289,5,2,1,262208
tiledb,rank,256,0,cold,window_256,1024,,,128,3,1.9495509914122522,2981888,2981888,2981888,0.009167393999999999,4096,1010,,0.24658203125,,4.0554455445544555,,,,,,18,8,2446336,6437683200,0.106958,0.03208,0.027679,0.0081,0.00618,1.197622,0.00103,0.0,0.0,0.026449,0.00269,1.009115,0.0,0.01458,0.019939,0.410504,0.01098,1024,253,4,1,2024,129536,129536,0.187347,0.12697699999999998,0.223377,0.594081,0.073859,0.027509,0.9911550000000001,4,2,1,262208
tiledb,rank,256,0,cold,window_256,1024,,,128,4,1.8002729630097747,3010560,3010560,3010560,0.008672887,4096,1007,,0.245849609375,,4.067527308838133,,,,,,20,8,2447872,6437679104,0.106698,0.032549,0.02784,0.00835,0.0061,1.204652,0.00126,0.0,0.0,0.025359,0.00335,1.019665,0.0,0.014719,0.02028,0.252826,0.01091,1024,251,6,1,2008,128512,128512,0.24629600000000001,0.163156,0.283006,0.5503119999999999,0.07511899999999999,0.027529,1.00179,6,2,1,262208
tiledb,rank,256,0,cold,window_256,1024,,,128,5,1.948271004948765,2990080,2990080,2990080,0.010072582,4096,1009,,0.246337890625,,4.059464816650149,,,,,,19,8,2446848,6437679104,0.109099,0.032449,0.03254,0.008149,0.00631,1.542547,0.00134,0.0,0.0,0.040679999999999994,0.0054,1.28287,0.0,0.01796,0.0236,0.058849,0.01108,2048,503,11,1,4024,257536,257536,0.410974,0.282205,0.468103,0.552041,0.080599,0.027100000000000003,1.25496,11,4,2,524416
tiledb,rank,256,0,cold,window_256,1024,,,128,6,2.814916952047497,3096576,3096576,3096576,0.010848525,4096,1006,,0.24560546875,,4.071570576540755,,,,,,22,8,2444288,6439751680,0.117488,0.032709,0.02966,0.999455,0.01188,1.413658,0.00438,0.0,0.0,0.032859,0.00503,1.157803,0.0,0.0192,0.027,0.047109,0.01073,2048,501,13,1,4008,256512,256512,0.372904,0.262986,0.41497399999999995,0.471603,0.080799,0.049428999999999994,1.13734,13,4,2,524416
tiledb,rank,256,0,cold,window_256,1024,,,128,7,2.264196053147316,2998272,2998272,2998272,0.010524234,4096,1012,,0.2470703125,,4.047430830039525,,,,,,16,8,3142144,6439759872,0.119808,0.0,0.0,0.00801,0.0,0.0002,0.0,0.0,0.0,0.0,0.0,0.0,0.0,0.0,0.0,2.045579,0.01036,0,0,0,0,0,0,0,0.0,0.0,0.0,0.0,0.0,0.0,0.0,0,0,0,0
tiledb,rank,256,0,cold,window_256,1024,,,128,8,2.2422869806177914,3112960,3112960,3112960,0.010701726,4096,1008,,0.24609375,,4.063492063492063,,,,,,19,8,3139584,6439739392,0.094358,0.029459,0.02693,0.00822,0.00501,1.040244,0.00121,0.0,0.0,0.025689,0.00266,0.850978,0.0,0.01492,0.01886,0.880886,0.011,1024,253,4,1,2024,129536,129536,0.205377,0.133477,0.249336,0.428183,0.053878999999999996,0.02681,0.833158,4,2,1,262208
tiledb,rank,256,0,cold,window_256,1024,,,128,9,1.7797930049709976,2981888,2981888,2981888,0.00913141,4096,1006,,0.24560546875,,4.071570576540755,,,,,,22,8,2444800,6439706624,0.116959,0.02965,0.02645,0.008209,0.00459,1.132233,0.00146,0.0,0.0,0.02599,0.00292,0.946866,0.0,0.0137,0.01944,0.317475,0.0109,1024,252,5,1,2016,129024,129024,0.241816,0.14613,0.275545,0.481492,0.068019,0.02836,0.928476,5,2,1,262208
tiledb,rank,256,0,cold,window_256,8192,,,128,0,1.900252013001591,2998272,2998272,2998272,0.008242784,32768,1024,,0.03125,,32.0,,,,,,4,8,17912832,6440030208,0.165698,0.085728,0.02865,0.0081,0.00734,0.951135,0.00118,0.0,0.0,0.025058999999999998,0.00187,0.769239,0.0,0.01612,0.02542,0.493012,0.01319,8192,256,1,1,2048,131072,131072,0.069359,0.03709,0.10275799999999999,0.482672,0.068259,0.03461,0.7526590000000001,1,2,1,262208
tiledb,rank,256,0,cold,window_256,8192,,,128,1,3.329119994305074,5963776,5963776,5963776,0.011332976,32768,1024,,0.03125,,32.0,,,,,,4,8,17912832,6440271872,0.159928,0.088098,0.02901,0.00854,0.00695,1.256251,0.00127,0.0,0.0,0.025059,0.00231,1.042154,0.0,0.017409,0.02495,1.610016,0.01321,16384,512,2,1,4096,262144,262144,0.146078,0.092948,0.176297,0.65774,0.074509,0.02596,1.02471,2,4,2,524416
tiledb,rank,256,0,cold,window_256,8192,,,128,2,1.8844709848053753,3063808,3063808,3063808,0.00802216,32768,1024,,0.03125,,32.0,,,,,,4,8,17912832,6440128512,0.179157,0.0,0.0,0.00787,0.0,0.0002,0.0,0.0,0.0,0.0,0.0,0.0,0.0,0.0,0.0,1.599536,0.012029,0,0,0,0,0,0,0,0.0,0.0,0.0,0.0,0.0,0.0,0.0,0,0,0,0
tiledb,rank,256,0,cold,window_256,8192,,,128,3,2.038670005276799,3018752,3018752,3018752,0.009853524,32768,1024,,0.03125,,32.0,,,,,,4,8,17912832,6440267776,0.163058,0.087558,0.03003,0.00858,0.00702,1.255281,0.00147,0.0,0.0,0.024119,0.00221,1.045165,0.0,0.0177,0.024959,0.317245,0.01296,16384,512,2,1,4096,262144,262144,0.162438,0.117778,0.200067,0.590011,0.093638,0.0352,1.02735,2,4,2,524416
tiledb,rank,256,0,cold,window_256,8192,,,128,4,1.933799998369068,2994176,2994176,2994176,0.008277554,32768,1024,,0.03125,,32.0,,,,,,4,8,17912832,6440112128,0.165327,0.087869,0.026939,0.00891,0.00637,1.060624,0.00106,0.0,0.0,0.024789,0.00177,0.871157,0.0,0.01452,0.024189,0.411844,0.01273,8192,256,1,1,2048,131072,131072,0.065619,0.043729000000000004,0.097989,0.579081,0.066259,0.02751,0.854337,1,2,1,262208
tiledb,rank,256,0,cold,window_256,8192,,,128,5,1.988889998756349,2994176,2994176,2994176,0.008449762,32768,1024,,0.03125,,32.0,,,,,,4,8,17912832,6440087552,0.174947,0.085828,0.02645,0.00815,0.00609,1.197142,0.00124,0.0,0.0,0.024519,0.00246,0.989475,0.0,0.017039,0.0254,0.321655,0.01229,16384,512,2,1,4096,262144,262144,0.16133799999999998,0.107818,0.20146699999999998,0.565421,0.07711900000000001,0.031,0.972445,2,4,2,524416
tiledb,rank,256,0,cold,window_256,8192,,,128,6,2.167347993236035,3031040,3031040,3031040,0.00951802,32768,1024,,0.03125,,32.0,,,,,,4,8,22633472,6440214528,0.156638,0.0,0.0,0.00833,0.0,0.00021,0.0,0.0,0.0,0.0,0.0,0.0,0.0,0.0,0.0,1.886681,0.01194,0,0,0,0,0,0,0,0.0,0.0,0.0,0.0,0.0,0.0,0.0,0,0,0,0
tiledb,rank,256,0,cold,window_256,8192,,,128,7,2.1931969677098095,3055616,3055616,3055616,0.009959434,32768,1024,,0.03125,,32.0,,,,,,4,8,22633472,6440185856,0.162158,0.073439,0.027079,0.00828,0.00705,1.32645,0.00169,0.0,0.0,0.0242,0.00256,1.099073,0.0,0.01998,0.026389,0.408414,0.01317,24576,768,3,1,6144,393216,393216,0.185028,0.12411,0.218307,0.585781,0.106028,0.061609,1.08303,3,6,3,786624
tiledb,rank,256,0,cold,window_256,8192,,,128,8,2.0126000163145363,2990080,2990080,2990080,0.008836843,32768,1024,,0.03125,,32.0,,,,,,4,8,17912832,6440062976,0.168877,0.086829,0.026339,0.00854,0.0061,1.266431,0.00152,0.0,0.0,0.024599999999999997,0.00221,1.065424,0.0,0.0172,0.02478,0.280636,0.01241,16384,512,2,1,4096,262144,262144,0.15853699999999998,0.119259,0.201737,0.628571,0.07121899999999999,0.03077,1.0483,2,4,2,524416
tiledb,rank,256,0,cold,window_256,8192,,,128,9,1.8866320024244487,3022848,3022848,3022848,0.007881734,32768,1024,,0.03125,,32.0,,,,,,4,8,13192192,6439890944,0.164188,0.087489,0.02747,0.008019,0.00703,1.139963,0.00105,0.0,0.0,0.02388,0.00176,0.960255,0.0,0.01433,0.02369,0.289816,0.01263,8192,256,1,1,2048,131072,131072,0.072259,0.04786,0.11842799999999999,0.6652,0.061349,0.029589999999999998,0.943155,1,2,1,262208
tiledb,rank,256,0,cold,window_256,65536,,,128,0,4.2248570243828,3035136,3035136,3035136,0.018394628,262144,1024,,0.00390625,,256.0,,,,,,4,8,218703872,6440308736,0.200477,0.091509,0.030019,0.00818,0.00691,1.503988,0.00537,0.0,0.0,0.02378,0.00303,1.249771,0.0,0.021739,0.090179,2.136558,0.030909,262144,1024,4,1,8192,524288,524288,0.206957,0.13766799999999998,0.244687,0.722769,0.10682900000000001,0.023539,1.23296,4,8,4,1048832
tiledb,rank,256,0,cold,window_256,65536,,,128,1,3.3243810175918043,2990080,2990080,2990080,0.013821785,262144,1024,,0.00390625,,256.0,,,,,,4,8,143177728,6441320448,0.175917,0.076089,0.028649,0.00823,0.0069,0.904136,0.00139,0.0,0.0,0.02447,0.001959,0.69624,0.0,0.01519,0.03246,1.937291,0.02496,65536,256,1,1,2048,131072,131072,0.059819,0.040749,0.094529,0.431144,0.059509,0.025389000000000002,0.6786099999999999,1,2,1,262208
tiledb,rank,256,0,cold,window_256,65536,,,128,2,4.31785499677062,3035136,3035136,3035136,0.015247303,262144,1024,,0.00390625,,256.0,,,,,,4,8,143177728,6441312256,0.182387,0.355624,0.0293,0.00892,0.007149,1.210342,0.00154,0.0,0.0,0.025,0.00257,0.975936,0.0,0.01851,0.054509,2.308535,0.0246,131072,512,2,1,4096,262144,262144,0.176577,0.138877,0.246396,0.521902,0.074679,0.02705,0.959596,2,4,2,524416
tiledb,rank,256,0,cold,window_256,65536,,,128,3,4.018570005428046,3080192,3080192,3080192,0.014873523,262144,1024,,0.00390625,,256.0,,,,,,4,8,143177728,6441304064,0.185417,0.083759,0.02845,0.008099,0.00692,1.250232,0.00148,0.0,0.0,0.024310000000000002,0.00254,1.035234,0.0,0.017859,0.05798,2.241057,0.025039,131072,512,2,1,4096,262144,262144,0.171237,0.13080899999999998,0.22542600000000002,0.557142,0.085748,0.04078,1.01764,2,4,2,524416
tiledb,rank,256,0,cold,window_256,65536,,,128,4,3.424429043661803,3006464,3006464,3006464,0.014424898,262144,1024,,0.00390625,,256.0,,,,,,4,8,143177728,6442344448,0.186607,0.083709,0.029669,0.00849,0.00702,1.132903,0.00172,0.0,0.0,0.02409,0.00232,0.915296,0.0,0.01785,0.054979,1.763143,0.02305,131072,512,2,1,4096,262144,262144,0.10665899999999999,0.06776,0.148848,0.539932,0.067129,0.039959,0.897827,2,4,2,524416
tiledb,rank,256,0,cold,window_256,65536,,,128,5,3.211022005416453,3112960,3112960,3112960,0.012577357,262144,1024,,0.00390625,,256.0,,,,,,4,8,143177728,6441267200,0.170527,0.075479,0.02816,0.00844,0.006969,0.989646,0.0013,0.0,0.0,0.02421,0.00184,0.787648,0.0,0.016509,0.03289,1.743204,0.024229,65536,256,1,1,2048,131072,131072,0.080429,0.058050000000000004,0.12611799999999998,0.46708299999999997,0.065879,0.033998999999999995,0.769878,1,2,1,262208
tiledb,rank,256,0,cold,window_256,65536,,,128,6,4.207886988297105,2990080,2990080,2990080,0.014871342999999999,262144,1024,,0.00390625,,256.0,,,,,,4,8,143177728,6441250816,0.177898,0.381825,0.030629,0.00911,0.0074,1.082654,0.00135,0.0,0.0,0.02494,0.002559,0.859367,0.0,0.018549,0.053139,2.301056,0.025569,131072,512,2,1,4096,262144,262144,0.122268,0.08218800000000001,0.151218,0.506212,0.076689,0.02357,0.842217,2,4,2,524416
tiledb,rank,256,0,cold,window_256,65536,,,128,7,4.541531030554324,3010560,3010560,3010560,0.016377812999999998,262144,1024,,0.00390625,,256.0,,,,,,4,8,143177728,6441238528,0.196937,0.381224,0.030579,0.023,0.00731,1.31912,0.00145,0.0,0.0,0.025910000000000002,0.00267,1.103083,0.0,0.01904,0.056379,2.376384,0.02569,131072,512,2,1,4096,262144,262144,0.163098,0.098749,0.211437,0.6118210000000001,0.110859,0.029129,1.0850199999999999,2,4,2,524416
tiledb,rank,256,0,cold,window_256,65536,,,128,8,3.077093977481127,3055616,3055616,3055616,0.012422914,262144,1024,,0.00390625,,256.0,,,,,,4,8,143177728,6441213952,0.176337,0.077809,0.027079,0.00853,0.01137,1.077844,0.00119,0.0,0.0,0.025089999999999998,0.00197,0.873177,0.0,0.01569,0.033699,1.499838,0.026619,65536,256,1,1,2048,131072,131072,0.082429,0.047999,0.117429,0.5473220000000001,0.077678,0.03499,0.855228,1,2,1,262208
tiledb,rank,256,0,cold,window_256,65536,,,128,9,3.400799003429711,3035136,3035136,3035136,0.014517515,262144,1024,,0.00390625,,256.0,,,,,,4,8,143177728,6442270720,0.161408,0.0,0.0,0.00811,0.0,0.00023,0.0,0.0,0.0,0.0,0.0,0.0,0.0,0.0,0.0,3.109433,0.0236,0,0,0,0,0,0,0,0.0,0.0,0.0,0.0,0.0,0.0,0.0,0,0,0,0
tiledb,rank,256,0,cold,window_4096,1024,,,128,0,5.215240991674364,10289152,10289152,10289152,0.034089542,4096,3596,,0.8779296875,,1.139043381535039,,,,,,2785,68,3111936,6444572672,0.112118,0.031019,0.02818,0.00826,0.00701,3.731044,0.00576,0.0,0.0,0.050029000000000004,0.090059,2.968975,0.0,0.020239,0.01944,1.142783,0.01052,1024,893,692,1,7144,457216,457216,0.7517790000000001,0.474703,0.979775,1.5117399999999999,0.204337,0.037089,2.92055,692,17,1,2228768
tiledb,rank,256,0,cold,window_4096,1024,,,128,1,5.862412042915821,10514432,10514432,10514432,0.038827214,4096,3616,,0.8828125,,1.1327433628318584,,,,,,2840,68,3123712,6443958272,0.115258,0.032319,0.02842,0.009119,0.00713,5.431939,0.01023,0.0,0.0,0.078649,0.175477,4.214917,0.0,0.030029,0.02376,0.064269,0.01085,2048,1828,1424,1,14624,935936,935936,0.9950849999999999,0.6534610000000001,1.45724,1.94434,0.424444,0.04616,4.15647,1424,34,2,4457536
tiledb,rank,256,0,cold,window_4096,1024,,,128,2,5.758433020673692,10735616,10735616,10735616,0.033845191999999996,4096,3608,,0.880859375,,1.1352549889135255,,,,,,2822,68,3111424,6444224512,0.122398,0.03077,0.028519,0.00823,0.006,3.813753,0.00241,0.0,0.0,0.04883,0.103448,3.198171,0.0,0.020139,0.01863,1.591926,0.01085,1024,896,732,1,7168,458752,458752,0.625591,0.386606,0.8510669999999999,1.87372,0.17774800000000002,0.03332,3.15234,732,17,1,2228768
tiledb,rank,256,0,cold,window_4096,1024,,,128,3,5.548097018618137,10440704,10440704,10440704,0.035397273,4096,3621,,0.884033203125,,1.1311792322562828,,,,,,2839,67,3113472,6443905024,0.109588,0.031729,0.02806,0.00877,0.00693,3.710604,0.00194,0.0,0.0,0.049028,0.090449,3.034655,0.0,0.02135,0.020619,1.489878,0.011419,1024,906,715,1,7248,463872,463872,0.762788,0.468196,1.0112,1.4235,0.32278500000000004,0.037218999999999995,2.99069,715,17,1,2228768
tiledb,rank,256,0,cold,window_4096,1024,,,128,4,7.432538957800716,10317824,10317824,10317824,0.041644455,4096,3607,,0.880615234375,,1.1355697255336845,,,,,,2841,67,4143104,6446325760,0.097879,0.031469,0.03395,0.00835,0.006249,3.330291,0.00518,0.0,0.0,0.047078999999999996,0.092489,2.579352,0.0,0.019689,0.01887,3.762763,0.00902,1024,892,720,1,7136,456704,456704,0.7489680000000001,0.46942300000000003,1.0144900000000001,1.11605,0.174098,0.040519,2.53808,720,17,1,2228768
tiledb,rank,256,0,cold,window_4096,1024,,,128,5,5.776442994829267,10190848,10190848,10190848,0.037740009,4096,3641,,0.888916015625,,1.1249656687723153,,,,,,2810,68,3125760,6446346240,0.096838,0.032399,0.02842,0.00892,0.00688,4.915376,0.00803,0.0,0.0,0.070788,0.179958,3.782313,0.0,0.028579,0.02312,0.507262,0.01075,2048,1809,1397,1,14472,926208,926208,0.924206,0.579711,1.32992,1.79428,0.257147,0.051009,3.72195,1397,34,2,4457536
tiledb,rank,256,0,cold,window_4096,1024,,,128,6,5.537105957046151,10584064,10584064,10584064,0.036479116,4096,3622,,0.88427734375,,1.1308669243511873,,,,,,2835,68,3117568,6446292992,0.121998,0.032789,0.02766,0.00831,0.00613,3.826872,0.00211,0.0,0.0,0.047179,0.088509,3.052174,0.0,0.02033,0.01929,1.35943,0.01108,1024,900,706,1,7200,460800,460800,0.711429,0.44956599999999997,0.950596,1.55196,0.273686,0.039689,3.01966,706,17,1,2228768
tiledb,rank,256,0,cold,window_4096,1024,,,128,7,7.297581003513187,10252288,10252288,10252288,0.040833834,4096,3640,,0.888671875,,1.1252747252747253,,,,,,2834,68,4149760,6448709632,0.095719,0.032229,0.02869,0.0085,0.007019,3.244922,0.00193,0.0,0.0,0.039729,0.089609,2.627781,0.0,0.021549,0.02085,3.704404,0.01108,1024,912,704,1,7296,466944,466944,0.71084,0.46173600000000004,0.965256,1.08534,0.25944599999999995,0.037629,2.54799,704,17,1,2228768
tiledb,rank,256,0,cold,window_4096,1024,,,128,8,4.601400985848159,10174464,10174464,10174464,0.033791643999999996,4096,3636,,0.8876953125,,1.1265126512651265,,,,,,2812,67,2095104,6447771648,0.123278,0.03112,0.027919,0.00793,0.00694,3.684954,0.00183,0.0,0.0,0.04542,0.088918,2.986675,0.0,0.02137,0.01912,0.560091,0.01093,1024,914,692,1,7312,467968,467968,0.70039,0.432664,0.944906,1.60052,0.172157,0.040409,2.95023,692,17,1,2228768
tiledb,rank,256,0,cold,window_4096,1024,,,128,9,5.393629020545632,10379264,10379264,10379264,0.034917332,4096,3644,,0.8896484375,,1.12403951701427,,,,,,2842,67,3125248,6448074752,0.100739,0.031829,0.0276,0.00855,0.006999,3.3494,0.00544,0.0,0.0,0.094119,0.114978,2.601241,0.0,0.02051,0.018869,1.704115,0.01107,1024,902,709,1,7216,461824,461824,0.61068,0.371397,0.838907,1.3312300000000001,0.184097,0.034248999999999995,2.56382,709,16,1,2097664
tiledb,rank,256,0,cold,window_4096,8192,,,128,0,5.352859967388213,10207232,10207232,10207232,0.032893621,32768,14167,,0.432342529296875,,2.3129808710383286,,,,,,1951,68,21692928,6448447488,0.161538,0.0,0.0,0.00837,0.0,0.00019,0.0,0.0,0.0,0.0,0.0,0.0,0.0,0.0,0.0,5.077093,0.011,0,0,0,0,0,0,0,0.0,0.0,0.0,0.0,0.0,0.0,0.0,0,0,0,0
tiledb,rank,256,0,cold,window_4096,8192,,,128,1,6.062999018467963,10493952,10493952,10493952,0.04067935,32768,14213,,0.433746337890625,,2.3054949693942164,,,,,,1879,68,21692928,6450462720,0.159147,0.0,0.0,0.00812,0.0,0.00021,0.0,0.0,0.0,0.0,0.0,0.0,0.0,0.0,0.0,5.779683,0.0126,0,0,0,0,0,0,0,0.0,0.0,0.0,0.0,0.0,0.0,0.0,0,0,0,0
tiledb,rank,256,0,cold,window_4096,8192,,,128,2,5.500576982740313,10403840,10403840,10403840,0.035160517,32768,14204,,0.4334716796875,,2.3069557871022246,,,,,,1906,68,21692928,6450790400,0.188677,0.091189,0.029129,0.00876,0.0081,4.6364,0.02355,0.0,0.0,0.051599,0.127518,3.550927,0.0,0.080709,0.02498,0.312375,0.01296,16384,7093,953,1,56744,3631616,3631616,0.6832,0.425966,0.958476,1.89992,0.278326,0.075209,3.50527,953,34,2,4457536
tiledb,rank,256,0,cold,window_4096,8192,,,128,3,5.659045011270791,10473472,10473472,10473472,0.034761007999999996,32768,14142,,0.43157958984375,,2.317069721397256,,,,,,1925,68,21692928,6450450432,0.162087,0.087029,0.028339,0.00852,0.00734,4.827168,0.02567,0.0,0.0,0.050168000000000004,0.121549,3.601896,0.0,0.075649,0.024969,0.308895,0.01304,16384,7040,985,1,56320,3604480,3604480,0.7078,0.45005300000000004,1.00299,1.8449499999999999,0.359114,0.075889,3.5515299999999996,985,34,3,4457536
tiledb,rank,256,0,cold,window_4096,8192,,,128,4,5.69008500315249,10727424,10727424,10727424,0.035756808,32768,14161,,0.432159423828125,,2.3139608784690346,,,,,,1941,68,21692928,6450466816,0.160268,0.0,0.0,0.00852,0.0,0.00026,0.0,0.0,0.0,0.0,0.0,0.0,0.0,0.0,0.0,5.411638,0.01254,0,0,0,0,0,0,0,0.0,0.0,0.0,0.0,0.0,0.0,0.0,0,0,0,0
tiledb,rank,256,0,cold,window_4096,8192,,,128,5,4.7603080165572464,10457088,10457088,10457088,0.031810012,32768,14159,,0.432098388671875,,2.3142877321844764,,,,,,1930,68,14801408,6449963008,0.172318,0.089679,0.02636,0.008359,0.00703,4.0039,0.00476,0.0,0.0,0.03347,0.069029,3.29977,0.0,0.044329,0.02367,0.257276,0.01237,8192,3554,467,1,28432,1819648,1819648,0.579291,0.355292,0.751829,2.02133,0.209996,0.049280000000000004,3.2426500000000003,467,17,1,2228768
tiledb,rank,256,0,cold,window_4096,8192,,,128,6,6.877887004520744,10432512,10432512,10432512,0.042420654,32768,14144,,0.431640625,,2.316742081447964,,,,,,1913,68,27458560,6450941952,0.169967,0.074719,0.02977,0.00951,0.008279,5.915441,0.04106,0.0,0.0,0.062419,0.191827,4.428003,0.0,0.112499,0.026309,0.399984,0.01263,24576,10621,1426,1,84968,5437952,5437952,0.966785,0.618362,1.4138899999999999,2.0587999999999997,0.386114,0.102368,4.35244,1426,51,3,6686304
tiledb,rank,256,0,cold,window_4096,8192,,,128,7,4.57817199639976,10444800,10444800,10444800,0.032809994,32768,14119,,0.430877685546875,,2.3208442524258093,,,,,,1959,68,14793728,6449979392,0.172787,0.089888,0.02685,0.00836,0.00706,4.00064,0.00441,0.0,0.0,0.035329,0.062499,3.177342,0.0,0.044079,0.02371,0.089359,0.01244,8192,3519,489,1,28152,1801728,1801728,0.64847,0.42491300000000004,0.8436980000000001,1.82795,0.209607,0.048519,3.12005,489,17,1,2228768
tiledb,rank,256,0,cold,window_4096,8192,,,128,8,5.429128999821842,10604544,10604544,10604544,0.034632022,32768,14169,,0.432403564453125,,2.312654386336368,,,,,,1899,68,21692928,6450450432,0.159117,0.0,0.0,0.00823,0.0,0.00019,0.0,0.0,0.0,0.0,0.0,0.0,0.0,0.0,0.0,5.152952,0.01234,0,0,0,0,0,0,0,0.0,0.0,0.0,0.0,0.0,0.0,0.0,0,0,0,0
tiledb,rank,256,0,cold,window_4096,8192,,,128,9,5.7373340241611,10493952,10493952,10493952,0.040527937,32768,14168,,0.432373046875,,2.312817617165443,,,,,,1908,68,21692928,6450450432,0.166208,0.087778,0.02756,0.00842,0.00805,4.889126,0.0073,0.0,0.0,0.081839,0.130428,3.723594,0.0,0.079859,0.02509,0.318036,0.012889,16384,7084,943,1,56672,3627008,3627008,0.733119,0.47596299999999997,1.0783699999999998,1.9154,0.319345,0.079239,3.68685,943,34,2,4457536
tiledb,rank,256,0,cold,window_4096,65536,,,128,0,6.510631996206939,10465280,10465280,10465280,0.033420391,262144,16384,,0.0625,,16.0,,,,,,4,68,144179712,6450061312,0.187787,0.084419,0.027939,0.00865,0.0087,3.633225,0.033919,0.0,0.0,0.023969999999999998,0.00416,2.852747,0.0,0.088379,0.052619,2.280436,0.023339,131072,8192,2,1,65536,4194304,4194304,0.112468,0.071359,0.146267,2.02798,0.358034,0.097279,2.8363099999999997,2,34,2,4457536
tiledb,rank,256,0,cold,window_4096,65536,,,128,1,5.409619014244527,10485760,10485760,10485760,0.027506454,262144,16384,,0.0625,,16.0,,,,,,4,68,106430976,6449750016,0.190257,0.080639,0.027269,0.00812,0.00692,2.919476,0.00485,0.0,0.0,0.02497,0.00304,2.472552,0.0,0.049529,0.03506,1.95571,0.02519,65536,4096,1,1,32768,2097152,2097152,0.076339,0.057209,0.114739,1.82631,0.293546,0.049009,2.4554199999999997,1,17,1,2228768
tiledb,rank,256,0,cold,window_4096,65536,,,128,2,6.235406035557389,10448896,10448896,10448896,0.029537623,262144,16384,,0.0625,,16.0,,,,,,4,68,144179712,6451003392,0.188167,0.084608,0.02924,0.00836,0.0081,3.350989,0.036499,0.0,0.0,0.024589,0.00448,2.603021,0.0,0.085379,0.052089,2.289556,0.025059,131072,8192,2,1,65536,4194304,4194304,0.12475799999999998,0.077148,0.169438,1.7521,0.358325,0.088988,2.58669,2,34,2,4457536
tiledb,rank,256,0,cold,window_4096,65536,,,128,3,5.7691039983183146,10526720,10526720,10526720,0.027908198000000002,262144,16384,,0.0625,,16.0,,,,,,4,68,144179712,6451126272,0.183878,0.077769,0.02922,0.00838,0.006899,2.855318,0.00439,0.0,0.0,0.02382,0.0029,2.209857,0.0,0.049469,0.032679,2.388214,0.02381,65536,4096,1,1,32768,2097152,2097152,0.060448999999999996,0.037759999999999995,0.094008,1.6555199999999999,0.241147,0.045529,2.1930199999999997,1,17,1,2228768
tiledb,rank,256,0,cold,window_4096,65536,,,128,4,6.478542985860258,10522624,10522624,10522624,0.029153306,262144,16384,,0.0625,,16.0,,,,,,4,68,144179712,6451011584,0.183948,0.085499,0.02785,0.00817,0.008169,3.596886,0.00797,0.0,0.0,0.024489999999999998,0.00432,2.746739,0.0,0.087609,0.053799,2.286246,0.025469,131072,8192,2,1,65536,4194304,4194304,0.174647,0.13054900000000003,0.23979599999999998,1.88535,0.331445,0.065199,2.73021,2,34,2,4457536
tiledb,rank,256,0,cold,window_4096,65536,,,128,5,6.307885982096195,10444800,10444800,10444800,0.029184127999999997,262144,16384,,0.0625,,16.0,,,,,,4,68,144179712,6450999296,0.185388,0.084629,0.02918,0.00826,0.008419,3.417319,0.00781,0.0,0.0,0.02373,0.00423,2.543002,0.0,0.086179,0.055759,2.294485,0.02487,131072,8192,2,1,65536,4194304,4194304,0.198617,0.149559,0.248106,1.68103,0.29536599999999996,0.067249,2.52648,2,34,2,4457536
tiledb,rank,256,0,cold,window_4096,65536,,,128,6,6.502981996163726,10477568,10477568,10477568,0.030952906999999998,262144,16384,,0.0625,,16.0,,,,,,4,68,144179712,6451007488,0.187097,0.085688,0.02843,0.00834,0.00828,3.621705,0.0074,0.0,0.0,0.024259,0.00426,2.808478,0.0,0.086779,0.062539,2.274776,0.024469,131072,8192,2,1,65536,4194304,4194304,0.117728,0.07768800000000001,0.158717,1.78237,0.532232,0.102909,2.79234,2,34,2,4457536
tiledb,rank,256,0,cold,window_4096,65536,,,128,7,6.612640980165452,10416128,10416128,10416128,0.031054667,262144,16384,,0.0625,,16.0,,,,,,4,68,144179712,6451003392,0.186747,0.083159,0.02718,0.008589,0.00629,3.748744,0.03048,0.0,0.0,0.024339,0.00419,2.891457,0.0,0.086439,0.055669,2.267526,0.026179,131072,8192,2,1,65536,4194304,4194304,0.151608,0.099528,0.193077,1.97035,0.404644,0.086599,2.87517,2,34,2,4457536
tiledb,rank,256,0,cold,window_4096,65536,,,128,8,5.812971969135106,10219520,10219520,10219520,0.028850486,262144,16384,,0.0625,,16.0,,,,,,4,68,144179712,6450999296,0.178207,0.084338,0.0285,0.00837,0.00704,2.903776,0.0053,0.0,0.0,0.024468999999999998,0.00275,2.304096,0.0,0.054469,0.03286,2.376264,0.02345,65536,4096,1,1,32768,2097152,2097152,0.059089,0.036878999999999995,0.087909,1.79938,0.212257,0.044709,2.2871699999999997,1,17,1,2228768
tiledb,rank,256,0,cold,window_4096,65536,,,128,9,6.506212055683136,10366976,10366976,10366976,0.034169048,262144,16384,,0.0625,,16.0,,,,,,4,68,144179712,6451007488,0.204987,0.084308,0.02907,0.00828,0.00799,3.627885,0.033689,0.0,0.0,0.02433,0.00437,2.775968,0.0,0.089449,0.055319,2.270886,0.024819,131072,8192,2,1,65536,4194304,4194304,0.148498,0.08415900000000001,0.225067,1.89791,0.346175,0.080349,2.75909,2,34,2,4457536
tiledb,rank,256,0,cold,window_65536,1024,,,128,0,38.8076770468615,136183808,136183808,136183808,0.27172464,4096,4062,,0.99169921875,,1.0083702609551946,,,,,,4010,1007,3229696,6452051968,0.107089,0.034259,0.03617,0.011179,0.00753,38.181366,0.00288,0.0,0.0,0.08785799999999999,0.238267,30.186156,0.0,0.04489,0.037259,0.081098,0.01467,2048,2035,2010,1,16280,1041920,1041920,1.05193,0.700041,1.66307,22.487,3.46786,0.110309,30.0134,2010,503,2,67256352
tiledb,rank,256,0,cold,window_65536,1024,,,128,1,42.18414501519874,136445952,136445952,136445952,0.285593247,4096,4056,,0.990234375,,1.009861932938856,,,,,,3995,1012,3227136,6452518912,0.109458,0.0,0.0,0.00924,0.0,0.00066,0.0,0.0,0.0,0.0,0.0,0.0,0.0,0.0,0.0,41.88717,0.01281,0,0,0,0,0,0,0,0.0,0.0,0.0,0.0,0.0,0.0,0.0,0,0,0,0
tiledb,rank,256,0,cold,window_65536,1024,,,128,2,48.848866019397974,136171520,136171520,136171520,0.318099439,4096,4066,,0.99267578125,,1.0073782587309394,,,,,,4000,1016,4314624,6453055488,0.143288,0.090768,0.03472,0.010839,0.00759,48.169846,0.00462,0.0,0.0,0.130269,0.348334,36.096617,0.0,0.060119,0.03863,0.068919,0.01405,3072,3050,2996,1,24400,1561600,1561600,1.2778500000000002,0.749338,2.1687299999999996,23.7295,6.7123800000000005,0.17328800000000003,35.9437,2996,762,3,101081184
tiledb,rank,256,0,cold,window_65536,1024,,,128,3,45.6051139626652,124936192,124936192,124936192,0.300198534,4096,4061,,0.991455078125,,1.0086185668554544,,,,,,4014,1004,3227136,6453051392,0.111768,0.034549,0.04034,0.01007,0.00701,35.645274,0.010489,0.0,0.0,0.110109,0.236696,27.600215,0.0,0.044479,0.034709,9.433778,0.01379,2048,2030,2004,1,16240,1039360,1039360,1.0807200000000001,0.67877,1.5887,19.550600000000003,4.2809,0.112548,27.5123,2004,499,2,67125248
tiledb,rank,256,0,cold,window_65536,1024,,,128,4,38.39327296009287,135925760,135925760,135925760,0.261490284,4096,4063,,0.991943359375,,1.008122077282796,,,,,,3989,1005,3230720,6452682752,0.250666,0.0,0.0,0.00792,0.0,0.00019,0.0,0.0,0.0,0.0,0.0,0.0,0.0,0.0,0.0,38.038588,0.01138,0,0,0,0,0,0,0,0.0,0.0,0.0,0.0,0.0,0.0,0.0,0,0,0,0
tiledb,rank,256,0,cold,window_65536,1024,,,128,5,40.16218596370891,136011776,136011776,136011776,0.276270703,4096,4066,,0.99267578125,,1.0073782587309394,,,,,,3991,1014,3228160,6452690944,0.207647,0.034499,0.03902,0.008719,0.00719,39.535586,0.00316,0.0,0.0,0.105808,0.249247,31.167781,0.0,0.043529,0.0339,0.075679,0.01274,2048,2032,1997,1,16256,1040384,1040384,1.05877,0.678612,1.63113,23.7218,3.40516,0.111029,31.0161,1997,507,2,67256352
tiledb,rank,256,0,cold,window_65536,1024,,,128,6,42.525180033408105,136220672,136220672,136220672,0.29217436,4096,4064,,0.9921875,,1.0078740157480315,,,,,,3991,1011,3228672,6452281344,0.190927,0.033499,0.02908,0.00922,0.007029,42.009529,0.01045,0.0,0.0,0.08242,0.226896,34.287334,0.0,0.032919,0.02627,0.043989,0.01203,2048,2033,1992,1,16264,1040896,1040896,1.11317,0.733259,1.8018999999999998,23.4254,6.8856,0.12659800000000002,34.2043,1992,507,2,67387456
tiledb,rank,256,0,cold,window_65536,1024,,,128,7,41.955478955060244,135868416,135868416,135868416,0.290682588,4096,4069,,0.993408203125,,1.0066355369869746,,,,,,4004,1008,3230720,6452297728,0.100829,0.033339,0.0375,0.008979,0.0066,31.980689,0.00744,0.0,0.0,0.116259,0.123008,27.093882,0.0,0.03162,0.027019,9.499787,0.01087,1024,1018,1008,1,8144,521216,521216,0.787148,0.486823,1.08912,22.8968,1.8647099999999999,0.074858,26.991899999999998,1008,251,1,33693728
tiledb,rank,256,0,cold,window_65536,1024,,,128,8,39.44034699816257,136081408,136081408,136081408,0.273753032,4096,4062,,0.99169921875,,1.0083702609551946,,,,,,3989,1005,3227136,6452318208,0.108339,0.03513,0.036859,0.00992,0.00699,38.946555,0.00945,0.0,0.0,0.09995799999999999,0.238557,30.016108,0.0,0.033909,0.02779,0.04617,0.01286,2048,2030,1992,1,16240,1039360,1039360,1.09779,0.726167,1.71561,22.552599999999998,3.42635,0.112958,29.9251,1992,505,2,67256352
tiledb,rank,256,0,cold,window_65536,1024,,,128,9,51.30095797358081,136007680,136007680,136007680,0.356449315,4096,4073,,0.994384765625,,1.005646943285048,,,,,,4003,1012,4316672,6453272576,0.132438,0.094159,0.02824,0.009469,0.00728,50.653659,0.01271,0.0,0.0,0.120128,0.399694,39.063893,0.0,0.054949,0.036469,0.085738,0.01374,3072,3054,3000,1,24432,1563648,1563648,1.5031999999999999,1.04048,2.57513,23.593200000000003,8.95696,0.142118,38.9206,3000,760,4,100687872
tiledb,rank,256,0,cold,window_65536,8192,,,128,0,56.99198297224939,123371520,123371520,123371520,0.409775242,32768,30805,,0.940093994140625,,1.06372342152248,,,,,,27252,1028,25381376,6511296512,0.196607,0.092069,0.035839,0.01166,0.0091,55.820171,0.052649,0.0,0.0,0.425153,1.457068,45.666634,0.0,0.180737,0.050359,0.235617,0.01802,16384,15068,12749,1,120544,7714816,7714816,4.5066999999999995,3.2332300000000003,7.78233,28.6223,4.209219999999999,0.308735,45.2781,12749,418,1,54801472
tiledb,rank,256,0,cold,window_65536,8192,,,128,1,53.808280965313315,136462336,136462336,136462336,0.400333512,32768,30786,,0.93951416015625,,1.0643799129474436,,,,,,27198,1028,25379328,6501560320,0.203487,0.095979,0.036329,0.0097,0.00909,52.642839,0.055119,0.0,0.0,0.330075,1.509637,41.27603,0.0,0.163457,0.03454,0.344675,0.01651,16384,15392,13582,1,123136,7880704,7880704,3.9172800000000003,2.84739,7.73859,21.0329,5.90897,0.269096,40.3195,13582,514,2,67387456
tiledb,rank,256,0,cold,window_65536,8192,,,128,2,67.89562903577462,136413184,136413184,136413184,0.448636225,32768,30757,,0.938629150390625,,1.06538348993725,,,,,,27096,1028,33838592,6522003456,0.194377,0.077639,0.03499,3.181362,0.01564,63.537104,0.111618,0.0,0.0,0.71941,2.420973,47.007163,0.0,0.244097,0.047689,0.258036,0.016849,24576,23082,20337,1,184656,11817984,11817984,4.98518,2.93922,10.1289,19.5399,4.65665,0.423704,46.2911,20337,771,3,101081184
tiledb,rank,256,0,cold,window_65536,8192,,,128,3,65.31787797575817,136351744,136351744,136351744,0.470637737,32768,30775,,0.939178466796875,,1.0647603574329814,,,,,,27218,1028,33846784,6529105920,0.325605,0.076849,0.03525,0.00955,0.010679,63.84455,0.01943,0.0,0.0,0.7098800000000001,2.428473,46.672279,0.0,0.249207,0.051989,0.452243,0.01791,24576,23098,20430,1,184784,11826176,11826176,5.2546800000000005,3.17879,10.551,19.476799999999997,4.50472,0.402404,45.9335,20430,771,3,101081184
tiledb,rank,256,0,cold,window_65536,8192,,,128,4,55.67800300195813,136347648,136347648,136347648,0.435271884,32768,30823,,0.940643310546875,,1.0631022288550758,,,,,,27323,1028,25392640,6529265664,0.333195,0.092179,0.034699,0.00932,0.00896,54.474131,0.055649,0.0,0.0,0.419744,1.535707,42.281814,0.0,0.166537,0.03863,0.344975,0.01494,16384,15418,13660,1,123344,7894016,7894016,4.34138,3.04529,7.8862499999999995,22.1296,5.540330000000001,0.29031599999999996,41.7869,13660,514,2,67387456
tiledb,rank,256,0,cold,window_65536,8192,,,128,5,67.98769696615636,136310784,136310784,136310784,0.493492281,32768,30803,,0.940032958984375,,1.0637924877447003,,,,,,27123,1028,33853440,6532726784,0.192108,0.078059,0.03618,0.010839,0.01039,66.564989,0.074819,0.0,0.0,1.212162,2.376434,48.54692,0.0,0.247027,0.050819,0.451613,0.01667,24576,23111,20368,1,184888,11832832,11832832,5.807320000000001,3.9060200000000003,10.898700000000002,19.9374,4.63039,0.410304,47.9254,20368,771,3,101081184
tiledb,rank,256,0,cold,window_65536,8192,,,128,6,65.48397603910416,136237056,136237056,136237056,0.432671123,32768,30827,,0.940765380859375,,1.0629642845557465,,,,,,27278,1028,33853440,6525931520,0.193287,0.076809,0.036879,0.0109,0.01024,64.249094,0.02055,0.0,0.0,0.46071399999999996,2.389194,46.936534,0.0,0.251266,0.049839,0.253866,0.01731,24576,23111,20480,1,184888,11832832,11832832,5.54371,3.83094,10.6359,18.8061,4.73703,0.42490300000000003,45.591100000000004,20480,771,3,101081184
tiledb,rank,256,0,cold,window_65536,8192,,,128,7,54.023288015741855,136093696,136093696,136093696,0.429888181,32768,30720,,0.9375,,1.0666666666666667,,,,,,27171,1028,25381888,6525558784,0.326765,0.092129,0.034169,0.00857,0.00892,52.848365,0.01451,0.0,0.0,0.303446,1.523447,41.21252,0.0,0.162428,0.036289,0.333245,0.01358,16384,15397,13609,1,123176,7883264,7883264,4.14198,3.0926500000000003,8.03637,20.1324,6.49482,0.289776,40.334500000000006,13609,514,2,67387456
tiledb,rank,256,0,cold,window_65536,8192,,,128,8,53.79864101996645,136671232,136671232,136671232,0.421033177,32768,30797,,0.939849853515625,,1.0639997402344383,,,,,,27099,1028,25385472,6518431744,0.236547,0.093599,0.033959,0.00935,0.00902,52.603909,0.01929,0.0,0.0,0.292475,1.517967,41.330899,0.0,0.182417,0.04815,0.305105,0.01795,16384,15404,13582,1,123232,7886848,7886848,3.8453,2.71765,7.81149,21.0396,5.74113,0.271926,40.325,13582,514,2,67387456
tiledb,rank,256,0,cold,window_65536,8192,,,128,9,53.034902026411146,136470528,136470528,136470528,0.40197516,32768,30842,,0.94122314453125,,1.0624473121068672,,,,,,27185,1028,25407488,6518497280,0.252357,0.093899,0.033099,0.0091,0.00799,34.492722,0.0078,0.0,0.0,0.181117,0.777869,27.526076,0.0,0.101568,0.03861,17.758203,0.01673,8192,7697,6779,1,61576,3940864,3940864,2.32746,1.60626,4.2007900000000005,19.2692,1.7207100000000002,0.161108,27.3643,6779,257,1,33693728
tiledb,rank,256,0,cold,window_65536,65536,,,128,0,84.20898404438049,136486912,136486912,136486912,0.667273104,262144,165856,,0.6326904296875,,1.580551803974532,,,,,,61164,1028,182471680,6761406464,0.316016,0.090359,0.038099,11.460238,0.02901,68.734776,0.330155,0.0,0.0,0.941046,4.156947,52.073427,0.0,0.787248,0.093179,2.340525,0.03034,131072,82875,30552,1,663000,42432000,42432000,6.32863,3.97095,13.045599999999999,18.0515,3.26746,0.822627,51.0633,30552,514,2,67387456
tiledb,rank,256,0,cold,window_65536,65536,,,128,1,74.63670702418312,136409088,136409088,136409088,0.570836423,262144,165959,,0.6330833435058594,,1.579570857862484,,,,,,60814,1028,182480384,6746705920,0.346815,0.092439,0.038179,0.00938,0.019699,70.572129,0.070479,0.0,0.0,0.61502,3.544377,53.801821,0.0,0.791408,0.093119,2.384084,0.03114,131072,82998,30457,1,663984,42494976,42494976,8.78083,6.78632,17.2401,17.4407,5.77994,0.783778,51.790099999999995,30457,514,2,67387456
tiledb,rank,256,0,cold,window_65536,65536,,,128,2,75.69746201625094,136437760,136437760,136437760,0.587756781,262144,165848,,0.632659912109375,,1.580628044956828,,,,,,60850,1028,182387712,6746488832,0.315375,0.091378,0.03761,0.01066,0.019369,71.650693,0.067109,0.0,0.0,0.629731,3.551566,54.291333,0.0,0.783418,0.087699,2.352635,0.031679,131072,82817,30510,1,662536,42402304,42402304,8.08248,6.13314,16.5553,18.464499999999997,5.69361,0.769819,52.1325,30510,514,2,67387456
tiledb,rank,256,0,cold,window_65536,65536,,,128,3,49.79405098129064,136187904,136187904,136187904,0.458624965,262144,166012,,0.6332855224609375,,1.5790665735007108,,,,,,60943,1028,125132800,6736166912,0.238117,0.084598,0.03658,0.01124,0.012989,45.93778,0.03347,0.0,0.0,0.481432,1.814113,35.869951,0.0,0.395734,0.053189,2.738148,0.03037,65536,41458,15281,1,331664,21226496,21226496,4.06157,2.7569399999999997,7.3763,21.831,2.01258,0.499723,35.4139,15281,257,1,33693728
tiledb,rank,256,0,cold,window_65536,65536,,,128,4,68.73319699661806,136237056,136237056,136237056,0.54115382,262144,165653,,0.6319160461425781,,1.5824886962505962,,,,,,61016,1028,182405120,6747049984,0.267376,0.089798,0.03742,0.01089,0.019319,64.714337,0.363305,0.0,0.0,0.916047,3.501777,47.328668,0.0,0.786399,0.091158,2.376004,0.031009,131072,82851,30470,1,662808,42419712,42419712,6.74765,4.546460000000001,14.113999999999999,17.8149,3.2212899999999998,0.809238,46.309599999999996,30470,514,2,67387456
tiledb,rank,256,0,cold,window_65536,65536,,,128,5,73.16133001586422,136261632,136261632,136261632,0.574601485,262144,165510,,0.6313705444335938,,1.5838559603649327,,,,,,61220,1028,182405632,6746886144,0.232237,0.089378,0.03645,0.01159,0.019009,69.19962,0.066729,0.0,0.0,0.638771,3.560746,51.652343,0.0,0.789828,0.087909,2.326425,0.030199,131072,82852,30543,1,662816,42420224,42420224,8.21317,6.2911,16.1747,16.0982,3.2824299999999997,0.809418,49.5615,30543,514,2,67387456
tiledb,rank,256,0,cold,window_65536,65536,,,128,6,76.94033300504088,136237056,136237056,136237056,0.571701231,262144,165794,,0.6324539184570312,,1.581142864036093,,,,,,61155,1028,182440448,6814314496,0.258036,0.088388,0.039,11.569716,0.026869,61.408487,0.157358,0.0,0.0,1.5134269999999999,3.602036,45.93079,0.0,0.795558,0.097098,2.284415,0.02809,131072,82920,30640,1,663360,42455040,42455040,5.815790000000001,3.64193,12.2547,16.9087,4.32272,0.895436,44.8992,30640,514,2,67387456
tiledb,rank,256,0,cold,window_65536,65536,,,128,7,74.69111599493772,136286208,136286208,136286208,0.633027304,262144,165392,,0.63092041015625,,1.5849859727193576,,,,,,60775,1027,182423552,6833778688,0.241607,0.089489,0.036699,0.01213,0.01954,66.944473,0.352245,0.0,0.0,0.892877,3.569786,49.632114,0.0,0.786818,0.091349,6.105259,0.029319,131072,82505,30426,1,660040,42242560,42242560,6.35842,4.163810000000001,13.438,20.429699999999997,3.03608,0.853488,48.6195,30426,513,2,67256352
tiledb,rank,256,0,cold,window_65536,65536,,,128,8,68.61038797069341,136581120,136581120,136581120,0.528095302,262144,165709,,0.6321296691894531,,1.5819539071504867,,,,,,60901,1028,182407680,6823452672,0.218987,0.081799,0.037139,0.01244,0.01289,35.190671,0.033669,0.0,0.0,0.483173,1.799263,26.075887,0.0,0.397444,0.046549,32.282735,0.03028,65536,41383,15227,1,331064,21188096,21188096,3.9399200000000003,2.66769,7.55195,13.075399999999998,1.34031,0.384334,25.7564,15227,257,2,33693728
tiledb,rank,256,0,cold,window_65536,65536,,,128,9,98.46712899161503,136429568,136429568,136429568,0.746904306,262144,165707,,0.6321220397949219,,1.5819730005370927,,,,,,61063,1028,239806976,6834130944,0.243526,0.093088,0.03449,0.010999,0.02406,93.504544,0.514472,0.0,0.0,1.5147970000000002,5.445749,69.718611,0.0,1.157463,0.135558,2.882097,0.030469,196608,124308,45789,1,994464,63645696,63645696,10.9337,6.62115,21.1588,18.649700000000003,5.2543,1.1398899999999998,68.16170000000001,45789,771,3,101081184
tiledb,rank,256,0,warm,random,1024,,,128,0,225.7008960004896,0,0,0,4.590090112,4096,4095,,0.999755859375,,1.0002442002442002,,,,,,4095,4062,2167808,6775259136,0.152457,0.03291,0.042889,0.01183,0.00733,217.4649,0.013649,0.0,0.0,0.100629,0.135538,123.429104,0.0,0.057079,0.043619,7.507528,0.015019,1021,1020,1020,1,8160,522240,522240,0.946516,0.638559,1.38696,111.39,6.5988,0.177897,123.371,1020,992,99,1751418336
tiledb,rank,256,0,warm,random,1024,,,128,1,223.39272097451612,0,0,0,4.624261342,4096,4096,,1.0,,1.0,,,,,,4096,4057,2163712,6775267328,0.133208,0.032839,0.04131,0.00849,0.006899,219.002587,0.00748,0.0,0.0,0.09847900000000001,0.126878,129.172908,0.0,0.070489,0.04604,3.703224,0.01629,1006,1006,1005,1,8048,515072,515072,0.935966,0.600602,1.37723,116.895,7.06295,0.198087,129.106,1005,980,95,1792716096
tiledb,rank,256,0,warm,random,1024,,,128,2,227.52550902077928,0,0,0,4.696605228,4096,4095,,0.999755859375,,1.0002442002442002,,,,,,4095,4068,2189312,6775312384,0.121598,0.034239,0.04047,0.009459,0.00732,220.81369,0.00706,0.0,0.0,0.103849,0.125388,132.286871,0.0,0.057689,0.046029,6.040459,0.01572,993,993,993,1,7944,508416,508416,1.00398,0.665463,1.47265,119.80799999999999,7.6177,0.184087,132.222,993,960,94,1713135968
tiledb,rank,256,0,warm,random,1024,,,128,3,225.69298598682508,0,0,0,4.641650257,4096,4096,,1.0,,1.0,,,,,,4096,4067,2155520,6775377920,0.163857,0.033779,0.04139,0.00938,0.00713,217.580108,0.00607,0.0,0.0,0.107929,0.149258,126.478678,0.0,0.056809,0.044699,7.391438,0.01527,1030,1030,1028,1,8240,527360,527360,1.2430500000000002,0.8278209999999999,1.72106,108.973,11.8052,0.193797,126.40899999999999,1028,1004,95,1719035648
tiledb,rank,256,0,warm,random,1024,,,128,4,224.23498798161745,0,0,0,4.635562407,4096,4096,,1.0,,1.0,,,,,,4096,4060,2169856,6775345152,0.124248,0.033539,0.04,0.009659,0.00633,221.048817,0.00703,0.0,0.0,0.099899,0.135908,128.022965,0.0,0.059169,0.045039,2.521382,0.01563,1020,1020,1019,1,8160,522240,522240,1.0014699999999999,0.647401,1.49919,110.971,11.4895,0.17974700000000002,127.94200000000001,1019,976,96,1739618976
tiledb,rank,256,0,warm,random,1024,,,128,5,227.41282096831128,0,0,0,4.651025046,4096,4096,,1.0,,1.0,,,,,,4096,4071,2180096,6775357440,0.122279,0.03323,0.039829,0.00952,0.00715,214.514424,0.00368,0.0,0.0,0.099038,0.133168,116.253222,0.0,0.059029,0.04474,12.241456,0.01561,994,994,994,1,7952,508928,508928,1.10626,0.753308,1.58925,103.491,7.5329500000000005,0.24310600000000002,116.187,994,965,93,1766495296
tiledb,rank,256,0,warm,random,1024,,,128,6,222.69735200097784,0,0,0,4.675014205,4096,4096,,1.0,,1.0,,,,,,4096,4062,2180608,6775390208,0.147218,0.03356,0.039539,0.00911,0.00626,221.932813,0.00778,0.0,0.0,0.110458,0.130558,134.736594,0.0,0.056529,0.04385,0.079649,0.012899,993,993,993,1,7944,508416,508416,1.0555700000000001,0.692664,1.57573,121.409,7.982130000000001,0.181917,134.679,993,963,95,1736210272
tiledb,rank,256,0,warm,random,1024,,,128,7,220.152199966833,0,0,0,4.582890854,4096,4096,,1.0,,1.0,,,,,,4095,4065,2173952,6775365632,0.176628,0.03424,0.039989,0.00924,0.00687,219.365981,0.00752,0.0,0.0,0.095298,0.131998,132.737684,0.0,0.05942,0.043469,0.079459,0.01566,1015,1015,1014,1,8120,519680,519680,0.9637260000000001,0.65863,1.45338,119.166,8.341629999999999,0.176688,132.67000000000002,1014,990,95,1722051040
tiledb,rank,256,0,warm,random,1024,,,128,8,228.3658460364677,0,0,0,4.708305796,4096,4096,,1.0,,1.0,,,,,,4096,4066,2195456,6775435264,0.119458,0.032889,0.043929,0.00993,0.0063,214.432776,0.00827,0.0,0.0,0.095489,0.131118,124.251631,0.0,0.060439,0.043889,13.26735,0.01585,1022,1022,1021,1,8176,523264,523264,0.985795,0.645879,1.45695,112.89699999999999,6.25837,0.176817,124.194,1021,989,95,1776196992
tiledb,rank,256,0,warm,random,1024,,,128,9,231.01164703257382,0,0,0,4.711138992,4096,4096,,1.0,,1.0,,,,,,4096,4064,2198528,6775513088,0.117828,0.033529,0.03969,0.00982,0.00717,214.177949,0.007259,0.0,0.0,0.10185,0.149497,124.929361,0.0,0.056649,0.04299,16.182867,0.016979,1072,1072,1072,1,8576,548864,548864,1.28692,0.856374,1.7688700000000002,106.502,7.79291,0.221797,124.85799999999999,1072,1044,96,1787603040
tiledb,rank,256,0,warm,random,8192,,,128,0,321.7961610062048,0,0,0,6.505386464,32768,32755,,0.999603271484375,,1.0003968859716075,,,,,,32736,30786,17230336,6793609216,0.224927,0.092299,0.03718,0.012009,0.00828,293.328219,0.01079,0.0,0.0,0.234836,0.992675,199.251024,0.0,0.125389,0.049229,27.519756,0.01777,8245,8232,8214,1,65856,4214784,4214784,3.0221,1.8704399999999999,5.81177,94.75649999999999,35.9316,1.26203,199.048,8214,6450,97,2077998400
tiledb,rank,256,0,warm,random,8192,,,128,1,307.71754297893494,0,0,0,6.498667861,32768,32756,,0.9996337890625,,1.0003663450970814,,,,,,32741,30768,17276928,6794051584,0.211197,0.091448,0.03721,0.00999,0.00843,306.643829,0.032989,0.0,0.0,0.285205,0.889997,216.018752,0.0,0.127418,0.050009,0.179517,0.0177,8156,8147,8130,1,65176,4171264,4171264,2.55899,1.63197,5.1208599999999995,117.404,35.1135,1.2871,215.82299999999998,8130,6417,96,2073278656
tiledb,rank,256,0,warm,random,8192,,,128,2,289.913730986882,0,0,0,6.243990736000001,32768,32755,,0.999603271484375,,1.0003968859716075,,,,,,32742,30831,17297408,6794297344,0.209427,0.092168,0.03633,0.00894,0.0062,272.358464,0.008789,0.0,0.0,0.227256,0.913907,175.733398,0.0,0.125359,0.05212,16.673229,0.01777,8198,8184,8165,1,65472,4190208,4190208,2.8579600000000003,1.9889500000000002,5.82754,96.0261,37.4961,1.0421,175.54,8165,6493,96,2075245216
tiledb,rank,256,0,warm,random,8192,,,128,3,310.88339601410553,0,0,0,6.466850868,32768,32764,,0.9998779296875,,1.0001220852154804,,,,,,32746,30786,17279488,6800543744,0.203687,0.091498,0.03805,0.0102,0.00876,309.704883,0.033289,0.0,0.0,0.285645,0.886487,213.656918,0.0,0.122848,0.125258,0.176577,0.01731,8112,8104,8091,1,64832,4149248,4149248,2.44416,1.71992,5.00075,108.557,35.6428,1.67907,213.46200000000002,8091,6377,97,2072754240
tiledb,rank,256,0,warm,random,8192,,,128,4,293.2109010289423,0,0,0,6.104516368,32768,32757,,0.999664306640625,,1.0003358060872485,,,,,,32746,30766,17221120,6802276352,0.273686,0.091599,0.035669,0.01007,0.00836,272.65018,0.035199,0.0,0.0,0.227417,1.002625,167.609279,0.0,0.123098,0.113219,19.539456,0.01761,8243,8234,8225,1,65872,4215808,4215808,2.86729,1.78818,5.4808900000000005,92.8207,34.6848,0.8120580000000001,167.409,8225,6474,97,2074720800
tiledb,rank,256,0,warm,random,8192,,,128,5,292.61167999356985,0,0,0,6.081788676,32768,32755,,0.999603271484375,,1.0003968859716075,,,,,,32745,30774,17242624,6795788288,0.220277,0.093099,0.037499,0.00969,0.00801,291.534726,0.02874,0.0,0.0,0.23069699999999999,1.006195,201.570539,0.0,0.133608,0.049819,0.179537,0.01767,8214,8206,8197,1,65648,4201472,4201472,3.05521,2.0272300000000003,5.79945,93.5448,45.3592,1.39073,201.306,8197,6453,96,2071967616
tiledb,rank,256,0,warm,random,8192,,,128,6,310.5041510425508,0,0,0,6.477794064,32768,32761,,0.999786376953125,,1.0002136686914318,,,,,,32749,30784,17295872,6796062720,0.199517,0.091819,0.035599,0.00974,0.00809,309.436637,0.03216,0.0,0.0,0.226756,0.851507,223.517739,0.0,0.125458,0.071759,0.175797,0.01599,8209,8201,8184,1,65608,4198912,4198912,3.0882,2.1511400000000003,6.16508,124.364,45.6191,0.986065,223.25900000000001,8184,6454,96,2074458592
tiledb,rank,256,0,warm,random,8192,,,128,7,293.64122403785586,0,0,0,6.009148587,32768,32759,,0.999725341796875,,1.0002747336609787,,,,,,32739,30755,17252864,6796083200,0.202657,0.093549,0.034709,0.00984,0.00894,292.58701,0.031379,0.0,0.0,0.225376,0.952136,206.415527,0.0,0.123498,0.05143,0.177417,0.01841,8162,8157,8138,1,65256,4176384,4176384,2.8118000000000003,2.10791,5.76983,100.533,40.3739,1.33068,206.216,8138,6440,98,2079178336
tiledb,rank,256,0,warm,random,8192,,,128,8,334.0929269907065,0,0,0,6.565314885,32768,32760,,0.999755859375,,1.0002442002442002,,,,,,32742,30702,17263616,6796136448,0.223477,0.093278,0.03688,0.009519,0.00862,333.026273,0.03315,0.0,0.0,0.279466,0.894146,265.476098,0.0,0.119478,0.048519,0.174807,0.01559,8114,8107,8083,1,64856,4150784,4150784,2.48799,1.53562,4.902550000000001,127.42999999999999,36.153999999999996,0.820018,265.286,8083,6377,97,2080489376
tiledb,rank,256,0,warm,random,8192,,,128,9,303.699632990174,0,0,0,6.519454703,32768,32763,,0.999847412109375,,1.0001526111772425,,,,,,32736,30890,17277440,6796402688,0.264896,0.090919,0.037169,0.00969,0.00796,302.5781,0.038769,0.0,0.0,0.23048600000000002,0.985476,213.303853,0.0,0.124358,0.05,0.174897,0.01737,8268,8254,8239,1,66032,4226048,4226048,2.91246,1.88857,5.47715,114.941,33.8282,1.04606,213.098,8239,6537,97,2081538208
tiledb,rank,256,0,warm,random,65536,,,128,0,967.2959350282326,0,0,0,25.750138911,262144,261627,,0.9980278015136719,,1.0019760957393542,,,,,,260583,165439,137551872,6915579904,0.262476,0.084799,0.039189,0.01124,0.01673,964.921701,0.211107,0.0,0.0,1.241811,6.986275,898.945103,0.0,0.62679,0.069389,0.874206,0.03039,65200,64667,63663,1,517336,33109504,33109504,12.2009,8.45012,27.9631,78.1597,253.5,8.30387,897.172,63663,16084,25,2148007936
tiledb,rank,256,0,warm,random,65536,,,128,1,985.7193870120682,0,0,0,26.03118367,262144,261609,,0.9979591369628906,,1.0020450366768727,,,,,,260581,165709,137506304,6921715712,0.275836,0.083818,0.0385,0.01154,0.016849,983.324244,0.077249,0.0,0.0,1.209542,6.813827,906.511809,0.0,0.635471,0.068299,0.876687,0.029189,65843,65333,64278,1,522664,33450496,33450496,12.4892,9.31542,29.0139,121.56,320.228,3.10107,905.276,64278,16081,25,2147614624
tiledb,rank,256,0,warm,random,65536,,,128,2,962.7068439731374,0,0,0,26.111860248,262144,261642,,0.9980850219726562,,1.0019186522041568,,,,,,260678,165881,137528832,6916452352,0.290526,0.084118,0.03829,0.01141,0.016369,960.244722,0.05281,0.0,0.0,1.252821,6.859917,883.570494,0.0,0.62903,0.141798,0.870487,0.03024,65278,64815,63820,1,518520,33185280,33185280,13.896,10.6987,31.407400000000003,109.981,320.78499999999997,3.96519,882.3480000000001,63820,16063,25,2148007936
tiledb,rank,256,0,warm,random,65536,,,128,3,971.3374349521473,0,0,0,25.860286858,262144,261637,,0.9980659484863281,,1.0019377993173748,,,,,,260688,165768,137579520,6917480448,0.266596,0.083479,0.039799,0.01263,0.01617,968.939761,0.052109,0.0,0.0,1.248831,6.847787,894.227614,0.0,0.62882,0.070429,0.882337,0.02985,65238,64707,63683,1,517656,33129984,33129984,14.1709,10.933,30.8938,131.03300000000002,223.197,6.761419999999999,893.0169999999999,63683,16089,25,2147352416
tiledb,rank,256,0,warm,random,65536,,,128,4,941.036770993378,0,0,0,25.549257205,262144,261619,,0.9979972839355469,,1.0020067349848443,,,,,,260580,165843,137348608,6917419008,0.236176,0.084199,0.040029,0.01246,0.01707,938.695445,0.081229,0.0,0.0,1.211612,6.803768,863.20402,0.0,0.633451,0.070049,0.860227,0.02998,65791,65231,64238,1,521848,33398272,33398272,12.5982,8.87803,28.119600000000002,91.35849999999999,150.106,10.1119,861.968,64238,16111,25,2147876832
tiledb,rank,256,0,warm,random,65536,,,128,5,971.7301389900967,0,0,0,26.439506157,262144,261647,,0.9981040954589844,,1.0018995058227307,,,,,,260634,165636,137368064,6917812224,0.293745,0.084559,0.037509,0.01115,0.01649,969.319195,0.051349,0.0,0.0,1.236321,6.948865,897.352337,0.0,0.63001,0.069199,0.877087,0.03031,65438,64926,63897,1,519408,33242112,33242112,13.369499999999999,10.2124,30.4117,95.3536,306.36400000000003,5.36555,896.068,63897,16110,25,2148007936
tiledb,rank,256,0,warm,random,65536,,,128,6,1007.594259979669,0,0,0,26.269599024,262144,261607,,0.9979515075683594,,1.0020526973666606,,,,,,260609,165752,137446912,6917783552,0.281486,0.085249,0.037729,0.01088,0.01764,1005.290074,0.053059,0.0,0.0,1.247431,6.972836,919.322297,0.0,0.624941,0.056459,0.847897,0.0281,65744,65227,64247,1,521816,33396224,33396224,12.8661,9.18752,30.2253,138.07500000000002,323.63100000000003,4.282509999999999,918.081,64247,16113,25,2148007936
tiledb,rank,256,0,warm,random,65536,,,128,7,940.4684589826502,0,0,0,25.478281162000002,262144,261597,,0.9979133605957031,,1.0020910025726595,,,,,,260572,165807,137393664,6928211968,0.284245,0.083859,0.038629,0.01015,0.01675,938.073415,0.051299,0.0,0.0,1.241811,6.859527,874.717027,0.0,0.62881,0.069639,0.879807,0.03007,65454,64925,63933,1,519400,33241600,33241600,13.2395,9.96981,31.140500000000003,90.0746,297.56300000000005,5.00896,873.505,63933,16068,25,2148007936
tiledb,rank,256,0,warm,random,65536,,,128,8,997.7083780104294,0,0,0,26.459730842,262144,261629,,0.9980354309082031,,1.0019684362207553,,,,,,260622,165795,137432064,6918733824,0.253016,0.084998,0.03763,0.01059,0.016879,995.333094,0.229227,0.0,0.0,1.717584,6.609991,907.993137,0.0,0.63485,0.069619,0.877696,0.02986,65838,65342,64347,1,522736,33455104,33455104,13.3012,9.92576,30.163700000000002,136.446,152.339,10.3729,906.755,64347,16091,25,2147876832
tiledb,rank,256,0,warm,random,65536,,,128,9,967.1880669775419,0,0,0,25.962484999,262144,261633,,0.9980506896972656,,1.0019531175348675,,,,,,260582,166024,137373696,6919131136,0.278945,0.083669,0.038149,0.01138,0.01651,964.707464,0.051589,0.0,0.0,1.237862,6.878736,893.605733,0.0,0.628791,0.148477,0.878636,0.03043,65478,64947,63974,1,519576,33252864,33252864,14.8168,11.8124,32.349500000000006,105.462,303.867,4.15829,892.394,63974,16074,25,2148007936
tiledb,rank,256,0,warm,window_256,1024,,,128,0,1.8988210358656943,0,0,0,0.009722363,4096,1002,,0.24462890625,,4.087824351297405,,,,,,25,8,3136000,6777499648,0.108408,0.033009,0.03282,0.0086,0.00723,0.759778,0.00155,0.0,0.0,0.029439,0.00283,0.477463,0.0,0.01403,0.02007,0.795548,0.01132,1024,254,3,1,2032,130048,130048,0.173207,0.118157,0.216417,0.080289,0.061029,0.033169,0.460323,3,2,1,262208
tiledb,rank,256,0,warm,window_256,1024,,,128,1,1.4031290193088353,0,0,0,0.0080239,4096,1009,,0.246337890625,,4.059464816650149,,,,,,18,8,2445824,6777393152,0.120308,0.031079,0.02753,0.00823,0.00601,0.846067,0.00164,0.0,0.0,0.024819,0.00296,0.600691,0.0,0.01385,0.01878,0.218977,0.01085,1024,251,5,1,2008,128512,128512,0.276426,0.163879,0.312855,0.091909,0.06876900000000001,0.032889,0.583591,5,2,1,262208
tiledb,rank,256,0,warm,window_256,1024,,,128,2,1.2978310114704072,0,0,0,0.007853274,4096,1007,,0.245849609375,,4.067527308838133,,,,,,20,8,1752064,6777278464,0.124988,0.031619,0.03207,0.00812,0.006069,0.906527,0.00147,0.0,0.0,0.03816,0.00381,0.63176,0.0,0.01409,0.019369,0.04877,0.010769,1024,252,5,1,2016,129024,129024,0.295436,0.187286,0.329816,0.089628,0.075339,0.029759,0.6096600000000001,5,2,1,262208
tiledb,rank,256,0,warm,window_256,1024,,,128,3,1.525586994830519,0,0,0,0.008599373,4096,1010,,0.24658203125,,4.0554455445544555,,,,,,18,8,2446336,6777274368,0.095039,0.03231,0.027859,0.0085,0.006,0.67883,0.00114,0.0,0.0,0.0244,0.00269,0.447263,0.0,0.01277,0.01932,0.525173,0.010899,1024,253,4,1,2024,129536,129536,0.169927,0.102999,0.20324699999999998,0.083349,0.053159,0.026369,0.430273,4,2,1,262208
tiledb,rank,256,0,warm,window_256,1024,,,128,4,1.3366799685172737,0,0,0,0.00785415,4096,1007,,0.245849609375,,4.067527308838133,,,,,,20,8,2447872,6777274368,0.105828,0.03181,0.027269,0.00798,0.00681,0.712309,0.00141,0.0,0.0,0.023459,0.0034,0.470203,0.0,0.01334,0.01895,0.295055,0.01102,1024,251,6,1,2008,128512,128512,0.20376699999999998,0.137678,0.235767,0.076719,0.050459,0.01927,0.453553,6,2,1,262208
tiledb,rank,256,0,warm,window_256,1024,,,128,5,1.482588006183505,0,0,0,0.009659917,4096,1009,,0.246337890625,,4.059464816650149,,,,,,19,8,2446848,6777274368,0.135478,0.03213,0.027989,0.00788,0.00633,1.066154,0.00479,0.0,0.0,0.02711,0.004799,0.796538,0.0,0.01622,0.022939,0.058579,0.01091,2048,503,11,1,4024,257536,257536,0.41004399999999996,0.289125,0.44959299999999996,0.10987899999999999,0.089268,0.02739,0.779389,11,4,2,524416
tiledb,rank,256,0,warm,window_256,1024,,,128,6,1.4961870037950575,0,0,0,0.00801262,4096,1006,,0.24560546875,,4.071570576540755,,,,,,22,8,2444288,6777249792,0.093279,0.03085,0.02828,0.008279,0.00703,0.808238,0.00147,0.0,0.0,0.02474,0.00308,0.583931,0.0,0.01367,0.01891,0.368815,0.01042,1024,252,5,1,2016,129024,129024,0.268626,0.17656,0.314785,0.081189,0.058509,0.036239,0.567161,5,2,1,262208
tiledb,rank,256,0,warm,window_256,1024,,,128,7,1.835802977439016,0,0,0,0.00943068,4096,1012,,0.2470703125,,4.047430830039525,,,,,,16,8,3142144,6777257984,0.118708,0.0,0.0,0.007559,0.0,0.00021,0.0,0.0,0.0,0.0,0.0,0.0,0.0,0.0,0.0,1.625806,0.01016,0,0,0,0,0,0,0,0.0,0.0,0.0,0.0,0.0,0.0,0.0,0,0,0,0
tiledb,rank,256,0,warm,window_256,1024,,,128,8,1.7545830341987312,0,0,0,0.009196949,4096,1008,,0.24609375,,4.063492063492063,,,,,,19,8,3139584,6777229312,0.095778,0.039679,0.02772,0.008,0.00603,0.743069,0.00134,0.0,0.0,0.024099,0.00264,0.519173,0.0,0.014399,0.01884,0.68165,0.01073,1024,253,4,1,2024,129536,129536,0.193497,0.110867,0.23586700000000002,0.086118,0.063319,0.04349,0.502783,4,2,1,262208
tiledb,rank,256,0,warm,window_256,1024,,,128,9,1.396679028403014,0,0,0,0.008170222,4096,1006,,0.24560546875,,4.071570576540755,,,,,,22,8,2444800,6777200640,0.109268,0.0316,0.027149,0.00791,0.00595,0.743909,0.00138,0.0,0.0,0.02466,0.00314,0.504272,0.0,0.01353,0.019199,0.332185,0.0108,1024,252,5,1,2016,129024,129024,0.20732699999999998,0.14052800000000001,0.24282700000000002,0.080658,0.05792,0.025089999999999998,0.486923,5,2,1,262208
tiledb,rank,256,0,warm,window_256,8192,,,128,0,1.501788035966456,0,0,0,0.00751399,32768,1024,,0.03125,,32.0,,,,,,4,8,17912832,6776504320,0.168498,0.086988,0.02653,0.00814,0.00657,0.540632,0.00145,0.0,0.0,0.023299,0.00199,0.324176,0.0,0.014,0.024129,0.520872,0.01283,8192,256,1,1,2048,131072,131072,0.065039,0.035029,0.093299,0.06888899999999999,0.058479,0.02579,0.307166,1,2,1,262208
tiledb,rank,256,0,warm,window_256,8192,,,128,1,2.124507969710976,0,0,0,0.00912503,32768,1024,,0.03125,,32.0,,,,,,4,8,17912832,6776745984,0.165068,0.087278,0.02899,0.00823,0.00621,0.823247,0.00148,0.0,0.0,0.02371,0.00218,0.578201,0.0,0.01437,0.02305,0.845808,0.01208,16384,512,2,1,4096,262144,262144,0.165527,0.113677,0.203867,0.116518,0.078769,0.02919,0.5611010000000001,2,4,2,524416
tiledb,rank,256,0,warm,window_256,8192,,,128,2,1.5234469901770353,0,0,0,0.00718116,32768,1024,,0.03125,,32.0,,,,,,4,8,17912832,6776586240,0.180647,0.0,0.0,0.00779,0.0,0.00018,0.0,0.0,0.0,0.0,0.0,0.0,0.0,0.0,0.0,1.243231,0.01226,0,0,0,0,0,0,0,0.0,0.0,0.0,0.0,0.0,0.0,0.0,0,0,0,0
tiledb,rank,256,0,warm,window_256,8192,,,128,3,1.5727769932709634,0,0,0,0.008119294,32768,1024,,0.03125,,32.0,,,,,,4,8,17912832,6776729600,0.161958,0.086018,0.02683,0.00836,0.00484,0.800448,0.0015,0.0,0.0,0.02392,0.002339,0.549832,0.0,0.01659,0.024499,0.316695,0.01258,16384,512,2,1,4096,262144,262144,0.171358,0.123278,0.215147,0.109988,0.08066899999999999,0.029279,0.533282,2,4,2,524416
tiledb,rank,256,0,warm,window_256,8192,,,128,4,1.5025469474494457,0,0,0,0.00758478,32768,1024,,0.03125,,32.0,,,,,,4,8,17912832,6776553472,0.162318,0.085719,0.02635,0.00801,0.00612,0.61065,0.001379,0.0,0.0,0.02372,0.00196,0.382654,0.0,0.01383,0.02324,0.443873,0.0126,8192,256,1,1,2048,131072,131072,0.07160899999999999,0.036140000000000005,0.119008,0.083929,0.063809,0.028969,0.36585399999999996,1,2,1,262208
tiledb,rank,256,0,warm,window_256,8192,,,128,5,1.832242007367313,0,0,0,0.00886554,32768,1024,,0.03125,,32.0,,,,,,4,8,17912832,6776541184,0.201257,0.089209,0.028969,0.00852,0.00698,0.838948,0.00157,0.0,0.0,0.02409,0.00227,0.585261,0.0,0.016529,0.02446,0.325185,0.01251,16384,512,2,1,4096,262144,262144,0.174088,0.121188,0.21649700000000002,0.132538,0.092989,0.039189,0.568432,2,4,2,524416
tiledb,rank,256,0,warm,window_256,8192,,,128,6,1.7742629861459136,0,0,0,0.008604548,32768,1024,,0.03125,,32.0,,,,,,4,8,22633472,6776672256,0.159068,0.0,0.0,0.00833,0.0,0.0002,0.0,0.0,0.0,0.0,0.0,0.0,0.0,0.0,0.0,1.501288,0.012639,0,0,0,0,0,0,0,0.0,0.0,0.0,0.0,0.0,0.0,0.0,0,0,0,0
tiledb,rank,256,0,warm,window_256,8192,,,128,7,1.8584119970910251,0,0,0,0.009038114,32768,1024,,0.03125,,32.0,,,,,,4,8,22633472,6776647680,0.161838,0.073429,0.02712,0.0083,0.0061,1.014134,0.00164,0.0,0.0,0.023169,0.00249,0.741269,0.0,0.01907,0.02572,0.401083,0.01281,24576,768,3,1,6144,393216,393216,0.254596,0.172929,0.300215,0.113989,0.092228,0.057169,0.723709,3,6,3,786624
tiledb,rank,256,0,warm,window_256,8192,,,128,8,1.5534770209342241,0,0,0,0.00820546,32768,1024,,0.03125,,32.0,,,,,,4,8,17912832,6776528896,0.153268,0.084809,0.02767,0.00894,0.00625,0.822957,0.005859,0.0,0.0,0.02406,0.00224,0.580371,0.0,0.01626,0.02477,0.285146,0.01252,16384,512,2,1,4096,262144,262144,0.19206700000000002,0.142828,0.22767600000000002,0.109638,0.079139,0.03299,0.563311,2,4,2,524416
tiledb,rank,256,0,warm,window_256,8192,,,128,9,1.3680889969691634,0,0,0,0.00770634,32768,1024,,0.03125,,32.0,,,,,,4,8,13192192,6776344576,0.198527,0.085488,0.02654,0.00765,0.00618,0.597541,0.00106,0.0,0.0,0.024118999999999998,0.00181,0.371735,0.0,0.01426,0.023629,0.300646,0.012709,8192,256,1,1,2048,131072,131072,0.07325899999999999,0.036409000000000004,0.109108,0.082428,0.064199,0.02707,0.353895,1,2,1,262208
tiledb,rank,256,0,warm,window_256,65536,,,128,0,3.7278440431691706,0,0,0,0.016416824,262144,1024,,0.00390625,,256.0,,,,,,4,8,218703872,6776655872,0.206126,0.090109,0.027729,0.00805,0.005,1.011395,0.00614,0.0,0.0,0.023340000000000003,0.00274,0.710969,0.0,0.02085,0.090438,2.144168,0.030849,262144,1024,4,1,8192,524288,524288,0.225446,0.159219,0.262966,0.143368,0.110368,0.025029,0.6947789999999999,4,8,4,1048832
tiledb,rank,256,0,warm,window_256,65536,,,128,1,2.97216500621289,0,0,0,0.012927404,262144,1024,,0.00390625,,256.0,,,,,,4,8,143177728,6777651200,0.178527,0.075819,0.027719,0.00839,0.00695,0.607871,0.00108,0.0,0.0,0.024480000000000002,0.00182,0.368224,0.0,0.0142,0.031869,1.883772,0.025679,65536,256,1,1,2048,131072,131072,0.072419,0.048719,0.110979,0.077189,0.063699,0.030939000000000005,0.350655,1,2,1,262208
tiledb,rank,256,0,warm,window_256,65536,,,128,2,3.692283993586898,0,0,0,0.013999816,262144,1024,,0.00390625,,256.0,,,,,,4,8,143177728,6777651200,0.181407,0.083719,0.027799,0.0086,0.00733,0.873337,0.00445,0.0,0.0,0.023969999999999998,0.002299,0.606591,0.0,0.016829,0.05269,2.304175,0.02452,131072,512,2,1,4096,262144,262144,0.178837,0.12770800000000002,0.222327,0.12010799999999999,0.09691799999999999,0.0384,0.589491,2,4,2,524416
tiledb,rank,256,0,warm,window_256,65536,,,128,3,3.6057450342923403,0,0,0,0.014354214,262144,1024,,0.00390625,,256.0,,,,,,4,8,143177728,6777647104,0.183407,0.083758,0.02961,0.00819,0.00714,0.825907,0.00419,0.0,0.0,0.024319,0.00233,0.543142,0.0,0.02311,0.053609,2.255006,0.02462,131072,512,2,1,4096,262144,262144,0.162088,0.112058,0.200767,0.104948,0.088199,0.041779000000000004,0.525952,2,4,2,524416
tiledb,rank,256,0,warm,window_256,65536,,,128,4,3.086393990088254,0,0,0,0.013777864,262144,1024,,0.00390625,,256.0,,,,,,4,8,143177728,6778687488,0.174568,0.083349,0.02673,0.008179,0.00686,0.794148,0.00458,0.0,0.0,0.02374,0.00224,0.530002,0.0,0.01714,0.053589,1.770594,0.024799,131072,512,2,1,4096,262144,262144,0.14363700000000001,0.09261,0.177367,0.110338,0.08631899999999999,0.050419,0.512832,2,4,2,524416
tiledb,rank,256,0,warm,window_256,65536,,,128,5,2.818426990415901,0,0,0,0.012178084,262144,1024,,0.00390625,,256.0,,,,,,4,8,143177728,6777626624,0.168327,0.075309,0.028259,0.00815,0.00696,0.636811,0.00095,0.0,0.0,0.02901,0.00183,0.381974,0.0,0.014209,0.03246,1.713634,0.02429,65536,256,1,1,2048,131072,131072,0.075769,0.050009000000000005,0.112699,0.078699,0.071519,0.035139,0.365265,1,2,1,262208
tiledb,rank,256,0,warm,window_256,65536,,,128,6,3.5930859739892185,0,0,0,0.013474426,262144,1024,,0.00390625,,256.0,,,,,,4,8,143177728,6777622528,0.178137,0.083238,0.02761,0.00834,0.00716,0.794208,0.00175,0.0,0.0,0.023969,0.00233,0.528622,0.0,0.01785,0.053239,2.285085,0.02512,131072,512,2,1,4096,262144,262144,0.147908,0.092068,0.18764699999999998,0.121228,0.083749,0.02803,0.5116120000000001,2,4,2,524416
tiledb,rank,256,0,warm,window_256,65536,,,128,7,3.7055749562568963,0,0,0,0.014324174,262144,1024,,0.00390625,,256.0,,,,,,4,8,143177728,6777626624,0.206337,0.086049,0.02823,0.008179,0.00727,0.807178,0.00754,0.0,0.0,0.025009999999999998,0.00245,0.517022,0.0,0.0174,0.053229,2.371784,0.02552,131072,512,2,1,4096,262144,262144,0.135317,0.092388,0.169037,0.120158,0.071559,0.038139,0.49972199999999994,2,4,2,524416
tiledb,rank,256,0,warm,window_256,65536,,,128,8,2.7055800310336053,0,0,0,0.012201722,262144,1024,,0.00390625,,256.0,,,,,,4,8,143177728,6777622528,0.174218,0.077848,0.02902,0.00807,0.00687,0.607041,0.00152,0.0,0.0,0.023979,0.00186,0.374825,0.0,0.014679,0.03365,1.618655,0.02531,65536,256,1,1,2048,131072,131072,0.053309,0.034709000000000004,0.09838899999999999,0.078619,0.08297800000000001,0.037790000000000004,0.358135,1,2,1,262208
tiledb,rank,256,0,warm,window_256,65536,,,128,9,2.714928996283561,0,0,0,0.012736644,262144,1024,,0.00390625,,256.0,,,,,,4,8,143177728,6778671104,0.164018,0.0,0.0,0.00878,0.0,0.00021,0.0,0.0,0.0,0.0,0.0,0.0,0.0,0.0,0.0,2.421313,0.02413,0,0,0,0,0,0,0,0.0,0.0,0.0,0.0,0.0,0.0,0.0,0,0,0,0
tiledb,rank,256,0,warm,window_4096,1024,,,128,0,4.596840008161962,0,0,0,0.030297744,4096,3596,,0.8779296875,,1.139043381535039,,,,,,2785,68,3111936,6778806272,0.131608,0.031279,0.02835,0.00805,0.006919,2.764429,0.00551,0.0,0.0,0.043679,0.088399,1.99464,0.0,0.020359,0.01906,1.477428,0.01048,1024,893,692,1,7144,457216,457216,0.760568,0.482664,0.998725,0.468993,0.25390599999999997,0.03597,1.9546,692,17,1,2228768
tiledb,rank,256,0,warm,window_4096,1024,,,128,1,4.651600029319525,0,0,0,0.033329605,4096,3616,,0.8828125,,1.1327433628318584,,,,,,2840,68,3123712,6778105856,0.104738,0.029809,0.02738,0.00843,0.00478,2.704659,0.00903,0.0,0.0,0.044779,0.090969,1.896691,0.0,0.02004,0.019109,1.606736,0.0108,1024,894,705,1,7152,457728,457728,0.7580990000000001,0.45971500000000004,0.993035,0.422564,0.18256699999999998,0.04001,1.8533499999999998,705,17,1,2228768
tiledb,rank,256,0,warm,window_4096,1024,,,128,2,4.717510018963367,0,0,0,0.031349033,4096,3608,,0.880859375,,1.1352549889135255,,,,,,2822,68,3111424,6778376192,0.133208,0.03129,0.0287,0.008299,0.00726,2.813938,0.00268,0.0,0.0,0.040069,0.094449,2.113189,0.0,0.02002,0.026139,1.533607,0.01047,1024,896,732,1,7168,458752,458752,0.71198,0.432825,0.967586,0.5680219999999999,0.262626,0.038989,2.0324,732,17,1,2228768
tiledb,rank,256,0,warm,window_4096,1024,,,128,3,4.660830018110573,0,0,0,0.032863726,4096,3621,,0.884033203125,,1.1311792322562828,,,,,,2839,67,3113472,6778044416,0.101318,0.03147,0.028449,0.00824,0.00697,2.597111,0.00235,0.0,0.0,0.04542,0.098218,1.846102,0.0,0.01994,0.0191,1.723674,0.01102,1024,907,710,1,7256,464384,464384,0.7802290000000001,0.478023,1.02301,0.383704,0.167077,0.0393,1.80809,710,16,1,2097664
tiledb,rank,256,0,warm,window_4096,1024,,,128,4,5.9370509698055685,0,0,0,0.036342784,4096,3607,,0.880615234375,,1.1355697255336845,,,,,,2841,67,4143104,6778335232,0.093029,0.03116,0.028049,0.00818,0.00612,2.761209,0.00584,0.0,0.0,0.05219,0.095278,1.99301,0.0,0.020389,0.01981,2.844117,0.01049,1024,892,720,1,7136,456704,456704,0.778368,0.48052,1.03458,0.39233399999999996,0.273096,0.03954,1.9506700000000001,720,17,1,2228768
tiledb,rank,256,0,warm,window_4096,1024,,,128,5,4.87083604093641,0,0,0,0.034858818,4096,3641,,0.888916015625,,1.1249656687723153,,,,,,2810,68,3125760,6778331136,0.093738,0.03218,0.028579,0.00838,0.00707,4.464463,0.00975,0.0,0.0,0.069838,0.183768,3.067864,0.0,0.028179,0.02255,0.062489,0.0113,2048,1832,1413,1,14656,937984,937984,0.950386,0.58809,1.3847200000000002,0.803537,0.439274,0.055129,2.99404,1413,34,2,4457536
tiledb,rank,256,0,warm,window_4096,1024,,,128,6,4.712049034424126,0,0,0,0.033402844,4096,3622,,0.88427734375,,1.1308669243511873,,,,,,2835,68,3117568,6778249216,0.143218,0.031519,0.02836,0.00839,0.0061,2.843447,0.00232,0.0,0.0,0.053189,0.096899,2.054029,0.0,0.02092,0.018939,1.486778,0.01046,1024,906,714,1,7248,463872,463872,0.771848,0.460082,1.0108300000000001,0.566732,0.185638,0.039309,2.0151000000000003,714,17,1,2228768
tiledb,rank,256,0,warm,window_4096,1024,,,128,7,6.039759027771652,0,0,0,0.035970397,4096,3640,,0.888671875,,1.1252747252747253,,,,,,2834,68,4149760,6778527744,0.092468,0.03224,0.028309,0.00822,0.00689,2.6368,0.00619,0.0,0.0,0.048809000000000005,0.091339,1.96721,0.0,0.02071,0.01968,3.068473,0.01095,1024,912,704,1,7296,466944,466944,0.7057399999999999,0.459874,0.964346,0.5643119999999999,0.18753699999999998,0.039650000000000005,1.9351399999999999,704,17,1,2228768
tiledb,rank,256,0,warm,window_4096,1024,,,128,8,3.172343014739454,0,0,0,0.028039839,4096,3636,,0.8876953125,,1.1265126512651265,,,,,,2812,67,2095104,6777610240,0.118018,0.031009,0.02832,0.00797,0.00608,2.801558,0.0021,0.0,0.0,0.046888,0.096679,2.01059,0.0,0.021209,0.01958,0.028319,0.01064,1024,923,720,1,7384,472576,472576,0.756968,0.455396,0.9864850000000001,0.474283,0.274865,0.03657,1.9693399999999999,720,17,1,2228768
tiledb,rank,256,0,warm,window_4096,1024,,,128,9,4.6055500279180706,0,0,0,0.032097906999999995,4096,3644,,0.8896484375,,1.12403951701427,,,,,,2842,67,3125248,6777913344,0.112158,0.032089,0.0283,0.00851,0.0069,2.730118,0.005759,0.0,0.0,0.045179,0.088429,1.916982,0.0,0.01998,0.01906,1.524747,0.01114,1024,902,709,1,7216,461824,461824,0.754299,0.47386599999999995,1.00319,0.431054,0.18979700000000002,0.043529000000000005,1.88062,709,16,1,2097664
tiledb,rank,256,0,warm,window_4096,8192,,,128,0,4.704938968643546,0,0,0,0.031815601,32768,14167,,0.432342529296875,,2.3129808710383286,,,,,,1951,68,21692928,6778347520,0.258466,0.0,0.0,0.008959,0.0,0.00019,0.0,0.0,0.0,0.0,0.0,0.0,0.0,0.0,0.0,4.332335,0.012,0,0,0,0,0,0,0,0.0,0.0,0.0,0.0,0.0,0.0,0.0,0,0,0,0
tiledb,rank,256,0,warm,window_4096,8192,,,128,1,4.476353002246469,0,0,0,0.031267808,32768,14213,,0.433746337890625,,2.3054949693942164,,,,,,1879,68,21692928,6778220544,0.187297,0.0,0.0,0.00808,0.0,0.00025,0.0,0.0,0.0,0.0,0.0,0.0,0.0,0.0,0.0,4.172277,0.01227,0,0,0,0,0,0,0,0.0,0.0,0.0,0.0,0.0,0.0,0.0,0,0,0,0
tiledb,rank,256,0,warm,window_4096,8192,,,128,2,4.5749410055577755,0,0,0,0.02967586,32768,14204,,0.4334716796875,,2.3069557871022246,,,,,,1906,68,21692928,6778507264,0.212647,0.089948,0.02815,0.00905,0.00756,3.686514,0.030569,0.0,0.0,0.053999000000000005,0.124048,2.505423,0.0,0.079059,0.02564,0.321096,0.012349,16384,7093,953,1,56744,3631616,3631616,0.824767,0.508545,1.12886,0.614151,0.313885,0.08739899999999999,2.46082,953,34,2,4457536
tiledb,rank,256,0,warm,window_4096,8192,,,128,3,4.446522973012179,0,0,0,0.030341794999999998,32768,14142,,0.43157958984375,,2.317069721397256,,,,,,1925,68,21692928,6778179584,0.161057,0.093588,0.02638,0.00823,0.00731,3.596306,0.030369,0.0,0.0,0.05056,0.123058,2.451443,0.0,0.076188,0.0248,0.326225,0.01283,16384,7040,985,1,56320,3604480,3604480,0.7667579999999999,0.438975,1.09955,0.566802,0.363364,0.074179,2.4053,985,34,3,4457536
tiledb,rank,256,0,warm,window_4096,8192,,,128,4,4.650140006560832,0,0,0,0.029299636,32768,14161,,0.432159423828125,,2.3139608784690346,,,,,,1941,68,21692928,6778183680,0.173557,0.0,0.0,0.00811,0.0,0.00018,0.0,0.0,0.0,0.0,0.0,0.0,0.0,0.0,0.0,4.360404,0.01272,0,0,0,0,0,0,0,0.0,0.0,0.0,0.0,0.0,0.0,0.0,0,0,0,0
tiledb,rank,256,0,warm,window_4096,8192,,,128,5,3.4098790492862463,0,0,0,0.027159818,32768,14159,,0.432098388671875,,2.3142877321844764,,,,,,1930,68,14801408,6777671680,0.183557,0.088979,0.026429,0.00869,0.0069,2.63716,0.00501,0.0,0.0,0.033549,0.067899,1.862922,0.0,0.04437,0.023339,0.262676,0.01267,8192,3518,500,1,28144,1801216,1801216,0.621131,0.382573,0.798508,0.528512,0.263446,0.056279,1.83538,500,17,1,2228768
tiledb,rank,256,0,warm,window_4096,8192,,,128,6,5.867971980478615,0,0,0,0.036439065,32768,14144,,0.431640625,,2.316742081447964,,,,,,1913,68,27458560,6778609664,0.178457,0.074509,0.02761,0.0091,0.008649,4.904437,0.04176,0.0,0.0,0.06662,0.196277,3.26404,0.0,0.110618,0.026,0.399484,0.01302,24576,10621,1426,1,84968,5437952,5437952,1.00675,0.6364409999999999,1.46599,0.801048,0.41594400000000004,0.119298,3.19001,1426,51,3,6686304
tiledb,rank,256,0,warm,window_4096,8192,,,128,7,3.3681089989840984,0,0,0,0.028096744,32768,14119,,0.430877685546875,,2.3208442524258093,,,,,,1959,68,14793728,6777708544,0.163237,0.087499,0.02677,0.008369,0.00698,2.596351,0.01514,0.0,0.0,0.034189,0.071739,1.910152,0.0,0.043899,0.02284,0.286136,0.01088,8192,3504,519,1,28032,1794048,1794048,0.698909,0.429602,0.882877,0.484383,0.252706,0.054379000000000004,1.87718,519,17,1,2228768
tiledb,rank,256,0,warm,window_4096,8192,,,128,8,4.574191989377141,0,0,0,0.030002090000000002,32768,14169,,0.432403564453125,,2.312654386336368,,,,,,1899,68,21692928,6778134528,0.157248,0.0,0.0,0.00807,0.0,0.0002,0.0,0.0,0.0,0.0,0.0,0.0,0.0,0.0,0.0,4.302465,0.01241,0,0,0,0,0,0,0,0.0,0.0,0.0,0.0,0.0,0.0,0.0,0,0,0,0
tiledb,rank,256,0,warm,window_4096,8192,,,128,9,4.68699901830405,0,0,0,0.033323374,32768,14168,,0.432373046875,,2.312817617165443,,,,,,1908,68,21692928,6778114048,0.169777,0.090148,0.0293,0.00835,0.00747,3.831572,0.00755,0.0,0.0,0.053959,0.122658,2.66875,0.0,0.079059,0.02514,0.319125,0.01307,16384,7084,943,1,56672,3627008,3627008,0.787799,0.484993,1.1264,0.781598,0.301085,0.104089,2.63057,943,34,2,4457536
tiledb,rank,256,0,warm,window_4096,65536,,,128,0,5.300140997860581,0,0,0,0.02811428,262144,16384,,0.0625,,16.0,,,,,,4,68,144179712,6777774080,0.178788,0.084568,0.02877,0.00849,0.00811,2.325765,0.036519,0.0,0.0,0.02201,0.00412,1.480327,0.0,0.086928,0.053699,2.389634,0.025,131072,8192,2,1,65536,4194304,4194304,0.12003899999999999,0.07590899999999999,0.168738,0.66722,0.32107600000000003,0.091098,1.4646,2,34,2,4457536
tiledb,rank,256,0,warm,window_4096,65536,,,128,1,3.978991007898003,0,0,0,0.024165424,262144,16384,,0.0625,,16.0,,,,,,4,68,106430976,6777462784,0.186337,0.077679,0.02958,0.00813,0.00689,1.721744,0.00488,0.0,0.0,0.023719,0.00277,1.122973,0.0,0.050309,0.032759,1.727494,0.02474,65536,4096,1,1,32768,2097152,2097152,0.086869,0.06300900000000001,0.140698,0.480743,0.209037,0.098339,1.10637,1,17,1,2228768
tiledb,rank,256,0,warm,window_4096,65536,,,128,2,5.440598004497588,0,0,0,0.026716024,262144,16384,,0.0625,,16.0,,,,,,4,68,144179712,6778716160,0.192647,0.084369,0.02671,0.008139,0.00839,2.564772,0.03343,0.0,0.0,0.024309,0.00396,1.765544,0.0,0.085628,0.05502,2.278616,0.02485,131072,8192,2,1,65536,4194304,4194304,0.121408,0.08151800000000001,0.15895800000000002,0.795148,0.487203,0.075519,1.7493,2,34,2,4457536
tiledb,rank,256,0,warm,window_4096,65536,,,128,3,4.83453698689118,0,0,0,0.023621726,262144,16384,,0.0625,,16.0,,,,,,4,68,144179712,6778830848,0.194247,0.077958,0.0265,0.00855,0.00634,1.593236,0.00475,0.0,0.0,0.023929,0.0027,1.033085,0.0,0.048959,0.03251,2.710379,0.023759,65536,4096,1,1,32768,2097152,2097152,0.07686899999999999,0.053789000000000003,0.136258,0.502953,0.179347,0.043419,1.01669,1,17,1,2228768
tiledb,rank,256,0,warm,window_4096,65536,,,128,4,5.620906013064086,0,0,0,0.028434084000000002,262144,16384,,0.0625,,16.0,,,,,,4,68,144179712,6778699776,0.186388,0.083539,0.02725,0.00839,0.00622,2.734498,0.008029,0.0,0.0,0.02437,0.00408,1.871482,0.0,0.088069,0.053689,2.294976,0.025809,131072,8192,2,1,65536,4194304,4194304,0.176527,0.12868800000000002,0.226396,0.8764270000000001,0.444603,0.084259,1.85457,2,34,2,4457536
tiledb,rank,256,0,warm,window_4096,65536,,,128,5,5.494787998031825,0,0,0,0.027768156999999998,262144,16384,,0.0625,,16.0,,,,,,4,68,144179712,6778683392,0.181507,0.085208,0.02863,0.00811,0.00781,2.61797,0.007329,0.0,0.0,0.02402,0.00404,1.698124,0.0,0.086539,0.054469,2.287856,0.024959,131072,8192,2,1,65536,4194304,4194304,0.183997,0.128389,0.230216,0.65091,0.478473,0.107388,1.68184,2,34,2,4457536
tiledb,rank,256,0,warm,window_4096,65536,,,128,6,5.3817990119569,0,0,0,0.026986883,262144,16384,,0.0625,,16.0,,,,,,4,68,144179712,6778683392,0.185338,0.084969,0.02856,0.00827,0.00793,2.502882,0.006999,0.0,0.0,0.02401,0.00403,1.685325,0.0,0.086889,0.054819,2.285535,0.02504,131072,8192,2,1,65536,4194304,4194304,0.139118,0.08978,0.191897,0.767948,0.416034,0.06612900000000001,1.66888,2,34,2,4457536
tiledb,rank,256,0,warm,window_4096,65536,,,128,7,5.603305995464325,0,0,0,0.027858867,262144,16384,,0.0625,,16.0,,,,,,4,68,144179712,6778671104,0.218367,0.084638,0.03007,0.00841,0.00854,2.696879,0.033979,0.0,0.0,0.024030000000000003,0.0042,1.912961,0.0,0.085379,0.055129,2.274546,0.023949,131072,8192,2,1,65536,4194304,4194304,0.196457,0.135497,0.24099700000000002,0.897026,0.472053,0.065709,1.89639,2,34,2,4457536
tiledb,rank,256,0,warm,window_4096,65536,,,128,8,4.40008396981284,0,0,0,0.022116676999999998,262144,16384,,0.0625,,16.0,,,,,,4,68,144179712,6778671104,0.181747,0.078779,0.027979,0.00876,0.00698,1.563076,0.0051,0.0,0.0,0.023389,0.00265,1.068484,0.0,0.04974,0.032219,2.313775,0.02361,65536,4096,1,1,32768,2097152,2097152,0.07844899999999999,0.046669,0.113928,0.458123,0.240257,0.050739000000000006,1.05218,1,17,1,2228768
tiledb,rank,256,0,warm,window_4096,65536,,,128,9,5.4965580347925425,0,0,0,0.028909821000000002,262144,16384,,0.0625,,16.0,,,,,,4,68,144179712,6778675200,0.200017,0.082069,0.02774,0.00794,0.00624,2.62325,0.029049,0.0,0.0,0.02504,0.00432,1.797413,0.0,0.088229,0.054689,2.274016,0.024609,131072,8192,2,1,65536,4194304,4194304,0.17987799999999998,0.123788,0.236627,0.721159,0.48953199999999997,0.108739,1.78061,2,34,2,4457536
tiledb,rank,256,0,warm,window_65536,1024,,,128,0,25.9500399697572,0,0,0,0.205802401,4096,4062,,0.99169921875,,1.0083702609551946,,,,,,4010,1007,3229696,6779637760,0.174068,0.03232,0.038709,0.00929,0.00775,19.164502,0.0079,0.0,0.0,0.101698,0.144798,13.99094,0.0,0.026779,0.02365,6.347304,0.01197,1024,1013,1000,1,8104,518656,518656,0.967936,0.603632,1.30085,8.545300000000001,2.94978,0.071349,13.9293,1000,252,1,33562624
tiledb,rank,256,0,warm,window_65536,1024,,,128,1,26.152577018365264,0,0,0,0.207668209,4096,4056,,0.990234375,,1.009861932938856,,,,,,3995,1012,3227136,6780067840,0.120288,0.0,0.0,0.00828,0.0,0.00035,0.0,0.0,0.0,0.0,0.0,0.0,0.0,0.0,0.0,25.88894,0.01283,0,0,0,0,0,0,0,0.0,0.0,0.0,0.0,0.0,0.0,0.0,0,0,0,0
tiledb,rank,256,0,warm,window_65536,1024,,,128,2,37.456357036717236,0,0,0,0.258568782,4096,4066,,0.99267578125,,1.0073782587309394,,,,,,4000,1016,4314624,6780555264,0.113488,0.0,0.0,0.00827,0.0,0.0003,0.0,0.0,0.0,0.0,0.0,0.0,0.0,0.0,0.0,37.175311,0.01586,0,0,0,0,0,0,0,0.0,0.0,0.0,0.0,0.0,0.0,0.0,0,0,0,0
tiledb,rank,256,0,warm,window_65536,1024,,,128,3,28.45609199721366,0,0,0,0.219255606,4096,4061,,0.991455078125,,1.0086185668554544,,,,,,4014,1004,3227136,6780612608,0.199187,0.034309,0.0341,0.00938,0.0072,27.90558,0.00951,0.0,0.0,0.08671899999999999,0.235047,19.386878,0.0,0.033129,0.03068,0.060079,0.0115,2048,2030,2004,1,16240,1039360,1039360,1.16818,0.7552359999999999,1.73138,10.3835,5.11173,0.117119,19.3105,2004,499,2,67125248
tiledb,rank,256,0,warm,window_65536,1024,,,128,4,29.433626972604543,0,0,0,0.212856093,4096,4063,,0.991943359375,,1.008122077282796,,,,,,3989,1005,3230720,6780198912,0.150628,0.0,0.0,0.00794,0.0,0.0003,0.0,0.0,0.0,0.0,0.0,0.0,0.0,0.0,0.0,29.149551,0.01272,0,0,0,0,0,0,0,0.0,0.0,0.0,0.0,0.0,0.0,0.0,0,0,0,0
tiledb,rank,256,0,warm,window_65536,1024,,,128,5,26.65807999437675,0,0,0,0.208623382,4096,4066,,0.99267578125,,1.0073782587309394,,,,,,3991,1014,3228160,6780149760,0.144148,0.03491,0.041819,0.00927,0.0072,26.102207,0.016959,0.0,0.0,0.152618,0.289206,18.483842,0.0,0.04036,0.035889,0.068819,0.012899,2048,2032,1997,1,16256,1040384,1040384,1.15428,0.7331669999999999,1.7687499999999998,10.845199999999998,3.3238600000000003,0.121958,18.3224,1997,507,2,67256352
tiledb,rank,256,0,warm,window_65536,1024,,,128,6,25.24316997732967,0,0,0,0.192155728,4096,4064,,0.9921875,,1.0078740157480315,,,,,,3991,1011,3228672,6779707392,0.128998,0.0,0.0,0.00909,0.0,0.00038,0.0,0.0,0.0,0.0,0.0,0.0,0.0,0.0,0.0,24.968045,0.01327,0,0,0,0,0,0,0,0.0,0.0,0.0,0.0,0.0,0.0,0.0,0,0,0,0
tiledb,rank,256,0,warm,window_65536,1024,,,128,7,25.30368900625035,0,0,0,0.200501434,4096,4069,,0.993408203125,,1.0066355369869746,,,,,,4004,1008,3230720,6779719680,0.134438,0.03225,0.034109,0.439024,0.00681,15.559166,0.00317,0.0,0.0,0.056199,0.129238,11.555936,0.0,0.033229,0.02556,8.851117,0.01085,1024,1018,1008,1,8144,521216,521216,0.839568,0.496564,1.18672,7.37074,1.72845,0.07171899999999999,11.4616,1008,251,1,33693728
tiledb,rank,256,0,warm,window_65536,1024,,,128,8,24.942975025624037,0,0,0,0.196782511,4096,4062,,0.99169921875,,1.0083702609551946,,,,,,3989,1005,3227136,6779695104,0.105699,0.038059,0.035459,0.00867,0.00709,14.602421,0.00304,0.0,0.0,0.066359,0.127468,10.827627,0.0,0.029799,0.02516,9.867582,0.01379,1024,1017,999,1,8136,520704,520704,0.819078,0.52015,1.16741,6.62064,1.9037,0.067839,10.7727,999,250,1,33562624
tiledb,rank,256,0,warm,window_65536,1024,,,128,9,34.70606898190454,0,0,0,0.261487582,4096,4073,,0.994384765625,,1.005646943285048,,,,,,4003,1012,4316672,6780579840,0.107278,0.097088,0.03115,0.00981,0.00557,34.022478,0.014209,0.0,0.0,0.136239,0.365434,24.153337,0.0,0.054629,0.03743,0.090219,0.01517,3072,3054,3000,1,24432,1563648,1563648,1.53185,1.002,2.6547,12.4958,5.34513,0.198267,23.9931,3000,760,4,100687872
tiledb,rank,256,0,warm,window_65536,8192,,,128,0,37.32009802479297,0,0,0,0.324066802,32768,30805,,0.940093994140625,,1.06372342152248,,,,,,27252,1028,25381376,6803017728,0.357684,0.091029,0.029449,0.00961,0.00894,36.277184,0.054599,0.0,0.0,0.405375,1.556176,26.047268,0.0,0.158438,0.03177,0.199967,0.014,16384,15396,13636,1,123168,7882752,7882752,3.5775099999999997,2.42632,7.04615,7.6829,4.78459,0.301516,25.5398,13636,514,2,67387456
tiledb,rank,256,0,warm,window_65536,8192,,,128,1,39.002963982056826,0,0,0,0.321837298,32768,30786,,0.93951416015625,,1.0643799129474436,,,,,,27198,1028,25379328,6793859072,0.199177,0.093209,0.035779,0.00994,0.00909,37.762312,0.056829,0.0,0.0,0.335455,1.501537,27.571586,0.0,0.174077,0.04447,0.359235,0.017269,16384,15392,13582,1,123136,7880704,7880704,3.6093800000000003,2.59002,7.366359999999999,10.2356,3.08532,0.283626,26.576,13582,514,2,67387456
tiledb,rank,256,0,warm,window_65536,8192,,,128,2,66.771465993952,0,0,0,0.462432281,32768,30757,,0.938629150390625,,1.06538348993725,,,,,,27096,1028,33838592,6798155776,0.190437,0.090529,0.034949,0.00938,0.0082,20.025639,0.00827,0.0,0.0,0.251366,0.771338,14.715119,0.0,0.107138,0.039039,45.959419,0.01889,8192,7675,6759,1,61400,3929600,3929600,2.3788,1.56112,4.221080000000001,6.69475,1.53105,0.155398,14.5033,6759,257,1,33693728
tiledb,rank,256,0,warm,window_65536,8192,,,128,3,55.22618896793574,0,0,0,0.428704023,32768,30775,,0.939178466796875,,1.0647603574329814,,,,,,27218,1028,33846784,6805016576,0.290085,0.077819,0.035659,0.00916,0.01043,53.89594,0.083529,0.0,0.0,0.7004,2.367914,37.599595,0.0,0.238026,0.04103,0.421374,0.01518,24576,23098,20430,1,184784,11826176,11826176,5.333659999999999,3.28922,10.436,10.3246,4.436599999999999,0.412354,36.91,20430,771,3,101081184
tiledb,rank,256,0,warm,window_65536,8192,,,128,4,41.31463903468102,0,0,0,0.358399407,32768,30823,,0.940643310546875,,1.0631022288550758,,,,,,27323,1028,25392640,6805037056,0.253596,0.092728,0.0363,0.00939,0.0094,40.034428,0.059339,0.0,0.0,0.457433,1.562486,28.118327,0.0,0.177147,0.048779,0.373755,0.01716,16384,15418,13660,1,123344,7894016,7894016,4.2518,2.97614,7.874370000000001,10.0618,3.56097,0.290595,27.5664,13660,514,2,67387456
tiledb,rank,256,0,warm,window_65536,8192,,,128,5,58.92716400558129,0,0,0,0.443605674,32768,30803,,0.940032958984375,,1.0637924877447003,,,,,,27123,1028,33853440,6808276992,0.231936,0.077529,0.036539,0.00982,0.0107,57.561344,0.082789,0.0,0.0,0.924037,2.416143,41.014083,0.0,0.237637,0.042029,0.434633,0.01601,24576,23111,20368,1,184888,11832832,11832832,5.70861,3.68549,10.8051,12.952399999999999,4.5667599999999995,0.451243,40.000099999999996,20368,771,3,101081184
tiledb,rank,256,0,warm,window_65536,8192,,,128,6,55.94885803293437,0,0,0,0.391710108,32768,30827,,0.940765380859375,,1.0629642845557465,,,,,,27278,1028,33853440,6801178624,0.181707,0.078469,0.037109,0.00908,0.01001,54.789346,0.021049,0.0,0.0,0.440204,2.376974,38.986424,0.0,0.244856,0.046749,0.247636,0.01626,24576,23111,20480,1,184888,11832832,11832832,5.4506,3.67197,10.610700000000001,10.6148,4.7279599999999995,0.439483,37.4841,20480,771,3,101081184
tiledb,rank,256,0,warm,window_65536,8192,,,128,7,41.819411038886756,0,0,0,0.370676927,32768,30720,,0.9375,,1.0666666666666667,,,,,,27171,1028,25381888,6800625664,0.287825,0.092939,0.036859,0.00872,0.0089,40.613479,0.01522,0.0,0.0,0.336766,1.547916,29.145282,0.0,0.170998,0.040759,0.350325,0.01598,16384,15397,13609,1,123176,7883264,7883264,4.05869,2.94437,8.00564,10.811599999999999,3.58746,0.268885,28.2654,13609,514,2,67387456
tiledb,rank,256,0,warm,window_65536,8192,,,128,8,41.26025998266414,0,0,0,0.35465335600000003,32768,30797,,0.939849853515625,,1.0639997402344383,,,,,,27099,1028,25385472,6793994240,0.193737,0.093869,0.035949,0.00943,0.00887,40.016788,0.0147,0.0,0.0,0.320035,1.506587,30.415583,0.0,0.194477,0.05249,0.326415,0.0181,16384,15404,13582,1,123232,7886848,7886848,4.18826,2.78591,8.44481,10.8536,4.22497,0.286836,29.4218,13582,514,2,67387456
tiledb,rank,256,0,warm,window_65536,8192,,,128,9,40.1885460014455,0,0,0,0.33573306799999997,32768,30842,,0.94122314453125,,1.0624473121068672,,,,,,27185,1028,25407488,6794088448,0.196227,0.093898,0.03623,0.0095,0.009,38.927704,0.069339,0.0,0.0,1.052865,1.574146,28.922225,0.0,0.175898,0.048539,0.357495,0.01686,16384,15447,13599,1,123576,7908864,7908864,3.9929299999999994,2.85526,7.99206,9.84249,4.19003,0.278406,27.9023,13599,514,2,67387456
tiledb,rank,256,0,warm,window_65536,65536,,,128,0,65.8452600473538,0,0,0,0.5836375460000001,262144,165856,,0.6326904296875,,1.580551803974532,,,,,,61164,1028,182471680,6833971200,0.327075,0.091658,0.0395,0.01072,0.019769,56.097587,0.169018,0.0,0.0,0.9265359999999999,3.668345,39.21279,0.0,0.789328,0.089779,8.074009,0.030859,131072,82875,30552,1,663000,42432000,42432000,6.46054,3.85163,13.2498,10.0661,3.30128,0.960726,38.2164,30552,514,2,67387456
tiledb,rank,256,0,warm,window_65536,65536,,,128,1,62.020276964176446,0,0,0,0.5169375469999999,262144,165959,,0.6330833435058594,,1.579570857862484,,,,,,60814,1028,182480384,6820327424,0.277416,0.091178,0.03705,0.0096,0.018859,58.024378,0.069419,0.0,0.0,0.65692,3.601276,44.050967,0.0,0.784788,0.091159,2.384924,0.03073,131072,82998,30457,1,663984,42494976,42494976,8.44205,6.5781600000000005,17.3054,10.3011,3.66442,0.784919,42.725899999999996,30457,514,2,67387456
tiledb,rank,256,0,warm,window_65536,65536,,,128,2,60.97222300013527,0,0,0,0.522812295,262144,165848,,0.632659912109375,,1.580628044956828,,,,,,60850,1028,182387712,6819426304,0.259016,0.090878,0.0382,0.00958,0.019279,56.970094,0.067449,0.0,0.0,0.628491,3.641165,43.029183,0.0,0.785748,0.091129,2.366314,0.03156,131072,82817,30510,1,662536,42402304,42402304,7.98755,5.95692,16.092100000000002,9.95495,3.5406600000000004,0.726659,40.8681,30510,514,2,67387456
tiledb,rank,256,0,warm,window_65536,65536,,,128,3,37.510516005568206,0,0,0,0.404273042,262144,166012,,0.6332855224609375,,1.5790665735007108,,,,,,60943,1028,125132800,6809264128,0.237137,0.085428,0.03693,0.01051,0.012899,30.505942,0.03654,0.0,0.0,0.486093,1.805783,21.995149,0.0,0.417293,0.066939,5.786703,0.030059,65536,41458,15281,1,331664,21226496,21226496,4.20237,2.7853499999999998,7.92801,7.87209,1.59311,0.467932,21.5522,15281,257,1,33693728
tiledb,rank,256,0,warm,window_65536,65536,,,128,4,66.28442305373028,0,0,0,0.531393349,262144,165653,,0.6319160461425781,,1.5824886962505962,,,,,,61016,1028,182405120,6820519936,0.221487,0.089028,0.03737,0.01164,0.019479,62.319923,0.275026,0.0,0.0,1.547016,3.812273,45.476986,0.0,0.782458,0.090189,2.366704,0.03086,131072,82851,30470,1,662808,42419712,42419712,6.86696,4.7576600000000004,13.8818,9.98549,5.03522,0.790488,44.4398,30470,514,2,67387456
tiledb,rank,256,0,warm,window_65536,65536,,,128,5,63.12290101777762,0,0,0,0.537735103,262144,165510,,0.6313705444335938,,1.5838559603649327,,,,,,61220,1028,182405632,6819672064,0.223266,0.090029,0.044539,0.01147,0.019029,59.153991,0.066709,0.0,0.0,0.65388,3.584236,43.188931,0.0,0.792498,0.092619,2.331475,0.030859,131072,82852,30543,1,662816,42420224,42420224,7.60893,5.8370999999999995,15.5559,7.272340000000001,5.4064,1.01862,40.988499999999995,30543,514,2,67387456
tiledb,rank,256,0,warm,window_65536,65536,,,128,6,60.93143398175016,0,0,0,0.5230146840000001,262144,165794,,0.6324539184570312,,1.581142864036093,,,,,,61155,1028,182440448,6820044800,0.337024,0.089259,0.035799,0.00983,0.01935,56.991773,0.167257,0.0,0.0,0.849697,3.596466,40.003048,0.0,0.782218,0.088569,2.282606,0.029319,131072,82920,30640,1,663360,42455040,42455040,6.10572,4.08897,12.6537,10.2889,4.04715,0.826988,38.9445,30640,514,2,67387456
tiledb,rank,256,0,warm,window_65536,65536,,,128,7,69.90112899802625,0,0,0,0.6387065270000001,262144,165392,,0.63092041015625,,1.5849859727193576,,,,,,60775,1027,182423552,6839734272,0.217717,0.090448,0.03798,0.0119,0.019059,65.971438,0.274406,0.0,0.0,1.5170869999999999,3.269251,49.20465,0.0,0.778639,0.089338,2.326965,0.030289,131072,82505,30426,1,660040,42242560,42242560,6.6878,4.37675,14.2279,10.305399999999999,4.35167,0.847967,48.1558,30426,513,2,67256352
tiledb,rank,256,0,warm,window_65536,65536,,,128,8,62.70990695338696,0,0,0,0.486480432,262144,165709,,0.6321296691894531,,1.5819539071504867,,,,,,60901,1028,182407680,6829506560,0.218127,0.081609,0.03842,0.011019,0.013,31.061253,0.03739,0.0,0.0,0.464374,1.690164,22.415403,0.0,0.394854,0.047129,30.499632,0.030199,65536,41383,15227,1,331064,21188096,21188096,3.85515,2.5082899999999997,7.56463,6.38961,1.83375,0.467243,21.5704,15227,257,2,33693728
tiledb,rank,256,0,warm,window_65536,65536,,,128,9,99.12641998380423,0,0,0,0.772036766,262144,165707,,0.6321220397949219,,1.5819730005370927,,,,,,61063,1028,239806976,6840270848,0.249886,0.094609,0.036629,0.00935,0.025049,94.193824,0.491993,0.0,0.0,1.482459,5.360419,71.039821,0.0,1.153463,0.136918,2.871357,0.030559,196608,124308,45789,1,994464,63645696,63645696,10.3209,6.27937,21.013199999999998,7.4985,7.1997800000000005,1.7330100000000002,69.5355,45789,771,3,101081184
tiledb,rank,4096,0,cold,random,1024,,,128,0,1343.3989200275391,7420137472,7420137472,7420137472,4.607233895,4096,4095,,0.999755859375,,1.0002442002442002,,,,,,4095,3659,2167808,6771785728,0.160557,0.033699,0.04175,0.0147,0.007339,1328.10057,0.00269,0.0,0.0,0.129598,0.140268,1246.728824,0.0,0.061359,0.04505,14.504842,0.01576,1021,1020,1020,1,8160,522240,522240,0.833568,0.5720010000000001,1.2144199999999998,1238.38,60.43,0.237365,1246.66,1020,643,93,1785009944
tiledb,rank,4096,0,cold,random,1024,,,128,1,1331.502927991096,7347601408,7347601408,7347601408,4.3363962009999995,4096,4096,,1.0,,1.0,,,,,,4096,3621,2163712,6771806208,0.197127,0.033849,0.043489,0.01312,0.00729,1330.013021,0.02575,0.0,0.0,0.125078,0.137958,1241.773778,0.0,0.058449,0.04484,0.703679,0.016,1006,1006,1005,1,8048,515072,515072,0.852287,0.549431,1.23648,1232.3999999999999,53.381,0.20644700000000002,1241.7,1005,648,96,1820668192
tiledb,rank,4096,0,cold,random,1024,,,128,2,1342.2406270401552,7425081344,7425081344,7425081344,4.8162391410000005,4096,4095,,0.999755859375,,1.0002442002442002,,,,,,4095,3611,2189312,6771847168,0.161548,0.033989,0.043679,0.01368,0.00744,1333.946432,0.0188,0.0,0.0,0.11888800000000001,0.136318,1245.686099,0.0,0.060629,0.116908,7.462217,0.01583,1004,1004,1004,1,8032,514048,514048,0.835797,0.5280130000000001,1.2649,1236.37,62.0961,0.22634700000000002,1245.6100000000001,1004,651,92,1782912400
tiledb,rank,4096,0,cold,random,1024,,,128,3,1341.1445440142415,7339380736,7339380736,7339380736,4.519775341,4096,4096,,1.0,,1.0,,,,,,4096,3634,2155520,6772043776,0.191557,0.03481,0.041909,0.01262,0.00742,1331.585817,0.00261,0.0,0.0,0.115389,0.143148,1240.97473,0.0,0.060519,0.124248,8.707529,0.016099,1020,1020,1020,1,8160,522240,522240,0.969865,0.673592,1.44402,1230.9399999999998,55.6805,0.234126,1240.9099999999999,1020,644,92,1805985384
tiledb,rank,4096,0,cold,random,1024,,,128,4,1351.2449419940822,7432589312,7432589312,7432589312,4.523274451,4096,4096,,1.0,,1.0,,,,,,4096,3603,2169856,6772187136,0.219097,0.034699,0.043579,0.01312,0.00731,1346.07949,0.01825,0.0,0.0,0.11868899999999999,0.150577,1257.758288,0.0,0.058829,0.044849,4.341755,0.016,1044,1044,1044,1,8352,534528,534528,1.00701,0.6460520000000001,1.44237,1248.1599999999999,63.1281,0.267576,1257.69,1044,657,91,1835351000
tiledb,rank,4096,0,cold,random,1024,,,128,5,1335.5777069809847,7371980800,7371980800,7371980800,4.743333749,4096,4096,,1.0,,1.0,,,,,,4096,3624,2180096,6772244480,0.166618,0.0351,0.042959,0.01379,0.0075,1334.73461,0.00277,0.0,0.0,0.12284799999999998,0.179377,1246.408749,0.0,0.057249,0.051729,0.082338,0.01606,1054,1054,1054,1,8432,539648,539648,0.998615,0.6338290000000001,1.40845,1235.19,69.9079,0.211456,1246.34,1054,668,91,1810180472
tiledb,rank,4096,0,cold,random,1024,,,128,6,1333.5302880150266,7361785856,7361785856,7361785856,4.56268944,4096,4096,,1.0,,1.0,,,,,,4096,3624,2180608,6772297728,0.168107,0.041839,0.04296,0.01313,0.007409,1326.11784,0.00229,0.0,0.0,0.117358,0.140728,1235.102999,0.0,0.059739,0.0449,6.6497,0.01635,993,993,993,1,7944,508416,508416,0.842307,0.536792,1.26231,1224.73,62.0084,0.23702700000000002,1235.04,993,636,95,1803887840
tiledb,rank,4096,0,cold,random,1024,,,128,7,1340.5777119915,7349014528,7349014528,7349014528,4.724394785,4096,4096,,1.0,,1.0,,,,,,4095,3638,2173952,6772379648,0.164537,0.03466,0.042889,0.01312,0.00638,1339.669156,0.018969,0.0,0.0,0.126248,0.154138,1252.089833,0.0,0.055009,0.117498,0.083979,0.01586,1048,1048,1048,1,8384,536576,536576,0.908876,0.585578,1.2985,1241.1000000000001,61.0474,0.229587,1252.02,1048,665,91,1826960824
tiledb,rank,4096,0,cold,random,1024,,,128,8,1337.980101001449,7409958912,7409958912,7409958912,4.545472344,4096,4096,,1.0,,1.0,,,,,,4096,3610,2195456,6772494336,0.156028,0.03487,0.042539,0.01316,0.0067,1322.09189,0.02402,0.0,0.0,0.126478,0.141238,1230.753393,0.0,0.083419,0.044009,15.113012,0.0162,1021,1021,1021,1,8168,522752,522752,0.877306,0.558982,1.29656,1219.83,55.217099999999995,0.20795699999999998,1230.69,1021,649,95,1778717312
tiledb,rank,4096,0,cold,random,1024,,,128,9,1343.0554349906743,7370825728,7370825728,7370825728,4.555076001,4096,4096,,1.0,,1.0,,,,,,4096,3596,2198528,6772576256,0.155677,0.034169,0.04411,0.01228,0.007099,1340.75872,0.00218,0.0,0.0,0.127688,0.147088,1249.858137,0.0,0.062539,0.044789,1.547976,0.01666,1015,1015,1015,1,8120,519680,519680,0.767879,0.523771,1.17297,1241.85,50.8261,0.234386,1249.79,1015,640,91,1808082928
tiledb,rank,4096,0,cold,random,8192,,,128,0,1623.7723039812408,8591572992,8591572992,8591572992,11.361050673000001,32768,32755,,0.999603271484375,,1.0003968859716075,,,,,,32736,14178,17230336,6786949120,0.257176,0.092408,0.03736,0.014179,0.00665,1622.595842,0.00897,0.0,0.0,0.264036,1.187672,1524.99925,0.0,0.126728,0.049889,0.178687,0.01709,8245,8232,8214,1,65856,4214784,4214784,3.09857,1.85191,5.32261,1462.21,104.23599999999999,0.45952299999999996,1524.7900000000002,8214,1024,24,2147885056
tiledb,rank,4096,0,cold,random,8192,,,128,1,1623.6265460029244,8586743808,8586743808,8586743808,11.396363725,32768,32756,,0.9996337890625,,1.0003663450970814,,,,,,32741,14191,17276928,6787022848,0.290605,0.091159,0.037999,0.01315,0.00913,1622.365975,0.041869,0.0,0.0,0.369075,0.859877,1526.665974,0.0,0.124208,0.120478,0.177987,0.01766,8156,8147,8130,1,65176,4171264,4171264,2.84226,1.94771,5.09445,1460.03,107.32700000000001,0.466354,1526.47,8130,1023,26,2145787512
tiledb,rank,4096,0,cold,random,8192,,,128,2,1622.8258080082014,8589991936,8589991936,8589991936,11.459754433,32768,32755,,0.999603271484375,,1.0003968859716075,,,,,,32742,14161,17297408,6787137536,0.233637,0.092428,0.03792,0.011529,0.00878,1621.625997,0.01477,0.0,0.0,0.260006,0.993265,1526.914431,0.0,0.121588,0.123938,0.179708,0.017219,8198,8184,8165,1,65472,4190208,4190208,2.16474,1.50767,4.29986,1463.77,103.15599999999999,0.495662,1526.72,8165,1024,24,2147885056
tiledb,rank,4096,0,cold,random,8192,,,128,3,1595.0786260073073,8591572992,8591572992,8591572992,11.070455599,32768,32764,,0.9998779296875,,1.0001220852154804,,,,,,32746,14169,17279488,6787211264,0.229607,0.090248,0.03855,0.0124,0.007759,1593.963863,0.04546,0.0,0.0,0.266675,0.968636,1502.462378,0.0,0.125758,0.048679,0.177368,0.01718,8112,8104,8091,1,64832,4149248,4149248,2.4979,1.80019,4.76099,1437.2,102.76599999999999,0.457834,1502.26,8091,1024,24,2147885056
tiledb,rank,4096,0,cold,random,8192,,,128,4,1624.664091039449,8589905920,8589905920,8589905920,11.34659003,32768,32757,,0.999664306640625,,1.0003358060872485,,,,,,32746,14132,17221120,6787395584,0.261546,0.092658,0.03743,0.012979,0.0092,1623.516848,0.00875,0.0,0.0,0.267926,1.000255,1529.473352,0.0,0.121018,0.04914,0.179317,0.01719,8158,8151,8132,1,65208,4173312,4173312,2.6246199999999997,1.9246999999999999,4.64946,1465.6,103.72099999999999,0.468294,1529.26,8132,1024,24,2147885056
tiledb,rank,4096,0,cold,random,8192,,,128,5,1622.40253505297,8589971456,8589971456,8589971456,11.391661049,32768,32755,,0.999603271484375,,1.0003968859716075,,,,,,32745,14163,17242624,6787452928,0.221687,0.092519,0.03737,0.012549,0.00909,1621.279262,0.01159,0.0,0.0,0.260286,0.998745,1524.680264,0.0,0.123568,0.050379,0.179758,0.017179,8128,8119,8106,1,64952,4156928,4156928,2.60831,1.83014,4.73744,1459.35,108.824,0.530102,1524.47,8106,1024,24,2147885056
tiledb,rank,4096,0,cold,random,8192,,,128,6,1619.9004329973832,8589971456,8589971456,8589971456,11.455342889,32768,32761,,0.999786376953125,,1.0002136686914318,,,,,,32749,14131,17295872,6787497984,0.276516,0.092709,0.036569,0.01304,0.00661,1618.676541,0.049059,0.0,0.0,0.265606,1.079884,1525.554931,0.0,0.124108,0.122138,0.171248,0.01761,8314,8304,8294,1,66432,4251648,4251648,3.2324699999999997,2.08538,5.66988,1456.44,109.967,0.472283,1525.32,8294,1024,24,2147885056
tiledb,rank,4096,0,cold,random,8192,,,128,7,1612.078920006752,8589955072,8589955072,8589955072,11.390732485000001,32768,32759,,0.999725341796875,,1.0002747336609787,,,,,,32739,14194,17252864,6787612672,0.225156,0.095269,0.037779,0.014,0.00919,1610.951457,0.014019,0.0,0.0,0.26934600000000003,1.033835,1517.943105,0.0,0.124679,0.050529,0.179007,0.01743,8126,8114,8100,1,64912,4154368,4154368,2.47668,1.76101,4.757510000000001,1455.86,100.998,0.458084,1517.74,8100,1024,24,2147885056
tiledb,rank,4096,0,cold,random,8192,,,128,8,1611.0131859895773,8589975552,8589975552,8589975552,11.235184671999999,32768,32760,,0.999755859375,,1.0002442002442002,,,,,,32742,14084,17263616,6787727360,0.217697,0.092818,0.03619,0.01448,0.00738,1609.904362,0.043809,0.0,0.0,0.346435,1.016704,1516.835202,0.0,0.122248,0.04939,0.171877,0.01789,8114,8107,8083,1,64856,4150784,4150784,2.7507,1.90238,5.071759999999999,1454.1599999999999,104.55399999999999,0.489822,1516.6299999999999,8083,1023,26,2145787512
tiledb,rank,4096,0,cold,random,8192,,,128,9,1637.1403529774398,8591572992,8591572992,8591572992,11.504900716,32768,32763,,0.999847412109375,,1.0001526111772425,,,,,,32736,14222,17277440,6787690496,0.252546,0.091898,0.03823,0.013269,0.00812,1632.636751,0.054079,0.0,0.0,0.258586,1.068254,1536.560126,0.0,0.122838,0.04923,3.543947,0.01753,8268,8254,8239,1,66032,4226048,4226048,3.26186,2.04194,5.47454,1475.7800000000002,104.62,0.516843,1536.3500000000001,8239,1024,24,2147885056
tiledb,rank,4096,0,cold,random,65536,,,128,0,1624.701481021475,8591572992,8591572992,8591572992,11.817867867,262144,261627,,0.9980278015136719,,1.0019760957393542,,,,,,260583,16384,137551872,6912778240,0.278106,0.088868,0.03867,0.01556,0.017569,1622.157439,0.0538,0.0,0.0,1.404189,8.177397,1529.690039,0.0,0.64,0.151178,0.880917,0.030529,65873,65324,64261,1,522592,33445888,33445888,15.5514,11.319799999999999,33.4521,1374.42,80.5626,2.25356,1527.82,64261,1024,24,2147885056
tiledb,rank,4096,0,cold,random,65536,,,128,1,1636.3068760256283,8591572992,8591572992,8591572992,11.269188049,262144,261609,,0.9979591369628906,,1.0020450366768727,,,,,,260581,16384,137506304,6912716800,0.294346,0.084909,0.03785,0.013929,0.0164,1633.890072,0.054369,0.0,0.0,1.329399,7.35706,1538.89972,0.0,0.627981,0.057719,0.866957,0.030889,64997,64493,63493,1,515944,33020416,33020416,16.3629,12.2088,34.602199999999996,1380.72,67.55600000000001,2.33059,1537.61,63493,1024,24,2147885056
tiledb,rank,4096,0,cold,random,65536,,,128,2,1644.710329012014,8591572992,8591572992,8591572992,11.66338625,262144,261642,,0.9980850219726562,,1.0019186522041568,,,,,,260678,16384,137528832,6913101824,0.257066,0.088249,0.038199,0.01197,0.01726,1642.299735,0.063869,0.0,0.0,1.3454899999999999,7.451868,1552.463716,0.0,0.636521,0.066759,0.875427,0.031199,65833,65363,64336,1,522904,33465856,33465856,16.645400000000002,12.8691,34.561,1402.73,89.8395,1.59838,1550.8999999999999,64336,1024,24,2147885056
tiledb,rank,4096,0,cold,random,65536,,,128,3,1660.0124089745805,8591572992,8591572992,8591572992,11.719005881,262144,261637,,0.9980659484863281,,1.0019377993173748,,,,,,260688,16384,137579520,6913323008,0.279526,0.084689,0.038849,0.0138,0.016629,1657.604176,0.05284,0.0,0.0,1.33007,7.949311,1568.962468,0.0,0.63097,0.069889,0.867227,0.030389,65238,64707,63683,1,517656,33129984,33129984,13.9589,10.5501,28.2163,1405.78,85.1533,2.0998900000000003,1567.69,63683,1024,24,2147885056
tiledb,rank,4096,0,cold,random,65536,,,128,4,1665.0041139801033,8591572992,8591572992,8591572992,12.028566069,262144,261619,,0.9979972839355469,,1.0020067349848443,,,,,,260580,16384,137348608,6913695744,0.291336,0.084099,0.04009,0.014079,0.0168,1662.484492,0.053749,0.0,0.0,1.3167200000000001,7.819622,1563.094247,0.0,0.631341,0.148337,0.881587,0.029799,65347,64840,63826,1,518720,33198080,33198080,15.2576,11.4963,32.445,1404.0,79.35549999999999,2.8184400000000003,1561.82,63826,1024,24,2147885056
tiledb,rank,4096,0,cold,random,65536,,,128,5,1639.1977419843897,8591572992,8591572992,8591572992,11.441634572,262144,261647,,0.9981040954589844,,1.0018995058227307,,,,,,260634,16384,137368064,6913847296,0.265436,0.084549,0.037149,0.01442,0.01557,1636.728099,0.053989,0.0,0.0,1.38017,8.117318,1547.022908,0.0,0.63606,0.070599,0.878567,0.02927,65643,65171,64168,1,521368,33367552,33367552,15.072500000000002,11.294500000000001,35.286199999999994,1390.73,65.6797,2.14262,1545.69,64168,1024,24,2147885056
tiledb,rank,4096,0,cold,random,65536,,,128,6,1644.7970380540937,8591572992,8591572992,8591572992,12.001569329999999,262144,261607,,0.9979515075683594,,1.0020526973666606,,,,,,260609,16384,137446912,6914035712,0.315105,0.084758,0.03832,0.013419,0.01672,1642.340515,0.053849,0.0,0.0,1.30504,8.191457,1542.542676,0.0,0.632261,0.069209,0.876146,0.03063,65212,64693,63685,1,517544,33122816,33122816,12.952399999999999,9.71901,26.7902,1390.52,84.9522,2.17418,1541.29,63685,1024,24,2147885056
tiledb,rank,4096,0,cold,random,65536,,,128,7,1635.6532559730113,8591572992,8591572992,8591572992,11.596015855,262144,261597,,0.9979133605957031,,1.0020910025726595,,,,,,260572,16384,137393664,6914248704,0.402054,0.084809,0.042109,0.01388,0.01716,1633.085774,0.053179,0.0,0.0,1.309091,7.523177,1537.595019,0.0,0.63413,0.071849,0.873017,0.02969,65396,64897,63957,1,519176,33227264,33227264,14.8939,11.114,30.925500000000003,1376.94,76.5102,1.63477,1536.33,63957,1024,24,2147885056
tiledb,rank,4096,0,cold,random,65536,,,128,8,1690.6243289704435,8591572992,8591572992,8591572992,12.033742655000001,262144,261629,,0.9980354309082031,,1.0019684362207553,,,,,,260622,16384,137432064,6914551808,0.290325,0.085329,0.039329,0.01315,0.01662,1688.196535,0.053409,0.0,0.0,1.306289,8.467253,1585.351612,0.0,0.631601,0.061269,0.878417,0.030609,65186,64693,63737,1,517544,33122816,33122816,14.954500000000001,11.4841,30.7937,1427.9299999999998,94.8683,1.54907,1584.06,63737,1024,24,2147885056
tiledb,rank,4096,0,cold,random,65536,,,128,9,1672.2185959806666,8591572992,8591572992,8591572992,12.241100329,262144,261633,,0.9980506896972656,,1.0019531175348675,,,,,,260582,16384,137373696,6914670592,0.338575,0.084109,0.038639,0.01383,0.01642,1669.758783,0.054749,0.0,0.0,1.3497890000000001,7.855172,1573.371202,0.0,0.63006,0.070189,0.865977,0.0296,65478,64947,63974,1,519576,33252864,33252864,13.5381,9.840959999999999,29.0603,1391.07,92.0789,2.27684,1572.12,63974,1024,24,2147885056
tiledb,rank,4096,0,cold,window_256,1024,,,128,0,4.043588996864855,10280960,10280960,10280960,0.020146759,4096,1002,,0.24462890625,,4.087824351297405,,,,,,25,4,3136000,6783332352,0.148808,0.091909,0.03542,0.010829,0.00739,3.478478,0.01486,0.0,0.0,0.079509,0.01027,2.730059,0.0,0.02307,0.027889,0.046239,0.01247,3072,748,22,1,5984,382976,382976,0.398304,0.255375,0.43816299999999997,1.79919,0.303935,0.023459999999999998,2.6893,22,3,3,6292632
tiledb,rank,4096,0,cold,window_256,1024,,,128,1,4.4150129542686045,12345344,12345344,12345344,0.020359765000000002,4096,1009,,0.246337890625,,4.059464816650149,,,,,,18,5,2445824,6783217664,0.126668,0.032239,0.03369,0.00851,0.006259,3.143183,0.00146,0.0,0.0,0.059829,0.00563,2.66716,0.0,0.01409,0.01995,0.894447,0.0123,1024,251,5,1,2008,128512,128512,0.208447,0.116508,0.264726,2.07399,0.184747,0.026069000000000002,2.63838,5,1,1,2097544
tiledb,rank,4096,0,cold,window_256,1024,,,128,2,4.908566013909876,12386304,12386304,12386304,0.017951592,4096,1007,,0.245849609375,,4.067527308838133,,,,,,20,5,1752064,6783115264,0.138498,0.032339,0.03568,0.008649,0.00715,4.477453,0.00192,0.0,0.0,0.069079,0.00667,3.880302,0.0,0.01643,0.022139,0.049719,0.01164,1024,252,5,1,2016,129024,129024,0.259206,0.156808,0.301275,3.12913,0.27725500000000003,0.02702,3.8454800000000002,5,2,1,4195088
tiledb,rank,4096,0,cold,window_256,1024,,,128,3,3.545557032339275,10264576,10264576,10264576,0.017064723,4096,1010,,0.24658203125,,4.0554455445544555,,,,,,18,4,2446336,6783119360,0.115148,0.03276,0.033949,0.00879,0.0064,3.117423,0.00457,0.0,0.0,0.053629,0.00706,2.600861,0.0,0.01793,0.024839,0.059579,0.01167,2048,505,9,1,4040,258560,258560,0.399495,0.280227,0.439754,1.7207299999999999,0.268816,0.02565,2.5734,9,2,2,4195088
tiledb,rank,4096,0,cold,window_256,1024,,,128,4,3.7598940543830395,10231808,10231808,10231808,0.017217313,4096,1007,,0.245849609375,,4.067527308838133,,,,,,20,4,2447872,6783107072,0.096099,0.03172,0.029239,0.00847,0.00606,2.417694,0.00163,0.0,0.0,0.03114,0.00409,2.096038,0.0,0.01607,0.020629,1.002895,0.0119,1024,251,6,1,2008,128512,128512,0.194217,0.132627,0.226107,1.54429,0.21956699999999998,0.024638999999999998,2.07524,6,1,1,2097544
tiledb,rank,4096,0,cold,window_256,1024,,,128,5,3.765534027479589,10215424,10215424,10215424,0.018041098,4096,1009,,0.246337890625,,4.059464816650149,,,,,,19,4,2446848,6783098880,0.099129,0.032819,0.02842,0.00886,0.00635,2.768668,0.005179,0.0,0.0,0.02588,0.00312,2.323765,0.0,0.01701,0.022569,0.643981,0.011609,2048,506,8,1,4048,259072,259072,0.239566,0.166857,0.27337599999999995,1.7055900000000002,0.235647,0.026519,2.3061499999999997,8,2,2,4195088
tiledb,rank,4096,0,cold,window_256,1024,,,128,6,3.2867409754544497,10399744,10399744,10399744,0.015641466,4096,1006,,0.24560546875,,4.071570576540755,,,,,,22,4,2444288,6783066112,0.116538,0.032279,0.03017,0.00874,0.006469,2.886897,0.00534,0.0,0.0,0.033530000000000004,0.00491,2.430053,0.0,0.0182,0.023969,0.04286,0.010699,2048,501,13,1,4008,256512,256512,0.343115,0.230057,0.38358499999999995,1.65952,0.25578599999999996,0.022899,2.40966,13,2,2,4195088
tiledb,rank,4096,0,cold,window_256,1024,,,128,7,4.4029440032318234,10276864,10276864,10276864,0.020605922,4096,1012,,0.2470703125,,4.047430830039525,,,,,,16,4,3142144,6783086592,0.123089,0.0,0.0,0.0078,0.0,0.00018,0.0,0.0,0.0,0.0,0.0,0.0,0.0,0.0,0.0,4.174817,0.011,0,0,0,0,0,0,0,0.0,0.0,0.0,0.0,0.0,0.0,0.0,0,0,0,0
tiledb,rank,4096,0,cold,window_256,1024,,,128,8,3.6747140111401677,10362880,10362880,10362880,0.017922595,4096,1008,,0.24609375,,4.063492063492063,,,,,,19,4,3139584,6783066112,0.123588,0.085738,0.02573,0.00834,0.005,3.218292,0.00705,0.0,0.0,0.030839,0.00434,2.607281,0.0,0.020049,0.02396,0.044369,0.01143,3072,755,15,1,6040,386560,386560,0.33399500000000004,0.244746,0.372844,1.78609,0.300796,0.025488999999999998,2.5868599999999997,15,3,3,6292632
tiledb,rank,4096,0,cold,window_256,1024,,,128,9,3.852131951134652,12308480,12308480,12308480,0.018355932,4096,1006,,0.24560546875,,4.071570576540755,,,,,,22,5,2444800,6783045632,0.103159,0.03177,0.02969,0.008669,0.00606,3.480608,0.00151,0.0,0.0,0.02718,0.00249,3.014905,0.0,0.01522,0.01988,0.02869,0.01134,1024,252,5,1,2016,129024,129024,0.247776,0.151979,0.299225,2.31068,0.282405,0.025150000000000002,2.99724,5,2,1,4195088
tiledb,rank,4096,0,cold,window_256,8192,,,128,0,4.51949198031798,12423168,12423168,12423168,0.018686214,32768,1024,,0.03125,,32.0,,,,,,4,5,17912832,6782365696,0.164878,0.086479,0.02884,0.00827,0.006409,2.284846,0.00143,0.0,0.0,0.02531,0.00181,1.98298,0.0,0.01585,0.0246,1.780144,0.012869,8192,256,1,1,2048,131072,131072,0.070589,0.03204,0.114608,1.58358,0.195517,0.024079,1.9661499999999998,1,1,1,2097544
tiledb,rank,4096,0,cold,window_256,8192,,,128,1,4.917195998132229,11960320,11960320,11960320,0.019165882000000002,32768,1024,,0.03125,,32.0,,,,,,4,4,17912832,6782619648,0.164038,0.085768,0.029,0.00858,0.00699,2.899436,0.0015,0.0,0.0,0.025068999999999998,0.00226,2.358815,0.0,0.01782,0.024949,1.553967,0.01291,16384,512,2,1,4096,262144,262144,0.165067,0.108929,0.21439699999999998,1.7871899999999998,0.23388599999999998,0.027229999999999997,2.34146,2,2,2,4195088
tiledb,rank,4096,0,cold,window_256,8192,,,128,2,3.569295979104936,10326016,10326016,10326016,0.016241182,32768,1024,,0.03125,,32.0,,,,,,4,4,17912832,6782484480,0.175207,0.0,0.0,0.0078,0.0,0.00019,0.0,0.0,0.0,0.0,0.0,0.0,0.0,0.0,0.0,3.287771,0.012559,0,0,0,0,0,0,0,0.0,0.0,0.0,0.0,0.0,0.0,0.0,0,0,0,0
tiledb,rank,4096,0,cold,window_256,8192,,,128,3,3.837023046799004,10235904,10235904,10235904,0.0192992,32768,1024,,0.03125,,32.0,,,,,,4,4,17912832,6782607360,0.169868,0.088158,0.02723,0.00827,0.00711,3.038384,0.0016,0.0,0.0,0.025029,0.00251,2.445333,0.0,0.01804,0.025689,0.325755,0.01259,16384,512,2,1,4096,262144,262144,0.15329800000000002,0.097118,0.18729700000000002,1.83602,0.276276,0.03054,2.42769,2,2,2,4195088
tiledb,rank,4096,0,cold,window_256,8192,,,128,4,4.0645290282554924,10268672,10268672,10268672,0.019519445,32768,1024,,0.03125,,32.0,,,,,,4,4,17912832,6782468096,0.162167,0.086829,0.02639,0.008229,0.00611,3.046214,0.00129,0.0,0.0,0.02535,0.00182,2.402764,0.0,0.064349,0.05051,0.338385,0.01773,8192,256,1,1,2048,131072,131072,0.061089,0.03794,0.09866799999999999,1.84671,0.25656700000000005,0.029560000000000003,2.38038,1,1,1,2097544
tiledb,rank,4096,0,cold,window_256,8192,,,128,5,3.929410013370216,10219520,10219520,10219520,0.017778106000000002,32768,1024,,0.03125,,32.0,,,,,,4,4,17912832,6782464000,0.185798,0.088599,0.03561,0.009619,0.00654,3.026085,0.00202,0.0,0.0,0.067559,0.00601,2.482553,0.0,0.018379,0.02536,0.325815,0.0126,16384,512,2,1,4096,262144,262144,0.145128,0.09416000000000001,0.186447,1.85165,0.282055,0.02567,2.45279,2,2,2,4195088
tiledb,rank,4096,0,cold,window_256,8192,,,128,6,3.9758209604769945,10256384,10256384,10256384,0.019550796,32768,1024,,0.03125,,32.0,,,,,,4,4,22633472,6782586880,0.177188,0.0,0.0,0.008439,0.0,0.00021,0.0,0.0,0.0,0.0,0.0,0.0,0.0,0.0,0.0,3.681775,0.01243,0,0,0,0,0,0,0,0.0,0.0,0.0,0.0,0.0,0.0,0.0,0,0,0,0
tiledb,rank,4096,0,cold,window_256,8192,,,128,7,4.242686030920595,10362880,10362880,10362880,0.020909143999999998,32768,1024,,0.03125,,32.0,,,,,,4,4,22633472,6782570496,0.184187,0.073308,0.02952,0.00817,0.00722,3.363439,0.00175,0.0,0.0,0.024459,0.00248,2.630081,0.0,0.02032,0.02588,0.397365,0.013059,24576,768,3,1,6144,393216,393216,0.225577,0.13797700000000002,0.258336,1.91145,0.317386,0.029589,2.6126,3,3,3,6292632
tiledb,rank,4096,0,cold,window_256,8192,,,128,8,3.5091869649477303,10166272,10166272,10166272,0.016877714,32768,1024,,0.03125,,32.0,,,,,,4,4,17912832,6782447616,0.166847,0.087609,0.026839,0.00851,0.00615,2.758388,0.00457,0.0,0.0,0.024959,0.0024,2.344095,0.0,0.01807,0.0251,0.281245,0.01246,16384,512,2,1,4096,262144,262144,0.136508,0.096459,0.175538,1.75574,0.290876,0.026879,2.32663,2,2,2,4195088
tiledb,rank,4096,0,cold,window_256,8192,,,128,9,3.75529401935637,10240000,10240000,10240000,0.015075733000000001,32768,1024,,0.03125,,32.0,,,,,,4,4,13192192,6782296064,0.195427,0.088249,0.026919,0.0082,0.00707,2.968725,0.00124,0.0,0.0,0.028739999999999998,0.00195,2.61768,0.0,0.01482,0.0237,0.285776,0.01277,8192,256,1,1,2048,131072,131072,0.070699,0.039208999999999994,0.104239,2.2443799999999996,0.167628,0.024799,2.5999399999999997,1,1,1,2097544
tiledb,rank,4096,0,cold,window_256,65536,,,128,0,7.706573989707977,12447744,12447744,12447744,0.037306978,262144,1024,,0.00390625,,256.0,,,,,,4,5,218703872,6782689280,0.212117,0.091629,0.02959,0.008269,0.00705,4.984155,0.00612,0.0,0.0,0.02443,0.00299,3.835012,0.0,0.02127,0.086999,2.131678,0.030709,262144,1024,4,1,8192,524288,524288,0.202716,0.129758,0.242446,2.82045,0.600211,0.036288999999999995,3.8177,4,5,4,10487720
tiledb,rank,4096,0,cold,window_256,65536,,,128,1,5.025813996326178,10371072,10371072,10371072,0.021029415,262144,1024,,0.00390625,,256.0,,,,,,4,4,143177728,6783705088,0.190137,0.075239,0.028639,0.00828,0.00682,2.352735,0.00143,0.0,0.0,0.02457,0.00194,1.99738,0.0,0.0159,0.033499,2.179997,0.02441,65536,256,1,1,2048,131072,131072,0.03036,0.01179,0.067079,1.66939,0.168917,0.01794,1.9806300000000001,1,1,1,2097544
tiledb,rank,4096,0,cold,window_256,65536,,,128,2,5.590524990111589,10354688,10354688,10354688,0.022098375,262144,1024,,0.00390625,,256.0,,,,,,4,4,143177728,6783696896,0.183077,0.083928,0.0281,0.00832,0.00719,2.766928,0.00513,0.0,0.0,0.024789,0.00245,2.287096,0.0,0.01883,0.054089,2.292595,0.02474,131072,512,2,1,4096,262144,262144,0.162938,0.125258,0.192607,1.72513,0.243417,0.032778999999999996,2.26897,2,2,2,4195088
tiledb,rank,4096,0,cold,window_256,65536,,,128,3,5.966499971691519,10334208,10334208,10334208,0.022956158,262144,1024,,0.00390625,,256.0,,,,,,4,4,143177728,6783696896,0.182687,0.088319,0.028449,0.00821,0.00615,3.146752,0.00153,0.0,0.0,0.02507,0.002409,2.604521,0.0,0.01661,0.052539,2.299876,0.022949,131072,512,2,1,4096,262144,262144,0.159448,0.116068,0.219307,1.95236,0.28972600000000004,0.032839,2.58673,2,2,2,4195088
tiledb,rank,4096,0,cold,window_256,65536,,,128,4,5.319899995811284,10280960,10280960,10280960,0.024731717,262144,1024,,0.00390625,,256.0,,,,,,4,4,143177728,6784741376,0.184237,0.083919,0.028109,0.00846,0.00651,3.051844,0.00461,0.0,0.0,0.02461,0.00244,2.413373,0.0,0.01891,0.054629,1.741624,0.025319,131072,512,2,1,4096,262144,262144,0.109109,0.06719,0.138908,1.88707,0.264476,0.026449,2.39135,2,2,2,4195088
tiledb,rank,4096,0,cold,window_256,65536,,,128,5,4.814358020666987,10412032,10412032,10412032,0.019833943,262144,1024,,0.00390625,,256.0,,,,,,4,4,143177728,6783684608,0.171198,0.077009,0.0287,0.0082,0.00701,2.487612,0.00127,0.0,0.0,0.024559,0.0019,2.137088,0.0,0.01591,0.03375,1.846483,0.024329,65536,256,1,1,2048,131072,131072,0.076989,0.053599,0.12300799999999999,1.7252100000000001,0.17296799999999998,0.026909,2.11939,1,1,1,2097544
tiledb,rank,4096,0,cold,window_256,65536,,,128,6,5.733694008085877,10272768,10272768,10272768,0.021850406,262144,1024,,0.00390625,,256.0,,,,,,4,4,143177728,6783680512,0.184038,0.083569,0.02804,0.00847,0.006509,2.934086,0.00187,0.0,0.0,0.02426,0.00247,2.294576,0.0,0.01846,0.053139,2.276566,0.02535,131072,512,2,1,4096,262144,262144,0.135248,0.099138,0.182437,1.7035,0.275826,0.03116,2.27713,2,2,2,4195088
tiledb,rank,4096,0,cold,window_256,65536,,,128,7,5.8094930136576295,12378112,12378112,12378112,0.024626834,262144,1024,,0.00390625,,256.0,,,,,,4,5,143177728,6783672320,0.206807,0.086049,0.028249,0.00845,0.00643,2.995675,0.00225,0.0,0.0,0.02605,0.00255,2.378284,0.0,0.01907,0.053509,2.274256,0.025709,131072,512,2,1,4096,262144,262144,0.151118,0.098529,0.175398,1.83663,0.253876,0.02122,2.36051,2,2,2,4195088
tiledb,rank,4096,0,cold,window_256,65536,,,128,8,4.841817019041628,10366976,10366976,10366976,0.020112961999999998,262144,1024,,0.00390625,,256.0,,,,,,4,4,143177728,6783668224,0.177817,0.079248,0.02861,0.00846,0.00693,2.246756,0.00215,0.0,0.0,0.024809,0.00191,1.885032,0.0,0.01525,0.034289,2.103559,0.025539,65536,256,1,1,2048,131072,131072,0.02753,0.00989,0.071239,1.53189,0.188417,0.023139999999999997,1.86739,1,1,1,2097544
tiledb,rank,4096,0,cold,window_256,65536,,,128,9,6.455213006120175,14495744,14495744,14495744,0.028684666,262144,1024,,0.00390625,,256.0,,,,,,4,6,143177728,6784716800,0.171268,0.0,0.0,0.008,0.0,0.00019,0.0,0.0,0.0,0.0,0.0,0.0,0.0,0.0,0.0,6.163308,0.023259,0,0,0,0,0,0,0,0.0,0.0,0.0,0.0,0.0,0.0,0.0,0,0,0,0
tiledb,rank,4096,0,cold,window_4096,1024,,,128,0,7.316710019949824,18632704,18632704,18632704,0.041539171,4096,3596,,0.8779296875,,1.139043381535039,,,,,,2785,8,3111936,6785167360,0.138578,0.031279,0.02828,0.00894,0.00699,5.555526,0.00209,0.0,0.0,0.048779,0.091709,4.703289,0.0,0.02136,0.020249,1.38669,0.01107,1024,893,692,1,7144,457216,457216,0.7811680000000001,0.46896299999999996,0.987225,3.1653100000000003,0.326716,0.05565,4.663600000000001,692,2,1,4195088
tiledb,rank,4096,0,cold,window_4096,1024,,,128,1,7.15865200618282,18694144,18694144,18694144,0.038317131,4096,3616,,0.8828125,,1.1327433628318584,,,,,,2840,8,3123712,6784348160,0.107608,0.03183,0.029409,0.00864,0.00707,5.089163,0.00592,0.0,0.0,0.047239,0.084019,4.193187,0.0,0.02035,0.01759,1.720114,0.01091,1024,894,705,1,7152,457728,457728,0.714349,0.437883,0.923616,2.75412,0.278986,0.070869,4.150390000000001,705,2,1,4195088
tiledb,rank,4096,0,cold,window_4096,1024,,,128,2,6.93121604854241,18763776,18763776,18763776,0.0345482,4096,3608,,0.880859375,,1.1352549889135255,,,,,,2822,8,3111424,6784643072,0.129238,0.031479,0.028,0.00842,0.00683,4.514232,0.00179,0.0,0.0,0.055988,0.097249,3.714275,0.0,0.02156,0.019659,2.051469,0.01125,1024,896,732,1,7168,458752,458752,0.605771,0.366386,0.8138070000000001,2.45397,0.256577,0.055449,3.67121,732,2,1,4195088
tiledb,rank,4096,0,cold,window_4096,1024,,,128,3,7.367629965301603,18644992,18644992,18644992,0.037118316,4096,3621,,0.884033203125,,1.1311792322562828,,,,,,2839,8,3113472,6784311296,0.111918,0.031059,0.02755,0.00845,0.00613,4.59507,0.002499,0.0,0.0,0.091639,0.088199,3.770543,0.0,0.02105,0.01945,2.423043,0.00899,1024,907,710,1,7256,464384,464384,0.64945,0.41764500000000004,0.860737,2.4403099999999998,0.27181599999999995,0.059249,3.7296400000000003,710,2,1,4195088
tiledb,rank,4096,0,cold,window_4096,1024,,,128,4,8.430383051745594,18747392,18747392,18747392,0.044672202,4096,3607,,0.880615234375,,1.1355697255336845,,,,,,2841,8,4143104,6784598016,0.121438,0.083108,0.02713,0.00894,0.00719,7.94639,0.015989,0.0,0.0,0.091959,0.259456,5.712834,0.0,0.03901,0.024069,0.043969,0.01092,3072,2715,2121,1,21720,1390080,1390080,1.25352,0.7774610000000001,1.8783,2.7615700000000003,0.66891,0.087768,5.61491,2121,6,3,12585264
tiledb,rank,4096,0,cold,window_4096,1024,,,128,5,7.532996998634189,18653184,18653184,18653184,0.043479295,4096,3641,,0.888916015625,,1.1249656687723153,,,,,,2810,8,3125760,6784634880,0.107949,0.03232,0.029249,0.00905,0.00706,6.944896,0.00828,0.0,0.0,0.06345,0.169067,5.29892,0.0,0.029499,0.02348,0.219917,0.010639,2048,1809,1397,1,14472,926208,926208,0.919726,0.573533,1.3192,3.2238700000000002,0.450334,0.089639,5.2419199999999995,1397,4,2,8390176
tiledb,rank,4096,0,cold,window_4096,1024,,,128,6,6.584360962733626,18657280,18657280,18657280,0.03572519,4096,3622,,0.88427734375,,1.1308669243511873,,,,,,2835,8,3117568,6784577536,0.129708,0.031889,0.02946,0.008669,0.00715,6.141868,0.00799,0.0,0.0,0.06533,0.173547,4.814417,0.0,0.02958,0.023619,0.061269,0.0107,2048,1816,1415,1,14528,929792,929792,0.819167,0.5380619999999999,1.24327,2.78033,0.517083,0.06938899999999999,4.753430000000001,1415,4,2,8390176
tiledb,rank,4096,0,cold,window_4096,1024,,,128,7,8.423443010542542,18698240,18698240,18698240,0.044275247999999996,4096,3640,,0.888671875,,1.1252747252747253,,,,,,2834,8,4149760,6784892928,0.094209,0.03215,0.029849,0.0088,0.00699,4.461903,0.00655,0.0,0.0,0.04235,0.086678,3.37022,0.0,0.02221,0.02081,3.613976,0.01234,1024,912,704,1,7296,466944,466944,0.535582,0.325306,0.718419,2.15536,0.28312600000000004,0.04786,3.29797,704,2,1,4195088
tiledb,rank,4096,0,cold,window_4096,1024,,,128,8,5.978260014671832,18636800,18636800,18636800,0.031004694,4096,3636,,0.8876953125,,1.1265126512651265,,,,,,2812,8,2095104,6783950848,0.120508,0.03136,0.029299,0.00828,0.00614,5.594416,0.00252,0.0,0.0,0.04594,0.097818,4.677219,0.0,0.021369,0.01935,0.02907,0.011149,1024,923,720,1,7384,472576,472576,0.748349,0.458351,0.9861850000000001,3.19771,0.271616,0.067599,4.63568,720,2,1,4195088
tiledb,rank,4096,0,cold,window_4096,1024,,,128,9,7.10043398430571,18694144,18694144,18694144,0.037140289,4096,3644,,0.8896484375,,1.12403951701427,,,,,,2842,8,3125248,6784266240,0.105509,0.031459,0.02793,0.00838,0.006149,5.064194,0.0059,0.0,0.0,0.087329,0.091139,4.065988,0.0,0.02153,0.01957,1.685214,0.01088,1024,902,709,1,7216,461824,461824,0.6763399999999999,0.418302,0.893487,2.66609,0.289366,0.064389,4.02762,709,2,1,4195088
tiledb,rank,4096,0,cold,window_4096,8192,,,128,0,7.415967993438244,18665472,18665472,18665472,0.044825372,32768,14167,,0.432342529296875,,2.3129808710383286,,,,,,1951,8,21692928,6785601536,0.275156,0.0,0.0,0.00825,0.0,0.0003,0.0,0.0,0.0,0.0,0.0,0.0,0.0,0.0,0.0,7.012545,0.01309,0,0,0,0,0,0,0,0.0,0.0,0.0,0.0,0.0,0.0,0.0,0,0,0,0
tiledb,rank,4096,0,cold,window_4096,8192,,,128,1,6.877597013954073,18685952,18685952,18685952,0.035125467,32768,14213,,0.433746337890625,,2.3054949693942164,,,,,,1879,8,21692928,6785544192,0.178967,0.0,0.0,0.00814,0.0,0.00024,0.0,0.0,0.0,0.0,0.0,0.0,0.0,0.0,0.0,6.580401,0.01301,0,0,0,0,0,0,0,0.0,0.0,0.0,0.0,0.0,0.0,0.0,0,0,0,0
tiledb,rank,4096,0,cold,window_4096,8192,,,128,2,7.325710030272603,18718720,18718720,18718720,0.036433566,32768,14204,,0.4334716796875,,2.3069557871022246,,,,,,1906,8,21692928,6785851392,0.210386,0.089629,0.027379,0.00887,0.0079,6.425464,0.02577,0.0,0.0,0.052808,0.124019,5.011865,0.0,0.080808,0.02586,0.327485,0.01324,16384,7093,953,1,56744,3631616,3631616,0.724719,0.443652,0.9828459999999999,3.23164,0.453623,0.155518,4.96767,953,4,2,8390176
tiledb,rank,4096,0,cold,window_4096,8192,,,128,3,7.13725300738588,18767872,18767872,18767872,0.037015326,32768,14142,,0.43157958984375,,2.317069721397256,,,,,,1925,8,21692928,6785540096,0.162508,0.091119,0.02659,0.00846,0.007579,6.305256,0.02338,0.0,0.0,0.051179,0.112828,4.867467,0.0,0.076648,0.02543,0.302595,0.0129,16384,7040,985,1,56320,3604480,3604480,0.68523,0.44694500000000004,0.971515,3.03626,0.5282519999999999,0.154367,4.8187500000000005,985,4,3,8390176
tiledb,rank,4096,0,cold,window_4096,8192,,,128,4,6.953525997232646,18759680,18759680,18759680,0.033286128,32768,14161,,0.432159423828125,,2.3139608784690346,,,,,,1941,8,21692928,6785523712,0.166178,0.0,0.0,0.00801,0.0,0.00024,0.0,0.0,0.0,0.0,0.0,0.0,0.0,0.0,0.0,6.66823,0.01297,0,0,0,0,0,0,0,0.0,0.0,0.0,0.0,0.0,0.0,0.0,0,0,0,0
tiledb,rank,4096,0,cold,window_4096,8192,,,128,5,5.904761957935989,18657280,18657280,18657280,0.029725755,32768,14159,,0.432098388671875,,2.3142877321844764,,,,,,1930,8,14801408,6785044480,0.167598,0.089578,0.02651,0.00843,0.00723,5.145632,0.00427,0.0,0.0,0.034539,0.060459,4.352585,0.0,0.04581,0.024869,0.258556,0.01262,8192,3554,467,1,28432,1819648,1819648,0.5830810000000001,0.37881299999999996,0.738779,2.9476400000000003,0.314695,0.163558,4.29151,467,2,1,4195088
tiledb,rank,4096,0,cold,window_4096,8192,,,128,6,8.800678013358265,18632704,18632704,18632704,0.047758625,32768,14144,,0.431640625,,2.316742081447964,,,,,,1913,8,27458560,6786043904,0.169637,0.075219,0.0275,0.009549,0.00802,7.842602,0.03614,0.0,0.0,0.06261,0.180617,5.841062,0.0,0.111919,0.026739,0.398664,0.01275,24576,10621,1426,1,84968,5437952,5437952,1.01655,0.658181,1.44411,3.3032,0.69056,0.16928700000000002,5.777659999999999,1426,6,3,12585264
tiledb,rank,4096,0,cold,window_4096,8192,,,128,7,5.95553097082302,18644992,18644992,18644992,0.029594017,32768,14119,,0.430877685546875,,2.3208442524258093,,,,,,1959,8,14793728,6785064960,0.163058,0.089298,0.0263,0.00882,0.00718,5.119363,0.012969,0.0,0.0,0.03553,0.066789,4.263236,0.0,0.045029,0.02448,0.339365,0.01218,8192,3504,519,1,28032,1794048,1794048,0.638951,0.421143,0.814438,2.8984,0.29760600000000004,0.121408,4.2345500000000005,519,2,1,4195088
tiledb,rank,4096,0,cold,window_4096,8192,,,128,8,7.159731991123408,18665472,18665472,18665472,0.033781753,32768,14169,,0.432403564453125,,2.312654386336368,,,,,,1899,8,21692928,6785548288,0.164637,0.0,0.0,0.00797,0.0,0.00031,0.0,0.0,0.0,0.0,0.0,0.0,0.0,0.0,0.0,6.873037,0.013129,0,0,0,0,0,0,0,0.0,0.0,0.0,0.0,0.0,0.0,0.0,0,0,0,0
tiledb,rank,4096,0,cold,window_4096,8192,,,128,9,7.222371990792453,18681856,18681856,18681856,0.038541502,32768,14168,,0.432373046875,,2.312817617165443,,,,,,1908,8,21692928,6785564672,0.172107,0.089488,0.02715,0.00827,0.0075,6.345574,0.00717,0.0,0.0,0.05257,0.120288,4.912176,0.0,0.079439,0.02564,0.337004,0.01315,16384,7084,943,1,56672,3627008,3627008,0.825868,0.53471,1.1466399999999999,2.9462,0.431154,0.15859700000000002,4.82455,943,4,2,8390176
tiledb,rank,4096,0,cold,window_4096,65536,,,128,0,8.277684974018484,18657280,18657280,18657280,0.03890735,262144,16384,,0.0625,,16.0,,,,,,4,8,144179712,6789259264,0.198537,0.084859,0.02937,0.00856,0.007959,5.382229,0.04309,0.0,0.0,0.024119,0.00428,4.473343,0.0,0.090649,0.055149,2.279286,0.025499,131072,8192,2,1,65536,4194304,4194304,0.124628,0.079238,0.17224699999999998,3.60196,0.5136620000000001,0.086069,4.45668,2,4,2,8390176
tiledb,rank,4096,0,cold,window_4096,65536,,,128,1,6.894235964864492,18677760,18677760,18677760,0.028525649,262144,16384,,0.0625,,16.0,,,,,,4,8,106430976,6788952064,0.184737,0.079089,0.027839,0.00813,0.0069,4.596421,0.00479,0.0,0.0,0.028548999999999998,0.00329,4.02055,0.0,0.050089,0.03476,1.769674,0.02513,65536,4096,1,1,32768,2097152,2097152,0.02897,0.01013,0.07020900000000001,3.48577,0.310025,0.06525900000000001,4.0019,1,2,1,4195088
tiledb,rank,4096,0,cold,window_4096,65536,,,128,2,7.750354008749127,18751488,18751488,18751488,0.031533576,262144,16384,,0.0625,,16.0,,,,,,4,8,144179712,6790213632,0.191097,0.084749,0.027429,0.00861,0.00817,4.854767,0.02866,0.0,0.0,0.025519,0.00442,3.952671,0.0,0.087179,0.058699,2.285745,0.02577,131072,8192,2,1,65536,4194304,4194304,0.08881900000000001,0.041939,0.117478,3.21909,0.422494,0.09867899999999999,3.93505,2,4,2,8390176
tiledb,rank,4096,0,cold,window_4096,65536,,,128,3,7.5034869951196015,18608128,18608128,18608128,0.029795477,262144,16384,,0.0625,,16.0,,,,,,4,8,144179712,6790344704,0.204307,0.075749,0.028479,0.00835,0.00526,4.040489,0.00505,0.0,0.0,0.0241,0.00297,3.371979,0.0,0.05065,0.032879,2.913366,0.02399,65536,4096,1,1,32768,2097152,2097152,0.059589,0.04061,0.120679,2.8082200000000004,0.267276,0.083639,3.35579,1,2,1,4195088
tiledb,rank,4096,0,cold,window_4096,65536,,,128,4,8.060559048317373,18698240,18698240,18698240,0.0329049,262144,16384,,0.0625,,16.0,,,,,,4,8,144179712,6790209536,0.190657,0.085669,0.028589,0.00841,0.00794,5.168972,0.0081,0.0,0.0,0.024829,0.00443,4.078699,0.0,0.089049,0.054589,2.284955,0.02459,131072,8192,2,1,65536,4194304,4194304,0.161478,0.114048,0.207287,3.1197999999999997,0.512992,0.12301799999999999,4.06194,2,4,2,8390176
tiledb,rank,4096,0,cold,window_4096,65536,,,128,5,7.971099985297769,18849792,18849792,18849792,0.031951355,262144,16384,,0.0625,,16.0,,,,,,4,8,144179712,6790213632,0.197657,0.084519,0.027519,0.00827,0.00836,5.074054,0.00764,0.0,0.0,0.02479,0.00425,4.092758,0.0,0.090758,0.05604,2.282246,0.02494,131072,8192,2,1,65536,4194304,4194304,0.182148,0.132248,0.23539700000000002,3.0849900000000003,0.604851,0.062179000000000005,4.0758,2,4,2,8390176
tiledb,rank,4096,0,cold,window_4096,65536,,,128,6,8.154227980412543,18673664,18673664,18673664,0.032109848,262144,16384,,0.0625,,16.0,,,,,,4,8,144179712,6790209536,0.198047,0.084819,0.027809,0.00828,0.00789,5.263941,0.00751,0.0,0.0,0.024759,0.00431,4.170928,0.0,0.087569,0.055249,2.277715,0.0255,131072,8192,2,1,65536,4194304,4194304,0.141578,0.08746799999999999,0.191167,3.13177,0.635611,0.106228,4.15424,2,4,2,8390176
tiledb,rank,4096,0,cold,window_4096,65536,,,128,7,7.783741981256753,18726912,18726912,18726912,0.0323421,262144,16384,,0.0625,,16.0,,,,,,4,8,144179712,6790209536,0.195747,0.083879,0.02802,0.00849,0.008469,4.895177,0.02869,0.0,0.0,0.025140000000000003,0.00432,4.030189,0.0,0.087609,0.056959,2.275225,0.02508,131072,8192,2,1,65536,4194304,4194304,0.121388,0.086938,0.153968,3.1967800000000004,0.496392,0.073789,4.013509999999999,2,4,2,8390176
tiledb,rank,4096,0,cold,window_4096,65536,,,128,8,7.3281299555674195,18677760,18677760,18677760,0.028043986,262144,16384,,0.0625,,16.0,,,,,,4,8,144179712,6790197248,0.179558,0.077659,0.028,0.00844,0.0071,4.246496,0.004509,0.0,0.0,0.02513,0.00276,3.662185,0.0,0.050249,0.03215,2.555992,0.0242,65536,4096,1,1,32768,2097152,2097152,0.053639,0.034539,0.08592899999999999,3.16395,0.282206,0.052349,3.64521,1,2,1,4195088
tiledb,rank,4096,0,cold,window_4096,65536,,,128,9,7.898670970462263,18690048,18690048,18690048,0.033637036,262144,16384,,0.0625,,16.0,,,,,,4,8,144179712,6790189056,0.216187,0.084029,0.02744,0.008269,0.00623,4.987315,0.02744,0.0,0.0,0.025009,0.00431,3.971181,0.0,0.092099,0.054749,2.289456,0.025629,131072,8192,2,1,65536,4194304,4194304,0.15101799999999999,0.107118,0.199397,3.01998,0.524092,0.100999,3.9543599999999994,2,4,2,8390176
tiledb,rank,4096,0,cold,window_65536,1024,,,128,0,40.258764987811446,144510976,144510976,144510976,0.23354920499999998,4096,4062,,0.99169921875,,1.0083702609551946,,,,,,4010,68,3229696,6790668288,0.107388,0.03388,0.037229,0.01115,0.00742,39.709793,0.00418,0.0,0.0,0.082728,0.244387,31.015894,0.0,0.033979,0.02673,0.063489,0.01405,2048,2035,2010,1,16280,1041920,1041920,1.14769,0.784257,1.7546899999999999,25.4383,3.24058,0.066099,30.8428,2010,34,2,71316496
tiledb,rank,4096,0,cold,window_65536,1024,,,128,1,40.01438798150048,144506880,144506880,144506880,0.224090027,4096,4056,,0.990234375,,1.009861932938856,,,,,,3995,68,3227136,6791073792,0.111899,0.03473,0.039349,0.01002,0.00706,39.323679,0.01026,0.0,0.0,0.11910799999999999,0.240716,31.023844,0.0,0.058009,0.045609,0.080989,0.01533,2048,2030,2005,1,16240,1039360,1039360,0.864637,0.556999,1.3694300000000001,26.2089,2.9663,0.070299,30.9239,2005,34,2,71316496
tiledb,rank,4096,0,cold,window_65536,1024,,,128,2,45.96776899416,144490496,144490496,144490496,0.252997462,4096,4066,,0.99267578125,,1.0073782587309394,,,,,,4000,68,4314624,6791458816,0.211947,0.091809,0.032319,0.00942,0.00744,45.191581,0.0124,0.0,0.0,0.13031800000000002,0.360435,33.604934,0.0,0.070219,0.042649,0.075369,0.01411,3072,3050,2996,1,24400,1561600,1561600,1.40174,0.921486,2.26932,25.8179,4.89797,0.078369,33.4907,2996,51,3,106974744
tiledb,rank,4096,0,cold,window_65536,1024,,,128,3,44.55577000044286,129323008,129323008,129323008,0.258041911,4096,4061,,0.991455078125,,1.0086185668554544,,,,,,4014,67,3227136,6791458816,0.119918,0.03432,0.039479,0.01026,0.00697,43.89765,0.00914,0.0,0.0,0.114398,0.231507,36.423972,0.0,0.048829,0.039429,0.080129,0.01545,2048,2024,1992,1,16192,1036288,1036288,0.7908080000000001,0.456652,1.2363899999999999,31.7556,2.9858900000000004,0.076098,36.322100000000006,1992,28,1,58731232
tiledb,rank,4096,0,cold,window_65536,1024,,,128,4,38.48075197311118,144609280,144609280,144609280,0.214072397,4096,4063,,0.991943359375,,1.008122077282796,,,,,,3989,68,3230720,6791032832,0.164418,0.0,0.0,0.0087,0.0,0.00027,0.0,0.0,0.0,0.0,0.0,0.0,0.0,0.0,0.0,38.157586,0.01399,0,0,0,0,0,0,0,0.0,0.0,0.0,0.0,0.0,0.0,0.0,0,0,0,0
tiledb,rank,4096,0,cold,window_65536,1024,,,128,5,39.79450202314183,144474112,144474112,144474112,0.2280394,4096,4066,,0.99267578125,,1.0073782587309394,,,,,,3991,68,3228160,6791024640,0.199167,0.0347,0.042779,0.00948,0.00708,39.20369,0.00357,0.0,0.0,0.142407,0.273456,30.077988,0.0,0.038239,0.02999,0.062909,0.01407,2048,2032,1997,1,16256,1040384,1040384,1.24892,0.844828,1.90006,23.482300000000002,4.11703,0.056089,29.9269,1997,34,2,71316496
tiledb,rank,4096,0,cold,window_65536,1024,,,128,6,39.255310024600476,144527360,144527360,144527360,0.220953618,4096,4064,,0.9921875,,1.0078740157480315,,,,,,3991,68,3228672,6790598656,0.108259,0.03311,0.038219,0.00969,0.00517,38.674179,0.01033,0.0,0.0,0.10911799999999999,0.228067,29.563925,0.0,0.045019,0.035839,0.050429,0.01576,2048,2033,1992,1,16264,1040896,1040896,0.977786,0.659141,1.50465,23.9935,3.58495,0.068799,29.4635,1992,34,2,71316496
tiledb,rank,4096,0,cold,window_65536,1024,,,128,7,39.58921501180157,144465920,144465920,144465920,0.224485301,4096,4069,,0.993408203125,,1.0066355369869746,,,,,,4004,68,3230720,6790602752,0.158538,0.035059,0.03857,0.00918,0.00729,38.861775,0.003369,0.0,0.0,0.180898,0.237226,30.531641,0.0,0.051939,0.04345,0.087369,0.01314,2048,2037,2002,1,16296,1042944,1042944,0.814387,0.493065,1.2697699999999998,25.7672,2.96027,0.051599,30.355300000000003,2002,34,2,71316496
tiledb,rank,4096,0,cold,window_65536,1024,,,128,8,40.121805970557034,144531456,144531456,144531456,0.254269347,4096,4062,,0.99169921875,,1.0083702609551946,,,,,,3989,68,3227136,6790561792,0.117739,0.03435,0.040519,0.01037,0.00734,33.000004,0.00393,0.0,0.0,0.096609,0.123018,27.26729,0.0,0.02641,0.025869,6.6268,0.01423,1024,1017,999,1,8136,520704,520704,0.6731699999999999,0.411724,0.958885,24.3845,1.6100299999999999,0.049978999999999996,27.2087,999,17,1,35658248
tiledb,rank,4096,0,cold,window_65536,1024,,,128,9,45.90571002336219,144572416,144572416,144572416,0.288760776,4096,4073,,0.994384765625,,1.005646943285048,,,,,,4003,68,4316672,6791393280,0.109028,0.099248,0.03572,0.009929,0.00732,45.096982,0.00421,0.0,0.0,0.144669,0.349154,32.509441,0.0,0.072899,0.047589,0.113148,0.0157,3072,3054,3000,1,24432,1563648,1563648,1.11267,0.664768,1.8057699999999999,25.435,4.58747,0.088448,32.3742,3000,51,4,106974744
tiledb,rank,4096,0,cold,window_65536,8192,,,128,0,53.00163303036243,129323008,129323008,129323008,0.336011638,32768,30805,,0.940093994140625,,1.06372342152248,,,,,,27252,68,25381376,6813978624,0.203976,0.093769,0.036929,0.01375,0.00941,51.782711,0.051929,0.0,0.0,0.440184,1.429248,41.093272,0.0,0.182798,0.050059,0.236277,0.017949,16384,15068,12749,1,120544,7714816,7714816,3.12352,2.06888,5.79765,31.2461,2.71786,0.27327599999999996,40.691900000000004,12749,27,1,56633688
tiledb,rank,4096,0,cold,window_65536,8192,,,128,1,51.437316986266524,144515072,144515072,144515072,0.342812956,32768,30786,,0.93951416015625,,1.0643799129474436,,,,,,27198,68,25379328,6804738048,0.193867,0.093488,0.03572,0.010059,0.00886,50.155926,0.0195,0.0,0.0,0.449573,1.538957,37.609534,0.0,0.179358,0.050189,0.370235,0.018259,16384,15392,13582,1,123136,7880704,7880704,3.90406,2.77515,7.42806,24.598399999999998,3.67877,0.28531500000000004,36.8127,13582,34,2,71316496
tiledb,rank,4096,0,cold,window_65536,8192,,,128,2,60.62524800654501,144580608,144580608,144580608,0.34454139100000003,32768,30757,,0.938629150390625,,1.06538348993725,,,,,,27096,68,33838592,6808301568,0.237276,0.093539,0.035599,0.01005,0.00626,29.190571,0.026329,0.0,0.0,0.251858,0.745358,23.009243,0.0,0.105488,0.04081,30.59002,0.01726,8192,7675,6759,1,61400,3929600,3929600,2.32213,1.53245,3.86682,16.4444,1.9218,0.160578,22.7916,6759,17,1,35658248
tiledb,rank,4096,0,cold,window_65536,8192,,,128,3,62.017737014684826,144531456,144531456,144531456,0.388089265,32768,30775,,0.939178466796875,,1.0647603574329814,,,,,,27218,68,33846784,6815059968,0.333775,0.076619,0.032389,0.00939,0.01029,60.551589,0.01885,0.0,0.0,0.60675,2.337385,42.999324,0.0,0.253117,0.05199,0.444143,0.01729,24576,23098,20430,1,184784,11826176,11826176,5.13647,3.1856,10.5808,25.1524,5.05667,0.35098399999999996,42.357400000000005,20430,51,3,106974744
tiledb,rank,4096,0,cold,window_65536,8192,,,128,4,50.74142699595541,144531456,144531456,144531456,0.34667005500000003,32768,30823,,0.940643310546875,,1.0631022288550758,,,,,,27323,68,25392640,6814949376,0.223866,0.093889,0.036489,0.01109,0.00887,49.441456,0.058529,0.0,0.0,0.48734299999999997,1.531277,36.017258,0.0,0.183187,0.04746,0.378074,0.01771,16384,15418,13660,1,123344,7894016,7894016,3.26003,1.8333,6.03585,24.7919,3.70523,0.265036,35.5462,13660,34,2,71316496
tiledb,rank,4096,0,cold,window_65536,8192,,,128,5,60.78391597839072,144502784,144502784,144502784,0.381823916,32768,30803,,0.940032958984375,,1.0637924877447003,,,,,,27123,68,33853440,6818279424,0.217107,0.078099,0.03633,0.009949,0.02114,59.343788,0.074659,0.0,0.0,0.614801,2.296155,40.886086,0.0,0.250426,0.050239,0.441443,0.01776,24576,23111,20368,1,184888,11832832,11832832,5.66237,3.6764699999999997,11.1573,22.554100000000002,5.02071,0.365274,40.272000000000006,20368,51,3,106974744
tiledb,rank,4096,0,cold,window_65536,8192,,,128,6,62.88703402969986,144539648,144539648,144539648,0.383201777,32768,30827,,0.940765380859375,,1.0629642845557465,,,,,,27278,68,33853440,6811807744,0.195137,0.077229,0.03767,0.010589,0.01015,61.639163,0.02024,0.0,0.0,0.468922,2.354585,43.821371,0.0,0.250697,0.051219,0.257766,0.01778,24576,23111,20480,1,184888,11832832,11832832,5.80167,4.15359,11.414,24.3081,5.08441,0.348175,42.3657,20480,51,3,106974744
tiledb,rank,4096,0,cold,window_65536,8192,,,128,7,49.94664900004864,144539648,144539648,144539648,0.318464069,32768,30720,,0.9375,,1.0666666666666667,,,,,,27171,68,25381888,6811418624,0.272696,0.093929,0.036529,0.00966,0.00881,48.751337,0.01442,0.0,0.0,0.369004,1.556457,36.424883,0.0,0.171417,0.03978,0.354785,0.01509,16384,15397,13609,1,123176,7883264,7883264,3.03744,1.9789,6.23401,24.700699999999998,3.64845,0.25535599999999997,35.5884,13609,34,2,71316496
tiledb,rank,4096,0,cold,window_65536,8192,,,128,8,48.76844701357186,144576512,144576512,144576512,0.322406841,32768,30797,,0.939849853515625,,1.0639997402344383,,,,,,27099,68,25385472,6804762624,0.193807,0.093148,0.03518,0.00892,0.008829,47.670864,0.01494,0.0,0.0,0.323805,1.504218,35.638594,0.0,0.167797,0.041359,0.296506,0.016759,16384,15404,13582,1,123232,7886848,7886848,3.74417,2.5462499999999997,7.27834,22.977999999999998,3.32734,0.263636,34.6155,13582,34,2,71316496
tiledb,rank,4096,0,cold,window_65536,8192,,,128,9,49.35557802673429,144527360,144527360,144527360,0.310040263,32768,30842,,0.94122314453125,,1.0624473121068672,,,,,,27185,68,25407488,6804795392,0.188527,0.092669,0.035779,0.01021,0.00917,48.119487,0.01492,0.0,0.0,0.310685,1.542067,35.963789,0.0,0.179177,0.048359,0.368494,0.0176,16384,15447,13599,1,123576,7908864,7908864,3.13068,2.1012600000000003,6.58749,23.73,3.5700800000000004,0.233736,34.9722,13599,34,2,71316496
tiledb,rank,4096,0,cold,window_65536,65536,,,128,0,69.79853101074696,144637952,144637952,144637952,0.502263752,262144,165856,,0.6326904296875,,1.580551803974532,,,,,,61164,68,182471680,6843469824,0.272845,0.088739,0.036819,0.01167,0.01914,65.8233,0.303065,0.0,0.0,0.965116,3.627295,46.660198,0.0,0.788218,0.088319,2.325895,0.0421,131072,82875,30552,1,663000,42432000,42432000,7.46754,5.06202,14.837299999999999,24.5867,3.8813799999999996,0.961665,45.6587,30552,34,2,71316496
tiledb,rank,4096,0,cold,window_65536,65536,,,128,1,64.38000203343108,144474112,144474112,144474112,0.4225752,262144,165959,,0.6330833435058594,,1.579570857862484,,,,,,60814,68,182480384,6828785664,0.231466,0.092829,0.038829,0.01015,0.01933,60.359472,0.067029,0.0,0.0,0.65618,3.536547,42.345863,0.0,0.787928,0.095069,2.406014,0.031339,131072,82998,30457,1,663984,42494976,42494976,5.28984,3.54594,12.435,22.9131,3.7016699999999996,0.863967,41.1525,30457,34,2,71316496
tiledb,rank,4096,0,cold,window_65536,65536,,,128,2,64.09502698807046,144502784,144502784,144502784,0.42043546600000004,262144,165848,,0.632659912109375,,1.580628044956828,,,,,,60850,68,182387712,6828118016,0.229606,0.091349,0.038929,0.01106,0.01933,60.046437,0.067449,0.0,0.0,0.63532,3.557487,43.128561,0.0,0.788008,0.093608,2.395394,0.030979,131072,82817,30510,1,662536,42402304,42402304,6.79235,4.965739999999999,14.4077,21.2517,3.30765,0.919887,41.1186,30510,34,2,71316496
tiledb,rank,4096,0,cold,window_65536,65536,,,128,3,50.10253598447889,144506880,144506880,144506880,0.408667831,262144,166012,,0.6332855224609375,,1.5790665735007108,,,,,,60943,68,125132800,6818381824,0.242367,0.084769,0.037719,0.01183,0.01294,44.607319,0.035329,0.0,0.0,0.484743,1.729514,33.684293,0.0,0.415024,0.066399,4.247816,0.02887,65536,41458,15281,1,331664,21226496,21226496,4.09476,2.87198,7.478829999999999,22.917199999999998,1.77629,0.422424,33.2325,15281,17,1,35658248
tiledb,rank,4096,0,cold,window_65536,65536,,,128,4,64.84667502809316,144539648,144539648,144539648,0.414986595,262144,165653,,0.6319160461425781,,1.5824886962505962,,,,,,61016,68,182405120,6828802048,0.232746,0.089339,0.036589,0.01158,0.0189,60.870834,0.067939,0.0,0.0,0.891997,4.64885,42.244395,0.0,0.789599,0.091328,2.359924,0.02775,131072,82851,30470,1,662808,42419712,42419712,6.68513,4.37331,13.512500000000001,21.5043,3.6834900000000004,1.1134700000000002,41.2763,30470,34,2,71316496
tiledb,rank,4096,0,cold,window_65536,65536,,,128,5,63.3702669874765,144564224,144564224,144564224,0.433678593,262144,165510,,0.6313705444335938,,1.5838559603649327,,,,,,61220,68,182405632,6828244992,0.218587,0.090629,0.037459,0.01002,0.01886,59.435306,0.068379,0.0,0.0,0.63739,3.568687,41.759982,0.0,0.788098,0.089279,2.332535,0.03123,131072,82852,30543,1,662816,42420224,42420224,5.17903,3.45376,11.0957,22.4389,3.7653399999999997,0.961585,39.8618,30543,34,2,71316496
tiledb,rank,4096,0,cold,window_65536,65536,,,128,6,67.5934529863298,144543744,144543744,144543744,0.45654173,262144,165794,,0.6324539184570312,,1.581142864036093,,,,,,61155,68,182440448,6828437504,0.224827,0.090658,0.04255,0.01153,0.019819,63.655943,0.157498,0.0,0.0,1.448538,3.744114,44.998273,0.0,0.790698,0.090289,2.292836,0.030359,131072,82920,30640,1,663360,42455040,42455040,6.55353,4.34879,13.5289,24.5947,3.79975,0.8941560000000001,44.0418,30640,34,2,71316496
tiledb,rank,4096,0,cold,window_65536,65536,,,128,7,66.92144297994673,144486400,144486400,144486400,0.461500054,262144,165392,,0.63092041015625,,1.5849859727193576,,,,,,60775,68,182423552,6847328256,0.241326,0.089098,0.03768,0.01047,0.018979,62.972914,0.067239,0.0,0.0,0.886907,4.6189,43.811511,0.0,0.782328,0.089168,2.333135,0.030669,131072,82505,30426,1,660040,42242560,42242560,6.73558,4.38999,13.3063,23.642400000000002,3.6169499999999997,1.01389,42.8283,30426,34,2,71316496
tiledb,rank,4096,0,cold,window_65536,65536,,,128,8,64.75623603910208,144613376,144613376,144613376,0.421552109,262144,165709,,0.6321296691894531,,1.5819539071504867,,,,,,60901,68,182407680,6837665792,0.221136,0.081429,0.037129,0.01098,0.01285,36.334804,0.033299,0.0,0.0,0.474512,1.769604,25.466817,0.0,0.405793,0.05463,27.24891,0.03097,65536,41383,15227,1,331064,21188096,21188096,3.80265,2.64621,7.20505,14.844899999999999,1.76443,0.48881300000000005,25.0295,15227,17,2,35658248
tiledb,rank,4096,0,cold,window_65536,65536,,,128,9,85.87103901663795,144490496,144490496,144490496,0.548169206,262144,165707,,0.6321220397949219,,1.5819730005370927,,,,,,61063,68,239806976,6847647744,0.219166,0.092349,0.034619,0.01111,0.02384,80.965232,0.450033,0.0,0.0,1.469078,6.589341,54.230575,0.0,1.157483,0.135518,2.871917,0.031799,196608,124308,45789,1,994464,63645696,63645696,11.5823,7.16152,22.0798,21.273799999999998,4.75526,1.57216,52.632600000000004,45789,51,3,106974744
tiledb,rank,4096,0,warm,random,1024,,,128,0,286.71009896788746,0,0,0,7.493635385,4096,4095,,0.999755859375,,1.0002442002442002,,,,,,4095,3659,2167808,6792433664,0.139378,0.03341,0.041109,0.01149,0.00757,283.060374,0.01218,0.0,0.0,0.104458,0.160138,188.580034,0.0,0.062269,0.044619,2.924686,0.01576,1042,1042,1041,1,8336,533504,533504,1.10958,0.767941,1.54111,132.363,92.0158,0.27394399999999997,188.51399999999998,1041,660,92,1826960824
tiledb,rank,4096,0,warm,random,1024,,,128,1,283.0523839802481,0,0,0,7.27939283,4096,4096,,1.0,,1.0,,,,,,4096,3621,2163712,6792450048,0.134608,0.03378,0.040699,0.01037,0.00636,277.092534,0.00282,0.0,0.0,0.096638,0.135928,182.89486,0.0,0.061769,0.043819,5.282601,0.01639,1018,1018,1018,1,8144,521216,521216,0.953896,0.642659,1.41211,129.709,87.09790000000001,0.278916,182.82999999999998,1018,635,93,1778717312
tiledb,rank,4096,0,warm,random,1024,,,128,2,286.46786202443764,0,0,0,7.331301856,4096,4095,,0.999755859375,,1.0002442002442002,,,,,,4095,3611,2189312,6792396800,0.156608,0.033459,0.0408,0.01053,0.006669,282.476843,0.00725,0.0,0.0,0.102908,0.155108,183.896555,0.0,0.055709,0.044799,3.284,0.01623,1063,1063,1063,1,8504,544256,544256,1.2268999999999999,0.804499,1.6851399999999999,128.11700000000002,88.6135,0.333365,183.82999999999998,1063,675,92,1858423984
tiledb,rank,4096,0,warm,random,1024,,,128,3,282.01964899199083,0,0,0,7.213699374,4096,4096,,1.0,,1.0,,,,,,4096,3634,2155520,6792343552,0.126728,0.0343,0.041069,0.00948,0.00715,273.623175,0.00708,0.0,0.0,0.09462799999999999,0.136788,183.511091,0.0,0.057529,0.04755,7.723484,0.01622,1028,1028,1028,1,8224,526336,526336,1.22604,0.858866,1.70987,132.553,85.9516,0.275215,183.449,1028,640,96,1766132048
tiledb,rank,4096,0,warm,random,1024,,,128,4,281.26647998578846,0,0,0,7.101009933,4096,4096,,1.0,,1.0,,,,,,4096,3603,2169856,6792253440,0.135978,0.03325,0.044059,0.01039,0.00638,280.497962,0.013699,0.0,0.0,0.099129,0.148658,186.993158,0.0,0.058289,0.044649,0.085468,0.01534,1044,1044,1044,1,8352,534528,534528,0.9571350000000001,0.6151690000000001,1.34942,127.243,97.2011,0.24215599999999998,186.928,1044,657,91,1835351000
tiledb,rank,4096,0,warm,random,1024,,,128,5,279.9739110050723,0,0,0,7.2262342230000005,4096,4096,,1.0,,1.0,,,,,,4096,3624,2180096,6792228864,0.125068,0.0337,0.042589,0.00938,0.00723,277.000245,0.00262,0.0,0.0,0.097918,0.137938,185.593199,0.0,0.055339,0.045579,2.305356,0.01617,1054,1054,1054,1,8432,539648,539648,1.00003,0.63922,1.4236,125.831,100.767,0.272255,185.527,1054,668,91,1810180472
tiledb,rank,4096,0,warm,random,1024,,,128,6,280.057328986004,0,0,0,7.249216374,4096,4096,,1.0,,1.0,,,,,,4096,3624,2180608,6792204288,0.128628,0.033929,0.04266,0.010909,0.00617,278.148218,0.00746,0.0,0.0,0.099979,0.146178,185.949674,0.0,0.056539,0.045289,1.232461,0.01529,1040,1040,1040,1,8320,532480,532480,1.20731,0.827886,1.68147,131.976,89.0641,0.25451500000000005,185.885,1040,654,93,1803887840
tiledb,rank,4096,0,warm,random,1024,,,128,7,277.9346409952268,0,0,0,7.0266752199999996,4096,4096,,1.0,,1.0,,,,,,4095,3638,2173952,6792192000,0.124728,0.033899,0.04135,0.01057,0.007169,274.575812,0.00246,0.0,0.0,0.099579,0.147228,185.448221,0.0,0.057509,0.04396,2.691189,0.01531,1034,1034,1034,1,8272,529408,529408,1.11001,0.736783,1.56251,132.061,84.9147,0.26971599999999996,185.385,1034,649,92,1816473104
tiledb,rank,4096,0,warm,random,1024,,,128,8,276.68970002559945,0,0,0,7.07307861,4096,4096,,1.0,,1.0,,,,,,4096,3610,2195456,6792138752,0.137548,0.033179,0.04254,0.009999,0.00641,273.728864,0.00484,0.0,0.0,0.104239,0.126788,184.812311,0.0,0.058439,0.04412,2.277746,0.015409,984,984,984,1,7872,503808,503808,0.918866,0.584464,1.36617,136.733,81.79050000000001,0.25309600000000004,184.73899999999998,984,633,93,1803887840
tiledb,rank,4096,0,warm,random,1024,,,128,9,273.0903040501289,0,0,0,6.991492557,4096,4096,,1.0,,1.0,,,,,,4096,3596,2198528,6792167424,0.119368,0.034749,0.04143,0.009319,0.0071,265.636296,0.00733,0.0,0.0,0.09817899999999999,0.145818,171.921524,0.0,0.058849,0.043769,6.783468,0.015919,1036,1036,1036,1,8288,530432,530432,1.16325,0.8202590000000001,1.59962,115.661,82.3203,0.265405,171.853,1036,640,94,1793400120
tiledb,rank,4096,0,warm,random,8192,,,128,0,317.1386510366574,0,0,0,7.198764423,32768,32755,,0.999603271484375,,1.0003968859716075,,,,,,32736,14178,17230336,6803021824,0.213277,0.094229,0.036419,0.01334,0.0084,316.043008,0.00857,0.0,0.0,0.243946,1.065484,226.865939,0.0,0.123468,0.049379,0.175757,0.01762,8252,8243,8223,1,65944,4220416,4220416,2.71272,1.8278299999999998,5.13553,153.01500000000001,116.69300000000001,0.65388,226.666,8223,1024,24,2147885056
tiledb,rank,4096,0,warm,random,8192,,,128,1,319.05489199562,0,0,0,7.435423985,32768,32756,,0.9996337890625,,1.0003663450970814,,,,,,32741,14191,17276928,6802821120,0.199717,0.094328,0.03709,0.010549,0.0092,318.006388,0.00856,0.0,0.0,0.23852600000000002,0.839098,227.800615,0.0,0.123389,0.048259,0.180278,0.017549,8192,8183,8169,1,65464,4189696,4189696,2.66893,1.83351,4.97188,161.20999999999998,114.27,0.609821,227.53799999999998,8169,1022,26,2143689968
tiledb,rank,4096,0,warm,random,8192,,,128,2,317.8121710079722,0,0,0,7.3817666200000005,32768,32755,,0.999603271484375,,1.0003968859716075,,,,,,32742,14161,17297408,6802845696,0.214797,0.096308,0.03581,0.01019,0.009249,313.401628,0.03123,0.0,0.0,0.236006,0.824558,224.530384,0.0,0.122888,0.050599,3.508028,0.021169,8062,8054,8044,1,64432,4123648,4123648,2.90476,1.99051,5.2121900000000005,144.29,118.104,0.684191,224.27,8044,1024,24,2147885056
tiledb,rank,4096,0,warm,random,8192,,,128,3,315.1417520130053,0,0,0,7.4983161030000005,32768,32764,,0.9998779296875,,1.0001220852154804,,,,,,32746,14169,17279488,6802866176,0.251806,0.089538,0.03675,0.01032,0.00798,314.019348,0.008369,0.0,0.0,0.233336,0.900867,221.055917,0.0,0.125688,0.052269,0.178917,0.01793,8166,8159,8147,1,65272,4177408,4177408,2.5964899999999997,1.93902,4.94452,151.081,119.005,0.69562,220.857,8147,1024,24,2147885056
tiledb,rank,4096,0,warm,random,8192,,,128,4,307.21645103767514,0,0,0,6.7191925040000005,32768,32757,,0.999664306640625,,1.0003358060872485,,,,,,32746,14132,17221120,6803013632,0.203127,0.089389,0.035419,0.01025,0.00725,306.163667,0.00847,0.0,0.0,0.231246,0.890767,218.8513,0.0,0.121868,0.04935,0.175897,0.01787,8158,8151,8132,1,65208,4173312,4173312,2.73042,2.0669999999999997,4.92844,140.47799999999998,108.867,0.618143,218.649,8132,1024,24,2147885056
tiledb,rank,4096,0,warm,random,8192,,,128,5,319.3895280128345,0,0,0,7.219933881,32768,32755,,0.999603271484375,,1.0003968859716075,,,,,,32745,14163,17242624,6802993152,0.198697,0.090338,0.03619,0.01038,0.009229,318.327394,0.00816,0.0,0.0,0.229656,0.897027,224.949528,0.0,0.123298,0.048249,0.176188,0.01713,8128,8119,8106,1,64952,4156928,4156928,2.65932,1.99389,5.119000000000001,146.386,119.72,0.740529,224.75,8106,1024,24,2147885056
tiledb,rank,4096,0,warm,random,8192,,,128,6,318.082797981333,0,0,0,7.065949573,32768,32761,,0.999786376953125,,1.0002136686914318,,,,,,32749,14131,17295872,6802997248,0.208807,0.091648,0.03743,0.01024,0.00832,317.019393,0.008469,0.0,0.0,0.24546600000000002,0.984086,226.456115,0.0,0.123688,0.049899,0.178428,0.017759,8314,8304,8294,1,66432,4251648,4251648,2.9997700000000003,2.0507400000000002,5.35461,153.553,117.06099999999999,0.6620400000000001,226.249,8294,1024,24,2147885056
tiledb,rank,4096,0,warm,random,8192,,,128,7,316.58962002256885,0,0,0,6.9740317350000005,32768,32759,,0.999725341796875,,1.0002747336609787,,,,,,32739,14194,17252864,6802972672,0.207267,0.091759,0.037689,0.01034,0.00787,315.535386,0.00852,0.0,0.0,0.248866,0.997535,227.011997,0.0,0.119278,0.050289,0.174298,0.017859,8271,8263,8241,1,66104,4230656,4230656,3.30467,2.38219,5.65583,148.818,115.177,0.66859,226.805,8241,1024,24,2147885056
tiledb,rank,4096,0,warm,random,8192,,,128,8,311.8121209554374,0,0,0,6.781271685,32768,32760,,0.999755859375,,1.0002442002442002,,,,,,32742,14084,17263616,6803103744,0.249937,0.094289,0.036449,0.01049,0.0083,310.703718,0.03108,0.0,0.0,0.235596,0.978906,224.943338,0.0,0.127008,0.04671,0.178067,0.01773,8284,8271,8253,1,66168,4234752,4234752,2.88018,1.9767700000000001,5.20195,147.681,101.34700000000001,0.652481,224.743,8253,1024,24,2147885056
tiledb,rank,4096,0,warm,random,8192,,,128,9,315.54226495791227,0,0,0,6.57921587,32768,32763,,0.999847412109375,,1.0001526111772425,,,,,,32736,14222,17277440,6803103744,0.211717,0.090649,0.035909,0.01026,0.00769,314.417842,0.00855,0.0,0.0,0.237516,0.999985,230.269948,0.0,0.120988,0.114439,0.175107,0.01716,8268,8254,8239,1,66032,4226048,4226048,3.35232,2.32999,5.83952,145.007,112.614,0.598581,230.05800000000002,8239,1024,24,2147885056
tiledb,rank,4096,0,warm,random,65536,,,128,0,365.2555869775824,0,0,0,7.499575927,262144,261627,,0.9980278015136719,,1.0019760957393542,,,,,,260583,16384,137551872,6918119424,0.253856,0.085818,0.03694,0.01257,0.017029,362.779685,0.05342,0.0,0.0,1.286111,7.057294,268.298995,0.0,0.638481,0.152788,0.873187,0.030339,65873,65324,64261,1,522592,33445888,33445888,14.801699999999999,11.6088,31.8025,129.70499999999998,99.8643,2.46081,267.072,64261,1024,24,2147885056
tiledb,rank,4096,0,warm,random,65536,,,128,1,393.8158079981804,0,0,0,7.248769348,262144,261609,,0.9979591369628906,,1.0020450366768727,,,,,,260581,16384,137506304,6917988352,0.292346,0.084139,0.036749,0.01018,0.01683,391.425464,0.054129,0.0,0.0,1.2628810000000001,6.872326,306.61535,0.0,0.65943,0.068089,0.864907,0.029459,65919,65401,64372,1,523208,33485312,33485312,13.533999999999999,10.3946,29.043,131.214,87.73989999999999,2.7018,305.367,64372,1024,24,2147885056
tiledb,rank,4096,0,warm,random,65536,,,128,2,364.3321019480936,0,0,0,6.691960553,262144,261642,,0.9980850219726562,,1.0019186522041568,,,,,,260678,16384,137528832,6918098944,0.322355,0.083789,0.037959,0.01031,0.01613,361.943498,0.053429,0.0,0.0,1.3444390000000002,6.909836,270.71325,0.0,0.62722,0.068179,0.867177,0.02993,65278,64815,63820,1,518520,33185280,33185280,14.297,11.2058,30.0991,112.40700000000001,79.7276,2.74165,269.469,63820,1024,24,2147885056
tiledb,rank,4096,0,warm,random,65536,,,128,3,375.1700089778751,0,0,0,7.1344879500000005,262144,261637,,0.9980659484863281,,1.0019377993173748,,,,,,260688,16384,137579520,6918172672,0.242576,0.084848,0.03763,0.01156,0.016979,372.836934,0.0537,0.0,0.0,1.231112,6.710579,281.836432,0.0,0.627061,0.068749,0.867567,0.02796,65706,65214,64274,1,521712,33389568,33389568,14.266499999999999,11.0938,31.1169,124.16099999999999,81.01849999999999,2.77859,280.583,64274,1024,24,2147885056
tiledb,rank,4096,0,warm,random,65536,,,128,4,399.39593500457704,0,0,0,7.7634697379999995,262144,261619,,0.9979972839355469,,1.0020067349848443,,,,,,260580,16384,137348608,6918205440,0.241986,0.084408,0.03886,0.01245,0.016719,397.022031,0.05253,0.0,0.0,1.250321,6.790838,311.662984,0.0,0.62943,0.068879,0.888937,0.02929,65347,64840,63826,1,518720,33198080,33198080,14.4959,11.5704,30.1109,135.879,86.6054,2.3804600000000002,310.39099999999996,63826,1024,24,2147885056
tiledb,rank,4096,0,warm,random,65536,,,128,5,374.1764330188744,0,0,0,7.1731917670000005,262144,261647,,0.9981040954589844,,1.0018995058227307,,,,,,260634,16384,137368064,6918631424,0.241696,0.084619,0.039789,0.01238,0.01692,371.819139,0.052579,0.0,0.0,1.215942,6.610131,272.970475,0.0,0.62872,0.069299,0.868647,0.030539,65524,65035,63983,1,520280,33297920,33297920,14.422600000000001,11.3682,31.4483,139.767,98.0582,2.06592,271.743,63983,1024,24,2147885056
tiledb,rank,4096,0,warm,random,65536,,,128,6,362.0011769817211,0,0,0,6.775232652,262144,261607,,0.9979515075683594,,1.0020526973666606,,,,,,260609,16384,137446912,6918492160,0.327255,0.086278,0.03761,0.011949,0.01727,359.568644,0.052899,0.0,0.0,1.256981,6.725419,274.462443,0.0,0.63132,0.069069,0.875847,0.03101,65683,65157,64138,1,521256,33360384,33360384,13.8884,10.9283,31.541800000000002,120.385,81.82770000000001,2.22935,273.223,64138,1024,24,2147885056
tiledb,rank,4096,0,warm,random,65536,,,128,7,424.06068299897015,0,0,0,7.916711972,262144,261597,,0.9979133605957031,,1.0020910025726595,,,,,,260572,16384,137393664,6918676480,0.311806,0.084649,0.039279,0.01352,0.01695,421.61447,0.052409,0.0,0.0,1.215512,6.752268,327.032572,0.0,0.627961,0.067809,0.886947,0.030239,65705,65148,64106,1,521184,33355776,33355776,15.173,12.0839,31.1868,139.686,104.408,2.1999,325.799,64106,1024,24,2147885056
tiledb,rank,4096,0,warm,random,65536,,,128,8,389.18018800904974,0,0,0,7.586140062,262144,261629,,0.9980354309082031,,1.0019684362207553,,,,,,260622,16384,137432064,6918684672,0.284636,0.084009,0.038619,0.01149,0.01669,386.796614,0.053029,0.0,0.0,1.254791,6.750149,288.348114,0.0,0.6317,0.069319,0.871617,0.03012,65416,64908,63934,1,519264,33232896,33232896,12.794099999999998,9.78508,29.7481,138.876,79.207,2.88133,287.118,63934,1024,24,2147885056
tiledb,rank,4096,0,warm,random,65536,,,128,9,381.9811959983781,0,0,0,6.946143777,262144,261633,,0.9980506896972656,,1.0019531175348675,,,,,,260582,16384,137373696,6918701056,0.315126,0.083239,0.03576,0.010779,0.01691,379.584103,0.061769,0.0,0.0,1.2789009999999998,7.184672,283.022184,0.0,0.63002,0.068529,0.872297,0.02771,65478,64947,63974,1,519576,33252864,33252864,14.4207,11.2453,30.4791,132.42100000000002,85.90169999999999,2.28744,281.777,63974,1024,24,2147885056
tiledb,rank,4096,0,warm,window_256,1024,,,128,0,3.348149999510497,0,0,0,0.019003673000000002,4096,1002,,0.24462890625,,4.087824351297405,,,,,,25,4,3136000,6791770112,0.139218,0.032209,0.03292,0.01426,0.007069,1.327251,0.00171,0.0,0.0,0.05403,0.00528,0.912196,0.0,0.014889,0.02089,1.611736,0.021329,1024,254,3,1,2032,130048,130048,0.167038,0.10409800000000001,0.205837,0.378425,0.199257,0.022180000000000002,0.885177,3,1,1,2097544
tiledb,rank,4096,0,warm,window_256,1024,,,128,1,3.4305390436202288,0,0,0,0.017655043000000002,4096,1009,,0.246337890625,,4.059464816650149,,,,,,18,5,2445824,6791651328,0.131328,0.03141,0.029449,0.00822,0.006,1.36511,0.00142,0.0,0.0,0.03285,0.00336,0.981625,0.0,0.014059,0.01891,1.705824,0.01088,1024,251,5,1,2008,128512,128512,0.25484599999999996,0.14422600000000002,0.294886,0.39705399999999996,0.178237,0.02982,0.962156,5,1,1,2097544
tiledb,rank,4096,0,warm,window_256,1024,,,128,2,2.3002149537205696,0,0,0,0.015333894,4096,1007,,0.245849609375,,4.067527308838133,,,,,,20,5,1752064,6791548928,0.108908,0.031259,0.02866,0.00847,0.00609,1.33213,0.00151,0.0,0.0,0.028138999999999997,0.00337,0.976865,0.0,0.013619,0.01799,0.63278,0.01052,1024,252,4,1,2016,129024,129024,0.193717,0.118109,0.230516,0.465763,0.177407,0.02581,0.9586049999999999,4,1,1,2097544
tiledb,rank,4096,0,warm,window_256,1024,,,128,3,2.2805359913036227,0,0,0,0.016364715,4096,1010,,0.24658203125,,4.0554455445544555,,,,,,18,4,2446336,6791548928,0.180817,0.032169,0.02855,0.00846,0.006,1.32941,0.00172,0.0,0.0,0.028399,0.00277,0.966776,0.0,0.01421,0.019359,0.535242,0.01118,1024,253,4,1,2024,129536,129536,0.17324699999999998,0.113697,0.212627,0.435274,0.221996,0.02796,0.948926,4,1,1,2097544
tiledb,rank,4096,0,warm,window_256,1024,,,128,4,2.3313150159083307,0,0,0,0.014572465,4096,1007,,0.245849609375,,4.067527308838133,,,,,,20,4,2447872,6791520256,0.092839,0.031899,0.02881,0.00842,0.00696,1.357559,0.00176,0.0,0.0,0.027079000000000002,0.00284,1.003545,0.0,0.01413,0.01943,0.646731,0.01126,1024,251,6,1,2008,128512,128512,0.197997,0.13339800000000002,0.234726,0.446363,0.226116,0.02194,0.9864450000000001,6,1,1,2097544
tiledb,rank,4096,0,warm,window_256,1024,,,128,5,2.4197340244427323,0,0,0,0.015582677999999999,4096,1009,,0.246337890625,,4.059464816650149,,,,,,19,4,2446848,6791524352,0.121369,0.03184,0.027219,0.00783,0.00595,1.862032,0.00517,0.0,0.0,0.02682,0.00428,1.381669,0.0,0.01481,0.02121,0.224146,0.00895,2048,503,11,1,4024,257536,257536,0.34484499999999996,0.228367,0.38234500000000005,0.6167199999999999,0.252017,0.027359,1.36373,11,2,2,4195088
tiledb,rank,4096,0,warm,window_256,1024,,,128,6,2.3537350352853537,0,0,0,0.014683462,4096,1006,,0.24560546875,,4.071570576540755,,,,,,22,4,2444288,6791495680,0.094499,0.031279,0.02775,0.00808,0.00694,1.29387,0.00133,0.0,0.0,0.024349,0.00287,0.977575,0.0,0.01357,0.01722,0.741439,0.01062,1024,252,5,1,2016,129024,129024,0.21010700000000002,0.13567700000000002,0.246206,0.424904,0.19886700000000002,0.029789,0.961165,5,1,1,2097544
tiledb,rank,4096,0,warm,window_256,1024,,,128,7,2.823407994583249,0,0,0,0.01649399,4096,1012,,0.2470703125,,4.047430830039525,,,,,,16,4,3142144,6791499776,0.132318,0.0,0.0,0.00759,0.0,0.00014,0.0,0.0,0.0,0.0,0.0,0.0,0.0,0.0,0.0,2.599311,0.01034,0,0,0,0,0,0,0,0.0,0.0,0.0,0.0,0.0,0.0,0.0,0,0,0,0
tiledb,rank,4096,0,warm,window_256,1024,,,128,8,3.0136650311760604,0,0,0,0.017691801,4096,1008,,0.24609375,,4.063492063492063,,,,,,19,4,3139584,6791479296,0.119399,0.084469,0.02813,0.00837,0.006879,2.565512,0.0059,0.0,0.0,0.029169999999999998,0.00619,1.828732,0.0,0.018839,0.02298,0.043509,0.01043,3072,755,15,1,6040,386560,386560,0.412153,0.281067,0.445213,0.878186,0.334645,0.032629000000000005,1.81052,15,3,3,6292632
tiledb,rank,4096,0,warm,window_256,1024,,,128,9,2.2968350094743073,0,0,0,0.015614458000000001,4096,1006,,0.24560546875,,4.071570576540755,,,,,,22,5,2444800,6791462912,0.120508,0.031669,0.02728,0.00788,0.00598,1.414569,0.0016,0.0,0.0,0.025609,0.00383,1.042975,0.0,0.014329,0.01957,0.547122,0.01107,1024,252,5,1,2016,129024,129024,0.20821699999999999,0.136468,0.24371700000000002,0.47929299999999997,0.211416,0.0293,1.0253,5,1,1,2097544
tiledb,rank,4096,0,warm,window_256,8192,,,128,0,3.274290997069329,0,0,0,0.018624331,32768,1024,,0.03125,,32.0,,,,,,4,5,17912832,6791868416,0.173807,0.087298,0.02585,0.00777,0.0063,1.430808,0.00166,0.0,0.0,0.024519,0.00177,1.018555,0.0,0.01415,0.02413,1.399149,0.011519,8192,256,1,1,2048,131072,131072,0.065799,0.046679,0.124878,0.5382520000000001,0.245727,0.026369,1.00194,1,1,1,2097544
tiledb,rank,4096,0,warm,window_256,8192,,,128,1,3.0513639794662595,0,0,0,0.015696965,32768,1024,,0.03125,,32.0,,,,,,4,4,17912832,6792122368,0.159988,0.087499,0.02889,0.008009,0.00613,1.872562,0.00129,0.0,0.0,0.02474,0.00252,1.31166,0.0,0.0173,0.0251,0.724499,0.01286,16384,512,2,1,4096,262144,262144,0.16498700000000002,0.110489,0.208327,0.703419,0.265196,0.026999,1.29463,2,2,2,4195088
tiledb,rank,4096,0,warm,window_256,8192,,,128,2,2.4360240204259753,0,0,0,0.014666395,32768,1024,,0.03125,,32.0,,,,,,4,4,17912832,6791983104,0.172847,0.0,0.0,0.00756,0.0,0.00019,0.0,0.0,0.0,0.0,0.0,0.0,0.0,0.0,0.0,2.155577,0.01255,0,0,0,0,0,0,0,0.0,0.0,0.0,0.0,0.0,0.0,0.0,0,0,0,0
tiledb,rank,4096,0,warm,window_256,8192,,,128,3,2.5799309951253235,0,0,0,0.015346266,32768,1024,,0.03125,,32.0,,,,,,4,4,17912832,6792118272,0.162618,0.087629,0.02755,0.00811,0.006209,1.803703,0.00418,0.0,0.0,0.02467,0.00232,1.34488,0.0,0.01616,0.02509,0.320565,0.012889,16384,512,2,1,4096,262144,262144,0.18210700000000002,0.116429,0.237686,0.719709,0.263456,0.02357,1.32822,2,2,2,4195088
tiledb,rank,4096,0,warm,window_256,8192,,,128,4,2.51517299329862,0,0,0,0.014911995,32768,1024,,0.03125,,32.0,,,,,,4,4,17912832,6791974912,0.163797,0.087269,0.026949,0.00825,0.00607,1.197382,0.00119,0.0,0.0,0.026569,0.00206,0.845158,0.0,0.01424,0.023609,0.867027,0.01251,8192,256,1,1,2048,131072,131072,0.062249000000000006,0.037979,0.093249,0.438464,0.217326,0.024620000000000003,0.828278,1,1,1,2097544
tiledb,rank,4096,0,warm,window_256,8192,,,128,5,2.4338840157724917,0,0,0,0.014676235,32768,1024,,0.03125,,32.0,,,,,,4,4,17912832,6791970816,0.165928,0.087138,0.02914,0.00818,0.00697,1.650855,0.004239,0.0,0.0,0.0239,0.00233,1.225702,0.0,0.016249,0.02465,0.319285,0.01254,16384,512,2,1,4096,262144,262144,0.159137,0.106239,0.195657,0.63909,0.254986,0.0261,1.20304,2,2,2,4195088
tiledb,rank,4096,0,warm,window_256,8192,,,128,6,3.1492430134676397,0,0,0,0.017375023,32768,1024,,0.03125,,32.0,,,,,,4,4,22633472,6792105984,0.152078,0.0,0.0,0.00812,0.0,0.00021,0.0,0.0,0.0,0.0,0.0,0.0,0.0,0.0,0.0,2.883776,0.01334,0,0,0,0,0,0,0,0.0,0.0,0.0,0.0,0.0,0.0,0.0,0,0,0,0
tiledb,rank,4096,0,warm,window_256,8192,,,128,7,3.240430960431695,0,0,0,0.018543325,32768,1024,,0.03125,,32.0,,,,,,4,4,22633472,6792105984,0.159767,0.073089,0.02741,0.007939,0.00687,2.399004,0.00155,0.0,0.0,0.02402,0.00249,1.612006,0.0,0.01983,0.02603,0.397104,0.012539,24576,768,3,1,6144,393216,393216,0.239266,0.162399,0.28894499999999995,0.8194870000000001,0.321996,0.046939,1.5953,3,3,3,6292632
tiledb,rank,4096,0,warm,window_256,8192,,,128,8,2.5107120163738728,0,0,0,0.01614489,32768,1024,,0.03125,,32.0,,,,,,4,4,17912832,6791983104,0.158727,0.087119,0.026399,0.00851,0.00628,1.768753,0.00151,0.0,0.0,0.025869999999999997,0.00243,1.245741,0.0,0.01733,0.02503,0.285935,0.01235,16384,512,2,1,4096,262144,262144,0.142098,0.081219,0.18248799999999998,0.6642399999999999,0.278115,0.02568,1.2282,2,2,2,4195088
tiledb,rank,4096,0,warm,window_256,8192,,,128,9,2.0335590234026313,0,0,0,0.01438787,32768,1024,,0.03125,,32.0,,,,,,4,4,13192192,6791831552,0.191507,0.085248,0.02663,0.00769,0.00606,1.278161,0.00094,0.0,0.0,0.02572,0.001889,0.906887,0.0,0.01427,0.024049,0.290216,0.01273,8192,256,1,1,2048,131072,131072,0.09011899999999999,0.063859,0.127138,0.492632,0.179917,0.02522,0.8901570000000001,1,1,1,2097544
tiledb,rank,4096,0,warm,window_256,65536,,,128,0,6.172427965793759,0,0,0,0.031421709,262144,1024,,0.00390625,,256.0,,,,,,4,5,218703872,6792187904,0.211387,0.091059,0.02907,0.007999,0.00691,3.439998,0.00659,0.0,0.0,0.02495,0.00279,2.258696,0.0,0.02163,0.091739,2.147637,0.03116,262144,1024,4,1,8192,524288,524288,0.20306600000000002,0.15376800000000002,0.241406,1.2490400000000002,0.596171,0.045828999999999995,2.24215,4,5,4,10487720
tiledb,rank,4096,0,warm,window_256,65536,,,128,1,3.6220650072209537,0,0,0,0.019002401,262144,1024,,0.00390625,,256.0,,,,,,4,4,143177728,6793203712,0.188527,0.075799,0.028109,0.00838,0.00671,1.181422,0.00125,0.0,0.0,0.025869,0.00218,0.825488,0.0,0.01448,0.032099,1.956571,0.02464,65536,256,1,1,2048,131072,131072,0.093249,0.048408999999999994,0.125088,0.426733,0.156338,0.027438999999999998,0.8078780000000001,1,1,1,2097544
tiledb,rank,4096,0,warm,window_256,65536,,,128,2,4.604149959050119,0,0,0,0.021630994,262144,1024,,0.00390625,,256.0,,,,,,4,4,143177728,6793195520,0.180137,0.081788,0.02835,0.00855,0.00522,1.781063,0.00179,0.0,0.0,0.025199,0.00238,1.252971,0.0,0.0174,0.052819,2.309435,0.02477,131072,512,2,1,4096,262144,262144,0.13287800000000002,0.09210800000000001,0.178167,0.635171,0.306755,0.02555,1.2358600000000002,2,2,2,4195088
tiledb,rank,4096,0,warm,window_256,65536,,,128,3,4.567630996461958,0,0,0,0.021698334,262144,1024,,0.00390625,,256.0,,,,,,4,4,143177728,6793187328,0.179227,0.082849,0.028159,0.0084,0.00523,1.779853,0.00427,0.0,0.0,0.02497,0.0023,1.29589,0.0,0.01712,0.054129,2.277696,0.02473,131072,512,2,1,4096,262144,262144,0.206577,0.14630700000000002,0.24691699999999997,0.6181300000000001,0.300866,0.026189,1.27885,2,2,2,4195088
tiledb,rank,4096,0,warm,window_256,65536,,,128,4,4.001749970484525,0,0,0,0.021722374,262144,1024,,0.00390625,,256.0,,,,,,4,4,143177728,6794240000,0.177778,0.084449,0.02788,0.00843,0.006369,1.727224,0.00481,0.0,0.0,0.025480000000000003,0.00247,1.166992,0.0,0.01744,0.054689,1.754344,0.02299,131072,512,2,1,4096,262144,262144,0.102668,0.063999,0.135118,0.606441,0.28590499999999996,0.04477,1.1488099999999999,2,2,2,4195088
tiledb,rank,4096,0,warm,window_256,65536,,,128,5,3.7532540154643357,0,0,0,0.019202426,262144,1024,,0.00390625,,256.0,,,,,,4,4,143177728,6793179136,0.171728,0.077558,0.0285,0.00837,0.00691,1.269831,0.00106,0.0,0.0,0.024259,0.00171,0.889797,0.0,0.014869,0.03209,2.00855,0.024589,65536,256,1,1,2048,131072,131072,0.081709,0.059299000000000004,0.120998,0.44555300000000003,0.20628700000000003,0.039809,0.872507,1,1,1,2097544
tiledb,rank,4096,0,warm,window_256,65536,,,128,6,4.56019100965932,0,0,0,0.020830346,262144,1024,,0.00390625,,256.0,,,,,,4,4,143177728,6793175040,0.182867,0.084218,0.02871,0.00826,0.00701,1.757863,0.00445,0.0,0.0,0.024359,0.00238,1.250651,0.0,0.0182,0.053389,2.282746,0.024819,131072,512,2,1,4096,262144,262144,0.120048,0.08087799999999999,0.161078,0.7025589999999999,0.26434599999999997,0.037880000000000004,1.2336,2,2,2,4195088
tiledb,rank,4096,0,warm,window_256,65536,,,128,7,4.662389983423054,0,0,0,0.022477475,262144,1024,,0.00390625,,256.0,,,,,,4,5,143177728,6793175040,0.202797,0.085709,0.02836,0.007939,0.00704,1.791183,0.0052,0.0,0.0,0.026099999999999998,0.00261,1.198192,0.0,0.01761,0.053699,2.343705,0.02594,131072,512,2,1,4096,262144,262144,0.148657,0.07850900000000001,0.18105700000000002,0.6457299999999999,0.24562599999999998,0.02724,1.18034,2,2,2,4195088
tiledb,rank,4096,0,warm,window_256,65536,,,128,8,3.6455150111578405,0,0,0,0.018809484,262144,1024,,0.00390625,,256.0,,,,,,4,4,143177728,6793162752,0.176548,0.078549,0.02889,0.00856,0.00693,1.250351,0.001779,0.0,0.0,0.02485,0.00197,0.876897,0.0,0.015079,0.03335,1.907681,0.02579,65536,256,1,1,2048,131072,131072,0.028099,0.010359,0.07714900000000001,0.462223,0.22907599999999997,0.020999999999999998,0.859007,1,1,1,2097544
tiledb,rank,4096,0,warm,window_256,65536,,,128,9,4.723599005956203,0,0,0,0.023751194,262144,1024,,0.00390625,,256.0,,,,,,4,6,143177728,6794211328,0.184317,0.0,0.0,0.00762,0.0,0.00013,0.0,0.0,0.0,0.0,0.0,0.0,0.0,0.0,0.0,4.431993,0.02227,0,0,0,0,0,0,0,0.0,0.0,0.0,0.0,0.0,0.0,0.0,0,0,0,0
tiledb,rank,4096,0,warm,window_4096,1024,,,128,0,5.416588974185288,0,0,0,0.032772556,4096,3596,,0.8779296875,,1.139043381535039,,,,,,2785,8,3111936,6794866688,0.125128,0.030459,0.0273,0.00827,0.004939,3.105934,0.00714,0.0,0.0,0.042748999999999995,0.090149,2.275906,0.0,0.01855,0.016849,1.9727,0.0111,1024,893,692,1,7144,457216,457216,0.731109,0.450044,0.931886,0.834818,0.286185,0.058829,2.23937,692,2,1,4195088
tiledb,rank,4096,0,warm,window_4096,1024,,,128,1,5.446718016173691,0,0,0,0.035003139,4096,3616,,0.8828125,,1.1327433628318584,,,,,,2840,8,3123712,6793895936,0.113528,0.031339,0.02698,0.00903,0.00556,5.029014,0.011289,0.0,0.0,0.06942,0.166757,3.471348,0.0,0.029679,0.02454,0.060069,0.01098,2048,1828,1424,1,14624,935936,935936,0.949246,0.583939,1.37656,1.4157600000000001,0.383634,0.076809,3.41395,1424,4,2,8390176
tiledb,rank,4096,0,warm,window_4096,1024,,,128,2,4.9959750031121075,0,0,0,0.030902949,4096,3608,,0.880859375,,1.1352549889135255,,,,,,2822,8,3111424,6794141696,0.120598,0.031649,0.02807,0.00842,0.00599,3.143433,0.00258,0.0,0.0,0.046209,0.095869,2.327155,0.0,0.020749,0.01913,1.501987,0.00941,1024,896,732,1,7168,458752,458752,0.736239,0.464661,0.962256,0.865777,0.274086,0.055909,2.28387,732,2,1,4195088
tiledb,rank,4096,0,warm,window_4096,1024,,,128,3,5.188722047023475,0,0,0,0.033946518999999994,4096,3621,,0.884033203125,,1.1311792322562828,,,,,,2839,8,3113472,6793801728,0.108239,0.031819,0.02753,0.009129,0.00701,3.079864,0.0068,0.0,0.0,0.046819,0.091919,2.257566,0.0,0.02107,0.02006,1.769934,0.01087,1024,906,715,1,7248,463872,463872,0.708839,0.459765,0.9318660000000001,0.8554879999999999,0.243217,0.088218,2.21793,715,2,1,4195088
tiledb,rank,4096,0,warm,window_4096,1024,,,128,4,6.893216981552541,0,0,0,0.040070501,4096,3607,,0.880615234375,,1.1355697255336845,,,,,,2841,8,4143104,6794117120,0.094389,0.031449,0.02837,0.00805,0.00607,2.933976,0.00572,0.0,0.0,0.047518000000000005,0.095399,2.155088,0.0,0.020439,0.01881,3.627305,0.01075,1024,892,720,1,7136,456704,456704,0.67386,0.406364,0.894047,0.839048,0.231086,0.061349,2.1164899999999998,720,2,1,4195088
tiledb,rank,4096,0,warm,window_4096,1024,,,128,5,5.404388008173555,0,0,0,0.037807566,4096,3641,,0.888916015625,,1.1249656687723153,,,,,,2810,8,3125760,6794113024,0.094468,0.03238,0.027739,0.00874,0.00706,5.000395,0.00772,0.0,0.0,0.071978,0.162478,3.36164,0.0,0.028789,0.02303,0.059079,0.01066,2048,1809,1397,1,14472,926208,926208,0.948866,0.592262,1.38642,1.22707,0.461923,0.071879,3.30774,1397,4,2,8390176
tiledb,rank,4096,0,warm,window_4096,1024,,,128,6,5.431229015812278,0,0,0,0.035906505,4096,3622,,0.88427734375,,1.1308669243511873,,,,,,2835,8,3117568,6794072064,0.129798,0.03156,0.02818,0.008369,0.00608,3.072014,0.00638,0.0,0.0,0.04745,0.091548,2.228637,0.0,0.02098,0.019829,2.00748,0.01076,1024,900,706,1,7200,460800,460800,0.66768,0.406632,0.886947,0.871197,0.254367,0.061898999999999996,2.1850300000000002,706,2,1,4195088
tiledb,rank,4096,0,warm,window_4096,1024,,,128,7,7.207952032331377,0,0,0,0.041812779,4096,3640,,0.888671875,,1.1252747252747253,,,,,,2834,8,4149760,6794371072,0.094169,0.031929,0.02701,0.00839,0.00615,2.806977,0.006359,0.0,0.0,0.046599,0.095919,2.048189,0.0,0.02049,0.01968,4.067428,0.00946,1024,912,704,1,7296,466944,466944,0.67091,0.411594,0.8698370000000001,0.763749,0.224196,0.04128,2.0121700000000002,704,2,1,4195088
tiledb,rank,4096,0,warm,window_4096,1024,,,128,8,3.6970850196667016,0,0,0,0.031302695,4096,3636,,0.8876953125,,1.1265126512651265,,,,,,2812,8,2095104,6793445376,0.092319,0.031089,0.02767,0.00857,0.00618,3.336869,0.006259,0.0,0.0,0.045119,0.091759,2.471293,0.0,0.02058,0.01903,0.028089,0.01093,1024,897,704,1,7176,459264,459264,0.7851079999999999,0.5081019999999999,1.04246,0.895786,0.320515,0.064119,2.4180099999999998,704,2,1,4195088
tiledb,rank,4096,0,warm,window_4096,1024,,,128,9,5.456658022012562,0,0,0,0.035496268,4096,3644,,0.8896484375,,1.12403951701427,,,,,,2842,8,3125248,6793805824,0.093809,0.032289,0.02881,0.0083,0.007159,5.033125,0.00824,0.0,0.0,0.06376,0.172407,3.620335,0.0,0.029459,0.02282,0.059259,0.01065,2048,1831,1424,1,14648,937472,937472,0.976345,0.6350089999999999,1.45811,1.38773,0.44910300000000003,0.093458,3.56392,1424,4,2,8390176
tiledb,rank,4096,0,warm,window_4096,8192,,,128,0,5.468537972774357,0,0,0,0.034572315,32768,14167,,0.432342529296875,,2.3129808710383286,,,,,,1951,8,21692928,6794240000,0.151778,0.0,0.0,0.00839,0.0,0.00022,0.0,0.0,0.0,0.0,0.0,0.0,0.0,0.0,0.0,5.197852,0.012349,0,0,0,0,0,0,0,0.0,0.0,0.0,0.0,0.0,0.0,0.0,0,0,0,0
tiledb,rank,4096,0,warm,window_4096,8192,,,128,1,4.87223599338904,0,0,0,0.031385588,32768,14213,,0.433746337890625,,2.3054949693942164,,,,,,1879,8,21692928,6794174464,0.157167,0.0,0.0,0.00832,0.0,0.00019,0.0,0.0,0.0,0.0,0.0,0.0,0.0,0.0,0.0,4.599911,0.01287,0,0,0,0,0,0,0,0.0,0.0,0.0,0.0,0.0,0.0,0.0,0,0,0,0
tiledb,rank,4096,0,warm,window_4096,8192,,,128,2,5.209001945331693,0,0,0,0.032643061,32768,14204,,0.4334716796875,,2.3069557871022246,,,,,,1906,8,21692928,6794465280,0.190028,0.088139,0.02917,0.009339,0.00759,4.333985,0.02409,0.0,0.0,0.052889,0.122288,3.000055,0.0,0.077769,0.02584,0.326625,0.012959,16384,7093,953,1,56744,3631616,3631616,0.695399,0.444392,0.962505,1.2260199999999999,0.478203,0.140597,2.95593,953,4,2,8390176
tiledb,rank,4096,0,warm,window_4096,8192,,,128,3,5.585246020928025,0,0,0,0.034875269,32768,14142,,0.43157958984375,,2.317069721397256,,,,,,1925,8,21692928,6794158080,0.160647,0.088289,0.028139,0.009,0.00753,4.739379,0.030849,0.0,0.0,0.05415,0.114678,3.419578,0.0,0.076098,0.02496,0.323615,0.01269,16384,7040,985,1,56320,3604480,3604480,0.7967879999999999,0.505232,1.11239,1.50399,0.463223,0.150318,3.3732900000000003,985,4,3,8390176
tiledb,rank,4096,0,warm,window_4096,8192,,,128,4,5.284129991196096,0,0,0,0.031748829,32768,14161,,0.432159423828125,,2.3139608784690346,,,,,,1941,8,21692928,6794170368,0.160757,0.0,0.0,0.0079,0.0,0.00034,0.0,0.0,0.0,0.0,0.0,0.0,0.0,0.0,0.0,5.001835,0.01323,0,0,0,0,0,0,0,0.0,0.0,0.0,0.0,0.0,0.0,0.0,0,0,0,0
tiledb,rank,4096,0,warm,window_4096,8192,,,128,5,3.891200991347432,0,0,0,0.031004838,32768,14159,,0.432098388671875,,2.3142877321844764,,,,,,1930,8,14801408,6793674752,0.169087,0.085159,0.026449,0.00827,0.00693,3.149013,0.00451,0.0,0.0,0.035099,0.071639,2.352345,0.0,0.044259,0.02425,0.247646,0.01276,8192,3518,500,1,28144,1801216,1801216,0.64822,0.409784,0.840777,0.957395,0.28364599999999995,0.09289800000000001,2.31606,500,2,1,4195088
tiledb,rank,4096,0,warm,window_4096,8192,,,128,6,7.162482012063265,0,0,0,0.043464135,32768,14144,,0.431640625,,2.316742081447964,,,,,,1913,8,27458560,6794649600,0.172447,0.075079,0.029379,0.00923,0.00821,6.204057,0.03524,0.0,0.0,0.06240999999999999,0.189237,4.218296,0.0,0.109878,0.02629,0.405714,0.011239,24576,10621,1426,1,84968,5437952,5437952,1.02853,0.650031,1.49244,1.62732,0.702269,0.166887,4.16191,1426,6,3,12585264
tiledb,rank,4096,0,warm,window_4096,8192,,,128,7,3.8888819981366396,0,0,0,0.030145768,32768,14119,,0.430877685546875,,2.3208442524258093,,,,,,1959,8,14793728,6793678848,0.158057,0.086319,0.026519,0.00854,0.00698,3.119143,0.01621,0.0,0.0,0.034978999999999996,0.067719,2.299145,0.0,0.044319,0.02393,0.285655,0.01274,8192,3504,519,1,28032,1794048,1794048,0.714199,0.439517,0.913146,0.8329770000000001,0.303576,0.128748,2.2702199999999997,519,2,1,4195088
tiledb,rank,4096,0,warm,window_4096,8192,,,128,8,5.173102952539921,0,0,0,0.031720573,32768,14169,,0.432403564453125,,2.312654386336368,,,,,,1899,8,21692928,6794162176,0.157288,0.0,0.0,0.00823,0.0,0.00019,0.0,0.0,0.0,0.0,0.0,0.0,0.0,0.0,0.0,4.900266,0.01264,0,0,0,0,0,0,0,0.0,0.0,0.0,0.0,0.0,0.0,0.0,0,0,0,0
tiledb,rank,4096,0,warm,window_4096,8192,,,128,9,5.4240680183283985,0,0,0,0.035155288,32768,14168,,0.432373046875,,2.312817617165443,,,,,,1908,8,21692928,6794158080,0.168477,0.087649,0.026459,0.00824,0.0075,4.572151,0.00693,0.0,0.0,0.043689,0.119128,3.247312,0.0,0.077109,0.02475,0.328155,0.012599,16384,7084,943,1,56672,3627008,3627008,0.790778,0.49781999999999993,1.10408,1.34884,0.398884,0.171958,3.15878,943,4,2,8390176
tiledb,rank,4096,0,warm,window_4096,65536,,,128,0,6.006909010466188,0,0,0,0.032805998,262144,16384,,0.0625,,16.0,,,,,,4,8,144179712,6793846784,0.185907,0.084728,0.02797,0.00801,0.00791,3.148133,0.031349,0.0,0.0,0.02301,0.00405,2.169427,0.0,0.087948,0.054409,2.269806,0.02386,131072,8192,2,1,65536,4194304,4194304,0.133828,0.08087,0.172267,1.23752,0.524633,0.125669,2.14973,2,4,2,8390176
tiledb,rank,4096,0,warm,window_4096,65536,,,128,1,4.417893011122942,0,0,0,0.026805024,262144,16384,,0.0625,,16.0,,,,,,4,8,106430976,6793539584,0.197527,0.078409,0.027149,0.00799,0.00718,2.108458,0.00528,0.0,0.0,0.026028999999999997,0.00278,1.477258,0.0,0.076749,0.03376,1.750574,0.02477,65536,4096,1,1,32768,2097152,2097152,0.060589,0.040659,0.096929,0.867977,0.327195,0.103348,1.4594099999999999,1,2,1,4195088
tiledb,rank,4096,0,warm,window_4096,65536,,,128,2,5.990648991428316,0,0,0,0.029407693,262144,16384,,0.0625,,16.0,,,,,,4,8,144179712,6794805248,0.184197,0.084158,0.02917,0.0083,0.00792,3.092073,0.033489,0.0,0.0,0.02491,0.00419,2.211266,0.0,0.087029,0.054999,2.302035,0.02552,131072,8192,2,1,65536,4194304,4194304,0.111079,0.07114999999999999,0.143538,1.38645,0.5222319999999999,0.05443,2.19318,2,4,2,8390176
tiledb,rank,4096,0,warm,window_4096,65536,,,128,3,5.113594001159072,0,0,0,0.025150974,262144,16384,,0.0625,,16.0,,,,,,4,8,144179712,6794928128,0.188267,0.076608,0.02773,0.0083,0.00717,1.927391,0.00499,0.0,0.0,0.023599,0.00269,1.32988,0.0,0.049909,0.03214,2.66105,0.02371,65536,4096,1,1,32768,2097152,2097152,0.079649,0.048569,0.118698,0.764289,0.243266,0.101098,1.3132599999999999,1,2,1,4195088
tiledb,rank,4096,0,warm,window_4096,65536,,,128,4,5.835112009663135,0,0,0,0.028788476,262144,16384,,0.0625,,16.0,,,,,,4,8,144179712,6794801152,0.180607,0.084258,0.02872,0.00811,0.00608,2.949505,0.00728,0.0,0.0,0.025699,0.00421,2.170268,0.0,0.087089,0.054929,2.298186,0.024869,131072,8192,2,1,65536,4194304,4194304,0.147948,0.108048,0.184177,1.3747200000000002,0.416734,0.090189,2.15419,2,4,2,8390176
tiledb,rank,4096,0,warm,window_4096,65536,,,128,5,6.1500780284404755,0,0,0,0.029319897,262144,16384,,0.0625,,16.0,,,,,,4,8,144179712,6794792960,0.496383,0.085599,0.0289,0.00828,0.008109,2.946736,0.00778,0.0,0.0,0.024909999999999998,0.00456,2.140948,0.0,0.089829,0.065889,2.279915,0.02592,131072,8192,2,1,65536,4194304,4194304,0.116389,0.07408,0.148558,1.34563,0.42528299999999997,0.08786899999999999,2.12422,2,4,2,8390176
tiledb,rank,4096,0,warm,window_4096,65536,,,128,6,5.917670961935073,0,0,0,0.028537424,262144,16384,,0.0625,,16.0,,,,,,4,8,144179712,6794792960,0.180208,0.084429,0.02822,0.00817,0.007959,3.042825,0.00702,0.0,0.0,0.02447,0.0039,2.140928,0.0,0.095938,0.055559,2.276076,0.02479,131072,8192,2,1,65536,4194304,4194304,0.105078,0.06321900000000001,0.171097,1.2158799999999998,0.512003,0.11956800000000001,2.1236699999999997,2,4,2,8390176
tiledb,rank,4096,0,warm,window_4096,65536,,,128,7,5.962620954960585,0,0,0,0.029268818000000002,262144,16384,,0.0625,,16.0,,,,,,4,8,144179712,6794776576,0.185767,0.084999,0.028259,0.00846,0.00803,3.087094,0.03654,0.0,0.0,0.025099,0.00414,2.226637,0.0,0.086899,0.054429,2.269165,0.02362,131072,8192,2,1,65536,4194304,4194304,0.097158,0.061607999999999996,0.135318,1.34902,0.49016299999999996,0.097729,2.20906,2,4,2,8390176
tiledb,rank,4096,0,warm,window_4096,65536,,,128,8,5.052594002336264,0,0,0,0.024535925,262144,16384,,0.0625,,16.0,,,,,,4,8,144179712,6794784768,0.186187,0.078729,0.0281,0.008259,0.00665,1.931721,0.00451,0.0,0.0,0.024620000000000003,0.00281,1.353649,0.0,0.049539,0.03205,2.593151,0.023849,65536,4096,1,1,32768,2097152,2097152,0.040699,0.0214,0.077118,0.832248,0.289925,0.05039,1.33628,1,2,1,4195088
tiledb,rank,4096,0,warm,window_4096,65536,,,128,9,5.960839975159615,0,0,0,0.03074627,262144,16384,,0.0625,,16.0,,,,,,4,8,144179712,6794768384,0.201087,0.083758,0.03143,0.00802,0.00809,3.079733,0.027719,0.0,0.0,0.02471,0.00412,2.194227,0.0,0.087749,0.054509,2.282316,0.024949,131072,8192,2,1,65536,4194304,4194304,0.188918,0.154028,0.224217,1.34015,0.43816299999999997,0.079709,2.17702,2,4,2,8390176
tiledb,rank,4096,0,warm,window_65536,1024,,,128,0,20.6734900129959,0,0,0,0.155019494,4096,4062,,0.99169921875,,1.0083702609551946,,,,,,4010,68,3229696,6795206656,0.152088,0.033539,0.03272,0.008699,0.00702,20.171657,0.01113,0.0,0.0,0.074669,0.239806,13.690785,0.0,0.03209,0.025589,0.060679,0.01177,2048,2035,2010,1,16280,1041920,1041920,1.10804,0.7703070000000001,1.72328,7.65464,3.74773,0.06916900000000001,13.5275,2010,34,2,71316496
tiledb,rank,4096,0,warm,window_65536,1024,,,128,1,24.05163797084242,0,0,0,0.150472761,4096,4056,,0.990234375,,1.009861932938856,,,,,,3995,68,3227136,6795640832,0.132058,0.0,0.0,0.00846,0.0,0.00018,0.0,0.0,0.0,0.0,0.0,0.0,0.0,0.0,0.0,23.787122,0.01259,0,0,0,0,0,0,0,0.0,0.0,0.0,0.0,0.0,0.0,0.0,0,0,0,0
tiledb,rank,4096,0,warm,window_65536,1024,,,128,2,29.998908983543515,0,0,0,0.190246006,4096,4066,,0.99267578125,,1.0073782587309394,,,,,,4000,68,4314624,6796038144,0.102118,0.03411,0.034479,0.00888,0.00697,12.289275,0.00645,0.0,0.0,0.071559,0.122418,9.605755,0.0,0.02403,0.022869,17.30292,0.01363,1024,1016,1004,1,8128,520192,520192,0.65831,0.39822399999999997,0.917316,6.66724,1.68929,0.043748999999999996,9.538960000000001,1004,17,1,35658248
tiledb,rank,4096,0,warm,window_65536,1024,,,128,3,22.835876035969704,0,0,0,0.166386183,4096,4061,,0.991455078125,,1.0086185668554544,,,,,,4014,67,3227136,6796058624,0.100839,0.034629,0.03555,0.009279,0.00706,22.180007,0.00955,0.0,0.0,0.099629,0.244156,16.190077,0.0,0.059969,0.043569,0.099448,0.01282,2048,2024,1992,1,16192,1036288,1036288,0.866817,0.515402,1.31914,12.0359,2.4116099999999996,0.056519,16.0915,1992,28,1,58731232
tiledb,rank,4096,0,warm,window_65536,1024,,,128,4,24.315075017511845,0,0,0,0.15119706100000002,4096,4063,,0.991943359375,,1.008122077282796,,,,,,3989,68,3230720,6795587584,0.223977,0.0,0.0,0.00809,0.0,0.00029,0.0,0.0,0.0,0.0,0.0,0.0,0.0,0.0,0.0,23.976439,0.01356,0,0,0,0,0,0,0,0.0,0.0,0.0,0.0,0.0,0.0,0.0,0,0,0,0
tiledb,rank,4096,0,warm,window_65536,1024,,,128,5,25.13971203006804,0,0,0,0.168200418,4096,4066,,0.99267578125,,1.0073782587309394,,,,,,3991,68,3228160,6795591680,0.234016,0.03466,0.041979,0.00884,0.0071,24.554011,0.0051,0.0,0.0,0.139418,0.261406,16.854317,0.0,0.035689,0.034,0.062789,0.01182,2048,2032,1997,1,16256,1040384,1040384,1.14102,0.746678,1.72762,10.6351,3.8937500000000003,0.060749,16.701,1997,34,2,71316496
tiledb,rank,4096,0,warm,window_65536,1024,,,128,6,23.0632740422152,0,0,0,0.161307164,4096,4064,,0.9921875,,1.0078740157480315,,,,,,3991,68,3228672,6795165696,0.107358,0.036139,0.03713,0.00942,0.007119,22.392464,0.01007,0.0,0.0,0.11043900000000001,0.235846,15.596236,0.0,0.055719,0.045489,0.072839,0.015609,2048,2033,1992,1,16264,1040896,1040896,1.13194,0.772078,1.73231,10.511,2.87411,0.065539,15.5055,1992,34,2,71316496
tiledb,rank,4096,0,warm,window_65536,1024,,,128,7,22.917795984540135,0,0,0,0.16342392,4096,4069,,0.993408203125,,1.0066355369869746,,,,,,4004,68,3230720,6795153408,0.116259,0.03465,0.040269,0.00907,0.00706,22.329314,0.00408,0.0,0.0,0.109858,0.239936,15.773273,0.0,0.03636,0.031029,0.067109,0.01498,2048,2037,2002,1,16296,1042944,1042944,0.881306,0.5660869999999999,1.40621,10.722199999999999,3.0745299999999998,0.065559,15.5933,2002,34,2,71316496
tiledb,rank,4096,0,warm,window_65536,1024,,,128,8,23.458446958102286,0,0,0,0.159943844,4096,4062,,0.99169921875,,1.0083702609551946,,,,,,3989,68,3227136,6795141120,0.104719,0.032049,0.0375,0.009239,0.005,15.067794,0.00318,0.0,0.0,0.081219,0.126948,10.818298,0.0,0.023299,0.02409,7.932381,0.014429,1024,1017,999,1,8136,520704,520704,0.749269,0.467722,1.0627099999999998,7.56699,1.86221,0.043379,10.761,999,17,1,35658248
tiledb,rank,4096,0,warm,window_65536,1024,,,128,9,29.95152003131807,0,0,0,0.213254939,4096,4073,,0.994384765625,,1.005646943285048,,,,,,4003,68,4316672,6795964416,0.105558,0.097078,0.034,0.0097,0.00741,29.170941,0.00439,0.0,0.0,0.136139,0.360684,19.023334,0.0,0.067839,0.047319,0.112968,0.01503,3072,3054,3000,1,24432,1563648,1563648,1.3618899999999998,0.850196,2.14898,12.1388,4.0896099999999995,0.082168,18.8941,3000,51,4,106974744
tiledb,rank,4096,0,warm,window_65536,8192,,,128,0,33.795191964600235,0,0,0,0.246532444,32768,30805,,0.940093994140625,,1.06372342152248,,,,,,27252,68,25381376,6817554432,0.190877,0.093449,0.037049,0.01234,0.00915,32.624089,0.01483,0.0,0.0,0.41836399999999996,1.455638,22.236286,0.0,0.181188,0.049249,0.230917,0.0171,16384,15068,12749,1,120544,7714816,7714816,3.5151499999999998,2.35841,6.3920699999999995,12.1891,2.38343,0.262436,21.853399999999997,12749,27,1,56633688
tiledb,rank,4096,0,warm,window_65536,8192,,,128,1,34.86708604032174,0,0,0,0.243251895,32768,30786,,0.93951416015625,,1.0643799129474436,,,,,,27198,68,25379328,6808784896,0.192467,0.091529,0.035819,0.00997,0.00915,33.587745,0.01803,0.0,0.0,0.332965,1.503158,23.172991,0.0,0.180107,0.046719,0.372114,0.01775,16384,15392,13582,1,123136,7880704,7880704,3.59368,2.56094,7.39908,10.9167,2.97854,0.24316600000000002,22.264599999999998,13582,34,2,71316496
tiledb,rank,4096,0,warm,window_65536,8192,,,128,2,44.971814029850066,0,0,0,0.277863434,32768,30757,,0.938629150390625,,1.06538348993725,,,,,,27096,68,33838592,6812385280,0.189967,0.091978,0.03711,0.00984,0.008189,17.837842,0.00815,0.0,0.0,0.220027,0.745669,12.62482,0.0,0.093099,0.031899,26.396463,0.01905,8192,7675,6759,1,61400,3929600,3929600,2.20526,1.4474799999999999,3.77999,6.52682,1.59383,0.13964700000000002,12.4123,6759,17,1,35658248
tiledb,rank,4096,0,warm,window_65536,8192,,,128,3,48.48760098684579,0,0,0,0.351084133,32768,30775,,0.939178466796875,,1.0647603574329814,,,,,,27218,68,33846784,6818922496,0.299356,0.077679,0.03462,0.00923,0.010689,47.064813,0.01924,0.0,0.0,0.6081409999999999,2.527072,31.322319,0.0,0.248276,0.048419,0.446363,0.01685,24576,23098,20430,1,184784,11826176,11826176,5.1121300000000005,3.2188999999999997,10.7919,13.522400000000001,4.8391,0.342325,30.6836,20430,51,3,106974744
tiledb,rank,4096,0,warm,window_65536,8192,,,128,4,34.94589397450909,0,0,0,0.27221558,32768,30823,,0.940643310546875,,1.0631022288550758,,,,,,27323,68,25392640,6818451456,0.288515,0.093169,0.040909,0.00936,0.00883,33.544015,0.01483,0.0,0.0,0.739069,1.780953,21.460318,0.0,0.170348,0.041859,0.537002,0.016909,16384,15418,13660,1,123344,7894016,7894016,2.8280100000000004,1.60297,5.454020000000001,11.3554,3.12904,0.354425,21.0152,13660,34,2,71316496
tiledb,rank,4096,0,warm,window_65536,8192,,,128,5,49.37778803287074,0,0,0,0.355449369,32768,30803,,0.940032958984375,,1.0637924877447003,,,,,,27123,68,33853440,6821822464,0.181397,0.077539,0.035949,0.0097,0.01041,47.988948,0.080379,0.0,0.0,0.589372,2.260266,32.357773,0.0,0.252157,0.054259,0.438144,0.016969,24576,23111,20368,1,184888,11832832,11832832,5.466880000000001,3.75097,11.2765,13.6331,5.29272,0.327955,31.7186,20368,51,3,106974744
tiledb,rank,4096,0,warm,window_65536,8192,,,128,6,49.65322301723063,0,0,0,0.327362551,32768,30827,,0.940765380859375,,1.0629642845557465,,,,,,27278,68,33853440,6815514624,0.296965,0.092699,0.034609,0.00909,0.00769,19.859641,0.03073,0.0,0.0,0.223866,0.772669,13.384589,0.0,0.090379,0.02972,29.012304,0.01727,8192,7716,6798,1,61728,3950592,3950592,2.36383,1.55231,4.05241,7.3481,1.19126,0.153428,13.1442,6798,17,1,35658248
tiledb,rank,4096,0,warm,window_65536,8192,,,128,7,33.87308103265241,0,0,0,0.25038217,32768,30720,,0.9375,,1.0666666666666667,,,,,,27171,68,25381888,6815141888,0.329945,0.091719,0.035529,0.0086,0.00908,32.545891,0.0146,0.0,0.0,0.32214400000000004,1.508438,21.621185,0.0,0.185937,0.051599,0.365914,0.01702,16384,15397,13609,1,123176,7883264,7883264,2.7276499999999997,1.73989,5.83723,10.8755,2.9516,0.269036,20.6687,13609,34,2,71316496
tiledb,rank,4096,0,warm,window_65536,8192,,,128,8,35.08240298833698,0,0,0,0.276408332,32768,30797,,0.939849853515625,,1.0639997402344383,,,,,,27099,68,25385472,6808670208,0.193027,0.093139,0.037249,0.0092,0.00891,33.837981,0.01548,0.0,0.0,0.328765,1.518438,23.291789,0.0,0.186257,0.049569,0.324665,0.01762,16384,15404,13582,1,123232,7886848,7886848,3.85243,2.7898699999999996,7.64994,10.5783,2.91356,0.238346,22.2853,13582,34,2,71316496
tiledb,rank,4096,0,warm,window_65536,8192,,,128,9,34.50917097507045,0,0,0,0.24928737199999998,32768,30842,,0.94122314453125,,1.0624473121068672,,,,,,27185,68,25407488,6808662016,0.200327,0.093939,0.03693,0.01052,0.00917,33.223281,0.01549,0.0,0.0,0.326115,1.529727,22.802717,0.0,0.179647,0.047429,0.361814,0.0168,16384,15447,13599,1,123576,7908864,7908864,3.34553,2.32612,6.54943,11.223199999999999,3.14086,0.22298700000000002,21.8471,13599,34,2,71316496
tiledb,rank,4096,0,warm,window_65536,65536,,,128,0,55.76308100717142,0,0,0,0.447306156,262144,165856,,0.6326904296875,,1.580551803974532,,,,,,61164,68,182471680,6846668800,0.345354,0.089859,0.038139,0.01108,0.01957,50.903074,0.278425,0.0,0.0,0.883347,3.563726,33.545606,0.0,0.787098,0.089469,3.182683,0.029139,131072,82875,30552,1,663000,42432000,42432000,7.1556500000000005,4.8694999999999995,14.953899999999999,11.496599999999999,3.9251,0.952935,32.6001,30552,34,2,71316496
tiledb,rank,4096,0,warm,window_65536,65536,,,128,1,49.12626097211614,0,0,0,0.355303198,262144,165959,,0.6330833435058594,,1.579570857862484,,,,,,60814,68,182480384,6832078848,0.259766,0.093748,0.03866,0.010019,0.01929,45.107012,0.067939,0.0,0.0,0.6450710000000001,3.474248,29.530476,0.0,0.784168,0.096539,2.374684,0.03232,131072,82998,30457,1,663984,42494976,42494976,4.9861699999999995,3.3942799999999997,11.5875,11.228,2.98621,0.880477,27.9386,30457,34,2,71316496
tiledb,rank,4096,0,warm,window_65536,65536,,,128,2,50.58730999007821,0,0,0,0.371946539,262144,165848,,0.632659912109375,,1.580628044956828,,,,,,60850,68,182387712,6831509504,0.237566,0.099439,0.038189,0.01018,0.01926,46.567289,0.067079,0.0,0.0,0.64441,3.473798,30.692689,0.0,0.786209,0.092418,2.367054,0.03146,131072,82817,30510,1,662536,42402304,42402304,5.95684,4.35106,13.4458,10.898299999999999,3.01569,0.9525859999999999,29.5681,30510,34,2,71316496
tiledb,rank,4096,0,warm,window_65536,65536,,,128,3,34.43449200130999,0,0,0,0.32813260499999997,262144,166012,,0.6332855224609375,,1.5790665735007108,,,,,,60943,68,125132800,6821916672,0.269216,0.081939,0.03532,0.0088,0.011289,31.31236,0.0332,0.0,0.0,0.343945,1.761143,21.684454,0.0,0.408963,0.061499,1.912641,0.02861,65536,41538,15241,1,332304,21267456,21267456,4.41932,3.4949999999999997,8.31368,8.858559999999999,2.33868,0.35357500000000003,20.5661,15241,17,1,35658248
tiledb,rank,4096,0,warm,window_65536,65536,,,128,4,53.50170598831028,0,0,0,0.393866299,262144,165653,,0.6319160461425781,,1.5824886962505962,,,,,,61016,68,182405120,6832087040,0.220557,0.090039,0.037379,0.01104,0.01938,49.545745,0.066519,0.0,0.0,0.900587,4.66307,32.142846,0.0,0.789158,0.087549,2.351235,0.030099,131072,82851,30470,1,662808,42419712,42419712,7.300339999999999,4.99666,14.690999999999999,10.9832,3.3255899999999996,0.928286,31.1734,30470,34,2,71316496
tiledb,rank,4096,0,warm,window_65536,65536,,,128,5,50.41802197229117,0,0,0,0.360373976,262144,165510,,0.6313705444335938,,1.5838559603649327,,,,,,61220,68,182405632,6831702016,0.247696,0.090099,0.037169,0.0099,0.01888,46.456651,0.069769,0.0,0.0,0.635301,3.714784,30.138226,0.0,0.789178,0.087949,2.330845,0.02951,131072,82852,30543,1,662816,42420224,42420224,5.67798,4.04636,11.6101,10.9771,3.28758,0.7959780000000001,27.9697,30543,34,2,71316496
tiledb,rank,4096,0,warm,window_65536,65536,,,128,6,54.8407249734737,0,0,0,0.376741588,262144,165794,,0.6324539184570312,,1.581142864036093,,,,,,61155,68,182440448,6831927296,0.225496,0.089379,0.039449,0.00963,0.01954,50.911694,0.153967,0.0,0.0,1.4673779999999998,3.926651,32.823216,0.0,0.788548,0.088999,2.307526,0.030479,131072,82920,30640,1,663360,42455040,42455040,7.719250000000001,5.380990000000001,14.9051,10.7435,3.7480399999999996,0.8833270000000001,31.557599999999997,30640,34,2,71316496
tiledb,rank,4096,0,warm,window_65536,65536,,,128,7,52.485180960502476,0,0,0,0.390743591,262144,165392,,0.63092041015625,,1.5849859727193576,,,,,,60775,68,182423552,6850392064,0.256596,0.090049,0.036419,0.00958,0.01895,48.53129,0.067629,0.0,0.0,0.879527,4.64848,30.697448,0.0,0.783408,0.089199,2.319295,0.03062,131072,82505,30426,1,660040,42242560,42242560,6.5786999999999995,4.345929999999999,13.5517,10.4134,3.4270199999999997,0.888236,29.743499999999997,30426,34,2,71316496
tiledb,rank,4096,0,warm,window_65536,65536,,,128,8,50.103435991331935,0,0,0,0.342299269,262144,165709,,0.6321296691894531,,1.5819539071504867,,,,,,60901,68,182407680,6840791040,0.240407,0.082818,0.03719,0.00995,0.012829,26.330765,0.03343,0.0,0.0,0.475203,1.773103,16.551701,0.0,0.409993,0.05109,22.58823,0.03077,65536,41383,15227,1,331064,21188096,21188096,3.8617500000000002,2.6851700000000003,7.43131,6.11442,1.4774,0.47486300000000004,16.1205,15227,17,2,35658248
tiledb,rank,4096,0,warm,window_65536,65536,,,128,9,75.69542102282867,0,0,0,0.494105644,262144,165707,,0.6321220397949219,,1.5819730005370927,,,,,,61063,68,239806976,6851047424,0.236766,0.093148,0.03658,0.00989,0.024819,70.768236,0.429824,0.0,0.0,1.4575879999999999,6.606391,46.115617,0.0,1.156733,0.135798,2.879217,0.030399,196608,124308,45789,1,994464,63645696,63645696,11.8469,7.66434,22.5394,13.8948,4.54278,1.3569,44.4961,45789,51,3,106974744
tiledb,rank,65536,0,cold,random,1024,,,128,0,1575.6552779930644,8591572992,8591572992,8591572992,11.561413711,4096,4095,,0.999755859375,,1.0002442002442002,,,,,,4095,1005,2167808,6788288512,0.187077,0.034919,0.044299,0.01546,0.00683,1572.560464,0.048289,0.0,0.0,0.13955800000000002,0.153778,1495.260096,0.0,0.054429,0.04327,2.284686,0.015429,1021,1020,1020,1,8160,522240,522240,0.49549200000000004,0.30745700000000004,0.768658,1440.68,109.064,0.148519,1495.19,1020,64,24,2147877376
tiledb,rank,65536,0,cold,random,1024,,,128,1,1556.593413988594,8591572992,8591572992,8591572992,10.87784588,4096,4096,,1.0,,1.0,,,,,,4096,1013,2163712,6788354048,0.287256,0.03481,0.041419,0.01307,0.00708,1555.068127,0.037369,0.0,0.0,0.132098,0.132578,1478.231903,0.0,0.060849,0.04517,0.64507,0.01664,1006,1006,1005,1,8048,515072,515072,0.526262,0.31809299999999996,0.7702190000000001,1424.6799999999998,105.60600000000001,0.15216900000000003,1478.1599999999999,1005,64,24,2147877376
tiledb,rank,65536,0,cold,random,1024,,,128,2,1572.376666998025,8591572992,8591572992,8591572992,11.626721213,4096,4095,,0.999755859375,,1.0002442002442002,,,,,,4095,1003,2189312,6788407296,0.209437,0.03331,0.043309,0.01318,0.00622,1564.719342,0.020569,0.0,0.0,0.12345800000000001,0.138538,1484.872743,0.0,0.063929,0.044619,6.864797,0.01608,1004,1004,1004,1,8032,514048,514048,0.490923,0.308096,0.756189,1436.8600000000001,107.91499999999999,0.146167,1484.81,1004,64,24,2147877376
tiledb,rank,65536,0,cold,random,1024,,,128,3,1566.2855780101381,8591572992,8591572992,8591572992,10.136989843,4096,4096,,1.0,,1.0,,,,,,4096,1012,2155520,6788407296,0.163118,0.03489,0.042999,0.01374,0.00625,1547.707788,0.0211,0.0,0.0,0.157777,0.147388,1472.039696,0.0,0.058329,0.116118,17.761003,0.01568,1018,1018,1018,1,8144,521216,521216,0.505252,0.31661599999999995,0.7776280000000001,1419.02,85.7077,0.149698,1471.97,1018,64,24,2147877376
tiledb,rank,65536,0,cold,random,1024,,,128,4,1566.448755969759,8591572992,8591572992,8591572992,10.747635344,4096,4096,,1.0,,1.0,,,,,,4096,1011,2169856,6788440064,0.163778,0.0343,0.043719,0.01294,0.01103,1547.986703,0.029749,0.0,0.0,0.122608,0.153658,1471.600022,0.0,0.062649,0.0447,17.707324,0.01426,1044,1044,1044,1,8352,534528,534528,0.610221,0.34988400000000003,0.8636269999999999,1421.13,99.057,0.146059,1471.52,1044,64,24,2147877376
tiledb,rank,65536,0,cold,random,1024,,,128,5,1582.3378969798796,8591572992,8591572992,8591572992,10.973996169,4096,4096,,1.0,,1.0,,,,,,4096,1003,2180096,6788489216,0.172207,0.034149,0.04281,0.013049,0.00758,1575.649348,0.00273,0.0,0.0,0.12346800000000001,0.185207,1494.183703,0.0,0.056459,0.043819,5.93732,0.016,1054,1054,1054,1,8432,539648,539648,0.6014609999999999,0.35919100000000004,0.825658,1445.11,97.6573,0.145087,1494.1100000000001,1054,64,24,2147877376
tiledb,rank,65536,0,cold,random,1024,,,128,6,1558.5348160238937,8591572992,8591572992,8591572992,10.934031895,4096,4096,,1.0,,1.0,,,,,,4096,1010,2180608,6788530176,0.153317,0.03309,0.042829,0.01404,0.00728,1555.649608,0.034929,0.0,0.0,0.133048,0.138678,1482.317691,0.0,0.063719,0.046009,2.133288,0.015409,1008,1008,1008,1,8064,516096,516096,0.551032,0.313567,0.792978,1394.22,94.6191,0.170518,1482.24,1008,64,24,2147877376
tiledb,rank,65536,0,cold,random,1024,,,128,7,1582.0606119814329,8591572992,8591572992,8591572992,11.596092675,4096,4096,,1.0,,1.0,,,,,,4095,1009,2173952,6788542464,0.154257,0.035769,0.04427,0.01431,0.006339,1579.636368,0.04166,0.0,0.0,0.15290700000000002,0.163818,1502.32624,0.0,0.061639,0.04364,1.663085,0.01359,999,999,998,1,7992,511488,511488,0.901346,0.605755,1.2951,1433.17,114.36699999999999,0.16168700000000003,1502.24,998,64,24,2147877376
tiledb,rank,65536,0,cold,random,1024,,,128,8,1582.2553579928353,8591572992,8591572992,8591572992,11.440279727,4096,4096,,1.0,,1.0,,,,,,4096,1011,2195456,6788517888,0.140978,0.034689,0.04334,0.013919,0.0074,1577.087826,0.04193,0.0,0.0,0.131497,0.154898,1497.651201,0.0,0.066869,0.116819,4.296915,0.01596,1021,1021,1021,1,8168,522752,522752,0.844148,0.556461,1.23693,1445.95,105.77799999999999,0.157697,1497.58,1021,64,24,2147877376
tiledb,rank,65536,0,cold,random,1024,,,128,9,1568.6270639998838,8591572992,8591572992,8591572992,11.411483235,4096,4096,,1.0,,1.0,,,,,,4096,1007,2198528,6788567040,0.157097,0.033759,0.0446,0.01334,0.006989,1559.381143,0.01438,0.0,0.0,0.119748,0.138808,1482.814274,0.0,0.059179,0.043639,8.493892,0.01629,1015,1015,1015,1,8120,519680,519680,0.908247,0.567583,1.22827,1429.79,106.098,0.180848,1482.75,1015,64,24,2147877376
tiledb,rank,65536,0,cold,random,8192,,,128,0,1582.413466006983,8591572992,8591572992,8591572992,10.803058512,32768,32755,,0.999603271484375,,1.0003968859716075,,,,,,32736,1024,17230336,6802001920,0.257446,0.091799,0.043259,0.01438,0.00829,1571.444921,0.00828,0.0,0.0,0.270276,1.165162,1502.282851,0.0,0.124398,0.048829,9.97015,0.0179,8245,8232,8214,1,65856,4214784,4214784,2.7227,1.4639900000000001,4.44682,1402.58,91.7211,0.473634,1502.07,8214,64,24,2147877376
tiledb,rank,65536,0,cold,random,8192,,,128,1,1585.16855398193,8591572992,8591572992,8591572992,10.889067081,32768,32756,,0.9996337890625,,1.0003663450970814,,,,,,32741,1024,17276928,6802235392,0.267296,0.091378,0.0378,0.012519,0.00884,1583.953933,0.00846,0.0,0.0,0.252607,0.902126,1514.155042,0.0,0.122338,0.118849,0.174607,0.01786,8156,8147,8130,1,65176,4171264,4171264,2.36351,1.3458999999999999,4.3099,1402.59,90.3766,0.468333,1513.8400000000001,8130,64,24,2147877376
tiledb,rank,65536,0,cold,random,8192,,,128,2,1575.7854760158807,8591572992,8591572992,8591572992,10.750175516,32768,32755,,0.999603271484375,,1.0003968859716075,,,,,,32742,1024,17297408,6802366464,0.248876,0.096818,0.0364,0.014059,0.0096,1574.573374,0.00844,0.0,0.0,0.257075,0.904237,1503.565672,0.0,0.119708,0.121379,0.175117,0.01663,8062,8054,8044,1,64432,4123648,4123648,1.87925,1.01869,3.62115,1390.93,95.45670000000001,0.440725,1503.22,8044,64,24,2147877376
tiledb,rank,65536,0,cold,random,8192,,,128,3,1570.8794490201399,8591572992,8591572992,8591572992,10.798505108,32768,32764,,0.9998779296875,,1.0001220852154804,,,,,,32746,1024,17279488,6802407424,0.250736,0.091629,0.037469,0.01269,0.00914,1569.743086,0.0077,0.0,0.0,0.255015,1.088554,1493.964456,0.0,0.124329,0.049209,0.179067,0.01775,8112,8104,8091,1,64832,4149248,4149248,2.14208,1.3230099999999998,3.8967199999999997,1386.62,92.9517,0.47780300000000003,1493.76,8091,64,24,2147877376
tiledb,rank,65536,0,cold,random,8192,,,128,4,1579.1475049918517,8591572992,8591572992,8591572992,10.823513681000001,32768,32757,,0.999664306640625,,1.0003358060872485,,,,,,32746,1024,17221120,6802599936,0.282246,0.091668,0.03869,0.013079,0.00881,1577.968473,0.0081,0.0,0.0,0.258466,1.006015,1503.804738,0.0,0.124288,0.051359,0.179707,0.0173,8158,8151,8132,1,65208,4173312,4173312,2.12504,1.36691,3.88471,1401.09,94.3206,0.47337399999999996,1503.6000000000001,8132,64,24,2147877376
tiledb,rank,65536,0,cold,random,8192,,,128,5,1603.5035490058362,8591572992,8591572992,8591572992,10.762706859,32768,32755,,0.999603271484375,,1.0003968859716075,,,,,,32745,1024,17242624,6802710528,0.244056,0.092368,0.03604,0.01254,0.008809,1599.185024,0.00867,0.0,0.0,0.266087,1.016604,1526.187681,0.0,0.127258,0.050609,3.354709,0.01791,8128,8119,8106,1,64952,4156928,4156928,2.1907799999999997,1.4128,4.05467,1442.0900000000001,101.41600000000001,0.471574,1525.9799999999998,8106,64,24,2147877376
tiledb,rank,65536,0,cold,random,8192,,,128,6,1574.8561100335792,8591572992,8591572992,8591572992,10.744046498,32768,32761,,0.999786376953125,,1.0002136686914318,,,,,,32749,1024,17295872,6802706432,0.237067,0.093579,0.038029,0.01328,0.00925,1573.636178,0.00899,0.0,0.0,0.263826,1.056914,1502.000335,0.0,0.124148,0.124988,0.174128,0.01828,8122,8119,8109,1,64952,4156928,4156928,2.64161,1.9231800000000001,4.7256599999999995,1393.6,98.7383,0.434275,1501.8,8109,64,24,2147877376
tiledb,rank,65536,0,cold,random,8192,,,128,7,1573.84985499084,8591572992,8591572992,8591572992,10.200429645,32768,32759,,0.999725341796875,,1.0002747336609787,,,,,,32739,1024,17252864,6802857984,0.275396,0.092209,0.035969,0.01312,0.00649,1548.068122,0.00834,0.0,0.0,0.26051599999999997,1.147153,1481.057469,0.0,0.125688,0.04878,24.786597,0.01854,8271,8263,8241,1,66104,4230656,4230656,3.01112,1.55843,4.87612,1394.47,95.6428,0.465354,1480.84,8241,64,24,2147877376
tiledb,rank,65536,0,cold,random,8192,,,128,8,1587.2533529764041,8591572992,8591572992,8591572992,10.763148399,32768,32760,,0.999755859375,,1.0002442002442002,,,,,,32742,1024,17263616,6803013632,0.220327,0.091269,0.038049,0.01366,0.00941,1586.13743,0.00813,0.0,0.0,0.338975,1.063404,1514.508387,0.0,0.125408,0.048949,0.174857,0.0169,8114,8107,8083,1,64856,4150784,4150784,2.61007,1.43428,4.41658,1411.75,100.929,0.462853,1514.3,8083,64,24,2147877376
tiledb,rank,65536,0,cold,random,8192,,,128,9,1579.91128397407,8591572992,8591572992,8591572992,10.076489815,32768,32763,,0.999847412109375,,1.0001526111772425,,,,,,32736,1024,17277440,6803025920,0.228376,0.091078,0.03853,0.01366,0.00824,1578.78779,0.008549,0.0,0.0,0.268266,1.157783,1513.268046,0.0,0.126198,0.050389,0.173747,0.01691,8268,8254,8239,1,66032,4226048,4226048,2.76095,1.49493,4.6176699999999995,1401.73,92.227,0.47441300000000003,1513.0600000000002,8239,64,24,2147877376
tiledb,rank,65536,0,cold,random,65536,,,128,0,1607.6423170161434,8591572992,8591572992,8591572992,11.042436295,262144,261627,,0.9980278015136719,,1.0019760957393542,,,,,,260583,1024,137551872,6917914624,0.304636,0.085229,0.04034,0.014669,0.01736,1605.063345,0.063559,0.0,0.0,1.376738,8.872187,1525.150817,0.0,0.632761,0.144598,0.918136,0.0293,65566,65039,64061,1,520312,33299968,33299968,12.4332,8.69058,27.9359,1386.35,93.6592,1.9918700000000003,1523.94,64061,64,24,2147877376
tiledb,rank,65536,0,cold,random,65536,,,128,1,1641.0671839839779,8591572992,8591572992,8591572992,10.703805751,262144,261609,,0.9979591369628906,,1.0020450366768727,,,,,,260581,1024,137506304,6918070272,0.297395,0.084869,0.041359,0.01347,0.01663,1638.617661,0.053389,0.0,0.0,1.304981,7.845992,1557.339643,0.0,0.6312,0.066529,0.880987,0.03051,65385,64862,63805,1,518896,33209344,33209344,11.9702,8.51492,27.1497,1417.91,99.3312,1.94716,1556.1000000000001,63805,64,24,2147877376
tiledb,rank,65536,0,cold,random,65536,,,128,2,1637.3050109832548,8591572992,8591572992,8591572992,11.321324516,262144,261642,,0.9980850219726562,,1.0019186522041568,,,,,,260678,1024,137528832,6916636672,0.278465,0.090069,0.038539,0.01339,0.01722,1634.872937,0.054159,0.0,0.0,1.3137800000000002,7.664645,1552.850461,0.0,0.63177,0.070189,0.877457,0.029769,65661,65130,64100,1,521040,33346560,33346560,14.4171,10.4014,30.029,1408.77,108.283,2.00595,1551.63,64100,64,24,2147877376
tiledb,rank,65536,0,cold,random,65536,,,128,3,1632.5704519986175,8591572992,8591572992,8591572992,10.50235676,262144,261637,,0.9980659484863281,,1.0019377993173748,,,,,,260688,1024,137579520,6917341184,0.272626,0.085759,0.039579,0.01311,0.01695,1630.112598,0.052819,0.0,0.0,1.309131,7.708404,1547.154446,0.0,0.630541,0.100768,0.879917,0.030619,65278,64748,63772,1,517984,33150976,33150976,13.211799999999998,9.692120000000001,28.5143,1407.6599999999999,101.733,2.00705,1545.93,63772,64,24,2147877376
tiledb,rank,65536,0,cold,random,65536,,,128,4,1620.436134049669,8591572992,8591572992,8591572992,10.754335145,262144,261619,,0.9979972839355469,,1.0020067349848443,,,,,,260580,1024,137348608,6916317184,0.289516,0.086619,0.040659,0.0138,0.016749,1617.907813,0.05317,0.0,0.0,1.3059109999999998,7.896681,1543.396993,0.0,0.62929,0.146128,0.874597,0.03082,65347,64840,63826,1,518720,33198080,33198080,12.1449,8.687840000000001,27.749,1404.94,106.333,1.93725,1542.16,63826,64,24,2147877376
tiledb,rank,65536,0,cold,random,65536,,,128,5,1622.2523570177145,8591572992,8591572992,8591572992,10.79534571,262144,261647,,0.9981040954589844,,1.0018995058227307,,,,,,260634,1024,137368064,6914908160,0.287286,0.085998,0.03829,0.0137,0.016929,1619.820614,0.05403,0.0,0.0,1.3333400000000002,7.904291,1539.629349,0.0,0.63141,0.067509,0.880237,0.02949,65643,65171,64168,1,521368,33367552,33367552,13.0904,9.58711,28.3652,1397.69,100.213,1.99838,1538.3700000000001,64168,64,24,2147877376
tiledb,rank,65536,0,cold,random,65536,,,128,6,1613.1709829787724,8591572992,8591572992,8591572992,11.153994669,262144,261607,,0.9979515075683594,,1.0020526973666606,,,,,,260609,1024,137446912,6916313088,0.312355,0.086049,0.036989,0.01351,0.0163,1610.7234,0.05407,0.0,0.0,1.3296000000000001,8.457663,1534.26522,0.0,0.6322,0.069179,0.873536,0.03041,65744,65227,64247,1,521816,33396224,33396224,12.2498,8.85753,27.647399999999998,1393.34,98.978,2.08455,1533.03,64247,64,24,2147877376
tiledb,rank,65536,0,cold,random,65536,,,128,7,1643.8324030023068,8591572992,8591572992,8591572992,11.02382557,262144,261597,,0.9979133605957031,,1.0020910025726595,,,,,,260572,1024,137393664,6916022272,0.294386,0.084439,0.03818,0.013309,0.01676,1641.406229,0.052989,0.0,0.0,1.316289,8.636871,1557.082437,0.0,0.629131,0.069759,0.864607,0.03028,65396,64897,63957,1,519176,33227264,33227264,12.6711,9.2423,28.3811,1408.96,103.764,2.20229,1555.84,63957,64,24,2147877376
tiledb,rank,65536,0,cold,random,65536,,,128,8,1606.8004989647307,8591572992,8591572992,8591572992,11.029402768,262144,261629,,0.9980354309082031,,1.0019684362207553,,,,,,260622,1024,137432064,6915862528,0.6255,0.084219,0.040369,0.01235,0.01678,1603.959542,0.053479,0.0,0.0,1.31693,7.865512,1530.205421,0.0,0.62959,0.145588,0.867547,0.03085,65416,64908,63934,1,519264,33232896,33232896,14.236199999999998,10.569,29.8024,1381.96,105.006,1.8288499999999999,1528.99,63934,64,24,2147877376
tiledb,rank,65536,0,cold,random,65536,,,128,9,1626.696030027233,8591572992,8591572992,8591572992,10.841121430000001,262144,261633,,0.9980506896972656,,1.0019531175348675,,,,,,260582,1024,137373696,6915350528,0.306896,0.083388,0.03707,0.01354,0.015889,1624.260867,0.0562,0.0,0.0,1.300281,8.424953,1541.675578,0.0,0.632601,0.069999,0.867707,0.029529,65478,64947,63974,1,519576,33252864,33252864,14.7933,11.278699999999999,31.5186,1397.49,104.37599999999999,1.8793099999999998,1540.44,63974,64,24,2147877376
tiledb,rank,65536,0,cold,window_256,1024,,,128,0,39.796742028556764,136118272,136118272,136118272,0.217999244,4096,1002,,0.24462890625,,4.087824351297405,,,,,,25,4,3136000,6787563520,0.157497,0.034969,0.03991,0.01232,0.00671,30.067997,0.003929,0.0,0.0,0.091109,0.00808,23.661014,0.0,0.04843,0.041449,9.008935,0.01585,1024,254,3,1,2032,130048,130048,0.232857,0.153967,0.29002599999999995,21.5422,1.6484699999999999,0.027809,23.622500000000002,3,1,1,33560584
tiledb,rank,65536,0,cold,window_256,1024,,,128,1,34.23826501239091,136093696,136093696,136093696,0.144656836,4096,1009,,0.246337890625,,4.059464816650149,,,,,,18,4,2445824,6787518464,0.287796,0.03381,0.037979,0.00895,0.00624,27.563486,0.00174,0.0,0.0,0.07325899999999999,0.00741,24.089368,0.0,0.017839,0.02367,6.106398,0.01385,1024,251,5,1,2008,128512,128512,0.24371700000000002,0.152919,0.287496,21.856199999999998,1.74816,0.060099,24.0586,5,1,1,33560584
tiledb,rank,65536,0,cold,window_256,1024,,,128,2,28.589020017534494,135716864,135716864,135716864,0.113263421,4096,1007,,0.245849609375,,4.067527308838133,,,,,,20,4,1752064,6787457024,0.269066,0.033159,0.0411,0.009619,0.00719,27.816022,0.00405,0.0,0.0,0.087549,0.00761,23.781972,0.0,0.01788,0.023209,0.213007,0.01289,1024,252,5,1,2016,129024,129024,0.25947600000000004,0.165566,0.303616,21.2331,2.0590800000000002,0.028639,23.7452,5,1,1,33560584
tiledb,rank,65536,0,cold,window_256,1024,,,128,3,33.525936014484614,136105984,136105984,136105984,0.144067656,4096,1010,,0.24658203125,,4.0554455445544555,,,,,,18,4,2446336,6787428352,0.169178,0.03191,0.043499,0.00969,0.00496,32.976364,0.00515,0.0,0.0,0.069739,0.00762,26.685238,0.0,0.02664,0.029739,0.064469,0.0137,2048,505,9,1,4040,258560,258560,0.32949500000000004,0.23813600000000001,0.375665,23.2414,2.85135,0.0515,26.650199999999998,9,2,2,67121168
tiledb,rank,65536,0,cold,window_256,1024,,,128,4,32.06500702071935,135659520,135659520,135659520,0.140872113,4096,1007,,0.245849609375,,4.067527308838133,,,,,,20,4,2447872,6787432448,0.107708,0.033269,0.03863,0.00908,0.00618,27.073542,0.00159,0.0,0.0,0.058749,0.00595,23.723913,0.0,0.05846,0.053829,4.363094,0.01603,1024,251,6,1,2008,128512,128512,0.289276,0.18396800000000002,0.336545,21.0101,2.18749,0.029339,23.6911,6,1,1,33560584
tiledb,rank,65536,0,cold,window_256,1024,,,128,5,34.194975974969566,135221248,135221248,135221248,0.17594062900000002,4096,1009,,0.246337890625,,4.059464816650149,,,,,,19,4,2446848,6787436544,0.115388,0.034889,0.03969,0.00986,0.00661,33.448907,0.004829,0.0,0.0,0.0702,0.006979,26.448293,0.0,0.054789,0.049799,0.101509,0.01414,2048,506,8,1,4048,259072,259072,0.349535,0.236708,0.401834,22.3384,3.4727400000000004,0.037209,26.4143,8,2,2,67121168
tiledb,rank,65536,0,cold,window_256,1024,,,128,6,31.589355028700083,136237056,136237056,136237056,0.133585371,4096,1006,,0.24560546875,,4.071570576540755,,,,,,22,4,2444288,6787420160,0.186397,0.032999,0.03898,0.00901,0.00651,26.889865,0.001819,0.0,0.0,0.06806999999999999,0.006019,23.349919,0.0,0.0229,0.02792,4.185897,0.01372,1024,252,5,1,2016,129024,129024,0.239506,0.143588,0.281446,21.1522,1.7582900000000001,0.02734,23.3177,5,1,1,33560584
tiledb,rank,65536,0,cold,window_256,1024,,,128,7,37.40467695752159,136114176,136114176,136114176,0.180928214,4096,1012,,0.2470703125,,4.047430830039525,,,,,,16,4,3142144,6787440640,0.122668,0.0,0.0,0.00878,0.0,0.00078,0.0,0.0,0.0,0.0,0.0,0.0,0.0,0.0,0.0,37.097572,0.01308,0,0,0,0,0,0,0,0.0,0.0,0.0,0.0,0.0,0.0,0.0,0,0,0,0
tiledb,rank,65536,0,cold,window_256,1024,,,128,8,36.67754802154377,136200192,136200192,136200192,0.178493097,4096,1008,,0.24609375,,4.063492063492063,,,,,,19,4,3139584,6787416064,0.126778,0.0,0.0,0.01004,0.0,0.00095,0.0,0.0,0.0,0.0,0.0,0.0,0.0,0.0,0.0,36.146386,0.05377,0,0,0,0,0,0,0,0.0,0.0,0.0,0.0,0.0,0.0,0.0,0,0,0,0
tiledb,rank,65536,0,cold,window_256,1024,,,128,9,30.400563031435013,136056832,136056832,136056832,0.133239421,4096,1006,,0.24560546875,,4.071570576540755,,,,,,22,4,2444800,6787399680,0.131438,0.03529,0.043929,0.00933,0.00655,26.381833,0.00309,0.0,0.0,0.093829,0.008109,22.994684,0.0,0.01952,0.026659,3.510697,0.01344,1024,252,5,1,2016,129024,129024,0.260936,0.167688,0.304265,20.5641,1.9460300000000001,0.02851,22.9578,5,1,1,33560584
tiledb,rank,65536,0,cold,window_256,8192,,,128,0,33.374767983332276,136171520,136171520,136171520,0.144219506,32768,1024,,0.03125,,32.0,,,,,,4,4,17912832,6787801088,0.313075,0.088459,0.031919,0.00917,0.00648,32.529931,0.00222,0.0,0.0,0.035729,0.00244,26.980994,0.0,0.020699,0.02983,0.206227,0.013429,16384,512,2,1,4096,262144,262144,0.18633699999999997,0.138737,0.219917,23.4521,3.16224,0.031810000000000005,26.9626,2,2,2,67121168
tiledb,rank,65536,0,cold,window_256,8192,,,128,1,41.59359401091933,135700480,135700480,135700480,0.168869233,32768,1024,,0.03125,,32.0,,,,,,4,4,17912832,6788067328,0.272826,0.088409,0.03277,0.009049,0.00715,27.675144,0.00178,0.0,0.0,0.037559999999999996,0.00243,21.89428,0.0,0.02257,0.028929,13.31939,0.0142,16384,512,2,1,4096,262144,262144,0.167498,0.117209,0.205467,18.454,3.08129,0.032830000000000005,21.8749,2,2,2,67121168
tiledb,rank,65536,0,cold,window_256,8192,,,128,2,30.410493025556207,136163328,136163328,136163328,0.132921884,32768,1024,,0.03125,,32.0,,,,,,4,4,17912832,6787907584,0.167857,0.0,0.0,0.00902,0.0,0.00075,0.0,0.0,0.0,0.0,0.0,0.0,0.0,0.0,0.0,30.056298,0.01683,0,0,0,0,0,0,0,0.0,0.0,0.0,0.0,0.0,0.0,0.0,0,0,0,0
tiledb,rank,65536,0,cold,window_256,8192,,,128,3,32.683817960787565,135655424,135655424,135655424,0.171291996,32768,1024,,0.03125,,32.0,,,,,,4,4,17912832,6788042752,0.177388,0.088469,0.036969,0.00941,0.00748,31.812582,0.00533,0.0,0.0,0.069109,0.00616,25.161202,0.0,0.022409,0.02983,0.328555,0.01608,16384,512,2,1,4096,262144,262144,0.171998,0.11842799999999999,0.22786599999999999,21.5173,3.2276599999999998,0.024939999999999997,25.1279,2,2,2,67121168
tiledb,rank,65536,0,cold,window_256,8192,,,128,4,32.709278049878776,136110080,136110080,136110080,0.138570678,32768,1024,,0.03125,,32.0,,,,,,4,4,17912832,6787899392,0.199837,0.089738,0.03538,0.00882,0.007219,26.213056,0.00155,0.0,0.0,0.061449,0.00508,22.862437,0.0,0.02349,0.030899,5.912021,0.01616,8192,256,1,1,2048,131072,131072,0.079099,0.053668999999999994,0.119288,20.9737,1.61838,0.02579,22.831500000000002,1,1,1,33560584
tiledb,rank,65536,0,cold,window_256,8192,,,128,5,33.42475701356307,135647232,135647232,135647232,0.146845103,32768,1024,,0.03125,,32.0,,,,,,4,4,17912832,6787899392,0.178708,0.088998,0.03543,0.00899,0.007509,32.518332,0.00475,0.0,0.0,0.07116900000000001,0.00566,26.002179,0.0,0.022999,0.03307,0.331675,0.01689,16384,512,2,1,4096,262144,262144,0.173617,0.132379,0.221366,22.2446,3.34373,0.03398,25.9705,2,2,2,67121168
tiledb,rank,65536,0,cold,window_256,8192,,,128,6,36.91919503035024,135671808,135671808,135671808,0.178681459,32768,1024,,0.03125,,32.0,,,,,,4,4,22633472,6788038656,0.176127,0.088939,0.034729,0.00865,0.00715,26.814177,0.00152,0.0,0.0,0.069539,0.00517,23.842911,0.0,0.029419,0.03569,9.488098,0.016479,8192,256,1,1,2048,131072,131072,0.064279,0.038578999999999995,0.098219,21.976,1.60499,0.035259000000000006,23.8114,1,1,1,33560584
tiledb,rank,65536,0,cold,window_256,8192,,,128,7,35.728093003854156,136212480,136212480,136212480,0.186003844,32768,1024,,0.03125,,32.0,,,,,,4,4,22633472,6788030464,0.248596,0.074329,0.032479,0.00883,0.00714,34.724068,0.0019,0.0,0.0,0.043899,0.00485,27.780322,0.0,0.022219,0.0297,0.405494,0.014529,24576,768,3,1,6144,393216,393216,0.247686,0.17593799999999998,0.295415,23.214100000000002,4.08239,0.0359,27.7572,3,3,3,100681752
tiledb,rank,65536,0,cold,window_256,8192,,,128,8,30.269204988144338,135589888,135589888,135589888,0.139423738,32768,1024,,0.03125,,32.0,,,,,,4,4,17912832,6787891200,0.203557,0.089139,0.03672,0.009169,0.00699,29.430268,0.00542,0.0,0.0,0.068639,0.0064,25.068303,0.0,0.023209,0.03065,0.277626,0.014629,16384,512,2,1,4096,262144,262144,0.176757,0.124468,0.225456,21.3549,3.26042,0.031049,25.0384,2,2,2,67121168
tiledb,rank,65536,0,cold,window_256,8192,,,128,9,27.676854049786925,135663616,135663616,135663616,0.113052137,32768,1024,,0.03125,,32.0,,,,,,4,4,13192192,6787743744,0.176137,0.088338,0.03492,0.00877,0.00796,26.816836,0.001529,0.0,0.0,0.06698899999999999,0.00568,22.909666,0.0,0.01876,0.02803,0.293136,0.01857,8192,256,1,1,2048,131072,131072,0.069019,0.043059,0.108898,20.7171,1.91425,0.028529000000000002,22.8802,1,1,1,33560584
tiledb,rank,65536,0,cold,window_256,65536,,,128,0,52.66665801173076,135680000,135680000,135680000,0.273189515,262144,1024,,0.00390625,,256.0,,,,,,4,4,218703872,6788145152,0.312575,0.091669,0.031229,0.00845,0.00641,49.807221,0.01656,0.0,0.0,0.042369000000000004,0.00455,38.870836,0.0,0.02453,0.091558,2.146928,0.031,262144,1024,4,1,8192,524288,524288,0.280796,0.208968,0.324145,32.5531,5.78733,0.03542,38.8475,4,4,3,134242336
tiledb,rank,65536,0,cold,window_256,65536,,,128,1,34.70568801276386,136208384,136208384,136208384,0.14561986799999999,262144,1024,,0.00390625,,256.0,,,,,,4,4,143177728,6789160960,0.237246,0.078009,0.038139,0.00881,0.00718,27.388428,0.0017,0.0,0.0,0.067509,0.00545,24.442312,0.0,0.01995,0.038339,6.740459,0.025399,65536,256,1,1,2048,131072,131072,0.045380000000000004,0.01805,0.114598,22.3538,1.8001099999999999,0.029219,24.413,1,1,1,33560584
tiledb,rank,65536,0,cold,window_256,65536,,,128,2,33.18792104255408,136192000,136192000,136192000,0.142146284,262144,1024,,0.00390625,,256.0,,,,,,4,4,143177728,6789148672,0.220687,0.085429,0.03667,0.009049,0.00789,30.247235,0.00512,0.0,0.0,0.062559,0.0059,25.714574,0.0,0.02762,0.062799,2.309225,0.02498,131072,512,2,1,4096,262144,262144,0.214316,0.159179,0.263306,22.069499999999998,3.20081,0.03154,25.6861,2,2,2,67121168
tiledb,rank,65536,0,cold,window_256,65536,,,128,3,34.92507501505315,136175616,136175616,136175616,0.150702557,262144,1024,,0.00390625,,256.0,,,,,,4,4,143177728,6789148672,0.201007,0.085329,0.03725,0.009019,0.00676,32.027519,0.00502,0.0,0.0,0.063139,0.00555,26.290165,0.0,0.02066,0.057689,2.301856,0.026949,131072,512,2,1,4096,262144,262144,0.18515700000000002,0.124599,0.222826,22.3999,3.48006,0.027549999999999998,26.2583,2,2,2,67121168
tiledb,rank,65536,0,cold,window_256,65536,,,128,4,33.77770201768726,136122368,136122368,136122368,0.175774605,262144,1024,,0.00390625,,256.0,,,,,,4,4,143177728,6790189056,0.185927,0.085158,0.03584,0.00913,0.00643,31.25284,0.005819,0.0,0.0,0.062469000000000004,0.00591,25.508777,0.0,0.020429,0.059059,1.947301,0.02692,131072,512,2,1,4096,262144,262144,0.15772799999999998,0.099558,0.209117,21.9552,3.16066,0.026939,25.4786,2,2,2,67121168
tiledb,rank,65536,0,cold,window_256,65536,,,128,5,33.245160011574626,136249344,136249344,136249344,0.137172628,262144,1024,,0.00390625,,256.0,,,,,,4,4,143177728,6789128192,0.182797,0.078498,0.03422,0.00918,0.00734,24.926475,0.00144,0.0,0.0,0.058068999999999996,0.00465,21.629334,0.0,0.02013,0.037799,7.766993,0.02528,65536,256,1,1,2048,131072,131072,0.08309899999999999,0.057519,0.136048,19.8585,1.5017800000000001,0.01762,21.6002,1,1,1,33560584
tiledb,rank,65536,0,cold,window_256,65536,,,128,6,32.30319399153814,136110080,136110080,136110080,0.141456661,262144,1024,,0.00390625,,256.0,,,,,,4,4,143177728,6789120000,0.232617,0.084729,0.033869,0.00871,0.00702,29.412178,0.00226,0.0,0.0,0.03903,0.00355,25.082093,0.0,0.01851,0.056199,2.299605,0.02546,131072,512,2,1,4096,262144,262144,0.162858,0.10464899999999999,0.200207,21.442200000000003,3.27144,0.031810000000000005,25.058799999999998,2,2,2,67121168
tiledb,rank,65536,0,cold,window_256,65536,,,128,7,35.48776597017422,136122368,136122368,136122368,0.152329032,262144,1024,,0.00390625,,256.0,,,,,,4,4,143177728,6789120000,0.256926,0.087298,0.03445,0.00884,0.00723,32.493231,0.007839,0.0,0.0,0.05053,0.00396,26.5942,0.0,0.02063,0.061529,2.377234,0.025899,131072,512,2,1,4096,262144,262144,0.143348,0.074769,0.19628700000000002,22.62,3.5944499999999997,0.032239000000000004,26.5642,2,2,2,67121168
tiledb,rank,65536,0,cold,window_256,65536,,,128,8,33.878990972880274,136204288,136204288,136204288,0.142380999,262144,1024,,0.00390625,,256.0,,,,,,4,4,143177728,6789115904,0.205037,0.079619,0.034259,0.00921,0.00711,26.189796,0.00212,0.0,0.0,0.04489,0.003139,22.62784,0.0,0.01675,0.03842,7.146893,0.026709,65536,256,1,1,2048,131072,131072,0.077429,0.053599,0.10772799999999999,20.6135,1.78495,0.023399,22.604200000000002,1,1,1,33560584
tiledb,rank,65536,0,cold,window_256,65536,,,128,9,32.94186503626406,136138752,136138752,136138752,0.173511581,262144,1024,,0.00390625,,256.0,,,,,,4,4,143177728,6790168576,0.191408,0.0,0.0,0.00819,0.0,0.00027,0.0,0.0,0.0,0.0,0.0,0.0,0.0,0.0,0.0,32.59688,0.02547,0,0,0,0,0,0,0,0.0,0.0,0.0,0.0,0.0,0.0,0.0,0,0,0,0
tiledb,rank,65536,0,cold,window_4096,1024,,,128,0,33.143292006570846,136081408,136081408,136081408,0.150324659,4096,3596,,0.8779296875,,1.139043381535039,,,,,,2785,4,3111936,6790692864,0.306645,0.03309,0.037999,0.01013,0.0075,28.226366,0.00247,0.0,0.0,0.074978,0.090149,24.704669,0.0,0.033959,0.02998,4.291346,0.01244,1024,893,692,1,7144,457216,457216,0.796928,0.48904099999999995,1.0393,21.6401,1.7583900000000001,0.097179,24.6557,692,1,1,33560584
tiledb,rank,65536,0,cold,window_4096,1024,,,128,1,34.1274969978258,136146944,136146944,136146944,0.155409211,4096,3616,,0.8828125,,1.1327433628318584,,,,,,2840,4,3123712,6789812224,0.107469,0.0,0.0,0.009049,0.0,0.0004,0.0,0.0,0.0,0.0,0.0,0.0,0.0,0.0,0.0,33.794252,0.0156,0,0,0,0,0,0,0,0.0,0.0,0.0,0.0,0.0,0.0,0.0,0,0,0,0
tiledb,rank,65536,0,cold,window_4096,1024,,,128,2,33.665283001028,136216576,136216576,136216576,0.147117173,4096,3608,,0.880859375,,1.1352549889135255,,,,,,2822,4,3111424,6790086656,0.108549,0.033,0.042919,0.01033,0.0062,27.23353,0.00396,0.0,0.0,0.123648,0.116578,23.036334,0.0,0.02942,0.026419,5.961351,0.014379,1024,896,732,1,7168,458752,458752,0.770189,0.498555,0.993485,20.0411,1.7308700000000001,0.071809,22.9712,732,1,1,33560584
tiledb,rank,65536,0,cold,window_4096,1024,,,128,3,33.782201004214585,135675904,135675904,135675904,0.157649712,4096,3621,,0.884033203125,,1.1311792322562828,,,,,,2839,4,3113472,6789763072,0.117418,0.03419,0.037659,0.00863,0.00699,33.21878,0.00348,0.0,0.0,0.162997,0.183547,26.693349,0.0,0.04227,0.036519,0.075219,0.013149,2048,1808,1414,1,14464,925696,925696,0.9371959999999999,0.61027,1.38948,21.5295,3.3949599999999998,0.113238,26.623,1414,2,2,67121168
tiledb,rank,65536,0,cold,window_4096,1024,,,128,4,47.11969202617183,169758720,169758720,169758720,0.22214669,4096,3607,,0.880615234375,,1.1355697255336845,,,,,,2841,5,4143104,6790053888,0.109248,0.033459,0.04433,0.00987,0.006359,46.425772,0.00255,0.0,0.0,0.07393,0.091258,40.229985,0.0,0.057299,0.04399,0.090829,0.016339,1024,892,720,1,7136,456704,456704,0.7646489999999999,0.47207299999999996,0.995185,35.619699999999995,3.3030899999999996,0.086709,40.177,720,2,1,67121168
tiledb,rank,65536,0,cold,window_4096,1024,,,128,5,34.678688971325755,136097792,136097792,136097792,0.184709928,4096,3641,,0.888916015625,,1.1249656687723153,,,,,,2810,4,3125760,6790111232,0.203567,0.033029,0.03298,0.00924,0.006969,33.734943,0.00882,0.0,0.0,0.07666,0.173007,26.732387,0.0,0.049329,0.03949,0.357525,0.01459,2048,1809,1397,1,14472,926208,926208,0.994165,0.5855119999999999,1.39778,21.4451,3.52739,0.09973900000000001,26.6725,1397,2,2,67121168
tiledb,rank,65536,0,cold,window_4096,1024,,,128,6,35.01615399727598,136105984,136105984,136105984,0.160400887,4096,3622,,0.88427734375,,1.1308669243511873,,,,,,2835,4,3117568,6790041600,0.219456,0.033469,0.04127,0.00911,0.00703,34.434962,0.008889,0.0,0.0,0.126068,0.186748,27.626044,0.0,0.034559,0.0281,0.064839,0.01272,2048,1816,1415,1,14528,929792,929792,0.961615,0.58409,1.3407200000000001,22.241400000000002,3.6397999999999997,0.110029,27.545900000000003,1415,2,2,67121168
tiledb,rank,65536,0,cold,window_4096,1024,,,128,7,38.382763043046,136155136,136155136,136155136,0.192744299,4096,3640,,0.888671875,,1.1252747252747253,,,,,,2834,4,4149760,6790336512,0.124978,0.087718,0.03687,0.00984,0.00756,37.806551,0.0133,0.0,0.0,0.106628,0.263377,28.939415,0.0,0.049019,0.03171,0.05513,0.013049,3072,2728,2130,1,21824,1396736,1396736,1.2097099999999998,0.735418,1.7625,21.944100000000002,4.76784,0.120158,28.858600000000003,2130,3,3,100681752
tiledb,rank,65536,0,cold,window_4096,1024,,,128,8,45.20861996570602,169648128,169648128,169648128,0.138449977,4096,3636,,0.8876953125,,1.1265126512651265,,,,,,2812,5,2095104,6789414912,0.090938,0.030929,0.03909,0.0096,0.00488,44.727557,0.00639,0.0,0.0,0.078379,0.092358,39.88805,0.0,0.035,0.030889,0.046409,0.01276,1024,897,704,1,7176,459264,459264,0.770399,0.47953,0.969266,35.3774,3.25365,0.056709,39.8375,704,2,1,67121168
tiledb,rank,65536,0,cold,window_4096,1024,,,128,9,33.891020982991904,136146944,136146944,136146944,0.155559607,4096,3644,,0.8896484375,,1.12403951701427,,,,,,2842,4,3125248,6789726208,0.111608,0.033629,0.03949,0.00932,0.00707,33.349998,0.008929,0.0,0.0,0.09673899999999999,0.174677,27.329279,0.0,0.03895,0.032989,0.068429,0.01331,2048,1831,1424,1,14648,937472,937472,0.9420360000000001,0.589801,1.30244,22.1891,3.4508,0.108859,27.2561,1424,2,2,67121168
tiledb,rank,65536,0,cold,window_4096,8192,,,128,0,35.636245040223,135696384,135696384,135696384,0.156013715,32768,14167,,0.432342529296875,,2.3129808710383286,,,,,,1951,4,21692928,6790168576,0.232657,0.0,0.0,0.00905,0.0,0.00049,0.0,0.0,0.0,0.0,0.0,0.0,0.0,0.0,0.0,35.24453,0.01514,0,0,0,0,0,0,0,0.0,0.0,0.0,0.0,0.0,0.0,0.0,0,0,0,0
tiledb,rank,65536,0,cold,window_4096,8192,,,128,1,33.08484301669523,136138752,136138752,136138752,0.146943125,32768,14213,,0.433746337890625,,2.3054949693942164,,,,,,1879,4,21692928,6790123520,0.234827,0.0,0.0,0.00837,0.0,0.00036,0.0,0.0,0.0,0.0,0.0,0.0,0.0,0.0,0.0,32.721038,0.01158,0,0,0,0,0,0,0,0.0,0.0,0.0,0.0,0.0,0.0,0.0,0,0,0,0
tiledb,rank,65536,0,cold,window_4096,8192,,,128,2,32.633920025546104,136167424,136167424,136167424,0.148175506,32768,14204,,0.4334716796875,,2.3069557871022246,,,,,,1906,4,21692928,6790426624,0.304906,0.087788,0.02965,0.00879,0.00642,31.643804,0.026419,0.0,0.0,0.062549,0.122058,25.810162,0.0,0.082419,0.028359,0.315515,0.0131,16384,7093,953,1,56744,3631616,3631616,0.771798,0.466066,1.05307,21.2595,3.12594,0.15079700000000001,25.7602,953,2,2,67121168
tiledb,rank,65536,0,cold,window_4096,8192,,,128,3,42.53077000612393,169771008,169771008,169771008,0.1954941,32768,14142,,0.43157958984375,,2.317069721397256,,,,,,1925,5,21692928,6790123520,0.186958,0.089159,0.035059,0.01667,0.00759,41.555715,0.02448,0.0,0.0,0.08571799999999999,0.125348,33.140702,0.0,0.081089,0.03231,0.327125,0.01528,16384,7040,985,1,56320,3604480,3604480,0.737448,0.476591,1.01677,26.731399999999997,4.96696,0.182757,33.0842,985,3,3,100681752
tiledb,rank,65536,0,cold,window_4096,8192,,,128,4,49.050592991989106,169771008,169771008,169771008,0.18110210300000001,32768,14161,,0.432159423828125,,2.3139608784690346,,,,,,1941,5,21692928,6790090752,0.224637,0.0,0.0,0.00838,0.0,0.00039,0.0,0.0,0.0,0.0,0.0,0.0,0.0,0.0,0.0,48.699947,0.01419,0,0,0,0,0,0,0,0.0,0.0,0.0,0.0,0.0,0.0,0.0,0,0,0,0
tiledb,rank,65536,0,cold,window_4096,8192,,,128,5,28.437583008781075,136110080,136110080,136110080,0.121031809,32768,14159,,0.432098388671875,,2.3142877321844764,,,,,,1930,4,14801408,6789623808,0.262366,0.086668,0.032,0.00873,0.00736,26.902375,0.01464,0.0,0.0,0.05111,0.061929,23.069663,0.0,0.046329,0.02668,0.939356,0.013739,8192,3523,496,1,28184,1803776,1803776,0.605211,0.347273,0.765309,20.0089,1.9560799999999998,0.21956699999999998,23.038,496,1,1,33560584
tiledb,rank,65536,0,cold,window_4096,8192,,,128,6,38.35024300497025,136085504,136085504,136085504,0.195040859,32768,14144,,0.431640625,,2.316742081447964,,,,,,1913,4,27458560,6790635520,0.241067,0.074609,0.02974,0.00929,0.006329,37.30467,0.03595,0.0,0.0,0.071979,0.186637,28.827506,0.0,0.110988,0.028819,0.406654,0.01343,24576,10621,1426,1,84968,5437952,5437952,1.00971,0.636789,1.38419,23.0409,3.98894,0.17188699999999998,28.7607,1426,3,3,100681752
tiledb,rank,65536,0,cold,window_4096,8192,,,128,7,29.633864003699273,135680000,135680000,135680000,0.12572819,32768,14119,,0.430877685546875,,2.3208442524258093,,,,,,1959,4,14793728,6789656576,0.165937,0.092818,0.03692,0.00908,0.00757,28.934045,0.020079,0.0,0.0,0.111568,0.080259,24.422193,0.0,0.054049,0.031099,0.095699,0.016789,8192,3519,489,1,28152,1801728,1801728,0.6252500000000001,0.37405499999999997,0.804148,21.0576,2.2228399999999997,0.155997,24.368199999999998,489,1,1,33560584
tiledb,rank,65536,0,cold,window_4096,8192,,,128,8,49.10874197958037,169672704,169672704,169672704,0.178203914,32768,14169,,0.432403564453125,,2.312654386336368,,,,,,1899,5,21692928,6790144000,0.178568,0.0,0.0,0.008739,0.0,0.00039,0.0,0.0,0.0,0.0,0.0,0.0,0.0,0.0,0.0,48.728348,0.018779,0,0,0,0,0,0,0,0.0,0.0,0.0,0.0,0.0,0.0,0.0,0,0,0,0
tiledb,rank,65536,0,cold,window_4096,8192,,,128,9,31.902580987662077,136130560,136130560,136130560,0.145072113,32768,14168,,0.432373046875,,2.312817617165443,,,,,,1908,4,21692928,6790139904,0.253317,0.091629,0.030529,0.00936,0.00757,30.803627,0.00783,0.0,0.0,0.059688,0.120769,25.174852,0.0,0.099878,0.04118,0.347665,0.01612,16384,7084,943,1,56672,3627008,3627008,0.752228,0.454961,1.02871,20.9709,2.80531,0.15353799999999998,25.1269,943,2,2,67121168
tiledb,rank,65536,0,cold,window_4096,65536,,,128,0,52.28900403017178,169250816,169250816,169250816,0.267918335,262144,16384,,0.0625,,16.0,,,,,,4,5,144179712,6789791744,0.274586,0.085009,0.03356,0.009239,0.0085,49.23923,0.04105,0.0,0.0,0.045649,0.00649,41.059262,0.0,0.089788,0.05987,2.293886,0.02799,131072,8192,2,1,65536,4194304,4194304,0.094799,0.054008999999999995,0.137208,37.003,3.64097,0.131008,41.0364,2,3,2,100681752
tiledb,rank,65536,0,cold,window_4096,65536,,,128,1,31.008034013211727,136134656,136134656,136134656,0.127030028,262144,16384,,0.0625,,16.0,,,,,,4,4,106430976,6789492736,0.214057,0.081078,0.03795,0.01092,0.00745,28.55738,0.006469,0.0,0.0,0.07604899999999999,0.00812,24.696639,0.0,0.056909,0.03949,1.716835,0.029489,65536,4096,1,1,32768,2097152,2097152,0.094118,0.060209,0.145658,22.2575,2.02593,0.107068,24.6605,1,1,1,33560584
tiledb,rank,65536,0,cold,window_4096,65536,,,128,2,35.141221014782786,136196096,136196096,136196096,0.151415363,262144,16384,,0.0625,,16.0,,,,,,4,4,144179712,6790750208,0.283816,0.084489,0.036109,0.00867,0.00725,32.094957,0.029999,0.0,0.0,0.052259,0.00688,26.137338,0.0,0.089779,0.061979,2.295455,0.02687,131072,8192,2,1,65536,4194304,4194304,0.147708,0.106098,0.20512699999999998,22.2136,3.4443,0.13628800000000002,26.109299999999998,2,2,2,67121168
tiledb,rank,65536,0,cold,window_4096,65536,,,128,3,43.487935967277735,135200768,135200768,135200768,0.147497841,262144,16384,,0.0625,,16.0,,,,,,4,4,144179712,6790877184,0.226436,0.078349,0.031839,0.0085,0.00713,21.319269,0.005,0.0,0.0,0.044129,0.00463,19.028204,0.0,0.05119,0.035379,21.549266,0.02635,65536,4096,1,1,32768,2097152,2097152,0.059589,0.03532,0.096878,17.1225,1.56875,0.130118,19.0055,1,1,1,33560584
tiledb,rank,65536,0,cold,window_4096,65536,,,128,4,52.65722802141681,169713664,169713664,169713664,0.22777419399999999,262144,16384,,0.0625,,16.0,,,,,,4,5,144179712,6790774784,0.197867,0.086439,0.03804,0.009099,0.0083,49.638604,0.00849,0.0,0.0,0.06652899999999999,0.00807,41.19467,0.0,0.094578,0.06193,2.296796,0.028039,131072,8192,2,1,65536,4194304,4194304,0.167878,0.120498,0.211347,36.1404,4.55027,0.122848,41.162,2,3,2,100681752
tiledb,rank,65536,0,cold,window_4096,65536,,,128,5,36.329254042357206,136294400,136294400,136294400,0.156661094,262144,16384,,0.0625,,16.0,,,,,,4,4,144179712,6790742016,0.191417,0.085698,0.03674,0.00914,0.006709,33.206081,0.00883,0.0,0.0,0.069419,0.00788,26.650079,0.0,0.110248,0.072869,2.323575,0.029949,131072,8192,2,1,65536,4194304,4194304,0.192557,0.141328,0.230496,22.491600000000002,3.45963,0.30363599999999996,26.6161,2,2,2,67121168
tiledb,rank,65536,0,cold,window_4096,65536,,,128,6,35.64587404252961,136122368,136122368,136122368,0.153094115,262144,16384,,0.0625,,16.0,,,,,,4,4,144179712,6790766592,0.208027,0.085569,0.03662,0.009299,0.00681,32.60944,0.00858,0.0,0.0,0.069549,0.00877,26.511291,0.0,0.093348,0.06026,2.291416,0.028219,131072,8192,2,1,65536,4194304,4194304,0.148778,0.10919799999999999,0.18725799999999998,22.7642,3.29195,0.112278,26.478499999999997,2,2,2,67121168
tiledb,rank,65536,0,cold,window_4096,65536,,,128,7,34.59724999265745,136179712,136179712,136179712,0.148153861,262144,16384,,0.0625,,16.0,,,,,,4,4,144179712,6790729728,0.256756,0.085379,0.034419,0.00869,0.00881,31.611254,0.031099,0.0,0.0,0.052739999999999995,0.006679,25.447238,0.0,0.088959,0.059209,2.282096,0.026879,131072,8192,2,1,65536,4194304,4194304,0.179087,0.12235800000000001,0.215497,21.6359,3.28642,0.153458,25.4192,2,2,2,67121168
tiledb,rank,65536,0,cold,window_4096,65536,,,128,8,34.533010970335454,136122368,136122368,136122368,0.140946705,262144,16384,,0.0625,,16.0,,,,,,4,4,144179712,6790742016,0.308305,0.080109,0.035219,0.00855,0.00765,27.669024,0.00508,0.0,0.0,0.055429000000000006,0.00517,23.822132,0.0,0.064299,0.044859,6.116918,0.024299,65536,4096,1,1,32768,2097152,2097152,0.063859,0.038199,0.10556900000000001,21.5481,1.81382,0.225247,23.7944,1,1,1,33560584
tiledb,rank,65536,0,cold,window_4096,65536,,,128,9,35.97649902803823,136134656,136134656,136134656,0.162684951,262144,16384,,0.0625,,16.0,,,,,,4,4,144179712,6790766592,0.216407,0.085578,0.03776,0.00964,0.00842,32.954054,0.032089,0.0,0.0,0.080129,0.00887,26.453772,0.0,0.090948,0.060129,2.293226,0.028049,131072,8192,2,1,65536,4194304,4194304,0.194127,0.13913799999999998,0.249906,22.277,3.62603,0.143678,26.419700000000002,2,2,2,67121168
tiledb,rank,65536,0,cold,window_65536,1024,,,128,0,63.35285701788962,270344192,270344192,270344192,0.28444776,4096,4062,,0.99169921875,,1.0083702609551946,,,,,,4010,8,3229696,6792159232,0.377155,0.03899,0.034429,0.01032,0.00711,62.379012,0.00362,0.0,0.0,0.08229800000000001,0.230837,50.843666,0.0,0.064659,0.047399,0.105648,0.01554,2048,2035,2010,1,16280,1041920,1041920,1.01586,0.638867,1.53608,43.1354,5.64686,0.136618,50.6858,2010,4,2,134242336
tiledb,rank,65536,0,cold,window_65536,1024,,,128,1,62.179914966691285,270344192,270344192,270344192,0.278477425,4096,4056,,0.990234375,,1.009861932938856,,,,,,3995,8,3227136,6792581120,0.145338,0.03489,0.041199,0.01077,0.00746,61.542634,0.01156,0.0,0.0,0.126588,0.243406,50.004698,0.0,0.04253,0.034349,0.053649,0.01524,2048,2030,2005,1,16240,1039360,1039360,0.9886249999999999,0.629082,1.49414,42.444700000000005,5.62702,0.119769,49.9079,2005,4,2,134242336
tiledb,rank,65536,0,cold,window_65536,1024,,,128,2,74.59104899317026,270340096,270340096,270340096,0.35692007000000003,4096,4066,,0.99267578125,,1.0073782587309394,,,,,,4000,8,4314624,6792966144,0.205677,0.0,0.0,0.00846,0.0,0.00081,0.0,0.0,0.0,0.0,0.0,0.0,0.0,0.0,0.0,74.129395,0.02411,0,0,0,0,0,0,0,0.0,0.0,0.0,0.0,0.0,0.0,0.0,0,0,0,0
tiledb,rank,65536,0,cold,window_65536,1024,,,128,3,62.734286999329925,236281856,236281856,236281856,0.305869344,4096,4061,,0.991455078125,,1.0086185668554544,,,,,,4014,8,3227136,6792998912,0.119638,0.034339,0.04257,0.010449,0.00733,59.18459,0.01126,0.0,0.0,0.126828,0.242137,44.578579,0.0,0.06295,0.04621,2.879577,0.015369,2048,2030,2004,1,16240,1039360,1039360,1.0443200000000001,0.63685,1.83648,36.1514,6.1494100000000005,0.109679,44.488800000000005,2004,4,2,134242336
tiledb,rank,65536,0,cold,window_65536,1024,,,128,4,68.35697201313451,270446592,270446592,270446592,0.287722831,4096,4063,,0.991943359375,,1.008122077282796,,,,,,3989,8,3230720,6792572928,0.272026,0.032859,0.04152,0.009169,0.00542,67.561424,0.01255,0.0,0.0,0.14932800000000002,0.273456,54.390832,0.0,0.062189,0.04519,0.078259,0.01415,2048,2037,2001,1,16296,1042944,1042944,1.09765,0.7057180000000001,1.65321,45.3217,6.95502,0.115158,54.2905,2001,4,2,134242336
tiledb,rank,65536,0,cold,window_65536,1024,,,128,5,63.18418000591919,270315520,270315520,270315520,0.283981036,4096,4066,,0.99267578125,,1.0073782587309394,,,,,,3991,8,3228160,6792560640,0.160157,0.03443,0.039409,0.00931,0.00716,54.133406,0.00798,0.0,0.0,0.073629,0.122368,47.354478,0.0,0.038589,0.03269,8.469733,0.01466,1024,1013,995,1,8104,518656,518656,0.756729,0.493412,1.0808499999999999,42.1509,3.77243,0.08893899999999999,47.258799999999994,995,2,1,67121168
tiledb,rank,65536,0,cold,window_65536,1024,,,128,6,64.66697697760537,270368768,270368768,270368768,0.338469762,4096,4064,,0.9921875,,1.0078740157480315,,,,,,3991,8,3228672,6792134656,0.125988,0.0,0.0,0.00914,0.0,0.00101,0.0,0.0,0.0,0.0,0.0,0.0,0.0,0.0,0.0,64.150266,0.053609,0,0,0,0,0,0,0,0.0,0.0,0.0,0.0,0.0,0.0,0.0,0,0,0,0
tiledb,rank,65536,0,cold,window_65536,1024,,,128,7,64.12157602608204,269885440,269885440,269885440,0.286192488,4096,4069,,0.993408203125,,1.0066355369869746,,,,,,4004,8,3230720,6792130560,0.130698,0.033299,0.041499,0.00963,0.00626,54.289654,0.00202,0.0,0.0,0.095909,0.127078,46.900445,0.0,0.050989,0.040589,9.210221,0.01549,1024,1014,994,1,8112,519168,519168,0.8265180000000001,0.568253,1.13862,41.8816,3.54655,0.113818,46.8474,994,2,1,67121168
tiledb,rank,65536,0,cold,window_65536,1024,,,128,8,65.3051279950887,270372864,270372864,270372864,0.281412298,4096,4062,,0.99169921875,,1.0083702609551946,,,,,,3989,8,3227136,6792130560,0.120379,0.03455,0.041109,0.01,0.00642,54.701857,0.00287,0.0,0.0,0.096798,0.128018,47.107872,0.0,0.04771,0.038129,10.003409,0.01536,1024,1017,999,1,8136,520704,520704,0.818107,0.537431,1.12573,42.3504,3.3090699999999997,0.085468,47.0476,999,2,1,67121168
tiledb,rank,65536,0,cold,window_65536,1024,,,128,9,73.39771604165435,270417920,270417920,270417920,0.381831994,4096,4073,,0.994384765625,,1.005646943285048,,,,,,4003,8,4316672,6792945664,0.282456,0.032829,0.04398,0.00929,0.007169,53.429077,0.00273,0.0,0.0,0.152188,0.151738,47.749452,0.0,0.050999,0.03728,19.252361,0.014589,1024,1019,1003,1,8152,521728,521728,0.844567,0.524722,1.15676,42.988,3.23392,0.113118,47.672399999999996,1003,2,1,67121168
tiledb,rank,65536,0,cold,window_65536,8192,,,128,0,69.22758900327608,202735616,202735616,202735616,0.343897411,32768,30805,,0.940093994140625,,1.06372342152248,,,,,,27252,8,25381376,6813601792,0.285026,0.091549,0.042649,0.01289,0.00927,67.456186,0.01378,0.0,0.0,0.437153,1.725504,51.137941,0.0,0.185607,0.047539,0.239646,0.01718,16384,15396,13636,1,123168,7882752,7882752,3.08697,1.95386,6.4341800000000005,37.9805,5.321140000000001,0.546432,50.7001,13636,4,2,134242336
tiledb,rank,65536,0,cold,window_65536,8192,,,128,1,73.29330797074363,270356480,270356480,270356480,0.357206425,32768,30786,,0.93951416015625,,1.0643799129474436,,,,,,27198,8,25379328,6804463616,0.216457,0.094439,0.036429,0.01011,0.00938,71.961878,0.01832,0.0,0.0,0.328335,1.486148,56.144546,0.0,0.183617,0.050879,0.382084,0.01757,16384,15392,13582,1,123136,7880704,7880704,3.1688799999999997,2.14805,6.22659,41.3132,6.40727,0.63258,55.1912,13582,4,2,134242336
tiledb,rank,65536,0,cold,window_65536,8192,,,128,2,89.06830102205276,270422016,270422016,270422016,0.44882600899999997,32768,30757,,0.938629150390625,,1.06538348993725,,,,,,27096,8,33838592,6808096768,0.188877,0.091148,0.03415,0.01073,0.006749,52.757537,0.00833,0.0,0.0,0.273256,0.734139,45.000193,0.0,0.103439,0.041929,35.503357,0.020349,8192,7675,6759,1,61400,3929600,3929600,2.03051,1.2589000000000001,3.53685,37.0631,3.22777,0.602541,44.785,6759,2,1,67121168
tiledb,rank,65536,0,cold,window_65536,8192,,,128,3,86.60852798493579,270372864,270372864,270372864,0.475881753,32768,30775,,0.939178466796875,,1.0647603574329814,,,,,,27218,8,33846784,6814867456,0.360475,0.077319,0.036989,0.00901,0.01045,85.09791,0.019909,0.0,0.0,0.63201,2.359505,62.51495,0.0,0.256546,0.05098,0.450643,0.01854,24576,23098,20430,1,184784,11826176,11826176,4.39834,2.51025,8.88077,42.0757,9.38611,0.768158,61.8561,20430,6,3,201363504
tiledb,rank,65536,0,cold,window_65536,8192,,,128,4,86.05731598800048,269893632,269893632,269893632,0.461456502,32768,30823,,0.940643310546875,,1.0631022288550758,,,,,,27323,8,25392640,6814638080,0.256697,0.093999,0.036619,0.0108,0.00907,84.695237,0.058919,0.0,0.0,0.499383,1.556316,68.026267,0.0,0.185397,0.052099,0.380035,0.017769,16384,15418,13660,1,123344,7894016,7894016,2.8682600000000003,1.60728,5.45624,54.878499999999995,6.045100000000001,0.65513,67.5693,13660,4,2,134242336
tiledb,rank,65536,0,cold,window_65536,8192,,,128,5,94.08386598806828,269455360,269455360,269455360,0.507100794,32768,30803,,0.940032958984375,,1.0637924877447003,,,,,,27123,8,33853440,6818156544,0.245746,0.076879,0.036279,0.01059,0.01046,92.594858,0.072189,0.0,0.0,0.5967009999999999,2.276526,70.775026,0.0,0.254656,0.052629,0.448274,0.017779,24576,23111,20368,1,184888,11832832,11832832,4.31792,2.48353,8.29578,51.14960000000001,9.357660000000001,0.764089,70.1874,20368,6,3,201363504
tiledb,rank,65536,0,cold,window_65536,8192,,,128,6,87.2436779900454,270385152,270385152,270385152,0.434586942,32768,30827,,0.940765380859375,,1.0629642845557465,,,,,,27278,8,33853440,6811566080,0.253647,0.0,0.0,0.00909,0.0,0.0008,0.0,0.0,0.0,0.0,0.0,0.0,0.0,0.0,0.0,86.732186,0.02251,0,0,0,0,0,0,0,0.0,0.0,0.0,0.0,0.0,0.0,0.0,0,0,0,0
tiledb,rank,65536,0,cold,window_65536,8192,,,128,7,72.74472602875903,270376960,270376960,270376960,0.363595318,32768,30720,,0.9375,,1.0666666666666667,,,,,,27171,8,25381888,6811070464,0.241556,0.093579,0.035439,0.01019,0.0092,71.442425,0.01518,0.0,0.0,0.37550500000000003,1.577016,56.130196,0.0,0.181358,0.049649,0.374125,0.017179,16384,15397,13609,1,123176,7883264,7883264,2.85227,1.8179699999999999,5.56724,43.176399999999994,5.875,0.65129,55.7703,13609,4,2,134242336
tiledb,rank,65536,0,cold,window_65536,8192,,,128,8,71.58445299137384,270417920,270417920,270417920,0.36827135499999997,32768,30797,,0.939849853515625,,1.0639997402344383,,,,,,27099,8,25385472,6804443136,0.232796,0.090779,0.035019,0.00892,0.00785,55.464356,0.00785,0.0,0.0,0.167557,0.746259,47.134351,0.0,0.122758,0.048629,15.24988,0.01758,8192,7704,6725,1,61632,3944448,3944448,2.09544,1.52812,3.57888,38.7857,3.27076,0.5784619999999999,46.642500000000005,6725,2,1,67121168
tiledb,rank,65536,0,cold,window_65536,8192,,,128,9,73.48437496693805,269938688,269938688,269938688,0.354301533,32768,30842,,0.94122314453125,,1.0624473121068672,,,,,,27185,8,25407488,6804459520,0.208777,0.095228,0.03616,0.01129,0.009529,72.150975,0.01417,0.0,0.0,0.332795,1.518297,56.239154,0.0,0.186038,0.051809,0.380464,0.0181,16384,15447,13599,1,123576,7908864,7908864,2.76259,1.777,5.66107,42.1068,6.38321,0.7351989999999999,55.408,13599,4,2,134242336
tiledb,rank,65536,0,cold,window_65536,65536,,,128,0,89.50202399864793,270483456,270483456,270483456,0.536616587,262144,165856,,0.6326904296875,,1.580551803974532,,,,,,61164,8,182471680,6843686912,0.391214,0.087959,0.036969,0.01017,0.01931,85.227168,0.267715,0.0,0.0,0.851607,3.540087,64.710937,0.0,0.794718,0.167268,2.478943,0.030439,131072,82875,30552,1,663000,42432000,42432000,5.501029999999999,3.35631,11.7617,42.8852,6.81748,1.49296,63.766000000000005,30552,4,2,134242336
tiledb,rank,65536,0,cold,window_65536,65536,,,128,1,86.8310040095821,270323712,270323712,270323712,0.452129268,262144,165959,,0.6330833435058594,,1.579570857862484,,,,,,60814,8,182480384,6828761088,0.269776,0.090809,0.044099,0.01097,0.019109,82.778316,0.067979,0.0,0.0,0.6585810000000001,3.468737,62.594368,0.0,0.793948,0.094778,2.381244,0.032039,131072,82998,30457,1,663984,42494976,42494976,5.39874,3.75824,11.8859,40.6865,6.22348,2.19947,61.9484,30457,4,2,134242336
tiledb,rank,65536,0,cold,window_65536,65536,,,128,2,87.56214403547347,270344192,270344192,270344192,0.467436651,262144,165848,,0.632659912109375,,1.580628044956828,,,,,,60850,8,182387712,6828314624,0.239216,0.092219,0.038439,0.01124,0.01944,83.526304,0.067889,0.0,0.0,0.6496200000000001,3.457548,63.82579,0.0,0.789038,0.089578,2.371344,0.0313,131072,82817,30510,1,662536,42402304,42402304,5.72897,4.20203,12.6529,40.1541,6.532109999999999,2.0018599999999998,62.402300000000004,30510,4,2,134242336
tiledb,rank,65536,0,cold,window_65536,65536,,,128,3,70.38776198169217,269930496,269930496,269930496,0.361081399,262144,166012,,0.6332855224609375,,1.5790665735007108,,,,,,60943,8,125132800,6818521088,0.226367,0.083729,0.036829,0.01215,0.01346,67.339307,0.035679,0.0,0.0,0.479483,1.706354,53.937929,0.0,0.420084,0.068279,1.805903,0.030749,65536,41458,15281,1,331664,21226496,21226496,3.1999,2.06107,6.03983,40.385400000000004,4.17302,2.24387,53.5019,15281,2,1,67121168
tiledb,rank,65536,0,cold,window_65536,65536,,,128,4,86.72467601718381,270385152,270385152,270385152,0.464448207,262144,165653,,0.6319160461425781,,1.5824886962505962,,,,,,61016,8,182405120,6829039616,0.254566,0.090478,0.03881,0.009999,0.01929,82.649547,0.064859,0.0,0.0,0.9953850000000001,3.424108,62.617589,0.0,0.793338,0.091229,2.413794,0.02972,131072,82851,30470,1,662808,42419712,42419712,6.671060000000001,4.61601,13.219,39.440400000000004,6.15857,1.8888,61.576499999999996,30470,4,2,134242336
tiledb,rank,65536,0,cold,window_65536,65536,,,128,5,97.34695602674037,269905920,269905920,269905920,0.50105157,262144,165510,,0.6313705444335938,,1.5838559603649327,,,,,,61220,8,182405632,6829076480,0.262086,0.090379,0.038699,0.01133,0.02054,93.338156,0.067339,0.0,0.0,0.63549,3.625896,73.407996,0.0,0.789958,0.092179,2.335465,0.030509,131072,82852,30543,1,662816,42420224,42420224,6.39462,4.8896,12.8202,49.4109,6.17305,2.3645300000000002,71.6562,30543,4,2,134242336
tiledb,rank,65536,0,cold,window_65536,65536,,,128,6,85.2887179935351,270385152,270385152,270385152,0.451045177,262144,165794,,0.6324539184570312,,1.581142864036093,,,,,,61155,8,182440448,6829387776,0.307835,0.088879,0.036919,0.00907,0.01831,81.298467,0.229446,0.0,0.0,0.796818,3.27938,60.716127,0.0,0.791668,0.091509,2.295906,0.029359,131072,82920,30640,1,663360,42455040,42455040,4.93587,2.84247,10.5637,39.2254,6.62579,2.36155,59.7644,30640,4,2,134242336
tiledb,rank,65536,0,cold,window_65536,65536,,,128,7,90.32212203601375,269897728,269897728,269897728,0.526621114,262144,165392,,0.63092041015625,,1.5849859727193576,,,,,,60775,8,182423552,6848184320,0.234657,0.089938,0.03783,0.0111,0.022129,85.221789,0.065889,0.0,0.0,0.874077,3.367819,66.047997,0.0,0.790878,0.090169,3.455808,0.031339,131072,82505,30426,1,660040,42242560,42242560,6.30769,4.04629,13.0437,42.6049,6.18534,2.44727,65.1144,30426,4,2,134242336
tiledb,rank,65536,0,cold,window_65536,65536,,,128,8,85.65369201824069,270450688,270450688,270450688,0.432224665,262144,165709,,0.6321296691894531,,1.5819539071504867,,,,,,60901,8,182407680,6838231040,0.219337,0.081929,0.03723,0.011149,0.01289,47.660674,0.03297,0.0,0.0,0.486303,1.811433,35.779962,0.0,0.418283,0.061109,36.721157,0.04809,65536,41383,15227,1,331064,21188096,21188096,3.3845400000000003,2.1136000000000004,6.54506,24.0346,2.4828699999999997,1.68978,35.3365,15227,2,2,67121168
tiledb,rank,65536,0,cold,window_65536,65536,,,128,9,104.5085089863278,270331904,270331904,270331904,0.596410408,262144,165707,,0.6321220397949219,,1.5819730005370927,,,,,,61063,8,239806976,6848823296,0.238126,0.095078,0.03828,0.01295,0.025099,99.522924,0.215337,0.0,0.0,1.478798,5.216751,72.910184,0.0,1.164162,0.136318,2.890986,0.03117,196608,124308,45789,1,994464,63645696,63645696,9.01969,4.94376,19.2195,39.705400000000004,9.227279999999999,2.28949,71.4176,45789,6,3,201363504
tiledb,rank,65536,0,warm,random,1024,,,128,0,312.3538740328513,0,0,0,7.568612082,4096,4095,,0.999755859375,,1.0002442002442002,,,,,,4095,1005,2167808,6790406144,0.154687,0.033759,0.04218,0.01291,0.00656,306.384393,0.003599,0.0,0.0,0.10908899999999999,0.126328,225.742625,0.0,0.055979,0.043169,5.235332,0.016239,1021,1020,1020,1,8160,522240,522240,0.8343670000000001,0.5246409999999999,1.1667100000000001,142.994,116.87400000000001,0.210037,225.67000000000002,1020,64,24,2147877376
tiledb,rank,65536,0,warm,random,1024,,,128,1,301.153001957573,0,0,0,6.596882637,4096,4096,,1.0,,1.0,,,,,,4096,1013,2163712,6790397952,0.143418,0.03423,0.042089,0.0102,0.00746,292.225416,0.00857,0.0,0.0,0.10907800000000001,0.128458,214.80971,0.0,0.060109,0.044409,8.211387,0.01577,1006,1006,1005,1,8048,515072,515072,0.883667,0.577652,1.20496,121.86099999999999,100.638,0.215896,214.735,1005,64,24,2147877376
tiledb,rank,65536,0,warm,random,1024,,,128,2,317.97499902313575,0,0,0,7.757876436,4096,4095,,0.999755859375,,1.0002442002442002,,,,,,4095,1003,2189312,6790385664,0.117318,0.03377,0.041059,0.00981,0.00647,296.364193,0.00669,0.0,0.0,0.101019,0.149697,217.694976,0.0,0.056649,0.04427,20.941195,0.01609,1063,1063,1063,1,8504,544256,544256,1.04399,0.662701,1.49524,141.733,110.274,0.17705800000000002,217.628,1063,64,24,2147877376
tiledb,rank,65536,0,warm,random,1024,,,128,3,318.3308229781687,0,0,0,7.45957478,4096,4096,,1.0,,1.0,,,,,,4096,1012,2155520,6790397952,0.122338,0.034209,0.042389,0.00985,0.00701,317.064683,0.00708,0.0,0.0,0.100588,0.145418,239.069046,0.0,0.058339,0.043919,0.595741,0.01552,1028,1028,1028,1,8224,526336,526336,1.2242799999999998,0.841897,1.56382,151.757,127.72800000000001,0.201329,238.998,1028,64,24,2147877376
tiledb,rank,65536,0,warm,random,1024,,,128,4,312.2699140221812,0,0,0,7.419968108,4096,4096,,1.0,,1.0,,,,,,4096,1011,2169856,6790279168,0.116778,0.033669,0.041829,0.01023,0.00646,309.667274,0.0083,0.0,0.0,0.10716799999999999,0.136288,234.884768,0.0,0.054369,0.043989,1.94293,0.01594,1044,1044,1044,1,8352,534528,534528,1.0401799999999999,0.66593,1.38314,147.808,107.579,0.195647,234.808,1044,64,24,2147877376
tiledb,rank,65536,0,warm,random,1024,,,128,5,317.03229300910607,0,0,0,7.613250337,4096,4096,,1.0,,1.0,,,,,,4096,1003,2180096,6790295552,0.196967,0.034339,0.04228,0.009589,0.00639,310.6227,0.00287,0.0,0.0,0.107458,0.120759,232.169919,0.0,0.057399,0.044419,5.604006,0.01669,1003,1002,1002,1,8016,513024,513024,0.9278160000000001,0.58621,1.27779,150.063,127.601,0.204286,232.095,1002,64,24,2147877376
tiledb,rank,65536,0,warm,random,1024,,,128,6,313.68046399438754,0,0,0,7.331703495,4096,4096,,1.0,,1.0,,,,,,4096,1010,2180608,6790291456,0.167718,0.03261,0.041269,0.01023,0.00621,296.525141,0.00795,0.0,0.0,0.106808,0.131568,220.187669,0.0,0.059629,0.04271,16.411113,0.01536,1008,1008,1008,1,8064,516096,516096,0.857518,0.5303019999999999,1.21704,134.994,113.834,0.19091799999999998,220.116,1008,64,24,2147877376
tiledb,rank,65536,0,warm,random,1024,,,128,7,315.6033039558679,0,0,0,7.535321829,4096,4096,,1.0,,1.0,,,,,,4095,1009,2173952,6790258688,0.122798,0.03415,0.041659,0.01017,0.0072,308.049068,0.00728,0.0,0.0,0.109448,0.130438,230.213319,0.0,0.059759,0.044289,6.883356,0.01616,999,999,998,1,7992,511488,511488,0.940146,0.609851,1.31755,147.034,121.578,0.1982,230.139,998,64,24,2147877376
tiledb,rank,65536,0,warm,random,1024,,,128,8,305.36206904798746,0,0,0,6.945843782,4096,4096,,1.0,,1.0,,,,,,4096,1011,2195456,6790242304,0.121028,0.03386,0.041889,0.0101,0.00638,278.684439,0.00647,0.0,0.0,0.102518,0.136568,201.021397,0.0,0.060999,0.04513,26.002449,0.01907,1021,1021,1021,1,8168,522752,522752,0.9321759999999999,0.633781,1.29709,114.16900000000001,83.3831,0.21668800000000002,200.959,1021,64,24,2147877376
tiledb,rank,65536,0,warm,random,1024,,,128,9,309.25777996890247,0,0,0,7.316834909,4096,4096,,1.0,,1.0,,,,,,4096,1007,2198528,6790283264,0.118608,0.031929,0.04751,0.0098,0.007209,292.65431,0.00277,0.0,0.0,0.107529,0.134778,215.314132,0.0,0.059069,0.042929,15.94341,0.01524,1015,1015,1015,1,8120,519680,519680,0.916806,0.588512,1.24504,136.64399999999998,111.40799999999999,0.20854599999999998,215.238,1015,64,24,2147877376
tiledb,rank,65536,0,warm,random,8192,,,128,0,327.0547720021568,0,0,0,6.884830204,32768,32755,,0.999603271484375,,1.0003968859716075,,,,,,32736,1024,17230336,6803095552,0.232087,0.092468,0.03738,0.013169,0.00851,325.92513,0.00857,0.0,0.0,0.258396,1.052664,263.990461,0.0,0.125658,0.049619,0.175178,0.018159,8252,8243,8223,1,65944,4220416,4220416,2.77254,1.91435,5.04564,118.11000000000001,109.949,0.540683,263.784,8223,64,24,2147877376
tiledb,rank,65536,0,warm,random,8192,,,128,1,323.6722929868847,0,0,0,6.932416979,32768,32756,,0.9996337890625,,1.0003663450970814,,,,,,32741,1024,17276928,6802595840,0.207377,0.093069,0.036399,0.00954,0.00802,322.622319,0.01307,0.0,0.0,0.23393599999999998,0.939456,257.755944,0.0,0.121908,0.048709,0.176538,0.01738,8296,8285,8267,1,66280,4241920,4241920,2.98499,1.98532,5.278,115.057,132.39100000000002,0.579112,257.55499999999995,8267,64,24,2147877376
tiledb,rank,65536,0,warm,random,8192,,,128,2,316.42562203342095,0,0,0,6.702277219,32768,32755,,0.999603271484375,,1.0003968859716075,,,,,,32742,1024,17297408,6802673664,0.206407,0.094428,0.03654,0.00999,0.00809,315.368717,0.008909,0.0,0.0,0.232996,0.956886,243.547878,0.0,0.124549,0.050239,0.177397,0.01787,8198,8184,8165,1,65472,4190208,4190208,2.4280299999999997,1.78449,4.5066999999999995,120.41399999999999,111.966,0.59933,243.344,8165,64,24,2147877376
tiledb,rank,65536,0,warm,random,8192,,,128,3,320.177765970584,0,0,0,6.862290401,32768,32764,,0.9998779296875,,1.0001220852154804,,,,,,32746,1024,17279488,6802837504,0.259916,0.093818,0.03628,0.00966,0.008979,319.041513,0.00855,0.0,0.0,0.230066,0.906057,245.906752,0.0,0.125928,0.049229,0.183257,0.0183,8166,8159,8147,1,65272,4177408,4177408,2.55206,1.8738400000000002,4.69692,122.078,112.87700000000001,0.6212,245.71,8147,64,24,2147877376
tiledb,rank,65536,0,warm,random,8192,,,128,4,313.62877401988953,0,0,0,6.479985332,32768,32757,,0.999664306640625,,1.0003358060872485,,,,,,32746,1024,17221120,6803329024,0.207187,0.090959,0.035149,0.011,0.00626,312.56484,0.0088,0.0,0.0,0.24093599999999998,0.995495,246.527304,0.0,0.125268,0.04988,0.179217,0.01828,8243,8234,8225,1,65872,4215808,4215808,2.8283,1.97771,5.10591,109.071,110.973,0.612321,246.326,8225,64,24,2147877376
tiledb,rank,65536,0,warm,random,8192,,,128,5,321.9055189983919,0,0,0,6.612764743,32768,32755,,0.999603271484375,,1.0003968859716075,,,,,,32745,1024,17242624,6803021824,0.223457,0.091588,0.03675,0.01023,0.009119,320.829416,0.00871,0.0,0.0,0.234377,0.847677,247.568957,0.0,0.123638,0.04873,0.175537,0.01744,8163,8152,8136,1,65216,4173824,4173824,2.4523,1.7068299999999998,4.453460000000001,114.06099999999999,111.144,0.558662,247.272,8136,64,24,2147877376
tiledb,rank,65536,0,warm,random,8192,,,128,6,328.7654560408555,0,0,0,6.93650461,32768,32761,,0.999786376953125,,1.0002136686914318,,,,,,32749,1024,17295872,6803042304,0.205507,0.091169,0.037129,0.00971,0.00813,321.326828,0.03234,0.0,0.0,0.249236,1.029105,241.001656,0.0,0.123169,0.049109,6.531462,0.0177,8314,8304,8294,1,66432,4251648,4251648,2.5839700000000003,1.59412,4.421880000000001,134.575,106.232,0.555131,240.79600000000002,8294,64,24,2147877376
tiledb,rank,65536,0,warm,random,8192,,,128,7,316.2485940265469,0,0,0,6.502823535,32768,32759,,0.999725341796875,,1.0002747336609787,,,,,,32739,1024,17252864,6803021824,0.198947,0.093709,0.035549,0.01016,0.00785,315.20571,0.029769,0.0,0.0,0.237207,0.943556,236.479514,0.0,0.122019,0.048159,0.176568,0.017719,8209,8197,8179,1,65576,4196864,4196864,2.49297,1.88674,4.66746,122.005,101.116,0.521692,236.279,8179,64,24,2147877376
tiledb,rank,65536,0,warm,random,8192,,,128,8,321.4043370098807,0,0,0,6.564764788,32768,32760,,0.999755859375,,1.0002442002442002,,,,,,32742,1024,17263616,6803460096,0.216147,0.093368,0.03676,0.01012,0.00893,320.343613,0.033289,0.0,0.0,0.234497,0.981275,244.137229,0.0,0.124188,0.048589,0.170598,0.01778,8284,8271,8253,1,66168,4234752,4234752,2.5886899999999997,1.7590299999999999,4.821210000000001,128.539,130.447,0.59061,243.935,8253,64,24,2147877376
tiledb,rank,65536,0,warm,random,8192,,,128,9,308.49902104819193,0,0,0,6.944944272,32768,32763,,0.999847412109375,,1.0001526111772425,,,,,,32736,1024,17277440,6803124224,0.258886,0.092198,0.036,0.01004,0.020299,304.62586,0.03007,0.0,0.0,0.23594700000000002,0.830347,227.114035,0.0,0.122798,0.048919,2.931405,0.01783,8101,8095,8080,1,64760,4144640,4144640,2.5861199999999998,1.79002,4.69691,124.021,117.878,0.5033719999999999,226.916,8080,64,24,2147877376
tiledb,rank,65536,0,warm,random,65536,,,128,0,359.2380479676649,0,0,0,6.588211258,262144,261627,,0.9980278015136719,,1.0019760957393542,,,,,,260583,1024,137551872,6922485760,0.256196,0.090619,0.039069,0.0131,0.01726,356.860144,0.052779,0.0,0.0,1.275791,6.966165,271.285611,0.0,0.63152,0.068239,0.862937,0.03073,65566,65039,64061,1,520312,33299968,33299968,13.6757,10.646799999999999,28.5691,113.56700000000001,106.087,1.9788700000000001,270.10699999999997,64061,64,24,2147877376
tiledb,rank,65536,0,warm,random,65536,,,128,1,357.5423640431836,0,0,0,6.955100681,262144,261609,,0.9979591369628906,,1.0020450366768727,,,,,,260581,1024,137506304,6922817536,0.264146,0.084968,0.03844,0.01193,0.016909,355.17185,0.05331,0.0,0.0,1.251051,6.921536,264.862678,0.0,0.63782,0.067649,0.867357,0.03242,65919,65401,64372,1,523208,33485312,33485312,14.0015,11.111899999999999,29.0503,113.431,108.82600000000001,2.8359900000000002,263.642,64372,64,24,2147877376
tiledb,rank,65536,0,warm,random,65536,,,128,2,363.6987709905952,0,0,0,6.834933054,262144,261642,,0.9980850219726562,,1.0019186522041568,,,,,,260678,1024,137528832,6923014144,0.260506,0.085848,0.03972,0.0114,0.016649,361.330187,0.073429,0.0,0.0,1.229082,6.674849,280.781268,0.0,0.631491,0.068269,0.867977,0.029359,65661,65130,64100,1,521040,33346560,33346560,11.4127,8.75276,27.3819,112.33500000000001,111.224,2.4972499999999997,279.592,64100,64,24,2147877376
tiledb,rank,65536,0,warm,random,65536,,,128,3,369.90262795006856,0,0,0,7.290695662,262144,261637,,0.9980659484863281,,1.0019377993173748,,,,,,260688,1024,137579520,6923153408,0.259067,0.083469,0.037279,0.01162,0.01467,367.534324,0.052559,0.0,0.0,1.2596610000000001,6.683349,280.291646,0.0,0.62666,0.068629,0.876097,0.02998,65278,64748,63772,1,517984,33150976,33150976,12.540000000000001,9.76885,28.253500000000003,115.361,123.84299999999999,1.67928,279.068,63772,64,24,2147877376
tiledb,rank,65536,0,warm,random,65536,,,128,4,368.18293400574476,0,0,0,6.990518239,262144,261619,,0.9979972839355469,,1.0020067349848443,,,,,,260580,1024,137348608,6922682368,0.263416,0.084678,0.03774,0.01116,0.016429,365.78581,0.05259,0.0,0.0,1.2449020000000002,6.692179,286.167827,0.0,0.631611,0.073259,0.889806,0.03002,65347,64840,63826,1,518720,33198080,33198080,12.5527,9.91011,28.3445,116.03,117.882,2.31975,284.949,63826,64,24,2147877376
tiledb,rank,65536,0,warm,random,65536,,,128,5,374.55890799174085,0,0,0,7.064501284,262144,261647,,0.9981040954589844,,1.0018995058227307,,,,,,260634,1024,137368064,6921564160,0.269336,0.085729,0.038319,0.01119,0.01689,372.184993,0.053119,0.0,0.0,1.277051,6.755309,290.790297,0.0,0.630931,0.068769,0.870077,0.02968,65643,65171,64168,1,521368,33367552,33367552,11.8995,9.15873,26.6633,117.703,132.486,2.0518300000000003,289.57500000000005,64168,64,24,2147877376
tiledb,rank,65536,0,warm,random,65536,,,128,6,364.6758570102975,0,0,0,6.952677758,262144,261607,,0.9979515075683594,,1.0020526973666606,,,,,,260609,1024,137446912,6921797632,0.286376,0.086778,0.039,0.01274,0.019049,362.234844,0.05639,0.0,0.0,1.262361,6.68542,273.925321,0.0,0.63373,0.072549,0.879067,0.030559,65683,65157,64138,1,521256,33360384,33360384,12.064,9.15828,27.3091,126.257,103.983,2.60155,272.701,64138,64,24,2147877376
tiledb,rank,65536,0,warm,random,65536,,,128,7,373.94324695924297,0,0,0,7.186117529000001,262144,261597,,0.9979133605957031,,1.0020910025726595,,,,,,260572,1024,137393664,6921924608,0.290576,0.083769,0.03858,0.01114,0.01642,371.486524,0.05261,0.0,0.0,1.250901,6.625611,279.869622,0.0,0.63011,0.143938,0.867417,0.02986,65396,64897,63957,1,519176,33227264,33227264,13.5994,10.8695,29.348,121.176,107.35300000000001,2.32735,278.661,63957,64,24,2147877376
tiledb,rank,65536,0,warm,random,65536,,,128,8,366.9049530290067,0,0,0,7.1077047019999995,262144,261629,,0.9980354309082031,,1.0019684362207553,,,,,,260622,1024,137432064,6921445376,0.250937,0.084849,0.03851,0.011059,0.01656,364.569108,0.052179,0.0,0.0,1.2482520000000001,6.60905,281.995049,0.0,0.629351,0.068299,0.861087,0.02923,65416,64908,63934,1,519264,33232896,33232896,12.7262,10.0392,27.768,122.495,100.251,2.1163100000000004,280.792,63934,64,24,2147877376
tiledb,rank,65536,0,warm,random,65536,,,128,9,367.40440502762794,0,0,0,6.84020859,262144,261633,,0.9980506896972656,,1.0019531175348675,,,,,,260582,1024,137373696,6922371072,0.268226,0.083309,0.037599,0.01029,0.01671,365.035611,0.052889,0.0,0.0,1.3128799999999998,6.918366,274.724889,0.0,0.630561,0.066319,0.878457,0.030069,65478,64947,63974,1,519576,33252864,33252864,13.2982,10.3619,27.549799999999998,121.502,95.4752,3.13642,273.501,63974,64,24,2147877376
tiledb,rank,65536,0,warm,window_256,1024,,,128,0,25.48177697462961,0,0,0,0.148482943,4096,1002,,0.24462890625,,4.087824351297405,,,,,,25,4,3136000,6795718656,0.186697,0.034969,0.040119,0.00959,0.00749,10.225106,0.00261,0.0,0.0,0.077149,0.00761,7.785063,0.0,0.03611,0.032169,14.693619,0.01524,1024,254,3,1,2032,130048,130048,0.189528,0.130168,0.223107,5.771240000000001,1.60844,0.035719,7.747999999999999,3,1,1,33560584
tiledb,rank,65536,0,warm,window_256,1024,,,128,1,17.421958036720753,0,0,0,0.10607501,4096,1009,,0.246337890625,,4.059464816650149,,,,,,18,4,2445824,6795677696,0.107808,0.03462,0.041529,0.0089,0.00678,16.772018,0.00503,0.0,0.0,0.066368,0.00748,11.168903,0.0,0.046899,0.043989,0.079698,0.01531,2048,504,10,1,4032,258048,258048,0.34781500000000004,0.209286,0.39540400000000003,7.45057,3.11151,0.03365,11.1358,10,2,2,67121168
tiledb,rank,65536,0,warm,window_256,1024,,,128,2,13.711193983908743,0,0,0,0.099675626,4096,1007,,0.245849609375,,4.067527308838133,,,,,,20,4,1752064,6795624448,0.6385,0.032679,0.03767,0.0088,0.006109,12.67237,0.00219,0.0,0.0,0.05048,0.00423,9.643875,0.0,0.02411,0.029459,0.059419,0.01384,1024,250,7,1,2000,128000,128000,0.291006,0.19487700000000002,0.32445500000000005,7.5913200000000005,1.60528,0.023540000000000002,9.6217,7,1,1,33560584
tiledb,rank,65536,0,warm,window_256,1024,,,128,3,19.208380952477455,0,0,0,0.120149972,4096,1010,,0.24658203125,,4.0554455445544555,,,,,,18,4,2446336,6795636736,0.113569,0.03355,0.036889,0.00886,0.00619,11.586896,0.0018,0.0,0.0,0.059689,0.00545,8.939306,0.0,0.01309,0.020909,7.205902,0.01403,1024,253,4,1,2024,129536,129536,0.195797,0.128289,0.238266,6.85475,1.68833,0.03099,8.910269999999999,4,1,1,33560584
tiledb,rank,65536,0,warm,window_256,1024,,,128,4,18.912446044851094,0,0,0,0.11135807,4096,1007,,0.245849609375,,4.067527308838133,,,,,,20,4,2447872,6795636736,0.110219,0.033579,0.036,0.008869,0.007,11.587326,0.00196,0.0,0.0,0.05452,0.005489,8.710309,0.0,0.01446,0.022139,6.912206,0.01434,1024,251,6,1,2008,128512,128512,0.240306,0.159227,0.288646,6.62047,1.65902,0.026859,8.68436,6,1,1,33560584
tiledb,rank,65536,0,warm,window_256,1024,,,128,5,18.836626957636327,0,0,0,0.132068874,4096,1009,,0.246337890625,,4.059464816650149,,,,,,19,4,2446848,6795640832,0.104078,0.03417,0.037909,0.00904,0.00674,18.362514,0.00532,0.0,0.0,0.052959,0.00535,13.508247,0.0,0.019389,0.02896,0.060079,0.01357,2048,506,8,1,4048,259072,259072,0.315326,0.22539700000000001,0.35866499999999996,9.58377,3.38011,0.032369999999999996,13.4816,8,2,2,67121168
tiledb,rank,65536,0,warm,window_256,1024,,,128,6,18.60136998584494,0,0,0,0.104339078,4096,1006,,0.24560546875,,4.071570576540755,,,,,,22,4,2444288,6795608064,0.134238,0.033669,0.039399,0.00885,0.00626,18.121518,0.00663,0.0,0.0,0.058129,0.00582,12.977395,0.0,0.024089,0.02945,0.045819,0.01284,2048,501,13,1,4008,256512,256512,0.414094,0.283417,0.45433300000000004,9.99748,2.3533,0.032688999999999996,12.953199999999999,13,2,2,67121168
tiledb,rank,65536,0,warm,window_256,1024,,,128,7,22.5979300448671,0,0,0,0.139156067,4096,1012,,0.2470703125,,4.047430830039525,,,,,,16,4,3142144,6795624448,0.105949,0.0,0.0,0.0086,0.0,0.00031,0.0,0.0,0.0,0.0,0.0,0.0,0.0,0.0,0.0,22.307875,0.01513,0,0,0,0,0,0,0,0.0,0.0,0.0,0.0,0.0,0.0,0.0,0,0,0,0
tiledb,rank,65536,0,warm,window_256,1024,,,128,8,23.6464140471071,0,0,0,0.14098537,4096,1008,,0.24609375,,4.063492063492063,,,,,,19,4,3139584,6795616256,0.108549,0.03322,0.037619,0.00876,0.00646,9.410539,0.00182,0.0,0.0,0.051788999999999995,0.00393,7.558927,0.0,0.016119,0.02183,13.831672,0.01373,1024,253,4,1,2024,129536,129536,0.160107,0.098748,0.219897,5.79497,1.40281,0.03048,7.53205,4,1,1,33560584
tiledb,rank,65536,0,warm,window_256,1024,,,128,9,15.286859998013824,0,0,0,0.101061981,4096,1006,,0.24560546875,,4.071570576540755,,,,,,22,4,2444800,6795599872,0.159307,0.03153,0.035599,0.0079,0.0052,14.66313,0.00223,0.0,0.0,0.054279,0.00607,10.247196,0.0,0.042399,0.042429,0.078098,0.01437,2048,502,12,1,4016,257024,257024,0.338535,0.193717,0.397604,6.73997,2.9098599999999997,0.033859,10.2175,12,2,2,67121168
tiledb,rank,65536,0,warm,window_256,8192,,,128,0,15.632505004759878,0,0,0,0.100036212,32768,1024,,0.03125,,32.0,,,,,,4,4,17912832,6795943936,0.289276,0.086279,0.032149,0.00838,0.00674,10.496582,0.00199,0.0,0.0,0.049289,0.00429,8.153478,0.0,0.01499,0.096929,4.483292,0.01346,8192,256,1,1,2048,131072,131072,0.062238999999999996,0.037149,0.103568,6.285340000000001,1.61596,0.02863,8.12681,1,1,1,33560584
tiledb,rank,65536,0,warm,window_256,8192,,,128,1,20.5881999572739,0,0,0,0.124437806,32768,1024,,0.03125,,32.0,,,,,,4,4,17912832,6796206080,0.192177,0.089009,0.041879,0.00888,0.00626,17.359629,0.00194,0.0,0.0,0.059559,0.00559,12.537132,0.0,0.02009,0.028469,2.65322,0.01517,16384,512,2,1,4096,262144,262144,0.180067,0.130489,0.23718599999999998,9.21459,2.9157200000000003,0.02743,12.5106,2,2,2,67121168
tiledb,rank,65536,0,warm,window_256,8192,,,128,2,15.583945962134749,0,0,0,0.101163212,32768,1024,,0.03125,,32.0,,,,,,4,4,17912832,6796070912,0.215537,0.0,0.0,0.008139,0.0,0.00023,0.0,0.0,0.0,0.0,0.0,0.0,0.0,0.0,0.0,15.262071,0.01416,0,0,0,0,0,0,0,0.0,0.0,0.0,0.0,0.0,0.0,0.0,0,0,0,0
tiledb,rank,65536,0,warm,window_256,8192,,,128,3,18.828577012754977,0,0,0,0.13194688,32768,1024,,0.03125,,32.0,,,,,,4,4,17912832,6796201984,0.233947,0.088518,0.03188,0.0088,0.00733,17.95803,0.00149,0.0,0.0,0.044279,0.00365,13.393828,0.0,0.019679,0.0297,0.311435,0.0146,16384,512,2,1,4096,262144,262144,0.135818,0.093829,0.177007,9.77674,3.26586,0.03024,13.3683,2,2,2,67121168
tiledb,rank,65536,0,warm,window_256,8192,,,128,4,18.19768699351698,0,0,0,0.106852326,32768,1024,,0.03125,,32.0,,,,,,4,4,17912832,6796062720,0.168767,0.087729,0.034079,0.00862,0.00823,9.942421,0.00157,0.0,0.0,0.064129,0.00519,7.904951,0.0,0.016469,0.02659,7.715464,0.017339,8192,256,1,1,2048,131072,131072,0.076608,0.048349,0.110228,6.3282,1.32541,0.024949000000000002,7.87653,1,1,1,33560584
tiledb,rank,65536,0,warm,window_256,8192,,,128,5,18.585799960419536,0,0,0,0.115349919,32768,1024,,0.03125,,32.0,,,,,,4,4,17912832,6796050432,0.171678,0.088749,0.03413,0.009619,0.0074,17.681424,0.00448,0.0,0.0,0.064549,0.00596,13.256851,0.0,0.02614,0.03152,0.328345,0.01624,16384,512,2,1,4096,262144,262144,0.171727,0.12274900000000001,0.225356,10.5133,2.35176,0.03125,13.2285,2,2,2,67121168
tiledb,rank,65536,0,warm,window_256,8192,,,128,6,21.819491987116635,0,0,0,0.134067668,32768,1024,,0.03125,,32.0,,,,,,4,4,22633472,6796181504,0.231836,0.075139,0.03254,0.008909,0.00632,20.904496,0.00485,0.0,0.0,0.0547,0.005899,14.068739,0.0,0.042729,0.04222,0.242747,0.017069,24576,768,3,1,6144,393216,393216,0.308165,0.215387,0.345955,9.58933,3.92684,0.034388999999999996,14.039100000000001,3,3,3,100681752
tiledb,rank,65536,0,warm,window_256,8192,,,128,7,25.810891995206475,0,0,0,0.166604735,32768,1024,,0.03125,,32.0,,,,,,4,4,22633472,6796181504,0.205146,0.075079,0.03518,0.008629,0.0062,24.775428,0.00206,0.0,0.0,0.064059,0.00606,16.843897,0.0,0.027709,0.03264,0.412843,0.01565,24576,768,3,1,6144,393216,393216,0.22270600000000002,0.156849,0.26761599999999997,12.3886,3.97273,0.035179,16.813399999999998,3,3,3,100681752
tiledb,rank,65536,0,warm,window_256,8192,,,128,8,18.71974900132045,0,0,0,0.122092511,32768,1024,,0.03125,,32.0,,,,,,4,4,17912832,6796054528,0.221997,0.088598,0.03597,0.009049,0.00682,17.872482,0.00438,0.0,0.0,0.05694,0.004169,13.173132,0.0,0.018579,0.02818,0.285275,0.0136,16384,512,2,1,4096,262144,262144,0.14579799999999998,0.10521799999999999,0.188037,10.0999,2.7244499999999996,0.026619999999999998,13.1477,2,2,2,67121168
tiledb,rank,65536,0,warm,window_256,8192,,,128,9,12.978964950889349,0,0,0,0.09832758,32768,1024,,0.03125,,32.0,,,,,,4,4,13192192,6795911168,0.236037,0.086639,0.03402,0.008449,0.00687,11.96317,0.00138,0.0,0.0,0.068029,0.00555,8.585181,0.0,0.01624,0.02611,0.476972,0.01319,8192,256,1,1,2048,131072,131072,0.101068,0.047479,0.17476699999999998,6.36133,1.90014,0.028339,8.554310000000001,1,1,1,33560584
tiledb,rank,65536,0,warm,window_256,65536,,,128,0,35.110661992803216,0,0,0,0.205397527,262144,1024,,0.00390625,,256.0,,,,,,4,4,218703872,6796296192,0.298985,0.092759,0.032719,0.00823,0.00737,32.059288,0.00839,0.0,0.0,0.055709,0.00629,22.62025,0.0,0.052209,0.112099,2.184207,0.037049,262144,1024,4,1,8192,524288,524288,0.314665,0.188828,0.35697399999999996,16.4028,5.6068999999999996,0.032949,22.587699999999998,4,4,3,134242336
tiledb,rank,65536,0,warm,window_256,65536,,,128,1,22.204546025022864,0,0,0,0.114628401,262144,1024,,0.00390625,,256.0,,,,,,4,4,143177728,6797312000,0.310665,0.077929,0.035529,0.00879,0.00694,10.110528,0.00166,0.0,0.0,0.050849,0.00262,7.579186,0.0,0.01908,0.037369,11.383519,0.028459,65536,256,1,1,2048,131072,131072,0.126848,0.059249,0.16195700000000002,5.91038,1.38327,0.025039,7.55887,1,1,1,33560584
tiledb,rank,65536,0,warm,window_256,65536,,,128,2,20.97094402415678,0,0,0,0.121054606,262144,1024,,0.00390625,,256.0,,,,,,4,4,143177728,6797316096,0.205667,0.085979,0.038229,0.00939,0.00733,18.005619,0.00508,0.0,0.0,0.065349,0.00453,13.012004,0.0,0.02122,0.058569,2.298415,0.02731,131072,512,2,1,4096,262144,262144,0.16963699999999998,0.118948,0.220796,9.72238,2.88396,0.028560000000000002,12.984300000000001,2,2,2,67121168
tiledb,rank,65536,0,warm,window_256,65536,,,128,3,21.59842598484829,0,0,0,0.125826926,262144,1024,,0.00390625,,256.0,,,,,,4,4,143177728,6797316096,0.191387,0.085229,0.036329,0.00923,0.00772,18.689389,0.0049,0.0,0.0,0.062269,0.00707,12.921526,0.0,0.02757,0.060899,2.301596,0.027739,131072,512,2,1,4096,262144,262144,0.140598,0.087309,0.186768,9.79367,2.76357,0.02571,12.8913,2,2,2,67121168
tiledb,rank,65536,0,warm,window_256,65536,,,128,4,21.46488701691851,0,0,0,0.142045858,262144,1024,,0.00390625,,256.0,,,,,,4,4,143177728,6798356480,0.196067,0.085878,0.03813,0.00929,0.00641,19.058953,0.005279,0.0,0.0,0.061119,0.00462,13.007745,0.0,0.01807,0.058029,1.773843,0.02569,131072,512,2,1,4096,262144,262144,0.108088,0.059128,0.151118,9.99329,2.70935,0.032069,12.98,2,2,2,67121168
tiledb,rank,65536,0,warm,window_256,65536,,,128,5,20.632790052331984,0,0,0,0.114073127,262144,1024,,0.00390625,,256.0,,,,,,4,4,143177728,6797295616,0.190118,0.078439,0.0357,0.009209,0.00725,10.227506,0.00155,0.0,0.0,0.06245,0.005459,7.643515,0.0,0.01882,0.03647,9.846312,0.02662,65536,256,1,1,2048,131072,131072,0.066709,0.041959,0.09933800000000001,5.91608,1.47791,0.027780000000000003,7.61251,1,1,1,33560584
tiledb,rank,65536,0,warm,window_256,65536,,,128,6,21.482576965354383,0,0,0,0.12294706999999999,262144,1024,,0.00390625,,256.0,,,,,,4,4,143177728,6797279232,0.248076,0.085519,0.035249,0.00872,0.00793,18.57742,0.00455,0.0,0.0,0.058939,0.00615,13.549076,0.0,0.01996,0.056539,2.297626,0.025779,131072,512,2,1,4096,262144,262144,0.139538,0.081248,0.188057,10.3837,2.7977700000000003,0.033559,13.5205,2,2,2,67121168
tiledb,rank,65536,0,warm,window_256,65536,,,128,7,21.70310402289033,0,0,0,0.125151295,262144,1024,,0.00390625,,256.0,,,,,,4,4,143177728,6797275136,0.265956,0.086219,0.0346,0.008849,0.00737,18.726819,0.00834,0.0,0.0,0.053558999999999996,0.00449,13.698784,0.0,0.020119,0.056739,2.364295,0.02438,131072,512,2,1,4096,262144,262144,0.188037,0.12442900000000001,0.232476,10.2007,3.08178,0.02762,13.6731,2,2,2,67121168
tiledb,rank,65536,0,warm,window_256,65536,,,128,8,18.529650988057256,0,0,0,0.109284697,262144,1024,,0.00390625,,256.0,,,,,,4,4,143177728,6797275136,0.217226,0.078749,0.031429,0.00857,0.00721,11.544147,0.00146,0.0,0.0,0.046149,0.00316,8.603331,0.0,0.017709,0.03835,6.433413,0.025909,65536,256,1,1,2048,131072,131072,0.076639,0.052749,0.115338,6.7959700000000005,1.54939,0.028439,8.57887,1,1,1,33560584
tiledb,rank,65536,0,warm,window_256,65536,,,128,9,20.44811303494498,0,0,0,0.138074689,262144,1024,,0.00390625,,256.0,,,,,,4,4,143177728,6798323712,0.174707,0.0,0.0,0.00859,0.0,0.00031,0.0,0.0,0.0,0.0,0.0,0.0,0.0,0.0,0.0,20.126887,0.02472,0,0,0,0,0,0,0,0.0,0.0,0.0,0.0,0.0,0.0,0.0,0,0,0,0
tiledb,rank,65536,0,warm,window_4096,1024,,,128,0,19.914399948902428,0,0,0,0.120707009,4096,3596,,0.8779296875,,1.139043381535039,,,,,,2785,4,3111936,6798811136,0.285946,0.03322,0.035569,0.00867,0.00739,19.333059,0.00991,0.0,0.0,0.08277799999999999,0.178208,14.276775,0.0,0.03163,0.02705,0.03826,0.01151,2048,1805,1397,1,14440,924160,924160,0.9138160000000001,0.54501,1.3043799999999999,9.64072,3.0198,0.077649,14.2083,1397,2,2,67121168
tiledb,rank,65536,0,warm,window_4096,1024,,,128,1,20.77271800953895,0,0,0,0.13188743,4096,3616,,0.8828125,,1.1327433628318584,,,,,,2840,4,3123712,6798045184,0.193697,0.034129,0.03756,0.00943,0.007,20.236915,0.00922,0.0,0.0,0.100109,0.165967,15.043284,0.0,0.03356,0.0296,0.061839,0.01178,2048,1828,1424,1,14624,935936,935936,0.975416,0.585601,1.39669,10.070300000000001,3.17943,0.111369,14.9742,1424,2,2,67121168
tiledb,rank,65536,0,warm,window_4096,1024,,,128,2,21.44512702943757,0,0,0,0.120108033,4096,3608,,0.880859375,,1.1352549889135255,,,,,,2822,4,3111424,6798323712,0.130598,0.03229,0.039589,0.00883,0.00705,11.918851,0.00277,0.0,0.0,0.091208,0.099219,8.889906,0.0,0.02295,0.024679,9.090013,0.01171,1024,896,732,1,7168,458752,458752,0.769089,0.47857299999999997,1.0122099999999998,6.2554799999999995,1.36044,0.083859,8.83538,732,1,1,33560584
tiledb,rank,65536,0,warm,window_4096,1024,,,128,3,20.68621903890744,0,0,0,0.131189235,4096,3621,,0.884033203125,,1.1311792322562828,,,,,,2839,4,3113472,6797979648,0.107988,0.033639,0.03723,0.00872,0.006929,20.139108,0.0032,0.0,0.0,0.08044899999999999,0.185907,14.521122,0.0,0.042329,0.031969,0.071609,0.01446,2048,1808,1414,1,14464,925696,925696,0.910547,0.565561,1.3448,10.214300000000001,2.55362,0.111208,14.3923,1414,2,2,67121168
tiledb,rank,65536,0,warm,window_4096,1024,,,128,4,25.863412010949105,0,0,0,0.177317422,4096,3607,,0.880615234375,,1.1355697255336845,,,,,,2841,5,4143104,6798282752,0.108208,0.033399,0.03812,0.00947,0.00625,23.825521,0.0025,0.0,0.0,0.075939,0.093578,17.785223,0.0,0.05253,0.044649,1.454839,0.014219,1024,892,720,1,7136,456704,456704,0.6814600000000001,0.45665300000000003,0.894047,13.8247,2.8014200000000002,0.082009,17.735,720,2,1,67121168
tiledb,rank,65536,0,warm,window_4096,1024,,,128,5,22.13164698332548,0,0,0,0.154337967,4096,3641,,0.888916015625,,1.1249656687723153,,,,,,2810,4,3125760,6798307328,0.280666,0.0,0.0,0.007959,0.0,0.00024,0.0,0.0,0.0,0.0,0.0,0.0,0.0,0.0,0.0,21.716514,0.01362,0,0,0,0,0,0,0,0.0,0.0,0.0,0.0,0.0,0.0,0.0,0,0,0,0
tiledb,rank,65536,0,warm,window_4096,1024,,,128,6,21.331769006792456,0,0,0,0.134153458,4096,3622,,0.88427734375,,1.1308669243511873,,,,,,2835,4,3117568,6798258176,0.213157,0.03439,0.043459,0.00893,0.00703,20.747128,0.01756,0.0,0.0,0.140306,0.195958,14.896496,0.0,0.033899,0.02823,0.064139,0.01224,2048,1816,1415,1,14528,929792,929792,0.9895749999999999,0.5835,1.41734,10.4201,2.6732,0.100269,14.8151,1415,2,2,67121168
tiledb,rank,65536,0,warm,window_4096,1024,,,128,7,23.288310039788485,0,0,0,0.143234483,4096,3640,,0.888671875,,1.1252747252747253,,,,,,2834,4,4149760,6798565376,0.136628,0.03351,0.036369,0.00865,0.00723,11.554476,0.0025,0.0,0.0,0.058158,0.096819,8.960476,0.0,0.02289,0.023229,11.3296,0.01182,1024,912,704,1,7296,466944,466944,0.738089,0.466601,0.934956,6.0971400000000004,1.64788,0.08309899999999999,8.8788,704,1,1,33560584
tiledb,rank,65536,0,warm,window_4096,1024,,,128,8,21.57192601589486,0,0,0,0.121695809,4096,3636,,0.8876953125,,1.1265126512651265,,,,,,2812,5,2095104,6797660160,0.089718,0.03246,0.034309,0.00944,0.00603,21.134362,0.00592,0.0,0.0,0.060269,0.094799,16.678299,0.0,0.02747,0.024699,0.038179,0.01238,1024,897,704,1,7176,459264,459264,0.711969,0.438537,0.905276,12.9327,2.6361700000000003,0.055739000000000004,16.6388,704,2,1,67121168
tiledb,rank,65536,0,warm,window_4096,1024,,,128,9,21.391489019151777,0,0,0,0.132323446,4096,3644,,0.8896484375,,1.12403951701427,,,,,,2842,4,3125248,6797967360,0.101599,0.03357,0.035259,0.00912,0.0072,20.925186,0.00835,0.0,0.0,0.08255799999999999,0.176458,14.861777,0.0,0.031879,0.0259,0.05997,0.012389,2048,1831,1424,1,14648,937472,937472,0.879227,0.511554,1.25052,10.642999999999999,2.6463200000000002,0.105409,14.7975,1424,2,2,67121168
tiledb,rank,65536,0,warm,window_4096,8192,,,128,0,20.84354602266103,0,0,0,0.123153128,32768,14167,,0.432342529296875,,2.3129808710383286,,,,,,1951,4,21692928,6798438400,0.166948,0.0,0.0,0.00846,0.0,0.00046,0.0,0.0,0.0,0.0,0.0,0.0,0.0,0.0,0.0,20.518192,0.016399,0,0,0,0,0,0,0,0.0,0.0,0.0,0.0,0.0,0.0,0.0,0,0,0,0
tiledb,rank,65536,0,warm,window_4096,8192,,,128,1,20.353324012830853,0,0,0,0.119954178,32768,14213,,0.433746337890625,,2.3054949693942164,,,,,,1879,4,21692928,6798381056,0.195597,0.0,0.0,0.00815,0.0,0.00034,0.0,0.0,0.0,0.0,0.0,0.0,0.0,0.0,0.0,20.037708,0.01446,0,0,0,0,0,0,0,0.0,0.0,0.0,0.0,0.0,0.0,0.0,0,0,0,0
tiledb,rank,65536,0,warm,window_4096,8192,,,128,2,20.129796990659088,0,0,0,0.124997676,32768,14204,,0.4334716796875,,2.3069557871022246,,,,,,1906,4,21692928,6798671872,0.234557,0.088579,0.030929,0.00863,0.00791,19.202331,0.02895,0.0,0.0,0.068849,0.120618,14.504762,0.0,0.080499,0.03335,0.324005,0.013289,16384,7093,953,1,56744,3631616,3631616,0.764749,0.466083,1.04978,10.0442,3.04697,0.152648,14.4543,953,2,2,67121168
tiledb,rank,65536,0,warm,window_4096,8192,,,128,3,25.58821497950703,0,0,0,0.166744889,32768,14142,,0.43157958984375,,2.317069721397256,,,,,,1925,5,21692928,6798413824,0.220487,0.088569,0.03116,0.008879,0.00585,24.63671,0.02581,0.0,0.0,0.066129,0.125918,17.510947,0.0,0.079829,0.028589,0.324325,0.01453,16384,7040,985,1,56320,3604480,3604480,0.7611490000000001,0.477845,1.01719,12.591899999999999,3.5501899999999997,0.160308,17.4577,985,3,3,100681752
tiledb,rank,65536,0,warm,window_4096,8192,,,128,4,27.871150989085436,0,0,0,0.146894461,32768,14161,,0.432159423828125,,2.3139608784690346,,,,,,1941,5,21692928,6798360576,0.277006,0.0,0.0,0.00812,0.0,0.00024,0.0,0.0,0.0,0.0,0.0,0.0,0.0,0.0,0.0,27.472377,0.01373,0,0,0,0,0,0,0,0.0,0.0,0.0,0.0,0.0,0.0,0.0,0,0,0,0
tiledb,rank,65536,0,warm,window_4096,8192,,,128,5,13.915290997829288,0,0,0,0.109309989,32768,14159,,0.432098388671875,,2.3142877321844764,,,,,,1930,4,14801408,6797881344,0.245077,0.089119,0.03124,0.008279,0.00727,12.443743,0.01698,0.0,0.0,0.056038000000000004,0.06279,9.273841,0.0,0.04571,0.027909,0.899706,0.012,8192,3523,496,1,28184,1803776,1803776,0.6061000000000001,0.342318,0.772878,6.24708,1.9583199999999998,0.17701699999999998,9.235520000000001,496,1,1,33560584
tiledb,rank,65536,0,warm,window_4096,8192,,,128,6,23.247839999385178,0,0,0,0.153942417,32768,14144,,0.431640625,,2.316742081447964,,,,,,1913,4,27458560,6798913536,0.233446,0.076069,0.03199,0.009429,0.00847,22.198786,0.03576,0.0,0.0,0.07787,0.184347,15.119252,0.0,0.113849,0.031949,0.406194,0.01369,24576,10621,1426,1,84968,5437952,5437952,0.926396,0.5461450000000001,1.32808,9.40067,3.98574,0.15948700000000002,15.0482,1426,3,3,100681752
tiledb,rank,65536,0,warm,window_4096,8192,,,128,7,14.285515004303306,0,0,0,0.107148403,32768,14119,,0.430877685546875,,2.3208442524258093,,,,,,1959,4,14793728,6797914112,0.165457,0.089419,0.037289,0.00844,0.00725,13.636575,0.01539,0.0,0.0,0.084259,0.073549,9.653375,0.0,0.051939,0.029099,0.095609,0.01663,8192,3519,489,1,28152,1801728,1801728,0.5591119999999999,0.35845499999999997,0.71314,6.85438,1.75257,0.159528,9.60542,489,1,1,33560584
tiledb,rank,65536,0,warm,window_4096,8192,,,128,8,28.400123002938926,0,0,0,0.145897493,32768,14169,,0.432403564453125,,2.312654386336368,,,,,,1899,5,21692928,6798368768,0.218247,0.090898,0.03179,0.00917,0.00761,27.502496,0.025129,0.0,0.0,0.064149,0.120148,20.719599,0.0,0.093919,0.045549,0.207096,0.01495,16384,7073,955,1,56584,3621376,3621376,0.798349,0.507993,1.08495,15.286299999999999,3.99056,0.160948,20.665599999999998,955,3,2,100681752
tiledb,rank,65536,0,warm,window_4096,8192,,,128,9,20.594360015820712,0,0,0,0.136486593,32768,14168,,0.432373046875,,2.312817617165443,,,,,,1908,4,21692928,6798372864,0.167298,0.088559,0.030979,0.00923,0.00625,19.685714,0.00735,0.0,0.0,0.07732800000000001,0.158808,14.64064,0.0,0.080059,0.0272,0.320465,0.01356,16384,7084,943,1,56672,3627008,3627008,0.799238,0.5009129999999999,1.06834,10.0611,3.15211,0.163237,14.595699999999999,943,2,2,67121168
tiledb,rank,65536,0,warm,window_4096,65536,,,128,0,30.36177303874865,0,0,0,0.194332129,262144,16384,,0.0625,,16.0,,,,,,4,5,144179712,6798032896,0.251157,0.085059,0.03262,0.009179,0.00895,27.365479,0.03488,0.0,0.0,0.038739,0.00576,20.271375,0.0,0.090338,0.05977,2.277246,0.02748,131072,8192,2,1,65536,4194304,4194304,0.120268,0.06921,0.162907,15.8106,3.9855400000000003,0.177457,20.2466,2,3,2,100681752
tiledb,rank,65536,0,warm,window_4096,65536,,,128,1,15.189532015938312,0,0,0,0.110793632,262144,16384,,0.0625,,16.0,,,,,,4,4,106430976,6797737984,0.384894,0.078768,0.03199,0.00831,0.00941,11.489347,0.00527,0.0,0.0,0.039469,0.0046,8.587231,0.0,0.050309,0.03647,2.965756,0.025559,65536,4096,1,1,32768,2097152,2097152,0.093778,0.070259,0.129528,6.391039999999999,1.85911,0.088439,8.56256,1,1,1,33560584
tiledb,rank,65536,0,warm,window_4096,65536,,,128,2,22.329033992718905,0,0,0,0.126031645,262144,16384,,0.0625,,16.0,,,,,,4,4,144179712,6798995456,0.271976,0.084849,0.03777,0.008699,0.00856,19.28686,0.03444,0.0,0.0,0.066919,0.00764,13.808752,0.0,0.089309,0.060469,2.286385,0.028,131072,8192,2,1,65536,4194304,4194304,0.141238,0.09085900000000001,0.179567,10.7799,2.59152,0.117668,13.777899999999999,2,2,2,67121168
tiledb,rank,65536,0,warm,window_4096,65536,,,128,3,23.898661020211875,0,0,0,0.110210376,262144,16384,,0.0625,,16.0,,,,,,4,4,144179712,6799122432,0.192887,0.078259,0.031309,0.00863,0.0073,11.129083,0.005,0.0,0.0,0.03915,0.004219,8.521392,0.0,0.056379,0.034979,12.182727,0.02605,65536,4096,1,1,32768,2097152,2097152,0.03327,0.01291,0.082729,6.61508,1.61122,0.099818,8.4974,1,1,1,33560584
tiledb,rank,65536,0,warm,window_4096,65536,,,128,4,32.114087021909654,0,0,0,0.168837865,262144,16384,,0.0625,,16.0,,,,,,4,5,144179712,6798991360,0.466443,0.086298,0.03829,0.00881,0.00839,28.767277,0.008259,0.0,0.0,0.06913899999999999,0.00849,21.088903,0.0,0.102208,0.066669,2.323665,0.02857,131072,8192,2,1,65536,4194304,4194304,0.15859700000000002,0.098959,0.193817,17.185200000000002,3.43877,0.09865800000000001,21.0563,2,3,2,100681752
tiledb,rank,65536,0,warm,window_4096,65536,,,128,5,22.586911043617874,0,0,0,0.125619215,262144,16384,,0.0625,,16.0,,,,,,4,4,144179712,6798991360,0.263366,0.086319,0.038059,0.00891,0.00828,19.415418,0.00854,0.0,0.0,0.069229,0.0074,13.494547,0.0,0.106739,0.070809,2.313325,0.02968,131072,8192,2,1,65536,4194304,4194304,0.178447,0.10600899999999999,0.229527,10.5054,2.48891,0.105788,13.4615,2,2,2,67121168
tiledb,rank,65536,0,warm,window_4096,65536,,,128,6,21.33338898420334,0,0,0,0.123428433,262144,16384,,0.0625,,16.0,,,,,,4,4,144179712,6798983168,0.208647,0.087319,0.039169,0.00887,0.00821,18.319965,0.00873,0.0,0.0,0.06953899999999999,0.00768,13.177942,0.0,0.091288,0.059589,2.275576,0.029199,131072,8192,2,1,65536,4194304,4194304,0.122528,0.074368,0.166838,9.847389999999999,2.8685300000000002,0.139098,13.1448,2,2,2,67121168
tiledb,rank,65536,0,warm,window_4096,65536,,,128,7,21.52534603374079,0,0,0,0.125595668,262144,16384,,0.0625,,16.0,,,,,,4,4,144179712,6798983168,0.205497,0.086149,0.037909,0.00901,0.00856,18.549351,0.03581,0.0,0.0,0.059279,0.00582,13.516446,0.0,0.091519,0.061029,2.272956,0.026849,131072,8192,2,1,65536,4194304,4194304,0.154018,0.08219900000000001,0.190027,10.330499999999999,2.73963,0.108159,13.4904,2,2,2,67121168
tiledb,rank,65536,0,warm,window_4096,65536,,,128,8,21.423097990918905,0,0,0,0.114998649,262144,16384,,0.0625,,16.0,,,,,,4,4,144179712,6798991360,0.236137,0.078868,0.03633,0.00911,0.00822,10.518491,0.00513,0.0,0.0,0.048489,0.00315,7.97279,0.0,0.05229,0.034769,10.251946,0.026619,65536,4096,1,1,32768,2097152,2097152,0.075689,0.054539000000000004,0.108779,6.20225,1.46805,0.099159,7.95263,1,1,1,33560584
tiledb,rank,65536,0,warm,window_4096,65536,,,128,9,21.667753986548632,0,0,0,0.128619246,262144,16384,,0.0625,,16.0,,,,,,4,4,144179712,6798983168,0.182117,0.085598,0.03656,0.00926,0.00843,18.727478,0.030399,0.0,0.0,0.066289,0.00755,13.024214,0.0,0.092259,0.067129,2.275566,0.0279,131072,8192,2,1,65536,4194304,4194304,0.120059,0.058839999999999996,0.16894699999999999,10.306,2.26018,0.14130800000000002,12.9918,2,2,2,67121168
tiledb,rank,65536,0,warm,window_65536,1024,,,128,0,38.70806796476245,0,0,0,0.243339829,4096,4062,,0.99169921875,,1.0083702609551946,,,,,,4010,8,3229696,6799593472,0.150067,0.03496,0.042269,0.01029,0.00791,24.427582,0.00636,0.0,0.0,0.134648,0.160868,17.96641,0.0,0.04546,0.033839,13.680714,0.01572,1024,1013,1000,1,8104,518656,518656,0.758438,0.457183,1.06307,14.006599999999999,2.58353,0.075169,17.894000000000002,1000,2,1,67121168
tiledb,rank,65536,0,warm,window_65536,1024,,,128,1,38.166036014445126,0,0,0,0.225626538,4096,4056,,0.990234375,,1.009861932938856,,,,,,3995,8,3227136,6800019456,0.234576,0.034369,0.03794,0.00964,0.007089,37.566806,0.00933,0.0,0.0,0.104259,0.248286,28.052948,0.0,0.03684,0.02879,0.04754,0.012049,2048,2030,2005,1,16240,1039360,1039360,1.03965,0.650912,1.52147,20.0331,6.07096,0.123958,27.9666,2005,4,2,134242336
tiledb,rank,65536,0,warm,window_65536,1024,,,128,2,51.614764030091465,0,0,0,0.300626672,4096,4066,,0.99267578125,,1.0073782587309394,,,,,,4000,8,4314624,6800412672,0.148127,0.091499,0.037009,0.00964,0.00743,50.906644,0.01333,0.0,0.0,0.132837,0.354845,36.521901,0.0,0.066139,0.04032,0.072319,0.01455,3072,3050,2996,1,24400,1561600,1561600,1.21173,0.716836,1.91897,25.163700000000002,8.931690000000001,0.150548,36.408500000000004,2996,6,3,201363504
tiledb,rank,65536,0,warm,window_65536,1024,,,128,3,37.470176990609616,0,0,0,0.237040664,4096,4061,,0.991455078125,,1.0086185668554544,,,,,,4014,8,3227136,6800453632,0.107578,0.034189,0.03987,0.009529,0.00723,36.854926,0.01098,0.0,0.0,0.115618,0.241237,26.240555,0.0,0.048769,0.03636,0.082309,0.01406,2048,2030,2004,1,16240,1039360,1039360,1.04823,0.66006,1.56219,19.0972,5.15214,0.110309,26.1551,2004,4,2,134242336
tiledb,rank,65536,0,warm,window_65536,1024,,,128,4,40.09081702679396,0,0,0,0.224343305,4096,4063,,0.991943359375,,1.008122077282796,,,,,,3989,8,3230720,6799982592,0.189427,0.034329,0.04066,0.0091,0.007,39.370417,0.010349,0.0,0.0,0.112999,0.239906,27.739923,0.0,0.06341,0.04814,0.081849,0.01515,2048,2037,2001,1,16296,1042944,1042944,0.958255,0.601291,1.5314599999999998,20.7696,5.00265,0.107468,27.648699999999998,2001,4,2,134242336
tiledb,rank,65536,0,warm,window_65536,1024,,,128,5,39.353598025627434,0,0,0,0.24841107499999998,4096,4066,,0.99267578125,,1.0073782587309394,,,,,,3991,8,3228160,6799974400,0.427484,0.033989,0.037829,0.00857,0.00681,38.525121,0.00323,0.0,0.0,0.08996799999999999,0.238357,27.724613,0.0,0.041929,0.03363,0.076579,0.01296,2048,2032,1997,1,16256,1040384,1040384,1.07324,0.654331,1.56777,19.942600000000002,5.711530000000001,0.134848,27.5687,1997,4,2,134242336
tiledb,rank,65536,0,warm,window_65536,1024,,,128,6,38.469952007289976,0,0,0,0.23544079,4096,4064,,0.9921875,,1.0078740157480315,,,,,,3991,8,3228672,6799572992,0.128239,0.0,0.0,0.00843,0.0,0.00073,0.0,0.0,0.0,0.0,0.0,0.0,0.0,0.0,0.0,38.132867,0.01637,0,0,0,0,0,0,0,0.0,0.0,0.0,0.0,0.0,0.0,0.0,0,0,0,0
tiledb,rank,65536,0,warm,window_65536,1024,,,128,7,34.48653197847307,0,0,0,0.230020641,4096,4069,,0.993408203125,,1.0066355369869746,,,,,,4004,8,3230720,6799568896,0.232017,0.03458,0.038299,0.00854,0.00708,33.671524,0.00342,0.0,0.0,0.082068,0.239867,23.132892,0.0,0.063819,0.048329,0.102698,0.01604,2048,2037,2002,1,16296,1042944,1042944,0.938176,0.606552,1.43307,14.208,6.91548,0.158938,22.9448,2002,4,2,134242336
tiledb,rank,65536,0,warm,window_65536,1024,,,128,8,40.62925901962444,0,0,0,0.23821281700000002,4096,4062,,0.99169921875,,1.0083702609551946,,,,,,3989,8,3227136,6799556608,0.209327,0.03404,0.035749,0.00855,0.007,39.963039,0.01315,0.0,0.0,0.09769800000000001,0.232177,28.636439,0.0,0.04788,0.036989,0.061009,0.013899,2048,2030,1992,1,16240,1039360,1039360,0.938995,0.58491,1.416,20.9154,5.915089999999999,0.104309,28.552500000000002,1992,4,2,134242336
tiledb,rank,65536,0,warm,window_65536,1024,,,128,9,46.530131017789245,0,0,0,0.309037238,4096,4073,,0.994384765625,,1.005646943285048,,,,,,4003,8,4316672,6800400384,0.217686,0.099748,0.03486,0.00956,0.00759,45.688113,0.00414,0.0,0.0,0.134829,0.355894,30.562801,0.0,0.061179,0.040969,0.096018,0.01496,3072,3054,3000,1,24432,1563648,1563648,1.32161,0.809828,2.11545,19.152800000000003,8.67579,0.19219699999999998,30.4334,3000,6,4,201363504
tiledb,rank,65536,0,warm,window_65536,8192,,,128,0,51.137241011019796,0,0,0,0.293979561,32768,30805,,0.940093994140625,,1.06372342152248,,,,,,27252,8,25381376,6820126720,0.209857,0.092879,0.035699,0.01313,0.00938,49.933769,0.01321,0.0,0.0,0.414463,1.732434,34.262285,0.0,0.181997,0.04995,0.238326,0.01821,16384,15396,13636,1,123168,7882752,7882752,2.96262,1.81762,6.1074399999999995,21.4696,5.282430000000001,0.517883,33.8248,13636,4,2,134242336
tiledb,rank,65536,0,warm,window_65536,8192,,,128,1,50.216865027323365,0,0,0,0.32276455000000004,32768,30786,,0.93951416015625,,1.0643799129474436,,,,,,27198,8,25379328,6811234304,0.206407,0.094349,0.036109,0.00928,0.00934,49.006293,0.01735,0.0,0.0,0.318356,1.491527,34.906125,0.0,0.168328,0.041989,0.354964,0.01752,16384,15392,13582,1,123136,7880704,7880704,3.48521,2.19273,6.795050000000001,19.8272,6.08199,0.69628,33.9148,13582,4,2,134242336
tiledb,rank,65536,0,warm,window_65536,8192,,,128,2,69.39828599570319,0,0,0,0.403019479,32768,30757,,0.938629150390625,,1.06538348993725,,,,,,27096,8,33838592,6814908416,0.218246,0.093319,0.036139,0.00947,0.00869,27.357128,0.00819,0.0,0.0,0.20330600000000001,0.741089,20.218156,0.0,0.092059,0.036,41.25315,0.01656,8192,7675,6759,1,61400,3929600,3929600,2.09672,1.3704100000000001,3.70111,12.0791,3.2797199999999997,0.581462,20.0045,6759,2,1,67121168
tiledb,rank,65536,0,warm,window_65536,8192,,,128,3,72.8638349683024,0,0,0,0.466715509,32768,30775,,0.939178466796875,,1.0647603574329814,,,,,,27218,8,33846784,6821564416,0.371115,0.077178,0.03704,0.0091,0.01046,71.344057,0.025119,0.0,0.0,0.62122,2.503552,49.344879,0.0,0.251746,0.051119,0.454193,0.015409,24576,23098,20430,1,184784,11826176,11826176,4.75272,2.86348,10.1493,25.924300000000002,10.9287,0.745339,48.6971,20430,6,3,201363504
tiledb,rank,65536,0,warm,window_65536,8192,,,128,4,52.92121501406655,0,0,0,0.359782642,32768,30823,,0.940643310546875,,1.0631022288550758,,,,,,27323,8,25392640,6821048320,0.233147,0.093339,0.03441,0.009859,0.0072,45.404668,0.02732,0.0,0.0,0.447333,1.523138,28.880546,0.0,0.184757,0.050469,6.557262,0.0174,16384,15405,13663,1,123240,7887360,7887360,3.29945,2.12671,6.19085,14.8872,6.33015,0.559932,28.4834,13663,4,2,134242336
tiledb,rank,65536,0,warm,window_65536,8192,,,128,5,71.02548202965409,0,0,0,0.455162583,32768,30803,,0.940032958984375,,1.0637924877447003,,,,,,27123,8,33853440,6824583168,0.194307,0.077398,0.0355,0.01124,0.00907,69.599243,0.079748,0.0,0.0,0.620551,2.306225,49.105652,0.0,0.252516,0.052169,0.440563,0.01738,24576,23111,20368,1,184888,11832832,11832832,4.39709,2.6519999999999997,9.05145,27.3217,10.7713,0.767478,48.525800000000004,20368,6,3,201363504
tiledb,rank,65536,0,warm,window_65536,8192,,,128,6,69.61225299164653,0,0,0,0.40453272,32768,30827,,0.940765380859375,,1.0629642845557465,,,,,,27278,8,33853440,6818160640,0.254356,0.092068,0.03536,0.00938,0.007779,27.97527,0.03593,0.0,0.0,0.231676,0.784528,20.363324,0.0,0.107758,0.041819,40.801396,0.01896,8192,7716,6798,1,61728,3950592,3950592,1.7978200000000002,0.989967,3.14309,13.6995,2.44389,0.509233,20.1514,6798,2,1,67121168
tiledb,rank,65536,0,warm,window_65536,8192,,,128,7,42.66166902380064,0,0,0,0.30138366,32768,30720,,0.9375,,1.0666666666666667,,,,,,27171,8,25381888,6817861632,0.402594,0.092959,0.036319,0.00916,0.00928,41.21254,0.01528,0.0,0.0,0.363195,1.565456,27.427867,0.0,0.183448,0.048889,0.380635,0.017179,16384,15397,13609,1,123176,7883264,7883264,2.93029,1.91699,5.67691,14.367899999999999,5.73384,0.6236609999999999,26.994500000000002,13609,4,2,134242336
tiledb,rank,65536,0,warm,window_65536,8192,,,128,8,49.628284003119916,0,0,0,0.347074367,32768,30797,,0.939849853515625,,1.0639997402344383,,,,,,27099,8,25385472,6811303936,0.199247,0.093428,0.03655,0.00933,0.009039,48.411342,0.01466,0.0,0.0,0.32547499999999996,1.514347,34.59329,0.0,0.178538,0.047669,0.316126,0.016709,16384,15404,13582,1,123232,7886848,7886848,3.3608800000000003,2.3055,7.037319999999999,19.7614,5.75277,0.587842,33.6081,13582,4,2,134242336
tiledb,rank,65536,0,warm,window_65536,8192,,,128,9,49.52754499390721,0,0,0,0.324848465,32768,30842,,0.94122314453125,,1.0624473121068672,,,,,,27185,8,25407488,6811287552,0.193627,0.092698,0.03546,0.01544,0.00898,48.263014,0.014739,0.0,0.0,0.317225,1.511468,33.753732,0.0,0.176107,0.0459,0.371754,0.01744,16384,15447,13599,1,123576,7908864,7908864,2.92205,1.8711000000000002,6.0439300000000005,19.8095,5.72636,0.67621,32.7368,13599,4,2,134242336
tiledb,rank,65536,0,warm,window_65536,65536,,,128,0,69.22463898081332,0,0,0,0.500460288,262144,165856,,0.6326904296875,,1.580551803974532,,,,,,61164,8,182471680,6849314816,0.354654,0.092059,0.036669,0.00997,0.01927,65.210609,0.264686,0.0,0.0,0.840898,3.540247,43.012533,0.0,0.791778,0.089759,2.339915,0.02994,131072,82875,30552,1,663000,42432000,42432000,6.51266,4.369409999999999,13.2977,19.356499999999997,6.91749,1.66144,42.077000000000005,30552,4,2,134242336
tiledb,rank,65536,0,warm,window_65536,65536,,,128,1,62.00985796749592,0,0,0,0.408350219,262144,165959,,0.6330833435058594,,1.579570857862484,,,,,,60814,8,182480384,6835019776,0.255326,0.093179,0.038199,0.01034,0.01924,57.986678,0.066609,0.0,0.0,0.65833,3.540857,37.289429,0.0,0.789328,0.093438,2.385324,0.029829,131072,82998,30457,1,663984,42494976,42494976,5.16737,3.48577,11.5531,15.4753,5.92263,2.54202,36.3535,30457,4,2,134242336
tiledb,rank,65536,0,warm,window_65536,65536,,,128,2,65.74243103386834,0,0,0,0.42133021200000004,262144,165848,,0.632659912109375,,1.580628044956828,,,,,,60850,8,182387712,6834409472,0.224477,0.091588,0.03789,0.01036,0.019369,61.735712,0.067159,0.0,0.0,0.64777,3.482727,42.461952,0.0,0.785828,0.089589,2.366985,0.032199,131072,82817,30510,1,662536,42402304,42402304,5.87705,4.189349999999999,13.0059,19.785,4.98411,1.66135,40.3168,30510,4,2,134242336
tiledb,rank,65536,0,warm,window_65536,65536,,,128,3,42.26182401180267,0,0,0,0.34270719,262144,166012,,0.6332855224609375,,1.5790665735007108,,,,,,60943,8,125132800,6824644608,0.223767,0.084228,0.03573,0.0116,0.01316,39.23263,0.03547,0.0,0.0,0.473333,1.723354,25.712514,0.0,0.418133,0.068099,1.809162,0.02962,65536,41458,15281,1,331664,21226496,21226496,3.18988,2.02025,6.06514,13.0357,3.2445,2.30747,25.275,15281,2,1,67121168
tiledb,rank,65536,0,warm,window_65536,65536,,,128,4,64.97888296144083,0,0,0,0.43889447,262144,165653,,0.6319160461425781,,1.5824886962505962,,,,,,61016,8,182405120,6834978816,0.223507,0.090149,0.037289,0.01193,0.01954,60.969703,0.065859,0.0,0.0,0.891797,3.395429,44.137406,0.0,0.790958,0.090159,2.371025,0.030369,131072,82851,30470,1,662808,42419712,42419712,7.51023,5.31785,14.7463,20.2218,5.10762,2.14006,43.151799999999994,30470,4,2,134242336
tiledb,rank,65536,0,warm,window_65536,65536,,,128,5,66.8454350088723,0,0,0,0.42746280799999997,262144,165510,,0.6313705444335938,,1.5838559603649327,,,,,,61220,8,182405632,6834597888,0.224346,0.091109,0.038709,0.01034,0.01878,62.882054,0.067969,0.0,0.0,0.66293,3.552247,46.633499,0.0,0.787698,0.089759,2.336275,0.03105,131072,82852,30543,1,662816,42420224,42420224,6.07179,4.5763,12.4031,24.6597,4.90878,2.5357399999999997,45.263,30543,4,2,134242336
tiledb,rank,65536,0,warm,window_65536,65536,,,128,6,55.76239200308919,0,0,0,0.394733722,262144,165794,,0.6324539184570312,,1.581142864036093,,,,,,61155,8,182440448,6834618368,0.361454,0.087569,0.041239,0.00954,0.01765,51.749931,0.064689,0.0,0.0,1.527927,3.403639,35.741892,0.0,0.788918,0.090309,2.296796,0.02951,131072,82920,30640,1,663360,42455040,42455040,5.5999099999999995,3.45942,12.324399999999999,13.405999999999999,5.87685,2.3079300000000003,34.8246,30640,4,2,134242336
tiledb,rank,65536,0,warm,window_65536,65536,,,128,7,65.88592001935467,0,0,0,0.459781059,262144,165392,,0.63092041015625,,1.5849859727193576,,,,,,60775,8,182423552,6853218304,0.218477,0.090638,0.04308,0.011459,0.01945,59.024623,0.066369,0.0,0.0,0.868737,4.508262,41.513395,0.0,0.785678,0.091468,5.229621,0.0305,131072,82505,30426,1,660040,42242560,42242560,5.80808,3.62127,12.6237,20.0608,4.90752,2.2382600000000004,40.5792,30426,4,2,134242336
tiledb,rank,65536,0,warm,window_65536,65536,,,128,8,64.67039801646024,0,0,0,0.40008854800000004,262144,165709,,0.6321296691894531,,1.5819539071504867,,,,,,60901,8,182407680,6843670528,0.225056,0.082419,0.037129,0.00969,0.01277,33.576805,0.033099,0.0,0.0,0.471682,1.765904,22.838017,0.0,0.417734,0.058729,29.882291,0.030329,65536,41383,15227,1,331064,21188096,21188096,3.4054900000000004,2.18923,6.37971,10.128699999999998,2.42942,2.80693,22.3848,15227,2,2,67121168
tiledb,rank,65536,0,warm,window_65536,65536,,,128,9,90.97541199298576,0,0,0,0.571713508,262144,165707,,0.6321220397949219,,1.5819730005370927,,,,,,61063,8,239806976,6853779456,0.225206,0.095379,0.038089,0.01069,0.025029,86.030917,0.309766,0.0,0.0,1.3865889999999998,6.339855,58.416691,0.0,1.162302,0.138338,2.876306,0.03168,196608,124308,45789,1,994464,63645696,63645696,9.74565,5.93863,19.4637,24.9029,9.393139999999999,2.2342400000000002,56.9879,45789,6,3,201363504
tiledb,node,256,0,cold,random,1024,,,128,0,1323.5021299915388,7191769088,7191769088,7191769088,2.799015581,4096,4095,,0.999755859375,,1.0002442002442002,,,,,,4095,4062,2167808,6794821632,0.252026,0.034229,0.04259,0.012759,0.00664,1322.396326,0.00742,0.0,0.0,0.107528,0.137598,1231.01183,0.0,0.056089,0.121248,0.195047,0.015929,1042,1042,1041,1,8336,533504,533504,1.11976,0.466285,1.51027,1220.5,5.95546,0.152568,1230.95,1041,1010,95,1766626400
tiledb,node,256,0,cold,random,1024,,,128,1,1327.0036960020661,7228514304,7228514304,7228514304,2.751384748,4096,4096,,1.0,,1.0,,,,,,4096,4057,2163712,6795055104,0.354625,0.0333,0.041189,0.00999,0.00733,1322.566603,0.00697,0.0,0.0,0.112968,0.125568,1232.31568,0.0,0.066549,0.043199,3.501877,0.01592,1018,1018,1018,1,8144,521216,521216,1.08569,0.482371,1.4768,1221.67,6.0172799999999995,0.164158,1232.26,1018,977,96,1777245824
tiledb,node,256,0,cold,random,1024,,,128,2,1339.7654949803837,7249047552,7249047552,7249047552,2.8367635719999997,4096,4095,,0.999755859375,,1.0002442002442002,,,,,,4095,4068,2189312,6795096064,0.320585,0.034189,0.041829,0.0099,0.00709,1333.639497,0.00232,0.0,0.0,0.104938,0.135948,1243.01725,0.0,0.059049,0.044129,5.249311,0.015649,1036,1035,1035,1,8280,529920,529920,1.15189,0.444792,1.53267,1231.75,6.59232,0.196717,1242.96,1035,997,96,1782621088
tiledb,node,256,0,cold,random,1024,,,128,3,1317.138814018108,7127629824,7127629824,7127629824,2.734270001,4096,4096,,1.0,,1.0,,,,,,4096,4067,2155520,6795223040,0.337025,0.03402,0.043229,0.00997,0.00629,1313.819494,0.00249,0.0,0.0,0.101799,0.140537,1224.004245,0.0,0.0605,0.0491,2.410424,0.015119,1028,1028,1028,1,8224,526336,526336,1.14859,0.468572,1.55134,1211.97,6.97938,0.17041699999999999,1223.94,1028,997,94,1731228320
tiledb,node,256,0,cold,random,1024,,,128,4,1310.5102640111,7118905344,7118905344,7118905344,2.797939907,4096,4096,,1.0,,1.0,,,,,,4096,4060,2169856,6795272192,0.339065,0.03393,0.040769,0.01004,0.00726,1306.78682,0.00719,0.0,0.0,0.10241800000000001,0.117349,1217.467084,0.0,0.059659,0.04579,2.826067,0.0151,1005,1005,1005,1,8040,514560,514560,0.953086,0.364664,1.32293,1205.6299999999999,7.10537,0.164637,1217.4,1005,967,93,1740405600
tiledb,node,256,0,cold,random,1024,,,128,5,1319.7874639881775,7199719424,7199719424,7199719424,2.821329596,4096,4096,,1.0,,1.0,,,,,,4096,4071,2180096,6795382784,0.319256,0.0332,0.040039,0.01101,0.0075,1317.122285,0.01409,0.0,0.0,0.107929,0.145307,1226.191362,0.0,0.059609,0.117638,1.697834,0.01696,1045,1045,1045,1,8360,535040,535040,1.4635399999999998,0.652481,1.90231,1213.8,6.89381,0.222907,1226.1299999999999,1045,1012,94,1748402944
tiledb,node,256,0,cold,random,1024,,,128,6,1318.2675679563545,7182450688,7182450688,7182450688,2.818385462,4096,4096,,1.0,,1.0,,,,,,4096,4062,2180608,6795423744,0.408424,0.032939,0.04271,0.014079,0.00522,1314.389756,0.02399,0.0,0.0,0.156767,0.164378,1226.687035,0.0,0.068599,0.04521,2.834767,0.01388,1008,1008,1008,1,8064,516096,516096,1.4043599999999998,0.559011,1.8758,1213.3799999999999,7.24284,0.202907,1226.6,1008,981,95,1768199648
tiledb,node,256,0,cold,random,1024,,,128,7,1308.351637038868,7123214336,7123214336,7123214336,2.7532916849999998,4096,4096,,1.0,,1.0,,,,,,4095,4065,2173952,6795550720,0.326765,0.035399,0.049929,0.00986,0.00716,1300.573744,0.00836,0.0,0.0,0.10167799999999999,0.133278,1209.600862,0.0,0.060679,0.045339,6.891056,0.01619,1015,1015,1014,1,8120,519680,519680,1.1142400000000001,0.49638299999999996,1.49988,1199.16,5.54247,0.17584799999999998,1209.54,1014,990,95,1722051040
tiledb,node,256,0,cold,random,1024,,,128,8,1332.72309001768,7231053824,7231053824,7231053824,2.786102134,4096,4096,,1.0,,1.0,,,,,,4096,4066,2195456,6795632640,0.342835,0.033659,0.03964,0.01065,0.00707,1329.611857,0.006959,0.0,0.0,0.100799,0.144958,1239.018799,0.0,0.063459,0.047299,2.216957,0.01594,1069,1069,1069,1,8552,547328,547328,1.39201,0.5922590000000001,1.81676,1226.84,6.59796,0.181528,1238.96,1069,1032,97,1782489984
tiledb,node,256,0,cold,random,1024,,,128,9,1331.9812610279769,7232151552,7232151552,7232151552,2.783124408,4096,4096,,1.0,,1.0,,,,,,4096,4064,2198528,6795866112,0.317676,0.03229,0.040239,0.00993,0.0063,1331.016736,0.00722,0.0,0.0,0.10183800000000001,0.135548,1243.466873,0.0,0.059319,0.04678,0.085899,0.016569,1036,1036,1036,1,8288,530432,530432,1.33896,0.568838,1.76348,1229.03,6.19772,0.180898,1243.4099999999999,1036,1000,95,1812119488
tiledb,node,256,0,cold,random,8192,,,128,0,1554.898398986552,8460746752,8460746752,8460746752,4.929065992,32768,32755,,0.999603271484375,,1.0003968859716075,,,,,,32736,30786,17230336,6834597888,0.340945,0.094058,0.03678,0.013149,0.0082,1553.661508,0.03653,0.0,0.0,0.24776700000000002,0.929316,1471.285937,0.0,0.124329,0.051139,0.172128,0.017679,8252,8243,8223,1,65944,4220416,4220416,3.58322,1.0476999999999999,5.64371,1376.49,34.7682,0.8429279999999999,1471.02,8223,6472,98,2078129504
tiledb,node,256,0,cold,random,8192,,,128,1,1584.8683289950714,8446230528,8446230528,8446230528,4.960346529,32768,32756,,0.9996337890625,,1.0003663450970814,,,,,,32741,30768,17276928,6837764096,0.453683,0.094849,0.035689,0.00981,0.00899,1583.555319,0.032349,0.0,0.0,0.236467,0.847877,1492.314871,0.0,0.124188,0.048899,0.178808,0.017889,8192,8183,8169,1,65464,4189696,4189696,2.97874,1.0555899999999998,4.83149,1395.89,37.3766,0.839217,1492.0500000000002,8169,6470,96,2079440544
tiledb,node,256,0,cold,random,8192,,,128,2,1601.0468850145116,8462651392,8462651392,8462651392,5.084407037,32768,32755,,0.999603271484375,,1.0003968859716075,,,,,,32742,30831,17297408,6832443392,0.394094,0.094489,0.035629,0.00971,0.00843,1599.052106,0.00825,0.0,0.0,0.23764600000000002,0.895167,1503.736679,0.0,0.125618,0.051099,0.907646,0.01812,8198,8184,8165,1,65472,4190208,4190208,2.7289499999999998,1.02535,4.645510000000001,1404.24,39.9141,1.22746,1503.5400000000002,8165,6493,96,2075245216
tiledb,node,256,0,cold,random,8192,,,128,3,1588.9988570124842,8447778816,8447778816,8447778816,4.995086113,32768,32764,,0.9998779296875,,1.0001220852154804,,,,,,32746,30786,17279488,6833815552,0.379784,0.098268,0.03848,0.010429,0.00914,1587.753006,0.02943,0.0,0.0,0.242666,0.900506,1495.504203,0.0,0.126058,0.048459,0.178567,0.01791,8166,8159,8147,1,65272,4177408,4177408,2.72264,1.0638500000000002,4.56986,1397.78,37.6475,1.06729,1495.3000000000002,8147,6431,97,2072098720
tiledb,node,256,0,cold,random,8192,,,128,4,1574.440026015509,8452182016,8452182016,8452182016,5.070183189,32768,32757,,0.999664306640625,,1.0003358060872485,,,,,,32746,30766,17221120,6840107008,0.421573,0.090999,0.035519,0.00981,0.00612,1573.093666,0.03083,0.0,0.0,0.23342600000000002,0.921327,1486.021155,0.0,0.126358,0.122238,0.179637,0.01775,8243,8234,8225,1,65872,4215808,4215808,3.60228,1.09486,5.79376,1388.11,37.0088,0.905226,1485.83,8225,6474,97,2074720800
tiledb,node,256,0,cold,random,8192,,,128,5,1595.851443009451,8450895872,8450895872,8450895872,5.399759755,32768,32755,,0.999603271484375,,1.0003968859716075,,,,,,32745,30774,17242624,6835187712,0.483943,0.093798,0.03531,0.01032,0.00792,1581.497299,0.030899,0.0,0.0,0.246716,0.936596,1499.149828,0.0,0.123138,0.04901,13.198131,0.01822,8214,8206,8197,1,65648,4201472,4201472,4.86803,1.94638,7.54728,1385.78,35.2778,0.955726,1498.95,8197,6453,96,2071967616
tiledb,node,256,0,cold,random,8192,,,128,6,1616.3525260053575,8450392064,8450392064,8450392064,5.140865671,32768,32761,,0.999786376953125,,1.0002136686914318,,,,,,32749,30784,17295872,6833831936,0.921526,0.091778,0.03681,0.009499,0.00823,1614.582963,0.03474,0.0,0.0,0.235806,0.925156,1526.381759,0.0,0.124218,0.050339,0.173218,0.018069,8209,8201,8184,1,65608,4198912,4198912,3.5108,1.3916899999999999,5.9072,1422.27,40.4203,0.8642059999999999,1526.1899999999998,8184,6454,96,2074458592
tiledb,node,256,0,cold,random,8192,,,128,7,1614.799648988992,8458686464,8458686464,8458686464,5.186343099,32768,32759,,0.999725341796875,,1.0002747336609787,,,,,,32739,30755,17252864,6840569856,0.433804,0.093258,0.03624,0.009529,0.00921,1613.504509,0.03207,0.0,0.0,0.24726599999999999,0.887517,1528.330149,0.0,0.125078,0.050489,0.178858,0.01722,8126,8114,8100,1,64912,4154368,4154368,2.8031900000000003,1.16603,4.6578,1401.51,42.3952,0.864986,1528.1299999999999,8100,6373,97,2079309440
tiledb,node,256,0,cold,random,8192,,,128,8,1627.386900014244,8458874880,8458874880,8458874880,5.2845531050000005,32768,32760,,0.999755859375,,1.0002442002442002,,,,,,32742,30702,17263616,6835417088,0.417754,0.092728,0.0346,0.009649,0.00699,1605.202424,0.03171,0.0,0.0,0.238407,0.935545,1504.926291,0.0,0.126588,0.122668,21.011954,0.01899,8176,8166,8150,1,65328,4180992,4180992,3.3146400000000003,1.73984,5.903989999999999,1424.8,34.8082,1.3333799999999998,1504.7299999999998,8150,6429,99,2078522816
tiledb,node,256,0,cold,random,8192,,,128,9,1627.3928599548526,8465817600,8465817600,8465817600,5.291974535,32768,32763,,0.999847412109375,,1.0001526111772425,,,,,,32736,30890,17277440,6837616640,0.431114,0.093069,0.038079,0.01011,0.00867,1626.097019,0.03165,0.0,0.0,0.24043599999999998,0.833838,1540.29267,0.0,0.122188,0.05342,0.180927,0.01543,8101,8095,8080,1,64760,4144640,4144640,2.95849,1.0636599999999998,4.82812,1405.43,43.331799999999994,0.789207,1540.03,8080,6418,99,2081144896
tiledb,node,256,0,cold,random,65536,,,128,0,2144.0572009887546,8591900672,8591900672,8591900672,29.953442733,262144,261627,,0.9980278015136719,,1.0019760957393542,,,,,,260583,165439,137551872,7070322688,0.380335,0.083939,0.040019,0.01358,0.01725,1828.422947,0.054329,0.0,0.0,1.3252689999999998,7.076344,1769.135409,0.0,0.637881,0.147157,313.86499,0.041739,65566,65039,64061,1,520312,33299968,33299968,17.909100000000002,8.90644,34.2298,1042.92,276.914,3.29133,1767.9199999999998,64061,16083,25,2147614624
tiledb,node,256,0,cold,random,65536,,,128,1,2060.9958799905144,8592031744,8592031744,8592031744,29.311769765999998,262144,261609,,0.9979591369628906,,1.0020450366768727,,,,,,260581,165709,137506304,7070752768,0.411534,0.085688,0.03664,0.01165,0.016849,1776.527488,0.05289,0.0,0.0,1.2505810000000002,6.726379,1708.690368,0.0,0.634191,0.144667,282.705389,0.040469,64997,64493,63493,1,515944,33020416,33020416,19.2533,9.21724,35.4138,993.054,200.514,6.69329,1707.48,63493,16087,25,2147876832
tiledb,node,256,0,cold,random,65536,,,128,2,2182.0961390039884,8591900672,8591900672,8591900672,30.428597795,262144,261642,,0.9980850219726562,,1.0019186522041568,,,,,,260678,165881,137528832,7070875648,0.431744,0.083889,0.03956,0.011019,0.01617,1925.495777,0.053059,0.0,0.0,1.264571,6.865386,1853.651898,0.0,0.629741,0.071099,254.920517,0.031589,65278,64815,63820,1,518520,33185280,33185280,18.7855,9.36259,34.3061,1112.97,138.56,10.8901,1852.44,63820,16063,25,2148007936
tiledb,node,256,0,cold,random,65536,,,128,3,2051.695751026273,8592031744,8592031744,8592031744,29.345949167,262144,261637,,0.9980659484863281,,1.0019377993173748,,,,,,260688,165768,137579520,7070388224,0.410504,0.086959,0.03842,0.011999,0.01725,2049.174299,0.053429,0.0,0.0,1.2733700000000001,6.932006,1980.451002,0.0,0.63745,0.072289,0.871267,0.0297,65922,65436,64446,1,523488,33503232,33503232,19.0259,8.81996,35.24,1216.97,127.62100000000001,7.95877,1979.2099999999998,64446,16098,25,2147876832
tiledb,node,256,0,cold,random,65536,,,128,4,2160.6736709945835,8591900672,8591900672,8591900672,30.155253964,262144,261619,,0.9979972839355469,,1.0020067349848443,,,,,,260580,165843,137348608,7070154752,0.356875,0.086498,0.03846,0.010649,0.01652,1825.55923,0.053429,0.0,0.0,1.286991,6.731708,1756.764375,0.0,0.633661,0.141617,333.406956,0.04323,65451,64937,63984,1,519496,33247744,33247744,20.4622,9.7429,35.5135,1019.3000000000001,44.186299999999996,75.4648,1755.48,63984,16064,25,2148007936
tiledb,node,256,0,cold,random,65536,,,128,5,2285.025050980039,8592031744,8592031744,8592031744,31.087958196000002,262144,261647,,0.9981040954589844,,1.0018995058227307,,,,,,260634,165636,137368064,7071330304,0.409874,0.084828,0.0382,0.01151,0.016509,2282.49984,0.05269,0.0,0.0,1.268231,6.901016,2193.627856,0.0,0.63152,0.068669,0.869027,0.0299,65438,64926,63897,1,519408,33242112,33242112,20.2794,10.7449,36.6435,1416.6000000000001,240.293,6.4065199999999995,2192.4100000000003,63897,16110,25,2148007936
tiledb,node,256,0,cold,random,65536,,,128,6,2228.818506002426,8591900672,8591900672,8591900672,30.678165579,262144,261607,,0.9979515075683594,,1.0020526973666606,,,,,,260609,165752,137446912,7071285248,0.417164,0.089988,0.03719,0.01281,0.017239,2226.260475,0.221537,0.0,0.0,1.2772290000000002,6.840208,2150.594243,0.0,0.636381,0.072329,0.878447,0.030769,65683,65157,64138,1,521256,33360384,33360384,18.9373,8.699250000000001,34.181599999999996,1377.56,309.05,3.74791,2149.33,64138,16094,25,2148007936
tiledb,node,256,0,cold,random,65536,,,128,7,2332.9405509866774,8591900672,8591900672,8591900672,31.420738737,262144,261597,,0.9979133605957031,,1.0020910025726595,,,,,,260572,165807,137393664,7071498240,0.67861,0.084979,0.041669,0.01474,0.017689,2322.977841,0.172758,0.0,0.0,1.36134,7.683434,2232.930875,0.0,0.6349,0.147428,7.895572,0.030569,65705,65148,64106,1,521184,33355776,33355776,21.0672,9.62796,37.532000000000004,1458.63,318.03900000000004,2.86811,2231.68,64106,16076,25,2147876832
tiledb,node,256,0,cold,random,65536,,,128,8,2250.9003750164993,8592031744,8592031744,8592031744,30.735267432,262144,261629,,0.9980354309082031,,1.0019684362207553,,,,,,260622,165795,137432064,7071916032,0.427703,0.085709,0.034789,0.01089,0.01462,2248.364372,0.061089,0.0,0.0,1.233802,6.813658,2160.763399,0.0,0.629641,0.060489,0.879137,0.03094,65186,64693,63737,1,517544,33122816,33122816,18.0899,8.11244,32.9904,1374.08,226.236,5.90489,2159.56,63737,16074,25,2147876832
tiledb,node,256,0,cold,random,65536,,,128,9,2146.9879769720137,8591900672,8591900672,8591900672,29.983268127,262144,261633,,0.9980506896972656,,1.0019531175348675,,,,,,260582,166024,137373696,7072063488,0.271156,0.084829,0.04246,0.014719,0.01719,2138.716321,0.054689,0.0,0.0,2.310934,6.764709,2069.587171,0.0,0.638621,0.070989,6.473072,0.02991,65796,65270,64292,1,522160,33418240,33418240,19.8674,9.13051,34.8136,1277.42,296.59999999999997,3.39881,2068.34,64292,16125,25,2147745728
tiledb,node,256,0,cold,window_256,1024,,,128,0,3.01426398800686,3002368,3002368,3002368,0.013823023,4096,1002,,0.24462890625,,4.087824351297405,,,,,,25,8,3136000,6785294336,0.386274,0.032419,0.03272,0.00958,0.00631,1.246641,0.00182,0.0,0.0,0.045379,0.00456,0.939386,0.0,0.01577,0.021089,1.142773,0.01153,1024,254,3,1,2032,130048,130048,0.257307,0.10947899999999999,0.303166,0.38077500000000003,0.065639,0.044579999999999995,0.9148970000000001,3,2,1,262208
tiledb,node,256,0,cold,window_256,1024,,,128,1,2.131747954990715,3026944,3026944,3026944,0.010536093,4096,1009,,0.246337890625,,4.059464816650149,,,,,,18,8,2445824,6785183744,0.173437,0.031969,0.03178,0.00861,0.006049,1.409579,0.0013,0.0,0.0,0.03762,0.00366,1.133853,0.0,0.01511,0.02089,0.306135,0.0106,1024,251,5,1,2008,128512,128512,0.292275,0.133846,0.33137500000000003,0.598371,0.052179,0.02623,1.11376,5,2,1,262208
tiledb,node,256,0,cold,window_256,1024,,,128,2,1.8854810041375458,3018752,3018752,3018752,0.009331433,4096,1007,,0.245849609375,,4.067527308838133,,,,,,20,8,1752064,6785077248,0.127308,0.03162,0.031639,0.00817,0.00693,1.253381,0.00112,0.0,0.0,0.02597,0.00239,1.027164,0.0,0.01551,0.01947,0.265636,0.011,1024,252,4,1,2016,129024,129024,0.214956,0.108337,0.25296599999999997,0.5804910000000001,0.057159,0.032008999999999996,1.0102900000000001,4,2,1,262208
tiledb,node,256,0,cold,window_256,1024,,,128,3,1.9494799780659378,2981888,2981888,2981888,0.010369334000000001,4096,1010,,0.24658203125,,4.0554455445544555,,,,,,18,8,2446336,6785081344,0.113458,0.031439,0.0275,0.00806,0.00592,1.046044,0.00142,0.0,0.0,0.027399,0.00342,0.809978,0.0,0.01442,0.020139,0.559272,0.0111,1024,253,4,1,2024,129536,129536,0.189727,0.087539,0.220217,0.41095299999999996,0.0475,0.030329000000000002,0.791218,4,2,1,262208
tiledb,node,256,0,cold,window_256,1024,,,128,4,1.8655220046639442,3010560,3010560,3010560,0.009813593,4096,1007,,0.245849609375,,4.067527308838133,,,,,,20,8,2447872,6785069056,0.104969,0.03139,0.02738,0.008279,0.00611,1.247232,0.00133,0.0,0.0,0.02732,0.00315,1.008925,0.0,0.013749,0.01907,0.288096,0.01075,1024,251,6,1,2008,128512,128512,0.295505,0.125687,0.332065,0.48622299999999996,0.050408999999999995,0.02579,0.9913350000000001,6,2,1,262208
tiledb,node,256,0,cold,window_256,1024,,,128,5,1.9783509778790176,2990080,2990080,2990080,0.010733905,4096,1009,,0.246337890625,,4.059464816650149,,,,,,19,8,2446848,6785064960,0.108509,0.032569,0.02712,0.00804,0.006019,1.38766,0.00158,0.0,0.0,0.02536,0.00378,1.134463,0.0,0.016309,0.02315,0.250326,0.01087,2048,506,8,1,4048,259072,259072,0.34670399999999996,0.177398,0.385514,0.541612,0.06209,0.0269,1.1160700000000001,8,4,2,524416
tiledb,node,256,0,cold,window_256,1024,,,128,6,1.768354035448283,3096576,3096576,3096576,0.008859057,4096,1006,,0.24560546875,,4.071570576540755,,,,,,22,8,2444288,6785028096,0.090479,0.029989,0.02793,0.00804,0.00472,1.207142,0.00128,0.0,0.0,0.025559,0.00264,0.974586,0.0,0.015519,0.0197,0.243056,0.01119,1024,252,5,1,2016,129024,129024,0.30494499999999997,0.136748,0.335365,0.415894,0.065699,0.04057,0.951536,5,2,1,262208
tiledb,node,256,0,cold,window_256,1024,,,128,7,2.716708986554295,2998272,2998272,2998272,0.012858706000000001,4096,1012,,0.2470703125,,4.047430830039525,,,,,,16,8,3142144,6785044480,0.451093,0.0,0.0,0.00776,0.0,0.0002,0.0,0.0,0.0,0.0,0.0,0.0,0.0,0.0,0.0,2.171157,0.01071,0,0,0,0,0,0,0,0.0,0.0,0.0,0.0,0.0,0.0,0.0,0,0,0,0
tiledb,node,256,0,cold,window_256,1024,,,128,8,2.078528981655836,3112960,3112960,3112960,0.009826895,4096,1008,,0.24609375,,4.063492063492063,,,,,,19,8,3139584,6785019904,0.098449,0.031,0.034819,0.00793,0.00697,1.072714,0.00132,0.0,0.0,0.025400000000000002,0.00259,0.841517,0.0,0.01453,0.01905,0.671189,0.01102,1024,253,4,1,2024,129536,129536,0.23525600000000002,0.100857,0.270805,0.380845,0.054779,0.030749,0.824297,4,2,1,262208
tiledb,node,256,0,cold,window_256,1024,,,128,9,1.8459620187059045,2981888,2981888,2981888,0.009865174,4096,1006,,0.24560546875,,4.071570576540755,,,,,,22,8,2444800,6784999424,0.113949,0.03194,0.027479,0.00787,0.00596,1.215322,0.00145,0.0,0.0,0.02576,0.00284,0.989055,0.0,0.01515,0.020359,0.290456,0.01081,1024,252,5,1,2016,129024,129024,0.273405,0.119446,0.310725,0.483443,0.07228799999999999,0.02388,0.971155,5,2,1,262208
tiledb,node,256,0,cold,window_256,8192,,,128,0,1.9894809811376035,2998272,2998272,2998272,0.00892428,32768,1024,,0.03125,,32.0,,,,,,4,8,17912832,6786363392,0.179737,0.087099,0.026019,0.00806,0.00639,0.955506,0.00144,0.0,0.0,0.025249,0.00196,0.72902,0.0,0.016279,0.02511,0.576511,0.01279,8192,256,1,1,2048,131072,131072,0.101529,0.03944,0.131468,0.41204399999999997,0.061889000000000007,0.029859999999999998,0.7121500000000001,1,2,1,262208
tiledb,node,256,0,cold,window_256,8192,,,128,1,3.7418039864860475,5963776,5963776,5963776,0.014626313,32768,1024,,0.03125,,32.0,,,,,,4,8,17912832,6786600960,0.164597,0.086029,0.029029,0.00815,0.0069,1.278861,0.0017,0.0,0.0,0.02482,0.00217,1.011574,0.0,0.01743,0.025089,2.00053,0.01271,16384,512,2,1,4096,262144,262144,0.16234800000000002,0.086709,0.199297,0.591981,0.078389,0.027129999999999998,0.9950849999999999,2,4,2,524416
tiledb,node,256,0,cold,window_256,8192,,,128,2,1.9547099946066737,3063808,3063808,3063808,0.008283194,32768,1024,,0.03125,,32.0,,,,,,4,8,17912832,6786433024,0.165217,0.0,0.0,0.00826,0.0,0.00022,0.0,0.0,0.0,0.0,0.0,0.0,0.0,0.0,0.0,1.682775,0.012229,0,0,0,0,0,0,0,0.0,0.0,0.0,0.0,0.0,0.0,0.0,0,0,0,0
tiledb,node,256,0,cold,window_256,8192,,,128,3,2.0933490013703704,3018752,3018752,3018752,0.00979822,32768,1024,,0.03125,,32.0,,,,,,4,8,17912832,6786560000,0.161858,0.087909,0.02926,0.00809,0.00689,1.31396,0.004129,0.0,0.0,0.025529999999999997,0.00216,1.065574,0.0,0.01712,0.025009,0.321465,0.01238,16384,512,2,1,4096,262144,262144,0.218467,0.135849,0.25579599999999997,0.5569010000000001,0.080919,0.035629,1.04803,2,4,2,524416
tiledb,node,256,0,cold,window_256,8192,,,128,4,1.9504709634929895,2994176,2994176,2994176,0.008867514,32768,1024,,0.03125,,32.0,,,,,,4,8,17912832,6786424832,0.158418,0.086188,0.02658,0.00813,0.00611,1.033974,0.00116,0.0,0.0,0.031719,0.00181,0.806708,0.0,0.01457,0.02429,0.469783,0.01267,8192,256,1,1,2048,131072,131072,0.061038999999999996,0.02405,0.101338,0.513543,0.05134,0.027819,0.7900280000000001,1,2,1,262208
tiledb,node,256,0,cold,window_256,8192,,,128,5,2.063428983092308,2994176,2994176,2994176,0.009080746,32768,1024,,0.03125,,32.0,,,,,,4,8,17912832,6786416640,0.162947,0.085519,0.028669,0.00839,0.00606,1.285041,0.00419,0.0,0.0,0.025429999999999998,0.0022,1.038514,0.0,0.01773,0.025099,0.323075,0.01274,16384,512,2,1,4096,262144,262144,0.195358,0.103878,0.23077699999999998,0.557021,0.092199,0.030648999999999996,1.0206,2,4,2,524416
tiledb,node,256,0,cold,window_256,8192,,,128,6,2.4629029794596136,3031040,3031040,3031040,0.012199457,32768,1024,,0.03125,,32.0,,,,,,4,8,22633472,6786543616,0.158117,0.0,0.0,0.00785,0.0,0.0002,0.0,0.0,0.0,0.0,0.0,0.0,0.0,0.0,0.0,2.191157,0.01258,0,0,0,0,0,0,0,0.0,0.0,0.0,0.0,0.0,0.0,0.0,0,0,0,0
tiledb,node,256,0,cold,window_256,8192,,,128,7,2.583331021014601,3055616,3055616,3055616,0.011697044,32768,1024,,0.03125,,32.0,,,,,,4,8,22633472,6786514944,0.347925,0.073489,0.027,0.00796,0.00699,1.545986,0.00173,0.0,0.0,0.024468999999999998,0.0026,1.273561,0.0,0.01974,0.0263,0.401823,0.01298,24576,768,3,1,6144,393216,393216,0.261326,0.14424800000000002,0.302925,0.66591,0.11628799999999999,0.038349,1.25691,3,6,3,786624
tiledb,node,256,0,cold,window_256,8192,,,128,8,1.9717409741133451,2990080,2990080,2990080,0.00929822,32768,1024,,0.03125,,32.0,,,,,,4,8,17912832,6786383872,0.159678,0.086038,0.02649,0.00827,0.00618,1.230701,0.00404,0.0,0.0,0.025099,0.00239,0.989275,0.0,0.01813,0.02529,0.284565,0.01253,16384,512,2,1,4096,262144,262144,0.166857,0.09224,0.19622699999999998,0.606681,0.07579899999999999,0.01908,0.972786,2,4,2,524416
tiledb,node,256,0,cold,window_256,8192,,,128,9,1.9816200365312397,3022848,3022848,3022848,0.00854223,32768,1024,,0.03125,,32.0,,,,,,4,8,13192192,6786220032,0.184317,0.087098,0.02658,0.0079,0.00706,1.223051,0.0014,0.0,0.0,0.025719,0.00202,1.004015,0.0,0.01457,0.02416,0.291165,0.01272,8192,256,1,1,2048,131072,131072,0.075499,0.02237,0.12806800000000002,0.6819000000000001,0.056079000000000004,0.027739,0.9861550000000001,1,2,1,262208
tiledb,node,256,0,cold,window_256,65536,,,128,0,4.304444999434054,3035136,3035136,3035136,0.018931874,262144,1024,,0.00390625,,256.0,,,,,,4,8,218703872,6788730880,0.204787,0.091518,0.02978,0.00843,0.00642,1.581926,0.00591,0.0,0.0,0.025598999999999997,0.00284,1.270581,0.0,0.02164,0.090928,2.135968,0.03091,262144,1024,4,1,8192,524288,524288,0.230347,0.137047,0.27467600000000003,0.69536,0.10754799999999999,0.02826,1.2537500000000001,4,8,4,1048832
tiledb,node,256,0,cold,window_256,65536,,,128,1,3.4919370082207024,2990080,2990080,2990080,0.014088023000000002,262144,1024,,0.00390625,,256.0,,,,,,4,8,143177728,6789722112,0.180077,0.074309,0.027779,0.00861,0.005,1.104254,0.00157,0.0,0.0,0.02499,0.00184,0.853177,0.0,0.014929,0.03304,1.904051,0.02565,65536,256,1,1,2048,131072,131072,0.07596900000000001,0.038999,0.131068,0.512613,0.054599999999999996,0.026049,0.835537,1,2,1,262208
tiledb,node,256,0,cold,window_256,65536,,,128,2,3.99300002027303,3035136,3035136,3035136,0.014445366,262144,1024,,0.00390625,,256.0,,,,,,4,8,143177728,6789713920,0.178757,0.084148,0.02828,0.00894,0.00706,1.180932,0.00555,0.0,0.0,0.025769,0.0023,0.912517,0.0,0.0183,0.052819,2.290915,0.0252,131072,512,2,1,4096,262144,262144,0.121208,0.071869,0.15010800000000002,0.569221,0.065169,0.01901,0.889597,2,4,2,524416
tiledb,node,256,0,cold,window_256,65536,,,128,3,4.023890011012554,3080192,3080192,3080192,0.01521256,262144,1024,,0.00390625,,256.0,,,,,,4,8,143177728,6789713920,0.190717,0.083419,0.029069,0.00823,0.00692,1.270751,0.00422,0.0,0.0,0.02424,0.00237,1.019295,0.0,0.01768,0.054389,2.227876,0.02456,131072,512,2,1,4096,262144,262144,0.156147,0.080509,0.192027,0.5831719999999999,0.080419,0.0252,1.0023,2,4,2,524416
tiledb,node,256,0,cold,window_256,65536,,,128,4,3.4257190418429673,3006464,3006464,3006464,0.014801794,262144,1024,,0.00390625,,256.0,,,,,,4,8,143177728,6790762496,0.177087,0.081959,0.02788,0.008539,0.00523,1.135343,0.00451,0.0,0.0,0.02553,0.00213,0.886607,0.0,0.01764,0.054439,1.777003,0.02533,131072,512,2,1,4096,262144,262144,0.094688,0.051229000000000004,0.12110800000000001,0.583981,0.059089,0.025,0.868967,2,4,2,524416
tiledb,node,256,0,cold,window_256,65536,,,128,5,3.2472010352648795,3112960,3112960,3112960,0.012918234,262144,1024,,0.00390625,,256.0,,,,,,4,8,143177728,6789689344,0.181347,0.074919,0.027119,0.00813,0.00683,1.099334,0.0012,0.0,0.0,0.02496,0.00183,0.857557,0.0,0.01391,0.031199,1.665095,0.026639,65536,256,1,1,2048,131072,131072,0.098478,0.040539,0.140147,0.5001019999999999,0.07561899999999999,0.048579,0.8395170000000001,1,2,1,262208
tiledb,node,256,0,cold,window_256,65536,,,128,6,4.267556010745466,2990080,2990080,2990080,0.015467143,262144,1024,,0.00390625,,256.0,,,,,,4,8,143177728,6789681152,0.179507,0.083979,0.027799,0.00817,0.00642,1.466148,0.00469,0.0,0.0,0.024969,0.00221,1.196133,0.0,0.0186,0.053669,2.284745,0.02443,131072,512,2,1,4096,262144,262144,0.154558,0.077878,0.19331700000000002,0.754589,0.094638,0.02595,1.17902,2,4,2,524416
tiledb,node,256,0,cold,window_256,65536,,,128,7,4.12149797193706,3010560,3010560,3010560,0.015217142999999999,262144,1024,,0.00390625,,256.0,,,,,,4,8,143177728,6789668864,0.226916,0.086369,0.027899,0.0082,0.00704,1.220202,0.00559,0.0,0.0,0.025279,0.00256,0.949046,0.0,0.018449,0.05405,2.350364,0.02556,131072,512,2,1,4096,262144,262144,0.134768,0.068039,0.167378,0.551032,0.07818900000000001,0.023679000000000002,0.931266,2,4,2,524416
tiledb,node,256,0,cold,window_256,65536,,,128,8,3.2716409768909216,3055616,3055616,3055616,0.013504874,262144,1024,,0.00390625,,256.0,,,,,,4,8,143177728,6789664768,0.380074,0.082779,0.02856,0.008209,0.00685,1.251182,0.00525,0.0,0.0,0.02596,0.00252,0.993485,0.0,0.017709,0.05321,1.299561,0.025179,131072,512,2,1,4096,262144,262144,0.11756799999999999,0.06439,0.154027,0.64298,0.059889000000000005,0.017240000000000002,0.9759950000000001,2,4,2,524416
tiledb,node,256,0,cold,window_256,65536,,,128,9,3.1645820126868784,3035136,3035136,3035136,0.013688425,262144,1024,,0.00390625,,256.0,,,,,,4,8,143177728,6790713344,0.165418,0.0,0.0,0.00785,0.0,0.0002,0.0,0.0,0.0,0.0,0.0,0.0,0.0,0.0,0.0,2.876467,0.02159,0,0,0,0,0,0,0,0.0,0.0,0.0,0.0,0.0,0.0,0.0,0,0,0,0
tiledb,node,256,0,cold,window_4096,1024,,,128,0,5.97739004297182,10289152,10289152,10289152,0.035985374,4096,3596,,0.8779296875,,1.139043381535039,,,,,,2785,68,3111936,6794350592,0.139658,0.03157,0.029749,0.00908,0.00702,5.554486,0.0087,0.0,0.0,0.068858,0.176358,4.245386,0.0,0.02949,0.02427,0.03721,0.01107,2048,1805,1397,1,14440,924160,924160,1.30412,0.48988799999999993,1.6891,1.8336999999999999,0.26750599999999997,0.059009,4.1775199999999995,1397,34,2,4457536
tiledb,node,256,0,cold,window_4096,1024,,,128,1,6.024959031492472,10514432,10514432,10514432,0.036054599,4096,3616,,0.8828125,,1.1327433628318584,,,,,,2840,68,3123712,6792540160,0.114928,0.03136,0.026949,0.00898,0.00568,5.605186,0.01219,0.0,0.0,0.070418,0.178808,4.211617,0.0,0.029659,0.0252,0.059119,0.01092,2048,1828,1424,1,14624,935936,935936,1.3757599999999999,0.513309,1.76178,1.75739,0.27736599999999995,0.05731,4.15392,1424,34,2,4457536
tiledb,node,256,0,cold,window_4096,1024,,,128,2,5.7664429768919945,10735616,10735616,10735616,0.037398397,4096,3608,,0.880859375,,1.1352549889135255,,,,,,2822,68,3111424,6793191424,0.101638,0.03118,0.027619,0.00854,0.00611,4.063759,0.00566,0.0,0.0,0.047239,0.088769,3.265441,0.0,0.020749,0.01759,1.368809,0.01065,1024,896,732,1,7168,458752,458752,0.818298,0.348345,1.03615,1.83947,0.157918,0.02442,3.2211499999999997,732,17,1,2228768
tiledb,node,256,0,cold,window_4096,1024,,,128,3,6.070288014598191,10440704,10440704,10440704,0.040155131000000004,4096,3621,,0.884033203125,,1.1311792322562828,,,,,,2839,67,3113472,6792409088,0.121888,0.031659,0.02763,0.00885,0.00686,4.312755,0.0025,0.0,0.0,0.052548,0.093139,3.429559,0.0,0.020219,0.0208,1.410759,0.00951,1024,906,715,1,7248,463872,463872,1.00197,0.397127,1.21488,1.75817,0.177267,0.040249,3.39092,715,17,1,2228768
tiledb,node,256,0,cold,window_4096,1024,,,128,4,7.690594007726759,10317824,10317824,10317824,0.043829637,4096,3607,,0.880615234375,,1.1355697255336845,,,,,,2841,67,4143104,6793183232,0.100979,0.03161,0.02809,0.008089,0.00624,3.625446,0.00542,0.0,0.0,0.047048999999999994,0.085889,2.841837,0.0,0.019479,0.01859,3.730514,0.01047,1024,892,720,1,7136,456704,456704,1.01441,0.41583400000000004,1.24386,1.124,0.180038,0.047839,2.7977700000000003,720,17,1,2228768
tiledb,node,256,0,cold,window_4096,1024,,,128,5,6.2124370015226305,10190848,10190848,10190848,0.040832051,4096,3641,,0.888916015625,,1.1249656687723153,,,,,,2810,68,3125760,6793150464,0.121238,0.0,0.0,0.00783,0.0,0.00019,0.0,0.0,0.0,0.0,0.0,0.0,0.0,0.0,0.0,5.99444,0.01057,0,0,0,0,0,0,0,0.0,0.0,0.0,0.0,0.0,0.0,0.0,0,0,0,0
tiledb,node,256,0,cold,window_4096,1024,,,128,6,6.069558032322675,10584064,10584064,10584064,0.037617508,4096,3622,,0.88427734375,,1.1308669243511873,,,,,,2835,68,3117568,6793039872,0.124088,0.032009,0.0284,0.00833,0.00713,5.635245,0.011669,0.0,0.0,0.07397,0.179477,4.367344,0.0,0.028419,0.02316,0.059329,0.01087,2048,1816,1415,1,14528,929792,929792,1.1846700000000001,0.364236,1.53405,2.22306,0.238616,0.050119,4.30417,1415,34,2,4457536
tiledb,node,256,0,cold,window_4096,1024,,,128,7,7.453686965163797,10252288,10252288,10252288,0.042276069,4096,3640,,0.888671875,,1.1252747252747253,,,,,,2834,68,4149760,6793768960,0.102438,0.032089,0.02758,0.00817,0.00687,3.789433,0.00214,0.0,0.0,0.042259000000000005,0.086629,2.722219,0.0,0.020109,0.02041,3.323,0.01126,1024,912,704,1,7296,466944,466944,0.862447,0.35438400000000003,1.08279,1.14338,0.177617,0.040549,2.63654,704,17,1,2228768
tiledb,node,256,0,cold,window_4096,1024,,,128,8,4.908976028673351,10174464,10174464,10174464,0.033360373,4096,3636,,0.8876953125,,1.1265126512651265,,,,,,2812,67,2095104,6791602176,0.104809,0.03126,0.028459,0.0083,0.00612,4.519712,0.00298,0.0,0.0,0.04697,0.090878,3.579196,0.0,0.0205,0.01899,0.053349,0.01046,1024,914,692,1,7312,467968,467968,0.946416,0.389725,1.1846999999999999,1.86548,0.219187,0.039489,3.53522,692,17,1,2228768
tiledb,node,256,0,cold,window_4096,1024,,,128,9,5.581805948168039,10379264,10379264,10379264,0.03620202,4096,3644,,0.8896484375,,1.12403951701427,,,,,,2842,67,3125248,6792323072,0.101689,0.03179,0.028399,0.00826,0.00609,4.02054,0.00577,0.0,0.0,0.04655,0.096238,3.083064,0.0,0.02009,0.018589,1.219582,0.01098,1024,902,709,1,7216,461824,461824,0.919697,0.38634,1.1578700000000002,1.44218,0.183257,0.038789,3.03696,709,16,1,2097664
tiledb,node,256,0,cold,window_4096,8192,,,128,0,5.683523952029645,10207232,10207232,10207232,0.036566746,32768,14167,,0.432342529296875,,2.3129808710383286,,,,,,1951,68,21692928,6792294400,0.160747,0.0,0.0,0.00786,0.0,0.00019,0.0,0.0,0.0,0.0,0.0,0.0,0.0,0.0,0.0,5.398389,0.013279,0,0,0,0,0,0,0,0.0,0.0,0.0,0.0,0.0,0.0,0.0,0,0,0,0
tiledb,node,256,0,cold,window_4096,8192,,,128,1,5.757423001341522,10493952,10493952,10493952,0.034134105,32768,14213,,0.433746337890625,,2.3054949693942164,,,,,,1879,68,21692928,6791831552,0.157438,0.0,0.0,0.00824,0.0,0.00055,0.0,0.0,0.0,0.0,0.0,0.0,0.0,0.0,0.0,5.477558,0.013729,0,0,0,0,0,0,0,0.0,0.0,0.0,0.0,0.0,0.0,0.0,0,0,0,0
tiledb,node,256,0,cold,window_4096,8192,,,128,2,5.8063920005224645,10403840,10403840,10403840,0.035573044,32768,14204,,0.4334716796875,,2.3069557871022246,,,,,,1906,68,21692928,6792437760,0.189997,0.088138,0.02893,0.00903,0.00811,4.935496,0.028069,0.0,0.0,0.05634,0.119238,3.560096,0.0,0.080218,0.02488,0.323955,0.01289,16384,7093,953,1,56744,3631616,3631616,0.9802750000000001,0.376214,1.26125,1.54105,0.339905,0.082149,3.51435,953,34,2,4457536
tiledb,node,256,0,cold,window_4096,8192,,,128,3,5.874230992048979,10473472,10473472,10473472,0.035134355,32768,14142,,0.43157958984375,,2.317069721397256,,,,,,1925,68,21692928,6791856128,0.165187,0.088849,0.029319,0.00867,0.00718,5.022014,0.02363,0.0,0.0,0.05296,0.125788,3.750403,0.0,0.075859,0.02507,0.323665,0.01222,16384,7040,985,1,56320,3604480,3604480,0.937106,0.339724,1.22833,1.88285,0.249937,0.094388,3.70062,985,34,3,4457536
tiledb,node,256,0,cold,window_4096,8192,,,128,4,5.8739809901453555,10727424,10727424,10727424,0.032079017,32768,14161,,0.432159423828125,,2.3139608784690346,,,,,,1941,68,21692928,6791852032,0.176287,0.0,0.0,0.00826,0.0,0.00025,0.0,0.0,0.0,0.0,0.0,0.0,0.0,0.0,0.0,5.567076,0.01469,0,0,0,0,0,0,0,0.0,0.0,0.0,0.0,0.0,0.0,0.0,0,0,0,0
tiledb,node,256,0,cold,window_4096,8192,,,128,5,4.934486001729965,10457088,10457088,10457088,0.0343021,32768,14159,,0.432098388671875,,2.3142877321844764,,,,,,1930,68,14801408,6791028736,0.182837,0.089139,0.0276,0.00797,0.00727,4.168857,0.01704,0.0,0.0,0.04012,0.060769,3.390429,0.0,0.045039,0.02432,0.255517,0.012149,8192,3523,496,1,28184,1803776,1803776,0.792878,0.355441,1.00224,1.9261,0.18749700000000002,0.049789,3.36257,496,17,1,2228768
tiledb,node,256,0,cold,window_4096,8192,,,128,6,7.34393997117877,10432512,10432512,10432512,0.042364475,32768,14144,,0.431640625,,2.316742081447964,,,,,,1913,68,27458560,6792515584,0.164577,0.075599,0.027359,0.00929,0.00812,6.384734,0.047699,0.0,0.0,0.070499,0.181017,4.569051,0.0,0.111038,0.02639,0.407384,0.012629,24576,10621,1426,1,84968,5437952,5437952,1.30676,0.502031,1.73368,1.82329,0.389235,0.129588,4.49484,1426,51,3,6686304
tiledb,node,256,0,cold,window_4096,8192,,,128,7,5.1605020416900516,10444800,10444800,10444800,0.036664558,32768,14119,,0.430877685546875,,2.3208442524258093,,,,,,1959,68,14793728,6791139328,0.162597,0.088839,0.027599,0.00837,0.00693,4.410914,0.01472,0.0,0.0,0.039498,0.06011,3.515358,0.0,0.045679,0.02368,0.256646,0.01286,8192,3549,468,1,28392,1817088,1817088,0.834257,0.337592,1.02097,2.01587,0.191447,0.053128999999999996,3.4824,468,17,1,2228768
tiledb,node,256,0,cold,window_4096,8192,,,128,8,6.12583797192201,10604544,10604544,10604544,0.035962249,32768,14169,,0.432403564453125,,2.312654386336368,,,,,,1899,68,21692928,6791741440,0.457254,0.0,0.0,0.00798,0.0,0.00019,0.0,0.0,0.0,0.0,0.0,0.0,0.0,0.0,0.0,5.551267,0.01304,0,0,0,0,0,0,0,0.0,0.0,0.0,0.0,0.0,0.0,0.0,0,0,0,0
tiledb,node,256,0,cold,window_4096,8192,,,128,9,6.139138014987111,10493952,10493952,10493952,0.040166415999999996,32768,14168,,0.432373046875,,2.312817617165443,,,,,,1908,68,21692928,6791766016,0.420994,0.089688,0.02635,0.00838,0.018349,3.586786,0.00499,0.0,0.0,0.037379,0.096249,2.764299,0.0,0.04567,0.023169,1.790873,0.01247,8192,3539,490,1,28312,1811968,1811968,0.606081,0.254536,0.756648,1.61477,0.159028,0.036739,2.73677,490,17,1,2228768
tiledb,node,256,0,cold,window_4096,65536,,,128,0,6.57493103062734,10465280,10465280,10465280,0.033472368,262144,16384,,0.0625,,16.0,,,,,,4,68,144179712,6790029312,0.190337,0.085308,0.02744,0.00821,0.00831,3.652755,0.030699,0.0,0.0,0.0241,0.00407,2.843977,0.0,0.088979,0.055939,2.317065,0.026329,131072,8192,2,1,65536,4194304,4194304,0.12454799999999999,0.05482,0.19228699999999999,2.03133,0.312805,0.085409,2.82838,2,34,2,4457536
tiledb,node,256,0,cold,window_4096,65536,,,128,1,5.411768041085452,10485760,10485760,10485760,0.026994656,262144,16384,,0.0625,,16.0,,,,,,4,68,106430976,6789705728,0.194397,0.079258,0.02759,0.00818,0.00703,3.132533,0.00506,0.0,0.0,0.028449000000000002,0.00286,2.634151,0.0,0.048499,0.033739,1.751124,0.02478,65536,4096,1,1,32768,2097152,2097152,0.046919,0.021519,0.07743900000000001,2.11945,0.16417800000000002,0.051949,2.6167,1,17,1,2228768
tiledb,node,256,0,cold,window_4096,65536,,,128,2,6.233066029381007,10448896,10448896,10448896,0.029239083,262144,16384,,0.0625,,16.0,,,,,,4,68,144179712,6790967296,0.203097,0.083969,0.02778,0.00822,0.00801,3.353899,0.032539,0.0,0.0,0.02647,0.00416,2.591181,0.0,0.085779,0.055169,2.267676,0.024779,131072,8192,2,1,65536,4194304,4194304,0.109949,0.044459000000000005,0.155258,1.91088,0.23135699999999998,0.086759,2.57375,2,34,2,4457536
tiledb,node,256,0,cold,window_4096,65536,,,128,3,5.678904999513179,10526720,10526720,10526720,0.027188591,262144,16384,,0.0625,,16.0,,,,,,4,68,144179712,6791077888,0.181247,0.076769,0.02777,0.00826,0.007019,3.022425,0.00435,0.0,0.0,0.024679999999999997,0.00266,2.432713,0.0,0.049379,0.03362,2.135778,0.023629,65536,4096,1,1,32768,2097152,2097152,0.07324900000000001,0.03529,0.10867800000000001,1.8449,0.217407,0.052029,2.4157699999999998,1,17,1,2228768
tiledb,node,256,0,cold,window_4096,65536,,,128,4,6.343734043184668,10522624,10522624,10522624,0.029242589,262144,16384,,0.0625,,16.0,,,,,,4,68,144179712,6790979584,0.180717,0.085329,0.030019,0.00809,0.00823,3.462968,0.0074,0.0,0.0,0.024069,0.00433,2.794448,0.0,0.087099,0.053419,2.292125,0.02474,131072,8192,2,1,65536,4194304,4194304,0.181787,0.09210800000000001,0.241246,1.91141,0.32110500000000003,0.070199,2.7779100000000003,2,34,2,4457536
tiledb,node,256,0,cold,window_4096,65536,,,128,5,6.065308989491314,10444800,10444800,10444800,0.029923330999999997,262144,16384,,0.0625,,16.0,,,,,,4,68,144179712,6790942720,0.183587,0.089719,0.028019,0.00813,0.00815,3.178612,0.00731,0.0,0.0,0.024069,0.00422,2.546532,0.0,0.086289,0.054079,2.290076,0.026939,131072,8192,2,1,65536,4194304,4194304,0.160528,0.084558,0.202217,1.71087,0.317645,0.069749,2.52985,2,34,2,4457536
tiledb,node,256,0,cold,window_4096,65536,,,128,6,6.088269001338631,10477568,10477568,10477568,0.029981578000000002,262144,16384,,0.0625,,16.0,,,,,,4,68,144179712,6790963200,0.179437,0.085038,0.02847,0.00811,0.00822,3.216271,0.00745,0.0,0.0,0.024299,0.00418,2.513822,0.0,0.088309,0.054299,2.285366,0.024779,131072,8192,2,1,65536,4194304,4194304,0.146008,0.06674999999999999,0.19351700000000002,1.64839,0.337215,0.092668,2.49698,2,34,2,4457536
tiledb,node,256,0,cold,window_4096,65536,,,128,7,6.38561398955062,10416128,10416128,10416128,0.029355850000000003,262144,16384,,0.0625,,16.0,,,,,,4,68,144179712,6790930432,0.190648,0.084139,0.02756,0.00844,0.008259,3.517228,0.03391,0.0,0.0,0.024539000000000002,0.00432,2.72014,0.0,0.086778,0.055439,2.268676,0.02469,131072,8192,2,1,65536,4194304,4194304,0.129588,0.07771800000000001,0.173178,2.0148900000000003,0.242337,0.08817799999999999,2.70391,2,34,2,4457536
tiledb,node,256,0,cold,window_4096,65536,,,128,8,5.853162030689418,10219520,10219520,10219520,0.027025687,262144,16384,,0.0625,,16.0,,,,,,4,68,144179712,6790930432,0.179538,0.077809,0.02729,0.00852,0.00681,2.861736,0.004659,0.0,0.0,0.02447,0.00269,2.386154,0.0,0.05419,0.033689,2.462883,0.02319,65536,4096,1,1,32768,2097152,2097152,0.050649,0.02827,0.08145899999999999,1.93533,0.168937,0.038488999999999995,2.36945,1,17,1,2228768
tiledb,node,256,0,cold,window_4096,65536,,,128,9,6.678289966657758,10366976,10366976,10366976,0.033579311,262144,16384,,0.0625,,16.0,,,,,,4,68,144179712,6790955008,0.449013,0.084198,0.02916,0.00809,0.00791,3.554006,0.028739,0.0,0.0,0.02546,0.00422,2.847127,0.0,0.089759,0.054449,2.276996,0.025309,131072,8192,2,1,65536,4194304,4194304,0.199047,0.11616800000000001,0.24026599999999998,2.00415,0.28549599999999997,0.076229,2.82948,2,34,2,4457536
tiledb,node,256,0,cold,window_65536,1024,,,128,0,39.268579974304885,136183808,136183808,136183808,0.26105347,4096,4062,,0.99169921875,,1.0083702609551946,,,,,,4010,1007,3229696,6794899456,0.202537,0.031039,0.03953,0.01047,0.00551,28.674158,0.00379,0.0,0.0,0.1041,0.139057,24.461072,0.0,0.0483,0.040929,9.99329,0.01502,1024,1013,1000,1,8104,518656,518656,1.3318699999999999,0.5609019999999999,1.6541,19.7438,1.87304,0.074389,24.3981,1000,252,1,33562624
tiledb,node,256,0,cold,window_65536,1024,,,128,1,37.665034004021436,136445952,136445952,136445952,0.239951274,4096,4056,,0.990234375,,1.009861932938856,,,,,,3995,1012,3227136,6795907072,0.116328,0.0,0.0,0.00842,0.0,0.00075,0.0,0.0,0.0,0.0,0.0,0.0,0.0,0.0,0.0,37.343129,0.01526,0,0,0,0,0,0,0,0.0,0.0,0.0,0.0,0.0,0.0,0.0,0,0,0,0
tiledb,node,256,0,cold,window_65536,1024,,,128,2,45.15326098771766,136171520,136171520,136171520,0.271076203,4096,4066,,0.99267578125,,1.0073782587309394,,,,,,4000,1016,4314624,6796972032,0.126868,0.0,0.0,0.0084,0.0,0.00047,0.0,0.0,0.0,0.0,0.0,0.0,0.0,0.0,0.0,44.736898,0.037969,0,0,0,0,0,0,0,0.0,0.0,0.0,0.0,0.0,0.0,0.0,0,0,0,0
tiledb,node,256,0,cold,window_65536,1024,,,128,3,42.720188037492335,124936192,124936192,124936192,0.250787381,4096,4061,,0.991455078125,,1.0086185668554544,,,,,,4014,1004,3227136,6797058048,0.196407,0.034429,0.03494,0.00923,0.00688,41.957069,0.010479,0.0,0.0,0.09142900000000001,0.230146,35.233251,0.0,0.059569,0.046369,0.103279,0.01601,2048,2024,1992,1,16192,1036288,1036288,1.43372,0.535602,1.9684899999999999,28.394699999999997,2.80669,0.112048,35.1362,1992,425,1,56636928
tiledb,node,256,0,cold,window_65536,1024,,,128,4,39.56539498176426,135925760,135925760,135925760,0.24304743,4096,4063,,0.991943359375,,1.008122077282796,,,,,,3989,1005,3230720,6795980800,0.176677,0.035199,0.03999,0.00916,0.00731,38.981433,0.021909,0.0,0.0,0.158258,0.279716,30.497651,0.0,0.03824,0.031239,0.047309,0.01531,2048,2037,2001,1,16296,1042944,1042944,1.5906799999999999,0.60507,2.19947,22.0777,3.67177,0.12309800000000001,30.3884,2001,504,2,67256352
tiledb,node,256,0,cold,window_65536,1024,,,128,5,39.587214996572584,136011776,136011776,136011776,0.259981158,4096,4066,,0.99267578125,,1.0073782587309394,,,,,,3991,1014,3228160,6795968512,0.137238,0.03405,0.036989,0.00857,0.00635,30.005319,0.00437,0.0,0.0,0.119808,0.120338,25.129962,0.0,0.039899,0.03362,9.033254,0.01445,1024,1013,995,1,8104,518656,518656,1.02101,0.438504,1.37441,20.796,1.7779099999999999,0.071469,25.0843,995,254,1,33693728
tiledb,node,256,0,cold,window_65536,1024,,,128,6,40.64975894289091,136220672,136220672,136220672,0.263797796,4096,4064,,0.9921875,,1.0078740157480315,,,,,,3991,1011,3228672,6794985472,0.189237,0.0,0.0,0.00847,0.0,0.0005,0.0,0.0,0.0,0.0,0.0,0.0,0.0,0.0,0.0,40.289074,0.01358,0,0,0,0,0,0,0,0.0,0.0,0.0,0.0,0.0,0.0,0.0,0,0,0,0
tiledb,node,256,0,cold,window_65536,1024,,,128,7,38.40373200364411,135868416,135868416,135868416,0.254484763,4096,4069,,0.993408203125,,1.0066355369869746,,,,,,4004,1008,3230720,6795010048,0.109618,0.034549,0.0383,0.00876,0.00719,37.836911,0.010299,0.0,0.0,0.089859,0.235046,29.351689,0.0,0.040169,0.035329,0.067099,0.01414,2048,2037,2002,1,16296,1042944,1042944,1.42187,0.5902000000000001,1.9294399999999998,22.088900000000002,3.04694,0.109528,29.173299999999998,2002,503,2,67256352
tiledb,node,256,0,cold,window_65536,1024,,,128,8,39.97582901502028,136081408,136081408,136081408,0.250640598,4096,4062,,0.99169921875,,1.0083702609551946,,,,,,3989,1005,3227136,6795005952,0.109929,0.034289,0.038419,0.00977,0.00714,39.293469,0.00966,0.0,0.0,0.113338,0.246317,30.585,0.0,0.05967,0.045809,0.084869,0.01567,2048,2030,1992,1,16240,1039360,1039360,1.41033,0.52519,1.98713,22.461,3.6299,0.114278,30.4895,1992,505,2,67256352
tiledb,node,256,0,cold,window_65536,1024,,,128,9,46.491691027767956,136007680,136007680,136007680,0.29355616500000004,4096,4073,,0.994384765625,,1.005646943285048,,,,,,4003,1012,4316672,6797107200,0.129259,0.098809,0.034719,0.0101,0.00617,45.674073,0.00449,0.0,0.0,0.138907,0.356405,34.550971,0.0,0.071579,0.048079,0.106178,0.01618,3072,3054,3000,1,24432,1563648,1563648,2.24339,0.796706,3.19622,23.0205,4.65153,0.162557,34.3884,3000,760,4,100687872
tiledb,node,256,0,cold,window_65536,8192,,,128,0,54.51891105622053,123371520,123371520,123371520,0.387468715,32768,30805,,0.940093994140625,,1.06372342152248,,,,,,27252,1028,25381376,6848561152,0.190217,0.092428,0.03718,0.012649,0.00902,53.346308,0.059309,0.0,0.0,0.42222400000000004,1.461778,41.621194,0.0,0.177747,0.04971,0.225947,0.018159,16384,15068,12749,1,120544,7714816,7714816,5.29907,1.5929200000000001,7.64874,26.9486,2.0764400000000003,0.353544,41.3299,12749,418,1,54801472
tiledb,node,256,0,cold,window_65536,8192,,,128,1,51.36727704666555,136462336,136462336,136462336,0.360810692,32768,30786,,0.93951416015625,,1.0643799129474436,,,,,,27198,1028,25379328,6825754624,0.210907,0.095338,0.037,0.00921,0.00903,50.065957,0.018509,0.0,0.0,0.35846500000000003,1.540257,38.187836,0.0,0.180617,0.051629,0.369214,0.01608,16384,15392,13582,1,123136,7880704,7880704,4.95414,1.8539100000000002,8.20929,20.187199999999997,2.99971,0.292566,37.220299999999995,13582,514,2,67387456
tiledb,node,256,0,cold,window_65536,8192,,,128,2,67.80001998413354,136413184,136413184,136413184,0.428538418,32768,30757,,0.938629150390625,,1.06538348993725,,,,,,27096,1028,33838592,6835105792,0.199907,0.094199,0.034919,0.0096,0.00858,28.996864,0.00815,0.0,0.0,0.266466,0.778158,22.315765,0.0,0.103559,0.041549,37.994568,0.01886,8192,7675,6759,1,61400,3929600,3929600,3.1460500000000002,0.965309,4.52956,14.2299,1.35116,0.161047,22.0881,6759,257,1,33693728
tiledb,node,256,0,cold,window_65536,8192,,,128,3,75.02520200796425,136351744,136351744,136351744,0.502381324,32768,30775,,0.939178466796875,,1.0647603574329814,,,,,,27218,1028,33846784,6851985408,0.259156,0.078689,0.03492,0.009649,0.00885,73.589884,0.01992,0.0,0.0,0.574821,2.550782,56.872485,0.0,0.251236,0.051349,0.444633,0.01707,24576,23098,20430,1,184784,11826176,11826176,9.39078,2.63714,14.2493,18.619799999999998,4.78106,0.582631,56.322900000000004,20430,771,3,101081184
tiledb,node,256,0,cold,window_65536,8192,,,128,4,55.78078102553263,136347648,136347648,136347648,0.404275365,32768,30823,,0.940643310546875,,1.0631022288550758,,,,,,27323,1028,25392640,6850789376,0.193948,0.094939,0.037219,0.01012,0.00877,54.482481,0.057849,0.0,0.0,0.44947400000000004,1.543496,41.714312,0.0,0.180477,0.049119,0.377574,0.01782,16384,15405,13663,1,123240,7887360,7887360,5.26379,1.92405,8.28444,21.7946,3.41443,0.41210399999999997,41.317899999999995,13663,514,2,67387456
tiledb,node,256,0,cold,window_65536,8192,,,128,5,76.14379498409107,136310784,136310784,136310784,0.510397592,32768,30803,,0.940032958984375,,1.0637924877447003,,,,,,27123,1028,33853440,6859964416,0.197727,0.077959,0.0358,0.01022,0.013749,74.695347,0.081229,0.0,0.0,0.521012,2.210866,58.183896,0.0,0.255596,0.051829,0.458993,0.01754,24576,23111,20368,1,184888,11832832,11832832,8.685160000000002,2.7933,14.5551,18.8595,4.99198,0.505453,57.6952,20368,771,3,101081184
tiledb,node,256,0,cold,window_65536,8192,,,128,6,73.93342797877267,136237056,136237056,136237056,0.462624809,32768,30827,,0.940765380859375,,1.0629642845557465,,,,,,27278,1028,33853440,6842580992,0.256436,0.092988,0.03608,0.009379,0.00826,33.415138,0.03546,0.0,0.0,0.292376,0.817107,23.670684,0.0,0.097578,0.03711,39.655514,0.03358,8192,7716,6798,1,61728,3950592,3950592,3.88376,1.2428700000000001,5.58668,14.379199999999999,1.18449,0.160028,23.4361,6798,257,1,33693728
tiledb,node,256,0,cold,window_65536,8192,,,128,7,50.01259798882529,136093696,136093696,136093696,0.36829624,32768,30720,,0.9375,,1.0666666666666667,,,,,,27171,1028,25381888,6842179584,0.288146,0.093408,0.0407,0.009129,0.00913,48.679118,0.062169,0.0,0.0,0.388644,1.549637,37.368688,0.0,0.182448,0.049539,0.381744,0.01738,16384,15397,13609,1,123176,7883264,7883264,4.91498,1.84509,7.9107199999999995,20.264899999999997,2.82655,0.291765,36.847,13609,514,2,67387456
tiledb,node,256,0,cold,window_65536,8192,,,128,8,52.169725007843226,136671232,136671232,136671232,0.378969042,32768,30797,,0.939849853515625,,1.0639997402344383,,,,,,27099,1028,25385472,6824878080,0.250326,0.095408,0.03573,0.009399,0.00928,50.884545,0.01612,0.0,0.0,0.328485,1.540057,39.308909,0.0,0.183997,0.05062,0.310285,0.01799,16384,15404,13582,1,123232,7886848,7886848,4.87899,1.79613,8.18118,21.4177,2.8776800000000002,0.285686,38.3061,13582,514,2,67387456
tiledb,node,256,0,cold,window_65536,8192,,,128,9,52.60229896521196,136470528,136470528,136470528,0.372461108,32768,30842,,0.94122314453125,,1.0624473121068672,,,,,,27185,1028,25407488,6825091072,0.558591,0.092699,0.036699,0.01018,0.00921,50.955364,0.057609,0.0,0.0,0.336604,1.543807,38.548301,0.0,0.180727,0.050149,0.377485,0.017709,16384,15447,13599,1,123576,7908864,7908864,4.92511,1.86349,8.26895,20.505300000000002,2.93798,0.287616,37.5533,13599,514,2,67387456
tiledb,node,256,0,cold,window_65536,65536,,,128,0,85.00458195339888,136486912,136486912,136486912,0.682170732,262144,165856,,0.6326904296875,,1.580551803974532,,,,,,61164,1028,182471680,6907469824,0.276375,0.089759,0.042599,0.01118,0.02019,80.808335,0.163767,0.0,0.0,0.8119479999999999,3.443028,62.087737,0.0,0.791428,0.091748,2.558591,0.03054,131072,82875,30552,1,663000,42432000,42432000,12.3199,5.3524,19.8685,22.146900000000002,3.5176700000000003,1.11659,61.3535,30552,514,2,67387456
tiledb,node,256,0,cold,window_65536,65536,,,128,1,69.64146305108443,136409088,136409088,136409088,0.535551787,262144,165959,,0.6330833435058594,,1.579570857862484,,,,,,60814,1028,182480384,6875648000,0.258056,0.091369,0.039279,0.00981,0.01914,65.613553,0.070509,0.0,0.0,0.669209,3.574007,49.24471,0.0,0.789368,0.094969,2.393524,0.03156,131072,82998,30457,1,663984,42494976,42494976,8.54954,3.718,14.8313,19.0483,2.81292,0.883567,47.956199999999995,30457,514,2,67387456
tiledb,node,256,0,cold,window_65536,65536,,,128,2,70.73919696267694,136437760,136437760,136437760,0.519464085,262144,165848,,0.632659912109375,,1.580628044956828,,,,,,60850,1028,182387712,6875828224,0.255646,0.093728,0.03842,0.00993,0.018929,66.683658,0.066289,0.0,0.0,0.6532399999999999,3.536827,50.029787,0.0,0.790238,0.093768,2.372004,0.03215,131072,82817,30510,1,662536,42402304,42402304,9.06025,4.2851,15.563799999999999,19.112000000000002,2.7670899999999996,0.855948,48.7363,30510,514,2,67387456
tiledb,node,256,0,cold,window_65536,65536,,,128,3,50.815255963243544,136187904,136187904,136187904,0.445958018,262144,166012,,0.6332855224609375,,1.5790665735007108,,,,,,60943,1028,125132800,6856441856,0.271016,0.084349,0.037389,0.01072,0.01292,44.486321,0.036529,0.0,0.0,0.484332,1.754784,33.841371,0.0,0.416524,0.06565,5.063594,0.030289,65536,41458,15281,1,331664,21226496,21226496,5.22078,1.74783,8.177729999999999,20.3154,1.1337700000000002,0.528482,33.5213,15281,257,1,33693728
tiledb,node,256,0,cold,window_65536,65536,,,128,4,73.42203601729125,136237056,136237056,136237056,0.554229547,262144,165653,,0.6319160461425781,,1.5824886962505962,,,,,,61016,1028,182405120,6875697152,0.256026,0.089738,0.03787,0.01074,0.018899,69.397467,0.153728,0.0,0.0,0.719119,3.501518,52.729257,0.0,0.786398,0.088939,2.380124,0.03103,131072,82851,30470,1,662808,42419712,42419712,13.0718,4.9760100000000005,20.0487,16.538500000000003,2.81606,0.796108,51.839499999999994,30470,514,2,67387456
tiledb,node,256,0,cold,window_65536,65536,,,128,5,74.08672600286081,136261632,136261632,136261632,0.543838427,262144,165510,,0.6313705444335938,,1.5838559603649327,,,,,,61220,1028,182405632,6875947008,0.230267,0.089888,0.03776,0.01052,0.019359,70.118106,0.073819,0.0,0.0,0.65016,3.635596,52.497421,0.0,0.789478,0.090579,2.345935,0.029399,131072,82852,30543,1,662816,42420224,42420224,10.874,5.5511,18.7333,17.22,2.86593,0.908146,50.297599999999996,30543,514,2,67387456
tiledb,node,256,0,cold,window_65536,65536,,,128,6,70.52917999681085,136237056,136237056,136237056,0.518410489,262144,165794,,0.6324539184570312,,1.581142864036093,,,,,,61155,1028,182440448,6876606464,0.224776,0.086809,0.036489,0.01205,0.01793,66.578739,0.270386,0.0,0.0,0.6454110000000001,3.365609,50.089667,0.0,0.788298,0.091008,2.296615,0.03038,131072,82920,30640,1,663360,42455040,42455040,10.2211,3.79924,15.999699999999999,18.872300000000003,2.7012300000000002,0.9638859999999999,49.1162,30640,514,2,67387456
tiledb,node,256,0,cold,window_65536,65536,,,128,7,76.67643704917282,136286208,136286208,136286208,0.606709508,262144,165392,,0.63092041015625,,1.5849859727193576,,,,,,60775,1027,182423552,6912925696,0.274446,0.089169,0.037139,0.01117,0.01914,72.685787,0.152897,0.0,0.0,0.64959,3.32482,56.021617,0.0,0.781468,0.091679,2.331195,0.030969,131072,82505,30426,1,660040,42242560,42242560,11.978000000000002,4.5233799999999995,18.9835,21.588900000000002,3.16755,0.896087,55.14,30426,513,2,67256352
tiledb,node,256,0,cold,window_65536,65536,,,128,8,66.49610999738798,136581120,136581120,136581120,0.481900534,262144,165709,,0.6321296691894531,,1.5819539071504867,,,,,,60901,1028,182407680,6893793280,0.215397,0.082339,0.038049,0.01106,0.01291,40.032308,0.037019,0.0,0.0,0.477653,1.815572,29.231091,0.0,0.415163,0.06004,25.26285,0.02941,65536,41383,15227,1,331064,21188096,21188096,6.632339999999999,2.7132699999999996,10.0646,13.683,1.05403,0.45988300000000004,28.7474,15227,257,2,33693728
tiledb,node,256,0,cold,window_65536,65536,,,128,9,108.03996596951038,136429568,136429568,136429568,0.768394419,262144,165707,,0.6321220397949219,,1.5819730005370927,,,,,,61063,1028,239806976,6917111808,0.278486,0.093998,0.03691,0.010269,0.02524,103.08142,0.117618,0.0,0.0,1.526657,5.32101,79.183039,0.0,1.157183,0.136158,2.869987,0.030259,196608,124308,45789,1,994464,63645696,63645696,20.097,6.66905,30.996699999999997,18.15,4.8922,1.33931,77.708,45789,771,3,101081184
tiledb,node,256,0,warm,random,1024,,,128,0,226.75130097195506,0,0,0,4.747589703,4096,4095,,0.999755859375,,1.0002442002442002,,,,,,4095,4062,2167808,6794973184,0.153177,0.70166,0.044239,0.01303,0.00765,225.259662,0.008969,0.0,0.0,0.104439,0.156358,139.201596,0.0,0.05674,0.044419,0.082359,0.01595,1042,1042,1041,1,8336,533504,533504,1.49643,0.6590189999999999,1.9707800000000002,122.69099999999999,6.28509,0.215567,139.131,1041,1010,95,1766626400
tiledb,node,256,0,warm,random,1024,,,128,1,226.61169298226014,0,0,0,4.854836223,4096,4096,,1.0,,1.0,,,,,,4096,4057,2163712,6795059200,0.182997,0.033929,0.042,0.01052,0.00623,224.828369,0.003,0.0,0.0,0.097359,0.142567,138.817113,0.0,0.058979,0.045219,1.056404,0.015789,1034,1034,1034,1,8272,529408,529408,1.49732,0.687763,1.9577000000000002,121.39,6.53204,0.209067,138.756,1034,985,94,1759546784
tiledb,node,256,0,warm,random,1024,,,128,2,229.56371796317399,0,0,0,4.87575889,4096,4095,,0.999755859375,,1.0002442002442002,,,,,,4095,4068,2189312,6795042816,0.127388,0.03433,0.040219,0.00992,0.00653,210.936368,0.00766,0.0,0.0,0.10516800000000001,0.129418,125.393325,0.0,0.062469,0.044959,17.94901,0.01596,993,993,993,1,7944,508416,508416,1.34379,0.5121140000000001,1.78163,110.151,6.82908,0.215687,125.32499999999999,993,960,94,1713135968
tiledb,node,256,0,warm,random,1024,,,128,3,222.8080200147815,0,0,0,4.7852145870000005,4096,4096,,1.0,,1.0,,,,,,4096,4067,2155520,6795075584,0.118848,0.033979,0.04246,0.009909,0.00706,221.839415,0.0029,0.0,0.0,0.09975899999999999,0.146838,137.211206,0.0,0.058189,0.044499,0.299896,0.01608,1028,1028,1028,1,8224,526336,526336,1.58562,0.753729,2.06153,120.74600000000001,6.32115,0.19911700000000002,137.149,1028,997,94,1731228320
tiledb,node,256,0,warm,random,1024,,,128,4,225.37274099886417,0,0,0,4.769968863,4096,4096,,1.0,,1.0,,,,,,4096,4060,2169856,6795014144,0.124668,0.03306,0.040039,0.0102,0.00515,224.456585,0.00781,0.0,0.0,0.10877800000000001,0.122798,137.382014,0.0,0.061639,0.043759,0.084798,0.01576,1005,1005,1005,1,8040,514560,514560,1.3188600000000001,0.5379039999999999,1.7730599999999999,121.445,6.13616,0.21087699999999998,137.322,1005,967,93,1740405600
tiledb,node,256,0,warm,random,1024,,,128,5,228.13212999608368,0,0,0,4.852706244,4096,4096,,1.0,,1.0,,,,,,4096,4071,2180096,6795042816,0.178827,0.033979,0.041819,0.00993,0.00741,227.284563,0.0079,0.0,0.0,0.096628,0.144268,142.873732,0.0,0.059129,0.044229,0.082579,0.0153,1054,1054,1054,1,8432,539648,539648,1.37069,0.647928,1.79981,124.956,6.09011,0.187087,142.809,1054,1024,97,1778556864
tiledb,node,256,0,warm,random,1024,,,128,6,228.60691201640293,0,0,0,4.8604702,4096,4096,,1.0,,1.0,,,,,,4096,4062,2180608,6795046912,0.123128,0.03313,0.075899,0.00984,0.00639,221.552218,0.007229,0.0,0.0,0.10847899999999999,0.132908,139.283035,0.0,0.057759,0.117479,6.283995,0.01605,1008,1008,1008,1,8064,516096,516096,1.0665099999999998,0.41410600000000003,1.4917,122.992,5.14953,0.172628,139.212,1008,981,95,1768199648
tiledb,node,256,0,warm,random,1024,,,128,7,225.84403498331085,0,0,0,4.783212426,4096,4096,,1.0,,1.0,,,,,,4095,4065,2173952,6795083776,0.140948,0.033349,0.04206,0.00973,0.006499,221.698027,0.00737,0.0,0.0,0.10147899999999999,0.149328,138.9517,0.0,0.056389,0.049769,3.459838,0.015379,1048,1048,1048,1,8384,536576,536576,1.3282299999999998,0.59921,1.74524,122.55000000000001,4.99373,0.190237,138.886,1048,1014,96,1772657184
tiledb,node,256,0,warm,random,1024,,,128,8,227.31200198177248,0,0,0,4.868267358,4096,4096,,1.0,,1.0,,,,,,4096,4066,2195456,6795022336,0.120318,0.034299,0.04141,0.01147,0.006509,222.578444,0.00751,0.0,0.0,0.101858,0.152748,135.947536,0.0,0.056309,0.043469,4.073599,0.01629,1069,1069,1069,1,8552,547328,547328,1.51953,0.661692,1.96371,114.363,6.70925,0.225467,135.873,1069,1032,97,1782489984
tiledb,node,256,0,warm,random,1024,,,128,9,232.95612796209753,0,0,0,4.917078322,4096,4096,,1.0,,1.0,,,,,,4096,4064,2198528,6795198464,0.127208,0.0344,0.041499,0.01013,0.00712,222.177439,0.008449,0.0,0.0,0.09886900000000001,0.134098,136.36335,0.0,0.058229,0.043299,10.108318,0.016099,1015,1015,1015,1,8120,519680,519680,1.0024199999999999,0.435882,1.42261,122.167,5.11052,0.20901599999999998,136.302,1015,987,95,1743683200
tiledb,node,256,0,warm,random,8192,,,128,0,326.60348899662495,0,0,0,6.742651211,32768,32755,,0.999603271484375,,1.0003968859716075,,,,,,32736,30786,17230336,6832459776,0.194467,0.093489,0.035739,0.01295,0.0095,325.528125,0.01686,0.0,0.0,0.236067,0.904846,250.442564,0.0,0.121408,0.047999,0.174567,0.01607,8140,8133,8121,1,65064,4164096,4164096,3.59833,1.6189200000000001,6.31033,128.12599999999998,36.8811,1.5326899999999999,250.18200000000002,8121,6448,97,2079440544
tiledb,node,256,0,warm,random,8192,,,128,1,319.7143829893321,0,0,0,6.55531181,32768,32756,,0.9996337890625,,1.0003663450970814,,,,,,32741,30768,17276928,6829506560,0.267406,0.124558,0.0377,0.010299,0.008,318.55729,0.03076,0.0,0.0,0.236306,0.922816,242.689841,0.0,0.123498,0.04856,0.181297,0.01853,8296,8285,8267,1,66280,4241920,4241920,4.88739,1.68683,7.3952100000000005,120.546,39.020199999999996,1.1983300000000001,242.49200000000002,8267,6487,98,2074720800
tiledb,node,256,0,warm,random,8192,,,128,2,331.733372004237,0,0,0,6.511355867,32768,32755,,0.999603271484375,,1.0003968859716075,,,,,,32742,30831,17297408,6829486080,0.262876,0.092048,0.03732,0.01147,0.008279,268.188228,0.00867,0.0,0.0,0.232477,0.914966,173.960584,0.0,0.122478,0.04895,62.558379,0.01848,8194,8184,8169,1,65472,4190208,4190208,3.42597,1.3840700000000001,5.7488,100.32900000000001,31.5965,1.5362500000000001,173.754,8169,6515,99,2073934176
tiledb,node,256,0,warm,random,8192,,,128,3,309.016123006586,0,0,0,6.563581675,32768,32764,,0.9998779296875,,1.0001220852154804,,,,,,32746,30786,17279488,6829600768,0.236907,0.093638,0.03539,0.0093,0.007899,307.93332,0.0336,0.0,0.0,0.292296,0.850327,223.060816,0.0,0.124388,0.04928,0.173327,0.01784,8194,8190,8173,1,65520,4193280,4193280,3.62038,1.49232,6.09265,126.73400000000001,37.3139,1.18923,222.803,8173,6492,98,2077736192
tiledb,node,256,0,warm,random,8192,,,128,4,309.0053439955227,0,0,0,6.610446163,32768,32757,,0.999664306640625,,1.0003358060872485,,,,,,32746,30766,17221120,6830125056,0.253036,0.093359,0.035169,0.00905,0.00961,307.89718,0.016559,0.0,0.0,0.295535,0.833428,213.728297,0.0,0.129528,0.052039,0.178207,0.01795,8180,8173,8162,1,65384,4184576,4184576,3.67057,1.39748,6.2702599999999995,121.105,38.091,1.1200299999999999,213.529,8162,6433,99,2073540864
tiledb,node,256,0,warm,random,8192,,,128,5,294.0017390064895,0,0,0,6.250529616,32768,32755,,0.999603271484375,,1.0003968859716075,,,,,,32745,30774,17242624,6831865856,0.209997,0.092959,0.035899,0.01043,0.00774,280.949315,0.029289,0.0,0.0,0.236056,0.948476,189.301304,0.0,0.123188,0.04836,12.007369,0.185128,8214,8206,8197,1,65648,4201472,4201472,5.19037,2.00816,8.09409,101.096,42.613,1.4299300000000001,189.081,8197,6453,96,2071967616
tiledb,node,256,0,warm,random,8192,,,128,6,293.11977297766134,0,0,0,6.267583586,32768,32761,,0.999786376953125,,1.0002136686914318,,,,,,32749,30784,17295872,6831144960,0.259176,0.093158,0.03638,0.01019,0.008709,276.322145,0.02832,0.0,0.0,0.255216,0.849367,191.260774,0.0,0.126159,0.049209,15.846442,0.01783,8123,8113,8102,1,64904,4153856,4153856,4.84227,1.83091,7.992559999999999,102.81099999999999,39.0987,1.73374,191.0,8102,6409,99,2073540864
tiledb,node,256,0,warm,random,8192,,,128,7,289.2483199830167,0,0,0,6.225408482,32768,32759,,0.999725341796875,,1.0002747336609787,,,,,,32739,30755,17252864,6837805056,0.208347,0.092489,0.036419,0.01007,0.00892,288.170877,0.00852,0.0,0.0,0.267706,0.918117,191.923794,0.0,0.123248,0.051629,0.181218,0.016939,8126,8114,8100,1,64912,4154368,4154368,3.61984,1.52805,6.2574700000000005,102.81800000000001,46.942299999999996,1.14067,191.72,8100,6373,97,2079309440
tiledb,node,256,0,warm,random,8192,,,128,8,320.19880501320586,0,0,0,6.589172889,32768,32760,,0.999755859375,,1.0002442002442002,,,,,,32742,30702,17263616,6831403008,0.202667,0.093359,0.036829,0.00986,0.00948,319.135021,0.033679,0.0,0.0,0.227236,0.823778,247.227003,0.0,0.121838,0.04811,0.174447,0.01784,8114,8107,8083,1,64856,4150784,4150784,3.46592,1.40558,5.7637,139.64499999999998,36.9029,1.15569,246.958,8083,6377,97,2080489376
tiledb,node,256,0,warm,random,8192,,,128,9,317.16002098983154,0,0,0,6.5495341410000005,32768,32763,,0.999847412109375,,1.0001526111772425,,,,,,32736,30890,17277440,6834171904,0.246166,0.091649,0.036019,0.01022,0.00775,316.065347,0.031859,0.0,0.0,0.23746599999999998,0.957336,232.960097,0.0,0.123408,0.04821,0.178397,0.01773,8293,8289,8272,1,66312,4243968,4243968,5.038360000000001,1.96808,7.859579999999999,131.04,38.9167,1.36785,232.739,8272,6523,98,2076556256
tiledb,node,256,0,warm,random,65536,,,128,0,972.3478489904664,0,0,0,26.217567125,262144,261627,,0.9980278015136719,,1.0019760957393542,,,,,,260583,165439,137551872,7084769280,0.757929,0.087979,0.038379,0.012,0.01678,956.022335,0.243606,0.0,0.0,1.319479,7.021285,876.739127,0.0,0.63397,0.068599,14.301695,0.03155,65873,65324,64261,1,522592,33445888,33445888,19.0577,9.14443,34.4419,102.05300000000001,311.346,4.94633,875.501,64261,16085,25,2148007936
tiledb,node,256,0,warm,random,65536,,,128,1,975.5857709678821,0,0,0,25.897094889999998,262144,261609,,0.9979591369628906,,1.0020450366768727,,,,,,260581,165709,137506304,7079546880,0.754248,0.084099,0.039629,0.01176,0.01671,930.815724,0.138258,0.0,0.0,1.246661,6.868087,853.217891,0.0,0.63566,0.069699,42.774647,0.03077,65843,65333,64278,1,522664,33450496,33450496,18.947100000000002,9.33935,35.5279,79.3702,60.7459,89.66799999999999,851.976,64278,16081,25,2147614624
tiledb,node,256,0,warm,random,65536,,,128,2,1059.3259619781747,0,0,0,26.232368946999998,262144,261642,,0.9980850219726562,,1.0019186522041568,,,,,,260678,165881,137528832,7080144896,0.306555,0.084939,0.037629,0.01051,0.01687,1056.891768,0.220296,0.0,0.0,1.210751,6.784038,1006.140852,0.0,0.63072,0.068219,0.880207,0.03017,65372,64861,63903,1,518888,33208832,33208832,20.123700000000003,10.7673,37.2096,85.5032,148.74499999999998,72.33539999999999,1004.9200000000001,63903,16074,25,2147745728
tiledb,node,256,0,warm,random,65536,,,128,3,966.5029169991612,0,0,0,25.609417857,262144,261637,,0.9980659484863281,,1.0019377993173748,,,,,,260688,165768,137579520,7080878080,0.305035,0.085328,0.03852,0.01152,0.016859,964.091204,0.05644,0.0,0.0,1.210912,6.799448,882.077566,0.0,0.63432,0.068019,0.872206,0.02926,65706,65214,64274,1,521712,33389568,33389568,19.805799999999998,10.7219,37.504599999999996,103.503,320.71,3.53702,880.849,64274,16085,25,2147876832
tiledb,node,256,0,warm,random,65536,,,128,4,1017.5746090244502,0,0,0,25.848828220999998,262144,261619,,0.9979972839355469,,1.0020067349848443,,,,,,260580,165843,137348608,7080157184,0.245447,0.085639,0.03814,0.010839,0.01655,1015.208875,0.053559,0.0,0.0,1.3441990000000001,6.810878,957.405034,0.0,0.633351,0.062739,0.874617,0.032199,65451,64937,63984,1,519496,33247744,33247744,18.907400000000003,9.35812,35.613600000000005,94.5997,203.746,88.53450000000001,956.125,63984,16064,25,2148007936
tiledb,node,256,0,warm,random,65536,,,128,5,959.4337529852055,0,0,0,25.827397107,262144,261647,,0.9981040954589844,,1.0018995058227307,,,,,,260634,165636,137368064,7079739392,0.260656,0.086069,0.038709,0.01182,0.01745,957.052579,0.053389,0.0,0.0,1.252881,6.827477,877.356548,0.0,0.633631,0.068599,0.871587,0.029829,65643,65171,64168,1,521368,33367552,33367552,20.7018,9.89226,38.2336,92.1708,223.425,9.31293,875.907,64168,16092,25,2148007936
tiledb,node,256,0,warm,random,65536,,,128,6,979.9855139572173,0,0,0,26.462213640999998,262144,261607,,0.9979515075683594,,1.0020526973666606,,,,,,260609,165752,137446912,7080296448,0.284876,0.086259,0.038989,0.01258,0.017,977.496221,0.053569,0.0,0.0,1.256741,6.862827,893.565634,0.0,0.636991,0.146978,0.875647,0.030919,65744,65227,64247,1,521816,33396224,33396224,21.009,10.318000000000001,39.4388,114.4,318.552,4.99871,892.34,64247,16113,25,2148007936
tiledb,node,256,0,warm,random,65536,,,128,7,1019.7075469768606,0,0,0,26.417552688,262144,261597,,0.9979133605957031,,1.0020910025726595,,,,,,260572,165807,137393664,7080415232,0.310875,0.083908,0.03876,0.01124,0.016899,1017.280444,0.05624,0.0,0.0,1.208782,6.832387,922.771635,0.0,0.630861,0.070669,0.878567,0.030279,65705,65148,64106,1,521184,33355776,33355776,20.3845,10.2172,37.6856,140.875,328.03700000000003,4.2208000000000006,921.5400000000001,64106,16076,25,2147876832
tiledb,node,256,0,warm,random,65536,,,128,8,975.6855290033855,0,0,0,25.88856733,262144,261629,,0.9980354309082031,,1.0019684362207553,,,,,,260622,165795,137432064,7080333312,0.295765,0.084959,0.038639,0.0117,0.01736,973.261905,0.05253,0.0,0.0,1.222442,6.853397,888.583529,0.0,0.63621,0.070849,0.882536,0.02965,65838,65342,64347,1,522736,33455104,33455104,19.5071,9.33939,37.155899999999995,109.36999999999999,311.997,3.27255,887.347,64347,16091,25,2147876832
tiledb,node,256,0,warm,random,65536,,,128,9,994.017924007494,0,0,0,25.723594922,262144,261633,,0.9980506896972656,,1.0019531175348675,,,,,,260582,166024,137373696,7081009152,0.297786,0.083219,0.03668,0.010289,0.01683,991.635579,0.052129,0.0,0.0,1.260801,7.038364,934.233902,0.0,0.633201,0.069329,0.867527,0.02936,65478,64947,63974,1,519576,33252864,33252864,20.5987,10.5224,36.684000000000005,86.9139,300.803,2.7897600000000002,933.009,63974,16074,25,2148007936
tiledb,node,256,0,warm,window_256,1024,,,128,0,1.8997919978573918,0,0,0,0.010357333,4096,1002,,0.24462890625,,4.087824351297405,,,,,,25,8,3136000,6795661312,0.109619,0.0,0.0,0.008299,0.0,0.00022,0.0,0.0,0.0,0.0,0.0,0.0,0.0,0.0,0.0,1.672165,0.01138,0,0,0,0,0,0,0,0.0,0.0,0.0,0.0,0.0,0.0,0.0,0,0,0,0
tiledb,node,256,0,warm,window_256,1024,,,128,1,1.6038650064729154,0,0,0,0.009178962,4096,1009,,0.246337890625,,4.059464816650149,,,,,,18,8,2445824,6795546624,0.116698,0.032009,0.03171,0.00789,0.00607,0.924726,0.001529,0.0,0.0,0.03285,0.00311,0.612531,0.0,0.014199,0.01949,0.331825,0.01118,1024,251,5,1,2008,128512,128512,0.29419500000000004,0.117556,0.338285,0.079549,0.059389,0.024620000000000003,0.5938410000000001,5,2,1,262208
tiledb,node,256,0,warm,window_256,1024,,,128,2,1.319139963015914,0,0,0,0.00894562,4096,1007,,0.245849609375,,4.067527308838133,,,,,,20,8,1752064,6795436032,0.122188,0.03138,0.031409,0.00846,0.00603,0.923536,0.00159,0.0,0.0,0.032079,0.00296,0.603561,0.0,0.01417,0.019339,0.04902,0.010679,1024,252,5,1,2016,129024,129024,0.273766,0.108779,0.307145,0.084869,0.065149,0.050539,0.584511,5,2,1,262208
tiledb,node,256,0,warm,window_256,1024,,,128,3,1.482058025430888,0,0,0,0.009251904,4096,1010,,0.24658203125,,4.0554455445544555,,,,,,18,8,2446336,6795427840,0.100458,0.03125,0.028089,0.00838,0.00608,0.894957,0.00127,0.0,0.0,0.02456,0.00326,0.62813,0.0,0.013599,0.01841,0.259236,0.01076,1024,252,5,1,2016,129024,129024,0.280346,0.129226,0.323996,0.092289,0.071529,0.027109,0.611221,5,2,1,262208
tiledb,node,256,0,warm,window_256,1024,,,128,4,1.4398280181922019,0,0,0,0.009068933,4096,1007,,0.245849609375,,4.067527308838133,,,,,,20,8,2447872,6795427840,0.093009,0.03186,0.027679,0.00814,0.00692,0.879797,0.00167,0.0,0.0,0.026000000000000002,0.00386,0.63174,0.0,0.01413,0.019679,0.232527,0.01151,1024,251,6,1,2008,128512,128512,0.30148600000000003,0.133536,0.338735,0.08367899999999999,0.06975899999999999,0.038289,0.6140810000000001,6,2,1,262208
tiledb,node,256,0,warm,window_256,1024,,,128,5,1.5367160085588694,0,0,0,0.009275519999999999,4096,1009,,0.246337890625,,4.059464816650149,,,,,,19,8,2446848,6795423744,0.118728,0.031729,0.02767,0.00781,0.00593,1.064074,0.00449,0.0,0.0,0.026379000000000003,0.00416,0.786058,0.0,0.01617,0.022439,0.136208,0.01097,2048,503,11,1,4024,257536,257536,0.41160399999999997,0.22323800000000002,0.44915299999999997,0.109838,0.062629,0.02548,0.7681279999999999,11,4,2,524416
tiledb,node,256,0,warm,window_256,1024,,,128,6,1.4274390414357185,0,0,0,0.008699127,4096,1006,,0.24560546875,,4.071570576540755,,,,,,22,8,2444288,6795370496,0.096539,0.031549,0.02802,0.00787,0.00689,0.845657,0.00143,0.0,0.0,0.024509,0.00259,0.589931,0.0,0.0142,0.018759,0.257966,0.01069,1024,252,5,1,2016,129024,129024,0.272896,0.11361,0.317785,0.08710899999999999,0.06347900000000001,0.028249999999999997,0.572731,5,2,1,262208
tiledb,node,256,0,warm,window_256,1024,,,128,7,1.7260340391658247,0,0,0,0.009437133,4096,1012,,0.2470703125,,4.047430830039525,,,,,,16,8,3142144,6795374592,0.123968,0.0,0.0,0.00747,0.0,0.00021,0.0,0.0,0.0,0.0,0.0,0.0,0.0,0.0,0.0,1.509247,0.01029,0,0,0,0,0,0,0,0.0,0.0,0.0,0.0,0.0,0.0,0.0,0,0,0,0
tiledb,node,256,0,warm,window_256,1024,,,128,8,1.5904660103842616,0,0,0,0.00879086,4096,1008,,0.24609375,,4.063492063492063,,,,,,19,8,3139584,6795362304,0.117768,0.085709,0.027159,0.00848,0.00605,1.148473,0.00566,0.0,0.0,0.026279,0.00519,0.855957,0.0,0.018609,0.0227,0.042899,0.01047,3072,755,15,1,6040,386560,386560,0.41842399999999996,0.235186,0.448043,0.128588,0.105108,0.03545,0.839037,15,6,3,786624
tiledb,node,256,0,warm,window_256,1024,,,128,9,1.4848580467514694,0,0,0,0.008911686,4096,1006,,0.24560546875,,4.071570576540755,,,,,,22,8,2444800,6795337728,0.108479,0.0321,0.02761,0.007789,0.00589,0.874047,0.00151,0.0,0.0,0.025249999999999998,0.00312,0.619181,0.0,0.01423,0.01984,0.287025,0.01091,1024,252,5,1,2016,129024,129024,0.280255,0.120098,0.327105,0.08835799999999999,0.073899,0.029390000000000003,0.601491,5,2,1,262208
tiledb,node,256,0,warm,window_256,8192,,,128,0,1.5333169721998274,0,0,0,0.007989060000000001,32768,1024,,0.03125,,32.0,,,,,,4,8,17912832,6795685888,0.162827,0.087589,0.027009,0.00855,0.0063,0.66821,0.00214,0.0,0.0,0.02767,0.00202,0.393954,0.0,0.01446,0.024939,0.421634,0.01274,8192,256,1,1,2048,131072,131072,0.098859,0.029410000000000002,0.13229800000000003,0.068688,0.070849,0.02716,0.376925,1,2,1,262208
tiledb,node,256,0,warm,window_256,8192,,,128,1,2.4214129662141204,0,0,0,0.01072674,32768,1024,,0.03125,,32.0,,,,,,4,8,17912832,6795931648,0.461063,0.087148,0.03,0.00812,0.00619,0.875126,0.00133,0.0,0.0,0.024609000000000002,0.00215,0.574171,0.0,0.01588,0.024,0.792928,0.01242,16384,512,2,1,4096,262144,262144,0.162387,0.08291899999999999,0.203937,0.130378,0.08279900000000001,0.027290000000000002,0.557352,2,4,2,524416
tiledb,node,256,0,warm,window_256,8192,,,128,2,1.9053020514547825,0,0,0,0.00893089,32768,1024,,0.03125,,32.0,,,,,,4,8,17912832,6795784192,0.493912,0.0,0.0,0.00781,0.0,0.0002,0.0,0.0,0.0,0.0,0.0,0.0,0.0,0.0,0.0,1.31022,0.01261,0,0,0,0,0,0,0,0.0,0.0,0.0,0.0,0.0,0.0,0.0,0,0,0,0
tiledb,node,256,0,warm,window_256,8192,,,128,3,1.6380950110033154,0,0,0,0.008519456,32768,1024,,0.03125,,32.0,,,,,,4,8,17912832,6795919360,0.174747,0.089589,0.028859,0.00853,0.00685,0.847717,0.00441,0.0,0.0,0.025689,0.00225,0.569442,0.0,0.01689,0.02559,0.313026,0.01264,16384,512,2,1,4096,262144,262144,0.158608,0.079278,0.19320700000000002,0.122858,0.080009,0.029029,0.551072,2,4,2,524416
tiledb,node,256,0,warm,window_256,8192,,,128,4,1.625385950319469,0,0,0,0.008215542,32768,1024,,0.03125,,32.0,,,,,,4,8,17912832,6795776000,0.164958,0.086258,0.0263,0.00789,0.0061,0.601181,0.00118,0.0,0.0,0.025019,0.00178,0.353865,0.0,0.01382,0.023169,0.575981,0.01144,8192,256,1,1,2048,131072,131072,0.07038900000000001,0.030309,0.102539,0.077998,0.05498,0.021879,0.337055,1,2,1,262208
tiledb,node,256,0,warm,window_256,8192,,,128,5,1.6179060330614448,0,0,0,0.008292279999999999,32768,1024,,0.03125,,32.0,,,,,,4,8,17912832,6795771904,0.164418,0.085918,0.02881,0.00815,0.00691,0.846177,0.00429,0.0,0.0,0.024329,0.00235,0.581821,0.0,0.01611,0.024769,0.315266,0.012589,16384,512,2,1,4096,262144,262144,0.19952699999999998,0.11022900000000001,0.23761600000000002,0.104738,0.07750900000000001,0.02142,0.5651919999999999,2,4,2,524416
tiledb,node,256,0,warm,window_256,8192,,,128,6,1.8084229668602347,0,0,0,0.009151934,32768,1024,,0.03125,,32.0,,,,,,4,8,22633472,6795894784,0.153688,0.0,0.0,0.00822,0.0,0.00024,0.0,0.0,0.0,0.0,0.0,0.0,0.0,0.0,0.0,1.532767,0.01271,0,0,0,0,0,0,0,0.0,0.0,0.0,0.0,0.0,0.0,0.0,0,0,0,0
tiledb,node,256,0,warm,window_256,8192,,,128,7,1.949540979694575,0,0,0,0.00988538,32768,1024,,0.03125,,32.0,,,,,,4,8,22633472,6795882496,0.157337,0.072359,0.027899,0.00821,0.00479,1.103884,0.00184,0.0,0.0,0.02365,0.00252,0.783038,0.0,0.019509,0.02578,0.406204,0.013389,24576,768,3,1,6144,393216,393216,0.293715,0.139928,0.330285,0.147558,0.098409,0.044459000000000005,0.765818,3,6,3,786624
tiledb,node,256,0,warm,window_256,8192,,,128,8,1.4760679914616048,0,0,0,0.00816698,32768,1024,,0.03125,,32.0,,,,,,4,8,17912832,6795739136,0.158028,0.087619,0.02666,0.00818,0.006509,0.742859,0.00137,0.0,0.0,0.02592,0.00218,0.480183,0.0,0.01613,0.02454,0.281985,0.01268,16384,512,2,1,4096,262144,262144,0.144128,0.07281,0.182557,0.083939,0.07833799999999999,0.02352,0.463743,2,4,2,524416
tiledb,node,256,0,warm,window_256,8192,,,128,9,1.6775340191088617,0,0,0,0.00841903,32768,1024,,0.03125,,32.0,,,,,,4,8,13192192,6795579392,0.192127,0.085709,0.029149,0.00783,0.00601,0.618041,0.00127,0.0,0.0,0.024879,0.00183,0.370335,0.0,0.013659,0.02433,0.587961,0.01287,8192,256,1,1,2048,131072,131072,0.084829,0.029759999999999998,0.117868,0.087308,0.050349000000000005,0.02336,0.353905,1,2,1,262208
tiledb,node,256,0,warm,window_256,65536,,,128,0,3.805612970609218,0,0,0,0.016693944,262144,1024,,0.00390625,,256.0,,,,,,4,8,218703872,6795902976,0.214326,0.091629,0.029899,0.00842,0.00701,1.076064,0.00678,0.0,0.0,0.025709,0.00678,0.71209,0.0,0.02136,0.090748,2.142028,0.030549,262144,1024,4,1,8192,524288,524288,0.237427,0.143017,0.274956,0.139308,0.109219,0.027039999999999998,0.69533,4,8,4,1048832
tiledb,node,256,0,warm,window_256,65536,,,128,1,3.0757240019738674,0,0,0,0.013165382,262144,1024,,0.00390625,,256.0,,,,,,4,8,143177728,6796906496,0.175387,0.075989,0.028419,0.00826,0.00706,0.69294,0.00135,0.0,0.0,0.02515,0.001879,0.378625,0.0,0.014279,0.03278,1.905431,0.0249,65536,256,1,1,2048,131072,131072,0.06566899999999999,0.024119,0.09690900000000001,0.07561899999999999,0.083688,0.02709,0.361225,1,2,1,262208
tiledb,node,256,0,warm,window_256,65536,,,128,2,3.6511060316115618,0,0,0,0.014289524,262144,1024,,0.00390625,,256.0,,,,,,4,8,143177728,6796910592,0.180507,0.083188,0.02749,0.00845,0.0074,0.783588,0.00154,0.0,0.0,0.025568999999999998,0.00242,0.496683,0.0,0.01701,0.053529,2.350914,0.02522,131072,512,2,1,4096,262144,262144,0.139148,0.068679,0.170607,0.12278800000000001,0.068829,0.015889999999999998,0.479763,2,4,2,524416
tiledb,node,256,0,warm,window_256,65536,,,128,3,3.659225010778755,0,0,0,0.015060272999999999,262144,1024,,0.00390625,,256.0,,,,,,4,8,143177728,6796906496,0.183717,0.083799,0.029209,0.008,0.00696,0.897356,0.00419,0.0,0.0,0.024259999999999997,0.002229,0.607281,0.0,0.01674,0.053439,2.243767,0.024899,131072,512,2,1,4096,262144,262144,0.170408,0.092758,0.212787,0.14843699999999999,0.087219,0.021679999999999998,0.590311,2,4,2,524416
tiledb,node,256,0,warm,window_256,65536,,,128,4,3.100644040387124,0,0,0,0.014426544,262144,1024,,0.00390625,,256.0,,,,,,4,8,143177728,6797955072,0.185628,0.083269,0.02939,0.00797,0.0068,0.829117,0.001189,0.0,0.0,0.02532,0.00222,0.533282,0.0,0.01727,0.053389,1.750054,0.025199,131072,512,2,1,4096,262144,262144,0.141698,0.05685,0.181657,0.13233799999999998,0.08656900000000001,0.023108999999999998,0.517042,2,4,2,524416
tiledb,node,256,0,warm,window_256,65536,,,128,5,2.7643890352919698,0,0,0,0.012370614,262144,1024,,0.00390625,,256.0,,,,,,4,8,143177728,6796890112,0.172907,0.075599,0.027569,0.00837,0.00685,0.68301,0.00114,0.0,0.0,0.02426,0.00179,0.401873,0.0,0.015119,0.03221,1.608706,0.024099,65536,256,1,1,2048,131072,131072,0.066079,0.030249,0.099349,0.071859,0.064049,0.02828,0.384474,1,2,1,262208
tiledb,node,256,0,warm,window_256,65536,,,128,6,3.655924985650927,0,0,0,0.013843638,262144,1024,,0.00390625,,256.0,,,,,,4,8,143177728,6796881920,0.172207,0.082319,0.028339,0.00854,0.00557,0.867277,0.00407,0.0,0.0,0.02392,0.00238,0.584471,0.0,0.01761,0.052339,2.283606,0.026729,131072,512,2,1,4096,262144,262144,0.16014699999999998,0.08433800000000001,0.197797,0.125528,0.09451899999999999,0.030149,0.5672710000000001,2,4,2,524416
tiledb,node,256,0,warm,window_256,65536,,,128,7,3.7923630443401635,0,0,0,0.014654943,262144,1024,,0.00390625,,256.0,,,,,,4,8,143177728,6796877824,0.208007,0.086228,0.02915,0.00877,0.00717,0.902186,0.005999,0.0,0.0,0.02673,0.00251,0.602491,0.0,0.01781,0.054989,2.354984,0.02563,131072,512,2,1,4096,262144,262144,0.145708,0.086839,0.19500699999999999,0.105088,0.09663899999999999,0.039029,0.584571,2,4,2,524416
tiledb,node,256,0,warm,window_256,65536,,,128,8,2.647970977704972,0,0,0,0.012465463999999999,262144,1024,,0.00390625,,256.0,,,,,,4,8,143177728,6796873728,0.176438,0.079018,0.02944,0.00869,0.00696,0.681949,0.00199,0.0,0.0,0.024988999999999997,0.00186,0.413004,0.0,0.01489,0.03357,1.478227,0.02502,65536,256,1,1,2048,131072,131072,0.080539,0.056098999999999996,0.12390799999999999,0.070999,0.070729,0.024849,0.39523400000000003,1,2,1,262208
tiledb,node,256,0,warm,window_256,65536,,,128,9,2.7159089804627,0,0,0,0.013026323999999999,262144,1024,,0.00390625,,256.0,,,,,,4,8,143177728,6797926400,0.162458,0.0,0.0,0.008369,0.0,0.00021,0.0,0.0,0.0,0.0,0.0,0.0,0.0,0.0,0.0,2.425724,0.023789,0,0,0,0,0,0,0,0.0,0.0,0.0,0.0,0.0,0.0,0.0,0,0,0,0
tiledb,node,256,0,warm,window_4096,1024,,,128,0,5.4075479856692255,0,0,0,0.036150893999999996,4096,3596,,0.8779296875,,1.139043381535039,,,,,,2785,68,3111936,6801403904,0.120748,0.02941,0.026879,0.00819,0.00462,3.273971,0.00628,0.0,0.0,0.04529,0.097918,2.233586,0.0,0.025779,0.02028,1.787573,0.01054,1024,893,692,1,7144,457216,457216,0.969046,0.40464100000000003,1.18271,0.6170709999999999,0.172307,0.03729,2.1967499999999998,692,17,1,2228768
tiledb,node,256,0,warm,window_4096,1024,,,128,1,5.475318001117557,0,0,0,0.036183315,4096,3616,,0.8828125,,1.1327433628318584,,,,,,2840,68,3123712,6799622144,0.097159,0.0317,0.035739,0.00865,0.0062,3.383839,0.00578,0.0,0.0,0.04977,0.094608,2.385104,0.0,0.01981,0.01893,1.718845,0.011229,1024,894,705,1,7152,457728,457728,1.03901,0.36714199999999997,1.25305,0.62645,0.212017,0.041869,2.34345,705,17,1,2228768
tiledb,node,256,0,warm,window_4096,1024,,,128,2,5.0425740191712976,0,0,0,0.032628606,4096,3608,,0.880859375,,1.1352549889135255,,,,,,2822,68,3111424,6800252928,0.398184,0.03242,0.028399,0.00813,0.00705,4.349584,0.00965,0.0,0.0,0.073458,0.175128,3.031324,0.0,0.02792,0.02302,0.04041,0.00934,2048,1804,1387,1,14432,923648,923648,1.30266,0.502973,1.66806,0.7155389999999999,0.26677599999999996,0.051489,2.96905,1387,34,2,4457536
tiledb,node,256,0,warm,window_4096,1024,,,128,3,4.733879002742469,0,0,0,0.033584685,4096,3621,,0.884033203125,,1.1311792322562828,,,,,,2839,67,3113472,6799446016,0.115409,0.03175,0.029159,0.0088,0.00615,3.190312,0.0028,0.0,0.0,0.05073,0.095138,2.253396,0.0,0.02134,0.020659,1.190712,0.01121,1024,906,715,1,7248,463872,463872,1.0912899999999999,0.423049,1.3292,0.451773,0.183527,0.034588999999999995,2.2134300000000002,715,17,1,2228768
tiledb,node,256,0,warm,window_4096,1024,,,128,4,7.600314973387867,0,0,0,0.042929761000000004,4096,3607,,0.880615234375,,1.1355697255336845,,,,,,2841,67,4143104,6800203776,0.093178,0.03094,0.027369,0.0082,0.00603,2.817138,0.00517,0.0,0.0,0.0461,0.092928,2.00477,0.0,0.019989,0.01905,4.450943,0.01117,1024,892,720,1,7136,456704,456704,0.933086,0.380345,1.15601,0.42289299999999996,0.159858,0.035489,1.9660099999999998,720,17,1,2228768
tiledb,node,256,0,warm,window_4096,1024,,,128,5,5.381328985095024,0,0,0,0.037112671,4096,3641,,0.888916015625,,1.1249656687723153,,,,,,2810,68,3125760,6800121856,0.122648,0.0,0.0,0.007889,0.0,0.0002,0.0,0.0,0.0,0.0,0.0,0.0,0.0,0.0,0.0,5.163073,0.00932,0,0,0,0,0,0,0,0.0,0.0,0.0,0.0,0.0,0.0,0.0,0,0,0,0
tiledb,node,256,0,warm,window_4096,1024,,,128,6,4.92938602110371,0,0,0,0.035423749,4096,3622,,0.88427734375,,1.1308669243511873,,,,,,2835,68,3117568,6800023552,0.136977,0.03211,0.033399,0.00833,0.00722,4.491472,0.00905,0.0,0.0,0.068188,0.175208,3.126883,0.0,0.02811,0.02337,0.059599,0.01068,2048,1816,1415,1,14528,929792,929792,1.1664100000000002,0.44047200000000003,1.53867,0.8918360000000001,0.298206,0.049159,3.0614000000000003,1415,34,2,4457536
tiledb,node,256,0,warm,window_4096,1024,,,128,7,6.935295998118818,0,0,0,0.041268627,4096,3640,,0.888671875,,1.1252747252747253,,,,,,2834,68,4149760,6800687104,0.103298,0.085588,0.0269,0.00906,0.00742,6.458253,0.01068,0.0,0.0,0.075459,0.320745,4.406223,0.0,0.038899,0.02341,0.046329,0.01068,3072,2728,2130,1,21824,1396736,1396736,1.7183000000000002,0.61403,2.3335600000000003,1.02686,0.504593,0.06075,4.32226,2130,51,3,6686304
tiledb,node,256,0,warm,window_4096,1024,,,128,8,3.792233008425683,0,0,0,0.030567614,4096,3636,,0.8876953125,,1.1265126512651265,,,,,,2812,67,2095104,6798561280,0.139718,0.031329,0.02762,0.00809,0.00608,3.377919,0.007439,0.0,0.0,0.048029,0.093059,2.405364,0.0,0.02017,0.01856,0.053049,0.01055,1024,914,692,1,7312,467968,467968,0.971855,0.42410400000000004,1.21034,0.6810390000000001,0.204687,0.036739999999999995,2.36069,692,17,1,2228768
tiledb,node,256,0,warm,window_4096,1024,,,128,9,5.026924016419798,0,0,0,0.03508583,4096,3644,,0.8896484375,,1.12403951701427,,,,,,2842,67,3125248,6799282176,0.103908,0.032639,0.02774,0.00888,0.00686,4.61134,0.00857,0.0,0.0,0.068859,0.181118,3.208922,0.0,0.02861,0.02269,0.058619,0.010599,2048,1831,1424,1,14648,937472,937472,1.21096,0.443632,1.60345,0.8583770000000001,0.361585,0.047869,3.14485,1424,34,2,4457536
tiledb,node,256,0,warm,window_4096,8192,,,128,0,4.997113952413201,0,0,0,0.033983083,32768,14167,,0.432342529296875,,2.3129808710383286,,,,,,1951,68,21692928,6799126528,0.165047,0.0,0.0,0.00827,0.0,0.00019,0.0,0.0,0.0,0.0,0.0,0.0,0.0,0.0,0.0,4.718089,0.01246,0,0,0,0,0,0,0,0.0,0.0,0.0,0.0,0.0,0.0,0.0,0,0,0,0
tiledb,node,256,0,warm,window_4096,8192,,,128,1,5.174552032258362,0,0,0,0.03200432,32768,14213,,0.433746337890625,,2.3054949693942164,,,,,,1879,68,21692928,6798729216,0.162258,0.0,0.0,0.00817,0.0,0.00023,0.0,0.0,0.0,0.0,0.0,0.0,0.0,0.0,0.0,4.895637,0.013079,0,0,0,0,0,0,0,0.0,0.0,0.0,0.0,0.0,0.0,0.0,0,0,0,0
tiledb,node,256,0,warm,window_4096,8192,,,128,2,5.196771991904825,0,0,0,0.033495987,32768,14204,,0.4334716796875,,2.3069557871022246,,,,,,1906,68,21692928,6799314944,0.194817,0.089199,0.027699,0.00903,0.00813,4.332445,0.032969,0.0,0.0,0.055589,0.121588,3.034375,0.0,0.079758,0.02509,0.315395,0.013,16384,7093,953,1,56744,3631616,3631616,1.04801,0.423834,1.33792,0.914376,0.315395,0.07614900000000001,2.98562,953,34,2,4457536
tiledb,node,256,0,warm,window_4096,8192,,,128,3,5.437757994513959,0,0,0,0.035795541,32768,14142,,0.43157958984375,,2.317069721397256,,,,,,1925,68,21692928,6798651392,0.487203,0.087709,0.02679,0.00819,0.007389,4.273026,0.02439,0.0,0.0,0.05402900000000001,0.131588,2.914546,0.0,0.076589,0.02495,0.316915,0.01281,16384,7040,985,1,56320,3604480,3604480,0.9849259999999999,0.406916,1.3051,0.818507,0.36056499999999997,0.11560799999999999,2.8666400000000003,985,34,3,4457536
tiledb,node,256,0,warm,window_4096,8192,,,128,4,4.929685965180397,0,0,0,0.031039309,32768,14161,,0.432159423828125,,2.3139608784690346,,,,,,1941,68,21692928,6798651392,0.161177,0.0,0.0,0.00795,0.0,0.00027,0.0,0.0,0.0,0.0,0.0,0.0,0.0,0.0,0.0,4.65302,0.01302,0,0,0,0,0,0,0,0.0,0.0,0.0,0.0,0.0,0.0,0.0,0,0,0,0
tiledb,node,256,0,warm,window_4096,8192,,,128,5,3.642335010226816,0,0,0,0.028767244,32768,14159,,0.432098388671875,,2.3142877321844764,,,,,,1930,68,14801408,6797836288,0.192477,0.087639,0.02754,0.00815,0.00709,2.835287,0.018419,0.0,0.0,0.046489,0.061719,2.066929,0.0,0.045269,0.02425,0.300195,0.01291,8192,3523,496,1,28184,1803776,1803776,0.8677469999999999,0.400983,1.0689899999999999,0.484333,0.20277699999999999,0.054999,2.03424,496,17,1,2228768
tiledb,node,256,0,warm,window_4096,8192,,,128,6,6.59700104733929,0,0,0,0.041054593,32768,14144,,0.431640625,,2.316742081447964,,,,,,1913,68,27458560,6799425536,0.174357,0.074029,0.02966,0.009439,0.00835,5.638206,0.04178,0.0,0.0,0.070839,0.187137,3.927931,0.0,0.110348,0.02466,0.402354,0.0114,24576,10621,1426,1,84968,5437952,5437952,1.45617,0.560842,1.89658,0.967695,0.441133,0.100229,3.8627800000000003,1426,51,3,6686304
tiledb,node,256,0,warm,window_4096,8192,,,128,7,3.941990958992392,0,0,0,0.032016864,32768,14119,,0.430877685546875,,2.3208442524258093,,,,,,1959,68,14793728,6797950976,0.167078,0.090729,0.02793,0.008539,0.00701,3.181672,0.01263,0.0,0.0,0.03943,0.062129,2.105338,0.0,0.04517,0.023519,0.256007,0.012779,8192,3549,468,1,28392,1817088,1817088,0.832068,0.367575,1.00971,0.576542,0.22248600000000002,0.052779,2.076,468,17,1,2228768
tiledb,node,256,0,warm,window_4096,8192,,,128,8,5.294609989505261,0,0,0,0.033262003,32768,14169,,0.432403564453125,,2.312654386336368,,,,,,1899,68,21692928,6798618624,0.163447,0.0,0.0,0.00803,0.0,0.00022,0.0,0.0,0.0,0.0,0.0,0.0,0.0,0.0,0.0,5.010685,0.013459,0,0,0,0,0,0,0,0.0,0.0,0.0,0.0,0.0,0.0,0.0,0,0,0,0
tiledb,node,256,0,warm,window_4096,8192,,,128,9,5.171581986360252,0,0,0,0.037194871,32768,14168,,0.432373046875,,2.312817617165443,,,,,,1908,68,21692928,6798659584,0.166837,0.087899,0.027239,0.00819,0.00754,4.316555,0.00748,0.0,0.0,0.043909000000000004,0.126548,2.958126,0.0,0.079199,0.0251,0.327085,0.013029,16384,7084,943,1,56672,3627008,3627008,1.02566,0.465336,1.36266,0.814798,0.307605,0.09590900000000001,2.91517,943,34,2,4457536
tiledb,node,256,0,warm,window_4096,65536,,,128,0,5.56527596199885,0,0,0,0.029278018,262144,16384,,0.0625,,16.0,,,,,,4,68,144179712,6794903552,0.181987,0.084899,0.028029,0.00829,0.00814,2.698299,0.02876,0.0,0.0,0.0239,0.00408,1.717574,0.0,0.088629,0.054739,2.278516,0.025039,131072,8192,2,1,65536,4194304,4194304,0.149478,0.06663000000000001,0.198137,0.8714569999999999,0.35260400000000003,0.07685900000000001,1.7023,2,34,2,4457536
tiledb,node,256,0,warm,window_4096,65536,,,128,1,4.027659015264362,0,0,0,0.023868845,262144,16384,,0.0625,,16.0,,,,,,4,68,106430976,6794588160,0.195487,0.078169,0.028529,0.00833,0.00697,1.797393,0.0044,0.0,0.0,0.026909000000000002,0.00275,1.105754,0.0,0.050639,0.03209,1.699495,0.024079,65536,4096,1,1,32768,2097152,2097152,0.063879,0.040139,0.096469,0.514152,0.244516,0.070519,1.0889,1,17,1,2228768
tiledb,node,256,0,warm,window_4096,65536,,,128,2,5.619904957711697,0,0,0,0.027183089,262144,16384,,0.0625,,16.0,,,,,,4,68,144179712,6795833344,0.195567,0.084639,0.02816,0.00823,0.00781,2.725498,0.030209,0.0,0.0,0.025990000000000003,0.00417,1.748813,0.0,0.086709,0.055509,2.289316,0.025379,131072,8192,2,1,65536,4194304,4194304,0.133828,0.058087999999999994,0.180268,0.886106,0.400354,0.075079,1.73285,2,34,2,4457536
tiledb,node,256,0,warm,window_4096,65536,,,128,3,4.700808960478753,0,0,0,0.02412643,262144,16384,,0.0625,,16.0,,,,,,4,68,144179712,6795960320,0.185227,0.076819,0.029559,0.00812,0.00703,1.802293,0.00503,0.0,0.0,0.024429,0.0027,1.241152,0.0,0.049799,0.03264,2.374354,0.024469,65536,4096,1,1,32768,2097152,2097152,0.097079,0.055719,0.135308,0.63856,0.200687,0.053309,1.2248,1,17,1,2228768
tiledb,node,256,0,warm,window_4096,65536,,,128,4,5.250690970569849,0,0,0,0.025130388,262144,16384,,0.0625,,16.0,,,,,,4,68,144179712,6795821056,0.183648,0.084779,0.02841,0.008049,0.00828,2.381435,0.02234,0.0,0.0,0.02437,0.00409,1.597866,0.0,0.087188,0.053989,2.279276,0.02478,131072,8192,2,1,65536,4194304,4194304,0.140148,0.07847900000000001,0.186658,0.775609,0.280666,0.109578,1.58132,2,34,2,4457536
tiledb,node,256,0,warm,window_4096,65536,,,128,5,5.189571995288134,0,0,0,0.024787789,262144,16384,,0.0625,,16.0,,,,,,4,68,144179712,6795804672,0.188447,0.084859,0.027599,0.0082,0.00792,2.292765,0.00739,0.0,0.0,0.024369,0.00426,1.636136,0.0,0.085989,0.054349,2.305306,0.022819,131072,8192,2,1,65536,4194304,4194304,0.18085700000000002,0.097328,0.235117,0.7965679999999999,0.278526,0.076588,1.61985,2,34,2,4457536
tiledb,node,256,0,warm,window_4096,65536,,,128,6,5.332099972292781,0,0,0,0.025284672,262144,16384,,0.0625,,16.0,,,,,,4,68,144179712,6795808768,0.185318,0.084889,0.02751,0.008159,0.00799,2.457003,0.00762,0.0,0.0,0.02422,0.00425,1.679624,0.0,0.087289,0.052929,2.284856,0.025139,131072,8192,2,1,65536,4194304,4194304,0.132079,0.060779,0.174678,0.8906660000000001,0.314396,0.083498,1.66322,2,34,2,4457536
tiledb,node,256,0,warm,window_4096,65536,,,128,7,5.505496985279024,0,0,0,0.025988775999999998,262144,16384,,0.0625,,16.0,,,,,,4,68,144179712,6795792384,0.190837,0.084678,0.03011,0.00856,0.00801,2.61786,0.031999,0.0,0.0,0.02459,0.00415,1.710204,0.0,0.085939,0.054739,2.285526,0.024649,131072,8192,2,1,65536,4194304,4194304,0.154628,0.079959,0.189777,0.878717,0.319365,0.100229,1.69393,2,34,2,4457536
tiledb,node,256,0,warm,window_4096,65536,,,128,8,4.613010969478637,0,0,0,0.023699208,262144,16384,,0.0625,,16.0,,,,,,4,68,144179712,6795776000,0.174978,0.077679,0.02762,0.00834,0.007229,1.448359,0.00432,0.0,0.0,0.02426,0.00254,1.015405,0.0,0.050799,0.032619,2.64809,0.02393,65536,4096,1,1,32768,2097152,2097152,0.062359000000000005,0.02469,0.092878,0.477642,0.239757,0.036619000000000006,0.998725,1,17,1,2228768
tiledb,node,256,0,warm,window_4096,65536,,,128,9,5.444298963993788,0,0,0,0.029070974,262144,16384,,0.0625,,16.0,,,,,,4,68,144179712,6795780096,0.206027,0.083389,0.02918,0.00781,0.007869,2.555912,0.02861,0.0,0.0,0.024919,0.00434,1.710985,0.0,0.088539,0.054769,2.286225,0.02515,131072,8192,2,1,65536,4194304,4194304,0.186727,0.110777,0.228987,0.803348,0.336545,0.102689,1.6943,2,34,2,4457536
tiledb,node,256,0,warm,window_65536,1024,,,128,0,28.27388496370986,0,0,0,0.211058928,4096,4062,,0.99169921875,,1.0083702609551946,,,,,,4010,1007,3229696,6797443072,0.113678,0.033349,0.03585,0.01037,0.00714,27.673314,0.015059,0.0,0.0,0.08307,0.237166,20.169846,0.0,0.049729,0.035109,0.077499,0.01477,2048,2035,2010,1,16280,1041920,1041920,1.63616,0.716681,2.3036499999999998,11.3843,3.8400700000000003,0.12371800000000001,19.9915,2010,503,2,67256352
tiledb,node,256,0,warm,window_65536,1024,,,128,1,28.993014013394713,0,0,0,0.201832541,4096,4056,,0.990234375,,1.009861932938856,,,,,,3995,1012,3227136,6798462976,0.110748,0.03466,0.036359,0.00998,0.00717,28.340164,0.015049,0.0,0.0,0.10588900000000001,0.235796,19.392819,0.0,0.052889,0.043629,0.078448,0.01528,2048,2030,2005,1,16240,1039360,1039360,1.7096500000000001,0.673799,2.3571,10.7808,3.82895,0.12725799999999998,19.3,2005,506,2,67387456
tiledb,node,256,0,warm,window_65536,1024,,,128,2,38.14697603229433,0,0,0,0.251213234,4096,4066,,0.99267578125,,1.0073782587309394,,,,,,4000,1016,4314624,6799515648,0.186307,0.086549,0.031839,0.0093,0.00741,37.402958,0.01711,0.0,0.0,0.132757,0.356805,25.398478,0.0,0.066638,0.04157,0.078969,0.01501,3072,3050,2996,1,24400,1561600,1561600,2.08145,0.751156,3.0162999999999998,13.2683,5.57716,0.173397,25.2548,2996,762,3,101081184
tiledb,node,256,0,warm,window_65536,1024,,,128,3,28.644678997807205,0,0,0,0.21283153600000002,4096,4061,,0.991455078125,,1.0086185668554544,,,,,,4014,1004,3227136,6799589376,0.622951,0.033269,0.03863,0.009679,0.00618,27.600585,0.01102,0.0,0.0,0.107798,0.235767,20.005609,0.0,0.03294,0.026969,0.062599,0.01436,2048,2024,1992,1,16192,1036288,1036288,1.5584,0.6515209999999999,2.16037,12.6294,3.19905,0.103398,19.9114,1992,425,1,56636928
tiledb,node,256,0,warm,window_65536,1024,,,128,4,27.96925895381719,0,0,0,0.20088145200000002,4096,4063,,0.991943359375,,1.008122077282796,,,,,,3989,1005,3230720,6798491648,0.191637,0.03446,0.040599,0.00908,0.00709,27.24188,0.00967,0.0,0.0,0.152368,0.266136,18.945465,0.0,0.061199,0.04404,0.083579,0.01374,2048,2037,2001,1,16296,1042944,1042944,1.56642,0.592283,2.26412,10.326500000000001,3.42294,0.120448,18.836,2001,504,2,67256352
tiledb,node,256,0,warm,window_65536,1024,,,128,5,27.549195976462215,0,0,0,0.211277996,4096,4066,,0.99267578125,,1.0073782587309394,,,,,,3991,1014,3228160,6798430208,0.242887,0.03451,0.040209,0.00849,0.00694,26.948795,0.00573,0.0,0.0,0.154567,0.274386,18.920116,0.0,0.037219,0.02913,0.061839,0.014079,2048,2032,1997,1,16256,1040384,1040384,1.6279700000000001,0.7359600000000001,2.2715899999999998,10.196399999999999,3.9160999999999997,0.165548,18.8208,1997,507,2,67256352
tiledb,node,256,0,warm,window_65536,1024,,,128,6,27.84165198681876,0,0,0,0.198149592,4096,4064,,0.9921875,,1.0078740157480315,,,,,,3991,1011,3228672,6797393920,0.130348,0.033549,0.03416,0.008909,0.00704,27.235211,0.01349,0.0,0.0,0.098629,0.236846,19.133942,0.0,0.050059,0.039219,0.062849,0.01447,2048,2033,1992,1,16264,1040896,1040896,1.66738,0.7029179999999999,2.35856,10.6014,3.8045,0.147657,19.0415,1992,507,2,67387456
tiledb,node,256,0,warm,window_65536,1024,,,128,7,27.160341967828572,0,0,0,0.207626096,4096,4069,,0.993408203125,,1.0066355369869746,,,,,,4004,1008,3230720,6797398016,0.109638,0.03439,0.038079,0.00894,0.00704,26.479902,0.00391,0.0,0.0,0.10155800000000001,0.258976,18.498202,0.0,0.049979,0.047029,0.108228,0.01555,2048,2037,2002,1,16296,1042944,1042944,1.5191000000000001,0.623521,2.1708399999999997,10.106800000000002,3.7276700000000003,0.12213799999999998,18.2925,2002,503,2,67256352
tiledb,node,256,0,warm,window_65536,1024,,,128,8,29.0582730085589,0,0,0,0.20253004,4096,4062,,0.99169921875,,1.0083702609551946,,,,,,3989,1005,3227136,6797410304,0.112758,0.03549,0.038439,0.0102,0.00725,19.443707,0.0075,0.0,0.0,0.08696799999999999,0.130418,13.403439,0.0,0.03862,0.033779,9.067844,0.014939,1024,1017,999,1,8136,520704,520704,1.28874,0.49863999999999997,1.63506,8.44503,1.9697999999999998,0.084339,13.343499999999999,999,250,1,33562624
tiledb,node,256,0,warm,window_65536,1024,,,128,9,37.209070986136794,0,0,0,0.269215668,4096,4073,,0.994384765625,,1.005646943285048,,,,,,4003,1012,4316672,6799511552,0.122468,0.100649,0.035369,0.00993,0.00741,36.472521,0.01238,0.0,0.0,0.147999,0.353534,24.240055,0.0,0.056269,0.03989,0.089799,0.0151,3072,3054,3000,1,24432,1563648,1563648,2.34817,0.9074760000000001,3.42767,11.5566,5.4845500000000005,0.184187,24.0864,3000,760,4,100687872
tiledb,node,256,0,warm,window_65536,8192,,,128,0,44.7540869936347,0,0,0,0.342542059,32768,30805,,0.940093994140625,,1.06372342152248,,,,,,27252,1028,25381376,6852608000,0.237357,0.093269,0.035169,0.01361,0.00909,43.551245,0.063249,0.0,0.0,0.349235,1.492217,30.226036,0.0,0.179847,0.04766,0.236317,0.017099,16384,15396,13636,1,123168,7882752,7882752,6.74663,2.3608499999999997,10.341899999999999,10.551,2.91471,0.276916,29.7608,13636,514,2,67387456
tiledb,node,256,0,warm,window_65536,8192,,,128,1,46.0728170000948,0,0,0,0.3371372,32768,30786,,0.93951416015625,,1.0643799129474436,,,,,,27198,1028,25379328,6830366720,0.196728,0.094199,0.037359,0.01094,0.00948,44.768857,0.01779,0.0,0.0,0.38679399999999997,1.623595,31.142372,0.0,0.188217,0.048819,0.375924,0.01841,16384,15392,13582,1,123136,7880704,7880704,5.83565,2.28765,9.626430000000001,11.2926,3.2316,0.275196,30.106299999999997,13582,514,2,67387456
tiledb,node,256,0,warm,window_65536,8192,,,128,2,63.103282009251416,0,0,0,0.409756604,32768,30757,,0.938629150390625,,1.06538348993725,,,,,,27096,1028,33838592,6839394304,0.235657,0.077659,0.035319,0.0102,0.01037,61.83409,0.019369,0.0,0.0,0.8430470000000001,2.326145,43.807061,0.0,0.251616,0.049939,0.269146,0.018009,24576,23082,20337,1,184656,11817984,11817984,9.80697,2.47947,14.5197,13.0078,4.2903400000000005,0.41099399999999997,43.21789999999999,20337,771,3,101081184
tiledb,node,256,0,warm,window_65536,8192,,,128,3,68.1295350077562,0,0,0,0.483789164,32768,30775,,0.939178466796875,,1.0647603574329814,,,,,,27218,1028,33846784,6855782400,0.277286,0.077379,0.036569,0.00977,0.01075,66.683377,0.02027,0.0,0.0,0.6042409999999999,2.302205,48.715988,0.0,0.251186,0.0514,0.448343,0.01714,24576,23098,20430,1,184784,11826176,11826176,9.54017,3.03122,14.7374,12.71,5.1729899999999995,0.636831,47.760600000000004,20430,771,3,101081184
tiledb,node,256,0,warm,window_65536,8192,,,128,4,49.91624999092892,0,0,0,0.397613178,32768,30823,,0.940643310546875,,1.0631022288550758,,,,,,27323,1028,25392640,6854864896,0.70231,0.091138,0.03593,0.010919,0.00717,48.114077,0.059169,0.0,0.0,0.457013,1.555587,33.93152,0.0,0.182127,0.050579,0.371374,0.01677,16384,15405,13663,1,123240,7887360,7887360,6.01582,2.31453,9.11898,11.019,3.62107,0.454353,33.5244,13663,514,2,67387456
tiledb,node,256,0,warm,window_65536,8192,,,128,5,67.10341095458716,0,0,0,0.479236333,32768,30803,,0.940032958984375,,1.0637924877447003,,,,,,27123,1028,33853440,6862622720,0.214816,0.078149,0.037249,0.01445,0.01118,65.649113,0.077309,0.0,0.0,0.516192,2.209717,47.643954,0.0,0.251166,0.050649,0.450293,0.0178,24576,23111,20368,1,184888,11832832,11832832,8.70303,3.07332,13.7528,13.1409,4.96765,0.6569699999999999,47.12220000000001,20368,771,3,101081184
tiledb,node,256,0,warm,window_65536,8192,,,128,6,69.91196901071817,0,0,0,0.450560033,32768,30827,,0.940765380859375,,1.0629642845557465,,,,,,27278,1028,33853440,6846074880,0.259656,0.089219,0.035529,0.00923,0.0076,24.190836,0.034579,0.0,0.0,0.234746,0.822578,16.335175,0.0,0.095269,0.033129,44.946374,0.01793,8192,7716,6798,1,61728,3950592,3950592,3.51842,0.9994850000000001,4.98118,7.51535,1.2184400000000002,0.151698,16.0991,6798,257,1,33693728
tiledb,node,256,0,warm,window_65536,8192,,,128,7,43.7185830087401,0,0,0,0.354702767,32768,30720,,0.9375,,1.0666666666666667,,,,,,27171,1028,25381888,6845706240,0.264556,0.094019,0.036599,0.0093,0.00922,42.383453,0.01474,0.0,0.0,0.372855,1.534957,29.982819,0.0,0.185597,0.050489,0.366725,0.018159,16384,15397,13609,1,123176,7883264,7883264,5.33767,2.33199,8.958219999999999,10.6587,3.64949,0.268756,29.1454,13609,514,2,67387456
tiledb,node,256,0,warm,window_65536,8192,,,128,8,47.82318096840754,0,0,0,0.369822388,32768,30797,,0.939849853515625,,1.0639997402344383,,,,,,27099,1028,25385472,6829375488,0.215517,0.093878,0.03741,0.009949,0.00911,46.54643,0.01459,0.0,0.0,0.374114,1.626036,33.744902,0.0,0.184698,0.049609,0.322975,0.01643,16384,15404,13582,1,123232,7886848,7886848,5.69919,2.31015,9.90733,11.0755,3.4288000000000003,0.295165,32.6578,13582,514,2,67387456
tiledb,node,256,0,warm,window_65536,8192,,,128,9,44.542280957102776,0,0,0,0.332064782,32768,30842,,0.94122314453125,,1.0624473121068672,,,,,,27185,1028,25407488,6829408256,0.210767,0.094228,0.03695,0.00958,0.009159,43.2317,0.01553,0.0,0.0,0.375074,1.588226,30.271505,0.0,0.181138,0.050919,0.373735,0.018109,16384,15447,13599,1,123576,7908864,7908864,5.44088,2.0941,8.991719999999999,10.5349,3.4925300000000004,0.25618599999999997,29.1664,13599,514,2,67387456
tiledb,node,256,0,warm,window_65536,65536,,,128,0,72.49880000017583,0,0,0,0.619585078,262144,165856,,0.6326904296875,,1.580551803974532,,,,,,61164,1028,182471680,6911197184,0.307695,0.089978,0.03905,0.0101,0.019399,68.51364,0.167038,0.0,0.0,1.243121,3.443458,50.375003,0.0,0.792558,0.088479,2.333785,0.02999,131072,82875,30552,1,663000,42432000,42432000,12.641599999999999,5.292050000000001,20.5692,10.115300000000001,3.49902,0.928756,49.3433,30552,514,2,67387456
tiledb,node,256,0,warm,window_65536,65536,,,128,1,70.43471100041643,0,0,0,0.533821727,262144,165959,,0.6330833435058594,,1.579570857862484,,,,,,60814,1028,182480384,6879772672,0.270546,0.094379,0.039119,0.01095,0.019249,66.360723,0.085369,0.0,0.0,0.723729,3.759763,47.21626,0.0,0.794048,0.097128,2.392905,0.032079,131072,82998,30457,1,663984,42494976,42494976,10.5572,5.15853,18.469099999999997,10.8039,3.4092599999999997,0.753339,45.0334,30457,514,2,67387456
tiledb,node,256,0,warm,window_65536,65536,,,128,2,69.54844400752336,0,0,0,0.524145824,262144,165848,,0.632659912109375,,1.580628044956828,,,,,,60850,1028,182387712,6879719424,0.276975,0.093059,0.039589,0.0107,0.01916,65.485085,0.067869,0.0,0.0,0.66596,3.538357,46.687088,0.0,0.789328,0.092089,2.353695,0.032769,131072,82817,30510,1,662536,42402304,42402304,9.75697,4.75419,17.627299999999998,10.9481,3.37728,0.7559790000000001,44.4863,30510,514,2,67387456
tiledb,node,256,0,warm,window_65536,65536,,,128,3,39.98429898638278,0,0,0,0.40692058200000003,262144,166012,,0.6332855224609375,,1.5790665735007108,,,,,,60943,1028,125132800,6860926976,0.253577,0.091839,0.037189,0.0096,0.01307,38.176426,0.035779,0.0,0.0,0.35935399999999995,1.758784,27.110263,0.0,0.415104,0.059349,0.603671,0.02855,65536,41369,15253,1,330952,21180928,21180928,6.553920000000001,3.5282299999999998,10.475200000000001,8.774819999999998,1.8665699999999998,0.49330299999999994,26.186700000000002,15253,257,1,33693728
tiledb,node,256,0,warm,window_65536,65536,,,128,4,64.42961195716634,0,0,0,0.5131190059999999,262144,165653,,0.6319160461425781,,1.5824886962505962,,,,,,61016,1028,182405120,6879600640,0.765409,0.089708,0.0375,0.010499,0.01963,59.88855,0.158978,0.0,0.0,0.67,3.396819,42.57348,0.0,0.789068,0.091398,2.390684,0.030209,131072,82851,30470,1,662808,42419712,42419712,10.902000000000001,3.35821,17.436799999999998,10.3213,2.72369,0.875687,41.742399999999996,30470,514,2,67387456
tiledb,node,256,0,warm,window_65536,65536,,,128,5,66.2031450192444,0,0,0,0.508653418,262144,165510,,0.6313705444335938,,1.5838559603649327,,,,,,61220,1028,182405632,6879621120,0.273066,0.090498,0.038,0.01062,0.019259,62.202915,0.066939,0.0,0.0,0.6480699999999999,3.629975,44.690738,0.0,0.786788,0.090379,2.325935,0.0315,131072,82852,30543,1,662816,42420224,42420224,10.4003,4.97928,18.2058,10.3311,2.52016,0.945476,42.4953,30543,514,2,67387456
tiledb,node,256,0,warm,window_65536,65536,,,128,6,68.4069920098409,0,0,0,0.529406951,262144,165794,,0.6324539184570312,,1.581142864036093,,,,,,61155,1028,182440448,6880403456,0.248336,0.089699,0.039139,0.01027,0.01918,64.46315,0.353034,0.0,0.0,0.667479,3.412229,46.060868,0.0,0.788899,0.091398,2.295516,0.030279,131072,82920,30640,1,663360,42455040,42455040,11.967600000000001,5.489240000000001,18.724700000000002,10.934299999999999,4.2139999999999995,0.911876,45.2462,30640,514,2,67387456
tiledb,node,256,0,warm,window_65536,65536,,,128,7,65.73378102621064,0,0,0,0.570571258,262144,165392,,0.63092041015625,,1.5849859727193576,,,,,,60775,1027,182423552,6915891200,0.266756,0.089389,0.037229,0.01122,0.01907,60.47299,0.158547,0.0,0.0,0.675339,3.383059,42.871506,0.0,0.784489,0.091148,3.594236,0.030389,131072,82505,30426,1,660040,42242560,42242560,10.9572,3.43894,17.411800000000003,10.1885,2.88897,0.8641770000000001,41.9596,30426,513,2,67256352
tiledb,node,256,0,warm,window_65536,65536,,,128,8,64.50073001906276,0,0,0,0.469047384,262144,165709,,0.6321296691894531,,1.5819539071504867,,,,,,60901,1028,182407680,6897520640,0.244737,0.082249,0.03694,0.010469,0.01298,31.981199,0.03661,0.0,0.0,0.486912,1.847703,21.023924,0.0,0.411194,0.055499,31.304919,0.03078,65536,41383,15227,1,331064,21188096,21188096,5.89654,2.29207,9.19462,6.23545,1.43348,0.39079400000000003,20.580399999999997,15227,257,2,33693728
tiledb,node,256,0,warm,window_65536,65536,,,128,9,100.03981599584222,0,0,0,0.722372193,262144,165707,,0.6321220397949219,,1.5819730005370927,,,,,,61063,1028,239806976,6920101888,0.335875,0.094718,0.03681,0.00978,0.024939,95.030331,0.115728,0.0,0.0,2.229946,5.761374,70.065677,0.0,1.161863,0.137828,2.867537,0.02968,196608,124308,45789,1,994464,63645696,63645696,18.9735,5.30265,28.694,12.822099999999999,3.74408,1.30508,68.5727,45789,771,3,101081184
tiledb,node,4096,0,cold,random,1024,,,128,0,1345.1143439742737,7420137472,7420137472,7420137472,4.632543202,4096,4095,,0.999755859375,,1.0002442002442002,,,,,,4095,3659,2167808,6789660672,0.246147,0.03377,0.041809,0.01302,0.00762,1341.272542,0.01294,0.0,0.0,0.120858,0.126248,1252.881711,0.0,0.061299,0.045589,2.999944,0.01656,1013,1013,1013,1,8104,518656,518656,1.19232,0.5047320000000001,1.56743,1240.85,60.052800000000005,0.230308,1252.82,1013,648,96,1847936264
tiledb,node,4096,0,cold,random,1024,,,128,1,1328.3694560523145,7347601408,7347601408,7347601408,4.404548488,4096,4096,,1.0,,1.0,,,,,,4096,3621,2163712,6789906432,0.344615,0.033159,0.04055,0.009479,0.00738,1316.561604,0.00683,0.0,0.0,0.104279,0.129708,1227.446193,0.0,0.061239,0.044749,10.914016,0.0142,1018,1018,1018,1,8144,521216,521216,1.11205,0.538744,1.4786000000000001,1218.09,54.688300000000005,0.231857,1227.3899999999999,1018,635,93,1778717312
tiledb,node,4096,0,cold,random,1024,,,128,2,1330.11138002621,7425081344,7425081344,7425081344,4.661439384,4096,4095,,0.999755859375,,1.0002442002442002,,,,,,4095,3611,2189312,6790025216,0.372704,0.034049,0.04105,0.009579,0.00636,1329.113105,0.00655,0.0,0.0,0.105108,0.145408,1249.783758,0.0,0.058609,0.04487,0.080999,0.016009,1063,1063,1063,1,8504,544256,544256,1.4172,0.618314,1.8234499999999998,1238.85,52.3447,0.232787,1249.72,1063,675,92,1858423984
tiledb,node,4096,0,cold,random,1024,,,128,3,1316.6919610230252,7339380736,7339380736,7339380736,4.453840091,4096,4096,,1.0,,1.0,,,,,,4096,3634,2155520,6790086656,0.327255,0.03394,0.041549,0.00957,0.00629,1310.222419,0.00261,0.0,0.0,0.107068,0.147898,1222.204803,0.0,0.059899,0.046919,5.570137,0.014329,1028,1028,1028,1,8224,526336,526336,1.58507,0.6934899999999999,1.9675500000000001,1211.77,57.305,0.235596,1222.14,1028,640,96,1766132048
tiledb,node,4096,0,cold,random,1024,,,128,4,1344.4191750022583,7432589312,7432589312,7432589312,4.567413159,4096,4096,,1.0,,1.0,,,,,,4096,3603,2169856,6790033408,0.967485,0.033999,0.04168,0.00955,0.00627,1341.949331,0.00198,0.0,0.0,0.113378,0.124939,1253.068878,0.0,0.061059,0.119389,0.879957,0.016019,1020,1020,1019,1,8160,522240,522240,1.15612,0.461693,1.54214,1240.8300000000002,54.9438,0.22294599999999998,1253.01,1019,642,95,1810180472
tiledb,node,4096,0,cold,random,1024,,,128,5,1347.150673973374,7371980800,7371980800,7371980800,4.7825258040000005,4096,4096,,1.0,,1.0,,,,,,4096,3624,2180096,6790066176,0.631831,0.03592,0.044969,0.01299,0.00758,1342.465944,0.025739,0.0,0.0,0.158378,0.179297,1249.802688,0.0,0.059449,0.044939,3.399108,0.01605,1054,1054,1054,1,8432,539648,539648,1.40401,0.5661200000000001,1.81712,1237.17,66.1813,0.319865,1249.71,1054,668,91,1810180472
tiledb,node,4096,0,cold,random,1024,,,128,6,1331.979821959976,7361785856,7361785856,7361785856,4.664328898,4096,4096,,1.0,,1.0,,,,,,4096,3624,2180608,6790152192,0.337665,0.033719,0.041389,0.00957,0.00651,1330.977937,0.00752,0.0,0.0,0.107538,0.137238,1242.780753,0.0,0.060179,0.045729,0.083408,0.0158,1055,1054,1054,1,8432,539648,539648,1.35306,0.575042,1.72887,1233.1499999999999,51.7224,0.219297,1242.71,1054,648,98,1808082928
tiledb,node,4096,0,cold,random,1024,,,128,7,1335.5925369542092,7349014528,7349014528,7349014528,4.949382609,4096,4096,,1.0,,1.0,,,,,,4095,3638,2173952,6790152192,0.339494,0.03404,0.042349,0.00909,0.00692,1334.615502,0.00741,0.0,0.0,0.109938,0.134528,1239.208596,0.0,0.060169,0.047159,0.085229,0.01571,1034,1034,1034,1,8272,529408,529408,1.5508,0.655102,1.9849199999999998,1223.43,69.0093,0.260976,1239.1499999999999,1034,649,92,1816473104
tiledb,node,4096,0,cold,random,1024,,,128,8,1341.9379020342603,7409958912,7409958912,7409958912,4.669840993,4096,4096,,1.0,,1.0,,,,,,4096,3610,2195456,6790148096,0.345725,0.03433,0.041559,0.01001,0.00642,1337.993051,0.00345,0.0,0.0,0.110848,0.118488,1254.398759,0.0,0.04311,0.02725,3.107453,0.01605,984,984,984,1,7872,503808,503808,1.39531,0.608721,1.8117,1241.17,57.4712,0.224947,1254.34,984,633,93,1803887840
tiledb,node,4096,0,cold,random,1024,,,128,9,1330.0033810082823,7370825728,7370825728,7370825728,4.664410222,4096,4096,,1.0,,1.0,,,,,,4096,3596,2198528,6790369280,0.322605,0.03665,0.042209,0.00961,0.00705,1329.038046,0.00723,0.0,0.0,0.105048,0.142558,1239.65483,0.0,0.057589,0.044849,0.088358,0.01659,1036,1036,1036,1,8288,530432,530432,1.29494,0.53939,1.6675200000000001,1226.9099999999999,62.859700000000004,0.223157,1239.59,1036,640,94,1793400120
tiledb,node,4096,0,cold,random,8192,,,128,0,1620.278675982263,8591572992,8591572992,8591572992,11.435880804,32768,32755,,0.999603271484375,,1.0003968859716075,,,,,,32736,14178,17230336,6823542784,0.342525,0.093678,0.03688,0.012859,0.00916,1618.910157,0.00836,0.0,0.0,0.258956,0.937316,1525.110577,0.0,0.124648,0.129988,0.223676,0.01824,8140,8133,8121,1,65064,4164096,4164096,3.382,1.59463,5.43061,1459.3100000000002,107.241,0.614121,1524.8999999999999,8121,1024,24,2147885056
tiledb,node,4096,0,cold,random,8192,,,128,1,1621.7478350154124,8586743808,8586743808,8586743808,11.51316043,32768,32756,,0.9996337890625,,1.0003663450970814,,,,,,32741,14191,17276928,6821494784,0.405714,0.094869,0.036169,0.01019,0.0078,1620.453134,0.03126,0.0,0.0,0.250146,0.925696,1527.509902,0.0,0.150648,0.051049,0.177258,0.018019,8296,8285,8267,1,66280,4241920,4241920,4.33683,1.52981,6.40981,1459.8500000000001,108.74799999999999,0.594931,1527.3000000000002,8267,1024,24,2147885056
tiledb,node,4096,0,cold,random,8192,,,128,2,1604.9203280126676,8589991936,8589991936,8589991936,11.372345832,32768,32755,,0.999603271484375,,1.0003968859716075,,,,,,32742,14161,17297408,6821703680,0.397264,0.094298,0.03712,0.00952,0.008329,1603.662657,0.00831,0.0,0.0,0.245927,0.911456,1509.334675,0.0,0.126668,0.050289,0.176258,0.01767,8198,8184,8165,1,65472,4190208,4190208,3.5507199999999997,1.6370799999999999,5.70969,1445.3100000000002,106.732,0.67477,1509.13,8165,1024,24,2147885056
tiledb,node,4096,0,cold,random,8192,,,128,3,1608.8087590178475,8591572992,8591572992,8591572992,11.091006672999999,32768,32764,,0.9998779296875,,1.0001220852154804,,,,,,32746,14169,17279488,6821842944,0.494313,0.093898,0.03802,0.00996,0.00802,1601.193843,0.008819,0.0,0.0,0.244556,0.912517,1507.509402,0.0,0.124148,0.049419,6.426093,0.01843,8194,8190,8173,1,65520,4193280,4193280,3.12896,1.3570399999999998,5.11916,1450.99,95.5005,0.68067,1507.3000000000002,8173,1024,24,2147885056
tiledb,node,4096,0,cold,random,8192,,,128,4,1607.3378219734877,8589905920,8589905920,8589905920,11.417342972,32768,32757,,0.999664306640625,,1.0003358060872485,,,,,,32746,14132,17221120,6822244352,0.375224,0.093959,0.035509,0.01055,0.00908,1606.012331,0.00861,0.0,0.0,0.241437,0.903906,1516.855791,0.0,0.124428,0.128658,0.184317,0.01808,8180,8173,8162,1,65384,4184576,4184576,3.22133,1.38169,5.27426,1447.01,113.423,0.620991,1516.65,8162,1024,24,2147885056
tiledb,node,4096,0,cold,random,8192,,,128,5,1587.953833048232,8589971456,8589971456,8589971456,11.089148215,32768,32755,,0.999603271484375,,1.0003968859716075,,,,,,32745,14163,17242624,6824042496,0.400694,0.093898,0.04567,0.010149,0.00805,1586.597963,0.03428,0.0,0.0,0.250627,0.938655,1502.33689,0.0,0.125298,0.05017,0.262176,0.0164,8263,8251,8234,1,66008,4224512,4224512,4.36765,1.53776,6.4972199999999996,1434.89,99.5578,0.575951,1502.1299999999999,8234,1024,24,2147885056
tiledb,node,4096,0,cold,random,8192,,,128,6,1601.784783997573,8589971456,8589971456,8589971456,11.130640547,32768,32761,,0.999786376953125,,1.0002136686914318,,,,,,32749,14131,17295872,6821572608,0.403834,0.093739,0.036739,0.01063,0.01031,1600.261937,0.032589,0.0,0.0,0.259117,0.847257,1515.471263,0.0,0.125068,0.05179,0.419774,0.018719,8209,8201,8184,1,65608,4198912,4198912,3.7719199999999997,1.51446,5.6195,1451.8500000000001,98.1272,0.626081,1515.19,8184,1024,24,2147885056
tiledb,node,4096,0,cold,random,8192,,,128,7,1606.4571739989333,8589955072,8589955072,8589955072,11.276079804,32768,32759,,0.999725341796875,,1.0002747336609787,,,,,,32739,14194,17252864,6821793792,0.518732,0.091499,0.035819,0.01035,0.00887,1591.973972,0.0088,0.0,0.0,0.242306,0.917286,1497.07632,0.0,0.123079,0.118559,13.168782,0.01602,8126,8114,8100,1,64912,4154368,4154368,3.26538,1.32685,5.1967,1439.8200000000002,104.352,0.640831,1496.87,8100,1024,24,2147885056
tiledb,node,4096,0,cold,random,8192,,,128,8,1603.777584969066,8589975552,8589975552,8589975552,11.315864832,32768,32760,,0.999755859375,,1.0002442002442002,,,,,,32742,14084,17263616,6822608896,0.393304,0.091718,0.03602,0.010049,0.00898,1588.689542,0.00803,0.0,0.0,0.241127,0.925186,1494.785343,0.0,0.128868,0.049239,14.009609,0.01801,8176,8166,8150,1,65328,4180992,4180992,4.14045,2.0887599999999997,6.12604,1444.1999999999998,86.62060000000001,0.6102609999999999,1494.5900000000001,8150,1024,24,2147885056
tiledb,node,4096,0,cold,random,8192,,,128,9,1586.7966400110163,8591572992,8591572992,8591572992,11.054403499,32768,32763,,0.999847412109375,,1.0001526111772425,,,,,,32736,14222,17277440,6823886848,0.394114,0.093309,0.035949,0.01053,0.00864,1585.556049,0.036349,0.0,0.0,0.23588599999999998,0.830558,1494.731055,0.0,0.121958,0.049209,0.176108,0.017809,8101,8095,8080,1,64760,4144640,4144640,3.53574,1.37793,5.4489600000000005,1430.85,98.08200000000001,0.572852,1494.53,8080,1024,24,2147885056
tiledb,node,4096,0,cold,random,65536,,,128,0,1602.854627999477,8591572992,8591572992,8591572992,11.152584888,262144,261627,,0.9980278015136719,,1.0019760957393542,,,,,,260583,16384,137551872,7073796096,0.365354,0.088189,0.038909,0.01301,0.01727,1600.340816,0.053729,0.0,0.0,1.35442,7.093703,1522.640565,0.0,0.636011,0.069498,0.868027,0.031759,65873,65324,64261,1,522592,33445888,33445888,18.6143,9.03135,33.5996,1362.25,63.3927,2.41412,1521.4099999999999,64261,1024,24,2147885056
tiledb,node,4096,0,cold,random,65536,,,128,1,1600.692400999833,8591572992,8591572992,8591572992,11.154588508,262144,261609,,0.9979591369628906,,1.0020450366768727,,,,,,260581,16384,137506304,7074115584,0.452933,0.083998,0.03671,0.00982,0.01644,1598.06939,0.05258,0.0,0.0,1.28796,7.013225,1512.950111,0.0,0.637361,0.145417,0.865447,0.030329,65919,65401,64372,1,523208,33485312,33485312,18.617600000000003,9.47654,33.6958,1358.19,67.1395,1.66235,1511.7,64372,1024,24,2147885056
tiledb,node,4096,0,cold,random,65536,,,128,2,1600.9645470185205,8591572992,8591572992,8591572992,11.548594099,262144,261642,,0.9980850219726562,,1.0019186522041568,,,,,,260678,16384,137528832,7074603008,0.401044,0.083039,0.039279,0.01148,0.01629,1598.437415,0.051369,0.0,0.0,1.28993,6.965876,1516.603546,0.0,0.633,0.069829,0.882407,0.03038,65278,64815,63820,1,518520,33185280,33185280,19.6088,9.79533,35.1445,1358.16,67.4186,2.61736,1515.3799999999999,63820,1024,24,2147885056
tiledb,node,4096,0,cold,random,65536,,,128,3,1585.858043981716,8591572992,8591572992,8591572992,11.00250112,262144,261637,,0.9980659484863281,,1.0019377993173748,,,,,,260688,16384,137579520,7074406400,0.378164,0.087738,0.03784,0.01174,0.017619,1583.199045,0.05402,0.0,0.0,1.2824010000000001,6.907426,1502.903072,0.0,0.63738,0.215847,0.885117,0.031179,65922,65436,64446,1,523488,33503232,33503232,20.4254,11.070699999999999,36.0989,1348.8400000000001,68.1711,1.88569,1501.64,64446,1024,24,2147885056
tiledb,node,4096,0,cold,random,65536,,,128,4,1688.2598249940202,8591572992,8591572992,8591572992,12.093316115,262144,261619,,0.9979972839355469,,1.0020067349848443,,,,,,260580,16384,137348608,7075000320,0.245147,0.086949,0.041029,0.01472,0.01736,1685.855011,0.056549,0.0,0.0,1.341861,7.631335,1589.652228,0.0,0.63806,0.068869,0.861377,0.03071,65791,65231,64238,1,521848,33398272,33398272,21.3796,12.1098,39.3386,1426.6000000000001,83.2841,1.7977699999999999,1588.28,64238,1024,24,2147885056
tiledb,node,4096,0,cold,random,65536,,,128,5,1688.3597529958934,8591572992,8591572992,8591572992,12.231331504,262144,261647,,0.9981040954589844,,1.0018995058227307,,,,,,260634,16384,137368064,7074824192,0.442403,0.085339,0.037159,0.01065,0.01688,1685.733532,0.058089,0.0,0.0,1.265531,6.858047,1590.541074,0.0,0.63257,0.143658,0.878106,0.0295,65643,65171,64168,1,521368,33367552,33367552,16.6869,8.114379999999999,31.632599999999996,1427.06,90.61569999999999,1.7405700000000002,1589.28,64168,1024,24,2147885056
tiledb,node,4096,0,cold,random,65536,,,128,6,1654.4813420041464,8591572992,8591572992,8591572992,11.762219825999999,262144,261607,,0.9979515075683594,,1.0020526973666606,,,,,,260609,16384,137446912,7075569664,0.63445,0.085869,0.041019,0.01546,0.020139,1651.658005,0.05614,0.0,0.0,1.403459,6.911766,1561.613419,0.0,0.633461,0.070619,0.871287,0.030229,65505,64970,63982,1,519760,33264640,33264640,20.8942,11.3293,38.1293,1391.96,82.9255,1.94032,1560.3700000000001,63982,1024,24,2147885056
tiledb,node,4096,0,cold,random,65536,,,128,7,1652.2095469990745,8591572992,8591572992,8591572992,11.500979085,262144,261597,,0.9979133605957031,,1.0020910025726595,,,,,,260572,16384,137393664,7075467264,0.474613,0.083889,0.037659,0.01061,0.01648,1648.817217,0.051529,0.0,0.0,1.433218,6.930026,1549.120347,0.0,0.633641,0.070949,1.695254,0.02952,65454,64925,63933,1,519400,33241600,33241600,18.657,9.43642,32.5075,1416.76,76.6977,1.53753,1547.76,63933,1024,24,2147885056
tiledb,node,4096,0,cold,random,65536,,,128,8,1625.2782510127872,8591572992,8591572992,8591572992,11.687345953,262144,261629,,0.9980354309082031,,1.0019684362207553,,,,,,260622,16384,137432064,7076126720,0.426034,0.086968,0.03849,0.011739,0.01692,1622.73207,0.053109,0.0,0.0,1.276291,6.706519,1527.496912,0.0,0.63307,0.061779,0.875156,0.03191,65186,64693,63737,1,517544,33122816,33122816,19.9877,10.623000000000001,36.0021,1391.6200000000001,76.2192,1.4740499999999999,1526.25,63737,1024,24,2147885056
tiledb,node,4096,0,cold,random,65536,,,128,9,1699.50368499849,8591572992,8591572992,8591572992,12.182293085,262144,261633,,0.9980506896972656,,1.0019531175348675,,,,,,260582,16384,137373696,7076306944,0.406764,0.085749,0.044259,0.01204,0.01703,1696.956133,0.058339,0.0,0.0,1.281851,6.915316,1600.000142,0.0,0.632711,0.072139,0.883497,0.029509,65498,65008,63960,1,520064,33284096,33284096,18.9592,8.42521,34.2856,1435.8500000000001,83.8569,2.10488,1598.75,63960,1024,24,2147885056
tiledb,node,4096,0,cold,window_256,1024,,,128,0,4.7932270099408925,10280960,10280960,10280960,0.023948179,4096,1002,,0.24462890625,,4.087824351297405,,,,,,25,4,3136000,6800048128,0.354844,0.032699,0.03276,0.00975,0.00646,2.250476,0.00181,0.0,0.0,0.047869,0.0039,1.762403,0.0,0.01605,0.021869,1.934091,0.01198,1024,254,3,1,2032,130048,130048,0.212706,0.093947,0.249896,1.16066,0.205257,0.025089999999999998,1.7362600000000001,3,1,1,2097544
tiledb,node,4096,0,cold,window_256,1024,,,128,1,4.882576991803944,12345344,12345344,12345344,0.021406864999999997,4096,1009,,0.246337890625,,4.059464816650149,,,,,,18,5,2445824,6799945728,0.156898,0.031539,0.02948,0.00846,0.0062,2.770778,0.001839,0.0,0.0,0.03096,0.003,2.381304,0.0,0.0152,0.019319,1.725224,0.01098,1024,251,5,1,2008,128512,128512,0.267686,0.129359,0.320295,1.7556500000000002,0.174888,0.028458999999999998,2.36366,5,1,1,2097544
tiledb,node,4096,0,cold,window_256,1024,,,128,2,4.565621959045529,12386304,12386304,12386304,0.018550572,4096,1007,,0.245849609375,,4.067527308838133,,,,,,20,5,1752064,6799843328,0.132068,0.03155,0.032869,0.00845,0.00689,4.153607,0.00218,0.0,0.0,0.046558999999999996,0.00491,3.585666,0.0,0.0163,0.02083,0.050099,0.01101,1024,252,5,1,2016,129024,129024,0.320775,0.160708,0.376784,2.78305,0.248176,0.036209,3.5618,5,2,1,4195088
tiledb,node,4096,0,cold,window_256,1024,,,128,3,3.6182560143060982,10264576,10264576,10264576,0.017943559999999997,4096,1010,,0.24658203125,,4.0554455445544555,,,,,,18,4,2446336,6799851520,0.109339,0.031349,0.02769,0.00804,0.006009,2.454814,0.0014,0.0,0.0,0.02608,0.00291,2.119528,0.0,0.014749,0.01964,0.822227,0.01137,1024,252,5,1,2016,129024,129024,0.27873600000000004,0.12608000000000003,0.31826499999999996,1.5045,0.178488,0.024819,2.10252,5,1,1,2097544
tiledb,node,4096,0,cold,window_256,1024,,,128,4,3.529866982717067,10231808,10231808,10231808,0.017886021000000002,4096,1007,,0.245849609375,,4.067527308838133,,,,,,20,4,2447872,6799847424,0.094468,0.03237,0.027669,0.00811,0.0048,2.687259,0.00174,0.0,0.0,0.028289,0.00301,2.270566,0.0,0.01387,0.01894,0.508532,0.0111,1024,251,6,1,2008,128512,128512,0.264256,0.120146,0.29463599999999995,1.6309,0.22217699999999999,0.029799,2.2523,6,1,1,2097544
tiledb,node,4096,0,cold,window_256,1024,,,128,5,4.304244997911155,10215424,10215424,10215424,0.022223186,4096,1009,,0.246337890625,,4.059464816650149,,,,,,19,4,2446848,6799855616,0.533822,0.032069,0.02995,0.00785,0.00609,3.484577,0.005209,0.0,0.0,0.0324,0.0046,2.891396,0.0,0.01845,0.02326,0.0582,0.010999,2048,503,11,1,4024,257536,257536,0.456553,0.22550599999999998,0.5052719999999999,1.93652,0.259196,0.046239999999999996,2.8722700000000003,11,2,2,4195088
tiledb,node,4096,0,cold,window_256,1024,,,128,6,3.7813230301253498,10399744,10399744,10399744,0.018902549,4096,1006,,0.24560546875,,4.071570576540755,,,,,,22,4,2444288,6799806464,0.098139,0.363635,0.030199,0.00845,0.00614,2.601491,0.00248,0.0,0.0,0.02889,0.0028,2.252076,0.0,0.01485,0.01925,0.511332,0.01053,1024,252,5,1,2016,129024,129024,0.314966,0.14043899999999998,0.352865,1.54118,0.22228699999999998,0.031899000000000004,2.23333,5,1,1,2097544
tiledb,node,4096,0,cold,window_256,1024,,,128,7,4.324775014538318,10276864,10276864,10276864,0.021557356,4096,1012,,0.2470703125,,4.047430830039525,,,,,,16,4,3142144,6799826944,0.147618,0.0,0.0,0.00759,0.0,0.00022,0.0,0.0,0.0,0.0,0.0,0.0,0.0,0.0,0.0,4.080118,0.01066,0,0,0,0,0,0,0,0.0,0.0,0.0,0.0,0.0,0.0,0.0,0,0,0,0
tiledb,node,4096,0,cold,window_256,1024,,,128,8,3.988770011346787,10362880,10362880,10362880,0.020455157,4096,1008,,0.24609375,,4.063492063492063,,,,,,19,4,3139584,6799806464,0.098868,0.02937,0.027319,0.00836,0.00508,2.316095,0.00166,0.0,0.0,0.025729000000000002,0.00249,2.00766,0.0,0.015,0.01939,1.34611,0.01103,1024,253,4,1,2024,129536,129536,0.227787,0.09926,0.262556,1.3681699999999999,0.235987,0.030849,1.98936,4,1,1,2097544
tiledb,node,4096,0,cold,window_256,1024,,,128,9,4.29878500290215,12308480,12308480,12308480,0.018086512,4096,1006,,0.24560546875,,4.071570576540755,,,,,,22,5,2444800,6799773696,0.112358,0.03132,0.028439,0.00811,0.00609,3.926361,0.00159,0.0,0.0,0.0262,0.00273,3.339269,0.0,0.01532,0.01976,0.02849,0.01101,1024,252,5,1,2016,129024,129024,0.30050600000000005,0.147107,0.334375,2.6115600000000003,0.235286,0.037839000000000005,3.32107,5,2,1,4195088
tiledb,node,4096,0,cold,window_256,8192,,,128,0,4.533661995083094,12423168,12423168,12423168,0.019973686,32768,1024,,0.03125,,32.0,,,,,,4,5,17912832,6800134144,0.165997,0.087669,0.027179,0.00859,0.00626,2.772369,0.00221,0.0,0.0,0.02828,0.00183,2.430273,0.0,0.015609,0.0259,1.30898,0.01302,8192,256,1,1,2048,131072,131072,0.07454899999999999,0.032629000000000005,0.112149,1.94578,0.24735700000000002,0.024009,2.4120600000000003,1,1,1,2097544
tiledb,node,4096,0,cold,window_256,8192,,,128,1,4.891266988124698,11960320,11960320,11960320,0.019598644,32768,1024,,0.03125,,32.0,,,,,,4,4,17912832,6800384000,0.169587,0.087268,0.02908,0.00833,0.007,2.855277,0.00163,0.0,0.0,0.025589,0.00251,2.352645,0.0,0.01818,0.025579,1.562837,0.013339,16384,512,2,1,4096,262144,262144,0.208457,0.113819,0.24719599999999997,1.71781,0.23904699999999998,0.028479,2.33587,2,2,2,4195088
tiledb,node,4096,0,cold,window_256,8192,,,128,2,3.577466995920986,10326016,10326016,10326016,0.016542440999999998,32768,1024,,0.03125,,32.0,,,,,,4,4,17912832,6800248832,0.174577,0.0,0.0,0.00778,0.0,0.00017,0.0,0.0,0.0,0.0,0.0,0.0,0.0,0.0,0.0,3.29118,0.01253,0,0,0,0,0,0,0,0.0,0.0,0.0,0.0,0.0,0.0,0.0,0,0,0,0
tiledb,node,4096,0,cold,window_256,8192,,,128,3,3.818002005573362,10235904,10235904,10235904,0.019022944,32768,1024,,0.03125,,32.0,,,,,,4,4,17912832,6800367616,0.163968,0.088519,0.0275,0.008639,0.00511,3.034405,0.00417,0.0,0.0,0.02646,0.00225,2.384474,0.0,0.017849,0.02535,0.321745,0.0127,16384,512,2,1,4096,262144,262144,0.219936,0.127288,0.273095,1.70027,0.25572700000000004,0.030349,2.3666899999999997,2,2,2,4195088
tiledb,node,4096,0,cold,window_256,8192,,,128,4,3.6019249819219112,10268672,10268672,10268672,0.016799322,32768,1024,,0.03125,,32.0,,,,,,4,4,17912832,6800232448,0.160487,0.087059,0.026919,0.00844,0.00709,2.542562,0.00134,0.0,0.0,0.0264,0.00175,2.217696,0.0,0.01534,0.023749,0.606741,0.01258,8192,256,1,1,2048,131072,131072,0.076118,0.037929000000000004,0.111428,1.7584600000000001,0.21424700000000002,0.02968,2.19949,1,1,1,2097544
tiledb,node,4096,0,cold,window_256,8192,,,128,5,3.9857099764049053,10219520,10219520,10219520,0.018024087,32768,1024,,0.03125,,32.0,,,,,,4,4,17912832,6800232448,0.407394,0.086509,0.028869,0.00812,0.00624,2.961635,0.00422,0.0,0.0,0.026189,0.00231,2.339895,0.0,0.01729,0.02556,0.319946,0.012619,16384,512,2,1,4096,262144,262144,0.21820699999999998,0.102399,0.25190599999999996,1.67431,0.257756,0.030459,2.32146,2,2,2,4195088
tiledb,node,4096,0,cold,window_256,8192,,,128,6,4.109008004888892,10256384,10256384,10256384,0.01998999,32768,1024,,0.03125,,32.0,,,,,,4,4,22633472,6800367616,0.160297,0.086579,0.026079,0.00801,0.00613,2.257136,0.00847,0.0,0.0,0.02486,0.00174,1.861442,0.0,0.01435,0.02381,1.403868,0.01274,8192,256,1,1,2048,131072,131072,0.08095899999999999,0.033809,0.12071899999999999,1.39741,0.209536,0.03062,1.84316,1,1,1,2097544
tiledb,node,4096,0,cold,window_256,8192,,,128,7,4.53277095220983,10362880,10362880,10362880,0.022400114,32768,1024,,0.03125,,32.0,,,,,,4,4,22633472,6800359424,0.157757,0.073469,0.027159,0.00804,0.00691,3.678455,0.00178,0.0,0.0,0.024749999999999998,0.00243,2.931126,0.0,0.02009,0.026319,0.407104,0.01259,24576,768,3,1,6144,393216,393216,0.250596,0.114437,0.28651499999999996,2.14261,0.324765,0.037149,2.91464,3,3,3,6292632
tiledb,node,4096,0,cold,window_256,8192,,,128,8,3.7147640250623226,10166272,10166272,10166272,0.018572807,32768,1024,,0.03125,,32.0,,,,,,4,4,17912832,6800228352,0.189447,0.086899,0.030059,0.0082,0.00616,2.443544,0.001,0.0,0.0,0.02705,0.00206,2.081149,0.0,0.015359,0.02573,0.786858,0.01309,8192,256,1,1,2048,131072,131072,0.08378899999999999,0.040109,0.126679,1.57873,0.238536,0.02264,2.06259,1,1,1,2097544
tiledb,node,4096,0,cold,window_256,8192,,,128,9,3.6373150069266558,10240000,10240000,10240000,0.016626084,32768,1024,,0.03125,,32.0,,,,,,4,4,13192192,6800084992,0.181737,0.086739,0.027829,0.00813,0.00706,2.491083,0.00131,0.0,0.0,0.02526,0.00172,2.115848,0.0,0.014469,0.02403,0.66391,0.01271,8192,256,1,1,2048,131072,131072,0.086229,0.034829,0.126578,1.61046,0.250786,0.03024,2.0980600000000003,1,1,1,2097544
tiledb,node,4096,0,cold,window_256,65536,,,128,0,7.803282991517335,12447744,12447744,12447744,0.037602657,262144,1024,,0.00390625,,256.0,,,,,,4,5,218703872,6800474112,0.219557,0.092058,0.03022,0.0087,0.00707,5.062974,0.00585,0.0,0.0,0.029148999999999998,0.00284,3.760924,0.0,0.023809,0.090189,2.138468,0.030039,262144,1024,4,1,8192,524288,524288,0.22409700000000002,0.115058,0.26256599999999997,2.68259,0.6135109999999999,0.036109999999999996,3.743,4,5,4,10487720
tiledb,node,4096,0,cold,window_256,65536,,,128,1,5.066383979283273,10371072,10371072,10371072,0.022337065,262144,1024,,0.00390625,,256.0,,,,,,4,4,143177728,6801477632,0.180557,0.077529,0.029019,0.00862,0.00704,2.484193,0.00161,0.0,0.0,0.028559,0.00251,2.058469,0.0,0.015939,0.03305,2.091988,0.02469,65536,256,1,1,2048,131072,131072,0.07237900000000001,0.025119000000000002,0.106049,1.4829,0.318445,0.03061,2.03972,1,1,1,2097544
tiledb,node,4096,0,cold,window_256,65536,,,128,2,5.7786229881457984,10354688,10354688,10354688,0.024159178,262144,1024,,0.00390625,,256.0,,,,,,4,4,143177728,6801469440,0.181107,0.083589,0.029019,0.00886,0.0071,2.949166,0.00562,0.0,0.0,0.027159,0.00265,2.411404,0.0,0.018639,0.05445,2.303106,0.024429,131072,512,2,1,4096,262144,262144,0.217807,0.12477899999999999,0.257656,1.71577,0.299006,0.028659,2.39278,2,2,2,4195088
tiledb,node,4096,0,cold,window_256,65536,,,128,3,5.983840033877641,10334208,10334208,10334208,0.025387117,262144,1024,,0.00390625,,256.0,,,,,,4,4,143177728,6801461248,0.183287,0.083568,0.02774,0.00821,0.00635,3.178352,0.0049,0.0,0.0,0.025199,0.00879,2.469943,0.0,0.01702,0.052289,2.291725,0.02307,131072,512,2,1,4096,262144,262144,0.220217,0.12787900000000002,0.263306,1.77414,0.261906,0.030059000000000002,2.45226,2,2,2,4195088
tiledb,node,4096,0,cold,window_256,65536,,,128,4,5.547636013943702,10280960,10280960,10280960,0.025935454,262144,1024,,0.00390625,,256.0,,,,,,4,4,143177728,6802522112,0.182567,0.083508,0.02755,0.00836,0.00616,3.28855,0.00466,0.0,0.0,0.025879,0.00242,2.517482,0.0,0.01851,0.055179,1.734964,0.02551,131072,512,2,1,4096,262144,262144,0.144948,0.059179999999999996,0.18330700000000003,1.88838,0.29031599999999996,0.028159,2.49864,2,2,2,4195088
tiledb,node,4096,0,cold,window_256,65536,,,128,5,4.852967045735568,10412032,10412032,10412032,0.021284232,262144,1024,,0.00390625,,256.0,,,,,,4,4,143177728,6801465344,0.172107,0.075759,0.0285,0.008259,0.00702,2.439054,0.00145,0.0,0.0,0.024820000000000002,0.00169,2.075289,0.0,0.015919,0.03367,1.936801,0.024309,65536,256,1,1,2048,131072,131072,0.08430800000000001,0.041118999999999996,0.116238,1.58393,0.22403599999999999,0.028759999999999997,2.0573200000000003,1,1,1,2097544
tiledb,node,4096,0,cold,window_256,65536,,,128,6,5.65008504781872,10272768,10272768,10272768,0.023163556000000002,262144,1024,,0.00390625,,256.0,,,,,,4,4,143177728,6801453056,0.185467,0.084389,0.02874,0.00932,0.00667,2.820517,0.001859,0.0,0.0,0.025140000000000003,0.00237,2.258826,0.0,0.01897,0.054049,2.301595,0.02505,131072,512,2,1,4096,262144,262144,0.13621799999999998,0.07556,0.18912700000000002,1.67534,0.248596,0.029349,2.2399999999999998,2,2,2,4195088
tiledb,node,4096,0,cold,window_256,65536,,,128,7,5.718333006370813,12378112,12378112,12378112,0.025948154,262144,1024,,0.00390625,,256.0,,,,,,4,5,143177728,6801444864,0.217286,0.075829,0.02782,0.008419,0.00688,3.868562,0.00138,0.0,0.0,0.02535,0.00184,3.32217,0.0,0.01595,0.033369,1.32524,0.02441,65536,256,1,1,2048,131072,131072,0.076808,0.050689000000000005,0.117958,2.78808,0.25438700000000003,0.03018,3.3042599999999998,1,2,1,4195088
tiledb,node,4096,0,cold,window_256,65536,,,128,8,4.845497023779899,10366976,10366976,10366976,0.020808365000000002,262144,1024,,0.00390625,,256.0,,,,,,4,4,143177728,6801428480,0.175588,0.078559,0.02834,0.00859,0.00696,2.492212,0.00131,0.0,0.0,0.025189000000000003,0.00193,2.129098,0.0,0.01623,0.034209,1.862332,0.02525,65536,256,1,1,2048,131072,131072,0.058429,0.033759,0.128448,1.63095,0.230277,0.030819,2.11129,1,1,1,2097544
tiledb,node,4096,0,cold,window_256,65536,,,128,9,6.714098970405757,14495744,14495744,14495744,0.02913303,262144,1024,,0.00390625,,256.0,,,,,,4,6,143177728,6802485248,0.180307,0.0,0.0,0.007639,0.0,0.00021,0.0,0.0,0.0,0.0,0.0,0.0,0.0,0.0,0.0,6.423884,0.022109,0,0,0,0,0,0,0,0.0,0.0,0.0,0.0,0.0,0.0,0.0,0,0,0,0
tiledb,node,4096,0,cold,window_4096,1024,,,128,0,8.080488012637943,18632704,18632704,18632704,0.044037063,4096,3596,,0.8779296875,,1.139043381535039,,,,,,2785,8,3111936,6806896640,0.132618,0.031249,0.03111,0.00865,0.00713,5.773053,0.00746,0.0,0.0,0.049848,0.095779,4.70677,0.0,0.02105,0.020089,1.937381,0.01117,1024,893,692,1,7144,457216,457216,1.15624,0.438903,1.3809799999999999,2.81015,0.287566,0.055139,4.66942,692,2,1,4195088
tiledb,node,4096,0,cold,window_4096,1024,,,128,1,7.434528961312026,18694144,18694144,18694144,0.040424643,4096,3616,,0.8828125,,1.1327433628318584,,,,,,2840,8,3123712,6804594688,0.119748,0.03228,0.03003,0.009579,0.00563,6.994995,0.00848,0.0,0.0,0.07421,0.163517,5.476527,0.0,0.03071,0.025409,0.062399,0.01169,2048,1828,1424,1,14624,935936,935936,1.3618700000000001,0.567123,1.71259,2.9446,0.547161,0.06333899999999999,5.41418,1424,4,2,8390176
tiledb,node,4096,0,cold,window_4096,1024,,,128,2,7.810512965079397,18763776,18763776,18763776,0.039813977,4096,3608,,0.880859375,,1.1352549889135255,,,,,,2822,8,3111424,6805291008,0.123678,0.03101,0.028599,0.00828,0.00617,5.832823,0.00573,0.0,0.0,0.050629999999999994,0.088058,4.861397,0.0,0.021419,0.01971,1.610256,0.010609,1024,896,732,1,7168,458752,458752,1.00665,0.439091,1.2627700000000002,3.07025,0.29099600000000003,0.059549000000000005,4.82195,732,2,1,4195088
tiledb,node,4096,0,cold,window_4096,1024,,,128,3,7.623986050020903,18644992,18644992,18644992,0.041347602,4096,3621,,0.884033203125,,1.1311792322562828,,,,,,2839,8,3113472,6804344832,0.115928,0.032049,0.03072,0.0085,0.007089,5.393269,0.00707,0.0,0.0,0.052809,0.088749,4.405754,0.0,0.0218,0.02088,1.871161,0.01142,1024,906,715,1,7248,463872,463872,0.9536250000000001,0.365094,1.1689,2.6450699999999996,0.37046399999999996,0.06673899999999999,4.3685,715,2,1,4195088
tiledb,node,4096,0,cold,window_4096,1024,,,128,4,9.287649998441339,18747392,18747392,18747392,0.048126879000000004,4096,3607,,0.880615234375,,1.1355697255336845,,,,,,2841,8,4143104,6805499904,0.098728,0.03101,0.027739,0.00821,0.0062,4.837507,0.00635,0.0,0.0,0.049609,0.099119,3.896611,0.0,0.02117,0.025559,4.106778,0.01093,1024,892,720,1,7136,456704,456704,1.13808,0.437513,1.3563500000000002,2.0439999999999996,0.239876,0.07933899999999999,3.85763,720,2,1,4195088
tiledb,node,4096,0,cold,window_4096,1024,,,128,5,8.051018987316638,18653184,18653184,18653184,0.045164806,4096,3641,,0.888916015625,,1.1249656687723153,,,,,,2810,8,3125760,6805344256,0.122008,0.0,0.0,0.007519,0.0,0.00015,0.0,0.0,0.0,0.0,0.0,0.0,0.0,0.0,0.0,7.825733,0.01225,0,0,0,0,0,0,0,0.0,0.0,0.0,0.0,0.0,0.0,0.0,0,0,0,0
tiledb,node,4096,0,cold,window_4096,1024,,,128,6,8.100498002022505,18657280,18657280,18657280,0.04780519,4096,3622,,0.88427734375,,1.1308669243511873,,,,,,2835,8,3117568,6804967424,0.458853,0.032079,0.03093,0.00822,0.00646,4.742339,0.0023,0.0,0.0,0.050289,0.095579,3.906101,0.0,0.021409,0.02162,2.66111,0.010819,1024,900,706,1,7200,460800,460800,0.9079659999999999,0.402065,1.12392,2.3248800000000003,0.267316,0.060069,3.87485,706,2,1,4195088
tiledb,node,4096,0,cold,window_4096,1024,,,128,7,10.05978899775073,18698240,18698240,18698240,0.05584293,4096,3640,,0.888671875,,1.1252747252747253,,,,,,2834,8,4149760,6805868544,0.107389,0.088679,0.02859,0.009329,0.00728,9.572086,0.01169,0.0,0.0,0.077459,0.251406,7.204732,0.0,0.03929,0.024949,0.047769,0.0109,3072,2728,2130,1,21824,1396736,1396736,2.00738,0.810505,2.6291700000000002,3.42107,0.7909780000000001,0.067079,7.130960000000001,2130,6,3,12585264
tiledb,node,4096,0,cold,window_4096,1024,,,128,8,6.357764010317624,18636800,18636800,18636800,0.034579262,4096,3636,,0.8876953125,,1.1265126512651265,,,,,,2812,8,2095104,6803496960,0.091388,0.03151,0.030309,0.00856,0.0062,5.98861,0.00645,0.0,0.0,0.049389,0.087899,4.950465,0.0,0.01997,0.018149,0.02916,0.011179,1024,897,704,1,7176,459264,459264,1.1631099999999999,0.463392,1.3964299999999998,2.94736,0.320795,0.076209,4.9101099999999995,704,2,1,4195088
tiledb,node,4096,0,cold,window_4096,1024,,,128,9,7.824571977835149,18694144,18694144,18694144,0.042382933,4096,3644,,0.8896484375,,1.12403951701427,,,,,,2842,8,3125248,6804226048,0.099139,0.0295,0.02656,0.008389,0.00476,5.270321,0.01306,0.0,0.0,0.05199,0.095568,4.310845,0.0,0.02104,0.01935,2.220057,0.01086,1024,902,709,1,7216,461824,461824,1.00617,0.41801499999999997,1.23539,2.48335,0.32315499999999997,0.089008,4.26964,709,2,1,4195088
tiledb,node,4096,0,cold,window_4096,8192,,,128,0,7.830221962649375,18665472,18665472,18665472,0.043596173,32768,14167,,0.432342529296875,,2.3129808710383286,,,,,,1951,8,21692928,6804123648,0.177957,0.0,0.0,0.00816,0.0,0.0003,0.0,0.0,0.0,0.0,0.0,0.0,0.0,0.0,0.0,7.533457,0.01285,0,0,0,0,0,0,0,0.0,0.0,0.0,0.0,0.0,0.0,0.0,0,0,0,0
tiledb,node,4096,0,cold,window_4096,8192,,,128,1,8.269185025710613,18685952,18685952,18685952,0.040405114,32768,14213,,0.433746337890625,,2.3054949693942164,,,,,,1879,8,21692928,6803804160,0.163037,0.089739,0.027009,0.00863,0.00783,7.282971,0.02485,0.0,0.0,0.051319000000000004,0.123768,5.670195,0.0,0.119398,0.049749,0.253276,0.01616,16384,7104,949,1,56832,3637248,3637248,1.07528,0.46136,1.51956,3.12681,0.6445,0.12354799999999999,5.62277,949,4,2,8390176
tiledb,node,4096,0,cold,window_4096,8192,,,128,2,8.092967967968434,18718720,18718720,18718720,0.040261139,32768,14204,,0.4334716796875,,2.3069557871022246,,,,,,1906,8,21692928,6804410368,0.330725,0.087978,0.02853,0.00886,0.00794,7.087893,0.025129,0.0,0.0,0.054970000000000005,0.121388,5.481727,0.0,0.079469,0.02625,0.315006,0.013239,16384,7093,953,1,56744,3631616,3631616,1.03732,0.415356,1.31736,3.3999,0.420153,0.11770800000000001,5.43675,953,4,2,8390176
tiledb,node,4096,0,cold,window_4096,8192,,,128,3,7.902571000158787,18767872,18767872,18767872,0.043618689,32768,14142,,0.43157958984375,,2.317069721397256,,,,,,1925,8,21692928,6803775488,0.161638,0.089489,0.02673,0.00822,0.007509,7.051724,0.02433,0.0,0.0,0.052698999999999996,0.115048,5.37652,0.0,0.076529,0.02558,0.321835,0.01259,16384,7040,985,1,56320,3604480,3604480,1.1044399999999999,0.454771,1.4228100000000001,3.06974,0.499682,0.160148,5.32894,985,4,3,8390176
tiledb,node,4096,0,cold,window_4096,8192,,,128,4,7.640345022082329,18759680,18759680,18759680,0.039284158,32768,14161,,0.432159423828125,,2.3139608784690346,,,,,,1941,8,21692928,6803705856,0.174687,0.0,0.0,0.00803,0.0,0.00026,0.0,0.0,0.0,0.0,0.0,0.0,0.0,0.0,0.0,7.337869,0.01311,0,0,0,0,0,0,0,0.0,0.0,0.0,0.0,0.0,0.0,0.0,0,0,0,0
tiledb,node,4096,0,cold,window_4096,8192,,,128,5,6.570411962457001,18657280,18657280,18657280,0.034398845,32768,14159,,0.432098388671875,,2.3142877321844764,,,,,,1930,8,14801408,6802939904,0.193087,0.086509,0.02763,0.00825,0.007159,5.806603,0.01604,0.0,0.0,0.04234,0.062129,4.943705,0.0,0.045509,0.02463,0.253626,0.0128,8192,3523,496,1,28184,1803776,1803776,0.849597,0.37238499999999997,1.02096,3.35954,0.296406,0.095188,4.91618,496,2,1,4195088
tiledb,node,4096,0,cold,window_4096,8192,,,128,6,9.757413004990667,18632704,18632704,18632704,0.052485009,32768,14144,,0.431640625,,2.316742081447964,,,,,,1913,8,27458560,6804492288,0.500223,0.074699,0.02737,0.00943,0.008249,8.463663,0.04286,0.0,0.0,0.07382,0.187777,6.216336,0.0,0.111948,0.02731,0.399854,0.01291,24576,10621,1426,1,84968,5437952,5437952,1.45108,0.5418620000000001,1.85499,3.26596,0.63298,0.169467,6.14288,1426,6,3,12585264
tiledb,node,4096,0,cold,window_4096,8192,,,128,7,6.438333017285913,18644992,18644992,18644992,0.035028265,32768,14119,,0.430877685546875,,2.3208442524258093,,,,,,1959,8,14793728,6803013632,0.161458,0.088759,0.02587,0.008319,0.0052,5.664705,0.01357,0.0,0.0,0.03725,0.068399,4.63305,0.0,0.045689,0.02487,0.282016,0.01263,8192,3504,519,1,28032,1794048,1794048,0.975725,0.39906400000000003,1.19208,2.84119,0.326325,0.123428,4.60452,519,2,1,4195088
tiledb,node,4096,0,cold,window_4096,8192,,,128,8,7.580616045743227,18665472,18665472,18665472,0.03886329,32768,14169,,0.432403564453125,,2.312654386336368,,,,,,1899,8,21692928,6803718144,0.315005,0.0,0.0,0.00832,0.0,0.00021,0.0,0.0,0.0,0.0,0.0,0.0,0.0,0.0,0.0,7.146922,0.01285,0,0,0,0,0,0,0,0.0,0.0,0.0,0.0,0.0,0.0,0.0,0,0,0,0
tiledb,node,4096,0,cold,window_4096,8192,,,128,9,7.718804001342505,18681856,18681856,18681856,0.041095953,32768,14168,,0.432373046875,,2.312817617165443,,,,,,1908,8,21692928,6803718144,0.167058,0.087959,0.02723,0.008249,0.00786,6.861437,0.00687,0.0,0.0,0.04541,0.124538,5.392719,0.0,0.079359,0.02605,0.324365,0.01254,16384,7084,943,1,56672,3627008,3627008,1.01593,0.433736,1.30873,3.29158,0.463723,0.11676800000000001,5.35623,943,4,2,8390176
tiledb,node,4096,0,cold,window_4096,65536,,,128,0,8.346415008418262,18657280,18657280,18657280,0.037868908,262144,16384,,0.0625,,16.0,,,,,,4,8,144179712,6799945728,0.181498,0.084959,0.02829,0.00858,0.009129,5.33987,0.03,0.0,0.0,0.02596,0.004379,4.133258,0.0,0.088799,0.055669,2.405974,0.023909,131072,8192,2,1,65536,4194304,4194304,0.127458,0.07137800000000001,0.16893799999999998,3.2495100000000003,0.450843,0.124569,4.1173399999999996,2,4,2,8390176
tiledb,node,4096,0,cold,window_4096,65536,,,128,1,6.766898033674806,18677760,18677760,18677760,0.028373938,262144,16384,,0.0625,,16.0,,,,,,4,8,106430976,6799626240,0.183987,0.079609,0.027749,0.00837,0.00831,4.525262,0.00499,0.0,0.0,0.026789,0.00284,3.918581,0.0,0.051659,0.03355,1.710815,0.023739,65536,4096,1,1,32768,2097152,2097152,0.069479,0.021759999999999998,0.117108,3.2617000000000003,0.309385,0.11280899999999999,3.90057,1,2,1,4195088
tiledb,node,4096,0,cold,window_4096,65536,,,128,2,7.92075099889189,18751488,18751488,18751488,0.033386455,262144,16384,,0.0625,,16.0,,,,,,4,8,144179712,6800883712,0.182427,0.083639,0.02765,0.008549,0.00837,5.028445,0.02961,0.0,0.0,0.025908999999999998,0.00428,3.98579,0.0,0.086168,0.054729,2.300466,0.02247,131072,8192,2,1,65536,4194304,4194304,0.172998,0.08240900000000001,0.222687,3.0404,0.485992,0.108589,3.9679299999999995,2,4,2,8390176
tiledb,node,4096,0,cold,window_4096,65536,,,128,3,7.520017039496452,18608128,18608128,18608128,0.03089463,262144,16384,,0.0625,,16.0,,,,,,4,8,144179712,6801022976,0.184767,0.077909,0.02781,0.008439,0.00691,3.922281,0.00482,0.0,0.0,0.02499,0.00273,3.286561,0.0,0.0507,0.032969,3.067974,0.02459,65536,4096,1,1,32768,2097152,2097152,0.07930799999999999,0.036809,0.124008,2.71308,0.275756,0.07658899999999999,3.26927,1,2,1,4195088
tiledb,node,4096,0,cold,window_4096,65536,,,128,4,8.153987000696361,18698240,18698240,18698240,0.033905295,262144,16384,,0.0625,,16.0,,,,,,4,8,144179712,6800908288,0.192557,0.085069,0.02852,0.0081,0.00819,5.256081,0.007759,0.0,0.0,0.025580000000000002,0.00402,4.157797,0.0,0.088388,0.053969,2.295586,0.024469,131072,8192,2,1,65536,4194304,4194304,0.228156,0.127768,0.28719500000000003,3.12991,0.455434,0.12237899999999999,4.14001,2,4,2,8390176
tiledb,node,4096,0,cold,window_4096,65536,,,128,5,8.03210900630802,18849792,18849792,18849792,0.032253077,262144,16384,,0.0625,,16.0,,,,,,4,8,144179712,6800887808,0.189397,0.085319,0.029249,0.00833,0.00804,5.146033,0.00769,0.0,0.0,0.0252,0.00418,4.225076,0.0,0.087349,0.055839,2.286575,0.02514,131072,8192,2,1,65536,4194304,4194304,0.215707,0.13020800000000002,0.25193699999999997,3.2473699999999996,0.475593,0.104648,4.20709,2,4,2,8390176
tiledb,node,4096,0,cold,window_4096,65536,,,128,6,8.211076026782393,18673664,18673664,18673664,0.033459081,262144,16384,,0.0625,,16.0,,,,,,4,8,144179712,6800908288,0.192507,0.085319,0.028309,0.00803,0.00772,5.33712,0.00761,0.0,0.0,0.025168999999999997,0.00415,4.189007,0.0,0.087198,0.055709,2.272876,0.02436,131072,8192,2,1,65536,4194304,4194304,0.223167,0.116429,0.26155599999999996,3.2208200000000002,0.495503,0.084589,4.171209999999999,2,4,2,8390176
tiledb,node,4096,0,cold,window_4096,65536,,,128,7,7.862692000344396,18726912,18726912,18726912,0.032868997999999996,262144,16384,,0.0625,,16.0,,,,,,4,8,144179712,6800875520,0.193827,0.084459,0.027659,0.00844,0.00795,4.974345,0.032639,0.0,0.0,0.02549,0.00429,3.892641,0.0,0.086869,0.056149,2.278326,0.024939,131072,8192,2,1,65536,4194304,4194304,0.175267,0.108679,0.206397,2.95574,0.514832,0.082119,3.8750400000000003,2,4,2,8390176
tiledb,node,4096,0,cold,window_4096,65536,,,128,8,7.566645974293351,18677760,18677760,18677760,0.031583019000000004,262144,16384,,0.0625,,16.0,,,,,,4,8,144179712,6800871424,0.531762,0.076389,0.027969,0.00866,0.00547,4.495742,0.00429,0.0,0.0,0.030159000000000002,0.00282,3.940471,0.0,0.05038,0.033119,2.193497,0.02423,65536,4096,1,1,32768,2097152,2097152,0.062179000000000005,0.035299000000000004,0.099829,3.30871,0.365674,0.058199,3.9233000000000002,1,2,1,4195088
tiledb,node,4096,0,cold,window_4096,65536,,,128,9,8.220205956604332,18690048,18690048,18690048,0.034895546,262144,16384,,0.0625,,16.0,,,,,,4,8,144179712,6800896000,0.216187,0.083238,0.02858,0.00787,0.00649,5.32308,0.028879,0.0,0.0,0.026080000000000002,0.00416,4.233706,0.0,0.090218,0.054459,2.283776,0.02474,131072,8192,2,1,65536,4194304,4194304,0.213486,0.124438,0.25306599999999996,3.22496,0.476993,0.110518,4.21656,2,4,2,8390176
tiledb,node,4096,0,cold,window_65536,1024,,,128,0,39.574794995132834,144510976,144510976,144510976,0.25452999,4096,4062,,0.99169921875,,1.0083702609551946,,,,,,4010,68,3229696,6802227200,0.272316,0.03366,0.036499,0.0105,0.00744,38.813556,0.00976,0.0,0.0,0.098089,0.236426,30.561161,0.0,0.04399,0.035579,0.076278,0.01428,2048,2035,2010,1,16280,1041920,1041920,1.3755,0.550539,1.9559199999999999,24.5607,3.54925,0.060869,30.4953,2010,34,2,71316496
tiledb,node,4096,0,cold,window_65536,1024,,,128,1,37.721262022387236,144506880,144506880,144506880,0.229261179,4096,4056,,0.990234375,,1.009861932938856,,,,,,3995,68,3227136,6803202048,0.177807,0.034549,0.03667,0.00995,0.00717,36.981953,0.011349,0.0,0.0,0.113229,0.236666,30.432432,0.0,0.05676,0.046319,0.083109,0.01525,2048,2030,2005,1,16240,1039360,1039360,1.52206,0.661871,2.09513,23.5158,4.283259999999999,0.065409,30.331799999999998,2005,34,2,71316496
tiledb,node,4096,0,cold,window_65536,1024,,,128,2,43.88234997168183,144490496,144490496,144490496,0.251795281,4096,4066,,0.99267578125,,1.0073782587309394,,,,,,4000,68,4314624,6804295680,0.115689,0.03467,0.040019,0.009,0.00626,27.776982,0.00291,0.0,0.0,0.092789,0.128458,24.338094,0.0,0.03973,0.032579,15.549596,0.01499,1024,1016,1004,1,8128,520192,520192,1.1663000000000001,0.452969,1.48784,20.3566,2.13775,0.052358999999999996,24.2731,1004,17,1,35658248
tiledb,node,4096,0,cold,window_65536,1024,,,128,3,40.749006962869316,129323008,129323008,129323008,0.25054913700000003,4096,4061,,0.991455078125,,1.0086185668554544,,,,,,4014,67,3227136,6804246528,0.128338,0.034099,0.03542,0.00966,0.00711,34.969824,0.01215,0.0,0.0,0.10902900000000001,0.231826,26.551081,0.0,0.058419,0.044509,5.174172,0.01602,2048,2030,2004,1,16240,1039360,1039360,1.63674,0.6368510000000001,2.20168,19.7723,4.04103,0.067869,26.4537,2004,33,2,69218952
tiledb,node,4096,0,cold,window_65536,1024,,,128,4,38.51960098836571,144609280,144609280,144609280,0.243497753,4096,4063,,0.991943359375,,1.008122077282796,,,,,,3989,68,3230720,6803234816,0.196537,0.0,0.0,0.00775,0.0,0.00018,0.0,0.0,0.0,0.0,0.0,0.0,0.0,0.0,0.0,38.193195,0.01383,0,0,0,0,0,0,0,0.0,0.0,0.0,0.0,0.0,0.0,0.0,0,0,0,0
tiledb,node,4096,0,cold,window_65536,1024,,,128,5,38.85717602679506,144474112,144474112,144474112,0.232795019,4096,4066,,0.99267578125,,1.0073782587309394,,,,,,3991,68,3228160,6803197952,0.194767,0.034889,0.04052,0.00867,0.007059,38.302125,0.00605,0.0,0.0,0.139408,0.265806,29.846241,0.0,0.034869,0.02878,0.06149,0.012379,2048,2032,1997,1,16256,1040384,1040384,1.47718,0.598352,2.0112200000000002,23.7971,3.41846,0.076349,29.7207,1997,34,2,71316496
tiledb,node,4096,0,cold,window_65536,1024,,,128,6,39.13112200098112,144527360,144527360,144527360,0.221097608,4096,4064,,0.9921875,,1.0078740157480315,,,,,,3991,68,3228672,6802137088,0.171507,0.03448,0.035029,0.00963,0.00693,38.5494,0.01044,0.0,0.0,0.098498,0.231287,30.050658,0.0,0.03862,0.031079,0.049329,0.01379,2048,2033,1992,1,16264,1040896,1040896,1.50535,0.588882,2.0256800000000004,23.7806,3.7617800000000003,0.062599,29.964000000000002,1992,34,2,71316496
tiledb,node,4096,0,cold,window_65536,1024,,,128,7,39.97643897309899,144465920,144465920,144465920,0.23455558699999998,4096,4069,,0.993408203125,,1.0066355369869746,,,,,,4004,68,3230720,6802145280,0.625981,0.03948,0.035449,0.00909,0.00692,38.792717,0.0134,0.0,0.0,0.19195600000000002,0.232997,29.677274,0.0,0.055929,0.043509,0.089088,0.0158,2048,2037,2002,1,16296,1042944,1042944,1.45557,0.6593600000000001,2.1047000000000002,23.1855,3.9053,0.066979,29.607499999999998,2002,34,2,71316496
tiledb,node,4096,0,cold,window_65536,1024,,,128,8,38.412333000451326,144531456,144531456,144531456,0.244857543,4096,4062,,0.99169921875,,1.0083702609551946,,,,,,3989,68,3227136,6802137088,0.114549,0.03431,0.039809,0.00925,0.00711,32.990744,0.00372,0.0,0.0,0.096068,0.125918,27.31846,0.0,0.046779,0.03838,4.825328,0.015509,1024,1017,999,1,8136,520704,520704,1.19313,0.444423,1.47137,23.482499999999998,2.02556,0.047789,27.2545,999,17,1,35658248
tiledb,node,4096,0,cold,window_65536,1024,,,128,9,46.73439799807966,144572416,144572416,144572416,0.297576744,4096,4073,,0.994384765625,,1.005646943285048,,,,,,4003,68,4316672,6804283392,0.141108,0.100968,0.03739,0.00943,0.007379,45.93578,0.00497,0.0,0.0,0.16131700000000002,0.358595,34.096188,0.0,0.060549,0.040609,0.100418,0.01527,3072,3054,3000,1,24432,1563648,1563648,2.33753,0.9686239999999999,3.18737,25.1481,5.05847,0.083959,33.9589,3000,51,4,106974744
tiledb,node,4096,0,cold,window_65536,8192,,,128,0,52.07524698926136,129323008,129323008,129323008,0.324863659,32768,30805,,0.940093994140625,,1.06372342152248,,,,,,27252,68,25381376,6857203712,0.207767,0.092498,0.03658,0.01323,0.009019,50.896775,0.06046,0.0,0.0,0.44261300000000003,1.479378,40.042798,0.0,0.179297,0.04769,0.224327,0.015369,16384,15068,12749,1,120544,7714816,7714816,5.16079,1.8018299999999998,7.71652,28.5287,2.5102700000000002,0.246926,39.654,12749,27,1,56633688
tiledb,node,4096,0,cold,window_65536,8192,,,128,1,50.249213993083686,144515072,144515072,144515072,0.294530779,32768,30786,,0.93951416015625,,1.0643799129474436,,,,,,27198,68,25379328,6835617792,0.193057,0.093469,0.035159,0.0098,0.00913,48.960284,0.01777,0.0,0.0,0.342194,1.521767,36.012629,0.0,0.182307,0.050869,0.374144,0.02043,16384,15392,13582,1,123136,7880704,7880704,4.77658,2.0507400000000002,8.0018,22.381800000000002,3.66622,0.248526,35.0522,13582,34,2,71316496
tiledb,node,4096,0,cold,window_65536,8192,,,128,2,60.599188960622996,144580608,144580608,144580608,0.328206942,32768,30757,,0.938629150390625,,1.06538348993725,,,,,,27096,68,33838592,6844805120,0.192177,0.090818,0.03507,0.01014,0.00808,25.640484,0.00856,0.0,0.0,0.256887,0.770368,20.243415,0.0,0.117908,0.0454,34.108397,0.01963,8192,7675,6759,1,61400,3929600,3929600,2.9523,1.0830499999999998,4.32527,13.7682,1.39066,0.127228,20.0245,6759,17,1,35658248
tiledb,node,4096,0,cold,window_65536,8192,,,128,3,61.39525701291859,144531456,144531456,144531456,0.402570523,32768,30775,,0.939178466796875,,1.0647603574329814,,,,,,27218,68,33846784,6860410880,0.209346,0.077329,0.036269,0.01555,0.01093,59.965788,0.080489,0.0,0.0,0.598092,2.313655,43.85549,0.0,0.255227,0.05191,0.451853,0.01692,24576,23098,20430,1,184784,11826176,11826176,8.80931,2.78331,13.447000000000001,22.985200000000003,4.78057,0.400594,42.9495,20430,51,3,106974744
tiledb,node,4096,0,cold,window_65536,8192,,,128,4,48.569438979029655,144531456,144531456,144531456,0.321075713,32768,30823,,0.940643310546875,,1.0631022288550758,,,,,,27323,68,25392640,6859431936,0.353734,0.092749,0.035389,0.00909,0.00904,45.90128,0.059599,0.0,0.0,0.453124,1.477357,35.970059,0.0,0.182437,0.047519,1.661114,0.01724,16384,15418,13660,1,123344,7894016,7894016,5.40103,1.54076,8.24675,22.581799999999998,3.80839,0.229267,35.631,13660,34,2,71316496
tiledb,node,4096,0,cold,window_65536,8192,,,128,5,58.82742500398308,144502784,144502784,144502784,0.370481561,32768,30803,,0.940032958984375,,1.0637924877447003,,,,,,27123,68,33853440,6867030016,0.212717,0.084509,0.03596,0.009689,0.01053,57.402757,0.085549,0.0,0.0,0.5228630000000001,2.172457,40.319504,0.0,0.250776,0.04912,0.441153,0.01474,24576,23111,20368,1,184888,11832832,11832832,7.6695899999999995,2.31608,11.9735,21.786900000000003,4.34957,0.370554,39.7868,20368,51,3,106974744
tiledb,node,4096,0,cold,window_65536,8192,,,128,6,59.20933000743389,144539648,144539648,144539648,0.322534125,32768,30827,,0.940765380859375,,1.0629642845557465,,,,,,27278,68,33853440,6850723840,0.265896,0.077609,0.036529,0.00963,0.01037,57.910389,0.021709,0.0,0.0,0.47090299999999996,2.413254,40.712628,0.0,0.249476,0.05008,0.260546,0.01693,24576,23111,20480,1,184888,11832832,11832832,7.12813,2.35957,11.4165,21.9135,4.30234,0.384154,39.2324,20480,51,3,106974744
tiledb,node,4096,0,cold,window_65536,8192,,,128,7,47.854790987912565,144539648,144539648,144539648,0.332837758,32768,30720,,0.9375,,1.0666666666666667,,,,,,27171,68,25381888,6850359296,0.906217,0.095929,0.03536,0.009379,0.0092,45.946189,0.01435,0.0,0.0,0.9613160000000001,1.551936,35.698843,0.0,0.180498,0.049879,0.375805,0.017059,16384,15397,13609,1,123176,7883264,7883264,5.08138,2.39722,8.70144,22.126199999999997,3.55829,0.253716,35.3872,13609,34,2,71316496
tiledb,node,4096,0,cold,window_65536,8192,,,128,8,47.64342401176691,144576512,144576512,144576512,0.32038822,32768,30797,,0.939849853515625,,1.0639997402344383,,,,,,27099,68,25385472,6834487296,0.189127,0.093638,0.03523,0.00951,0.00897,46.421122,0.013859,0.0,0.0,0.32447499999999996,1.552477,36.238195,0.0,0.184667,0.047859,0.317215,0.016979,16384,15404,13582,1,123232,7886848,7886848,4.71159,2.0594200000000003,8.00325,22.483800000000002,3.77435,0.23618599999999998,35.232800000000005,13582,34,2,71316496
tiledb,node,4096,0,cold,window_65536,8192,,,128,9,48.623139038681984,144527360,144527360,144527360,0.29504917599999997,32768,30842,,0.94122314453125,,1.0624473121068672,,,,,,27185,68,25407488,6834446336,0.192397,0.093588,0.03513,0.00994,0.00934,47.338008,0.014599,0.0,0.0,0.327475,1.546417,35.718003,0.0,0.183507,0.049229,0.377134,0.01845,16384,15447,13599,1,123576,7908864,7908864,4.56531,1.82369,7.696770000000001,22.403699999999997,3.65352,0.221347,34.704699999999995,13599,34,2,71316496
tiledb,node,4096,0,cold,window_65536,65536,,,128,0,70.48034004401416,144637952,144637952,144637952,0.474774551,262144,165856,,0.6326904296875,,1.580551803974532,,,,,,61164,68,182471680,6915375104,0.321245,0.089639,0.042329,0.01044,0.01999,66.423021,0.160887,0.0,0.0,0.967706,3.451168,47.441817,0.0,0.792408,0.089899,2.368274,0.02854,131072,82875,30552,1,663000,42432000,42432000,10.931700000000001,3.90848,17.3412,23.4555,3.66792,0.9339660000000001,46.7048,30552,34,2,71316496
tiledb,node,4096,0,cold,window_65536,65536,,,128,1,66.2635340122506,144474112,144474112,144474112,0.41320207800000003,262144,165959,,0.6330833435058594,,1.579570857862484,,,,,,60814,68,182480384,6884208640,0.303196,0.093148,0.03769,0.00956,0.019119,62.201775,0.070229,0.0,0.0,0.66913,3.774663,44.364793,0.0,0.787528,0.094759,2.386644,0.03158,131072,82998,30457,1,663984,42494976,42494976,9.74882,5.09702,17.5142,19.5133,3.4592199999999997,0.953286,42.759699999999995,30457,34,2,71316496
tiledb,node,4096,0,cold,window_65536,65536,,,128,2,68.19443497806787,144502784,144502784,144502784,0.463484072,262144,165848,,0.632659912109375,,1.580628044956828,,,,,,60850,68,182387712,6883422208,0.261526,0.092828,0.03771,0.01064,0.019329,64.155156,0.066989,0.0,0.0,0.648301,3.602706,46.119736,0.0,0.788638,0.091168,2.367064,0.031989,131072,82817,30510,1,662536,42402304,42402304,9.45947,4.7518400000000005,17.3779,20.8469,3.4779,0.9562149999999999,43.9965,30510,34,2,71316496
tiledb,node,4096,0,cold,window_65536,65536,,,128,3,50.22017500596121,144506880,144506880,144506880,0.36674883999999996,262144,166012,,0.6332855224609375,,1.5790665735007108,,,,,,60943,68,125132800,6865100800,0.244726,0.083208,0.03733,0.0092,0.013159,47.059933,0.03349,0.0,0.0,0.34502499999999997,1.755623,36.127417,0.0,0.418534,0.061949,1.923101,0.031089,65536,41538,15241,1,332304,21267456,21267456,5.80896,3.1169000000000002,9.736379999999999,21.761200000000002,2.30795,0.5580719999999999,35.0317,15241,17,1,35658248
tiledb,node,4096,0,cold,window_65536,65536,,,128,4,64.18529502116144,144539648,144539648,144539648,0.431265889,262144,165653,,0.6319160461425781,,1.5824886962505962,,,,,,61016,68,182405120,6884151296,0.238886,0.090409,0.037599,0.01059,0.01928,60.195435,0.148198,0.0,0.0,0.7000890000000001,3.33799,43.981419,0.0,0.788908,0.090999,2.360594,0.02995,131072,82851,30470,1,662808,42419712,42419712,10.8788,4.02507,17.5626,20.1525,3.3658300000000003,0.859227,43.2516,30470,34,2,71316496
tiledb,node,4096,0,cold,window_65536,65536,,,128,5,62.77072598459199,144564224,144564224,144564224,0.42801754999999997,262144,165510,,0.6313705444335938,,1.5838559603649327,,,,,,61220,68,182405632,6883762176,0.268396,0.089428,0.03799,0.01114,0.019099,58.756557,0.067039,0.0,0.0,0.64156,3.631645,42.529961,0.0,0.789718,0.091318,2.344475,0.029829,131072,82852,30543,1,662816,42420224,42420224,8.200199999999999,3.26973,13.7469,21.518,3.06539,0.7443690000000001,40.5034,30543,34,2,71316496
tiledb,node,4096,0,cold,window_65536,65536,,,128,6,67.36935797380283,144543744,144543744,144543744,0.44057528,262144,165794,,0.6324539184570312,,1.581142864036093,,,,,,61155,68,182440448,6884257792,0.272116,0.090299,0.038019,0.01084,0.01945,63.407226,0.135098,0.0,0.0,0.736629,3.267301,47.345318,0.0,0.791868,0.090019,2.293976,0.030059,131072,82920,30640,1,663360,42455040,42455040,12.1972,4.97035,19.5467,20.658099999999997,3.75857,0.8839269999999999,46.122099999999996,30640,34,2,71316496
tiledb,node,4096,0,cold,window_65536,65536,,,128,7,69.27766901208088,144486400,144486400,144486400,0.472155999,262144,165392,,0.63092041015625,,1.5849859727193576,,,,,,60775,68,182423552,6920228864,0.224377,0.089769,0.037,0.011049,0.01894,62.362982,0.150098,0.0,0.0,0.65619,3.33528,45.561895,0.0,0.782159,0.091508,5.29468,0.030289,131072,82505,30426,1,660040,42242560,42242560,10.8059,3.57127,17.083000000000002,22.0537,3.3308,1.0476,44.8062,30426,34,2,71316496
tiledb,node,4096,0,cold,window_65536,65536,,,128,8,62.58857902139425,144613376,144613376,144613376,0.371888744,262144,165709,,0.6321296691894531,,1.5819539071504867,,,,,,60901,68,182407680,6902030336,0.215297,0.082839,0.036909,0.01102,0.01264,36.236225,0.035759,0.0,0.0,0.355665,1.830902,26.271765,0.0,0.421034,0.059759,25.145172,0.030809,65536,41383,15227,1,331064,21188096,21188096,5.362439999999999,2.00338,8.46781,14.8805,1.58409,0.360785,25.944100000000002,15227,17,2,35658248
tiledb,node,4096,0,cold,window_65536,65536,,,128,9,87.3738860245794,144490496,144490496,144490496,0.520745143,262144,165707,,0.6321220397949219,,1.5819730005370927,,,,,,61063,68,239806976,6925254656,0.230897,0.094019,0.037189,0.01105,0.02495,82.44717,0.364424,0.0,0.0,1.0974030000000001,5.189692,58.757837,0.0,1.159833,0.136198,2.875537,0.030869,196608,124308,45789,1,994464,63645696,63645696,18.6436,5.1963,27.9449,20.5763,4.36019,1.36144,56.427699999999994,45789,51,3,106974744
tiledb,node,4096,0,warm,random,1024,,,128,0,292.3749529873021,0,0,0,6.992574170999999,4096,4095,,0.999755859375,,1.0002442002442002,,,,,,4095,3659,2167808,6804328448,0.154298,0.034479,0.041949,0.01257,0.00739,267.551247,0.01247,0.0,0.0,0.11695900000000001,0.236946,179.388992,0.0,0.054769,0.04294,24.105747,0.01546,1042,1042,1041,1,8336,533504,533504,1.59525,0.761617,2.03614,118.53099999999999,84.5645,0.289225,179.309,1041,660,92,1826960824
tiledb,node,4096,0,warm,random,1024,,,128,1,279.88717099651694,0,0,0,7.257067708,4096,4096,,1.0,,1.0,,,,,,4096,3621,2163712,6804344832,0.168157,0.03368,0.042089,0.00996,0.00732,278.166827,0.01008,0.0,0.0,0.10811899999999999,0.143927,191.027717,0.0,0.059039,0.120198,0.925436,0.016189,1006,1006,1005,1,8048,515072,515072,1.35034,0.659669,1.8046799999999998,130.463,95.7844,0.270555,190.964,1005,648,96,1820668192
tiledb,node,4096,0,warm,random,1024,,,128,2,279.8179530072957,0,0,0,7.315260627,4096,4095,,0.999755859375,,1.0002442002442002,,,,,,4095,3611,2189312,6804389888,0.176137,0.03411,0.041279,0.00995,0.00683,278.049339,0.00767,0.0,0.0,0.107849,0.151007,190.17175,0.0,0.062279,0.045329,1.017914,0.01634,1063,1063,1063,1,8504,544256,544256,1.67482,0.774727,2.09731,132.184,83.2006,0.289925,190.09799999999998,1063,675,92,1858423984
tiledb,node,4096,0,warm,random,1024,,,128,3,283.88911101501435,0,0,0,7.251987138,4096,4096,,1.0,,1.0,,,,,,4096,3634,2155520,6804369408,0.118928,0.033439,0.039789,0.00934,0.00711,271.988491,0.00281,0.0,0.0,0.10070799999999999,0.153178,183.759257,0.0,0.053189,0.045039,11.245541,0.01604,1028,1028,1028,1,8224,526336,526336,1.47842,0.646031,1.91375,121.328,86.5417,0.30236599999999997,183.696,1028,640,96,1766132048
tiledb,node,4096,0,warm,random,1024,,,128,4,282.7701980131678,0,0,0,7.475578151,4096,4096,,1.0,,1.0,,,,,,4096,3603,2169856,6803800064,0.125008,0.033819,0.04173,0.00987,0.006409,281.752634,0.00815,0.0,0.0,0.09994800000000001,0.151108,191.530671,0.0,0.055479,0.044399,0.342964,0.01613,1044,1044,1044,1,8352,534528,534528,1.75826,0.762518,2.2868,129.572,100.009,0.308957,191.458,1044,657,91,1835351000
tiledb,node,4096,0,warm,random,1024,,,128,5,283.3991990191862,0,0,0,7.440816045,4096,4096,,1.0,,1.0,,,,,,4096,3624,2180096,6803828736,0.135868,0.033209,0.04084,0.009259,0.0093,282.63877,0.00906,0.0,0.0,0.09830900000000001,0.131818,193.802576,0.0,0.05784,0.043509,0.084579,0.01614,994,994,994,1,7952,508928,508928,1.3008,0.577192,1.7207299999999999,127.49199999999999,92.8232,0.27539600000000003,193.739,994,635,98,1782912400
tiledb,node,4096,0,warm,random,1024,,,128,6,281.7975530051626,0,0,0,7.256793646,4096,4096,,1.0,,1.0,,,,,,4096,3624,2180608,6803841024,0.177297,0.03338,0.042269,0.01051,0.00652,275.27746,0.00441,0.0,0.0,0.105439,0.143497,186.440416,0.0,0.059169,0.04486,5.794943,0.01618,1008,1008,1008,1,8064,516096,516096,1.32993,0.570731,1.78375,118.804,95.7263,0.259316,186.364,1008,647,93,1774522224
tiledb,node,4096,0,warm,random,1024,,,128,7,280.76507803052664,0,0,0,7.3374663380000005,4096,4096,,1.0,,1.0,,,,,,4095,3638,2173952,6803779584,0.122258,0.033759,0.04094,0.009329,0.00723,276.415064,0.00895,0.0,0.0,0.103439,0.129618,191.108126,0.0,0.061029,0.044599,3.678044,0.01587,999,999,998,1,7992,511488,511488,1.5749799999999998,0.765428,1.99461,133.571,84.468,0.274525,191.038,998,640,95,1799692752
tiledb,node,4096,0,warm,random,1024,,,128,8,283.7991029955447,0,0,0,7.37380855,4096,4096,,1.0,,1.0,,,,,,4096,3610,2195456,6803664896,0.747039,0.03325,0.040009,0.00987,0.00644,282.433603,0.00489,0.0,0.0,0.10491800000000001,0.131778,194.077882,0.0,0.058149,0.04162,0.081969,0.01353,984,984,984,1,7872,503808,503808,1.32721,0.5929099999999999,1.7796800000000002,130.471,89.2216,0.308944,194.00300000000001,984,633,93,1803887840
tiledb,node,4096,0,warm,random,1024,,,128,9,281.1024229740724,0,0,0,7.272468322,4096,4096,,1.0,,1.0,,,,,,4096,3596,2198528,6803812352,0.131828,0.033159,0.04472,0.009479,0.00522,277.819533,0.00654,0.0,0.0,0.10070899999999999,0.122098,187.830446,0.0,0.060839,0.045039,2.5947,0.01547,973,973,973,1,7784,498176,498176,1.32906,0.6278199999999999,1.7314500000000002,130.411,78.1825,0.260666,187.763,973,635,94,1774522224
tiledb,node,4096,0,warm,random,8192,,,128,0,325.54385502589867,0,0,0,7.300645300999999,32768,32755,,0.999603271484375,,1.0003968859716075,,,,,,32736,14178,17230336,6835576832,0.221557,0.095048,0.03507,0.012259,0.00949,324.436472,0.00914,0.0,0.0,0.258886,0.935416,237.600287,0.0,0.123008,0.049849,0.181017,0.01824,8140,8133,8121,1,65064,4164096,4164096,3.41898,1.62242,5.75404,157.549,119.00099999999999,0.5741010000000001,237.4,8121,1024,24,2147885056
tiledb,node,4096,0,warm,random,8192,,,128,1,325.1705899601802,0,0,0,7.218594375,32768,32756,,0.9996337890625,,1.0003663450970814,,,,,,32741,14191,17276928,6833524736,0.265356,0.093629,0.037969,0.00991,0.00893,324.047608,0.00897,0.0,0.0,0.233766,0.851077,238.666502,0.0,0.125558,0.049929,0.176307,0.01777,8156,8147,8130,1,65176,4171264,4171264,4.19981,1.77177,6.70214,153.339,127.017,0.558532,238.401,8130,1023,26,2145787512
tiledb,node,4096,0,warm,random,8192,,,128,2,325.8821199997328,0,0,0,7.231093199,32768,32755,,0.999603271484375,,1.0003968859716075,,,,,,32742,14161,17297408,6833954816,0.196057,0.095689,0.036099,0.01013,0.00857,324.811276,0.03272,0.0,0.0,0.23237599999999997,0.820538,238.535484,0.0,0.123478,0.049049,0.178687,0.01843,8062,8054,8044,1,64432,4123648,4123648,3.73196,1.5382,5.90563,148.635,98.6518,0.580162,238.27100000000002,8044,1024,24,2147885056
tiledb,node,4096,0,warm,random,8192,,,128,3,327.12381100282073,0,0,0,7.647787193,32768,32764,,0.9998779296875,,1.0001220852154804,,,,,,32746,14169,17279488,6834053120,0.262556,0.090239,0.035069,0.00957,0.00719,325.028103,0.00874,0.0,0.0,0.23017700000000002,0.910966,232.964287,0.0,0.122278,0.049209,1.160133,0.01807,8112,8104,8091,1,64832,4149248,4149248,3.8518,1.7188800000000002,6.29655,155.941,125.559,0.5488500000000001,232.762,8091,1024,24,2147885056
tiledb,node,4096,0,warm,random,8192,,,128,4,323.9148500142619,0,0,0,7.3954971149999995,32768,32757,,0.999664306640625,,1.0003358060872485,,,,,,32746,14132,17221120,6834450432,0.203947,0.092828,0.03594,0.009879,0.0099,322.862566,0.00886,0.0,0.0,0.241456,0.950096,235.281932,0.0,0.123478,0.050079,0.175838,0.018019,8180,8173,8162,1,65384,4184576,4184576,3.52571,1.61897,5.76243,149.994,113.535,0.522122,235.079,8162,1024,24,2147885056
tiledb,node,4096,0,warm,random,8192,,,128,5,323.3728780178353,0,0,0,7.371229339,32768,32755,,0.999603271484375,,1.0003968859716075,,,,,,32745,14163,17242624,6835773440,0.216397,0.091718,0.03571,0.01012,0.00866,322.308943,0.008299,0.0,0.0,0.23107699999999998,0.848287,232.296747,0.0,0.124378,0.048219,0.181097,0.01711,8163,8152,8136,1,65216,4173824,4173824,3.63159,1.59941,5.8922,150.034,117.718,0.743518,232.037,8136,1024,24,2147885056
tiledb,node,4096,0,warm,random,8192,,,128,6,319.3437779555097,0,0,0,7.166944732999999,32768,32761,,0.999786376953125,,1.0002136686914318,,,,,,32749,14131,17295872,6833729536,0.249387,0.090229,0.03526,0.009969,0.00695,318.245705,0.00864,0.0,0.0,0.24135600000000001,0.935976,232.474855,0.0,0.123388,0.049909,0.172917,0.01701,8314,8304,8294,1,66432,4251648,4251648,4.98864,2.0045699999999997,7.5533600000000005,152.293,117.79199999999999,0.736989,232.27200000000002,8294,1024,24,2147885056
tiledb,node,4096,0,warm,random,8192,,,128,7,325.61900396831334,0,0,0,7.616891747,32768,32759,,0.999725341796875,,1.0002747336609787,,,,,,32739,14194,17252864,6833778688,0.215367,0.093029,0.036869,0.00954,0.00815,324.53374,0.00848,0.0,0.0,0.23596699999999998,0.976165,237.679216,0.0,0.126168,0.0495,0.180297,0.01773,8271,8263,8241,1,66104,4230656,4230656,4.6746799999999995,1.9988599999999999,7.103210000000001,160.883,120.33099999999999,0.64028,237.47899999999998,8241,1024,24,2147885056
tiledb,node,4096,0,warm,random,8192,,,128,8,316.6754289995879,0,0,0,6.9143750189999995,32768,32760,,0.999755859375,,1.0002442002442002,,,,,,32742,14084,17263616,6834212864,0.295126,0.091869,0.037859,0.00976,0.00917,314.480392,0.00829,0.0,0.0,0.230747,0.897616,222.325397,0.0,0.123378,0.051259,1.229192,0.017229,8114,8107,8083,1,64856,4150784,4150784,4.15763,1.77678,6.5826,138.648,111.67699999999999,0.66225,222.121,8083,1023,26,2145787512
tiledb,node,4096,0,warm,random,8192,,,128,9,334.8565350170247,0,0,0,7.6471874280000005,32768,32763,,0.999847412109375,,1.0001526111772425,,,,,,32736,14222,17277440,6835892224,0.226996,0.097609,0.037909,0.00964,0.00803,333.591534,0.00876,0.0,0.0,0.237576,0.942066,240.534213,0.0,0.121028,0.048569,0.358865,0.01842,8268,8254,8239,1,66032,4226048,4226048,5.06252,2.17225,7.51482,166.95499999999998,118.337,0.6846099999999999,240.32899999999998,8239,1024,24,2147885056
tiledb,node,4096,0,warm,random,65536,,,128,0,374.038515961729,0,0,0,7.265715223,262144,261627,,0.9980278015136719,,1.0019760957393542,,,,,,260583,16384,137551872,7078023168,0.809738,0.083509,0.038149,0.01277,0.01636,371.09383,0.052239,0.0,0.0,1.326721,6.915316,279.119882,0.0,0.6267,0.070599,0.873367,0.02804,65200,64667,63663,1,517336,33109504,33109504,18.5529,10.2925,35.4788,113.262,84.68549999999999,2.55545,277.891,63663,1024,24,2147885056
tiledb,node,4096,0,warm,random,65536,,,128,1,387.8249180270359,0,0,0,7.594720375,262144,261609,,0.9979591369628906,,1.0020450366768727,,,,,,260581,16384,137506304,7078428672,0.295756,0.087169,0.03725,0.011739,0.01694,385.434505,0.052859,0.0,0.0,1.2493319999999999,6.674129,293.578035,0.0,0.6258,0.060039,0.874166,0.03047,64997,64493,63493,1,515944,33020416,33020416,18.394000000000002,8.967279999999999,34.3992,131.86,84.43090000000001,2.34541,292.35299999999995,63493,1024,24,2147885056
tiledb,node,4096,0,warm,random,65536,,,128,2,382.8424029634334,0,0,0,7.357407289,262144,261642,,0.9980850219726562,,1.0019186522041568,,,,,,260678,16384,137528832,7078588416,0.235496,0.092518,0.03746,0.01155,0.016929,380.41179,0.058099,0.0,0.0,1.2920500000000001,6.742109,287.672365,0.0,0.636921,0.145348,0.874467,0.031919,65833,65363,64336,1,522904,33465856,33465856,18.6863,9.35426,34.8564,119.9,78.77879999999999,2.8132800000000002,286.411,64336,1024,24,2147885056
tiledb,node,4096,0,warm,random,65536,,,128,3,356.99302196735516,0,0,0,6.894647411,262144,261637,,0.9980659484863281,,1.0019377993173748,,,,,,260688,16384,137579520,7078989824,0.258106,0.083489,0.038199,0.0116,0.01634,354.633177,0.05149,0.0,0.0,1.263691,6.907926,270.235777,0.0,0.629611,0.067239,0.871927,0.029219,65238,64707,63683,1,517656,33129984,33129984,18.2878,8.58769,32.2305,119.40299999999999,77.8981,2.3677099999999998,268.998,63683,1024,24,2147885056
tiledb,node,4096,0,warm,random,65536,,,128,4,353.85897901142016,0,0,0,6.67469146,262144,261619,,0.9979972839355469,,1.0020067349848443,,,,,,260580,16384,137348608,7078965248,0.270976,0.085089,0.03794,0.011349,0.01638,351.479425,0.052489,0.0,0.0,1.278081,6.923106,274.782348,0.0,0.63499,0.067559,0.863067,0.031279,65555,65063,64038,1,520504,33312256,33312256,17.5798,8.42949,32.3902,128.659,76.4475,2.76042,273.521,64038,1024,24,2147885056
tiledb,node,4096,0,warm,random,65536,,,128,5,395.94304602360353,0,0,0,7.733127427,262144,261647,,0.9981040954589844,,1.0018995058227307,,,,,,260634,16384,137368064,7078969344,0.293696,0.084239,0.03734,0.023789,0.01662,393.484463,0.051599,0.0,0.0,1.267261,6.947075,297.414688,0.0,0.68941,0.066709,0.865227,0.02737,65438,64926,63897,1,519408,33242112,33242112,16.8613,7.95615,31.224899999999998,134.356,76.9986,2.4357699999999998,296.166,63897,1024,24,2147885056
tiledb,node,4096,0,warm,random,65536,,,128,6,374.7063659830019,0,0,0,6.847174888,262144,261607,,0.9979515075683594,,1.0020526973666606,,,,,,260609,16384,137446912,7079354368,0.357864,0.085479,0.039389,0.011,0.0165,372.259542,0.052909,0.0,0.0,1.217612,6.805097,293.666534,0.0,0.630571,0.068029,0.864527,0.02995,65505,64970,63982,1,519760,33264640,33264640,20.6828,11.6012,38.0577,134.344,89.1919,1.72975,292.417,63982,1024,24,2147885056
tiledb,node,4096,0,warm,random,65536,,,128,7,375.20199798746035,0,0,0,7.455869353,262144,261597,,0.9979133605957031,,1.0020910025726595,,,,,,260572,16384,137393664,7079555072,0.285125,0.083259,0.037529,0.01205,0.01642,372.804104,0.052399,0.0,0.0,1.271661,6.881267,281.98135,0.0,0.630651,0.069409,0.865307,0.030269,65454,64925,63933,1,519400,33241600,33241600,16.6082,7.91951,31.916100000000004,134.836,81.3374,2.4471,280.735,63933,1024,24,2147885056
tiledb,node,4096,0,warm,random,65536,,,128,8,398.5324169625528,0,0,0,7.77884787,262144,261629,,0.9980354309082031,,1.0019684362207553,,,,,,260622,16384,137432064,7079501824,0.282415,0.084159,0.038319,0.01124,0.01638,396.146413,0.057579,0.0,0.0,1.2556310000000002,7.122773,291.234401,0.0,0.630001,0.068809,0.877637,0.030299,65416,64908,63934,1,519264,33232896,33232896,17.5833,9.004150000000001,34.388000000000005,141.49200000000002,86.0327,3.16269,289.991,63934,1024,24,2147885056
tiledb,node,4096,0,warm,random,65536,,,128,9,402.61171699967235,0,0,0,7.9302674280000005,262144,261633,,0.9980506896972656,,1.0019531175348675,,,,,,260582,16384,137373696,7079567360,0.757819,0.084018,0.03815,0.01118,0.016519,399.754729,0.052709,0.0,0.0,1.288481,6.907546,294.692559,0.0,0.631411,0.069659,0.876757,0.028969,65372,64852,63874,1,518816,33204224,33204224,19.5711,10.9227,35.8004,133.556,94.02720000000001,2.36719,293.45,63874,1024,24,2147885056
tiledb,node,4096,0,warm,window_256,1024,,,128,0,3.4104689839296043,0,0,0,0.019380964,4096,1002,,0.24462890625,,4.087824351297405,,,,,,25,4,3136000,6804680704,0.123129,0.03268,0.032189,0.00876,0.00723,1.415049,0.00235,0.0,0.0,0.046289,0.00386,1.007225,0.0,0.015059,0.02048,1.621166,0.011739,1024,254,3,1,2032,130048,130048,0.235396,0.108138,0.274776,0.393345,0.17810800000000002,0.032209,0.9831849999999999,3,1,1,2097544
tiledb,node,4096,0,warm,window_256,1024,,,128,1,3.1518429750576615,0,0,0,0.017674973,4096,1009,,0.246337890625,,4.059464816650149,,,,,,18,5,2445824,6804590592,0.128828,0.03229,0.032699,0.00824,0.00617,1.482848,0.00204,0.0,0.0,0.041339,0.0042,1.118074,0.0,0.01508,0.019669,1.297601,0.01129,1024,251,5,1,2008,128512,128512,0.301835,0.12856,0.340505,0.467943,0.165867,0.02944,1.0943100000000001,5,1,1,2097544
tiledb,node,4096,0,warm,window_256,1024,,,128,2,2.594331046566367,0,0,0,0.01688411,4096,1007,,0.245849609375,,4.067527308838133,,,,,,20,5,1752064,6804484096,0.103479,0.031539,0.03158,0.00796,0.005979,1.38667,0.00148,0.0,0.0,0.04167,0.00322,1.031774,0.0,0.014349,0.01957,0.865637,0.01102,1024,252,4,1,2016,129024,129024,0.217057,0.10076700000000001,0.25664699999999996,0.44169400000000003,0.193607,0.026049,1.01009,4,1,1,2097544
tiledb,node,4096,0,warm,window_256,1024,,,128,3,2.348773996345699,0,0,0,0.01597392,4096,1010,,0.24658203125,,4.0554455445544555,,,,,,18,4,2446336,6804480000,0.103268,0.031489,0.02758,0.00813,0.00608,1.415918,0.00187,0.0,0.0,0.025789,0.00244,1.051654,0.0,0.01426,0.01989,0.601141,0.01072,1024,253,4,1,2024,129536,129536,0.203787,0.090129,0.236516,0.468623,0.230726,0.02588,1.03531,4,1,1,2097544
tiledb,node,4096,0,warm,window_256,1024,,,128,4,2.338294987566769,0,0,0,0.01617953,4096,1007,,0.245849609375,,4.067527308838133,,,,,,20,4,2447872,6804475904,0.096299,0.03185,0.02778,0.008339,0.00682,1.576167,0.00164,0.0,0.0,0.0251,0.00286,1.146073,0.0,0.013519,0.01894,0.432454,0.011089,1024,251,6,1,2008,128512,128512,0.320705,0.15773800000000002,0.356624,0.43259400000000003,0.23616600000000001,0.027229999999999997,1.1298199999999998,6,1,1,2097544
tiledb,node,4096,0,warm,window_256,1024,,,128,5,2.493242034688592,0,0,0,0.016030564,4096,1009,,0.246337890625,,4.059464816650149,,,,,,19,4,2446848,6804471808,0.129248,0.032509,0.02981,0.00836,0.00609,2.017609,0.00538,0.0,0.0,0.031089,0.00394,1.475808,0.0,0.01703,0.0239,0.120268,0.01064,2048,503,11,1,4024,257536,257536,0.430733,0.242017,0.469443,0.62579,0.245817,0.02575,1.4573699999999998,11,2,2,4195088
tiledb,node,4096,0,warm,window_256,1024,,,128,6,2.7163089835084975,0,0,0,0.017342214,4096,1006,,0.24560546875,,4.071570576540755,,,,,,22,4,2444288,6804434944,0.086119,0.032659,0.03093,0.00853,0.00584,2.082778,0.004869,0.0,0.0,0.034820000000000004,0.0049,1.602296,0.0,0.01718,0.02325,0.04113,0.01095,2048,501,13,1,4008,256512,256512,0.478882,0.252866,0.5217219999999999,0.67218,0.24698599999999998,0.02863,1.58164,13,2,2,4195088
tiledb,node,4096,0,warm,window_256,1024,,,128,7,3.2009619753807783,0,0,0,0.018165694,4096,1012,,0.2470703125,,4.047430830039525,,,,,,16,4,3142144,6804455424,0.114859,0.0,0.0,0.00808,0.0,0.00012,0.0,0.0,0.0,0.0,0.0,0.0,0.0,0.0,0.0,2.992005,0.01039,0,0,0,0,0,0,0,0.0,0.0,0.0,0.0,0.0,0.0,0.0,0,0,0,0
tiledb,node,4096,0,warm,window_256,1024,,,128,8,3.2686409540474415,0,0,0,0.018882573,4096,1008,,0.24609375,,4.063492063492063,,,,,,19,4,3139584,6804443136,0.130088,0.085108,0.02881,0.00853,0.00631,2.810598,0.00647,0.0,0.0,0.032949,0.00468,2.095819,0.0,0.019449,0.02378,0.043649,0.01043,3072,755,15,1,6040,386560,386560,0.536432,0.316514,0.587121,0.958306,0.35503500000000004,0.038689,2.07586,15,3,3,6292632
tiledb,node,4096,0,warm,window_256,1024,,,128,9,2.4596229777671397,0,0,0,0.016361303,4096,1006,,0.24560546875,,4.071570576540755,,,,,,22,5,2444800,6804406272,0.122598,0.029459,0.02614,0.00783,0.0046,1.502017,0.00134,0.0,0.0,0.024979,0.00264,1.120893,0.0,0.01439,0.019709,0.627051,0.01102,1024,252,5,1,2016,129024,129024,0.274706,0.13402,0.31273500000000004,0.5068429999999999,0.18426700000000001,0.024079,1.10344,5,1,1,2097544
tiledb,node,4096,0,warm,window_256,8192,,,128,0,3.1656419741921127,0,0,0,0.017561474,32768,1024,,0.03125,,32.0,,,,,,4,5,17912832,6804729856,0.195237,0.087189,0.026729,0.00834,0.00625,1.32613,0.00173,0.0,0.0,0.02628,0.00176,0.963615,0.0,0.01417,0.02446,1.368209,0.01292,8192,256,1,1,2048,131072,131072,0.09561800000000001,0.032519,0.134727,0.470072,0.237967,0.025679,0.947395,1,1,1,2097544
tiledb,node,4096,0,warm,window_256,8192,,,128,1,3.1698319944553077,0,0,0,0.017447334,32768,1024,,0.03125,,32.0,,,,,,4,4,17912832,6804987904,0.237016,0.087469,0.029299,0.00842,0.00601,1.666535,0.00158,0.0,0.0,0.025009,0.00251,1.214302,0.0,0.01752,0.024669,0.966536,0.012799,16384,512,2,1,4096,262144,262144,0.184657,0.09877799999999999,0.218737,0.533002,0.287196,0.03257,1.19636,2,2,2,4195088
tiledb,node,4096,0,warm,window_256,8192,,,128,2,2.5006720097735524,0,0,0,0.01473255,32768,1024,,0.03125,,32.0,,,,,,4,4,17912832,6804844544,0.176908,0.0,0.0,0.00786,0.0,0.00015,0.0,0.0,0.0,0.0,0.0,0.0,0.0,0.0,0.0,2.223557,0.01239,0,0,0,0,0,0,0,0.0,0.0,0.0,0.0,0.0,0.0,0.0,0,0,0,0
tiledb,node,4096,0,warm,window_256,8192,,,128,3,2.779447997454554,0,0,0,0.01660987,32768,1024,,0.03125,,32.0,,,,,,4,4,17912832,6804979712,0.158478,0.086068,0.02779,0.00878,0.00638,2.010879,0.0043,0.0,0.0,0.027039,0.00223,1.436579,0.0,0.01674,0.02539,0.316745,0.01285,16384,512,2,1,4096,262144,262144,0.179647,0.103909,0.216367,0.798828,0.264116,0.032490000000000005,1.41904,2,2,2,4195088
tiledb,node,4096,0,warm,window_256,8192,,,128,4,2.4853229988366365,0,0,0,0.01621945,32768,1024,,0.03125,,32.0,,,,,,4,4,17912832,6804832256,0.164288,0.087448,0.03845,0.00844,0.00614,1.237711,0.00114,0.0,0.0,0.025399,0.00172,0.867267,0.0,0.01426,0.023339,0.786168,0.01284,8192,256,1,1,2048,131072,131072,0.074809,0.03885,0.110638,0.42537400000000003,0.220007,0.024859,0.849457,1,1,1,2097544
tiledb,node,4096,0,warm,window_256,8192,,,128,5,2.6460509980097413,0,0,0,0.01537055,32768,1024,,0.03125,,32.0,,,,,,4,4,17912832,6804819968,0.162477,0.087618,0.027,0.00803,0.00699,1.871952,0.00398,0.0,0.0,0.024859,0.00224,1.34505,0.0,0.016919,0.02475,0.315665,0.0124,16384,512,2,1,4096,262144,262144,0.164668,0.090629,0.211587,0.7009,0.277486,0.023429,1.3282,2,2,2,4195088
tiledb,node,4096,0,warm,window_256,8192,,,128,6,3.0633439891971648,0,0,0,0.017607703,32768,1024,,0.03125,,32.0,,,,,,4,4,22633472,6804963328,0.152777,0.0,0.0,0.00798,0.0,0.00019,0.0,0.0,0.0,0.0,0.0,0.0,0.0,0.0,0.0,2.796068,0.01273,0,0,0,0,0,0,0,0.0,0.0,0.0,0.0,0.0,0.0,0.0,0,0,0,0
tiledb,node,4096,0,warm,window_256,8192,,,128,7,2.9449950088746846,0,0,0,0.018177144,32768,1024,,0.03125,,32.0,,,,,,4,4,22633472,6804963328,0.165137,0.072519,0.02691,0.00802,0.00604,2.097188,0.001669,0.0,0.0,0.02437,0.00257,1.469028,0.0,0.0191,0.025609,0.400504,0.01269,24576,768,3,1,6144,393216,393216,0.267386,0.145557,0.300315,0.65817,0.348875,0.031219,1.4517600000000002,3,3,3,6292632
tiledb,node,4096,0,warm,window_256,8192,,,128,8,2.624100015964359,0,0,0,0.016654874,32768,1024,,0.03125,,32.0,,,,,,4,4,17912832,6804836352,0.164557,0.087819,0.026699,0.0085,0.00599,1.883432,0.00447,0.0,0.0,0.0249,0.00234,1.384559,0.0,0.01676,0.026269,0.281476,0.01243,16384,512,2,1,4096,262144,262144,0.208177,0.124367,0.259056,0.6853,0.275146,0.034548999999999996,1.3680700000000001,2,2,2,4195088
tiledb,node,4096,0,warm,window_256,8192,,,128,9,2.044889028184116,0,0,0,0.015050164,32768,1024,,0.03125,,32.0,,,,,,4,4,13192192,6804684800,0.194567,0.087299,0.02687,0.007959,0.00652,1.229522,0.00088,0.0,0.0,0.02478,0.00194,0.893886,0.0,0.01383,0.023319,0.337815,0.01261,8192,256,1,1,2048,131072,131072,0.088278,0.027189,0.132268,0.43188299999999996,0.208657,0.027460000000000002,0.876796,1,1,1,2097544
tiledb,node,4096,0,warm,window_256,65536,,,128,0,6.110807997174561,0,0,0,0.031490714,262144,1024,,0.00390625,,256.0,,,,,,4,5,218703872,6805061632,0.198067,0.091708,0.02775,0.00859,0.00737,3.385249,0.00642,0.0,0.0,0.029929,0.00299,2.351575,0.0,0.0223,0.091118,2.148638,0.030889,262144,1024,4,1,8192,524288,524288,0.26689599999999997,0.149577,0.30883499999999997,1.14144,0.6888299999999999,0.035759,2.33447,4,5,4,10487720
tiledb,node,4096,0,warm,window_256,65536,,,128,1,3.7191539886407554,0,0,0,0.019742111,262144,1024,,0.00390625,,256.0,,,,,,4,4,143177728,6806065152,0.187867,0.075439,0.02713,0.008129,0.00486,1.291491,0.00139,0.0,0.0,0.0285,0.00233,0.888936,0.0,0.01489,0.032759,1.943601,0.025059,65536,256,1,1,2048,131072,131072,0.056638999999999995,0.0309,0.099038,0.434903,0.221907,0.02292,0.871716,1,1,1,2097544
tiledb,node,4096,0,warm,window_256,65536,,,128,2,4.884527006652206,0,0,0,0.022982363999999998,262144,1024,,0.00390625,,256.0,,,,,,4,4,143177728,6806056960,0.183248,0.083109,0.02814,0.008619,0.00693,2.04388,0.00458,0.0,0.0,0.026180000000000002,0.00246,1.442938,0.0,0.018419,0.053769,2.317005,0.02498,131072,512,2,1,4096,262144,262144,0.19126700000000002,0.112428,0.23012600000000002,0.744359,0.307356,0.028239,1.42599,2,2,2,4195088
tiledb,node,4096,0,warm,window_256,65536,,,128,3,4.698278964497149,0,0,0,0.023235084,262144,1024,,0.00390625,,256.0,,,,,,4,4,143177728,6806056960,0.184098,0.086649,0.0277,0.008479,0.0061,1.913042,0.00431,0.0,0.0,0.02396,0.00227,1.273211,0.0,0.017279,0.053309,2.268496,0.0244,131072,512,2,1,4096,262144,262144,0.14204699999999998,0.06341000000000001,0.170087,0.707059,0.25579599999999997,0.03531,1.25618,2,2,2,4195088
tiledb,node,4096,0,warm,window_256,65536,,,128,4,4.270275007002056,0,0,0,0.022550584,262144,1024,,0.00390625,,256.0,,,,,,4,4,143177728,6807113728,0.186687,0.083738,0.02779,0.00815,0.00607,1.95172,0.0044,0.0,0.0,0.025369,0.00246,1.33987,0.0,0.01599,0.051619,1.803523,0.02443,131072,512,2,1,4096,262144,262144,0.158748,0.07254,0.196547,0.710549,0.276256,0.025629000000000002,1.3233,2,2,2,4195088
tiledb,node,4096,0,warm,window_256,65536,,,128,5,3.7329340120777488,0,0,0,0.019794233,262144,1024,,0.00390625,,256.0,,,,,,4,4,143177728,6806056960,0.165488,0.075839,0.027309,0.00862,0.00494,1.258511,0.00121,0.0,0.0,0.02399,0.0017,0.873826,0.0,0.01536,0.031869,2.01025,0.024439,65536,256,1,1,2048,131072,131072,0.08048899999999999,0.036198999999999995,0.118019,0.410293,0.224477,0.023618999999999998,0.8561369999999999,1,1,1,2097544
tiledb,node,4096,0,warm,window_256,65536,,,128,6,4.635110963135958,0,0,0,0.021372878,262144,1024,,0.00390625,,256.0,,,,,,4,4,143177728,6806052864,0.174707,0.084098,0.02816,0.00851,0.0074,1.839902,0.00492,0.0,0.0,0.024879,0.00246,1.256841,0.0,0.0182,0.052989,2.283395,0.02475,131072,512,2,1,4096,262144,262144,0.169487,0.081729,0.20271699999999998,0.604121,0.286016,0.039359,1.2383,2,2,2,4195088
tiledb,node,4096,0,warm,window_256,65536,,,128,7,4.651659983210266,0,0,0,0.023058027000000002,262144,1024,,0.00390625,,256.0,,,,,,4,5,143177728,6806048768,0.209607,0.086768,0.02762,0.00877,0.00727,1.811002,0.00546,0.0,0.0,0.026529,0.00251,1.268101,0.0,0.01799,0.054139,2.305615,0.02617,131072,512,2,1,4096,262144,262144,0.156508,0.09328800000000001,0.209547,0.604111,0.291846,0.032909,1.25065,2,2,2,4195088
tiledb,node,4096,0,warm,window_256,65536,,,128,8,3.964530013035983,0,0,0,0.020552635,262144,1024,,0.00390625,,256.0,,,,,,4,4,143177728,6806048768,0.176897,0.078299,0.028899,0.00826,0.00682,1.30879,0.00134,0.0,0.0,0.02502,0.0018,0.874416,0.0,0.01495,0.03758,2.168568,0.023759,65536,256,1,1,2048,131072,131072,0.070869,0.033329,0.113179,0.447533,0.199817,0.030670000000000003,0.857818,1,1,1,2097544
tiledb,node,4096,0,warm,window_256,65536,,,128,9,5.116452986840159,0,0,0,0.025832126,262144,1024,,0.00390625,,256.0,,,,,,4,6,143177728,6807105536,0.185547,0.0,0.0,0.007549,0.0,0.00016,0.0,0.0,0.0,0.0,0.0,0.0,0.0,0.0,0.0,4.824418,0.022109,0,0,0,0,0,0,0,0.0,0.0,0.0,0.0,0.0,0.0,0.0,0,0,0,0
tiledb,node,4096,0,warm,window_4096,1024,,,128,0,6.598990992642939,0,0,0,0.038780679,4096,3596,,0.8779296875,,1.139043381535039,,,,,,2785,8,3111936,6810529792,0.463443,0.03104,0.02945,0.008729,0.00701,3.454468,0.00716,0.0,0.0,0.05252,0.092538,2.414164,0.0,0.02088,0.02126,2.453263,0.01096,1024,893,692,1,7144,457216,457216,0.978816,0.360533,1.16643,0.784838,0.257946,0.073859,2.37672,692,2,1,4195088
tiledb,node,4096,0,warm,window_4096,1024,,,128,1,5.976340034976602,0,0,0,0.03790526,4096,3616,,0.8828125,,1.1327433628318584,,,,,,2840,8,3123712,6808338432,0.113258,0.032879,0.03291,0.009,0.00716,5.554856,0.008479,0.0,0.0,0.07404,0.165617,3.840142,0.0,0.02804,0.025889,0.058019,0.00945,2048,1828,1424,1,14624,935936,935936,1.4218600000000001,0.572242,1.80161,1.28546,0.42084400000000005,0.08592799999999999,3.7824199999999997,1424,4,2,8390176
tiledb,node,4096,0,warm,window_4096,1024,,,128,2,6.321744993329048,0,0,0,0.037618149,4096,3608,,0.880859375,,1.1352549889135255,,,,,,2822,8,3111424,6809034752,0.499903,0.031229,0.02849,0.00804,0.006009,3.668835,0.0025,0.0,0.0,0.053419,0.093429,2.734079,0.0,0.02005,0.01939,1.926821,0.010999,1024,896,732,1,7168,458752,458752,0.970865,0.39392900000000003,1.2306400000000002,0.964486,0.292215,0.059639000000000005,2.6965399999999997,732,2,1,4195088
tiledb,node,4096,0,warm,window_4096,1024,,,128,3,5.940590985119343,0,0,0,0.038394228,4096,3621,,0.884033203125,,1.1311792322562828,,,,,,2839,8,3113472,6808080384,0.121639,0.03216,0.033969,0.00869,0.00686,3.834323,0.01083,0.0,0.0,0.05323,0.088218,2.749879,0.0,0.021279,0.02154,1.746913,0.0109,1024,906,715,1,7248,463872,463872,1.0468199999999999,0.398664,1.25629,0.938976,0.287056,0.088979,2.70913,715,2,1,4195088
tiledb,node,4096,0,warm,window_4096,1024,,,128,4,8.174567017704248,0,0,0,0.045903866,4096,3607,,0.880615234375,,1.1355697255336845,,,,,,2841,8,4143104,6809210880,0.094628,0.0313,0.028699,0.00827,0.00609,3.413629,0.00532,0.0,0.0,0.048059000000000004,0.092159,2.390844,0.0,0.018629,0.01742,4.431753,0.01072,1024,892,720,1,7136,456704,456704,0.9558760000000001,0.351906,1.17459,0.773989,0.220857,0.070869,2.35474,720,2,1,4195088
tiledb,node,4096,0,warm,window_4096,1024,,,128,5,6.236647022888064,0,0,0,0.041192545,4096,3641,,0.888916015625,,1.1249656687723153,,,,,,2810,8,3125760,6809038848,0.094779,0.032759,0.02875,0.00861,0.00697,5.825612,0.009089,0.0,0.0,0.06766,0.167087,3.95464,0.0,0.03073,0.023079,0.057859,0.01084,2048,1809,1397,1,14472,926208,926208,1.44634,0.56152,1.85119,1.21865,0.49027299999999996,0.098718,3.8995100000000003,1397,4,2,8390176
tiledb,node,4096,0,warm,window_4096,1024,,,128,6,6.325395021121949,0,0,0,0.041097771,4096,3622,,0.88427734375,,1.1308669243511873,,,,,,2835,8,3117568,6808743936,0.128838,0.031949,0.02925,0.00847,0.00687,5.895261,0.00882,0.0,0.0,0.06646,0.175657,4.345225,0.0,0.02944,0.023539,0.060179,0.01071,2048,1816,1415,1,14528,929792,929792,1.4698,0.62343,1.94399,1.53739,0.515312,0.08338899999999999,4.2841499999999995,1415,4,2,8390176
tiledb,node,4096,0,warm,window_4096,1024,,,128,7,8.04768898524344,0,0,0,0.046539183,4096,3640,,0.888671875,,1.1252747252747253,,,,,,2834,8,4149760,6809923584,0.104098,0.083889,0.027229,0.00934,0.00714,7.577336,0.01161,0.0,0.0,0.06573899999999999,0.263236,5.392619,0.0,0.03923,0.023769,0.046839,0.0109,3072,2728,2130,1,21824,1396736,1396736,1.92672,0.749473,2.57985,1.6695099999999998,0.781429,0.078469,5.32967,2130,6,3,12585264
tiledb,node,4096,0,warm,window_4096,1024,,,128,8,4.348415008280426,0,0,0,0.034105555,4096,3636,,0.8876953125,,1.1265126512651265,,,,,,2812,8,2095104,6807261184,0.094859,0.03026,0.02847,0.008539,0.00615,3.98473,0.00618,0.0,0.0,0.051088999999999996,0.091009,2.983265,0.0,0.0207,0.01914,0.028399,0.01089,1024,897,704,1,7176,459264,459264,1.16442,0.489932,1.4242199999999998,0.943006,0.312675,0.102398,2.94606,704,2,1,4195088
tiledb,node,4096,0,warm,window_4096,1024,,,128,9,6.155996990855783,0,0,0,0.040928439,4096,3644,,0.8896484375,,1.12403951701427,,,,,,2842,8,3125248,6807994368,0.101649,0.03016,0.026679,0.00843,0.00695,5.746684,0.00873,0.0,0.0,0.063709,0.178097,4.167288,0.0,0.029179,0.02287,0.059249,0.01093,2048,1831,1424,1,14648,937472,937472,1.4473699999999998,0.6001,1.90845,1.4044299999999998,0.518652,0.07074899999999999,4.09926,1424,4,2,8390176
tiledb,node,4096,0,warm,window_4096,8192,,,128,0,5.699044035281986,0,0,0,0.036356109,32768,14167,,0.432342529296875,,2.3129808710383286,,,,,,1951,8,21692928,6804791296,0.157448,0.0,0.0,0.00822,0.0,0.00016,0.0,0.0,0.0,0.0,0.0,0.0,0.0,0.0,0.0,5.431299,0.011449,0,0,0,0,0,0,0,0.0,0.0,0.0,0.0,0.0,0.0,0.0,0,0,0,0
tiledb,node,4096,0,warm,window_4096,8192,,,128,1,5.500327970366925,0,0,0,0.034845585,32768,14213,,0.433746337890625,,2.3054949693942164,,,,,,1879,8,21692928,6804463616,0.164328,0.0,0.0,0.00811,0.0,0.00022,0.0,0.0,0.0,0.0,0.0,0.0,0.0,0.0,0.0,5.220952,0.01257,0,0,0,0,0,0,0,0.0,0.0,0.0,0.0,0.0,0.0,0.0,0,0,0,0
tiledb,node,4096,0,warm,window_4096,8192,,,128,2,5.895100999623537,0,0,0,0.038503034,32768,14204,,0.4334716796875,,2.3069557871022246,,,,,,1906,8,21692928,6804975616,0.229776,0.088009,0.027839,0.00909,0.00795,4.986595,0.02566,0.0,0.0,0.053369,0.123188,3.617665,0.0,0.080269,0.025679,0.319766,0.013049,16384,7093,953,1,56744,3631616,3631616,1.10645,0.48854,1.39409,1.40415,0.47168299999999996,0.133008,3.5742,953,4,2,8390176
tiledb,node,4096,0,warm,window_4096,8192,,,128,3,6.235665990971029,0,0,0,0.040137439000000004,32768,14142,,0.43157958984375,,2.317069721397256,,,,,,1925,8,21692928,6804467712,0.159638,0.088978,0.0264,0.00856,0.0072,5.399808,0.029829,0.0,0.0,0.053859000000000004,0.125888,3.958311,0.0,0.075939,0.02533,0.317915,0.01243,16384,7040,985,1,56320,3604480,3604480,1.2299200000000001,0.498144,1.55404,1.5760100000000001,0.461273,0.13978800000000002,3.91152,985,4,3,8390176
tiledb,node,4096,0,warm,window_4096,8192,,,128,4,5.852852016687393,0,0,0,0.034742439,32768,14161,,0.432159423828125,,2.3139608784690346,,,,,,1941,8,21692928,6804426752,0.162838,0.0,0.0,0.00837,0.0,0.00025,0.0,0.0,0.0,0.0,0.0,0.0,0.0,0.0,0.0,5.574226,0.01263,0,0,0,0,0,0,0,0.0,0.0,0.0,0.0,0.0,0.0,0.0,0,0,0,0
tiledb,node,4096,0,warm,window_4096,8192,,,128,5,4.171136999502778,0,0,0,0.032380166,32768,14159,,0.432098388671875,,2.3142877321844764,,,,,,1930,8,14801408,6803611648,0.166057,0.087889,0.025359,0.00807,0.00539,3.433599,0.00508,0.0,0.0,0.038098999999999994,0.071659,2.474123,0.0,0.043839,0.02409,0.250736,0.01223,8192,3518,500,1,28144,1801216,1801216,0.9082060000000001,0.41434499999999996,1.0952799999999998,0.810848,0.297906,0.100178,2.44252,500,2,1,4195088
tiledb,node,4096,0,warm,window_4096,8192,,,128,6,7.255211006850004,0,0,0,0.044417679,32768,14144,,0.431640625,,2.316742081447964,,,,,,1913,8,27458560,6805192704,0.169187,0.074769,0.027619,0.0095,0.00852,6.292775,0.035519,0.0,0.0,0.068449,0.196697,4.451153,0.0,0.111899,0.026459,0.404514,0.01275,24576,10621,1426,1,84968,5437952,5437952,1.50835,0.587263,1.95736,1.31361,0.7278490000000001,0.158778,4.38698,1426,6,3,12585264
tiledb,node,4096,0,warm,window_4096,8192,,,128,7,4.3581450008787215,0,0,0,0.032765454,32768,14119,,0.430877685546875,,2.3208442524258093,,,,,,1959,8,14793728,6803726336,0.160528,0.087439,0.02618,0.00817,0.00696,3.590356,0.005509,0.0,0.0,0.03629,0.072169,2.692869,0.0,0.044129,0.02368,0.285406,0.01285,8192,3504,519,1,28032,1794048,1794048,1.01723,0.387432,1.21313,0.874397,0.282806,0.153088,2.65217,519,2,1,4195088
tiledb,node,4096,0,warm,window_4096,8192,,,128,8,5.6854739668779075,0,0,0,0.036194515000000003,32768,14169,,0.432403564453125,,2.312654386336368,,,,,,1899,8,21692928,6804418560,0.158697,0.0,0.0,0.00808,0.0,0.00022,0.0,0.0,0.0,0.0,0.0,0.0,0.0,0.0,0.0,5.414379,0.01276,0,0,0,0,0,0,0,0.0,0.0,0.0,0.0,0.0,0.0,0.0,0,0,0,0
tiledb,node,4096,0,warm,window_4096,8192,,,128,9,5.650905019138008,0,0,0,0.038434212,32768,14168,,0.432373046875,,2.312817617165443,,,,,,1908,8,21692928,6804451328,0.162148,0.089228,0.0271,0.00832,0.00746,4.796278,0.00668,0.0,0.0,0.04529,0.120968,3.552747,0.0,0.077948,0.02545,0.330185,0.01253,16384,7084,943,1,56672,3627008,3627008,1.0341,0.474701,1.35084,1.39653,0.456993,0.145438,3.5168500000000003,943,4,2,8390176
tiledb,node,4096,0,warm,window_4096,65536,,,128,0,6.0940979747101665,0,0,0,0.032201270000000004,262144,16384,,0.0625,,16.0,,,,,,4,8,144179712,6802755584,0.183997,0.084479,0.027949,0.00854,0.00809,3.220311,0.031369,0.0,0.0,0.02358,0.00406,2.279406,0.0,0.091489,0.054269,2.277316,0.025429,131072,8192,2,1,65536,4194304,4194304,0.172327,0.067808,0.214776,1.31153,0.48756299999999997,0.115368,2.2625599999999997,2,4,2,8390176
tiledb,node,4096,0,warm,window_4096,65536,,,128,1,4.900605999864638,0,0,0,0.028749031,262144,16384,,0.0625,,16.0,,,,,,4,8,106430976,6802436096,0.558082,0.079328,0.03205,0.00838,0.00728,2.237096,0.00509,0.0,0.0,0.034319,0.00314,1.570196,0.0,0.050679,0.03484,1.763023,0.02503,65536,4096,1,1,32768,2097152,2097152,0.054789,0.027,0.088388,0.8798560000000001,0.38455500000000004,0.06826900000000001,1.55087,1,2,1,4195088
tiledb,node,4096,0,warm,window_4096,65536,,,128,2,6.137527991086245,0,0,0,0.030113807,262144,16384,,0.0625,,16.0,,,,,,4,8,144179712,6803697664,0.195967,0.082989,0.027739,0.00816,0.00792,3.234351,0.029139,0.0,0.0,0.025509999999999998,0.00408,2.275966,0.0,0.087789,0.056149,2.298565,0.02512,131072,8192,2,1,65536,4194304,4194304,0.167527,0.072359,0.21839599999999998,1.36045,0.467233,0.090419,2.258,2,4,2,8390176
tiledb,node,4096,0,warm,window_4096,65536,,,128,3,5.495766992680728,0,0,0,0.026522457,262144,16384,,0.0625,,16.0,,,,,,4,8,144179712,6803828736,0.185107,0.078119,0.026859,0.00794,0.007,1.99873,0.00477,0.0,0.0,0.02489,0.00272,1.392529,0.0,0.049609,0.03281,2.975345,0.02316,65536,4096,1,1,32768,2097152,2097152,0.068749,0.042899,0.121259,0.8090470000000001,0.260046,0.095429,1.3759899999999998,1,2,1,4195088
tiledb,node,4096,0,warm,window_4096,65536,,,128,4,6.356795027386397,0,0,0,0.031174624,262144,16384,,0.0625,,16.0,,,,,,4,8,144179712,6803689472,0.185997,0.085379,0.02877,0.00838,0.008,3.493567,0.007749,0.0,0.0,0.02504,0.00403,2.350054,0.0,0.086439,0.052839,2.273046,0.024859,131072,8192,2,1,65536,4194304,4194304,0.154187,0.09477899999999999,0.189867,1.4655799999999999,0.46220300000000003,0.10771900000000001,2.33213,2,4,2,8390176
tiledb,node,4096,0,warm,window_4096,65536,,,128,5,6.372714997269213,0,0,0,0.030360356,262144,16384,,0.0625,,16.0,,,,,,4,8,144179712,6803689472,0.178858,0.078968,0.02638,0.00818,0.00719,2.501522,0.0046,0.0,0.0,0.024759,0.00276,1.576897,0.0,0.088369,0.061029,3.138823,0.029829,65536,4096,1,1,32768,2097152,2097152,0.07664900000000001,0.0347,0.110138,0.912176,0.291065,0.09273899999999999,1.55266,1,2,1,4195088
tiledb,node,4096,0,warm,window_4096,65536,,,128,6,6.211706029716879,0,0,0,0.031317137,262144,16384,,0.0625,,16.0,,,,,,4,8,144179712,6803689472,0.308815,0.086039,0.029999,0.00819,0.00792,3.225941,0.00758,0.0,0.0,0.025089,0.00408,2.160398,0.0,0.087249,0.053629,2.267506,0.02545,131072,8192,2,1,65536,4194304,4194304,0.141408,0.065118,0.175767,1.2743900000000001,0.461833,0.115808,2.14322,2,4,2,8390176
tiledb,node,4096,0,warm,window_4096,65536,,,128,7,6.3264850177802145,0,0,0,0.031071327,262144,16384,,0.0625,,16.0,,,,,,4,8,144179712,6803689472,0.211926,0.085909,0.029489,0.00831,0.00799,3.434698,0.02913,0.0,0.0,0.024609,0.00412,2.433084,0.0,0.086299,0.055129,2.270936,0.02279,131072,8192,2,1,65536,4194304,4194304,0.20077699999999998,0.111499,0.242116,1.44825,0.520932,0.088199,2.4160399999999997,2,4,2,8390176
tiledb,node,4096,0,warm,window_4096,65536,,,128,8,5.073783977422863,0,0,0,0.025680137,262144,16384,,0.0625,,16.0,,,,,,4,8,144179712,6803681280,0.178358,0.077099,0.02789,0.00861,0.00545,2.051519,0.004329,0.0,0.0,0.024759999999999997,0.00269,1.474958,0.0,0.051229,0.030329,2.505613,0.023939,65536,4096,1,1,32768,2097152,2097152,0.08569800000000001,0.044069000000000004,0.114868,0.884627,0.308555,0.058588999999999995,1.45747,1,2,1,4195088
tiledb,node,4096,0,warm,window_4096,65536,,,128,9,6.105477979872376,0,0,0,0.032349934999999996,262144,16384,,0.0625,,16.0,,,,,,4,8,144179712,6803677184,0.201027,0.084029,0.02885,0.008269,0.00793,3.238492,0.02941,0.0,0.0,0.02495,0.004009,2.269336,0.0,0.086528,0.05528,2.270366,0.02493,131072,8192,2,1,65536,4194304,4194304,0.140668,0.085629,0.196987,1.34228,0.476753,0.123359,2.2518,2,4,2,8390176
tiledb,node,4096,0,warm,window_65536,1024,,,128,0,23.903230961877853,0,0,0,0.161693597,4096,4062,,0.99169921875,,1.0083702609551946,,,,,,4010,68,3229696,6809186304,0.103329,0.03386,0.036499,0.01135,0.00722,23.329029,0.01078,0.0,0.0,0.092728,0.241337,16.562161,0.0,0.04046,0.032839,0.069409,0.01344,2048,2035,2010,1,16280,1041920,1041920,1.40131,0.63615,2.01064,10.6863,3.23182,0.067039,16.3875,2010,34,2,71316496
tiledb,node,4096,0,warm,window_65536,1024,,,128,1,22.76104805059731,0,0,0,0.156947867,4096,4056,,0.990234375,,1.009861932938856,,,,,,3995,68,3227136,6810198016,0.120818,0.035029,0.0348,0.00957,0.00688,22.259715,0.009949,0.0,0.0,0.09518,0.234606,16.886615,0.0,0.035409,0.02937,0.049289,0.01342,2048,2030,2005,1,16240,1039360,1039360,1.6546,0.730329,2.21129,10.5761,3.59912,0.067039,16.792,2005,34,2,71316496
tiledb,node,4096,0,warm,window_65536,1024,,,128,2,31.307889032177627,0,0,0,0.21139766299999999,4096,4066,,0.99267578125,,1.0073782587309394,,,,,,4000,68,4314624,6811480064,0.099939,0.03304,0.034269,0.00873,0.00696,13.387839,0.00326,0.0,0.0,0.068689,0.121318,10.585121,0.0,0.028139,0.02454,17.423458,0.01641,1024,1016,1004,1,8128,520192,520192,1.20071,0.50953,1.51939,6.843369999999999,1.91403,0.042589999999999996,10.5313,1004,17,1,35658248
tiledb,node,4096,0,warm,window_65536,1024,,,128,3,26.446892006788403,0,0,0,0.197350135,4096,4061,,0.991455078125,,1.0086185668554544,,,,,,4014,67,3227136,6811189248,0.66305,0.034159,0.03785,0.0097,0.00704,24.976914,0.011749,0.0,0.0,0.10192000000000001,0.219596,18.175546,0.0,0.03193,0.025789,0.485343,0.013669,2048,2030,2004,1,16240,1039360,1039360,1.5662099999999999,0.662187,2.10616,11.5271,4.025919999999999,0.060918999999999994,18.0912,2004,33,2,69218952
tiledb,node,4096,0,warm,window_65536,1024,,,128,4,24.97795398812741,0,0,0,0.153176922,4096,4063,,0.991943359375,,1.008122077282796,,,,,,3989,68,3230720,6810169344,0.210617,0.0,0.0,0.00781,0.0,0.00022,0.0,0.0,0.0,0.0,0.0,0.0,0.0,0.0,0.0,24.654489,0.01388,0,0,0,0,0,0,0,0.0,0.0,0.0,0.0,0.0,0.0,0.0,0,0,0,0
tiledb,node,4096,0,warm,window_65536,1024,,,128,5,27.040702989324927,0,0,0,0.177601214,4096,4066,,0.99267578125,,1.0073782587309394,,,,,,3991,68,3228160,6810152960,0.195587,0.034409,0.040939,0.00874,0.00699,26.441693,0.00507,0.0,0.0,0.133548,0.254736,18.63408,0.0,0.042249,0.032569,0.071109,0.01257,2048,2032,1997,1,16256,1040384,1040384,1.5443,0.6806880000000001,2.1433899999999997,12.305399999999999,3.55928,0.069719,18.4884,1997,34,2,71316496
tiledb,node,4096,0,warm,window_65536,1024,,,128,6,24.10167799098417,0,0,0,0.166008396,4096,4064,,0.9921875,,1.0078740157480315,,,,,,3991,68,3228672,6809104384,0.108338,0.03422,0.035959,0.0095,0.00692,23.593135,0.00967,0.0,0.0,0.097869,0.235106,17.992539,0.0,0.038449,0.03243,0.046459,0.01472,2048,2033,1992,1,16264,1040896,1040896,1.55826,0.6287499999999999,2.09664,11.7205,3.67324,0.06242899999999999,17.8984,1992,34,2,71316496
tiledb,node,4096,0,warm,window_65536,1024,,,128,7,21.876070997677743,0,0,0,0.164124162,4096,4069,,0.993408203125,,1.0066355369869746,,,,,,4004,68,3230720,6809104384,0.129378,0.032219,0.03353,0.008589,0.0062,14.310715,0.00288,0.0,0.0,0.060229,0.128708,10.431994,0.0,0.043589,0.03276,7.060113,0.0141,1024,1018,1008,1,8144,521216,521216,1.0230899999999998,0.421211,1.3482100000000001,6.82172,1.85367,0.040789,10.3292,1008,17,1,35658248
tiledb,node,4096,0,warm,window_65536,1024,,,128,8,23.658974969293922,0,0,0,0.160251651,4096,4062,,0.99169921875,,1.0083702609551946,,,,,,3989,68,3227136,6809108480,0.150978,0.031569,0.02931,0.00881,0.00509,14.025399,0.00307,0.0,0.0,0.05710900000000001,0.122398,11.129072,0.0,0.023099,0.02139,9.222351,0.01193,1024,1017,999,1,8136,520704,520704,1.08485,0.40734400000000004,1.39756,7.46476,1.95389,0.045479000000000006,11.084200000000001,999,17,1,35658248
tiledb,node,4096,0,warm,window_65536,1024,,,128,9,32.90774498600513,0,0,0,0.234989894,4096,4073,,0.994384765625,,1.005646943285048,,,,,,4003,68,4316672,6811258880,0.116699,0.094939,0.027309,0.00898,0.0076,32.171046,0.01359,0.0,0.0,0.12117900000000001,0.355804,21.453207,0.0,0.068859,0.04592,0.110028,0.01505,3072,3054,3000,1,24432,1563648,1563648,2.08335,0.833059,3.02384,13.1966,4.55737,0.090158,21.334100000000003,3000,51,4,106974744
tiledb,node,4096,0,warm,window_65536,8192,,,128,0,37.13340201647952,0,0,0,0.25663201199999996,32768,30805,,0.940093994140625,,1.06372342152248,,,,,,27252,68,25381376,6866153472,0.218446,0.091939,0.036149,0.01222,0.00909,35.93978,0.060539,0.0,0.0,0.36154400000000003,1.456778,23.883151,0.0,0.182297,0.046669,0.238837,0.0169,16384,15396,13636,1,123168,7882752,7882752,5.404319999999999,1.78699,8.35566,10.641,3.5558,0.254186,23.5487,13636,34,2,71316496
tiledb,node,4096,0,warm,window_65536,8192,,,128,1,37.16360096586868,0,0,0,0.259873313,32768,30786,,0.93951416015625,,1.0643799129474436,,,,,,27198,68,25379328,6844383232,0.193297,0.092998,0.03599,0.0098,0.009439,35.888501,0.01736,0.0,0.0,0.329385,1.536717,24.376113,0.0,0.178677,0.049449,0.374184,0.01759,16384,15392,13582,1,123136,7880704,7880704,4.594069999999999,1.9780499999999999,8.03101,10.710799999999999,3.42477,0.268595,23.4163,13582,34,2,71316496
tiledb,node,4096,0,warm,window_65536,8192,,,128,2,54.51965000247583,0,0,0,0.315349051,32768,30757,,0.938629150390625,,1.06538348993725,,,,,,27096,68,33838592,6853582848,0.6128,0.077639,0.035269,0.00974,0.01038,52.883245,0.077149,0.0,0.0,0.767329,2.263696,34.464221,0.0,0.250706,0.049839,0.260496,0.017769,24576,23082,20337,1,184656,11817984,11817984,9.256260000000001,2.67902,13.8403,13.8458,4.71546,0.383515,33.9702,20337,51,3,106974744
tiledb,node,4096,0,warm,window_65536,8192,,,128,3,53.385537990834564,0,0,0,0.367725589,32768,30775,,0.939178466796875,,1.0647603574329814,,,,,,27218,68,33846784,6869463040,0.328145,0.077439,0.035989,0.00976,0.01034,51.89917,0.091379,0.0,0.0,0.526242,2.330335,35.600045,0.0,0.251026,0.049659,0.448244,0.017939,24576,23098,20430,1,184784,11826176,11826176,9.561,3.0496600000000003,14.517000000000001,13.3541,5.22168,0.348364,34.6635,20430,51,3,106974744
tiledb,node,4096,0,warm,window_65536,8192,,,128,4,36.87053598696366,0,0,0,0.278269879,32768,30823,,0.940643310546875,,1.0631022288550758,,,,,,27323,68,25392640,6867828736,0.233947,0.093938,0.03653,0.00941,0.009069,35.644664,0.062159,0.0,0.0,0.420634,1.478818,23.744163,0.0,0.175988,0.039989,0.351484,0.01758,16384,15418,13660,1,123344,7894016,7894016,5.29755,1.77973,8.24995,10.6968,3.3721900000000002,0.289876,23.357300000000002,13660,34,2,71316496
tiledb,node,4096,0,warm,window_65536,8192,,,128,5,52.18891496770084,0,0,0,0.360761138,32768,30803,,0.940032958984375,,1.0637924877447003,,,,,,27123,68,33853440,6875787264,0.189367,0.077258,0.03696,0.01045,0.01036,50.770986,0.085978,0.0,0.0,0.5243220000000001,2.179157,34.397313,0.0,0.248007,0.05024,0.446003,0.01651,24576,23111,20368,1,184888,11832832,11832832,8.219610000000001,2.92186,12.924,14.1517,5.23954,0.371245,33.90110000000001,20368,51,3,106974744
tiledb,node,4096,0,warm,window_65536,8192,,,128,6,51.25923902960494,0,0,0,0.314140093,32768,30827,,0.940765380859375,,1.0629642845557465,,,,,,27278,68,33853440,6859513856,0.299026,0.092308,0.03519,0.008479,0.00766,21.354959,0.0313,0.0,0.0,0.277225,0.816878,13.953131,0.0,0.096129,0.031899,29.171602,0.015549,8192,7716,6798,1,61728,3950592,3950592,3.16478,0.9856039999999999,4.47337,7.33014,1.33994,0.14288800000000001,13.7125,6798,17,1,35658248
tiledb,node,4096,0,warm,window_65536,8192,,,128,7,37.91498998180032,0,0,0,0.27242916100000003,32768,30720,,0.9375,,1.0666666666666667,,,,,,27171,68,25381888,6859272192,0.291236,0.095359,0.03375,0.009129,0.00725,36.59706,0.01426,0.0,0.0,0.377315,1.563176,24.681499,0.0,0.178807,0.04887,0.380984,0.01724,16384,15397,13609,1,123176,7883264,7883264,4.75507,2.20804,8.27958,10.9678,3.72167,0.24676599999999999,23.975,13609,34,2,71316496
tiledb,node,4096,0,warm,window_65536,8192,,,128,8,36.94806504063308,0,0,0,0.258042627,32768,30797,,0.939849853515625,,1.0639997402344383,,,,,,27099,68,25385472,6843342848,0.277626,0.091639,0.035799,0.00906,0.00803,20.491702,0.00775,0.0,0.0,0.187047,0.796268,13.873971,0.0,0.114858,0.042369,15.571176,0.016899,8192,7704,6725,1,61632,3944448,3944448,2.46861,0.9292159999999999,3.9627999999999997,6.8615,1.9996800000000001,0.147608,13.3621,6725,17,1,35658248
tiledb,node,4096,0,warm,window_65536,8192,,,128,9,37.33683901373297,0,0,0,0.255907538,32768,30842,,0.94122314453125,,1.0624473121068672,,,,,,27185,68,25407488,6843297792,0.253937,0.092689,0.035369,0.01008,0.00713,36.000669,0.01465,0.0,0.0,0.33749500000000004,1.520877,24.503531,0.0,0.179777,0.049359,0.374424,0.01818,16384,15447,13599,1,123576,7908864,7908864,4.51995,1.93163,7.67653,11.0883,3.69148,0.255417,23.4709,13599,34,2,71316496
tiledb,node,4096,0,warm,window_65536,65536,,,128,0,58.7710160179995,0,0,0,0.43358294599999997,262144,165856,,0.6326904296875,,1.580551803974532,,,,,,61164,68,182471680,6923149312,0.312165,0.089468,0.0383,0.011059,0.0197,54.772927,0.320525,0.0,0.0,0.66323,3.444129,37.549175,0.0,0.799887,0.088609,2.333295,0.02945,131072,82875,30552,1,663000,42432000,42432000,12.0252,4.88943,18.5538,11.9384,3.76395,0.8347870000000001,36.4554,30552,34,2,71316496
tiledb,node,4096,0,warm,window_65536,65536,,,128,1,56.40861199935898,0,0,0,0.37586384899999997,262144,165959,,0.6330833435058594,,1.579570857862484,,,,,,60814,68,182480384,6892195840,0.304265,0.093119,0.039309,0.00952,0.01925,52.317283,0.069569,0.0,0.0,0.67237,3.589826,35.24677,0.0,0.787548,0.092329,2.395044,0.031629,131072,82998,30457,1,663984,42494976,42494976,9.35684,4.81044,16.6294,11.0794,3.22377,1.12154,33.4382,30457,34,2,71316496
tiledb,node,4096,0,warm,window_65536,65536,,,128,2,56.96200398961082,0,0,0,0.405960051,262144,165848,,0.632659912109375,,1.580628044956828,,,,,,60850,68,182387712,6891839488,0.572881,0.091938,0.03777,0.01127,0.019219,52.59046,0.067539,0.0,0.0,0.65445,3.591276,36.170196,0.0,0.787248,0.091808,2.373254,0.03131,131072,82817,30510,1,662536,42402304,42402304,9.365450000000001,4.59349,17.4757,10.5556,3.49525,0.9810349999999999,33.903999999999996,30510,34,2,71316496
tiledb,node,4096,0,warm,window_65536,65536,,,128,3,33.454036980401725,0,0,0,0.305822811,262144,166012,,0.6332855224609375,,1.5790665735007108,,,,,,60943,68,125132800,6873276416,0.212267,0.083929,0.039309,0.01057,0.01294,30.393633,0.03345,0.0,0.0,0.349975,1.724204,21.399768,0.0,0.419744,0.062299,1.859562,0.03006,65536,41538,15241,1,332304,21267456,21267456,5.56388,2.98563,9.5756,7.3838799999999996,2.10365,0.566891,20.2871,15241,17,1,35658248
tiledb,node,4096,0,warm,window_65536,65536,,,128,4,57.05395195400342,0,0,0,0.389240268,262144,165653,,0.6319160461425781,,1.5824886962505962,,,,,,61016,68,182405120,6892138496,0.230597,0.090129,0.03796,0.010999,0.01966,53.049822,0.143808,0.0,0.0,0.64861,3.400249,35.29257,0.0,0.787509,0.089518,2.370654,0.031179,131072,82851,30470,1,662808,42419712,42419712,11.1139,3.90207,17.4695,11.6213,3.38759,0.801108,34.5646,30470,34,2,71316496
tiledb,node,4096,0,warm,window_65536,65536,,,128,5,55.92794896801934,0,0,0,0.39817103600000003,262144,165510,,0.6313705444335938,,1.5838559603649327,,,,,,61220,68,182405632,6891945984,0.225117,0.090198,0.03828,0.01112,0.019249,51.956479,0.067109,0.0,0.0,0.65969,3.651575,34.800996,0.0,0.786588,0.088739,2.339795,0.029969,131072,82852,30543,1,662816,42420224,42420224,8.64197,3.92832,15.6127,11.1273,3.65014,0.896976,32.6156,30543,34,2,71316496
tiledb,node,4096,0,warm,window_65536,65536,,,128,6,56.524809973780066,0,0,0,0.383311772,262144,165794,,0.6324539184570312,,1.581142864036093,,,,,,61155,68,182440448,6892720128,0.252276,0.088549,0.036339,0.00927,0.01771,52.588239,0.145698,0.0,0.0,0.913457,3.30841,37.364868,0.0,0.787778,0.091319,2.303936,0.030689,131072,82920,30640,1,663360,42455040,42455040,11.7047,4.801159999999999,19.3761,10.787899999999999,3.9882800000000005,0.9937349999999999,36.5495,30640,34,2,71316496
tiledb,node,4096,0,warm,window_65536,65536,,,128,7,56.238604011014104,0,0,0,0.42723724799999996,262144,165392,,0.63092041015625,,1.5849859727193576,,,,,,60775,68,182423552,6928334848,0.226386,0.090219,0.037599,0.01053,0.01929,51.82971,0.153027,0.0,0.0,0.663741,3.376809,34.299864,0.0,0.784099,0.090178,2.769489,0.030529,131072,82505,30426,1,660040,42242560,42242560,11.049700000000001,4.27606,17.6085,10.3783,3.4463,0.808148,33.474999999999994,30426,34,2,71316496
tiledb,node,4096,0,warm,window_65536,65536,,,128,8,53.35338698932901,0,0,0,0.34909215699999996,262144,165709,,0.6321296691894531,,1.5819539071504867,,,,,,60901,68,182407680,6909984768,0.208107,0.082429,0.043999,0.01072,0.01291,29.110572,0.034239,0.0,0.0,0.380665,1.821942,18.500722,0.0,0.414794,0.059389,23.049243,0.03101,65536,41383,15227,1,331064,21188096,21188096,5.50239,2.14755,8.58074,6.74966,1.65055,0.418773,18.046300000000002,15227,17,2,35658248
tiledb,node,4096,0,warm,window_65536,65536,,,128,9,82.14455394772813,0,0,0,0.519678853,262144,165707,,0.6321220397949219,,1.5819730005370927,,,,,,61063,68,239806976,6933348352,0.228177,0.094698,0.04192,0.011559,0.0249,77.13303,0.286816,0.0,0.0,1.123483,5.147872,53.021293,0.0,1.158093,0.208027,2.872307,0.032109,196608,124308,45789,1,994464,63645696,63645696,19.5543,6.1931199999999995,29.7403,13.5051,4.35733,1.3406,51.155,45789,51,3,106974744
tiledb,node,65536,0,cold,random,1024,,,128,0,1579.3460219865665,8591572992,8591572992,8591572992,9.953389735,4096,4095,,0.999755859375,,1.0002442002442002,,,,,,4095,1005,2167808,6805008384,0.233576,0.03433,0.041229,0.01313,0.00748,1566.84686,0.011909,0.0,0.0,0.117928,0.146008,1485.76845,0.0,0.062049,0.043989,11.673745,0.01522,1013,1013,1013,1,8104,518656,518656,0.965156,0.378154,1.27078,1434.8799999999999,97.1031,0.16794800000000001,1485.7,1013,64,24,2147877376
tiledb,node,65536,0,cold,random,1024,,,128,1,1580.3820760338567,8591572992,8591572992,8591572992,10.95813497,4096,4096,,1.0,,1.0,,,,,,4096,1013,2163712,6805200896,0.299415,0.034329,0.04075,0.010189,0.00701,1551.196876,0.00204,0.0,0.0,0.106188,0.147908,1475.076091,0.0,0.053319,0.045359,28.344613,0.0155,1034,1034,1034,1,8272,529408,529408,1.09759,0.470472,1.38507,1430.3,95.58840000000001,0.17224699999999998,1475.01,1034,64,24,2147877376
tiledb,node,65536,0,cold,random,1024,,,128,2,1570.8571700379252,8591572992,8591572992,8591572992,11.195738497,4096,4095,,0.999755859375,,1.0002442002442002,,,,,,4095,1003,2189312,6805327872,0.306635,0.033959,0.04133,0.01009,0.006209,1565.953954,0.00209,0.0,0.0,0.105879,0.134878,1502.083314,0.0,0.059379,0.046569,4.04717,0.015359,1036,1035,1035,1,8280,529920,529920,1.14403,0.479884,1.44498,1418.1200000000001,99.68490000000001,0.187026,1502.02,1035,64,24,2147877376
tiledb,node,65536,0,cold,random,1024,,,128,3,1585.225064016413,8591572992,8591572992,8591572992,11.564909413,4096,4096,,1.0,,1.0,,,,,,4096,1012,2155520,6805393408,0.328305,0.033459,0.039769,0.00936,0.00713,1571.823705,0.00837,0.0,0.0,0.104998,0.128988,1498.285062,0.0,0.0607,0.044969,12.530372,0.015419,1020,1020,1020,1,8160,522240,522240,0.781628,0.33065500000000003,1.00398,1446.47,106.169,0.15867799999999999,1498.22,1020,64,24,2147877376
tiledb,node,65536,0,cold,random,1024,,,128,4,1580.8960490394384,8591572992,8591572992,8591572992,10.906451594,4096,4096,,1.0,,1.0,,,,,,4096,1011,2169856,6805241856,0.199887,0.03303,0.040979,0.01042,0.00622,1574.732672,0.01142,0.0,0.0,0.114548,0.130658,1499.915877,0.0,0.060719,0.043359,4.914006,0.0153,1020,1020,1019,1,8160,522240,522240,1.37585,0.632331,1.7201300000000002,1444.27,113.466,0.169557,1499.85,1019,64,24,2147877376
tiledb,node,65536,0,cold,random,1024,,,128,5,1578.5831940011121,8591572992,8591572992,8591572992,10.107359281,4096,4096,,1.0,,1.0,,,,,,4096,1003,2180096,6805315584,0.318955,0.034039,0.03934,0.00979,0.007459,1568.249969,0.01021,0.0,0.0,0.110749,0.126068,1498.148993,0.0,0.069849,0.04777,9.445098,0.01644,1003,1002,1002,1,8016,513024,513024,0.9487249999999999,0.387622,1.2370599999999998,1445.81,111.206,0.164848,1498.0800000000002,1002,64,24,2147877376
tiledb,node,65536,0,cold,random,1024,,,128,6,1589.0204070019536,8591572992,8591572992,8591572992,11.213042826999999,4096,4096,,1.0,,1.0,,,,,,4096,1010,2180608,6805323776,0.428444,0.03308,0.042609,0.00999,0.00651,1582.13537,0.00702,0.0,0.0,0.10938799999999999,0.146938,1510.888042,0.0,0.059769,0.04585,5.894481,0.0159,1055,1054,1054,1,8432,539648,539648,1.5867399999999998,0.758131,1.9586700000000001,1433.75,100.164,0.16003799999999999,1510.8200000000002,1054,64,24,2147877376
tiledb,node,65536,0,cold,random,1024,,,128,7,1558.657743036747,8591572992,8591572992,8591572992,10.936173248,4096,4096,,1.0,,1.0,,,,,,4095,1009,2173952,6805307392,0.321995,0.0333,0.041359,0.01016,0.0063,1534.606555,0.00926,0.0,0.0,0.116207,0.126949,1462.194264,0.0,0.063089,0.045029,23.172352,0.01595,999,999,998,1,7992,511488,511488,1.4050099999999999,0.65699,1.75358,1397.1,87.0133,0.175217,1462.1299999999999,998,64,24,2147877376
tiledb,node,65536,0,cold,random,1024,,,128,8,1586.52231504675,8591572992,8591572992,8591572992,10.296238636,4096,4096,,1.0,,1.0,,,,,,4096,1011,2195456,6805196800,0.326716,0.03229,0.039819,0.01015,0.00519,1556.357608,0.0103,0.0,0.0,0.10699800000000001,0.117888,1479.333427,0.0,0.06017,0.117008,29.216231,0.016549,984,984,984,1,7872,503808,503808,0.906587,0.353545,1.20198,1439.1000000000001,91.7423,0.165949,1479.26,984,64,24,2147877376
tiledb,node,65536,0,cold,random,1024,,,128,9,1571.6214280109853,8591572992,8591572992,8591572992,10.24011252,4096,4096,,1.0,,1.0,,,,,,4096,1007,2198528,6805336064,0.322075,0.03459,0.041159,0.00977,0.00716,1561.627498,0.00274,0.0,0.0,0.111959,0.146817,1489.381565,0.0,0.061149,0.121159,9.031774,0.01635,1036,1036,1036,1,8288,530432,530432,1.02304,0.401544,1.29463,1433.86,95.1433,0.198827,1489.32,1036,64,24,2147877376
tiledb,node,65536,0,cold,random,8192,,,128,0,1578.0183720053174,8591572992,8591572992,8591572992,9.645844914,32768,32755,,0.999603271484375,,1.0003968859716075,,,,,,32736,1024,17230336,6838583296,0.350655,0.094089,0.045429,0.0121,0.00923,1576.709682,0.00844,0.0,0.0,0.254226,0.933216,1511.939266,0.0,0.126048,0.051089,0.230037,0.01813,8140,8133,8121,1,65064,4164096,4164096,3.48948,1.67856,5.50621,1402.4099999999999,92.0002,0.486252,1511.74,8121,64,24,2147877376
tiledb,node,65536,0,cold,random,8192,,,128,1,1580.1560300169513,8591572992,8591572992,8591572992,10.918193568,32768,32756,,0.9996337890625,,1.0003663450970814,,,,,,32741,1024,17276928,6836756480,0.405664,0.089399,0.03752,0.010119,0.00877,1578.81812,0.00853,0.0,0.0,0.22961700000000002,0.907076,1508.569216,0.0,0.128388,0.121089,0.178337,0.01825,8124,8118,8105,1,64944,4156416,4156416,3.01987,1.24505,4.79371,1411.2800000000002,85.11789999999999,0.317375,1508.38,8105,64,24,2147877376
tiledb,node,65536,0,cold,random,8192,,,128,2,1583.315571944695,8591572992,8591572992,8591572992,10.608169994,32768,32755,,0.999603271484375,,1.0003968859716075,,,,,,32742,1024,17297408,6836924416,0.409033,0.093039,0.035909,0.01035,0.0088,1581.982763,0.038509,0.0,0.0,0.24536600000000003,0.821158,1518.268261,0.0,0.124158,0.126698,0.173507,0.01799,8062,8054,8044,1,64432,4123648,4123648,3.58353,1.5140900000000002,5.505280000000001,1427.99,91.8891,0.464762,1518.01,8044,64,24,2147877376
tiledb,node,65536,0,cold,random,8192,,,128,3,1576.258029032033,8591572992,8591572992,8591572992,10.618877334,32768,32764,,0.9998779296875,,1.0001220852154804,,,,,,32746,1024,17279488,6837116928,0.417024,0.090818,0.03596,0.00957,0.007909,1574.998098,0.03069,0.0,0.0,0.242097,0.898636,1510.506297,0.0,0.122498,0.050419,0.175267,0.0177,8194,8190,8173,1,65520,4193280,4193280,3.29784,1.51672,5.2095199999999995,1409.44,92.763,0.450814,1510.31,8173,64,24,2147877376
tiledb,node,65536,0,cold,random,8192,,,128,4,1607.5236290344037,8591572992,8591572992,8591572992,10.936768865,32768,32757,,0.999664306640625,,1.0003358060872485,,,,,,32746,1024,17221120,6837420032,0.404864,0.092568,0.04033,0.010649,0.00784,1606.259478,0.00856,0.0,0.0,0.244126,0.947526,1531.960065,0.0,0.126538,0.049469,0.176408,0.017169,8243,8234,8225,1,65872,4215808,4215808,3.9005300000000003,1.3029300000000001,5.6459600000000005,1412.16,94.1249,0.447803,1531.76,8225,64,24,2147877376
tiledb,node,65536,0,cold,random,8192,,,128,5,1577.616119000595,8591572992,8591572992,8591572992,10.003381659,32768,32755,,0.999603271484375,,1.0003968859716075,,,,,,32745,1024,17242624,6839324672,0.408084,0.094128,0.03575,0.01012,0.00779,1576.330227,0.008239,0.0,0.0,0.262696,0.941806,1511.250416,0.0,0.127758,0.052579,0.180978,0.018049,8263,8251,8234,1,66008,4224512,4224512,4.49311,1.7918999999999998,6.565259999999999,1407.99,90.5074,0.473252,1511.0300000000002,8234,64,24,2147877376
tiledb,node,65536,0,cold,random,8192,,,128,6,1606.6710820305161,8591572992,8591572992,8591572992,11.180634148,32768,32761,,0.999786376953125,,1.0002136686914318,,,,,,32749,1024,17295872,6836981760,0.385444,0.093768,0.0369,0.01078,0.00816,1602.189568,0.008699,0.0,0.0,0.25554699999999997,0.852217,1525.313354,0.0,0.125978,0.05205,3.397459,0.017939,8209,8201,8184,1,65608,4198912,4198912,3.79795,1.657,5.87473,1439.81,104.31899999999999,0.454274,1525.0300000000002,8184,64,24,2147877376
tiledb,node,65536,0,cold,random,8192,,,128,7,1584.4748049858026,8591572992,8591572992,8591572992,10.581300455,32768,32759,,0.999725341796875,,1.0002747336609787,,,,,,32739,1024,17252864,6837002240,0.556721,0.093579,0.036559,0.01132,0.01393,1571.685117,0.00809,0.0,0.0,0.240276,0.903807,1495.004081,0.0,0.125768,0.130818,11.454918,0.01805,8162,8157,8138,1,65256,4176384,4176384,3.64984,1.7640900000000002,5.56213,1411.44,91.0163,0.45629200000000003,1494.8,8138,64,24,2147877376
tiledb,node,65536,0,cold,random,8192,,,128,8,1578.968707995955,8591572992,8591572992,8591572992,10.035161651,32768,32760,,0.999755859375,,1.0002442002442002,,,,,,32742,1024,17263616,6837657600,0.402004,0.093788,0.03621,0.01075,0.007699,1547.663449,0.0083,0.0,0.0,0.25294700000000003,0.909736,1475.194308,0.0,0.127418,0.050919,30.215285,0.01777,8194,8189,8168,1,65512,4192768,4192768,3.9594799999999997,2.1528300000000002,6.3770500000000006,1414.27,93.70439999999999,0.467883,1474.99,8168,64,24,2147877376
tiledb,node,65536,0,cold,random,8192,,,128,9,1591.7645349982195,8591572992,8591572992,8591572992,10.774611324,32768,32763,,0.999847412109375,,1.0001526111772425,,,,,,32736,1024,17277440,6839259136,0.387455,0.094179,0.035899,0.0101,0.00893,1589.860984,0.032399,0.0,0.0,0.251386,0.826148,1521.451913,0.0,0.127088,0.051729,0.818488,0.0172,8101,8095,8080,1,64760,4144640,4144640,3.8222199999999997,1.61977,5.78498,1412.97,82.53739999999999,0.440614,1521.25,8080,64,24,2147877376
tiledb,node,65536,0,cold,random,65536,,,128,0,1644.4793329574168,8591572992,8591572992,8591572992,10.205403473,262144,261627,,0.9980278015136719,,1.0019760957393542,,,,,,260583,1024,137551872,7084576768,0.265636,0.086948,0.04062,0.01576,0.016529,1641.951181,0.05328,0.0,0.0,2.155789,6.993904,1564.12331,0.0,0.628381,0.146388,0.883877,0.030019,65200,64667,63663,1,517336,33109504,33109504,19.9461,10.4626,36.9843,1392.62,113.449,1.22807,1562.8899999999999,63663,64,24,2147877376
tiledb,node,65536,0,cold,random,65536,,,128,1,1636.488052958157,8591572992,8591572992,8591572992,10.853007429,262144,261609,,0.9979591369628906,,1.0020450366768727,,,,,,260581,1024,137506304,7084515328,0.411613,0.086359,0.038169,0.01224,0.01636,1633.900542,0.052569,0.0,0.0,1.25705,6.722049,1558.337789,0.0,0.62691,0.140258,0.870027,0.03049,64997,64493,63493,1,515944,33020416,33020416,21.150499999999997,11.6529,37.660399999999996,1407.26,96.9034,2.00031,1557.11,63493,64,24,2147877376
tiledb,node,65536,0,cold,random,65536,,,128,2,1661.9545600260608,8591572992,8591572992,8591572992,11.03668101,262144,261642,,0.9980850219726562,,1.0019186522041568,,,,,,260678,1024,137528832,7085924352,0.385404,0.085579,0.03781,0.011449,0.01682,1659.452768,0.057879,0.0,0.0,1.284071,6.847997,1577.293492,0.0,0.63704,0.066829,0.874446,0.0308,65833,65363,64336,1,522904,33465856,33465856,19.92,10.603299999999999,36.3878,1419.23,106.381,2.0728,1576.05,64336,64,24,2147877376
tiledb,node,65536,0,cold,random,65536,,,128,3,1631.7193849827163,8591572992,8591572992,8591572992,11.054154177000001,262144,261637,,0.9980659484863281,,1.0019377993173748,,,,,,260688,1024,137579520,7086014464,0.897656,0.088809,0.038469,0.01138,0.01716,1628.701329,0.052929,0.0,0.0,1.278131,6.778008,1550.391728,0.0,0.634161,0.071749,0.870857,0.03104,65922,65436,64446,1,523488,33503232,33503232,22.5758,12.679499999999999,40.1674,1396.7,96.2718,2.0272799999999997,1549.15,64446,64,24,2147877376
tiledb,node,65536,0,cold,random,65536,,,128,4,1619.7235439904034,8591572992,8591572992,8591572992,10.985078491,262144,261619,,0.9979972839355469,,1.0020067349848443,,,,,,260580,1024,137348608,7084908544,0.383654,0.085779,0.038009,0.01101,0.01648,1617.233882,0.052779,0.0,0.0,1.2719809999999998,6.720449,1540.980229,0.0,0.632071,0.060089,0.875057,0.030049,65451,64937,63984,1,519496,33247744,33247744,22.628100000000003,13.0305,39.564299999999996,1377.56,101.60900000000001,2.02009,1539.75,63984,64,24,2147877376
tiledb,node,65536,0,cold,random,65536,,,128,5,1627.3856000043452,8591572992,8591572992,8591572992,10.970843241,262144,261647,,0.9981040954589844,,1.0018995058227307,,,,,,260634,1024,137368064,7084613632,0.611791,0.086568,0.03924,0.01452,0.016699,1624.619932,0.056319,0.0,0.0,1.317081,7.197571,1549.055908,0.0,0.63254,0.070079,0.861877,0.03079,65524,65035,63983,1,520280,33297920,33297920,20.2899,11.4214,36.7315,1389.92,99.4322,1.56186,1547.83,63983,64,24,2147877376
tiledb,node,65536,0,cold,random,65536,,,128,6,1636.1089589772746,8591572992,8591572992,8591572992,11.395681515,262144,261607,,0.9979515075683594,,1.0020526973666606,,,,,,260609,1024,137446912,7084548096,0.457673,0.088879,0.03729,0.010629,0.01718,1633.535667,0.052199,0.0,0.0,1.273151,6.939675,1556.21325,0.0,0.635451,0.072689,0.869507,0.03065,65683,65157,64138,1,521256,33360384,33360384,21.4179,12.2721,36.4673,1407.43,97.3694,1.99403,1554.98,64138,64,24,2147877376
tiledb,node,65536,0,cold,random,65536,,,128,7,1619.2181420046836,8591572992,8591572992,8591572992,11.007362565000001,262144,261597,,0.9979133605957031,,1.0020910025726595,,,,,,260572,1024,137393664,7084482560,0.430754,0.086589,0.036839,0.0111,0.01628,1598.235808,0.053229,0.0,0.0,1.267461,6.726068,1523.266876,0.0,0.635231,0.069399,19.310159,0.03112,65589,65085,64054,1,520680,33323520,33323520,21.2051,12.0899,36.3761,1378.13,91.5414,2.43281,1522.04,64054,64,24,2147877376
tiledb,node,65536,0,cold,random,65536,,,128,8,1640.9799649845809,8591572992,8591572992,8591572992,10.755670129,262144,261629,,0.9980354309082031,,1.0019684362207553,,,,,,260622,1024,137432064,7084507136,0.432214,0.084078,0.03687,0.01174,0.016649,1575.55535,0.05212,0.0,0.0,1.2612210000000001,6.932616,1487.127459,0.0,0.63476,0.137388,63.683543,0.030229,65704,65209,64220,1,521672,33387008,33387008,17.748199999999997,9.51257,31.172800000000002,1372.29,81.44609999999999,2.14642,1485.91,64220,64,24,2147877376
tiledb,node,65536,0,cold,random,65536,,,128,9,1631.345319969114,8591572992,8591572992,8591572992,11.052959809,262144,261633,,0.9980506896972656,,1.0019531175348675,,,,,,260582,1024,137373696,7084343296,0.456033,0.086649,0.0371,0.011389,0.01708,1627.232382,0.059659,0.0,0.0,1.264211,6.718259,1552.782551,0.0,0.631971,0.149857,2.340425,0.031949,65498,65008,63960,1,520064,33284096,33284096,19.7987,10.8278,35.3857,1402.1399999999999,99.0582,1.9926000000000001,1551.55,63960,64,24,2147877376
tiledb,node,65536,0,cold,window_256,1024,,,128,0,39.172140997834504,136118272,136118272,136118272,0.197036627,4096,1002,,0.24462890625,,4.087824351297405,,,,,,25,4,3136000,6808580096,0.423564,0.035139,0.039179,0.00979,0.0066,25.334749,0.00247,0.0,0.0,0.070699,0.00722,22.556791,0.0,0.02149,0.024939,13.114873,0.01242,1024,254,3,1,2032,130048,130048,0.242387,0.13334800000000002,0.281396,20.1542,1.9246599999999998,0.03131,22.5254,3,1,1,33560584
tiledb,node,65536,0,cold,window_256,1024,,,128,1,31.84212202904746,136093696,136093696,136093696,0.136776789,4096,1009,,0.246337890625,,4.059464816650149,,,,,,18,4,2445824,6808510464,0.198027,0.033319,0.04273,0.00846,0.00631,26.305364,0.00317,0.0,0.0,0.064009,0.00575,23.387418,0.0,0.0188,0.023879,5.060794,0.01186,1024,251,5,1,2008,128512,128512,0.339485,0.167586,0.386474,20.8203,2.0177300000000002,0.02889,23.3591,5,1,1,33560584
tiledb,node,65536,0,cold,window_256,1024,,,128,2,27.628714975435287,135716864,135716864,135716864,0.109657877,4096,1007,,0.245849609375,,4.067527308838133,,,,,,20,4,1752064,6808436736,0.112498,0.03302,0.039499,0.00921,0.00652,26.997694,0.00169,0.0,0.0,0.07564799999999999,0.00685,23.401229,0.0,0.039379,0.03427,0.085259,0.01463,1024,250,7,1,2000,128000,128000,0.288736,0.12308,0.326785,20.822400000000002,2.06124,0.02641,23.367700000000003,7,1,1,33560584
tiledb,node,65536,0,cold,window_256,1024,,,128,3,31.90016996813938,136105984,136105984,136105984,0.13756680100000002,4096,1010,,0.24658203125,,4.0554455445544555,,,,,,18,4,2446336,6808444928,0.711369,0.032779,0.03485,0.008639,0.00651,30.63528,0.00272,0.0,0.0,0.04823,0.00428,25.976649,0.0,0.056919,0.046839,0.104899,0.01628,2048,505,9,1,4040,258560,258560,0.331655,0.192897,0.363875,22.230900000000002,3.21041,0.030319,25.9515,9,2,2,67121168
tiledb,node,65536,0,cold,window_256,1024,,,128,4,31.270888983272016,135659520,135659520,135659520,0.132664404,4096,1007,,0.245849609375,,4.067527308838133,,,,,,20,4,2447872,6808444928,0.256707,0.03312,0.035669,0.00834,0.0071,25.494557,0.00123,0.0,0.0,0.058818999999999996,0.00598,22.420403,0.0,0.018109,0.02398,5.255761,0.01003,1024,251,6,1,2008,128512,128512,0.333085,0.17019800000000002,0.371364,20.2075,1.6427,0.054629000000000004,22.3929,6,1,1,33560584
tiledb,node,65536,0,cold,window_256,1024,,,128,5,32.03185898019001,135221248,135221248,135221248,0.162994812,4096,1009,,0.246337890625,,4.059464816650149,,,,,,19,4,2446848,6808461312,0.161017,0.033869,0.03982,0.00838,0.00661,30.083757,0.006239,0.0,0.0,0.08385899999999999,0.00786,25.621565,0.0,0.03061,0.032069,1.465278,0.01409,2048,503,11,1,4024,257536,257536,0.33431500000000003,0.177969,0.370024,22.0224,3.01688,0.025828999999999998,25.5851,11,2,2,67121168
tiledb,node,65536,0,cold,window_256,1024,,,128,6,32.98782400088385,136237056,136237056,136237056,0.138167381,4096,1006,,0.24560546875,,4.071570576540755,,,,,,22,4,2444288,6808420352,0.103688,0.033109,0.04048,0.00897,0.00641,25.22629,0.001519,0.0,0.0,0.07214,0.007489,22.515552,0.0,0.0217,0.024809,7.33928,0.01688,1024,252,5,1,2016,129024,129024,0.214857,0.098549,0.24901600000000002,20.4224,1.68486,0.01995,22.482100000000003,5,1,1,33560584
tiledb,node,65536,0,cold,window_256,1024,,,128,7,34.124877012800425,136114176,136114176,136114176,0.1674767,4096,1012,,0.2470703125,,4.047430830039525,,,,,,16,4,3142144,6808428544,0.126928,0.094039,0.035559,0.00894,0.0071,33.410418,0.00524,0.0,0.0,0.066039,0.00744,27.025094,0.0,0.053839,0.042569,0.079019,0.020449,3072,760,11,1,6080,389120,389120,0.461183,0.26547499999999996,0.49681200000000003,22.254099999999998,4.04512,0.033420000000000005,26.9934,11,3,3,100681752
tiledb,node,65536,0,cold,window_256,1024,,,128,8,35.10833199834451,136200192,136200192,136200192,0.173850412,4096,1008,,0.24609375,,4.063492063492063,,,,,,19,4,3139584,6808420352,0.198517,0.091049,0.038239,0.0097,0.00628,34.461922,0.00779,0.0,0.0,0.077299,0.00896,27.210141,0.0,0.03009,0.030949,0.052999,0.01492,3072,755,15,1,6040,386560,386560,0.445854,0.230016,0.48991300000000004,21.7006,4.78477,0.036878999999999995,27.1769,15,3,3,100681752
tiledb,node,65536,0,cold,window_256,1024,,,128,9,32.024937972892076,136056832,136056832,136056832,0.133049963,4096,1006,,0.24560546875,,4.071570576540755,,,,,,22,4,2444800,6808391680,0.200167,0.032729,0.03563,0.00798,0.00614,25.796492,0.00119,0.0,0.0,0.053939,0.00614,22.853306,0.0,0.0194,0.023479,5.783593,0.01173,1024,252,5,1,2016,129024,129024,0.316666,0.161388,0.36766499999999996,20.5058,1.81025,0.034329000000000005,22.8253,5,1,1,33560584
tiledb,node,65536,0,cold,window_256,8192,,,128,0,30.367632978595793,136171520,136171520,136171520,0.12827513100000001,32768,1024,,0.03125,,32.0,,,,,,4,4,17912832,6808780800,0.291445,0.087289,0.035369,0.00981,0.00697,25.655564,0.00306,0.0,0.0,0.073379,0.00649,22.970694,0.0,0.01947,0.030079,4.084079,0.0139,8192,256,1,1,2048,131072,131072,0.070879,0.036059,0.125498,20.7775,1.87254,0.03365,22.9373,1,1,1,33560584
tiledb,node,65536,0,cold,window_256,8192,,,128,1,38.75776694621891,135700480,135700480,135700480,0.159733032,32768,1024,,0.03125,,32.0,,,,,,4,4,17912832,6809042944,0.215137,0.092538,0.03289,0.00855,0.00732,26.469232,0.00159,0.0,0.0,0.059509,0.00534,22.192686,0.0,0.021149,0.0288,11.709114,0.015479,16384,512,2,1,4096,262144,262144,0.216157,0.112708,0.254126,18.374299999999998,3.36342,0.034829,22.1644,2,2,2,67121168
tiledb,node,65536,0,cold,window_256,8192,,,128,2,30.0015690154396,136163328,136163328,136163328,0.126311142,32768,1024,,0.03125,,32.0,,,,,,4,4,17912832,6808899584,0.179818,0.0,0.0,0.008309,0.0,0.00055,0.0,0.0,0.0,0.0,0.0,0.0,0.0,0.0,0.0,29.668414,0.01577,0,0,0,0,0,0,0,0.0,0.0,0.0,0.0,0.0,0.0,0.0,0,0,0,0
tiledb,node,65536,0,cold,window_256,8192,,,128,3,31.81750199291855,135655424,135655424,135655424,0.164509633,32768,1024,,0.03125,,32.0,,,,,,4,4,17912832,6809026560,0.195367,0.091089,0.034419,0.00904,0.00735,30.821667,0.00496,0.0,0.0,0.061299,0.0058,25.015764,0.0,0.044209,0.042199,0.347164,0.01622,16384,512,2,1,4096,262144,262144,0.156448,0.06304799999999999,0.186478,21.503600000000002,3.1346299999999996,0.031810000000000005,24.983700000000002,2,2,2,67121168
tiledb,node,65536,0,cold,window_256,8192,,,128,4,32.68536803079769,136110080,136110080,136110080,0.137761582,32768,1024,,0.03125,,32.0,,,,,,4,4,17912832,6808891392,0.177757,0.089349,0.035499,0.00893,0.00699,27.791272,0.00166,0.0,0.0,0.062058999999999996,0.00595,24.860846,0.0,0.01878,0.028599,4.328475,0.01527,8192,256,1,1,2048,131072,131072,0.07195800000000001,0.02573,0.104418,22.9503,1.64204,0.027489,24.8306,1,1,1,33560584
tiledb,node,65536,0,cold,window_256,8192,,,128,5,30.59551102342084,135647232,135647232,135647232,0.132308528,32768,1024,,0.03125,,32.0,,,,,,4,4,17912832,6808891392,0.175417,0.091269,0.034569,0.00898,0.00656,29.615625,0.00443,0.0,0.0,0.059659000000000004,0.00552,24.882926,0.0,0.037709,0.038109,0.342795,0.0161,16384,512,2,1,4096,262144,262144,0.191588,0.095899,0.22888699999999998,21.429,3.0480400000000003,0.02813,24.853299999999997,2,2,2,67121168
tiledb,node,65536,0,cold,window_256,8192,,,128,6,35.983889014460146,135671808,135671808,135671808,0.172412072,32768,1024,,0.03125,,32.0,,,,,,4,4,22633472,6809030656,0.272666,0.0,0.0,0.0084,0.0,0.00036,0.0,0.0,0.0,0.0,0.0,0.0,0.0,0.0,0.0,35.581905,0.014229,0,0,0,0,0,0,0,0.0,0.0,0.0,0.0,0.0,0.0,0.0,0,0,0,0
tiledb,node,65536,0,cold,window_256,8192,,,128,7,36.24274500180036,136212480,136212480,136212480,0.205297112,32768,1024,,0.03125,,32.0,,,,,,4,4,22633472,6809034752,0.212987,0.075539,0.03217,0.00854,0.0072,35.285509,0.00246,0.0,0.0,0.051979,0.00569,27.654794,0.0,0.02589,0.030229,0.404064,0.01466,24576,768,3,1,6144,393216,393216,0.273196,0.139628,0.33838500000000005,22.457,4.63099,0.034689,27.627100000000002,3,3,3,100681752
tiledb,node,65536,0,cold,window_256,8192,,,128,8,31.990409013815224,135589888,135589888,135589888,0.147575672,32768,1024,,0.03125,,32.0,,,,,,4,4,17912832,6808899584,0.179297,0.087398,0.03396,0.00891,0.00662,31.159441,0.00436,0.0,0.0,0.043089,0.0026,25.712753,0.0,0.02518,0.033859,0.288876,0.012429,16384,512,2,1,4096,262144,262144,0.19728700000000002,0.113128,0.23333600000000002,21.9033,3.404,0.032098999999999996,25.6922,2,2,2,67121168
tiledb,node,65536,0,cold,window_256,8192,,,128,9,27.19671098748222,135663616,135663616,135663616,0.108974262,32768,1024,,0.03125,,32.0,,,,,,4,4,13192192,6808748032,0.215617,0.087329,0.03099,0.008209,0.00562,26.389644,0.00126,0.0,0.0,0.052339000000000004,0.00502,23.462458,0.0,0.018409,0.02721,0.291745,0.01264,8192,256,1,1,2048,131072,131072,0.11215800000000001,0.057139,0.169097,21.243499999999997,1.8644200000000002,0.02829,23.4348,1,1,1,33560584
tiledb,node,65536,0,cold,window_256,65536,,,128,0,50.712928001303226,135680000,135680000,135680000,0.26086650899999997,262144,1024,,0.00390625,,256.0,,,,,,4,4,218703872,6809133056,0.359274,0.094368,0.036,0.00972,0.00684,47.702932,0.01015,0.0,0.0,0.07367,0.007879,37.786152,0.0,0.03653,0.100108,2.154528,0.032619,262144,1024,4,1,8192,524288,524288,0.279965,0.15817699999999998,0.328505,31.2495,5.97072,0.03527,37.7466,4,4,3,134242336
tiledb,node,65536,0,cold,window_256,65536,,,128,1,31.01870301179588,136208384,136208384,136208384,0.156519206,262144,1024,,0.00390625,,256.0,,,,,,4,4,143177728,6810140672,0.237026,0.086489,0.038459,0.00873,0.00747,28.980384,0.00224,0.0,0.0,0.077608,0.00658,24.756438,0.0,0.047009,0.072479,1.29969,0.02873,131072,512,2,1,4096,262144,262144,0.20180700000000001,0.102188,0.24171600000000001,21.1757,3.13148,0.031899000000000004,24.7195,2,2,2,67121168
tiledb,node,65536,0,cold,window_256,65536,,,128,2,34.54005002276972,136192000,136192000,136192000,0.144848888,262144,1024,,0.00390625,,256.0,,,,,,4,4,143177728,6810140672,0.272945,0.084939,0.037739,0.00945,0.00717,31.552036,0.00728,0.0,0.0,0.067629,0.00621,26.297094,0.0,0.027929,0.062489,2.301515,0.02504,131072,512,2,1,4096,262144,262144,0.176348,0.089458,0.218877,22.6433,3.2034,0.059129999999999995,26.264699999999998,2,2,2,67121168
tiledb,node,65536,0,cold,window_256,65536,,,128,3,32.125166966579854,136175616,136175616,136175616,0.138498979,262144,1024,,0.00390625,,256.0,,,,,,4,4,143177728,6810136576,0.195697,0.085119,0.036739,0.00915,0.00655,29.075883,0.00435,0.0,0.0,0.065269,0.00565,25.171642,0.0,0.047599,0.071409,2.308375,0.02918,131072,512,2,1,4096,262144,262144,0.17597700000000002,0.087988,0.215006,21.8303,2.89874,0.033429999999999994,25.1387,2,2,2,67121168
tiledb,node,65536,0,cold,window_256,65536,,,128,4,32.488522003404796,136122368,136122368,136122368,0.16637755399999998,262144,1024,,0.00390625,,256.0,,,,,,4,4,143177728,6811185152,0.66975,0.085789,0.037909,0.00942,0.00735,28.627319,0.00218,0.0,0.0,0.070369,0.00643,24.449402,0.0,0.0324,0.063909,2.699589,0.02986,131072,512,2,1,4096,262144,262144,0.119518,0.046739,0.151328,21.1373,2.95666,0.031599,24.4095,2,2,2,67121168
tiledb,node,65536,0,cold,window_256,65536,,,128,5,32.01552800601348,136249344,136249344,136249344,0.156231305,262144,1024,,0.00390625,,256.0,,,,,,4,4,143177728,6810128384,0.195187,0.079049,0.03718,0.00908,0.007139,26.015259,0.00123,0.0,0.0,0.066059,0.00565,23.413828,0.0,0.02543,0.041419,5.363079,0.02762,65536,256,1,1,2048,131072,131072,0.085739,0.04134,0.11841800000000001,21.611700000000003,1.50763,0.02205,23.382,1,1,1,33560584
tiledb,node,65536,0,cold,window_256,65536,,,128,6,33.01772300619632,136110080,136110080,136110080,0.139000755,262144,1024,,0.00390625,,256.0,,,,,,4,4,143177728,6810120192,0.232547,0.570131,0.03775,0.010009,0.00679,29.607365,0.003,0.0,0.0,0.065869,0.00635,24.58151,0.0,0.02212,0.057479,2.285695,0.0272,131072,512,2,1,4096,262144,262144,0.161667,0.065528,0.201057,21.0456,3.12415,0.030759999999999996,24.5513,2,2,2,67121168
tiledb,node,65536,0,cold,window_256,65536,,,128,7,34.0930069796741,136122368,136122368,136122368,0.168785542,262144,1024,,0.00390625,,256.0,,,,,,4,4,143177728,6810124288,0.283426,0.087399,0.03426,0.008809,0.00737,31.068593,0.00671,0.0,0.0,0.056839,0.00452,25.993709,0.0,0.02275,0.060079,2.379374,0.02566,131072,512,2,1,4096,262144,262144,0.18240699999999999,0.10810900000000001,0.220827,21.8082,3.76426,0.03468,25.9677,2,2,2,67121168
tiledb,node,65536,0,cold,window_256,65536,,,128,8,33.08518201811239,136204288,136204288,136204288,0.14142128599999998,262144,1024,,0.00390625,,256.0,,,,,,4,4,143177728,6810112000,0.226046,0.080089,0.034179,0.00892,0.00729,25.157602,0.00159,0.0,0.0,0.049659,0.00393,22.263885,0.0,0.027549,0.04424,7.31271,0.02763,65536,256,1,1,2048,131072,131072,0.089158,0.046749000000000006,0.12759800000000002,20.1012,1.8686,0.032589,22.2394,1,1,1,33560584
tiledb,node,65536,0,cold,window_256,65536,,,128,9,33.279880008194596,136138752,136138752,136138752,0.171587705,262144,1024,,0.00390625,,256.0,,,,,,4,4,143177728,6811164672,0.220547,0.0,0.0,0.0083,0.0,0.00013,0.0,0.0,0.0,0.0,0.0,0.0,0.0,0.0,0.0,32.937844,0.02421,0,0,0,0,0,0,0,0.0,0.0,0.0,0.0,0.0,0.0,0.0,0,0,0,0
tiledb,node,65536,0,cold,window_4096,1024,,,128,0,32.70349802915007,136081408,136081408,136081408,0.14623987,4096,3596,,0.8779296875,,1.139043381535039,,,,,,2785,4,3111936,6814248960,0.241907,0.03247,0.039949,0.0101,0.00723,26.479052,0.00885,0.0,0.0,0.09769900000000001,0.096008,22.798197,0.0,0.031169,0.0331,5.659714,0.01192,1024,893,692,1,7144,457216,457216,0.895747,0.314106,1.07599,19.8675,1.60429,0.063099,22.744799999999998,692,1,1,33560584
tiledb,node,65536,0,cold,window_4096,1024,,,128,1,33.95372902741656,136146944,136146944,136146944,0.156225988,4096,3616,,0.8828125,,1.1327433628318584,,,,,,2840,4,3123712,6811967488,0.187977,0.033039,0.03711,0.008799,0.00751,26.869116,0.00601,0.0,0.0,0.06821,0.086698,22.893566,0.0,0.03957,0.034149,6.511292,0.01375,1024,894,705,1,7152,457728,457728,1.0538399999999999,0.449303,1.26895,19.6058,1.69922,0.110888,22.8428,705,1,1,33560584
tiledb,node,65536,0,cold,window_4096,1024,,,128,2,33.01090298919007,136216576,136216576,136216576,0.147103973,4096,3608,,0.880859375,,1.1352549889135255,,,,,,2822,4,3111424,6812688384,0.107018,0.03363,0.040269,0.00913,0.00609,27.515356,0.00686,0.0,0.0,0.083689,0.093758,23.412738,0.0,0.049219,0.04009,4.919306,0.01522,1024,896,732,1,7168,458752,458752,0.9788450000000001,0.429407,1.2033600000000002,20.125600000000002,1.76618,0.11416799999999999,23.3553,732,1,1,33560584
tiledb,node,65536,0,cold,window_4096,1024,,,128,3,33.83854200365022,135675904,135675904,135675904,0.150116178,4096,3621,,0.884033203125,,1.1311792322562828,,,,,,2839,4,3113472,6811881472,0.181567,0.033339,0.03894,0.00894,0.007159,33.144062,0.00289,0.0,0.0,0.09534899999999999,0.185857,26.897456,0.0,0.048699,0.03784,0.087229,0.01413,2048,1808,1414,1,14464,925696,925696,1.0639399999999999,0.40879099999999996,1.42781,21.908,3.1499599999999996,0.117048,26.7608,1414,2,2,67121168
tiledb,node,65536,0,cold,window_4096,1024,,,128,4,46.76430701510981,169758720,169758720,169758720,0.22587611800000001,4096,3607,,0.880615234375,,1.1355697255336845,,,,,,2841,5,4143104,6812737536,0.61489,0.033049,0.0403,0.00886,0.00624,45.693863,0.00595,0.0,0.0,0.086469,0.093578,40.784687,0.0,0.035479,0.02931,0.065429,0.01366,1024,892,720,1,7136,456704,456704,0.8215979999999999,0.278254,1.0061,36.142,3.3668299999999998,0.07998899999999999,40.7304,720,2,1,67121168
tiledb,node,65536,0,cold,window_4096,1024,,,128,5,33.35189900826663,136097792,136097792,136097792,0.171817011,4096,3641,,0.888916015625,,1.1249656687723153,,,,,,2810,4,3125760,6812688384,0.110039,0.03358,0.040199,0.00925,0.00707,32.636999,0.01248,0.0,0.0,0.09784899999999999,0.180527,25.862021,0.0,0.061479,0.04444,0.101339,0.014949,2048,1832,1413,1,14656,937984,937984,1.11603,0.401455,1.4697099999999998,20.9619,3.03565,0.104318,25.7864,1413,2,2,67121168
tiledb,node,65536,0,cold,window_4096,1024,,,128,6,34.7575870109722,136105984,136105984,136105984,0.161304639,4096,3622,,0.88427734375,,1.1308669243511873,,,,,,2835,4,3117568,6812532736,0.227097,0.03298,0.038489,0.00824,0.00618,28.322094,0.00277,0.0,0.0,0.075418,0.101999,24.454233,0.0,0.04696,0.037109,5.831842,0.01402,1024,900,706,1,7200,460800,460800,1.00121,0.416875,1.21627,21.0088,1.94191,0.10150899999999999,24.4087,706,1,1,33560584
tiledb,node,65536,0,cold,window_4096,1024,,,128,7,37.9181900061667,136155136,136155136,136155136,0.196307016,4096,3640,,0.888671875,,1.1252747252747253,,,,,,2834,4,4149760,6813343744,0.119928,0.0333,0.039709,0.00866,0.00699,25.675114,0.00765,0.0,0.0,0.081098,0.092029,22.688609,0.0,0.03859,0.033719,11.695134,0.01476,1024,912,704,1,7296,466944,466944,1.00833,0.426513,1.24513,19.4327,1.69575,0.080788,22.6062,704,1,1,33560584
tiledb,node,65536,0,cold,window_4096,1024,,,128,8,47.17787099070847,169648128,169648128,169648128,0.177311502,4096,3636,,0.8876953125,,1.1265126512651265,,,,,,2812,5,2095104,6811082752,0.110289,0.03344,0.039219,0.01012,0.00609,46.635799,0.0072,0.0,0.0,0.08238799999999999,0.089969,40.488201,0.0,0.034349,0.02959,0.04208,0.01489,1024,897,704,1,7176,459264,459264,0.992726,0.408606,1.24336,35.430099999999996,3.5054700000000003,0.077239,40.4358,704,2,1,67121168
tiledb,node,65536,0,cold,window_4096,1024,,,128,9,33.252689987421036,136146944,136146944,136146944,0.153616215,4096,3644,,0.8896484375,,1.12403951701427,,,,,,2842,4,3125248,6811799552,0.117019,0.03407,0.040789,0.01045,0.00711,32.678939,0.00888,0.0,0.0,0.097369,0.178087,27.191691,0.0,0.038479,0.03258,0.066089,0.01603,2048,1831,1424,1,14648,937472,937472,1.36919,0.5487890000000001,1.76424,21.6767,3.3627100000000003,0.105048,27.1159,1424,2,2,67121168
tiledb,node,65536,0,cold,window_4096,8192,,,128,0,34.286023990716785,135696384,135696384,135696384,0.149921335,32768,14167,,0.432342529296875,,2.3129808710383286,,,,,,1951,4,21692928,6809702400,0.184477,0.0,0.0,0.01035,0.0,0.00062,0.0,0.0,0.0,0.0,0.0,0.0,0.0,0.0,0.0,33.89752,0.01593,0,0,0,0,0,0,0,0.0,0.0,0.0,0.0,0.0,0.0,0.0,0,0,0,0
tiledb,node,65536,0,cold,window_4096,8192,,,128,1,32.63388999039307,136138752,136138752,136138752,0.168572014,32768,14213,,0.433746337890625,,2.3054949693942164,,,,,,1879,4,21692928,6809317376,0.215937,0.0,0.0,0.008099,0.0,0.00028,0.0,0.0,0.0,0.0,0.0,0.0,0.0,0.0,0.0,32.278935,0.01334,0,0,0,0,0,0,0,0.0,0.0,0.0,0.0,0.0,0.0,0.0,0,0,0,0
tiledb,node,65536,0,cold,window_4096,8192,,,128,2,33.6606539785862,136167424,136167424,136167424,0.150752591,32768,14204,,0.4334716796875,,2.3069557871022246,,,,,,1906,4,21692928,6809849856,0.261516,0.089078,0.03388,0.0091,0.008069,32.685209,0.02614,0.0,0.0,0.075019,0.124628,27.078523,0.0,0.083289,0.029999,0.330525,0.01361,16384,7093,953,1,56744,3631616,3631616,1.1697000000000002,0.504895,1.48105,21.8074,3.37483,0.170317,27.0184,953,2,2,67121168
tiledb,node,65536,0,cold,window_4096,8192,,,128,3,41.01639299187809,169771008,169771008,169771008,0.196722853,32768,14142,,0.43157958984375,,2.317069721397256,,,,,,1925,5,21692928,6809317376,0.171658,0.090319,0.035219,0.00934,0.00754,40.009779,0.02503,0.0,0.0,0.080989,0.125588,33.21656,0.0,0.091948,0.03642,0.328885,0.01704,16384,7040,985,1,56320,3604480,3604480,1.00109,0.426096,1.3193700000000002,26.2822,5.20113,0.159037,33.1516,985,3,3,100681752
tiledb,node,65536,0,cold,window_4096,8192,,,128,4,48.22782502742484,169771008,169771008,169771008,0.195172599,32768,14161,,0.432159423828125,,2.3139608784690346,,,,,,1941,5,21692928,6809309184,0.187667,0.090959,0.034979,0.00939,0.00789,47.265039,0.00756,0.0,0.0,0.075709,0.120318,39.668403,0.0,0.100339,0.044469,0.219966,0.01725,16384,7054,999,1,56432,3611648,3611648,0.955446,0.418931,1.25511,33.3163,4.64274,0.169048,39.5662,999,3,2,100681752
tiledb,node,65536,0,cold,window_4096,8192,,,128,5,28.227685019373894,136110080,136110080,136110080,0.121410137,32768,14159,,0.432098388671875,,2.3142877321844764,,,,,,1930,4,14801408,6808489984,0.184657,0.091078,0.03632,0.009859,0.00764,27.087823,0.00587,0.0,0.0,0.079729,0.072099,23.731003,0.0,0.050959,0.02949,0.499762,0.01586,8192,3518,500,1,28144,1801216,1801216,0.817918,0.34004100000000004,0.991275,20.4957,1.93063,0.148838,23.6907,500,1,1,33560584
tiledb,node,65536,0,cold,window_4096,8192,,,128,6,37.779391976073384,136085504,136085504,136085504,0.218692013,32768,14144,,0.431640625,,2.316742081447964,,,,,,1913,4,27458560,6810079232,0.252776,0.076049,0.033099,0.00938,0.00799,36.705658,0.03681,0.0,0.0,0.084609,0.191457,28.704529,0.0,0.114548,0.03138,0.403174,0.01471,24576,10621,1426,1,84968,5437952,5437952,1.42833,0.566303,1.8079800000000001,21.7819,4.63865,0.20826699999999998,28.636499999999998,1426,3,3,100681752
tiledb,node,65536,0,cold,window_4096,8192,,,128,7,29.05064297374338,135680000,135680000,135680000,0.121769037,32768,14119,,0.430877685546875,,2.3208442524258093,,,,,,1959,4,14793728,6808616960,0.614141,0.090748,0.0315,0.00887,0.00563,27.537566,0.004969,0.0,0.0,0.05882899999999999,0.071729,24.137657,0.0,0.049839,0.029959,0.485583,0.0153,8192,3504,519,1,28032,1794048,1794048,0.9706950000000001,0.43102199999999996,1.16357,20.813100000000002,1.86316,0.116919,24.0949,519,1,1,33560584
tiledb,node,65536,0,cold,window_4096,8192,,,128,8,48.57213003560901,169672704,169672704,169672704,0.17888238499999998,32768,14169,,0.432403564453125,,2.312654386336368,,,,,,1899,5,21692928,6809300992,0.227627,0.0,0.0,0.00854,0.0,0.00031,0.0,0.0,0.0,0.0,0.0,0.0,0.0,0.0,0.0,48.219255,0.0147,0,0,0,0,0,0,0,0.0,0.0,0.0,0.0,0.0,0.0,0.0,0,0,0,0
tiledb,node,65536,0,cold,window_4096,8192,,,128,9,33.50305597996339,136130560,136130560,136130560,0.16173194400000002,32768,14168,,0.432373046875,,2.312817617165443,,,,,,1908,4,21692928,6809296896,0.212157,0.091459,0.031909,0.00865,0.00756,32.55462,0.00718,0.0,0.0,0.060519,0.129398,27.674804,0.0,0.083099,0.0292,0.331555,0.014029,16384,7084,943,1,56672,3627008,3627008,0.974516,0.43166899999999997,1.2738800000000001,22.3834,3.57444,0.189057,27.6321,943,2,2,67121168
tiledb,node,65536,0,cold,window_4096,65536,,,128,0,50.129207025747746,169250816,169250816,169250816,0.254535126,262144,16384,,0.0625,,16.0,,,,,,4,5,144179712,6806614016,0.269256,0.085889,0.0345,0.009569,0.00875,46.960054,0.03159,0.0,0.0,0.054089,0.00805,39.132331,0.0,0.100229,0.066619,2.349625,0.02719,131072,8192,2,1,65536,4194304,4194304,0.121948,0.054169,0.162358,34.389700000000005,4.24623,0.15914799999999998,39.0995,2,3,2,100681752
tiledb,node,65536,0,cold,window_4096,65536,,,128,1,30.079627002123743,136134656,136134656,136134656,0.122168874,262144,16384,,0.0625,,16.0,,,,,,4,4,106430976,6806310912,0.247776,0.080439,0.037579,0.0104,0.00747,27.698154,0.00522,0.0,0.0,0.066729,0.00638,24.329454,0.0,0.063019,0.038599,1.689984,0.02687,65536,4096,1,1,32768,2097152,2097152,0.08603899999999999,0.031418999999999996,0.126668,21.9851,1.9706599999999999,0.07402900000000001,24.3003,1,1,1,33560584
tiledb,node,65536,0,cold,window_4096,65536,,,128,2,33.8370610261336,136196096,136196096,136196096,0.166222425,262144,16384,,0.0625,,16.0,,,,,,4,4,144179712,6807568384,0.211977,0.087029,0.038209,0.00967,0.00847,30.829796,0.028979,0.0,0.0,0.056080000000000005,0.006449,25.563306,0.0,0.093239,0.061819,2.283425,0.02783,131072,8192,2,1,65536,4194304,4194304,0.15061799999999997,0.08077999999999999,0.18970700000000001,21.8374,3.26374,0.130288,25.538999999999998,2,2,2,67121168
tiledb,node,65536,0,cold,window_4096,65536,,,128,3,41.3593789562583,135200768,135200768,135200768,0.140862363,262144,16384,,0.0625,,16.0,,,,,,4,4,144179712,6807703552,0.196787,0.079028,0.03631,0.00899,0.00715,23.401698,0.005159,0.0,0.0,0.04658,0.00623,20.796727,0.0,0.054549,0.035859,17.32512,0.028119,65536,4096,1,1,32768,2097152,2097152,0.087649,0.035919,0.130578,18.7149,1.66866,0.11745799999999999,20.7714,1,1,1,33560584
tiledb,node,65536,0,cold,window_4096,65536,,,128,4,47.17119096312672,169713664,169713664,169713664,0.18912399800000002,262144,16384,,0.0625,,16.0,,,,,,4,5,144179712,6807597056,0.207647,0.086869,0.037359,0.00973,0.00813,43.940009,0.00822,0.0,0.0,0.068838,0.00871,37.93023,0.0,0.121608,0.079229,2.339515,0.02908,131072,8192,2,1,65536,4194304,4194304,0.139928,0.07125,0.171817,33.568599999999996,3.8667100000000003,0.117618,37.8941,2,3,2,100681752
tiledb,node,65536,0,cold,window_4096,65536,,,128,5,33.05408300366253,136294400,136294400,136294400,0.139881245,262144,16384,,0.0625,,16.0,,,,,,4,4,144179712,6807576576,0.676579,0.087059,0.038569,0.00938,0.00867,29.371158,0.00899,0.0,0.0,0.073149,0.00781,25.421807,0.0,0.115029,0.076108,2.319925,0.02988,131072,8192,2,1,65536,4194304,4194304,0.174778,0.102598,0.20962699999999998,21.812,3.02807,0.184417,25.3869,2,2,2,67121168
tiledb,node,65536,0,cold,window_4096,65536,,,128,6,32.568961032666266,136122368,136122368,136122368,0.143072204,262144,16384,,0.0625,,16.0,,,,,,4,4,144179712,6807597056,0.221717,0.086509,0.037879,0.01174,0.00848,29.439347,0.00918,0.0,0.0,0.079949,0.00797,24.885755,0.0,0.100169,0.065959,2.286145,0.02964,131072,8192,2,1,65536,4194304,4194304,0.140228,0.05487,0.178597,21.3333,3.09647,0.10110899999999999,24.8497,2,2,2,67121168
tiledb,node,65536,0,cold,window_4096,65536,,,128,7,33.73245301190764,136179712,136179712,136179712,0.144120065,262144,16384,,0.0625,,16.0,,,,,,4,4,144179712,6807568384,0.234247,0.086198,0.03833,0.00939,0.00827,30.696418,0.030019,0.0,0.0,0.065489,0.00729,25.92022,0.0,0.091609,0.059999,2.292936,0.026209,131072,8192,2,1,65536,4194304,4194304,0.192947,0.100218,0.229237,22.0454,3.34308,0.121718,25.881,2,2,2,67121168
tiledb,node,65536,0,cold,window_4096,65536,,,128,8,33.04808301618323,136122368,136122368,136122368,0.163342197,262144,16384,,0.0625,,16.0,,,,,,4,4,144179712,6807568384,0.196207,0.080079,0.03749,0.009569,0.0075,26.923386,0.00537,0.0,0.0,0.080929,0.0056,23.309479,0.0,0.061569,0.043429,5.452728,0.025599,65536,4096,1,1,32768,2097152,2097152,0.078978,0.028759,0.111828,21.0815,1.78416,0.161348,23.279999999999998,1,1,1,33560584
tiledb,node,65536,0,cold,window_4096,65536,,,128,9,33.34881900809705,136134656,136134656,136134656,0.145078453,262144,16384,,0.0625,,16.0,,,,,,4,4,144179712,6807588864,0.315126,0.085659,0.03918,0.008519,0.00838,30.176467,0.0298,0.0,0.0,0.071489,0.00812,25.007573,0.0,0.110119,0.069799,2.312336,0.027629,131072,8192,2,1,65536,4194304,4194304,0.162948,0.07887,0.193927,21.3071,3.18838,0.141118,24.973399999999998,2,2,2,67121168
tiledb,node,65536,0,cold,window_65536,1024,,,128,0,64.03471704106778,270344192,270344192,270344192,0.288474425,4096,4062,,0.99169921875,,1.0083702609551946,,,,,,4010,8,3229696,6811078656,0.264206,0.032209,0.04087,0.009389,0.00725,52.084107,0.00592,0.0,0.0,0.108118,0.142618,45.296269,0.0,0.051509,0.04336,11.28817,0.01374,1024,1013,1000,1,8104,518656,518656,0.974506,0.382844,1.21295,40.619099999999996,3.14593,0.105718,45.2305,1000,2,1,67121168
tiledb,node,65536,0,cold,window_65536,1024,,,128,1,63.02721198881045,270344192,270344192,270344192,0.285022579,4096,4056,,0.990234375,,1.009861932938856,,,,,,3995,8,3227136,6812102656,0.106988,0.0,0.0,0.00895,0.0,0.00083,0.0,0.0,0.0,0.0,0.0,0.0,0.0,0.0,0.0,62.681937,0.01646,0,0,0,0,0,0,0,0.0,0.0,0.0,0.0,0.0,0.0,0.0,0,0,0,0
tiledb,node,65536,0,cold,window_65536,1024,,,128,2,73.29909794498235,270340096,270340096,270340096,0.364141761,4096,4066,,0.99267578125,,1.0073782587309394,,,,,,4000,8,4314624,6813126656,0.167807,0.092408,0.03561,0.00989,0.00751,72.46118,0.013109,0.0,0.0,0.13985799999999998,0.347575,57.531985,0.0,0.074979,0.046429,0.094379,0.01575,3072,3050,2996,1,24400,1561600,1561600,2.23116,0.875587,3.09012,43.1725,10.7012,0.136918,57.405,2996,6,3,201363504
tiledb,node,65536,0,cold,window_65536,1024,,,128,3,63.7672709999606,236281856,236281856,236281856,0.314211273,4096,4061,,0.991455078125,,1.0086185668554544,,,,,,4014,8,3227136,6813097984,0.117748,0.032659,0.04183,0.0118,0.005259,57.006673,0.01248,0.0,0.0,0.142568,0.233707,44.312823,0.0,0.066719,0.049889,6.076238,0.01546,2048,2030,2004,1,16240,1039360,1039360,1.6738899999999999,0.6798919999999999,2.21914,35.991099999999996,5.62366,0.095189,44.217600000000004,2004,4,2,134242336
tiledb,node,65536,0,cold,window_65536,1024,,,128,4,64.39262098865584,270446592,270446592,270446592,0.279765555,4096,4063,,0.991943359375,,1.008122077282796,,,,,,3989,8,3230720,6812094464,0.253956,0.03193,0.038889,0.009,0.00702,63.581594,0.01159,0.0,0.0,0.125398,0.255636,51.477376,0.0,0.064919,0.047099,0.084718,0.01506,2048,2037,2001,1,16296,1042944,1042944,1.42183,0.592312,1.93346,43.0261,6.0383,0.130588,51.3789,2001,4,2,134242336
tiledb,node,65536,0,cold,window_65536,1024,,,128,5,65.33902796218172,270315520,270315520,270315520,0.296460958,4096,4066,,0.99267578125,,1.0073782587309394,,,,,,3991,8,3228160,6812082176,0.712529,0.03579,0.042079,0.00949,0.00714,64.212984,0.00355,0.0,0.0,0.145797,0.272296,51.079342,0.0,0.04147,0.030699,0.068529,0.01499,2048,2032,1997,1,16256,1040384,1040384,1.4852999999999998,0.617322,2.02511,43.1603,5.366140000000001,0.135318,50.9724,1997,4,2,134242336
tiledb,node,65536,0,cold,window_65536,1024,,,128,6,62.03828699653968,270368768,270368768,270368768,0.27213767499999997,4096,4064,,0.9921875,,1.0078740157480315,,,,,,3991,8,3228672,6811086848,0.159917,0.03438,0.037579,0.00957,0.00696,61.417326,0.01393,0.0,0.0,0.10344800000000001,0.232736,51.167951,0.0,0.04492,0.034949,0.052889,0.01454,2048,2033,1992,1,16264,1040896,1040896,1.58099,0.6965199999999999,2.1485,42.125299999999996,6.38718,0.185447,51.0794,1992,4,2,134242336
tiledb,node,65536,0,cold,window_65536,1024,,,128,7,62.11380602326244,269885440,269885440,269885440,0.282206232,4096,4069,,0.993408203125,,1.0066355369869746,,,,,,4004,8,3230720,6811090944,0.111028,0.03514,0.038879,0.0088,0.00694,61.376277,0.0137,0.0,0.0,0.181597,0.236356,50.274484,0.0,0.065799,0.046349,0.104469,0.01611,2048,2037,2002,1,16296,1042944,1042944,1.4309800000000001,0.6740090000000001,1.9669499999999998,40.7334,7.09901,0.139268,50.2012,2002,4,2,134242336
tiledb,node,65536,0,cold,window_65536,1024,,,128,8,65.19655999727547,270372864,270372864,270372864,0.27985356299999997,4096,4062,,0.99169921875,,1.0083702609551946,,,,,,3989,8,3227136,6811078656,0.181337,0.034069,0.03809,0.008939,0.00709,64.589599,0.00989,0.0,0.0,0.10588900000000001,0.235446,53.711772,0.0,0.04393,0.032579,0.055969,0.01448,2048,2030,1992,1,16240,1039360,1039360,1.40541,0.563264,1.88477,44.650000000000006,6.673959999999999,0.180068,53.6229,1992,4,2,134242336
tiledb,node,65536,0,cold,window_65536,1024,,,128,9,73.12872097827494,270417920,270417920,270417920,0.39511127199999996,4096,4073,,0.994384765625,,1.005646943285048,,,,,,4003,8,4316672,6813089792,0.112409,0.099688,0.035949,0.00947,0.00732,72.305143,0.00425,0.0,0.0,0.154367,0.351225,57.030073,0.0,0.071789,0.048939,0.111729,0.01554,3072,3054,3000,1,24432,1563648,1563648,2.2560599999999997,0.934773,3.11028,43.617999999999995,9.72305,0.159137,56.9107,3000,6,4,201363504
tiledb,node,65536,0,cold,window_65536,8192,,,128,0,67.76601099409163,202735616,202735616,202735616,0.352389929,32768,30805,,0.940093994140625,,1.06372342152248,,,,,,27252,8,25381376,6866644992,0.216287,0.092318,0.03743,0.01317,0.009199,66.53244,0.05122,0.0,0.0,0.342575,1.458028,50.843286,0.0,0.189407,0.050319,0.240536,0.01741,16384,15396,13636,1,123168,7882752,7882752,5.1902099999999995,1.81358,7.948230000000001,35.444,5.87997,0.741969,50.513799999999996,13636,4,2,134242336
tiledb,node,65536,0,cold,window_65536,8192,,,128,1,77.23414903739467,270356480,270356480,270356480,0.37462234299999997,32768,30786,,0.93951416015625,,1.0643799129474436,,,,,,27198,8,25379328,6844837888,0.206377,0.092908,0.0352,0.00958,0.00903,75.925658,0.017799,0.0,0.0,0.354765,1.526777,59.729982,0.0,0.184917,0.050069,0.371174,0.01791,16384,15392,13582,1,123136,7880704,7880704,4.772679999999999,2.30756,8.29983,42.0894,7.11845,0.7146089999999999,58.780100000000004,13582,4,2,134242336
tiledb,node,65536,0,cold,window_65536,8192,,,128,2,86.17595402756706,270422016,270422016,270422016,0.443963663,32768,30757,,0.938629150390625,,1.06538348993725,,,,,,27096,8,33838592,6854844416,0.209097,0.092969,0.033469,0.00983,0.00667,53.493636,0.0082,0.0,0.0,0.262256,0.779528,43.844121,0.0,0.120788,0.051399,31.807161,0.0186,8192,7675,6759,1,61400,3929600,3929600,3.45839,1.53232,4.98172,34.131099999999996,3.56664,0.562892,43.6276,6759,2,1,67121168
tiledb,node,65536,0,cold,window_65536,8192,,,128,3,92.2795920050703,270372864,270372864,270372864,0.546153759,32768,30775,,0.939178466796875,,1.0647603574329814,,,,,,27218,8,33846784,6870335488,0.323005,0.077179,0.036619,0.00951,0.01091,90.800425,0.088979,0.0,0.0,0.780428,2.291456,68.748666,0.0,0.256316,0.051689,0.445134,0.017399,24576,23098,20430,1,184784,11826176,11826176,9.975299999999999,3.59108,14.9566,42.0363,9.619209999999999,0.70131,68.10090000000001,20430,6,3,201363504
tiledb,node,65536,0,cold,window_65536,8192,,,128,4,86.25460299663246,269893632,269893632,269893632,0.48584019,32768,30823,,0.940643310546875,,1.0631022288550758,,,,,,27323,8,25392640,6869483520,0.346995,0.093248,0.03658,0.00971,0.008829,84.883604,0.064639,0.0,0.0,0.344195,1.628056,68.701667,0.0,0.186127,0.05071,0.373494,0.01695,16384,15418,13660,1,123344,7894016,7894016,6.08009,2.57161,9.23461,51.057199999999995,6.89416,0.578941,68.3356,13660,4,2,134242336
tiledb,node,65536,0,cold,window_65536,8192,,,128,5,97.2342980094254,269455360,269455360,269455360,0.5140770020000001,32768,30803,,0.940032958984375,,1.0637924877447003,,,,,,27123,8,33853440,6876921856,0.194697,0.077299,0.036499,0.00961,0.0106,95.795279,0.085208,0.0,0.0,0.523362,2.204487,73.359957,0.0,0.255337,0.05007,0.452493,0.01643,24576,23111,20368,1,184888,11832832,11832832,8.24066,2.8182,12.761800000000001,49.825599999999994,8.19257,0.782569,72.2183,20368,6,3,201363504
tiledb,node,65536,0,cold,window_65536,8192,,,128,6,90.53434897214174,270385152,270385152,270385152,0.481840905,32768,30827,,0.940765380859375,,1.0629642845557465,,,,,,27278,8,33853440,6860570624,0.378004,0.090998,0.03392,0.00824,0.00592,54.796396,0.034029,0.0,0.0,0.276616,0.808958,44.805066,0.0,0.116118,0.048309,34.812637,0.01827,8192,7716,6798,1,61728,3950592,3950592,3.1793,1.1340199999999998,4.58694,36.172000000000004,2.87893,0.537052,44.5722,6798,2,1,67121168
tiledb,node,65536,0,cold,window_65536,8192,,,128,7,77.42448599310592,270376960,270376960,270376960,0.407184274,32768,30720,,0.9375,,1.0666666666666667,,,,,,27171,8,25381888,6860271616,0.368534,0.092528,0.03535,0.00872,0.00882,76.054346,0.014569,0.0,0.0,0.33756400000000003,1.578487,60.242994,0.0,0.186777,0.052069,0.369054,0.01685,16384,15397,13609,1,123176,7883264,7883264,5.43779,2.81706,9.0122,42.4781,6.86098,0.526242,59.4302,13609,4,2,134242336
tiledb,node,65536,0,cold,window_65536,8192,,,128,8,77.31475698528811,270417920,270417920,270417920,0.394257023,32768,30797,,0.939849853515625,,1.0639997402344383,,,,,,27099,8,25385472,6843908096,0.721829,0.093519,0.035399,0.00955,0.00922,75.539354,0.0155,0.0,0.0,0.332285,1.534076,59.555175,0.0,0.187147,0.05178,0.314295,0.0184,16384,15404,13582,1,123232,7886848,7886848,4.81208,2.34432,8.4244,42.248,6.88608,0.46572300000000005,58.6057,13582,4,2,134242336
tiledb,node,65536,0,cold,window_65536,8192,,,128,9,73.30272800754756,269938688,269938688,269938688,0.360575784,32768,30842,,0.94122314453125,,1.0624473121068672,,,,,,27185,8,25407488,6843957248,0.267236,0.094059,0.036889,0.00973,0.0095,71.927338,0.01468,0.0,0.0,0.330115,1.522508,56.360962,0.0,0.189657,0.05014,0.377574,0.01825,16384,15447,13599,1,123576,7908864,7908864,4.84073,2.3739299999999997,8.37189,38.8275,6.66562,0.7068000000000001,55.397099999999995,13599,4,2,134242336
tiledb,node,65536,0,cold,window_65536,65536,,,128,0,98.78683497663587,270483456,270483456,270483456,0.570341227,262144,165856,,0.6326904296875,,1.580551803974532,,,,,,61164,8,182471680,6925254656,0.349655,0.091339,0.045199,0.01144,0.019919,94.709796,0.157868,0.0,0.0,0.67356,3.459758,72.668007,0.0,0.794188,0.090549,2.342915,0.03017,131072,82875,30552,1,663000,42432000,42432000,11.413599999999999,4.08054,17.7026,45.3733,6.46683,1.59096,71.94739999999999,30552,4,2,134242336
tiledb,node,65536,0,cold,window_65536,65536,,,128,1,92.85603399621323,270323712,270323712,270323712,0.504341698,262144,165959,,0.6330833435058594,,1.579570857862484,,,,,,60814,8,182480384,6893547520,0.327545,0.092468,0.03744,0.00998,0.019309,88.789485,0.097499,0.0,0.0,0.6498200000000001,3.527187,68.570049,0.0,0.792078,0.095169,2.391514,0.03114,131072,82998,30457,1,663984,42494976,42494976,10.6398,5.9538899999999995,17.816499999999998,38.8299,6.67241,2.4241,66.6922,30457,4,2,134242336
tiledb,node,65536,0,cold,window_65536,65536,,,128,2,90.20603395765647,270344192,270344192,270344192,0.504129372,262144,165848,,0.632659912109375,,1.580628044956828,,,,,,60850,8,182387712,6892736512,0.244466,0.091318,0.03845,0.01064,0.019339,86.159095,0.066649,0.0,0.0,0.64851,3.535227,66.750556,0.0,0.798168,0.092058,2.373984,0.03245,131072,82817,30510,1,662536,42402304,42402304,10.0255,4.996440000000001,17.028299999999998,38.2941,6.6230899999999995,1.64155,64.66860000000001,30510,4,2,134242336
tiledb,node,65536,0,cold,window_65536,65536,,,128,3,74.40040196524933,269930496,269930496,269930496,0.386971185,262144,166012,,0.6332855224609375,,1.5790665735007108,,,,,,60943,8,125132800,6874521600,0.227227,0.085229,0.03756,0.011149,0.01322,71.367517,0.03583,0.0,0.0,0.49357300000000004,1.804083,57.368777,0.0,0.420214,0.066849,1.805473,0.02832,65536,41458,15281,1,331664,21226496,21226496,5.42472,1.9769599999999998,8.32934,41.931799999999996,3.82152,2.18518,56.917500000000004,15281,2,1,67121168
tiledb,node,65536,0,cold,window_65536,65536,,,128,4,89.77665001293644,270385152,270385152,270385152,0.475393401,262144,165653,,0.6319160461425781,,1.5824886962505962,,,,,,61016,8,182405120,6893821952,0.226646,0.089249,0.037949,0.01092,0.01934,85.78028,0.137197,0.0,0.0,0.749859,3.366329,65.502425,0.0,0.792898,0.093818,2.360324,0.03052,131072,82851,30470,1,662808,42419712,42419712,10.364999999999998,4.27165,17.149,38.828799999999994,5.90111,2.07634,64.7787,30470,4,2,134242336
tiledb,node,65536,0,cold,window_65536,65536,,,128,5,95.18458903767169,269905920,269905920,269905920,0.461887271,262144,165510,,0.6313705444335938,,1.5838559603649327,,,,,,61220,8,182405632,6893244416,0.223117,0.089969,0.037419,0.01056,0.01896,91.208768,0.067829,0.0,0.0,0.64978,3.624496,72.223784,0.0,0.790818,0.091139,2.333535,0.03085,131072,82852,30543,1,662816,42420224,42420224,6.969399999999999,2.88823,11.862499999999999,49.4732,5.60236,2.39304,70.1542,30543,4,2,134242336
tiledb,node,65536,0,cold,window_65536,65536,,,128,6,91.98102698428556,270385152,270385152,270385152,0.542594945,262144,165794,,0.6324539184570312,,1.581142864036093,,,,,,61155,8,182440448,6893821952,0.780008,0.082419,0.037929,0.01027,0.01318,63.80344,0.036519,0.0,0.0,0.396814,1.815302,50.005599,0.0,0.418024,0.060869,26.411533,0.03012,65536,41416,15195,1,331328,21204992,21204992,4.7020100000000005,1.64679,7.29267,36.5124,3.2057700000000002,2.01427,49.6898,15195,2,1,67121168
tiledb,node,65536,0,cold,window_65536,65536,,,128,7,94.10887502599508,269897728,269897728,269897728,0.57259926,262144,165392,,0.63092041015625,,1.5849859727193576,,,,,,60775,8,182423552,6930026496,0.220787,0.090479,0.038079,0.01098,0.01911,89.009031,0.142218,0.0,0.0,0.743499,3.31813,68.931633,0.0,0.789039,0.092748,3.457597,0.03134,131072,82505,30426,1,660040,42242560,42242560,10.6912,4.55075,17.7871,41.225199999999994,6.25717,2.0932899999999997,68.22689999999999,30426,4,2,134242336
tiledb,node,65536,0,cold,window_65536,65536,,,128,8,86.15565404761583,270450688,270450688,270450688,0.455543198,262144,165709,,0.6321296691894531,,1.5819539071504867,,,,,,60901,8,182407680,6911664128,0.231156,0.082959,0.037129,0.00949,0.01264,49.82496,0.034739,0.0,0.0,0.357105,1.823152,37.121042,0.0,0.419684,0.059809,35.110572,0.03038,65536,41383,15227,1,331064,21188096,21188096,5.60845,2.404,9.01683,22.2599,2.95196,1.93556,36.7626,15227,2,2,67121168
tiledb,node,65536,0,cold,window_65536,65536,,,128,9,113.66089101647958,270331904,270331904,270331904,0.6544241909999999,262144,165707,,0.6321220397949219,,1.5819730005370927,,,,,,61063,8,239806976,6934753280,0.263436,0.092849,0.035949,0.00966,0.02328,108.683206,0.194887,0.0,0.0,1.042994,5.278001,79.885069,0.0,1.162332,0.138618,2.883657,0.02966,196608,124308,45789,1,994464,63645696,63645696,19.2191,6.302379999999999,28.8545,37.645900000000005,8.41972,2.30688,78.3108,45789,6,3,201363504
tiledb,node,65536,0,warm,random,1024,,,128,0,328.51400098297745,0,0,0,7.580430095,4096,4095,,0.999755859375,,1.0002442002442002,,,,,,4095,1005,2167808,6812999680,0.152277,0.033319,0.04261,0.01282,0.00629,314.853945,0.007079,0.0,0.0,0.100609,0.137728,235.114434,0.0,0.063499,0.04422,12.913026,0.015779,1021,1020,1020,1,8160,522240,522240,1.1795,0.583169,1.53742,141.36499999999998,111.57000000000001,0.244846,235.04500000000002,1020,64,24,2147877376
tiledb,node,65536,0,warm,random,1024,,,128,1,324.41036199452356,0,0,0,7.173228215,4096,4096,,1.0,,1.0,,,,,,4096,1013,2163712,6813028352,0.120009,0.03306,0.041939,0.00926,0.00716,300.5826,0.00865,0.0,0.0,0.100958,0.140318,223.137375,0.0,0.058689,0.0433,23.163212,0.01679,1006,1006,1005,1,8048,515072,515072,1.1983199999999998,0.587537,1.5487000000000002,132.407,110.375,0.240697,223.071,1005,64,24,2147877376
tiledb,node,65536,0,warm,random,1024,,,128,2,309.2779499711469,0,0,0,7.182153575,4096,4095,,0.999755859375,,1.0002442002442002,,,,,,4095,1003,2189312,6813011968,0.164578,0.033559,0.042479,0.01006,0.00622,301.709843,0.0026,0.0,0.0,0.09544899999999999,0.133348,230.08805,0.0,0.06023,0.043379,6.857787,0.01594,1004,1004,1004,1,8032,514048,514048,1.24193,0.575881,1.6242100000000002,139.618,114.41999999999999,0.28022600000000003,230.02,1004,64,24,2147877376
tiledb,node,65536,0,warm,random,1024,,,128,3,319.0591220045462,0,0,0,7.516049356,4096,4096,,1.0,,1.0,,,,,,4096,1012,2155520,6812966912,0.124259,0.03416,0.041089,0.00935,0.00728,305.348949,0.00725,0.0,0.0,0.114198,0.151048,227.852694,0.0,0.058449,0.045049,13.044534,0.01535,1030,1030,1028,1,8240,527360,527360,1.34094,0.6013909999999999,1.6751500000000001,147.15300000000002,108.18700000000001,0.198347,227.793,1028,64,24,2147877376
tiledb,node,65536,0,warm,random,1024,,,128,4,318.4412519913167,0,0,0,7.761226183,4096,4096,,1.0,,1.0,,,,,,4096,1011,2169856,6812594176,0.118318,0.033399,0.04196,0.009959,0.00666,309.559265,0.00847,0.0,0.0,0.09734799999999999,0.148458,233.677917,0.0,0.05696,0.046609,8.194697,0.01565,1044,1044,1044,1,8352,534528,534528,1.44448,0.66862,1.8331300000000001,141.488,110.851,0.248536,233.61100000000002,1044,64,24,2147877376
tiledb,node,65536,0,warm,random,1024,,,128,5,317.71886302158237,0,0,0,7.534243215,4096,4096,,1.0,,1.0,,,,,,4096,1003,2180096,6812643328,0.134568,0.03342,0.039939,0.00981,0.00741,301.485837,0.00702,0.0,0.0,0.10161800000000001,0.153988,229.127945,0.0,0.057829,0.042429,15.551176,0.01563,1045,1045,1045,1,8360,535040,535040,1.37029,0.613241,1.73423,134.374,111.21300000000001,0.248316,229.055,1045,64,24,2147877376
tiledb,node,65536,0,warm,random,1024,,,128,6,304.07144798664376,0,0,0,6.798737117,4096,4096,,1.0,,1.0,,,,,,4096,1010,2180608,6812667904,0.146088,0.547742,0.049189,0.01077,0.00727,288.838777,0.00942,0.0,0.0,0.10833799999999999,0.124358,215.022827,0.0,0.058009,0.116908,13.94327,0.01599,1008,1008,1008,1,8064,516096,516096,1.2443300000000002,0.543593,1.61779,138.726,85.8328,0.188527,214.955,1008,64,24,2147877376
tiledb,node,65536,0,warm,random,1024,,,128,7,307.95808898983523,0,0,0,6.666828117,4096,4096,,1.0,,1.0,,,,,,4095,1009,2173952,6812622848,0.125719,0.03883,0.040919,0.00987,0.00707,269.016775,0.00627,0.0,0.0,0.10671800000000001,0.129868,188.025783,0.0,0.061489,0.045969,38.258055,0.01607,999,999,998,1,7992,511488,511488,1.18139,0.513473,1.53925,123.8,93.0607,0.200958,187.958,998,64,24,2147877376
tiledb,node,65536,0,warm,random,1024,,,128,8,315.99514902336523,0,0,0,7.079346216,4096,4096,,1.0,,1.0,,,,,,4096,1011,2195456,6812516352,0.160908,0.03365,0.039869,0.01052,0.0064,310.286014,0.00801,0.0,0.0,0.09928799999999999,0.158728,240.020851,0.0,0.057839,0.05342,5.007245,0.015899,1069,1069,1069,1,8552,547328,547328,1.58146,0.7217979999999999,1.9784899999999999,138.94899999999998,108.045,0.218087,239.955,1069,64,24,2147877376
tiledb,node,65536,0,warm,random,1024,,,128,9,319.2470790236257,0,0,0,7.450446394,4096,4096,,1.0,,1.0,,,,,,4096,1007,2198528,6812704768,0.630161,0.033169,0.04233,0.010299,0.00699,311.850001,0.00668,0.0,0.0,0.10092899999999999,0.132308,234.77808,0.0,0.055419,0.04548,6.223666,0.01683,1015,1015,1015,1,8120,519680,519680,1.23678,0.629171,1.60128,145.15900000000002,116.65,0.215667,234.713,1015,64,24,2147877376
tiledb,node,65536,0,warm,random,8192,,,128,0,316.46065099630505,0,0,0,6.61122764,32768,32755,,0.999603271484375,,1.0003968859716075,,,,,,32736,1024,17230336,6845157376,0.199737,0.091978,0.03632,0.01292,0.00817,315.333068,0.040549,0.0,0.0,0.242357,0.976865,243.865013,0.0,0.126188,0.047949,0.176717,0.01811,8252,8243,8223,1,65944,4220416,4220416,4.44953,1.80829,6.5788,134.926,98.8343,0.579301,243.66,8223,64,24,2147877376
tiledb,node,65536,0,warm,random,8192,,,128,1,326.75462699262425,0,0,0,6.563241649,32768,32756,,0.9996337890625,,1.0003663450970814,,,,,,32741,1024,17276928,6843092992,0.263246,0.094769,0.044479,0.01025,0.0083,325.634244,0.031,0.0,0.0,0.231986,0.836138,257.981691,0.0,0.119718,0.048619,0.180998,0.017369,8156,8147,8130,1,65176,4171264,4171264,4.0348500000000005,1.7425400000000002,6.213500000000001,113.855,114.471,0.436633,257.721,8130,64,24,2147877376
tiledb,node,65536,0,warm,random,8192,,,128,2,340.57356900302693,0,0,0,6.282335964,32768,32755,,0.999603271484375,,1.0003968859716075,,,,,,32742,1024,17297408,6843625472,0.204427,0.093279,0.035339,0.00982,0.00906,339.498265,0.075679,0.0,0.0,0.239817,0.830867,270.053879,0.0,0.120878,0.04922,0.176387,0.01576,8062,8054,8044,1,64432,4123648,4123648,3.9850600000000003,1.80128,6.28092,130.266,83.5703,0.451953,269.795,8044,64,24,2147877376
tiledb,node,65536,0,warm,random,8192,,,128,3,334.3223929987289,0,0,0,7.305656159,32768,32764,,0.9998779296875,,1.0001220852154804,,,,,,32746,1024,17279488,6843674624,0.264586,0.091688,0.03794,0.00972,0.00872,333.217349,0.032409,0.0,0.0,0.235926,0.891047,267.841003,0.0,0.121198,0.04856,0.172247,0.01698,8112,8104,8091,1,64832,4149248,4149248,3.7523500000000003,1.81091,5.87151,124.069,120.339,0.454852,267.644,8091,64,24,2147877376
tiledb,node,65536,0,warm,random,8192,,,128,4,346.189213974867,0,0,0,6.878812233,32768,32757,,0.999664306640625,,1.0003358060872485,,,,,,32746,1024,17221120,6844030976,0.253047,0.091879,0.036209,0.00939,0.009,345.093051,0.00972,0.0,0.0,0.237137,0.920106,284.413173,0.0,0.121308,0.0505,0.173377,0.01769,8180,8173,8162,1,65384,4184576,4184576,3.47999,1.74554,5.777270000000001,142.083,100.13900000000001,0.450023,284.215,8162,64,24,2147877376
tiledb,node,65536,0,warm,random,8192,,,128,5,344.4646809948608,0,0,0,6.979460627,32768,32755,,0.999603271484375,,1.0003968859716075,,,,,,32745,1024,17242624,6845341696,0.246467,0.100789,0.034299,0.00984,0.00808,343.348117,0.031089,0.0,0.0,0.241597,0.933496,284.093178,0.0,0.121108,0.05192,0.173847,0.01763,8263,8251,8234,1,66008,4224512,4224512,4.93415,2.0218599999999998,7.29916,141.92499999999998,99.5522,0.564782,283.887,8234,64,24,2147877376
tiledb,node,65536,0,warm,random,8192,,,128,6,326.8252860289067,0,0,0,7.209291811,32768,32761,,0.999786376953125,,1.0002136686914318,,,,,,32749,1024,17295872,6843473920,0.222026,0.093409,0.038029,0.01032,0.00811,323.700193,0.033509,0.0,0.0,0.238987,0.934706,254.762699,0.0,0.124718,0.049009,2.227717,0.01728,8314,8304,8294,1,66432,4251648,4251648,4.8063,1.91261,6.97271,117.37899999999999,94.6021,0.452653,254.55299999999997,8294,64,24,2147877376
tiledb,node,65536,0,warm,random,8192,,,128,7,338.4238909929991,0,0,0,6.826255852,32768,32759,,0.999725341796875,,1.0002747336609787,,,,,,32739,1024,17252864,6843502592,0.269746,0.093179,0.035469,0.00992,0.00888,337.313038,0.0092,0.0,0.0,0.237016,0.916886,275.696525,0.0,0.121378,0.051219,0.176917,0.01769,8162,8157,8138,1,65256,4176384,4176384,3.47817,1.70962,5.703449999999999,144.149,97.4303,0.448444,275.497,8138,64,24,2147877376
tiledb,node,65536,0,warm,random,8192,,,128,8,317.848440958187,0,0,0,6.663597586,32768,32760,,0.999755859375,,1.0002442002442002,,,,,,32742,1024,17263616,6844301312,0.259086,0.093439,0.036399,0.01001,0.00879,265.98176,0.00858,0.0,0.0,0.233446,0.917487,182.747012,0.0,0.121919,0.050019,50.935074,0.01781,8176,8166,8150,1,65328,4180992,4180992,3.49055,1.58308,5.48102,119.26,80.2286,0.540971,182.54999999999998,8150,64,24,2147877376
tiledb,node,65536,0,warm,random,8192,,,128,9,340.76910599833354,0,0,0,6.847477819,32768,32763,,0.999847412109375,,1.0001526111772425,,,,,,32736,1024,17277440,6845624320,0.222236,0.092109,0.037289,0.01041,0.00894,339.703072,0.034689,0.0,0.0,0.236747,0.914246,278.261906,0.0,0.121468,0.049079,0.177597,0.01805,8106,8098,8076,1,64784,4146176,4146176,3.65317,1.90799,5.9340399999999995,136.99,117.962,0.416645,278.063,8076,64,24,2147877376
tiledb,node,65536,0,warm,random,65536,,,128,0,375.9932369575836,0,0,0,6.953319626,262144,261627,,0.9980278015136719,,1.0019760957393542,,,,,,260583,1024,137551872,7088386048,0.279685,0.084149,0.037639,0.01196,0.01759,373.581412,0.052689,0.0,0.0,1.298941,7.080664,289.203281,0.0,0.634371,0.067839,0.884477,0.030239,65566,65039,64061,1,520312,33299968,33299968,18.456500000000002,9.80791,33.976600000000005,126.609,110.281,2.42429,287.963,64061,64,24,2147877376
tiledb,node,65536,0,warm,random,65536,,,128,1,380.0461150240153,0,0,0,7.266012057,262144,261609,,0.9979591369628906,,1.0020450366768727,,,,,,260581,1024,137506304,7088500736,0.275606,0.084279,0.039309,0.0104,0.0165,377.596842,0.052849,0.0,0.0,1.249891,6.890537,291.686584,0.0,0.62858,0.146088,0.873976,0.02931,65385,64862,63805,1,518896,33209344,33209344,19.7803,11.309,35.7069,133.78300000000002,102.616,1.8789900000000002,290.467,63805,64,24,2147877376
tiledb,node,65536,0,warm,random,65536,,,128,2,380.2453430253081,0,0,0,7.037398431,262144,261642,,0.9980850219726562,,1.0019186522041568,,,,,,260678,1024,137528832,7088898048,0.248426,0.087699,0.037459,0.01073,0.01692,377.895777,0.057649,0.0,0.0,1.272531,6.822238,299.791622,0.0,0.635341,0.067029,0.874457,0.03079,65833,65363,64336,1,522904,33465856,33465856,19.8067,10.4467,37.3948,136.045,90.5299,2.17263,298.54,64336,64,24,2147877376
tiledb,node,65536,0,warm,random,65536,,,128,3,385.13104896992445,0,0,0,7.076604447999999,262144,261637,,0.9980659484863281,,1.0019377993173748,,,,,,260688,1024,137579520,7088656384,0.280566,0.083759,0.038999,0.01103,0.0164,382.745185,0.052219,0.0,0.0,1.248251,6.776528,295.900351,0.0,0.63019,0.069669,0.868777,0.030579,65278,64748,63772,1,517984,33150976,33150976,17.6966,9.24096,32.2868,134.95,94.0182,2.71068,294.688,63772,64,24,2147877376
tiledb,node,65536,0,warm,random,65536,,,128,4,384.6075360197574,0,0,0,6.941644258,262144,261619,,0.9979972839355469,,1.0020067349848443,,,,,,260580,1024,137348608,7087222784,0.252666,0.085319,0.038209,0.01023,0.0166,349.83358,0.052209,0.0,0.0,1.247081,6.921356,254.139808,0.0,0.63264,0.068379,33.200901,0.069869,65555,65063,64038,1,520504,33312256,33312256,17.409399999999998,8.680810000000001,32.3056,108.459,77.36619999999999,2.85827,252.919,64038,64,24,2147877376
tiledb,node,65536,0,warm,random,65536,,,128,5,375.07286004256457,0,0,0,7.365278773,262144,261647,,0.9981040954589844,,1.0018995058227307,,,,,,260634,1024,137368064,7086628864,0.300835,0.087079,0.037089,0.01102,0.01719,372.577077,0.057019,0.0,0.0,1.267661,6.783978,293.178582,0.0,0.635221,0.147468,0.877087,0.031729,65539,65060,64087,1,520480,33310720,33310720,21.753,9.81915,38.6876,138.80200000000002,101.549,2.6568,291.945,64087,64,24,2147877376
tiledb,node,65536,0,warm,random,65536,,,128,6,367.5447540008463,0,0,0,6.701425271,262144,261607,,0.9979515075683594,,1.0020526973666606,,,,,,260609,1024,137446912,7086497792,0.312545,0.087409,0.036879,0.01247,0.01798,365.123919,0.0525,0.0,0.0,1.259291,6.841977,295.201032,0.0,0.630601,0.069729,0.872117,0.030829,65683,65157,64138,1,521256,33360384,33360384,19.8161,10.4007,35.757200000000005,136.547,85.8487,2.72636,293.97499999999997,64138,64,24,2147877376
tiledb,node,65536,0,warm,random,65536,,,128,7,384.854573989287,0,0,0,7.084036847,262144,261597,,0.9979133605957031,,1.0020910025726595,,,,,,260572,1024,137393664,7086501888,0.740349,0.084378,0.03886,0.01086,0.016309,382.019846,0.05323,0.0,0.0,1.251471,6.777038,302.812727,0.0,0.630731,0.068249,0.871037,0.029589,65396,64897,63957,1,519176,33227264,33227264,18.0707,9.328629999999999,33.872899999999994,143.424,106.37,2.50016,301.588,63957,64,24,2147877376
tiledb,node,65536,0,warm,random,65536,,,128,8,384.2761720297858,0,0,0,7.325179343,262144,261629,,0.9980354309082031,,1.0019684362207553,,,,,,260622,1024,137432064,7087349760,0.314805,0.086799,0.036629,0.0113,0.01632,381.865638,0.052349,0.0,0.0,1.259621,6.834387,302.126767,0.0,0.63213,0.060199,0.876427,0.032369,65186,64693,63737,1,517544,33122816,33122816,19.6192,10.217600000000001,37.002399999999994,139.193,92.1356,2.11086,300.92,63737,64,24,2147877376
tiledb,node,65536,0,warm,random,65536,,,128,9,379.72572998842224,0,0,0,7.174089653,262144,261633,,0.9980506896972656,,1.0019531175348675,,,,,,260582,1024,137373696,7086899200,0.289665,0.086679,0.037269,0.0101,0.01671,377.331906,0.057539,0.0,0.0,1.258182,6.871126,310.721078,0.0,0.629361,0.069309,0.882587,0.030239,65498,65008,63960,1,520064,33284096,33284096,21.6722,12.5658,39.336299999999994,130.14999999999998,116.498,1.8557599999999999,309.50699999999995,63960,64,24,2147877376
tiledb,node,65536,0,warm,window_256,1024,,,128,0,24.769367009866983,0,0,0,0.151063781,4096,1002,,0.24462890625,,4.087824351297405,,,,,,25,4,3136000,6812151808,0.202997,0.093419,0.038869,0.01013,0.00739,23.93495,0.00738,0.0,0.0,0.089878,0.01239,15.593286,0.0,0.049899,0.048049,0.095958,0.01637,3072,748,22,1,5984,382976,382976,0.500753,0.259557,0.5558919999999999,10.3411,4.407839999999999,0.048939,15.5479,22,3,3,100681752
tiledb,node,65536,0,warm,window_256,1024,,,128,1,19.942870014347136,0,0,0,0.11737294399999999,4096,1009,,0.246337890625,,4.059464816650149,,,,,,18,4,2445824,6812082176,0.159657,0.03428,0.040899,0.00926,0.00652,11.225291,0.00383,0.0,0.0,0.082559,0.007689,8.183807,0.0,0.01873,0.024419,8.233116,0.01429,1024,251,5,1,2008,128512,128512,0.326625,0.154776,0.37391399999999997,5.90116,1.70824,0.029379000000000002,8.14879,5,1,1,33560584
tiledb,node,65536,0,warm,window_256,1024,,,128,2,13.302409963216633,0,0,0,0.102255821,4096,1007,,0.245849609375,,4.067527308838133,,,,,,20,4,1752064,6812028928,0.165677,0.03359,0.040959,0.00828,0.00641,12.752898,0.00367,0.0,0.0,0.099448,0.00761,9.229391,0.0,0.02311,0.026029,0.055079,0.01348,1024,252,5,1,2016,129024,129024,0.396635,0.18411799999999998,0.438154,6.576700000000001,1.9776799999999999,0.042629999999999994,9.18803,5,1,1,33560584
tiledb,node,65536,0,warm,window_256,1024,,,128,3,21.153812005650252,0,0,0,0.1311944,4096,1010,,0.24658203125,,4.0554455445544555,,,,,,18,4,2446336,6812024832,0.141678,0.032099,0.036089,0.00852,0.00624,11.758523,0.0019,0.0,0.0,0.057319,0.00623,8.827067,0.0,0.01543,0.02181,8.961195,0.01394,1024,252,5,1,2016,129024,129024,0.28092599999999995,0.11993,0.329445,6.76401,1.53945,0.0537,8.79997,5,1,1,33560584
tiledb,node,65536,0,warm,window_256,1024,,,128,4,19.21484200283885,0,0,0,0.114901786,4096,1007,,0.245849609375,,4.067527308838133,,,,,,20,4,2447872,6812008448,0.127378,0.033499,0.03689,0.00887,0.00732,18.729548,0.001929,0.0,0.0,0.05606,0.00577,13.686984,0.0,0.01943,0.026839,0.044469,0.01332,2048,508,6,1,4064,260096,260096,0.413284,0.223668,0.466203,10.212,2.83127,0.02578,13.6607,6,2,2,67121168
tiledb,node,65536,0,warm,window_256,1024,,,128,5,20.822626014705747,0,0,0,0.148326027,4096,1009,,0.246337890625,,4.059464816650149,,,,,,19,4,2446848,6812008448,0.124699,0.03365,0.039409,0.00831,0.00629,20.329094,0.00654,0.0,0.0,0.07142899999999999,0.00747,14.256535,0.0,0.02216,0.02898,0.066719,0.01284,2048,503,11,1,4024,257536,257536,0.539482,0.289287,0.599411,10.0516,3.37571,0.02583,14.222800000000001,11,2,2,67121168
tiledb,node,65536,0,warm,window_256,1024,,,128,6,20.03720897482708,0,0,0,0.117995371,4096,1006,,0.24560546875,,4.071570576540755,,,,,,22,4,2444288,6811983872,0.160688,0.03347,0.037039,0.00843,0.00629,19.570556,0.00552,0.0,0.0,0.061029,0.00754,14.211806,0.0,0.02107,0.025909,0.044549,0.0119,2048,501,13,1,4008,256512,256512,0.462534,0.229308,0.49878300000000003,10.658100000000001,2.85177,0.029259,14.182,13,2,2,67121168
tiledb,node,65536,0,warm,window_256,1024,,,128,7,25.91619099257514,0,0,0,0.159506881,4096,1012,,0.2470703125,,4.047430830039525,,,,,,16,4,3142144,6811975680,0.126108,0.0,0.0,0.00853,0.0,0.0002,0.0,0.0,0.0,0.0,0.0,0.0,0.0,0.0,0.0,25.660794,0.01254,0,0,0,0,0,0,0,0.0,0.0,0.0,0.0,0.0,0.0,0.0,0,0,0,0
tiledb,node,65536,0,warm,window_256,1024,,,128,8,25.931131036486477,0,0,0,0.157995723,4096,1008,,0.24609375,,4.063492063492063,,,,,,19,4,3139584,6811959296,0.160817,0.091688,0.03565,0.00891,0.00637,25.392458,0.00821,0.0,0.0,0.07807800000000001,0.00965,17.732334,0.0,0.02286,0.028579,0.046819,0.01253,3072,755,15,1,6040,386560,386560,0.477663,0.254695,0.529732,12.7838,4.19222,0.03521,17.7001,15,3,3,100681752
tiledb,node,65536,0,warm,window_256,1024,,,128,9,20.60225000604987,0,0,0,0.120667827,4096,1006,,0.24560546875,,4.071570576540755,,,,,,22,4,2444800,6811947008,0.124678,0.032659,0.0362,0.00805,0.00615,11.31114,0.00193,0.0,0.0,0.044419,0.00426,8.552281,0.0,0.017189,0.02305,8.911066,0.01243,1024,252,5,1,2016,129024,129024,0.371744,0.194236,0.443283,6.00427,1.9467899999999998,0.039459,8.52984,5,1,1,33560584
tiledb,node,65536,0,warm,window_256,8192,,,128,0,19.834492006339133,0,0,0,0.118074561,32768,1024,,0.03125,,32.0,,,,,,4,4,17912832,6812917760,0.172817,0.088189,0.034079,0.00987,0.00597,12.376104,0.0029,0.0,0.0,0.081658,0.00691,9.409949,0.0,0.019629,0.03129,6.930055,0.01444,8192,256,1,1,2048,131072,131072,0.090449,0.034480000000000004,0.135738,7.58057,1.50983,0.034369000000000004,9.37707,1,1,1,33560584
tiledb,node,65536,0,warm,window_256,8192,,,128,1,21.245301002636552,0,0,0,0.134607901,32768,1024,,0.03125,,32.0,,,,,,4,4,17912832,6813184000,0.167377,0.087089,0.034019,0.00886,0.0068,18.895456,0.002,0.0,0.0,0.067729,0.00618,13.29239,0.0,0.020439,0.02873,1.825822,0.01584,16384,512,2,1,4096,262144,262144,0.17832800000000001,0.093328,0.213217,9.98923,2.89264,0.031949000000000005,13.2641,2,2,2,67121168
tiledb,node,65536,0,warm,window_256,8192,,,128,2,19.8122930014506,0,0,0,0.114378668,32768,1024,,0.03125,,32.0,,,,,,4,4,17912832,6813044736,0.190067,0.0,0.0,0.00834,0.0,0.00021,0.0,0.0,0.0,0.0,0.0,0.0,0.0,0.0,0.0,19.504397,0.01451,0,0,0,0,0,0,0,0.0,0.0,0.0,0.0,0.0,0.0,0.0,0,0,0,0
tiledb,node,65536,0,warm,window_256,8192,,,128,3,19.77191196056083,0,0,0,0.142639659,32768,1024,,0.03125,,32.0,,,,,,4,4,17912832,6813184000,0.308306,0.091088,0.03358,0.009019,0.00706,18.793828,0.00527,0.0,0.0,0.053309,0.00556,13.734874,0.0,0.019169,0.02963,0.324625,0.01572,16384,512,2,1,4096,262144,262144,0.20030699999999999,0.105869,0.24581599999999998,9.9508,3.35327,0.037399,13.7087,2,2,2,67121168
tiledb,node,65536,0,warm,window_256,8192,,,128,4,20.18103696173057,0,0,0,0.115603498,32768,1024,,0.03125,,32.0,,,,,,4,4,17912832,6813044736,0.170658,0.088188,0.03376,0.0088,0.007249,10.470073,0.00114,0.0,0.0,0.05125,0.00424,8.332924,0.0,0.01824,0.026929,9.120453,0.01681,8192,256,1,1,2048,131072,131072,0.093849,0.049009,0.14060799999999998,6.48433,1.5395,0.05376,8.30975,1,1,1,33560584
tiledb,node,65536,0,warm,window_256,8192,,,128,5,19.406458013691008,0,0,0,0.12432852999999999,32768,1024,,0.03125,,32.0,,,,,,4,4,17912832,6813040640,0.178867,0.089549,0.036339,0.00929,0.00757,18.492152,0.00463,0.0,0.0,0.057539,0.00491,14.218506,0.0,0.020099,0.0266,0.325485,0.01518,16384,512,2,1,4096,262144,262144,0.218667,0.10442799999999999,0.258737,10.519300000000001,3.23887,0.031739,14.1932,2,2,2,67121168
tiledb,node,65536,0,warm,window_256,8192,,,128,6,22.578270989470184,0,0,0,0.138957232,32768,1024,,0.03125,,32.0,,,,,,4,4,22633472,6813179904,0.165177,0.087689,0.033019,0.00857,0.00716,10.811707,0.00139,0.0,0.0,0.041839,0.00181,8.330725,0.0,0.04182,0.042469,11.095413,0.01871,8192,256,1,1,2048,131072,131072,0.090459,0.046239999999999996,0.12382800000000001,6.35929,1.6784700000000001,0.030619,8.30441,1,1,1,33560584
tiledb,node,65536,0,warm,window_256,8192,,,128,7,26.09288797248155,0,0,0,0.170814992,32768,1024,,0.03125,,32.0,,,,,,4,4,22633472,6813171712,0.329785,0.074489,0.034789,0.00826,0.00625,25.011864,0.00207,0.0,0.0,0.057659,0.00543,17.33047,0.0,0.02466,0.031739,0.410684,0.01497,24576,768,3,1,6144,393216,393216,0.26217599999999996,0.120078,0.29851500000000003,12.9251,3.8987000000000003,0.0359,17.3028,3,3,3,100681752
tiledb,node,65536,0,warm,window_256,8192,,,128,8,17.620594997424632,0,0,0,0.120595784,32768,1024,,0.03125,,32.0,,,,,,4,4,17912832,6813032448,0.68653,0.087628,0.03112,0.00814,0.00537,11.039494,0.00146,0.0,0.0,0.050698999999999994,0.00382,7.99757,0.0,0.01618,0.028609,5.599626,0.01391,8192,256,1,1,2048,131072,131072,0.066259,0.03567,0.113238,5.9061699999999995,1.8209000000000002,0.02715,7.971550000000001,1,1,1,33560584
tiledb,node,65536,0,warm,window_256,8192,,,128,9,13.477688014972955,0,0,0,0.101474714,32768,1024,,0.03125,,32.0,,,,,,4,4,13192192,6812884992,0.230567,0.089188,0.0343,0.00849,0.00699,12.639539,0.001559,0.0,0.0,0.058140000000000004,0.00509,9.313819,0.0,0.01684,0.02721,0.287295,0.01473,8192,256,1,1,2048,131072,131072,0.08140900000000001,0.02804,0.125838,7.5052,1.52121,0.02597,9.28473,1,1,1,33560584
tiledb,node,65536,0,warm,window_256,65536,,,128,0,36.250853969249874,0,0,0,0.21009753,262144,1024,,0.00390625,,256.0,,,,,,4,4,218703872,6811213824,0.320995,0.093559,0.037749,0.01021,0.00752,33.2392,0.00903,0.0,0.0,0.074439,0.00733,22.853546,0.0,0.04388,0.105708,2.161807,0.03358,262144,1024,4,1,8192,524288,524288,0.30258599999999997,0.148787,0.34469500000000003,16.6998,5.57855,0.0337,22.8207,4,4,3,134242336
tiledb,node,65536,0,warm,window_256,65536,,,128,1,22.260235040448606,0,0,0,0.12478186100000001,262144,1024,,0.00390625,,256.0,,,,,,4,4,143177728,6812229632,0.243526,0.077739,0.036909,0.00908,0.00539,11.471877,0.00168,0.0,0.0,0.072379,0.00567,8.820337,0.0,0.01941,0.0378,10.167087,0.0285,65536,256,1,1,2048,131072,131072,0.115938,0.032839999999999994,0.157028,6.95694,1.53171,0.027429000000000002,8.787690000000001,1,1,1,33560584
tiledb,node,65536,0,warm,window_256,65536,,,128,2,18.84290698217228,0,0,0,0.120457503,262144,1024,,0.00390625,,256.0,,,,,,4,4,143177728,6812229632,0.205337,0.085418,0.03746,0.00911,0.00729,15.872361,0.005189,0.0,0.0,0.06358899999999999,0.00615,11.180972,0.0,0.032349,0.066009,2.306415,0.02797,131072,512,2,1,4096,262144,262144,0.173207,0.081729,0.217467,7.58064,3.1813499999999997,0.02739,11.1501,2,2,2,67121168
tiledb,node,65536,0,warm,window_256,65536,,,128,3,21.094273019116372,0,0,0,0.130233246,262144,1024,,0.00390625,,256.0,,,,,,4,4,143177728,6812229632,0.216707,0.084868,0.03527,0.00937,0.00655,18.174786,0.004449,0.0,0.0,0.056600000000000004,0.00569,14.171877,0.0,0.02396,0.057589,2.307335,0.02661,131072,512,2,1,4096,262144,262144,0.251776,0.13979699999999998,0.29150600000000004,10.2424,3.43436,0.03338,14.143899999999999,2,2,2,67121168
tiledb,node,65536,0,warm,window_256,65536,,,128,4,20.729118958115578,0,0,0,0.144445108,262144,1024,,0.00390625,,256.0,,,,,,4,4,143177728,6813270016,0.187947,0.086068,0.03575,0.00927,0.00651,18.317554,0.00502,0.0,0.0,0.057909,0.00551,13.406938,0.0,0.02127,0.057079,1.807333,0.033849,131072,512,2,1,4096,262144,262144,0.13669800000000001,0.055068,0.196537,9.71415,3.31921,0.025839,13.378900000000002,2,2,2,67121168
tiledb,node,65536,0,warm,window_256,65536,,,128,5,20.984653965570033,0,0,0,0.125057895,262144,1024,,0.00390625,,256.0,,,,,,4,4,143177728,6812209152,0.194198,0.084919,0.035879,0.00895,0.00726,18.971615,0.00206,0.0,0.0,0.057388999999999996,0.00523,13.94565,0.0,0.037519,0.069879,1.32266,0.029249,131072,512,2,1,4096,262144,262144,0.16622699999999999,0.08205899999999999,0.197407,10.2068,3.34211,0.02953,13.9136,2,2,2,67121168
tiledb,node,65536,0,warm,window_256,65536,,,128,6,20.653688989114016,0,0,0,0.125060209,262144,1024,,0.00390625,,256.0,,,,,,4,4,143177728,6812209152,0.235116,0.086569,0.035489,0.00926,0.00783,17.736363,0.00424,0.0,0.0,0.063999,0.0057,13.019394,0.0,0.02082,0.057929,2.297705,0.02651,131072,512,2,1,4096,262144,262144,0.158218,0.07199799999999999,0.216727,9.6579,2.94094,0.029359,12.9893,2,2,2,67121168
tiledb,node,65536,0,warm,window_256,65536,,,128,7,22.296585026197135,0,0,0,0.130744018,262144,1024,,0.00390625,,256.0,,,,,,4,4,143177728,6812213248,0.347845,0.087959,0.037799,0.0095,0.0079,19.202741,0.00646,0.0,0.0,0.078568,0.00632,13.685105,0.0,0.0221,0.060529,2.385134,0.025959,131072,512,2,1,4096,262144,262144,0.248376,0.143457,0.285816,9.854460000000001,3.31554,0.030029999999999998,13.6494,2,2,2,67121168
tiledb,node,65536,0,warm,window_256,65536,,,128,8,17.800962028559297,0,0,0,0.112966637,262144,1024,,0.00390625,,256.0,,,,,,4,4,143177728,6812209152,0.237507,0.078959,0.03673,0.008949,0.00711,11.893381,0.00201,0.0,0.0,0.062689,0.00524,8.964495,0.0,0.01798,0.03744,5.3334,0.02564,65536,256,1,1,2048,131072,131072,0.076549,0.02715,0.12163800000000001,6.842820000000001,1.80687,0.02881,8.936110000000001,1,1,1,33560584
tiledb,node,65536,0,warm,window_256,65536,,,128,9,21.72978298040107,0,0,0,0.147963334,262144,1024,,0.00390625,,256.0,,,,,,4,4,143177728,6813261824,0.217747,0.0,0.0,0.00814,0.0,0.00041,0.0,0.0,0.0,0.0,0.0,0.0,0.0,0.0,0.0,21.379779,0.02462,0,0,0,0,0,0,0,0.0,0.0,0.0,0.0,0.0,0.0,0.0,0,0,0,0
tiledb,node,65536,0,warm,window_4096,1024,,,128,0,21.416698000393808,0,0,0,0.131618129,4096,3596,,0.8779296875,,1.139043381535039,,,,,,2785,4,3111936,6815449088,0.241457,0.03248,0.034539,0.00883,0.00721,13.131503,0.00802,0.0,0.0,0.067219,0.092989,9.906691,0.0,0.025309,0.02339,7.772003,0.01275,1024,893,692,1,7144,457216,457216,1.1522100000000002,0.46626399999999996,1.39442,6.50709,1.74471,0.101059,9.864970000000001,692,1,1,33560584
tiledb,node,65536,0,warm,window_4096,1024,,,128,1,23.828101984690875,0,0,0,0.149294107,4096,3616,,0.8828125,,1.1327433628318584,,,,,,2840,4,3123712,6813184000,0.577601,0.0,0.0,0.00872,0.0,0.00085,0.0,0.0,0.0,0.0,0.0,0.0,0.0,0.0,0.0,23.056553,0.01455,0,0,0,0,0,0,0,0.0,0.0,0.0,0.0,0.0,0.0,0.0,0,0,0,0
tiledb,node,65536,0,warm,window_4096,1024,,,128,2,22.725588991306722,0,0,0,0.132725479,4096,3608,,0.880859375,,1.1352549889135255,,,,,,2822,4,3111424,6813847552,0.142398,0.032259,0.03899,0.00824,0.006229,13.623566,0.00301,0.0,0.0,0.07962,0.104318,10.198076,0.0,0.022539,0.02184,8.669789,0.01211,1024,896,732,1,7168,458752,458752,0.9889950000000001,0.409472,1.2206000000000001,7.27001,1.46872,0.05208,10.1417,732,1,1,33560584
tiledb,node,65536,0,warm,window_4096,1024,,,128,3,22.827817010693252,0,0,0,0.146737858,4096,3621,,0.884033203125,,1.1311792322562828,,,,,,2839,4,3113472,6813159424,0.144598,0.03413,0.039129,0.00862,0.00694,12.518752,0.00895,0.0,0.0,0.09947800000000001,0.096959,9.635205,0.0,0.023439,0.02407,9.893761,0.01246,1024,906,715,1,7248,463872,463872,1.1425999999999998,0.474833,1.39139,6.1526000000000005,1.7804200000000001,0.11882799999999999,9.581299999999999,715,1,1,33560584
tiledb,node,65536,0,warm,window_4096,1024,,,128,4,27.10767200915143,0,0,0,0.185078538,4096,3607,,0.880615234375,,1.1355697255336845,,,,,,2841,5,4143104,6814167040,0.100338,0.032759,0.03613,0.00875,0.00617,24.930605,0.00611,0.0,0.0,0.06573999999999999,0.094888,18.64064,0.0,0.053349,0.043339,1.621026,0.01531,1024,892,720,1,7136,456704,456704,1.06942,0.438651,1.30745,13.745800000000001,3.26544,0.093329,18.5962,720,2,1,67121168
tiledb,node,65536,0,warm,window_4096,1024,,,128,5,24.09059798810631,0,0,0,0.16669972,4096,3641,,0.888916015625,,1.1249656687723153,,,,,,2810,4,3125760,6814044160,0.118238,0.03451,0.040969,0.01016,0.00755,23.435907,0.008749,0.0,0.0,0.111448,0.186478,16.269475,0.0,0.04377,0.035599,0.077948,0.01445,2048,1832,1413,1,14656,937984,937984,1.65899,0.645892,2.1597500000000003,10.129100000000001,3.54945,0.102239,16.1815,1413,2,2,67121168
tiledb,node,65536,0,warm,window_4096,1024,,,128,6,22.91704498929903,0,0,0,0.14272648,4096,3622,,0.88427734375,,1.1308669243511873,,,,,,2835,4,3117568,6813818880,0.168957,0.032489,0.03719,0.00872,0.006389,12.904546,0.00681,0.0,0.0,0.06673,0.093218,9.353509,0.0,0.03623,0.031749,9.454358,0.01486,1024,906,714,1,7248,463872,463872,1.0457999999999998,0.418114,1.27831,6.1104,1.70415,0.075959,9.30378,714,1,1,33560584
tiledb,node,65536,0,warm,window_4096,1024,,,128,7,29.786322033032775,0,0,0,0.180485681,4096,3640,,0.888671875,,1.1252747252747253,,,,,,2834,4,4149760,6814773248,0.132668,0.03348,0.038849,0.00853,0.00626,12.595371,0.00674,0.0,0.0,0.071599,0.093779,9.335849,0.0,0.042699,0.03507,16.64003,0.01602,1024,912,704,1,7296,466944,466944,1.0496699999999999,0.462183,1.3022500000000001,5.7924,1.9023,0.098859,9.2504,704,1,1,33560584
tiledb,node,65536,0,warm,window_4096,1024,,,128,8,22.188916977029294,0,0,0,0.141707554,4096,3636,,0.8876953125,,1.1265126512651265,,,,,,2812,5,2095104,6812418048,0.136498,0.03087,0.036839,0.00939,0.00502,21.700024,0.00695,0.0,0.0,0.072388,0.096759,17.162112,0.0,0.0269,0.024729,0.032349,0.01236,1024,897,704,1,7176,459264,459264,1.0529199999999999,0.445571,1.2982600000000002,12.6152,2.95065,0.043019999999999996,17.1112,704,2,1,67121168
tiledb,node,65536,0,warm,window_4096,1024,,,128,9,17.423737968783826,0,0,0,0.126954763,4096,3644,,0.8896484375,,1.12403951701427,,,,,,2842,4,3125248,6813143040,0.606811,0.03316,0.036839,0.00876,0.00714,13.482757,0.00576,0.0,0.0,0.072758,0.094879,10.371305,0.0,0.02251,0.02319,3.037315,0.01315,1024,902,709,1,7216,461824,461824,0.986125,0.423081,1.2132,6.95158,1.91795,0.102689,10.3213,709,1,1,33560584
tiledb,node,65536,0,warm,window_4096,8192,,,128,0,21.246109972707927,0,0,0,0.127188358,32768,14167,,0.432342529296875,,2.3129808710383286,,,,,,1951,4,21692928,6812884992,0.223027,0.0,0.0,0.00947,0.0,0.00064,0.0,0.0,0.0,0.0,0.0,0.0,0.0,0.0,0.0,20.852516,0.01608,0,0,0,0,0,0,0,0.0,0.0,0.0,0.0,0.0,0.0,0.0,0,0,0,0
tiledb,node,65536,0,warm,window_4096,8192,,,128,1,21.5891360421665,0,0,0,0.133458536,32768,14213,,0.433746337890625,,2.3054949693942164,,,,,,1879,4,21692928,6812508160,0.209457,0.0,0.0,0.00848,0.0,0.00033,0.0,0.0,0.0,0.0,0.0,0.0,0.0,0.0,0.0,21.23218,0.014,0,0,0,0,0,0,0,0.0,0.0,0.0,0.0,0.0,0.0,0.0,0,0,0,0
tiledb,node,65536,0,warm,window_4096,8192,,,128,2,21.73526299884543,0,0,0,0.137933094,32768,14204,,0.4334716796875,,2.3069557871022246,,,,,,1906,4,21692928,6813032448,0.203697,0.090698,0.03311,0.00884,0.00749,12.223946,0.013959,0.0,0.0,0.06284,0.066129,9.505287,0.0,0.056689,0.03215,8.855287,0.01682,8192,3561,469,1,28488,1823232,1823232,1.0060900000000002,0.469003,1.21445,6.23654,1.76318,0.127168,9.46714,469,1,1,33560584
tiledb,node,65536,0,warm,window_4096,8192,,,128,3,26.328384992666543,0,0,0,0.1744895,32768,14142,,0.43157958984375,,2.317069721397256,,,,,,1925,5,21692928,6812487680,0.256067,0.089999,0.035589,0.0087,0.00778,25.204801,0.0271,0.0,0.0,0.063919,0.125228,16.667509,0.0,0.101179,0.042689,0.343435,0.01716,16384,7040,985,1,56320,3604480,3604480,0.992485,0.408466,1.30486,10.6673,4.2915,0.17177699999999999,16.617900000000002,985,3,3,100681752
tiledb,node,65536,0,warm,window_4096,8192,,,128,4,30.593689996749163,0,0,0,0.163062382,32768,14161,,0.432159423828125,,2.3139608784690346,,,,,,1941,5,21692928,6812463104,0.172927,0.0,0.0,0.00967,0.0,0.00068,0.0,0.0,0.0,0.0,0.0,0.0,0.0,0.0,0.0,30.227406,0.016009,0,0,0,0,0,0,0,0.0,0.0,0.0,0.0,0.0,0.0,0.0,0,0,0,0
tiledb,node,65536,0,warm,window_4096,8192,,,128,5,14.579330978449434,0,0,0,0.11716249200000001,32768,14159,,0.432098388671875,,2.3142877321844764,,,,,,1930,4,14801408,6811660288,0.222207,0.099329,0.035299,0.00898,0.00773,13.714474,0.02092,0.0,0.0,0.089838,0.068439,9.521207,0.0,0.048629,0.02812,0.258366,0.013189,8192,3523,496,1,28184,1803776,1803776,0.826487,0.349464,0.9965250000000001,6.28012,1.8911799999999999,0.15896700000000002,9.47137,496,1,1,33560584
tiledb,node,65536,0,warm,window_4096,8192,,,128,6,26.532021001912653,0,0,0,0.17216014799999999,32768,14144,,0.431640625,,2.316742081447964,,,,,,1913,4,27458560,6813220864,0.191917,0.076459,0.042669,0.00967,0.00725,25.365979,0.037659,0.0,0.0,0.09439800000000001,0.189468,17.056963,0.0,0.128638,0.042159,0.429853,0.01569,24576,10621,1426,1,84968,5437952,5437952,1.3397400000000002,0.537238,1.74194,10.3049,4.53075,0.176438,16.9785,1426,3,3,100681752
tiledb,node,65536,0,warm,window_4096,8192,,,128,7,14.992593962233514,0,0,0,0.119432706,32768,14119,,0.430877685546875,,2.3208442524258093,,,,,,1959,4,14793728,6811811840,0.195947,0.090558,0.03644,0.00877,0.00782,14.075368,0.00545,0.0,0.0,0.070039,0.077719,9.824463,0.0,0.048359,0.02813,0.288965,0.01603,8192,3504,519,1,28032,1794048,1794048,0.976665,0.435282,1.1678000000000002,6.4139,1.91894,0.14579799999999998,9.779029999999999,519,1,1,33560584
tiledb,node,65536,0,warm,window_4096,8192,,,128,8,31.36793797602877,0,0,0,0.16473512099999998,32768,14169,,0.432403564453125,,2.312654386336368,,,,,,1899,5,21692928,6812467200,0.185007,0.0,0.0,0.008659,0.0,0.00036,0.0,0.0,0.0,0.0,0.0,0.0,0.0,0.0,0.0,30.974165,0.020779,0,0,0,0,0,0,0,0.0,0.0,0.0,0.0,0.0,0.0,0.0,0,0,0,0
tiledb,node,65536,0,warm,window_4096,8192,,,128,9,22.391623992007226,0,0,0,0.148621211,32768,14168,,0.432373046875,,2.312817617165443,,,,,,1908,4,21692928,6812459008,0.172977,0.090718,0.03549,0.00872,0.00587,21.447777,0.00758,0.0,0.0,0.071379,0.130148,15.685775,0.0,0.082519,0.02964,0.329295,0.01563,16384,7084,943,1,56672,3627008,3627008,1.0161499999999999,0.446187,1.3407200000000001,10.4856,3.4034299999999997,0.18853699999999998,15.604700000000001,943,2,2,67121168
tiledb,node,65536,0,warm,window_4096,65536,,,128,0,30.284345033578575,0,0,0,0.191087396,262144,16384,,0.0625,,16.0,,,,,,4,5,144179712,6810812416,0.218037,0.085319,0.034959,0.01143,0.00675,27.213301,0.03296,0.0,0.0,0.062339,0.00764,20.389143,0.0,0.095299,0.061149,2.289946,0.02861,131072,8192,2,1,65536,4194304,4194304,0.152088,0.083438,0.203977,15.333400000000001,4.45149,0.196407,20.358999999999998,2,3,2,100681752
tiledb,node,65536,0,warm,window_4096,65536,,,128,1,15.49049699679017,0,0,0,0.107846808,262144,16384,,0.0625,,16.0,,,,,,4,4,106430976,6810505216,0.348925,0.079379,0.036599,0.00898,0.00615,13.031554,0.00522,0.0,0.0,0.07530799999999999,0.00685,9.572956,0.0,0.056109,0.038129,1.698545,0.027939,65536,4096,1,1,32768,2097152,2097152,0.091819,0.03675,0.133378,7.50392,1.6794,0.077419,9.540180000000001,1,1,1,33560584
tiledb,node,65536,0,warm,window_4096,65536,,,128,2,19.06164304818958,0,0,0,0.120019373,262144,16384,,0.0625,,16.0,,,,,,4,4,144179712,6811766784,0.768608,0.086728,0.03749,0.00858,0.00802,15.381398,0.026979,0.0,0.0,0.068109,0.00851,9.94244,0.0,0.108789,0.074709,2.323335,0.02958,131072,8192,2,1,65536,4194304,4194304,0.13893799999999998,0.06351799999999999,0.17716800000000002,6.42714,3.07492,0.093349,9.910530000000001,2,2,2,67121168
tiledb,node,65536,0,warm,window_4096,65536,,,128,3,23.94570002797991,0,0,0,0.118236952,262144,16384,,0.0625,,16.0,,,,,,4,4,144179712,6811901952,0.271256,0.078689,0.034199,0.00905,0.00747,11.832142,0.00554,0.0,0.0,0.061569,0.00616,9.129143,0.0,0.051469,0.03587,11.412788,0.02759,65536,4096,1,1,32768,2097152,2097152,0.066529,0.03474,0.09916799999999999,7.2158500000000005,1.58758,0.082459,9.10056,1,1,1,33560584
tiledb,node,65536,0,warm,window_4096,65536,,,128,4,30.31951404409483,0,0,0,0.17184433500000001,262144,16384,,0.0625,,16.0,,,,,,4,5,144179712,6811766784,0.215077,0.115499,0.036759,0.00814,0.00832,27.315699,0.00833,0.0,0.0,0.048859,0.00505,21.93724,0.0,0.089009,0.059699,2.293155,0.02748,131072,8192,2,1,65536,4194304,4194304,0.229877,0.124948,0.274776,16.6896,4.65435,0.155557,21.9149,2,3,2,100681752
tiledb,node,65536,0,warm,window_4096,65536,,,128,5,21.189600985962898,0,0,0,0.129387303,262144,16384,,0.0625,,16.0,,,,,,4,4,144179712,6811770880,0.185417,0.086699,0.035419,0.00856,0.00822,18.189956,0.00823,0.0,0.0,0.046109,0.00494,14.440273,0.0,0.101529,0.064759,2.292206,0.028579,131072,8192,2,1,65536,4194304,4194304,0.210797,0.122698,0.25007700000000005,10.501800000000001,3.3928700000000003,0.127458,14.4171,2,2,2,67121168
tiledb,node,65536,0,warm,window_4096,65536,,,128,6,20.30094398651272,0,0,0,0.124912939,262144,16384,,0.0625,,16.0,,,,,,4,4,144179712,6811766784,0.195717,0.085789,0.036319,0.00888,0.00819,17.346199,0.00851,0.0,0.0,0.053979,0.00541,13.699844,0.0,0.089829,0.059089,2.273295,0.02843,131072,8192,2,1,65536,4194304,4194304,0.187118,0.092399,0.241837,9.89735,3.2977000000000003,0.091319,13.6751,2,2,2,67121168
tiledb,node,65536,0,warm,window_4096,65536,,,128,7,21.584465983323753,0,0,0,0.127357602,262144,16384,,0.0625,,16.0,,,,,,4,4,144179712,6811762688,0.224727,0.086709,0.036359,0.00897,0.00825,18.62659,0.033379,0.0,0.0,0.062069,0.00736,13.497287,0.0,0.089338,0.061229,2.280056,0.02547,131072,8192,2,1,65536,4194304,4194304,0.202847,0.108748,0.24310600000000002,9.875969999999999,3.0822800000000004,0.12601800000000002,13.4687,2,2,2,67121168
tiledb,node,65536,0,warm,window_4096,65536,,,128,8,21.29364904249087,0,0,0,0.12445492300000001,262144,16384,,0.0625,,16.0,,,,,,4,4,144179712,6811766784,0.234946,0.080299,0.034959,0.00854,0.00727,11.759763,0.00538,0.0,0.0,0.058299000000000004,0.00622,9.078433,0.0,0.055329,0.03499,8.919876,0.02561,65536,4096,1,1,32768,2097152,2097152,0.07590899999999999,0.032008999999999996,0.10880899999999999,7.0899600000000005,1.65533,0.082738,9.04953,1,1,1,33560584
tiledb,node,65536,0,warm,window_4096,65536,,,128,9,21.943069994449615,0,0,0,0.140497933,262144,16384,,0.0625,,16.0,,,,,,4,4,144179712,6811766784,0.206367,0.086239,0.036269,0.00882,0.00845,18.987635,0.03131,0.0,0.0,0.070558,0.00764,14.063499,0.0,0.090088,0.059359,2.290906,0.027269,131072,8192,2,1,65536,4194304,4194304,0.221117,0.12515900000000002,0.275616,10.046700000000001,3.43818,0.12386799999999999,14.0325,2,2,2,67121168
tiledb,node,65536,0,warm,window_65536,1024,,,128,0,40.403343038633466,0,0,0,0.259804861,4096,4062,,0.99169921875,,1.0083702609551946,,,,,,4010,8,3229696,6815313920,0.153558,0.034179,0.040389,0.01193,0.0073,39.653444,0.00481,0.0,0.0,0.104838,0.259456,29.525406,0.0,0.053839,0.041639,0.086558,0.01534,2048,2035,2010,1,16280,1041920,1041920,1.4744700000000002,0.6085440000000001,1.9798200000000001,20.535500000000003,6.45181,0.131468,29.351399999999998,2010,4,2,134242336
tiledb,node,65536,0,warm,window_65536,1024,,,128,1,40.51054100273177,0,0,0,0.24696716600000002,4096,4056,,0.990234375,,1.009861932938856,,,,,,3995,8,3227136,6816313344,0.114448,0.03428,0.039689,0.01006,0.00696,39.769762,0.00992,0.0,0.0,0.122198,0.235776,28.406393,0.0,0.059149,0.047899,0.085749,0.01618,2048,2030,2005,1,16240,1039360,1039360,1.6799,0.725109,2.2802000000000002,19.449,6.2138,0.118298,28.3122,2005,4,2,134242336
tiledb,node,65536,0,warm,window_65536,1024,,,128,2,51.326127955690026,0,0,0,0.311564186,4096,4066,,0.99267578125,,1.0073782587309394,,,,,,4000,8,4314624,6817423360,0.660701,0.091059,0.036779,0.00941,0.00753,50.030848,0.01555,0.0,0.0,0.147867,0.355835,33.90935,0.0,0.078279,0.045979,0.087219,0.01389,3072,3050,2996,1,24400,1561600,1561600,2.0444,0.789549,2.87879,20.254,9.96671,0.12153800000000001,33.7857,2996,6,3,201363504
tiledb,node,65536,0,warm,window_65536,1024,,,128,3,41.30116896703839,0,0,0,0.293271609,4096,4061,,0.991455078125,,1.0086185668554544,,,,,,4014,8,3227136,6817304576,0.115978,0.034959,0.042899,0.00959,0.00721,40.518661,0.01439,0.0,0.0,0.132858,0.243456,29.087423,0.0,0.061099,0.046519,0.099068,0.01522,2048,2030,2004,1,16240,1039360,1039360,1.6328,0.690359,2.1337,20.065900000000003,6.42721,0.11842799999999999,28.9945,2004,4,2,134242336
tiledb,node,65536,0,warm,window_65536,1024,,,128,4,42.98689402639866,0,0,0,0.252316735,4096,4063,,0.991943359375,,1.008122077282796,,,,,,3989,8,3230720,6816276480,0.213407,0.037359,0.04067,0.00905,0.007459,42.283535,0.01094,0.0,0.0,0.13805800000000001,0.257596,30.363184,0.0,0.055479,0.043069,0.064859,0.014669,2048,2037,2001,1,16296,1042944,1042944,1.76895,0.829389,2.39841,21.1432,6.35671,0.129898,30.269000000000002,2001,4,2,134242336
tiledb,node,65536,0,warm,window_65536,1024,,,128,5,41.06145299738273,0,0,0,0.258928644,4096,4066,,0.99267578125,,1.0073782587309394,,,,,,3991,8,3228160,6816284672,0.110118,0.032549,0.03791,0.008979,0.005,23.830332,0.00645,0.0,0.0,0.090349,0.126638,17.145022,0.0,0.053919,0.04147,16.600551,0.016779,1024,1013,995,1,8104,518656,518656,1.14747,0.514602,1.50767,12.183599999999998,3.03632,0.084508,17.0388,995,2,1,67121168
tiledb,node,65536,0,warm,window_65536,1024,,,128,6,39.30189902894199,0,0,0,0.240118367,4096,4064,,0.9921875,,1.0078740157480315,,,,,,3991,8,3228672,6815285248,0.115298,0.035239,0.04086,0.009519,0.00713,38.735398,0.01078,0.0,0.0,0.123719,0.243156,27.92169,0.0,0.040239,0.03123,0.044239,0.01542,2048,2033,1992,1,16264,1040896,1040896,1.54595,0.67194,2.11905,18.9881,6.29544,0.157718,27.8259,1992,4,2,134242336
tiledb,node,65536,0,warm,window_65536,1024,,,128,7,41.09133203746751,0,0,0,0.268272272,4096,4069,,0.993408203125,,1.0066355369869746,,,,,,4004,8,3230720,6815301632,0.129488,0.03426,0.040169,0.009,0.0062,24.478792,0.00371,0.0,0.0,0.149748,0.131488,17.732253,0.0,0.027429,0.02761,16.096958,0.015859,1024,1018,1008,1,8144,521216,521216,1.0017500000000001,0.44511300000000004,1.30949,12.8539,3.1995999999999998,0.08649799999999999,17.6342,1008,2,1,67121168
tiledb,node,65536,0,warm,window_65536,1024,,,128,8,42.34396398533136,0,0,0,0.289412097,4096,4062,,0.99169921875,,1.0083702609551946,,,,,,3989,8,3227136,6815313920,0.115879,0.03463,0.040509,0.00973,0.00693,41.718663,0.01044,0.0,0.0,0.111208,0.237617,29.496406,0.0,0.046449,0.037359,0.064049,0.01469,2048,2030,1992,1,16240,1039360,1039360,1.45617,0.583241,1.94481,20.467699999999997,6.6458,0.111948,29.4028,1992,4,2,134242336
tiledb,node,65536,0,warm,window_65536,1024,,,128,9,52.978952997364104,0,0,0,0.353149555,4096,4073,,0.994384765625,,1.005646943285048,,,,,,4003,8,4316672,6817329152,0.152318,0.098138,0.03168,0.009369,0.00725,52.150706,0.00437,0.0,0.0,0.126899,0.356654,35.88313,0.0,0.075149,0.048979,0.115138,0.01512,3072,3054,3000,1,24432,1563648,1563648,2.2402699999999998,0.895914,3.1595899999999997,21.1233,11.0259,0.162318,35.768,3000,6,4,201363504
tiledb,node,65536,0,warm,window_65536,8192,,,128,0,55.95968896523118,0,0,0,0.344148235,32768,30805,,0.940093994140625,,1.06372342152248,,,,,,27252,8,25381376,6871281664,0.63762,0.092998,0.03586,0.01271,0.00972,54.329823,0.059079,0.0,0.0,0.37625600000000003,1.474197,38.927404,0.0,0.182907,0.053809,0.238077,0.01754,16384,15396,13636,1,123168,7882752,7882752,6.30906,2.4554400000000003,9.4891,21.1539,6.81512,0.5280320000000001,38.5916,13636,4,2,134242336
tiledb,node,65536,0,warm,window_65536,8192,,,128,1,53.574734018184245,0,0,0,0.34577323,32768,30786,,0.93951416015625,,1.0643799129474436,,,,,,27198,8,25379328,6849265664,0.197517,0.093229,0.042039,0.00933,0.00911,52.259744,0.01677,0.0,0.0,0.328985,1.503787,36.742948,0.0,0.182138,0.049409,0.382044,0.01782,16384,15392,13582,1,123136,7880704,7880704,4.91021,2.4034,8.23486,19.512,6.71201,0.738989,35.7698,13582,4,2,134242336
tiledb,node,65536,0,warm,window_65536,8192,,,128,2,71.3341569644399,0,0,0,0.429761477,32768,30757,,0.938629150390625,,1.06538348993725,,,,,,27096,8,33838592,6858797056,0.194547,0.093069,0.035609,0.00921,0.00851,32.247065,0.00818,0.0,0.0,0.268476,0.779918,22.355944,0.0,0.116519,0.048669,38.236945,0.01795,8192,7675,6759,1,61400,3929600,3929600,3.5907,1.62743,5.16105,12.9682,3.03718,0.542401,22.1277,6759,2,1,67121168
tiledb,node,65536,0,warm,window_65536,8192,,,128,3,74.48132999707013,0,0,0,0.49316450700000003,32768,30775,,0.939178466796875,,1.0647603574329814,,,,,,27218,8,33846784,6874787840,0.272226,0.076479,0.0359,0.00936,0.010579,72.998323,0.085929,0.0,0.0,0.504353,2.283705,52.393152,0.0,0.248886,0.049779,0.486512,0.01772,24576,23098,20430,1,184784,11826176,11826176,10.129100000000001,3.7411100000000004,15.0358,25.3677,9.67904,0.72275,51.5165,20430,6,3,201363504
tiledb,node,65536,0,warm,window_65536,8192,,,128,4,58.770026022102684,0,0,0,0.414137376,32768,30823,,0.940643310546875,,1.0631022288550758,,,,,,27323,8,25392640,6873174016,0.309246,0.092609,0.036669,0.00925,0.00911,57.419527,0.061109,0.0,0.0,0.419704,1.458218,40.672018,0.0,0.184987,0.049119,0.369544,0.01733,16384,15418,13660,1,123344,7894016,7894016,6.18808,2.69461,9.54464,22.976300000000002,6.6970600000000005,0.6241709999999999,40.334599999999995,13660,4,2,134242336
tiledb,node,65536,0,warm,window_65536,8192,,,128,5,73.74380104010925,0,0,0,0.458396382,32768,30803,,0.940032958984375,,1.0637924877447003,,,,,,27123,8,33853440,6881165312,0.275896,0.093418,0.03694,0.00922,0.00786,30.255435,0.009399,0.0,0.0,0.229767,0.795608,21.654304,0.0,0.102658,0.040649,42.622139,0.02206,8192,7692,6755,1,61536,3938304,3938304,2.76727,1.12399,4.2181,12.7787,3.44383,0.411764,21.1768,6755,2,1,67121168
tiledb,node,65536,0,warm,window_65536,8192,,,128,6,73.02228198386729,0,0,0,0.428893807,32768,30827,,0.940765380859375,,1.0629642845557465,,,,,,27278,8,33853440,6864789504,0.330515,0.090619,0.033549,0.00884,0.00603,31.608604,0.036079,0.0,0.0,0.27300599999999997,0.787888,22.64954,0.0,0.099989,0.040429,40.613089,0.01547,8192,7716,6798,1,61728,3950592,3950592,3.70055,1.63817,5.3351500000000005,13.1585,3.03331,0.497033,22.4209,6798,2,1,67121168
tiledb,node,65536,0,warm,window_65536,8192,,,128,7,52.72867699386552,0,0,0,0.366280226,32768,30720,,0.9375,,1.0666666666666667,,,,,,27171,8,25381888,6864547840,0.302276,0.093119,0.036199,0.00866,0.00891,51.423657,0.01464,0.0,0.0,0.340525,1.539477,36.940344,0.0,0.184607,0.049759,0.365874,0.01739,16384,15397,13609,1,123176,7883264,7883264,5.91041,3.08153,9.3858,20.165200000000002,5.67302,0.468643,36.1671,13609,4,2,134242336
tiledb,node,65536,0,warm,window_65536,8192,,,128,8,53.57795400777832,0,0,0,0.370425689,32768,30797,,0.939849853515625,,1.0639997402344383,,,,,,27099,8,25385472,6848442368,0.196147,0.093059,0.037079,0.00922,0.00908,52.327073,0.01476,0.0,0.0,0.333394,1.542037,37.340419,0.0,0.181677,0.0483,0.324835,0.01821,16384,15404,13582,1,123232,7886848,7886848,5.23777,2.5244999999999997,8.99523,19.6159,6.63847,0.60752,36.3496,13582,4,2,134242336
tiledb,node,65536,0,warm,window_65536,8192,,,128,9,53.4773159888573,0,0,0,0.347798612,32768,30842,,0.94122314453125,,1.0624473121068672,,,,,,27185,8,25407488,6848401408,0.197677,0.093228,0.03632,0.01014,0.00919,52.175225,0.014919,0.0,0.0,0.334275,1.604896,36.646269,0.0,0.184657,0.04989,0.376044,0.01847,16384,15447,13599,1,123576,7908864,7908864,5.09975,2.4623399999999998,8.80709,19.0027,6.553190000000001,0.70514,35.6319,13599,4,2,134242336
tiledb,node,65536,0,warm,window_65536,65536,,,128,0,75.41662600124255,0,0,0,0.554510297,262144,165856,,0.6326904296875,,1.580551803974532,,,,,,61164,8,182471680,6929375232,0.303076,0.090069,0.038489,0.01054,0.01958,71.071891,0.306935,0.0,0.0,0.69206,3.541617,47.767871,0.0,0.791698,0.166538,2.610611,0.030689,131072,82875,30552,1,663000,42432000,42432000,11.2889,4.4539100000000005,18.095,19.774900000000002,6.56946,1.67896,47.0563,30552,4,2,134242336
tiledb,node,65536,0,warm,window_65536,65536,,,128,1,73.03167198551819,0,0,0,0.49462516300000003,262144,165959,,0.6330833435058594,,1.579570857862484,,,,,,60814,8,182480384,6898192384,0.346525,0.093078,0.03732,0.00919,0.018989,68.940834,0.070879,0.0,0.0,0.6424110000000001,3.597145,48.885545,0.0,0.791019,0.096108,2.397893,0.02946,131072,82998,30457,1,663984,42494976,42494976,10.3931,6.0080100000000005,17.6866,19.795,6.5528699999999995,2.3229499999999996,47.2545,30457,4,2,134242336
tiledb,node,65536,0,warm,window_65536,65536,,,128,2,71.56092399964109,0,0,0,0.489321194,262144,165848,,0.632659912109375,,1.580628044956828,,,,,,60850,8,182387712,6897393664,0.276675,0.093049,0.037519,0.01024,0.01899,67.500395,0.066889,0.0,0.0,0.647501,3.645855,47.87166,0.0,0.788798,0.094839,2.370264,0.03034,131072,82817,30510,1,662536,42402304,42402304,10.175099999999999,5.62409,17.8574,19.342000000000002,6.63033,1.73719,46.444199999999995,30510,4,2,134242336
tiledb,node,65536,0,warm,window_65536,65536,,,128,3,46.28045397112146,0,0,0,0.378002923,262144,166012,,0.6332855224609375,,1.5790665735007108,,,,,,60943,8,125132800,6879191040,0.7088,0.083258,0.03858,0.01115,0.013189,39.27344,0.03342,0.0,0.0,0.350395,1.760933,27.203391,0.0,0.415413,0.06145,5.31323,0.02717,65536,41538,15241,1,332304,21267456,21267456,4.62557,2.1219300000000003,7.74649,12.8658,3.10324,1.93914,26.1587,15241,2,1,67121168
tiledb,node,65536,0,warm,window_65536,65536,,,128,4,66.65109802270308,0,0,0,0.45109815,262144,165653,,0.6319160461425781,,1.5824886962505962,,,,,,61016,8,182405120,6898176000,0.262626,0.090019,0.037969,0.01028,0.01943,62.629598,0.148918,0.0,0.0,0.640771,3.371449,43.248249,0.0,0.789538,0.089859,2.369835,0.029949,131072,82851,30470,1,662808,42419712,42419712,11.9461,5.1636,19.679499999999997,13.9152,5.8040899999999995,1.8996,42.52269999999999,30470,4,2,134242336
tiledb,node,65536,0,warm,window_65536,65536,,,128,5,76.62944798357785,0,0,0,0.489150338,262144,165510,,0.6313705444335938,,1.5838559603649327,,,,,,61220,8,182405632,6897745920,0.249636,0.090328,0.03859,0.01109,0.019419,72.635718,0.067639,0.0,0.0,0.6575300000000001,3.639005,51.324448,0.0,0.788488,0.092189,2.334435,0.03047,131072,82852,30543,1,662816,42420224,42420224,8.36195,3.9524900000000005,15.008199999999999,24.4591,6.50926,2.559,49.344100000000005,30543,4,2,134242336
tiledb,node,65536,0,warm,window_65536,65536,,,128,6,71.83640997391194,0,0,0,0.479771856,262144,165794,,0.6324539184570312,,1.581142864036093,,,,,,61155,8,182440448,6898462720,0.249637,0.089739,0.038369,0.01035,0.01956,67.85545,0.138118,0.0,0.0,0.69477,3.279441,48.290663,0.0,0.789518,0.092568,2.316495,0.029649,131072,82920,30640,1,663360,42455040,42455040,10.7782,4.45493,18.1646,20.4758,5.670599999999999,2.07838,47.197,30640,4,2,134242336
tiledb,node,65536,0,warm,window_65536,65536,,,128,7,76.8616939894855,0,0,0,0.573856352,262144,165392,,0.63092041015625,,1.5849859727193576,,,,,,60775,8,182423552,6934441984,0.216057,0.088759,0.034949,0.01142,0.01716,72.914804,0.150338,0.0,0.0,0.6544099999999999,3.376149,52.397933,0.0,0.786728,0.090358,2.329825,0.030299,131072,82505,30426,1,660040,42242560,42242560,13.2678,6.6109,21.2438,20.5915,6.42918,2.4056699999999998,51.61000000000001,30426,4,2,134242336
tiledb,node,65536,0,warm,window_65536,65536,,,128,8,67.44380603777245,0,0,0,0.445266496,262144,165709,,0.6321296691894531,,1.5819539071504867,,,,,,60901,8,182407680,6916218880,0.219537,0.082638,0.03784,0.01077,0.012999,39.889661,0.03432,0.0,0.0,0.36051500000000003,1.826352,26.202416,0.0,0.419073,0.058869,26.344244,0.030579,65536,41383,15227,1,331064,21188096,21188096,6.0955,2.89454,9.581320000000002,10.057,3.29771,2.09453,25.7426,15227,2,2,67121168
tiledb,node,65536,0,warm,window_65536,65536,,,128,9,97.75437001371756,0,0,0,0.626990533,262144,165707,,0.6321220397949219,,1.5819730005370927,,,,,,61063,8,239806976,6939283456,0.291496,0.093648,0.03625,0.0129,0.023379,92.725806,0.198587,0.0,0.0,1.1960819999999999,5.29829,63.122521,0.0,1.158852,0.140438,2.890476,0.03157,196608,124308,45789,1,994464,63645696,63645696,20.8288,7.842790000000001,32.9198,15.2266,10.3003,2.28381,61.8923,45789,6,3,201363504
