backend,array_layout,tile_extent_rows,query_chunk_rows,cache_mode,pattern,batch_size,overlap_case,overlap_placement,width,sample,latency_ms,process_read_bytes,device_read_bytes,measured_read_bytes,cpu_seconds,requested_rows,unique_rows,node_unique_rows,within_rank_unique_row_fraction,node_unique_row_fraction,within_rank_repetition,requesting_ranks_per_unique_row,owner_unique_rows_mean,owner_unique_rows_max,owner_unique_max_to_mean,owner_unique_counts,contiguous_ranges,estimated_tiles_touched,cuda_peak_temporary_bytes,rss_bytes_after,id_routing_ms,gpu_sort_ms,gpu_deduplicate_ms,staging_allocation_ms,indices_d2h_ms,tiledb_read_ms,id_decode_ms,id_sort_ms,id_deduplicate_ms,query_setup_ms,range_build_ms,query_submit_ms,cpu_reorder_ms,rows_h2d_ms,gpu_expand_ms,embedding_exchange_ms,output_reorder_ms,storage_requested_rows,storage_unique_rows,storage_range_count,storage_query_count,index_bytes,raw_staging_bytes,output_bytes,tile_overlap_planning_ms,relevant_tile_overlap_ms,partition_planning_ms,internal_tile_read_ms,internal_unfilter_ms,internal_copy_ms,internal_reader_work_ms,tiledb_ranges_requested,tiledb_tiles_read,tiledb_vfs_read_ops,tiledb_vfs_read_bytes
cpu,none,,0,resident,random,1024,,,2048,0,0.8420580415986478,0,0,0,0.00436851,4096,4095,,0.999755859375,,1.0002442002442002,,,,,,4095,,25330688,143548674048,0.0,0.0,0.0,0.0,0.0,0.0,0.0,0.0,0.0,0.0,0.0,0.0,0.0,0.0,0.0,0.0,0.0,0,0,0,0,0,0,0,,,,,,,,,,,
cpu,none,,0,resident,random,1024,,,2048,1,0.6821500137448311,0,0,0,0.00301644,4096,4096,,1.0,,1.0,,,,,,4096,,25297920,143556870144,0.0,0.0,0.0,0.0,0.0,0.0,0.0,0.0,0.0,0.0,0.0,0.0,0.0,0.0,0.0,0.0,0.0,0,0,0,0,0,0,0,,,,,,,,,,,
cpu,none,,0,resident,random,1024,,,2048,2,0.6681599770672619,0,0,0,0.0028975900000000002,4096,4095,,0.999755859375,,1.0002442002442002,,,,,,4095,,25502720,143557038080,0.0,0.0,0.0,0.0,0.0,0.0,0.0,0.0,0.0,0.0,0.0,0.0,0.0,0.0,0.0,0.0,0.0,0,0,0,0,0,0,0,,,,,,,,,,,
cpu,none,,0,resident,random,1024,,,2048,3,0.7040500058792531,0,0,0,0.003002384,4096,4096,,1.0,,1.0,,,,,,4096,,25232384,143557165056,0.0,0.0,0.0,0.0,0.0,0.0,0.0,0.0,0.0,0.0,0.0,0.0,0.0,0.0,0.0,0.0,0.0,0,0,0,0,0,0,0,,,,,,,,,,,
cpu,none,,0,resident,random,1024,,,2048,4,2.125997969415039,0,0,0,0.008176924,4096,4096,,1.0,,1.0,,,,,,4096,,25347072,143557165056,0.0,0.0,0.0,0.0,0.0,0.0,0.0,0.0,0.0,0.0,0.0,0.0,0.0,0.0,0.0,0.0,0.0,0,0,0,0,0,0,0,,,,,,,,,,,
cpu,none,,0,resident,random,1024,,,2048,5,0.6975900032557547,0,0,0,0.00294744,4096,4096,,1.0,,1.0,,,,,,4096,,25428992,143557189632,0.0,0.0,0.0,0.0,0.0,0.0,0.0,0.0,0.0,0.0,0.0,0.0,0.0,0.0,0.0,0.0,0.0,0,0,0,0,0,0,0,,,,,,,,,,,
cpu,none,,0,resident,random,1024,,,2048,6,0.618770020082593,0,0,0,0.00267449,4096,4096,,1.0,,1.0,,,,,,4096,,25437184,143557279744,0.0,0.0,0.0,0.0,0.0,0.0,0.0,0.0,0.0,0.0,0.0,0.0,0.0,0.0,0.0,0.0,0.0,0,0,0,0,0,0,0,,,,,,,,,,,
cpu,none,,0,resident,random,1024,,,2048,7,0.7539389771409333,0,0,0,0.003203094,4096,4096,,1.0,,1.0,,,,,,4095,,25379840,143557431296,0.0,0.0,0.0,0.0,0.0,0.0,0.0,0.0,0.0,0.0,0.0,0.0,0.0,0.0,0.0,0.0,0.0,0,0,0,0,0,0,0,,,,,,,,,,,
cpu,none,,0,resident,random,1024,,,2048,8,0.7656989619135857,0,0,0,0.00321943,4096,4096,,1.0,,1.0,,,,,,4096,,25551872,143557595136,0.0,0.0,0.0,0.0,0.0,0.0,0.0,0.0,0.0,0.0,0.0,0.0,0.0,0.0,0.0,0.0,0.0,0,0,0,0,0,0,0,,,,,,,,,,,
cpu,none,,0,resident,random,1024,,,2048,9,0.6038410356268287,0,0,0,0.0028412999999999997,4096,4096,,1.0,,1.0,,,,,,4096,,25576448,143557599232,0.0,0.0,0.0,0.0,0.0,0.0,0.0,0.0,0.0,0.0,0.0,0.0,0.0,0.0,0.0,0.0,0.0,0,0,0,0,0,0,0,,,,,,,,,,,
cpu,none,,0,resident,random,8192,,,2048,0,3.4225789713673294,0,0,0,0.013653354,32768,32755,,0.999603271484375,,1.0003968859716075,,,,,,32736,,201950208,143557939200,0.0,0.0,0.0,0.0,0.0,0.0,0.0,0.0,0.0,0.0,0.0,0.0,0.0,0.0,0.0,0.0,0.0,0,0,0,0,0,0,0,,,,,,,,,,,
cpu,none,,0,resident,random,8192,,,2048,1,3.6335859913378954,0,0,0,0.014448394,32768,32756,,0.9996337890625,,1.0003663450970814,,,,,,32741,,202311168,143558778880,0.0,0.0,0.0,0.0,0.0,0.0,0.0,0.0,0.0,0.0,0.0,0.0,0.0,0.0,0.0,0.0,0.0,0,0,0,0,0,0,0,,,,,,,,,,,
cpu,none,,0,resident,random,8192,,,2048,2,3.444759000558406,0,0,0,0.013896514,32768,32755,,0.999603271484375,,1.0003968859716075,,,,,,32742,,202458624,143558832128,0.0,0.0,0.0,0.0,0.0,0.0,0.0,0.0,0.0,0.0,0.0,0.0,0.0,0.0,0.0,0.0,0.0,0,0,0,0,0,0,0,,,,,,,,,,,
cpu,none,,0,resident,random,8192,,,2048,3,3.3178910380229354,0,0,0,0.013335384,32768,32764,,0.9998779296875,,1.0001220852154804,,,,,,32746,,202311168,143558922240,0.0,0.0,0.0,0.0,0.0,0.0,0.0,0.0,0.0,0.0,0.0,0.0,0.0,0.0,0.0,0.0,0.0,0,0,0,0,0,0,0,,,,,,,,,,,
cpu,none,,0,resident,random,8192,,,2048,4,3.3268400002270937,0,0,0,0.013379433999999999,32768,32757,,0.999664306640625,,1.0003358060872485,,,,,,32746,,201876480,143559028736,0.0,0.0,0.0,0.0,0.0,0.0,0.0,0.0,0.0,0.0,0.0,0.0,0.0,0.0,0.0,0.0,0.0,0,0,0,0,0,0,0,,,,,,,,,,,
cpu,none,,0,resident,random,8192,,,2048,5,3.288131032604724,0,0,0,0.013333643999999999,32768,32755,,0.999603271484375,,1.0003968859716075,,,,,,32745,,202040832,143559196672,0.0,0.0,0.0,0.0,0.0,0.0,0.0,0.0,0.0,0.0,0.0,0.0,0.0,0.0,0.0,0.0,0.0,0,0,0,0,0,0,0,,,,,,,,,,,
cpu,none,,0,resident,random,8192,,,2048,6,3.2862109947018325,0,0,0,0.013186844,32768,32761,,0.999786376953125,,1.0002136686914318,,,,,,32749,,202458624,143559278592,0.0,0.0,0.0,0.0,0.0,0.0,0.0,0.0,0.0,0.0,0.0,0.0,0.0,0.0,0.0,0.0,0.0,0,0,0,0,0,0,0,,,,,,,,,,,
cpu,none,,0,resident,random,8192,,,2048,7,3.4780679852701724,0,0,0,0.014207018,32768,32759,,0.999725341796875,,1.0002747336609787,,,,,,32739,,202106368,143559282688,0.0,0.0,0.0,0.0,0.0,0.0,0.0,0.0,0.0,0.0,0.0,0.0,0.0,0.0,0.0,0.0,0.0,0,0,0,0,0,0,0,,,,,,,,,,,
cpu,none,,0,resident,random,8192,,,2048,8,3.350690007209778,0,0,0,0.013641804,32768,32760,,0.999755859375,,1.0002442002442002,,,,,,32742,,202212864,143559282688,0.0,0.0,0.0,0.0,0.0,0.0,0.0,0.0,0.0,0.0,0.0,0.0,0.0,0.0,0.0,0.0,0.0,0,0,0,0,0,0,0,,,,,,,,,,,
cpu,none,,0,resident,random,8192,,,2048,9,3.4311990020796657,0,0,0,0.013611134,32768,32763,,0.999847412109375,,1.0001526111772425,,,,,,32736,,202286592,143559282688,0.0,0.0,0.0,0.0,0.0,0.0,0.0,0.0,0.0,0.0,0.0,0.0,0.0,0.0,0.0,0.0,0.0,0,0,0,0,0,0,0,,,,,,,,,,,
cpu,none,,0,resident,random,65536,,,2048,0,23.158844967838377,0,0,0,0.092912408,262144,261627,,0.9980278015136719,,1.0019760957393542,,,,,,260583,,1614425600,143559413760,0.0,0.0,0.0,0.0,0.0,0.0,0.0,0.0,0.0,0.0,0.0,0.0,0.0,0.0,0.0,0.0,0.0,0,0,0,0,0,0,0,,,,,,,,,,,
cpu,none,,0,resident,random,65536,,,2048,1,23.528809018898755,0,0,0,0.094202638,262144,261609,,0.9979591369628906,,1.0020450366768727,,,,,,260581,,1614802432,143574552576,0.0,0.0,0.0,0.0,0.0,0.0,0.0,0.0,0.0,0.0,0.0,0.0,0.0,0.0,0.0,0.0,0.0,0,0,0,0,0,0,0,,,,,,,,,,,
cpu,none,,0,resident,random,65536,,,2048,2,23.112675989978015,0,0,0,0.092765051,262144,261642,,0.9980850219726562,,1.0019186522041568,,,,,,260678,,1614097408,143574589440,0.0,0.0,0.0,0.0,0.0,0.0,0.0,0.0,0.0,0.0,0.0,0.0,0.0,0.0,0.0,0.0,0.0,0,0,0,0,0,0,0,,,,,,,,,,,
cpu,none,,0,resident,random,65536,,,2048,3,23.207824036944658,0,0,0,0.092896928,262144,261637,,0.9980659484863281,,1.0019377993173748,,,,,,260688,,1615859712,143574618112,0.0,0.0,0.0,0.0,0.0,0.0,0.0,0.0,0.0,0.0,0.0,0.0,0.0,0.0,0.0,0.0,0.0,0,0,0,0,0,0,0,,,,,,,,,,,
cpu,none,,0,resident,random,65536,,,2048,4,23.380402009934187,0,0,0,0.093377408,262144,261619,,0.9979972839355469,,1.0020067349848443,,,,,,260580,,1613761024,143574769664,0.0,0.0,0.0,0.0,0.0,0.0,0.0,0.0,0.0,0.0,0.0,0.0,0.0,0.0,0.0,0.0,0.0,0,0,0,0,0,0,0,,,,,,,,,,,
cpu,none,,0,resident,random,65536,,,2048,5,23.131375026423484,0,0,0,0.092450598,262144,261647,,0.9981040954589844,,1.0018995058227307,,,,,,260634,,1612539392,143574888448,0.0,0.0,0.0,0.0,0.0,0.0,0.0,0.0,0.0,0.0,0.0,0.0,0.0,0.0,0.0,0.0,0.0,0,0,0,0,0,0,0,,,,,,,,,,,
cpu,none,,0,resident,random,65536,,,2048,6,23.295633029192686,0,0,0,0.093015688,262144,261607,,0.9979515075683594,,1.0020526973666606,,,,,,260609,,1613761024,143574888448,0.0,0.0,0.0,0.0,0.0,0.0,0.0,0.0,0.0,0.0,0.0,0.0,0.0,0.0,0.0,0.0,0.0,0,0,0,0,0,0,0,,,,,,,,,,,
cpu,none,,0,resident,random,65536,,,2048,7,23.286443029064685,0,0,0,0.093499358,262144,261597,,0.9979133605957031,,1.0020910025726595,,,,,,260572,,1613760512,143574888448,0.0,0.0,0.0,0.0,0.0,0.0,0.0,0.0,0.0,0.0,0.0,0.0,0.0,0.0,0.0,0.0,0.0,0,0,0,0,0,0,0,,,,,,,,,,,
cpu,none,,0,resident,random,65536,,,2048,8,23.12855498166755,0,0,0,0.092467618,262144,261629,,0.9980354309082031,,1.0019684362207553,,,,,,260622,,1614138368,143574888448,0.0,0.0,0.0,0.0,0.0,0.0,0.0,0.0,0.0,0.0,0.0,0.0,0.0,0.0,0.0,0.0,0.0,0,0,0,0,0,0,0,,,,,,,,,,,
cpu,none,,0,resident,random,65536,,,2048,9,23.098605044651777,0,0,0,0.09243884799999999,262144,261633,,0.9980506896972656,,1.0019531175348675,,,,,,260582,,1613794304,143574888448,0.0,0.0,0.0,0.0,0.0,0.0,0.0,0.0,0.0,0.0,0.0,0.0,0.0,0.0,0.0,0.0,0.0,0,0,0,0,0,0,0,,,,,,,,,,,
cpu,none,,0,resident,window_256,1024,,,2048,0,0.765878998208791,0,0,0,0.00306289,4096,1002,,0.24462890625,,4.087824351297405,,,,,,25,,41976320,143575121920,0.0,0.0,0.0,0.0,0.0,0.0,0.0,0.0,0.0,0.0,0.0,0.0,0.0,0.0,0.0,0.0,0.0,0,0,0,0,0,0,0,,,,,,,,,,,
cpu,none,,0,resident,window_256,1024,,,2048,1,0.6888800417073071,0,0,0,0.00271761,4096,1009,,0.246337890625,,4.059464816650149,,,,,,18,,33579520,143575146496,0.0,0.0,0.0,0.0,0.0,0.0,0.0,0.0,0.0,0.0,0.0,0.0,0.0,0.0,0.0,0.0,0.0,0,0,0,0,0,0,0,,,,,,,,,,,
cpu,none,,0,resident,window_256,1024,,,2048,2,0.703970028553158,0,0,0,0.0025325,4096,1007,,0.245849609375,,4.067527308838133,,,,,,20,,25182720,143575146496,0.0,0.0,0.0,0.0,0.0,0.0,0.0,0.0,0.0,0.0,0.0,0.0,0.0,0.0,0.0,0.0,0.0,0,0,0,0,0,0,0,,,,,,,,,,,
cpu,none,,0,resident,window_256,1024,,,2048,3,1.0333050158806145,0,0,0,0.003766584,4096,1010,,0.24658203125,,4.0554455445544555,,,,,,18,,33579520,143575150592,0.0,0.0,0.0,0.0,0.0,0.0,0.0,0.0,0.0,0.0,0.0,0.0,0.0,0.0,0.0,0.0,0.0,0,0,0,0,0,0,0,,,,,,,,,,,
cpu,none,,0,resident,window_256,1024,,,2048,4,0.6699999794363976,0,0,0,0.00249622,4096,1007,,0.245849609375,,4.067527308838133,,,,,,20,,33579520,143575166976,0.0,0.0,0.0,0.0,0.0,0.0,0.0,0.0,0.0,0.0,0.0,0.0,0.0,0.0,0.0,0.0,0.0,0,0,0,0,0,0,0,,,,,,,,,,,
cpu,none,,0,resident,window_256,1024,,,2048,5,0.9850549977272749,0,0,0,0.00362986,4096,1009,,0.246337890625,,4.059464816650149,,,,,,19,,33579520,143575273472,0.0,0.0,0.0,0.0,0.0,0.0,0.0,0.0,0.0,0.0,0.0,0.0,0.0,0.0,0.0,0.0,0.0,0,0,0,0,0,0,0,,,,,,,,,,,
cpu,none,,0,resident,window_256,1024,,,2048,6,0.8288969984278083,0,0,0,0.003985034,4096,1006,,0.24560546875,,4.071570576540755,,,,,,22,,33579520,143575318528,0.0,0.0,0.0,0.0,0.0,0.0,0.0,0.0,0.0,0.0,0.0,0.0,0.0,0.0,0.0,0.0,0.0,0,0,0,0,0,0,0,,,,,,,,,,,
cpu,none,,0,resident,window_256,1024,,,2048,7,0.8973769727163017,0,0,0,0.00339265,4096,1012,,0.2470703125,,4.047430830039525,,,,,,16,,41976320,143575318528,0.0,0.0,0.0,0.0,0.0,0.0,0.0,0.0,0.0,0.0,0.0,0.0,0.0,0.0,0.0,0.0,0.0,0,0,0,0,0,0,0,,,,,,,,,,,
cpu,none,,0,resident,window_256,1024,,,2048,8,0.7470089476555586,0,0,0,0.002893303,4096,1008,,0.24609375,,4.063492063492063,,,,,,19,,41976320,143575318528,0.0,0.0,0.0,0.0,0.0,0.0,0.0,0.0,0.0,0.0,0.0,0.0,0.0,0.0,0.0,0.0,0.0,0,0,0,0,0,0,0,,,,,,,,,,,
cpu,none,,0,resident,window_256,1024,,,2048,9,0.7114700274541974,0,0,0,0.00279974,4096,1006,,0.24560546875,,4.071570576540755,,,,,,22,,33579520,143575318528,0.0,0.0,0.0,0.0,0.0,0.0,0.0,0.0,0.0,0.0,0.0,0.0,0.0,0.0,0.0,0.0,0.0,0,0,0,0,0,0,0,,,,,,,,,,,
cpu,none,,0,resident,window_256,8192,,,2048,0,3.9499509730376303,0,0,0,0.013992685999999999,32768,1024,,0.03125,,32.0,,,,,,4,,268632576,143575588864,0.0,0.0,0.0,0.0,0.0,0.0,0.0,0.0,0.0,0.0,0.0,0.0,0.0,0.0,0.0,0.0,0.0,0,0,0,0,0,0,0,,,,,,,,,,,
cpu,none,,0,resident,window_256,8192,,,2048,1,4.460423020645976,0,0,0,0.017558024,32768,1024,,0.03125,,32.0,,,,,,4,,268632576,143575588864,0.0,0.0,0.0,0.0,0.0,0.0,0.0,0.0,0.0,0.0,0.0,0.0,0.0,0.0,0.0,0.0,0.0,0,0,0,0,0,0,0,,,,,,,,,,,
cpu,none,,0,resident,window_256,8192,,,2048,2,3.410710021853447,0,0,0,0.010504164,32768,1024,,0.03125,,32.0,,,,,,4,,268632576,143575605248,0.0,0.0,0.0,0.0,0.0,0.0,0.0,0.0,0.0,0.0,0.0,0.0,0.0,0.0,0.0,0.0,0.0,0,0,0,0,0,0,0,,,,,,,,,,,
cpu,none,,0,resident,window_256,8192,,,2048,3,5.294030997902155,0,0,0,0.016716692000000002,32768,1024,,0.03125,,32.0,,,,,,4,,268632576,143575621632,0.0,0.0,0.0,0.0,0.0,0.0,0.0,0.0,0.0,0.0,0.0,0.0,0.0,0.0,0.0,0.0,0.0,0,0,0,0,0,0,0,,,,,,,,,,,
cpu,none,,0,resident,window_256,8192,,,2048,4,4.386404005344957,0,0,0,0.016093407,32768,1024,,0.03125,,32.0,,,,,,4,,268632576,143575621632,0.0,0.0,0.0,0.0,0.0,0.0,0.0,0.0,0.0,0.0,0.0,0.0,0.0,0.0,0.0,0.0,0.0,0,0,0,0,0,0,0,,,,,,,,,,,
cpu,none,,0,resident,window_256,8192,,,2048,5,5.460358981508762,0,0,0,0.016396765,32768,1024,,0.03125,,32.0,,,,,,4,,268632576,143575621632,0.0,0.0,0.0,0.0,0.0,0.0,0.0,0.0,0.0,0.0,0.0,0.0,0.0,0.0,0.0,0.0,0.0,0,0,0,0,0,0,0,,,,,,,,,,,
cpu,none,,0,resident,window_256,8192,,,2048,6,4.704279999714345,0,0,0,0.016059113,32768,1024,,0.03125,,32.0,,,,,,4,,335806976,143575621632,0.0,0.0,0.0,0.0,0.0,0.0,0.0,0.0,0.0,0.0,0.0,0.0,0.0,0.0,0.0,0.0,0.0,0,0,0,0,0,0,0,,,,,,,,,,,
cpu,none,,0,resident,window_256,8192,,,2048,7,6.776899041142315,0,0,0,0.024594129,32768,1024,,0.03125,,32.0,,,,,,4,,335806976,143575621632,0.0,0.0,0.0,0.0,0.0,0.0,0.0,0.0,0.0,0.0,0.0,0.0,0.0,0.0,0.0,0.0,0.0,0,0,0,0,0,0,0,,,,,,,,,,,
cpu,none,,0,resident,window_256,8192,,,2048,8,4.433194000739604,0,0,0,0.017520703999999998,32768,1024,,0.03125,,32.0,,,,,,4,,268632576,143575621632,0.0,0.0,0.0,0.0,0.0,0.0,0.0,0.0,0.0,0.0,0.0,0.0,0.0,0.0,0.0,0.0,0.0,0,0,0,0,0,0,0,,,,,,,,,,,
cpu,none,,0,resident,window_256,8192,,,2048,9,3.9867099840193987,0,0,0,0.015958474,32768,1024,,0.03125,,32.0,,,,,,4,,201458176,143575621632,0.0,0.0,0.0,0.0,0.0,0.0,0.0,0.0,0.0,0.0,0.0,0.0,0.0,0.0,0.0,0.0,0.0,0,0,0,0,0,0,0,,,,,,,,,,,
cpu,none,,0,resident,window_256,65536,,,2048,0,48.117632046341896,0,0,0,0.189172619,262144,1024,,0.00390625,,256.0,,,,,,4,,3223847424,143575990272,0.0,0.0,0.0,0.0,0.0,0.0,0.0,0.0,0.0,0.0,0.0,0.0,0.0,0.0,0.0,0.0,0.0,0,0,0,0,0,0,0,,,,,,,,,,,
cpu,none,,0,resident,window_256,65536,,,2048,1,35.89633398223668,0,0,0,0.12696319,262144,1024,,0.00390625,,256.0,,,,,,4,,2149057024,143575990272,0.0,0.0,0.0,0.0,0.0,0.0,0.0,0.0,0.0,0.0,0.0,0.0,0.0,0.0,0.0,0.0,0.0,0,0,0,0,0,0,0,,,,,,,,,,,
cpu,none,,0,resident,window_256,65536,,,2048,2,43.837345961946994,0,0,0,0.138372861,262144,1024,,0.00390625,,256.0,,,,,,4,,2149057024,143575990272,0.0,0.0,0.0,0.0,0.0,0.0,0.0,0.0,0.0,0.0,0.0,0.0,0.0,0.0,0.0,0.0,0.0,0,0,0,0,0,0,0,,,,,,,,,,,
cpu,none,,0,resident,window_256,65536,,,2048,3,44.31516904151067,0,0,0,0.148869924,262144,1024,,0.00390625,,256.0,,,,,,4,,2149057024,143575990272,0.0,0.0,0.0,0.0,0.0,0.0,0.0,0.0,0.0,0.0,0.0,0.0,0.0,0.0,0.0,0.0,0.0,0,0,0,0,0,0,0,,,,,,,,,,,
cpu,none,,0,resident,window_256,65536,,,2048,4,37.83681499771774,0,0,0,0.146025456,262144,1024,,0.00390625,,256.0,,,,,,4,,2149057024,143575990272,0.0,0.0,0.0,0.0,0.0,0.0,0.0,0.0,0.0,0.0,0.0,0.0,0.0,0.0,0.0,0.0,0.0,0,0,0,0,0,0,0,,,,,,,,,,,
cpu,none,,0,resident,window_256,65536,,,2048,5,32.94303803704679,0,0,0,0.114002105,262144,1024,,0.00390625,,256.0,,,,,,4,,2149057024,143575990272,0.0,0.0,0.0,0.0,0.0,0.0,0.0,0.0,0.0,0.0,0.0,0.0,0.0,0.0,0.0,0.0,0.0,0,0,0,0,0,0,0,,,,,,,,,,,
cpu,none,,0,resident,window_256,65536,,,2048,6,45.37944297771901,0,0,0,0.13512359100000002,262144,1024,,0.00390625,,256.0,,,,,,4,,2149057024,143575990272,0.0,0.0,0.0,0.0,0.0,0.0,0.0,0.0,0.0,0.0,0.0,0.0,0.0,0.0,0.0,0.0,0.0,0,0,0,0,0,0,0,,,,,,,,,,,
cpu,none,,0,resident,window_256,65536,,,2048,7,45.76459695817903,0,0,0,0.143352537,262144,1024,,0.00390625,,256.0,,,,,,4,,2149057024,143575990272,0.0,0.0,0.0,0.0,0.0,0.0,0.0,0.0,0.0,0.0,0.0,0.0,0.0,0.0,0.0,0.0,0.0,0,0,0,0,0,0,0,,,,,,,,,,,
cpu,none,,0,resident,window_256,65536,,,2048,8,30.133359949104488,0,0,0,0.119897108,262144,1024,,0.00390625,,256.0,,,,,,4,,2149057024,143575990272,0.0,0.0,0.0,0.0,0.0,0.0,0.0,0.0,0.0,0.0,0.0,0.0,0.0,0.0,0.0,0.0,0.0,0,0,0,0,0,0,0,,,,,,,,,,,
cpu,none,,0,resident,window_256,65536,,,2048,9,32.41680597420782,0,0,0,0.1285803,262144,1024,,0.00390625,,256.0,,,,,,4,,2149057024,143575994368,0.0,0.0,0.0,0.0,0.0,0.0,0.0,0.0,0.0,0.0,0.0,0.0,0.0,0.0,0.0,0.0,0.0,0,0,0,0,0,0,0,,,,,,,,,,,
cpu,none,,0,resident,window_4096,1024,,,2048,0,0.8718569879420102,0,0,0,0.00316101,4096,3596,,0.8779296875,,1.139043381535039,,,,,,2785,,33579520,143576420352,0.0,0.0,0.0,0.0,0.0,0.0,0.0,0.0,0.0,0.0,0.0,0.0,0.0,0.0,0.0,0.0,0.0,0,0,0,0,0,0,0,,,,,,,,,,,
cpu,none,,0,resident,window_4096,1024,,,2048,1,1.1271829716861248,0,0,0,0.003850264,4096,3616,,0.8828125,,1.1327433628318584,,,,,,2840,,33579520,143576436736,0.0,0.0,0.0,0.0,0.0,0.0,0.0,0.0,0.0,0.0,0.0,0.0,0.0,0.0,0.0,0.0,0.0,0,0,0,0,0,0,0,,,,,,,,,,,
cpu,none,,0,resident,window_4096,1024,,,2048,2,0.820876972284168,0,0,0,0.00284974,4096,3608,,0.880859375,,1.1352549889135255,,,,,,2822,,33579520,143576440832,0.0,0.0,0.0,0.0,0.0,0.0,0.0,0.0,0.0,0.0,0.0,0.0,0.0,0.0,0.0,0.0,0.0,0,0,0,0,0,0,0,,,,,,,,,,,
cpu,none,,0,resident,window_4096,1024,,,2048,3,1.1952819768339396,0,0,0,0.004231973,4096,3621,,0.884033203125,,1.1311792322562828,,,,,,2839,,33579520,143576440832,0.0,0.0,0.0,0.0,0.0,0.0,0.0,0.0,0.0,0.0,0.0,0.0,0.0,0.0,0.0,0.0,0.0,0,0,0,0,0,0,0,,,,,,,,,,,
cpu,none,,0,resident,window_4096,1024,,,2048,4,1.0848039528355002,0,0,0,0.00393215,4096,3607,,0.880615234375,,1.1355697255336845,,,,,,2841,,41976320,143576440832,0.0,0.0,0.0,0.0,0.0,0.0,0.0,0.0,0.0,0.0,0.0,0.0,0.0,0.0,0.0,0.0,0.0,0,0,0,0,0,0,0,,,,,,,,,,,
cpu,none,,0,resident,window_4096,1024,,,2048,5,1.1702720075845718,0,0,0,0.004328152,4096,3641,,0.888916015625,,1.1249656687723153,,,,,,2810,,33579520,143576440832,0.0,0.0,0.0,0.0,0.0,0.0,0.0,0.0,0.0,0.0,0.0,0.0,0.0,0.0,0.0,0.0,0.0,0,0,0,0,0,0,0,,,,,,,,,,,
cpu,none,,0,resident,window_4096,1024,,,2048,6,1.0580150410532951,0,0,0,0.00372138,4096,3622,,0.88427734375,,1.1308669243511873,,,,,,2835,,33579520,143576444928,0.0,0.0,0.0,0.0,0.0,0.0,0.0,0.0,0.0,0.0,0.0,0.0,0.0,0.0,0.0,0.0,0.0,0,0,0,0,0,0,0,,,,,,,,,,,
cpu,none,,0,resident,window_4096,1024,,,2048,7,1.1145530152134597,0,0,0,0.00420142,4096,3640,,0.888671875,,1.1252747252747253,,,,,,2834,,41976320,143576444928,0.0,0.0,0.0,0.0,0.0,0.0,0.0,0.0,0.0,0.0,0.0,0.0,0.0,0.0,0.0,0.0,0.0,0,0,0,0,0,0,0,,,,,,,,,,,
cpu,none,,0,resident,window_4096,1024,,,2048,8,0.9169770055450499,0,0,0,0.00320324,4096,3636,,0.8876953125,,1.1265126512651265,,,,,,2812,,25182720,143576444928,0.0,0.0,0.0,0.0,0.0,0.0,0.0,0.0,0.0,0.0,0.0,0.0,0.0,0.0,0.0,0.0,0.0,0,0,0,0,0,0,0,,,,,,,,,,,
cpu,none,,0,resident,window_4096,1024,,,2048,9,1.0838640155270696,0,0,0,0.0036138299999999997,4096,3644,,0.8896484375,,1.12403951701427,,,,,,2842,,33579520,143576449024,0.0,0.0,0.0,0.0,0.0,0.0,0.0,0.0,0.0,0.0,0.0,0.0,0.0,0.0,0.0,0.0,0.0,0,0,0,0,0,0,0,,,,,,,,,,,
cpu,none,,0,resident,window_4096,8192,,,2048,0,4.3739849934354424,0,0,0,0.017451848,32768,14167,,0.432342529296875,,2.3129808710383286,,,,,,1951,,268632576,143576788992,0.0,0.0,0.0,0.0,0.0,0.0,0.0,0.0,0.0,0.0,0.0,0.0,0.0,0.0,0.0,0.0,0.0,0,0,0,0,0,0,0,,,,,,,,,,,
cpu,none,,0,resident,window_4096,8192,,,2048,1,4.567862022668123,0,0,0,0.017978264,32768,14213,,0.433746337890625,,2.3054949693942164,,,,,,1879,,268632576,143576788992,0.0,0.0,0.0,0.0,0.0,0.0,0.0,0.0,0.0,0.0,0.0,0.0,0.0,0.0,0.0,0.0,0.0,0,0,0,0,0,0,0,,,,,,,,,,,
cpu,none,,0,resident,window_4096,8192,,,2048,2,5.995860032271594,0,0,0,0.018160753,32768,14204,,0.4334716796875,,2.3069557871022246,,,,,,1906,,268632576,143576788992,0.0,0.0,0.0,0.0,0.0,0.0,0.0,0.0,0.0,0.0,0.0,0.0,0.0,0.0,0.0,0.0,0.0,0,0,0,0,0,0,0,,,,,,,,,,,
cpu,none,,0,resident,window_4096,8192,,,2048,3,6.195297988597304,0,0,0,0.018944585,32768,14142,,0.43157958984375,,2.317069721397256,,,,,,1925,,268632576,143576788992,0.0,0.0,0.0,0.0,0.0,0.0,0.0,0.0,0.0,0.0,0.0,0.0,0.0,0.0,0.0,0.0,0.0,0,0,0,0,0,0,0,,,,,,,,,,,
cpu,none,,0,resident,window_4096,8192,,,2048,4,3.3825599821284413,0,0,0,0.011030354,32768,14161,,0.432159423828125,,2.3139608784690346,,,,,,1941,,268632576,143576788992,0.0,0.0,0.0,0.0,0.0,0.0,0.0,0.0,0.0,0.0,0.0,0.0,0.0,0.0,0.0,0.0,0.0,0,0,0,0,0,0,0,,,,,,,,,,,
cpu,none,,0,resident,window_4096,8192,,,2048,5,4.804777971003205,0,0,0,0.016851706,32768,14159,,0.432098388671875,,2.3142877321844764,,,,,,1930,,201458176,143576788992,0.0,0.0,0.0,0.0,0.0,0.0,0.0,0.0,0.0,0.0,0.0,0.0,0.0,0.0,0.0,0.0,0.0,0,0,0,0,0,0,0,,,,,,,,,,,
cpu,none,,0,resident,window_4096,8192,,,2048,6,7.667205994948745,0,0,0,0.028170228,32768,14144,,0.431640625,,2.316742081447964,,,,,,1913,,335806976,143576788992,0.0,0.0,0.0,0.0,0.0,0.0,0.0,0.0,0.0,0.0,0.0,0.0,0.0,0.0,0.0,0.0,0.0,0,0,0,0,0,0,0,,,,,,,,,,,
cpu,none,,0,resident,window_4096,8192,,,2048,7,4.377104982268065,0,0,0,0.014474153,32768,14119,,0.430877685546875,,2.3208442524258093,,,,,,1959,,201458176,143576805376,0.0,0.0,0.0,0.0,0.0,0.0,0.0,0.0,0.0,0.0,0.0,0.0,0.0,0.0,0.0,0.0,0.0,0,0,0,0,0,0,0,,,,,,,,,,,
cpu,none,,0,resident,window_4096,8192,,,2048,8,3.403948969207704,0,0,0,0.011886464,32768,14169,,0.432403564453125,,2.312654386336368,,,,,,1899,,268632576,143576805376,0.0,0.0,0.0,0.0,0.0,0.0,0.0,0.0,0.0,0.0,0.0,0.0,0.0,0.0,0.0,0.0,0.0,0,0,0,0,0,0,0,,,,,,,,,,,
cpu,none,,0,resident,window_4096,8192,,,2048,9,6.0947589809075,0,0,0,0.021595615999999998,32768,14168,,0.432373046875,,2.312817617165443,,,,,,1908,,268632576,143576805376,0.0,0.0,0.0,0.0,0.0,0.0,0.0,0.0,0.0,0.0,0.0,0.0,0.0,0.0,0.0,0.0,0.0,0,0,0,0,0,0,0,,,,,,,,,,,
cpu,none,,0,resident,window_4096,65536,,,2048,0,39.738936990033835,0,0,0,0.13207614,262144,16384,,0.0625,,16.0,,,,,,4,,2149057024,143577145344,0.0,0.0,0.0,0.0,0.0,0.0,0.0,0.0,0.0,0.0,0.0,0.0,0.0,0.0,0.0,0.0,0.0,0,0,0,0,0,0,0,,,,,,,,,,,
cpu,none,,0,resident,window_4096,65536,,,2048,1,30.349227017723024,0,0,0,0.120379296,262144,16384,,0.0625,,16.0,,,,,,4,,1611661824,143577145344,0.0,0.0,0.0,0.0,0.0,0.0,0.0,0.0,0.0,0.0,0.0,0.0,0.0,0.0,0.0,0.0,0.0,0,0,0,0,0,0,0,,,,,,,,,,,
cpu,none,,0,resident,window_4096,65536,,,2048,2,38.46503602107987,0,0,0,0.130669001,262144,16384,,0.0625,,16.0,,,,,,4,,2149057024,143577145344,0.0,0.0,0.0,0.0,0.0,0.0,0.0,0.0,0.0,0.0,0.0,0.0,0.0,0.0,0.0,0.0,0.0,0,0,0,0,0,0,0,,,,,,,,,,,
cpu,none,,0,resident,window_4096,65536,,,2048,3,31.22364397859201,0,0,0,0.096064631,262144,16384,,0.0625,,16.0,,,,,,4,,2149057024,143577145344,0.0,0.0,0.0,0.0,0.0,0.0,0.0,0.0,0.0,0.0,0.0,0.0,0.0,0.0,0.0,0.0,0.0,0,0,0,0,0,0,0,,,,,,,,,,,
cpu,none,,0,resident,window_4096,65536,,,2048,4,40.579454973340034,0,0,0,0.13496708400000001,262144,16384,,0.0625,,16.0,,,,,,4,,2149057024,143577145344,0.0,0.0,0.0,0.0,0.0,0.0,0.0,0.0,0.0,0.0,0.0,0.0,0.0,0.0,0.0,0.0,0.0,0,0,0,0,0,0,0,,,,,,,,,,,
cpu,none,,0,resident,window_4096,65536,,,2048,5,40.68009398179129,0,0,0,0.119216075,262144,16384,,0.0625,,16.0,,,,,,4,,2149057024,143577145344,0.0,0.0,0.0,0.0,0.0,0.0,0.0,0.0,0.0,0.0,0.0,0.0,0.0,0.0,0.0,0.0,0.0,0,0,0,0,0,0,0,,,,,,,,,,,
cpu,none,,0,resident,window_4096,65536,,,2048,6,39.75394699955359,0,0,0,0.114402497,262144,16384,,0.0625,,16.0,,,,,,4,,2149057024,143577145344,0.0,0.0,0.0,0.0,0.0,0.0,0.0,0.0,0.0,0.0,0.0,0.0,0.0,0.0,0.0,0.0,0.0,0,0,0,0,0,0,0,,,,,,,,,,,
cpu,none,,0,resident,window_4096,65536,,,2048,7,39.93373399134725,0,0,0,0.12452522,262144,16384,,0.0625,,16.0,,,,,,4,,2149057024,143577145344,0.0,0.0,0.0,0.0,0.0,0.0,0.0,0.0,0.0,0.0,0.0,0.0,0.0,0.0,0.0,0.0,0.0,0,0,0,0,0,0,0,,,,,,,,,,,
cpu,none,,0,resident,window_4096,65536,,,2048,8,32.84120000898838,0,0,0,0.096161548,262144,16384,,0.0625,,16.0,,,,,,4,,2149057024,143577145344,0.0,0.0,0.0,0.0,0.0,0.0,0.0,0.0,0.0,0.0,0.0,0.0,0.0,0.0,0.0,0.0,0.0,0,0,0,0,0,0,0,,,,,,,,,,,
cpu,none,,0,resident,window_4096,65536,,,2048,9,40.04840197740123,0,0,0,0.13832029099999998,262144,16384,,0.0625,,16.0,,,,,,4,,2149057024,143577149440,0.0,0.0,0.0,0.0,0.0,0.0,0.0,0.0,0.0,0.0,0.0,0.0,0.0,0.0,0.0,0.0,0.0,0,0,0,0,0,0,0,,,,,,,,,,,
cpu,none,,0,resident,window_65536,1024,,,2048,0,1.2545220088213682,0,0,0,0.004397123,4096,4062,,0.99169921875,,1.0083702609551946,,,,,,4010,,33579520,143577518080,0.0,0.0,0.0,0.0,0.0,0.0,0.0,0.0,0.0,0.0,0.0,0.0,0.0,0.0,0.0,0.0,0.0,0,0,0,0,0,0,0,,,,,,,,,,,
cpu,none,,0,resident,window_65536,1024,,,2048,1,0.8823170210234821,0,0,0,0.003542,4096,4056,,0.990234375,,1.009861932938856,,,,,,3995,,33579520,143577518080,0.0,0.0,0.0,0.0,0.0,0.0,0.0,0.0,0.0,0.0,0.0,0.0,0.0,0.0,0.0,0.0,0.0,0,0,0,0,0,0,0,,,,,,,,,,,
cpu,none,,0,resident,window_65536,1024,,,2048,2,1.1128230253234506,0,0,0,0.004187623,4096,4066,,0.99267578125,,1.0073782587309394,,,,,,4000,,41976320,143577518080,0.0,0.0,0.0,0.0,0.0,0.0,0.0,0.0,0.0,0.0,0.0,0.0,0.0,0.0,0.0,0.0,0.0,0,0,0,0,0,0,0,,,,,,,,,,,
cpu,none,,0,resident,window_65536,1024,,,2048,3,1.0722940205596387,0,0,0,0.00396788,4096,4061,,0.991455078125,,1.0086185668554544,,,,,,4014,,33579520,143577518080,0.0,0.0,0.0,0.0,0.0,0.0,0.0,0.0,0.0,0.0,0.0,0.0,0.0,0.0,0.0,0.0,0.0,0,0,0,0,0,0,0,,,,,,,,,,,
cpu,none,,0,resident,window_65536,1024,,,2048,4,0.8390470175072551,0,0,0,0.00295093,4096,4063,,0.991943359375,,1.008122077282796,,,,,,3989,,33579520,143577518080,0.0,0.0,0.0,0.0,0.0,0.0,0.0,0.0,0.0,0.0,0.0,0.0,0.0,0.0,0.0,0.0,0.0,0,0,0,0,0,0,0,,,,,,,,,,,
cpu,none,,0,resident,window_65536,1024,,,2048,5,1.1679820017889142,0,0,0,0.00394557,4096,4066,,0.99267578125,,1.0073782587309394,,,,,,3991,,33579520,143577518080,0.0,0.0,0.0,0.0,0.0,0.0,0.0,0.0,0.0,0.0,0.0,0.0,0.0,0.0,0.0,0.0,0.0,0,0,0,0,0,0,0,,,,,,,,,,,
cpu,none,,0,resident,window_65536,1024,,,2048,6,0.9408760233782232,0,0,0,0.00375326,4096,4064,,0.9921875,,1.0078740157480315,,,,,,3991,,33579520,143577518080,0.0,0.0,0.0,0.0,0.0,0.0,0.0,0.0,0.0,0.0,0.0,0.0,0.0,0.0,0.0,0.0,0.0,0,0,0,0,0,0,0,,,,,,,,,,,
cpu,none,,0,resident,window_65536,1024,,,2048,7,1.117363979574293,0,0,0,0.00411616,4096,4069,,0.993408203125,,1.0066355369869746,,,,,,4004,,33579520,143577518080,0.0,0.0,0.0,0.0,0.0,0.0,0.0,0.0,0.0,0.0,0.0,0.0,0.0,0.0,0.0,0.0,0.0,0,0,0,0,0,0,0,,,,,,,,,,,
cpu,none,,0,resident,window_65536,1024,,,2048,8,0.9440659778192639,0,0,0,0.00366703,4096,4062,,0.99169921875,,1.0083702609551946,,,,,,3989,,33579520,143577518080,0.0,0.0,0.0,0.0,0.0,0.0,0.0,0.0,0.0,0.0,0.0,0.0,0.0,0.0,0.0,0.0,0.0,0,0,0,0,0,0,0,,,,,,,,,,,
cpu,none,,0,resident,window_65536,1024,,,2048,9,1.5778070082888007,0,0,0,0.006999584,4096,4073,,0.994384765625,,1.005646943285048,,,,,,4003,,41976320,143577518080,0.0,0.0,0.0,0.0,0.0,0.0,0.0,0.0,0.0,0.0,0.0,0.0,0.0,0.0,0.0,0.0,0.0,0,0,0,0,0,0,0,,,,,,,,,,,
cpu,none,,0,resident,window_65536,8192,,,2048,0,5.417518957983702,0,0,0,0.020668214,32768,30805,,0.940093994140625,,1.06372342152248,,,,,,27252,,268632576,143577518080,0.0,0.0,0.0,0.0,0.0,0.0,0.0,0.0,0.0,0.0,0.0,0.0,0.0,0.0,0.0,0.0,0.0,0,0,0,0,0,0,0,,,,,,,,,,,
cpu,none,,0,resident,window_65536,8192,,,2048,1,7.220002997200936,0,0,0,0.023474246,32768,30786,,0.93951416015625,,1.0643799129474436,,,,,,27198,,268632576,143577518080,0.0,0.0,0.0,0.0,0.0,0.0,0.0,0.0,0.0,0.0,0.0,0.0,0.0,0.0,0.0,0.0,0.0,0,0,0,0,0,0,0,,,,,,,,,,,
cpu,none,,0,resident,window_65536,8192,,,2048,2,7.195952988695353,0,0,0,0.025229987,32768,30757,,0.938629150390625,,1.06538348993725,,,,,,27096,,335806976,143577518080,0.0,0.0,0.0,0.0,0.0,0.0,0.0,0.0,0.0,0.0,0.0,0.0,0.0,0.0,0.0,0.0,0.0,0,0,0,0,0,0,0,,,,,,,,,,,
cpu,none,,0,resident,window_65536,8192,,,2048,3,9.711954975500703,0,0,0,0.03637683,32768,30775,,0.939178466796875,,1.0647603574329814,,,,,,27218,,335806976,143577518080,0.0,0.0,0.0,0.0,0.0,0.0,0.0,0.0,0.0,0.0,0.0,0.0,0.0,0.0,0.0,0.0,0.0,0,0,0,0,0,0,0,,,,,,,,,,,
cpu,none,,0,resident,window_65536,8192,,,2048,4,7.066245016176254,0,0,0,0.025641718,32768,30823,,0.940643310546875,,1.0631022288550758,,,,,,27323,,268632576,143577518080,0.0,0.0,0.0,0.0,0.0,0.0,0.0,0.0,0.0,0.0,0.0,0.0,0.0,0.0,0.0,0.0,0.0,0,0,0,0,0,0,0,,,,,,,,,,,
cpu,none,,0,resident,window_65536,8192,,,2048,5,9.56246699206531,0,0,0,0.035748382,32768,30803,,0.940032958984375,,1.0637924877447003,,,,,,27123,,335806976,143577518080,0.0,0.0,0.0,0.0,0.0,0.0,0.0,0.0,0.0,0.0,0.0,0.0,0.0,0.0,0.0,0.0,0.0,0,0,0,0,0,0,0,,,,,,,,,,,
cpu,none,,0,resident,window_65536,8192,,,2048,6,7.319830998312682,0,0,0,0.025250507,32768,30827,,0.940765380859375,,1.0629642845557465,,,,,,27278,,335806976,143577518080,0.0,0.0,0.0,0.0,0.0,0.0,0.0,0.0,0.0,0.0,0.0,0.0,0.0,0.0,0.0,0.0,0.0,0,0,0,0,0,0,0,,,,,,,,,,,
cpu,none,,0,resident,window_65536,8192,,,2048,7,7.470628013834357,0,0,0,0.027517631,32768,30720,,0.9375,,1.0666666666666667,,,,,,27171,,268632576,143577518080,0.0,0.0,0.0,0.0,0.0,0.0,0.0,0.0,0.0,0.0,0.0,0.0,0.0,0.0,0.0,0.0,0.0,0,0,0,0,0,0,0,,,,,,,,,,,
cpu,none,,0,resident,window_65536,8192,,,2048,8,6.3999739941209555,0,0,0,0.025044328,32768,30797,,0.939849853515625,,1.0639997402344383,,,,,,27099,,268632576,143577518080,0.0,0.0,0.0,0.0,0.0,0.0,0.0,0.0,0.0,0.0,0.0,0.0,0.0,0.0,0.0,0.0,0.0,0,0,0,0,0,0,0,,,,,,,,,,,
cpu,none,,0,resident,window_65536,8192,,,2048,9,7.172833022195846,0,0,0,0.02314928,32768,30842,,0.94122314453125,,1.0624473121068672,,,,,,27185,,268632576,143577518080,0.0,0.0,0.0,0.0,0.0,0.0,0.0,0.0,0.0,0.0,0.0,0.0,0.0,0.0,0.0,0.0,0.0,0,0,0,0,0,0,0,,,,,,,,,,,
cpu,none,,0,resident,window_65536,65536,,,2048,0,49.472782004158944,0,0,0,0.171115392,262144,165856,,0.6326904296875,,1.580551803974532,,,,,,61164,,2149057024,143577518080,0.0,0.0,0.0,0.0,0.0,0.0,0.0,0.0,0.0,0.0,0.0,0.0,0.0,0.0,0.0,0.0,0.0,0,0,0,0,0,0,0,,,,,,,,,,,
cpu,none,,0,resident,window_65536,65536,,,2048,1,50.04631297197193,0,0,0,0.15916347,262144,165959,,0.6330833435058594,,1.579570857862484,,,,,,60814,,2149057024,143577518080,0.0,0.0,0.0,0.0,0.0,0.0,0.0,0.0,0.0,0.0,0.0,0.0,0.0,0.0,0.0,0.0,0.0,0,0,0,0,0,0,0,,,,,,,,,,,
cpu,none,,0,resident,window_65536,65536,,,2048,2,48.834680987056345,0,0,0,0.165943701,262144,165848,,0.632659912109375,,1.580628044956828,,,,,,60850,,2149057024,143577518080,0.0,0.0,0.0,0.0,0.0,0.0,0.0,0.0,0.0,0.0,0.0,0.0,0.0,0.0,0.0,0.0,0.0,0,0,0,0,0,0,0,,,,,,,,,,,
cpu,none,,0,resident,window_65536,65536,,,2048,3,35.61253898078576,0,0,0,0.12180555700000001,262144,166012,,0.6332855224609375,,1.5790665735007108,,,,,,60943,,1611661824,143577518080,0.0,0.0,0.0,0.0,0.0,0.0,0.0,0.0,0.0,0.0,0.0,0.0,0.0,0.0,0.0,0.0,0.0,0,0,0,0,0,0,0,,,,,,,,,,,
cpu,none,,0,resident,window_65536,65536,,,2048,4,49.15998602518812,0,0,0,0.166438783,262144,165653,,0.6319160461425781,,1.5824886962505962,,,,,,61016,,2149057024,143577518080,0.0,0.0,0.0,0.0,0.0,0.0,0.0,0.0,0.0,0.0,0.0,0.0,0.0,0.0,0.0,0.0,0.0,0,0,0,0,0,0,0,,,,,,,,,,,
cpu,none,,0,resident,window_65536,65536,,,2048,5,48.682334017939866,0,0,0,0.164133091,262144,165510,,0.6313705444335938,,1.5838559603649327,,,,,,61220,,2149057024,143577518080,0.0,0.0,0.0,0.0,0.0,0.0,0.0,0.0,0.0,0.0,0.0,0.0,0.0,0.0,0.0,0.0,0.0,0,0,0,0,0,0,0,,,,,,,,,,,
cpu,none,,0,resident,window_65536,65536,,,2048,6,48.63740399014205,0,0,0,0.154093367,262144,165794,,0.6324539184570312,,1.581142864036093,,,,,,61155,,2149057024,143577518080,0.0,0.0,0.0,0.0,0.0,0.0,0.0,0.0,0.0,0.0,0.0,0.0,0.0,0.0,0.0,0.0,0.0,0,0,0,0,0,0,0,,,,,,,,,,,
cpu,none,,0,resident,window_65536,65536,,,2048,7,49.459961999673396,0,0,0,0.171472432,262144,165392,,0.63092041015625,,1.5849859727193576,,,,,,60775,,2149057024,143577518080,0.0,0.0,0.0,0.0,0.0,0.0,0.0,0.0,0.0,0.0,0.0,0.0,0.0,0.0,0.0,0.0,0.0,0,0,0,0,0,0,0,,,,,,,,,,,
cpu,none,,0,resident,window_65536,65536,,,2048,8,34.839460044167936,0,0,0,0.108955102,262144,165709,,0.6321296691894531,,1.5819539071504867,,,,,,60901,,2149057024,143577518080,0.0,0.0,0.0,0.0,0.0,0.0,0.0,0.0,0.0,0.0,0.0,0.0,0.0,0.0,0.0,0.0,0.0,0,0,0,0,0,0,0,,,,,,,,,,,
cpu,none,,0,resident,window_65536,65536,,,2048,9,66.16132298950106,0,0,0,0.239756365,262144,165707,,0.6321220397949219,,1.5819730005370927,,,,,,61063,,2686452224,143577518080,0.0,0.0,0.0,0.0,0.0,0.0,0.0,0.0,0.0,0.0,0.0,0.0,0.0,0.0,0.0,0.0,0.0,0,0,0,0,0,0,0,,,,,,,,,,,
tiledb,rank,256,0,cold,random,1024,,,2048,0,3015.6964699854143,17166319616,17166319616,17166319616,6.889431886000001,4096,4095,,0.999755859375,,1.0002442002442002,,,,,,4095,4062,33901568,6269693952,0.165297,0.03493,0.044849,0.01453,0.00803,3014.425338,0.024839,0.0,0.0,0.134808,0.157978,2897.859007,0.0,0.201337,0.052199,0.289316,0.01753,1042,1042,1041,1,8336,8536064,8536064,1.1148799999999999,0.627222,1.53717,2860.81,76.6548,0.369373,2897.78,1041,1010,674,4111186240
tiledb,rank,256,0,cold,random,1024,,,2048,1,3047.353607020341,17317187584,17317187584,17317187584,6.715662693,4096,4096,,1.0,,1.0,,,,,,4096,4057,33836032,6286667776,0.169347,0.038529,0.04448,0.014179,0.00712,3046.012167,0.02387,0.0,0.0,0.137548,0.179637,2917.849229,0.0,0.204707,0.129478,0.291015,0.01907,1034,1034,1034,1,8272,8470528,8470528,0.889287,0.557323,1.56792,2887.4900000000002,60.5717,0.40368400000000004,2917.7599999999998,1034,985,662,4153137120
tiledb,rank,256,0,cold,random,1024,,,2048,2,3061.0385229811072,17444491264,17444491264,17444491264,6.9361354550000005,4096,4095,,0.999755859375,,1.0002442002442002,,,,,,4095,4068,34245632,6286868480,0.154818,0.03673,0.045979,0.0131,0.00704,3059.785841,0.00248,0.0,0.0,0.136478,0.201007,2954.468243,0.0,0.205197,0.05393,0.288495,0.01981,1063,1063,1063,1,8504,8708096,8708096,1.0897000000000001,0.6896880000000001,1.51304,2913.44,87.07090000000001,0.418384,2954.39,1063,1028,690,4356598888
tiledb,rank,256,0,cold,random,1024,,,2048,3,3042.5334589672275,17382457344,17382457344,17382457344,6.903690408,4096,4096,,1.0,,1.0,,,,,,4096,4067,33704960,6286925824,0.147838,0.03614,0.044819,0.01416,0.00716,3041.236038,0.00246,0.0,0.0,0.134328,0.192427,2936.626319,0.0,0.201347,0.128908,0.288856,0.01939,1030,1030,1028,1,8240,8437760,8437760,1.10249,0.756968,1.5155699999999999,2899.85,80.91239999999999,0.43749499999999997,2936.56,1028,1004,669,4218160984
tiledb,rank,256,0,cold,random,1024,,,2048,4,3026.513287972193,17214025728,17214025728,17214025728,6.862425006,4096,4096,,1.0,,1.0,,,,,,4096,4060,33934336,6295941120,0.238956,0.03611,0.042289,0.01362,0.00704,3025.218007,0.00263,0.0,0.0,0.127778,0.198947,2905.180978,0.0,0.208977,0.049549,0.284225,0.0185,1044,1044,1044,1,8352,8552448,8552448,0.953896,0.580982,1.3379699999999999,2870.06,71.78479999999999,0.391733,2905.11,1044,1017,682,4134259224
tiledb,rank,256,0,cold,random,1024,,,2048,5,3044.7593959979713,17334624256,17334624256,17334624256,7.028943979,4096,4096,,1.0,,1.0,,,,,,4096,4071,34098176,6295711744,0.181817,0.034179,0.04244,0.013929,0.00567,3043.450806,0.02525,0.0,0.0,0.13169799999999998,0.167427,2927.88998,0.0,0.203387,0.120628,0.286166,0.019179,1054,1054,1054,1,8432,8634368,8634368,0.9757859999999999,0.652962,1.34692,2895.98,76.6503,0.389634,2927.82,1054,1024,691,4312550464
tiledb,rank,256,0,cold,random,1024,,,2048,6,3048.5130000161007,17306603520,17306603520,17306603520,7.371354596,4096,4096,,1.0,,1.0,,,,,,4096,4062,34106368,6295748608,0.156208,0.03675,0.045179,0.01449,0.00793,3047.265138,0.00368,0.0,0.0,0.135427,0.193098,2935.981418,0.0,0.205177,0.052359,0.277246,0.020029,1055,1054,1054,1,8432,8634368,8634368,1.14066,0.7785599999999999,1.58205,2888.37,102.475,0.457232,2935.9,1054,1022,675,4188795368
tiledb,rank,256,0,cold,random,1024,,,2048,7,3006.20235101087,17180639232,17180639232,17180639232,6.765396479,4096,4096,,1.0,,1.0,,,,,,4095,4065,33999872,6296985600,0.198697,0.035789,0.04366,0.01346,0.00694,3004.953159,0.02481,0.0,0.0,0.13164900000000002,0.172257,2901.928986,0.0,0.203147,0.049929,0.277946,0.018619,1048,1048,1048,1,8384,8585216,8585216,0.892076,0.587253,1.29415,2865.5,73.9653,0.38472300000000004,2901.86,1048,1014,679,4289477480
tiledb,rank,256,0,cold,random,1024,,,2048,8,3022.4561089999042,17294942208,17294942208,17294942208,6.632459724,4096,4096,,1.0,,1.0,,,,,,4096,4066,34343936,6296092672,0.150548,0.0373,0.049749,0.01639,0.00652,3021.125618,0.00592,0.0,0.0,0.13874799999999998,0.197187,2916.517579,0.0,0.208697,0.128668,0.281826,0.01948,1069,1069,1069,1,8552,8757248,8757248,1.16153,0.766296,1.67636,2888.9100000000003,73.961,0.433735,2916.44,1069,1032,690,4320940640
tiledb,rank,256,0,cold,random,1024,,,2048,9,3011.574550997466,17169735680,17169735680,17169735680,6.997802911,4096,4096,,1.0,,1.0,,,,,,4096,4064,34393088,6296182784,0.167957,0.037069,0.04489,0.01461,0.007859,3010.33527,0.01904,0.0,0.0,0.134228,0.177597,2898.190263,0.0,0.206917,0.051799,0.287616,0.01859,1072,1072,1072,1,8576,8781824,8781824,1.04222,0.5833820000000001,1.44187,2869.2799999999997,77.516,0.427134,2898.11,1072,1044,690,4323038184
tiledb,rank,256,0,cold,random,8192,,,2048,0,16284.554495010525,97072037888,97072037888,97072037888,26.223862504,32768,32755,,0.999603271484375,,1.0003968859716075,,,,,,32736,30786,269741056,6987165696,0.233647,0.094719,0.037809,23.49056,0.038609,16257.025205,0.01016,0.0,0.0,0.311915,1.020155,16130.740359,0.0,1.237502,0.200697,1.671096,0.076518,8252,8243,8223,1,65944,67526656,67526656,2.41411,1.50531,5.1293500000000005,15988.5,329.27299999999997,2.8359,16130.500000000002,8223,6472,1478,23651906144
tiledb,rank,256,0,cold,random,8192,,,2048,1,16231.287618982606,97086976000,97086976000,97086976000,25.467921961000002,32768,32756,,0.9996337890625,,1.0003663450970814,,,,,,32741,30768,270448128,7121416192,0.236876,0.094769,0.037779,0.01433,0.00982,16227.328748,0.009349,0.0,0.0,0.279086,0.889177,16107.240089,0.0,1.228381,0.195737,1.644706,0.073129,8192,8183,8169,1,65464,67035136,67035136,2.4592799999999997,1.6343,4.80764,15963.699999999999,320.452,2.85301,16106.9,8169,6470,1470,23723222640
tiledb,rank,256,0,cold,random,8192,,,2048,2,16335.220968001522,97509642240,97509642240,97509642240,27.120461595,32768,32755,,0.999603271484375,,1.0003968859716075,,,,,,32742,30831,270775808,7121735680,0.259506,0.093789,0.041049,0.01466,0.00672,16331.232127,0.00845,0.0,0.0,0.281076,0.957525,16207.852578,0.0,1.242801,0.198187,1.641836,0.076859,8314,8307,8289,1,66456,68050944,68050944,3.2826299999999997,2.29625,6.098809999999999,16040.900000000001,284.551,3.22142,16207.599999999999,8289,6504,1492,23945562304
tiledb,rank,256,0,cold,random,8192,,,2048,3,16356.816018000245,97559457792,97559457792,97559457792,26.311035575000002,32768,32764,,0.9998779296875,,1.0001220852154804,,,,,,32746,30786,270489088,7123144704,0.270006,0.095608,0.04187,0.014499,0.00878,16352.796728,0.00814,0.0,0.0,0.27553700000000003,1.081563,16238.722114,0.0,1.244212,0.197667,1.651265,0.074749,8296,8290,8270,1,66320,67911680,67911680,3.07646,2.0717499999999998,5.97992,16046.099999999999,286.115,3.20704,16238.499999999998,8270,6492,1469,23989610728
tiledb,rank,256,0,cold,random,8192,,,2048,4,16347.350597963668,97484374016,97484374016,97484374016,27.266403453000002,32768,32757,,0.999664306640625,,1.0003358060872485,,,,,,32746,30766,269593600,7121932288,0.253426,0.094359,0.043379,0.01514,0.00847,16343.364557,0.008619,0.0,0.0,0.277426,1.017525,16228.677143,0.0,1.234162,0.198977,1.641195,0.075329,8243,8234,8225,1,65872,67452928,67452928,2.71878,1.8534899999999999,5.24838,16061.1,377.029,3.09286,16228.5,8225,6474,1466,24010586168
tiledb,rank,256,0,cold,random,8192,,,2048,5,16386.848313035443,97788575744,97788575744,97788575744,26.284074422,32768,32755,,0.999603271484375,,1.0003968859716075,,,,,,32745,30774,269899264,7122472960,0.240027,0.093618,0.03975,0.015269,0.00869,16382.872974,0.00817,0.0,0.0,0.27540699999999996,1.078983,16268.666761,0.0,1.228851,0.196207,1.661845,0.074249,8214,8206,8197,1,65648,67223552,67223552,3.03999,1.99554,5.647130000000001,16100.300000000001,320.277,2.95254,16268.5,8197,6453,1484,23819709664
tiledb,rank,256,0,cold,random,8192,,,2048,6,16386.6257769987,97405218816,97405218816,97405218816,26.993973871,32768,32761,,0.999786376953125,,1.0002136686914318,,,,,,32749,30784,270751232,7122104320,0.246546,0.095759,0.046129,0.01418,0.00971,16382.672346,0.008789,0.0,0.0,0.279696,0.992515,16252.1272,0.0,1.217371,0.197057,1.638545,0.074749,8122,8119,8109,1,64952,66510848,66510848,2.25722,1.5991,4.57676,16086.400000000001,380.007,3.3493899999999996,16251.9,8109,6442,1487,23972830376
tiledb,rank,256,0,cold,random,8192,,,2048,7,16281.733024981804,97156354048,97156354048,97156354048,26.422564168999997,32768,32759,,0.999725341796875,,1.0002747336609787,,,,,,32739,30755,270063104,7122612224,0.272996,0.092799,0.039839,0.01474,0.00869,16277.704145,0.00896,0.0,0.0,0.283085,1.008735,16165.144608,0.0,1.236022,0.196587,1.667925,0.076149,8271,8263,8241,1,66104,67690496,67690496,3.39469,2.28075,6.42338,16024.0,317.667,3.06084,16164.9,8241,6496,1479,23733710360
tiledb,rank,256,0,cold,random,8192,,,2048,8,16356.792426027823,97422749696,97422749696,97422749696,26.153433474,32768,32760,,0.999755859375,,1.0002442002442002,,,,,,32742,30702,270235136,7122259968,0.360044,0.094859,0.039299,0.02145,0.00976,16276.340155,0.007989,0.0,0.0,0.303006,0.924336,16159.428804,0.0,1.211872,0.194337,78.033997,0.075699,8114,8107,8083,1,64856,66412544,66412544,3.08663,2.3030500000000003,5.59604,16003.4,326.661,2.9688499999999998,16159.099999999999,8083,6377,1474,23719027552
tiledb,rank,256,0,cold,random,8192,,,2048,9,16444.362587993965,97946697728,97946697728,97946697728,26.521607111,32768,32763,,0.999847412109375,,1.0001526111772425,,,,,,32736,30890,270456320,7122653184,0.273226,0.092958,0.03833,0.01521,0.00824,16440.372308,0.008309,0.0,0.0,0.283995,1.008525,16310.520052,0.0,1.235252,0.196907,1.653625,0.072899,8268,8254,8239,1,66032,67616768,67616768,3.26727,2.23561,6.0443500000000006,16150.6,371.14599999999996,3.03331,16310.300000000001,8239,6537,1475,23989610728
tiledb,rank,256,0,cold,random,65536,,,2048,0,23347.008440003265,135843434496,135843434496,135843434496,132.746096629,262144,261627,,0.9980278015136719,,1.0019760957393542,,,,,,260583,165439,2151669248,9407463424,0.288806,0.090728,0.04089,0.015829,0.01762,23323.096549,0.082489,0.0,0.0,1.587177,6.64594,23228.148307,0.0,9.423049,0.877426,11.967231,0.778178,65873,65324,64261,1,522592,535134208,535134208,16.3059,12.913,35.2966,21903.1,786.146,22.1643,23226.8,64261,16085,480,33862750336
tiledb,rank,256,0,cold,random,65536,,,2048,1,23185.37737999577,135745900544,135745900544,135745900544,130.469918705,262144,261609,,0.9979591369628906,,1.0020450366768727,,,,,,260581,165709,2152676864,9406398464,0.307845,0.089398,0.0398,0.014719,0.01709,23161.291083,0.054999,0.0,0.0,1.3821690000000002,6.383004,23057.699341,0.0,9.30483,0.861597,12.259606,0.774038,64997,64493,63493,1,515944,528326656,528326656,15.811200000000001,12.546,33.2694,21838.2,726.9,20.9284,23056.2,63493,16087,483,33854360160
tiledb,rank,256,0,cold,random,65536,,,2048,2,23175.53604900604,135825240064,135825240064,135825240064,133.191220951,262144,261642,,0.9980850219726562,,1.0019186522041568,,,,,,260678,165881,2151658496,9405648896,0.275656,0.089428,0.04229,0.01469,0.017939,23151.619658,0.054359,0.0,0.0,1.442259,7.429058,23058.509938,0.0,9.425299,0.881416,11.97061,0.781688,65833,65363,64336,1,522904,535453696,535453696,16.0027,13.0189,34.005599999999994,21775.600000000002,787.766,18.3218,23057.1,64336,16120,468,33896311040
tiledb,rank,256,0,cold,random,65536,,,2048,3,23312.067995022517,135855542272,135855542272,135855542272,135.80225830199998,262144,261637,,0.9980659484863281,,1.0019377993173748,,,,,,260688,165768,2154842112,9405652992,0.333075,0.086579,0.038819,0.01396,0.01786,23288.4737,0.054229,0.0,0.0,1.4156680000000001,7.927091,23192.678351,0.0,9.405018,0.866907,11.645215,0.777558,65706,65214,64274,1,521712,534233088,534233088,13.2816,10.3772,29.6614,21806.5,881.0989999999999,18.9336,23191.4,64274,16085,483,33854360160
tiledb,rank,256,0,cold,random,65536,,,2048,4,23225.75326298829,135821692928,135821692928,135821692928,129.506404755,262144,261619,,0.9979972839355469,,1.0020067349848443,,,,,,260580,165843,2150238720,9405218816,0.298155,0.089828,0.04141,0.01399,0.018239,23201.635877,0.059979,0.0,0.0,1.365089,7.241381,23107.593091,0.0,9.384298,0.864027,12.215976,0.776308,65555,65063,64038,1,520504,532996096,532996096,13.715200000000001,11.0574,30.413,21844.100000000002,747.636,20.590500000000002,23106.3,64038,16071,488,33839677352
tiledb,rank,256,0,cold,random,65536,,,2048,5,23299.02347101597,135874998272,135874998272,135874998272,136.060930402,262144,261647,,0.9981040954589844,,1.0018995058227307,,,,,,260634,165636,2148521472,9405251584,0.321086,0.088709,0.041699,0.0142,0.01733,23275.378367,0.055489,0.0,0.0,1.363599,6.522582,23156.762271,0.0,9.394148,0.868457,11.697804,0.779069,65438,64926,63897,1,519408,531873792,531873792,13.9434,11.143500000000001,30.857200000000002,21883.199999999997,778.8380000000001,20.307,23154.699999999997,63897,16110,457,33915188936
tiledb,rank,256,0,cold,random,65536,,,2048,6,23176.9869060372,135964905472,135964905472,135964905472,130.784408301,262144,261607,,0.9979515075683594,,1.0020526973666606,,,,,,260609,165752,2150205952,9406029824,0.310196,0.088789,0.045569,0.01546,0.01762,23153.126725,0.055809,0.0,0.0,1.359709,6.306065,23057.342226,0.0,9.399889,0.871767,11.915571,0.775348,65683,65157,64138,1,521256,533766144,533766144,16.7922,13.3933,34.6038,21829.5,683.759,21.8949,23055.9,64138,16094,472,33900506128
tiledb,rank,256,0,cold,random,65536,,,2048,7,23206.9087770069,135797100544,135797100544,135797100544,130.695690337,262144,261597,,0.9979133605957031,,1.0020910025726595,,,,,,260572,165807,2149556224,9405956096,0.321135,0.091439,0.040869,0.01559,0.018269,23182.870439,0.05468,0.0,0.0,1.409119,6.61431,23086.237562,0.0,9.388489,0.870257,12.091738,0.776758,65589,65085,64054,1,520680,533176320,533176320,14.8081,12.0229,33.5402,21778.0,805.4789999999999,19.9758,23084.1,64054,16082,484,33875335600
tiledb,rank,256,0,cold,random,65536,,,2048,8,23227.733573003206,135790989312,135790989312,135790989312,131.162226527,262144,261629,,0.9980354309082031,,1.0019684362207553,,,,,,260622,165795,2151527424,9406267392,0.292295,0.088599,0.040519,0.01953,0.01707,23203.97179,0.05677,0.0,0.0,1.37032,7.29963,23107.502942,0.0,9.33679,0.863427,11.902311,0.778848,65186,64693,63737,1,517544,529965056,529965056,15.679499999999999,12.7308,33.6087,21824.3,733.067,23.1421,23106.2,63737,16074,484,33856457704
tiledb,rank,256,0,cold,random,65536,,,2048,9,23295.431895006914,135851978752,135851978752,135851978752,132.202106661,262144,261633,,0.9980506896972656,,1.0019531175348675,,,,,,260582,166024,2150593536,9407336448,0.306725,0.087379,0.041349,0.014,0.01688,23271.970358,0.054859,0.0,0.0,1.36735,7.567586,23162.439925,0.0,9.354409,0.864907,11.580946,0.776208,65372,64852,63874,1,518816,531267584,531267584,13.8998,10.8121,30.991,21823.5,842.48,18.1073,23161.2,63874,16091,484,33848067528
tiledb,rank,256,0,cold,window_256,1024,,,2048,0,8.133837021887302,18362368,18362368,18362368,0.040690872,4096,1002,,0.24462890625,,4.087824351297405,,,,,,25,8,48202240,9288450048,0.229796,0.094238,0.03768,0.01392,0.00735,6.820867,0.027049,0.0,0.0,0.102788,0.01236,5.289331,0.0,0.136208,0.041449,0.390454,0.01805,3072,748,22,1,5984,6127616,6127616,0.427823,0.264427,0.492962,3.6076799999999998,0.829977,0.141688,5.25007,22,6,3,12585264
tiledb,rank,256,0,cold,window_256,1024,,,2048,1,6.526532000862062,18608128,18608128,18608128,0.029067392999999997,4096,1009,,0.246337890625,,4.059464816650149,,,,,,18,8,37839360,9288261632,0.231707,0.03358,0.040869,0.00925,0.00614,4.904766,0.00263,0.0,0.0,0.087089,0.0095,4.004609,0.0,0.05479,0.029519,1.052804,0.01691,1024,251,5,1,2008,2056192,2056192,0.258776,0.162886,0.311425,3.15335,0.299806,0.074809,3.96733,5,2,1,4195088
tiledb,rank,256,0,cold,window_256,1024,,,2048,2,6.024439993780106,18505728,18505728,18505728,0.028513458,4096,1007,,0.245849609375,,4.067527308838133,,,,,,20,8,27288064,9288142848,0.169248,0.03283,0.034509,0.00887,0.00702,5.099474,0.00112,0.0,0.0,0.044219,0.00506,4.323236,0.0,0.048689,0.026159,0.455413,0.01469,1024,252,4,1,2016,2064384,2064384,0.175957,0.112847,0.235297,3.58899,0.271416,0.09855900000000001,4.29847,4,2,1,4195088
tiledb,rank,256,0,cold,window_256,1024,,,2048,3,6.207977014128119,18575360,18575360,18575360,0.028617353999999998,4096,1010,,0.24658203125,,4.0554455445544555,,,,,,18,8,37839360,9288110080,0.141978,0.032329,0.03338,0.008789,0.00631,5.120063,0.00122,0.0,0.0,0.03453,0.00417,4.154427,0.0,0.087309,0.02916,0.600631,0.01436,2048,505,9,1,4040,4136960,4136960,0.420014,0.301655,0.468563,2.91529,0.5122720000000001,0.10205900000000001,4.12975,9,4,2,8390176
tiledb,rank,256,0,cold,window_256,1024,,,2048,4,6.00197003223002,18370560,18370560,18370560,0.026686805,4096,1007,,0.245849609375,,4.067527308838133,,,,,,20,8,37839360,9288085504,0.099479,0.032759,0.02882,0.0084,0.00679,4.337604,0.00147,0.0,0.0,0.035319,0.00281,3.726924,0.0,0.05036,0.025659,1.274901,0.01445,1024,251,6,1,2008,2056192,2056192,0.23505600000000001,0.141639,0.275976,3.02143,0.25602600000000003,0.08456899999999999,3.70821,6,2,1,4195088
tiledb,rank,256,0,cold,window_256,1024,,,2048,5,6.763977988157421,18128896,18128896,18128896,0.033611953,4096,1009,,0.246337890625,,4.059464816650149,,,,,,19,8,37839360,9288093696,0.128078,0.032609,0.03274,0.00814,0.00722,5.734843,0.00496,0.0,0.0,0.032659,0.00438,4.799148,0.0,0.086599,0.02802,0.587761,0.01318,2048,503,11,1,4024,4120576,4120576,0.366894,0.250286,0.40767400000000004,3.6716800000000003,0.475513,0.099858,4.77901,11,4,2,8390176
tiledb,rank,256,0,cold,window_256,1024,,,2048,6,6.840827001724392,18427904,18427904,18427904,0.028960182,4096,1006,,0.24560546875,,4.071570576540755,,,,,,22,8,37839360,9292242944,0.096078,0.03143,0.027719,0.00836,0.00643,3.786103,0.00132,0.0,0.0,0.02712,0.00271,3.254781,0.0,0.049279,0.02479,2.679589,0.01429,1024,252,5,1,2016,2064384,2064384,0.253666,0.162137,0.297026,2.48286,0.293525,0.083919,3.236,5,2,1,4195088
tiledb,rank,256,0,cold,window_256,1024,,,2048,7,7.50831700861454,18239488,18239488,18239488,0.036093256000000004,4096,1012,,0.2470703125,,4.047430830039525,,,,,,16,8,48300544,9292255232,0.119768,0.0,0.0,0.00804,0.0,0.00029,0.0,0.0,0.0,0.0,0.0,0.0,0.0,0.0,0.0,7.27758,0.01368,0,0,0,0,0,0,0,0.0,0.0,0.0,0.0,0.0,0.0,0.0,0,0,0,0
tiledb,rank,256,0,cold,window_256,1024,,,2048,8,7.14124197838828,18358272,18358272,18358272,0.034721627,4096,1008,,0.24609375,,4.063492063492063,,,,,,19,8,48259584,9292247040,0.094488,0.03082,0.027759,0.00822,0.00717,4.441823,0.00179,0.0,0.0,0.02575,0.002579,3.880202,0.0,0.050339,0.02485,2.324265,0.01402,1024,253,4,1,2024,2072576,2072576,0.185577,0.105657,0.22947700000000001,3.22179,0.279076,0.06412899999999999,3.86302,4,2,1,4195088
tiledb,rank,256,0,cold,window_256,1024,,,2048,9,6.224757002200931,18272256,18272256,18272256,0.027842093999999998,4096,1006,,0.24560546875,,4.071570576540755,,,,,,22,8,37839360,9292214272,0.119089,0.03157,0.027799,0.00816,0.00597,4.443963,0.00154,0.0,0.0,0.026119999999999997,0.00275,3.935511,0.0,0.05051,0.025239,1.394579,0.0139,1024,252,5,1,2016,2064384,2064384,0.206126,0.135928,0.244296,3.2504299999999997,0.255396,0.092829,3.91721,5,2,1,4195088
tiledb,rank,256,0,cold,window_256,8192,,,2048,0,8.93261597957462,18243584,18243584,18243584,0.037087044,32768,1024,,0.03125,,32.0,,,,,,4,8,273351168,9292492800,0.164568,0.087648,0.02913,0.00884,0.007,5.33212,0.0015,0.0,0.0,0.024289,0.00223,4.360615,0.0,0.090008,0.108009,2.912857,0.075068,16384,512,2,1,4096,4194304,4194304,0.175947,0.135407,0.20885700000000001,3.45246,0.483753,0.075709,4.3441399999999994,2,4,2,8390176
tiledb,rank,256,0,cold,window_256,8192,,,2048,1,9.359188959933817,18227200,18227200,18227200,0.043974821,32768,1024,,0.03125,,32.0,,,,,,4,8,273351168,9292750848,0.166187,0.087689,0.029049,0.00839,0.00692,5.138873,0.00177,0.0,0.0,0.02433,0.00228,4.110938,0.0,0.087438,0.104149,3.534677,0.071749,16384,512,2,1,4096,4194304,4194304,0.14593799999999998,0.102628,0.184297,3.1597399999999998,0.556931,0.090039,4.09408,2,4,2,8390176
tiledb,rank,256,0,cold,window_256,8192,,,2048,2,8.152466965839267,18231296,18231296,18231296,0.032869023,32768,1024,,0.03125,,32.0,,,,,,4,8,273351168,9292611584,0.180507,0.0,0.0,0.00781,0.0,0.00019,0.0,0.0,0.0,0.0,0.0,0.0,0.0,0.0,0.0,7.818572,0.061529,0,0,0,0,0,0,0,0.0,0.0,0.0,0.0,0.0,0.0,0.0,0,0,0,0
tiledb,rank,256,0,cold,window_256,8192,,,2048,3,10.470692999660969,18194432,18194432,18194432,0.044453572999999996,32768,1024,,0.03125,,32.0,,,,,,4,8,273351168,9292742656,0.163788,0.089618,0.02885,0.00852,0.00696,5.3236,0.004719,0.0,0.0,0.02444,0.00221,4.239426,0.0,0.087328,0.106459,4.465373,0.073739,16384,512,2,1,4096,4194304,4194304,0.143768,0.110188,0.188167,3.2418199999999997,0.548862,0.12322799999999999,4.22262,2,4,2,8390176
tiledb,rank,256,0,cold,window_256,8192,,,2048,4,9.391888976097107,18440192,18440192,18440192,0.038437425,32768,1024,,0.03125,,32.0,,,,,,4,8,273351168,9292603392,0.168937,0.087808,0.0278,0.00914,0.00707,4.463762,0.00109,0.0,0.0,0.024199,0.00182,3.739204,0.0,0.05073,0.055939,4.339515,0.064859,8192,256,1,1,2048,2097152,2097152,0.081949,0.049989,0.11927800000000001,3.1522,0.309165,0.076099,3.72214,1,2,1,4195088
tiledb,rank,256,0,cold,window_256,8192,,,2048,5,10.394633980467916,18182144,18182144,18182144,0.040889392,32768,1024,,0.03125,,32.0,,,,,,4,8,273351168,9292595200,0.161668,0.085448,0.02793,0.00855,0.00528,5.209481,0.00144,0.0,0.0,0.023599000000000002,0.00237,4.149248,0.0,0.087269,0.105698,4.514253,0.072918,16384,512,2,1,4096,4194304,4194304,0.176307,0.13520700000000002,0.216897,3.10521,0.572501,0.128608,4.13247,2,4,2,8390176
tiledb,rank,256,0,cold,window_256,8192,,,2048,6,10.215626040007919,18440192,18440192,18440192,0.044453941999999996,32768,1024,,0.03125,,32.0,,,,,,4,8,342884864,9292722176,0.159508,0.086969,0.0291,0.008409,0.00712,4.291546,0.00113,0.0,0.0,0.02469,0.00184,3.716514,0.0,0.049289,0.054839,5.352449,0.05852,8192,256,1,1,2048,2097152,2097152,0.08208800000000001,0.054398999999999996,0.12425800000000001,3.0975099999999998,0.327455,0.079349,3.69956,1,2,1,4195088
tiledb,rank,256,0,cold,window_256,8192,,,2048,7,12.429743015673012,18395136,18395136,18395136,0.054289495,32768,1024,,0.03125,,32.0,,,,,,4,8,342884864,9292718080,0.163647,0.074679,0.02784,0.008319,0.00724,6.134958,0.0021,0.0,0.0,0.029949999999999997,0.00239,4.739318,0.0,0.124808,0.150188,5.547806,0.071149,24576,768,3,1,6144,6291456,6291456,0.218726,0.15888799999999997,0.263896,3.3587000000000002,0.806058,0.164738,4.722589999999999,3,6,3,12585264
tiledb,rank,256,0,cold,window_256,8192,,,2048,8,9.092083026189357,18112512,18112512,18112512,0.040136061,32768,1024,,0.03125,,32.0,,,,,,4,8,273351168,9292587008,0.161767,0.086489,0.02772,0.009169,0.007,4.851887,0.00481,0.0,0.0,0.025859999999999998,0.00229,4.00632,0.0,0.087879,0.108268,3.563317,0.071719,16384,512,2,1,4096,4194304,4194304,0.158617,0.120949,0.196687,3.10384,0.5025620000000001,0.103809,3.98948,2,4,2,8390176
tiledb,rank,256,0,cold,window_256,8192,,,2048,9,8.276406035292894,18272256,18272256,18272256,0.034195935,32768,1024,,0.03125,,32.0,,,,,,4,8,203817472,9292427264,0.190138,0.088029,0.02729,0.00819,0.006979,4.334295,0.00109,0.0,0.0,0.025070000000000002,0.00187,3.752744,0.0,0.05188,0.055779,3.334549,0.071599,8192,256,1,1,2048,2097152,2097152,0.08137899999999999,0.05919,0.117868,3.16426,0.31578500000000004,0.070559,3.7359099999999996,1,2,1,4195088
tiledb,rank,256,0,cold,window_256,65536,,,2048,0,42.918874009046704,18149376,18149376,18149376,0.180302823,262144,1024,,0.00390625,,256.0,,,,,,4,8,3241640960,9292849152,0.162497,0.0,0.0,0.01236,0.0,0.00022,0.0,0.0,0.0,0.0,0.0,0.0,0.0,0.0,0.0,41.87188,0.773018,0,0,0,0,0,0,0,0.0,0.0,0.0,0.0,0.0,0.0,0.0,0,0,0,0
tiledb,rank,256,0,cold,window_256,65536,,,2048,1,35.38946801563725,18145280,18145280,18145280,0.130585128,262144,1024,,0.00390625,,256.0,,,,,,4,8,2157445632,9293852672,0.268126,0.075399,0.028319,0.00831,0.00521,4.520132,0.00144,0.0,0.0,0.02497,0.00187,3.836242,0.0,0.067419,0.378144,29.144742,0.773138,65536,256,1,1,2048,2097152,2097152,0.027579000000000003,0.00963,0.077298,3.25951,0.305486,0.08857899999999999,3.8191599999999997,1,2,1,4195088
tiledb,rank,256,0,cold,window_256,65536,,,2048,2,42.46756195789203,18485248,18485248,18485248,0.140506961,262144,1024,,0.00390625,,256.0,,,,,,4,8,2157445632,9293848576,0.197487,0.378194,0.02873,0.00881,0.00748,5.163762,0.00449,0.0,0.0,0.025289,0.00246,4.271436,0.0,0.096149,0.777538,34.916565,0.774148,131072,512,2,1,4096,4194304,4194304,0.126388,0.069699,0.168117,3.4391000000000003,0.446253,0.105058,4.25456,2,4,2,8390176
tiledb,rank,256,0,cold,window_256,65536,,,2048,3,41.42064700135961,18444288,18444288,18444288,0.14647215,262144,1024,,0.00390625,,256.0,,,,,,4,8,2157445632,9293848576,0.183587,0.110749,0.029949,0.00837,0.00583,5.521237,0.00139,0.0,0.0,0.02448,0.002239,4.332205,0.0,0.087538,0.777459,33.799251,0.777569,131072,512,2,1,4096,4194304,4194304,0.13344799999999998,0.09300900000000001,0.18038700000000002,3.3157799999999997,0.590271,0.10846800000000001,4.314959999999999,2,4,2,8390176
tiledb,rank,256,0,cold,window_256,65536,,,2048,4,36.50345100322738,18350080,18350080,18350080,0.147023381,262144,1024,,0.00390625,,256.0,,,,,,4,8,2157445632,9294901248,0.203127,0.0,0.0,0.00769,0.0,0.00019,0.0,0.0,0.0,0.0,0.0,0.0,0.0,0.0,0.0,35.424787,0.779388,0,0,0,0,0,0,0,0.0,0.0,0.0,0.0,0.0,0.0,0.0,0,0,0,0
tiledb,rank,256,0,cold,window_256,65536,,,2048,5,31.28850000211969,18415616,18415616,18415616,0.113253021,262144,1024,,0.00390625,,256.0,,,,,,4,8,2157445632,9293844480,0.177138,0.076299,0.02761,0.00827,0.00698,4.257886,0.00126,0.0,0.0,0.024219,0.00187,3.634396,0.0,0.051979,0.375884,25.411768,0.774848,65536,256,1,1,2048,2097152,2097152,0.02777,0.00966,0.095059,2.9950900000000003,0.356605,0.085349,3.61718,1,2,1,4195088
tiledb,rank,256,0,cold,window_256,65536,,,2048,6,43.19609998492524,18161664,18161664,18161664,0.133685028,262144,1024,,0.00390625,,256.0,,,,,,4,8,2157445632,9293844480,0.190607,0.379225,0.030829,0.00867,0.00728,5.29464,0.00467,0.0,0.0,0.02564,0.00242,4.183007,0.0,0.088409,0.773778,35.525736,0.777708,131072,512,2,1,4096,4194304,4194304,0.148978,0.109318,0.194237,3.21033,0.550702,0.12322799999999999,4.16634,2,4,2,8390176
tiledb,rank,256,0,cold,window_256,65536,,,2048,7,43.36351802339777,18403328,18403328,18403328,0.14124064,262144,1024,,0.00390625,,256.0,,,,,,4,8,2157445632,9293840384,0.217056,0.384574,0.03,0.00903,0.00732,5.053894,0.0054,0.0,0.0,0.032129,0.00265,3.95448,0.0,0.088008,0.776259,35.918789,0.773209,131072,512,2,1,4096,4194304,4194304,0.13969800000000002,0.078148,0.171337,2.97781,0.569872,0.115809,3.9362800000000004,2,4,2,8390176
tiledb,rank,256,0,cold,window_256,65536,,,2048,8,29.868451005313545,18145280,18145280,18145280,0.121015374,262144,1024,,0.00390625,,256.0,,,,,,4,8,2157445632,9293836288,0.158438,0.0,0.0,0.00788,0.0,0.00024,0.0,0.0,0.0,0.0,0.0,0.0,0.0,0.0,0.0,28.827557,0.775278,0,0,0,0,0,0,0,0.0,0.0,0.0,0.0,0.0,0.0,0.0,0,0,0,0
tiledb,rank,256,0,cold,window_256,65536,,,2048,9,30.974923982284963,18137088,18137088,18137088,0.13023822599999998,262144,1024,,0.00390625,,256.0,,,,,,4,8,2157445632,9294884864,0.172428,0.0,0.0,0.008089,0.0,0.0002,0.0,0.0,0.0,0.0,0.0,0.0,0.0,0.0,0.0,29.92223,0.776249,0,0,0,0,0,0,0,0.0,0.0,0.0,0.0,0.0,0.0,0.0,0,0,0,0
tiledb,rank,256,0,cold,window_4096,1024,,,2048,0,41.46430699620396,144285696,144285696,144285696,0.212685061,4096,3596,,0.8779296875,,1.139043381535039,,,,,,2785,68,48431616,9328644096,0.166627,0.03328,0.039199,0.01105,0.00752,31.849051,0.0071,0.0,0.0,0.081968,0.092649,27.655854,0.0,0.188457,0.032129,8.938046,0.016329,1024,893,692,1,7144,7315456,7315456,0.884517,0.537835,1.11278,23.6799,2.44851,0.14729799999999998,27.604400000000002,692,17,1,35658248
tiledb,rank,256,0,cold,window_4096,1024,,,2048,1,39.27414899226278,144375808,144375808,144375808,0.23522095599999998,4096,3616,,0.8828125,,1.1327433628318584,,,,,,2840,68,48620032,9327677440,0.163718,0.03461,0.034999,0.00883,0.0069,37.92546,0.00946,0.0,0.0,0.087508,0.169568,30.741817,0.0,0.288555,0.04034,0.604141,0.01564,2048,1828,1424,1,14624,14974976,14974976,1.0146,0.602015,1.45395,24.9371,3.69725,0.25687699999999997,30.6571,1424,34,2,71316496
tiledb,rank,256,0,cold,window_4096,1024,,,2048,2,39.59131398005411,144384000,144384000,144384000,0.206586709,4096,3608,,0.880859375,,1.1352549889135255,,,,,,2822,68,48423424,9327972352,0.133038,0.03248,0.035329,0.00881,0.00604,31.23275,0.00252,0.0,0.0,0.069499,0.096089,27.073902,0.0,0.148868,0.02852,7.780573,0.01689,1024,896,732,1,7168,7340032,7340032,0.684839,0.434826,0.907926,23.5907,2.1680599999999997,0.141478,27.025199999999998,732,17,1,35658248
tiledb,rank,256,0,cold,window_4096,1024,,,2048,3,40.383232990279794,141914112,141914112,141914112,0.213729328,4096,3621,,0.884033203125,,1.1311792322562828,,,,,,2839,67,48456192,9327636480,0.110258,0.034439,0.04063,0.00889,0.007159,39.072213,0.00838,0.0,0.0,0.122739,0.175447,31.120922,0.0,0.275346,0.033079,0.598601,0.01544,2048,1808,1414,1,14464,14811136,14811136,1.03181,0.6691429999999999,1.49488,24.6694,4.20771,0.32490600000000003,31.050600000000003,1414,34,2,71316496
tiledb,rank,256,0,cold,window_4096,1024,,,2048,4,47.41088702576235,142008320,142008320,142008320,0.258422642,4096,3607,,0.880615234375,,1.1355697255336845,,,,,,2841,67,64315904,9361477632,0.103819,0.032439,0.037529,0.0091,0.00641,25.718263,0.00679,0.0,0.0,0.06513,0.092168,22.250165,0.0,0.163018,0.03064,21.087883,0.01671,1024,892,720,1,7136,7307264,7307264,0.795258,0.48450099999999996,1.03481,18.657799999999998,2.14115,0.13269799999999998,22.2033,720,17,1,35658248
tiledb,rank,256,0,cold,window_4096,1024,,,2048,5,39.97567901387811,144187392,144187392,144187392,0.262247812,4096,3641,,0.888916015625,,1.1249656687723153,,,,,,2810,68,48652800,9361485824,0.107999,0.03387,0.037479,0.00947,0.00788,38.664069,0.00855,0.0,0.0,0.093238,0.175418,30.496451,0.0,0.276775,0.03305,0.610051,0.016099,2048,1832,1413,1,14656,15007744,15007744,1.05399,0.67221,1.54521,24.1022,4.07299,0.355794,30.417199999999998,1413,34,2,71316496
tiledb,rank,256,0,cold,window_4096,1024,,,2048,6,40.23038496961817,144175104,144175104,144175104,0.236154763,4096,3622,,0.88427734375,,1.1308669243511873,,,,,,2835,68,48521728,9361403904,0.171738,0.03331,0.034329,0.00941,0.00699,38.767607,0.01059,0.0,0.0,0.088678,0.181738,30.666839,0.0,0.300186,0.047799,0.623021,0.0171,2048,1816,1415,1,14528,14876672,14876672,0.868767,0.539042,1.30509,25.0478,3.61532,0.281766,30.5959,1415,34,2,71316496
tiledb,rank,256,0,cold,window_4096,1024,,,2048,7,48.8778650178574,144363520,144363520,144363520,0.26002921700000003,4096,3640,,0.888671875,,1.1252747252747253,,,,,,2834,68,64422400,9395232768,0.187947,0.033859,0.03664,0.00869,0.0074,24.733898,0.00706,0.0,0.0,0.055648,0.094339,21.335179,0.0,0.148847,0.02951,23.551646,0.014509,1024,912,704,1,7296,7471104,7471104,0.67123,0.420195,0.9436960000000001,17.9906,1.9473500000000001,0.17659699999999998,21.264100000000003,704,17,1,35658248
tiledb,rank,256,0,cold,window_4096,1024,,,2048,8,31.86047001508996,142344192,142344192,142344192,0.162365268,4096,3636,,0.8876953125,,1.1265126512651265,,,,,,2812,67,32776704,9394262016,0.208017,0.03042,0.032549,0.00853,0.00592,30.802957,0.00287,0.0,0.0,0.06602,0.094108,26.629809,0.0,0.148888,0.030349,0.445673,0.01487,1024,914,692,1,7312,7487488,7487488,0.7247290000000001,0.467522,0.957726,22.8428,2.35216,0.172688,26.5748,692,17,1,35658248
tiledb,rank,256,0,cold,window_4096,1024,,,2048,9,39.39815697958693,142176256,142176256,142176256,0.232198848,4096,3644,,0.8896484375,,1.12403951701427,,,,,,2842,67,48644608,9394569216,0.114268,0.033359,0.050089,0.00948,0.00697,38.011159,0.0088,0.0,0.0,0.09964799999999999,0.173698,29.757192,0.0,0.286615,0.03869,0.604411,0.0171,2048,1831,1424,1,14648,14999552,14999552,0.826287,0.512563,1.2229,24.0563,3.83013,0.248316,29.680600000000002,1424,34,2,71316496
tiledb,rank,256,0,cold,window_4096,8192,,,2048,0,44.39286200795323,144330752,144330752,144330752,0.265496479,32768,14167,,0.432342529296875,,2.3129808710383286,,,,,,1951,68,327393792,9394974720,0.242766,0.0,0.0,0.00833,0.0,0.0002,0.0,0.0,0.0,0.0,0.0,0.0,0.0,0.0,0.0,43.87049,0.071609,0,0,0,0,0,0,0,0.0,0.0,0.0,0.0,0.0,0.0,0.0,0,0,0,0
tiledb,rank,256,0,cold,window_4096,8192,,,2048,1,43.44528599176556,144355328,144355328,144355328,0.239795543,32768,14213,,0.433746337890625,,2.3054949693942164,,,,,,1879,68,327352832,9428414464,0.243266,0.0,0.0,0.00839,0.0,0.00031,0.0,0.0,0.0,0.0,0.0,0.0,0.0,0.0,0.0,43.006953,0.067729,0,0,0,0,0,0,0,0.0,0.0,0.0,0.0,0.0,0.0,0.0,0,0,0,0
tiledb,rank,256,0,cold,window_4096,8192,,,2048,2,43.93797897500917,144404480,144404480,144404480,0.230990272,32768,14204,,0.4334716796875,,2.3069557871022246,,,,,,1906,68,327262720,9428733952,0.264556,0.090408,0.03483,0.00924,0.00823,37.685053,0.030329,0.0,0.0,0.08576900000000001,0.139528,29.806262,0.0,1.033974,0.140378,4.469203,0.076349,16384,7093,953,1,56744,58105856,58105856,0.761539,0.472721,1.085,22.8681,4.32967,1.12477,29.7505,953,34,2,71316496
tiledb,rank,256,0,cold,window_4096,8192,,,2048,3,45.44018703745678,144158720,144158720,144158720,0.264981801,32768,14142,,0.43157958984375,,2.317069721397256,,,,,,1925,68,326828544,9428414464,0.178877,0.090298,0.03489,0.00944,0.008619,38.988044,0.02326,0.0,0.0,0.07657800000000001,0.126159,30.721778,0.0,1.048994,0.154278,4.585391,0.074679,16384,7040,985,1,56320,57671680,57671680,0.718669,0.442481,1.0292400000000002,24.157600000000002,4.273339999999999,0.860277,30.6631,985,34,3,71316496
tiledb,rank,256,0,cold,window_4096,8192,,,2048,4,42.109477042686194,144322560,144322560,144322560,0.22077285400000002,32768,14161,,0.432159423828125,,2.3139608784690346,,,,,,1941,68,326943232,9428389888,0.191508,0.090759,0.035579,0.01008,0.00815,38.277744,0.00791,0.0,0.0,0.081019,0.130428,29.964059,0.0,1.049445,0.155977,1.927491,0.078299,16384,7054,999,1,56432,57786368,57786368,0.780388,0.50424,1.09524,23.7284,3.8524700000000003,0.857457,29.859299999999998,999,34,2,71316496
tiledb,rank,256,0,cold,window_4096,8192,,,2048,5,37.657703971490264,144179200,144179200,144179200,0.227347099,32768,14159,,0.432098388671875,,2.3142877321844764,,,,,,1930,68,230916608,9427886080,0.236206,0.091009,0.032489,0.00858,0.00734,30.682489,0.01628,0.0,0.0,0.050949,0.061049,26.59686,0.0,0.528862,0.075199,5.771824,0.077728,8192,3564,467,1,28512,29196288,29196288,0.6739200000000001,0.45036099999999996,0.8388580000000001,22.6208,2.24978,0.617821,26.5377,467,17,1,35658248
tiledb,rank,256,0,cold,window_4096,8192,,,2048,6,51.154190965462476,144400384,144400384,144400384,0.292470209,32768,14144,,0.431640625,,2.316742081447964,,,,,,1913,68,423600640,9428885504,0.252516,0.076479,0.028939,0.01033,0.00857,43.294339,0.03833,0.0,0.0,0.06595000000000001,0.176437,32.624579,0.0,1.544887,0.209567,5.529277,0.073799,24576,10621,1426,1,84968,87007232,87007232,0.972106,0.6256700000000001,1.41807,23.6924,5.77598,1.2504199999999999,32.5472,1426,51,3,106974744
tiledb,rank,256,0,cold,window_4096,8192,,,2048,7,35.99989804206416,144048128,144048128,144048128,0.20303216,32768,14119,,0.430877685546875,,2.3208442524258093,,,,,,1959,68,230793728,9427894272,0.233576,0.090689,0.031279,0.0085,0.0074,32.267375,0.01603,0.0,0.0,0.054328999999999995,0.062479,27.497566,0.0,0.529662,0.073778,2.550002,0.069939,8192,3547,483,1,28376,29057024,29057024,0.621701,0.37949499999999997,0.8242879999999999,23.377399999999998,2.6929,0.35408500000000004,27.4563,483,17,1,35658248
tiledb,rank,256,0,cold,window_4096,8192,,,2048,8,40.3796230093576,144093184,144093184,144093184,0.21152238299999998,32768,14169,,0.432403564453125,,2.312654386336368,,,,,,1899,68,327098880,9428365312,0.181797,0.0,0.0,0.00839,0.0,0.00034,0.0,0.0,0.0,0.0,0.0,0.0,0.0,0.0,0.0,39.977548,0.068539,0,0,0,0,0,0,0,0.0,0.0,0.0,0.0,0.0,0.0,0.0,0,0,0,0
tiledb,rank,256,0,cold,window_4096,8192,,,2048,9,43.38044801261276,144154624,144154624,144154624,0.241221533,32768,14168,,0.432373046875,,2.312817617165443,,,,,,1908,68,327188992,9428443136,0.231207,0.090428,0.02825,0.00842,0.00742,37.114921,0.030739,0.0,0.0,0.047979999999999995,0.118838,29.715863,0.0,1.031605,0.139598,4.534331,0.070249,16384,7084,943,1,56672,58032128,58032128,0.732579,0.477402,1.0446900000000001,23.404899999999998,3.8636299999999997,0.996365,29.628700000000002,943,34,2,71316496
tiledb,rank,256,0,cold,window_4096,65536,,,2048,0,77.53358397167176,144273408,144273408,144273408,0.396364096,262144,16384,,0.0625,,16.0,,,,,,4,68,2220360192,9427984384,0.299426,0.087068,0.03038,0.01023,0.008789,38.805007,0.03774,0.0,0.0,0.037439,0.00572,30.115577,0.0,1.197482,0.864887,35.24414,0.773489,131072,8192,2,1,65536,67108864,67108864,0.096108,0.046779,0.140348,24.7246,3.8854200000000003,1.1052,30.0943,2,34,2,71316496
tiledb,rank,256,0,cold,window_4096,65536,,,2048,1,63.69198200991377,144326656,144326656,144326656,0.34545851,262144,16384,,0.0625,,16.0,,,,,,4,68,1647313408,9427677184,0.282256,0.081039,0.0334,0.013269,0.00735,32.366013,0.00534,0.0,0.0,0.04672,0.004949,28.250245,0.0,0.622011,0.431534,28.907625,0.779129,65536,4096,1,1,32768,33554432,33554432,0.051049,0.026299,0.098638,24.826,2.4595,0.64424,28.223499999999998,1,17,1,35658248
tiledb,rank,256,0,cold,window_4096,65536,,,2048,2,75.54618397261947,144162816,144162816,144162816,0.365702233,262144,16384,,0.0625,,16.0,,,,,,4,68,2220360192,9428922368,0.216257,0.087098,0.03788,0.01138,0.0088,37.88547,0.029529,0.0,0.0,0.067629,0.00819,29.312009,0.0,1.218641,0.879627,34.111797,0.775458,131072,8192,2,1,65536,67108864,67108864,0.12351899999999999,0.06851,0.161418,23.8896,4.026230000000001,0.943166,29.2773,2,34,2,71316496
tiledb,rank,256,0,cold,window_4096,65536,,,2048,3,68.11939500039443,144494592,144494592,144494592,0.296219691,262144,16384,,0.0625,,16.0,,,,,,4,68,2220360192,9429053440,0.360865,0.080439,0.033329,0.00893,0.00727,30.58256,0.00471,0.0,0.0,0.039869,0.00459,26.556291,0.0,0.610381,0.426993,35.051223,0.774458,65536,4096,1,1,32768,33554432,33554432,0.038909000000000006,0.01754,0.097338,23.5133,2.26204,0.391384,26.534,1,17,1,35658248
tiledb,rank,256,0,cold,window_4096,65536,,,2048,4,78.15594499697909,144433152,144433152,144433152,0.338602126,262144,16384,,0.0625,,16.0,,,,,,4,68,2220360192,9428910080,0.201277,0.086379,0.038919,0.00893,0.0091,39.073932,0.00829,0.0,0.0,0.06426899999999999,0.00838,30.676648,0.0,1.219132,0.878827,35.584695,0.779248,131072,8192,2,1,65536,67108864,67108864,0.185997,0.119948,0.262506,24.7607,4.1405,1.1850100000000001,30.6356,2,34,2,71316496
tiledb,rank,256,0,cold,window_4096,65536,,,2048,5,76.52058900566772,144429056,144429056,144429056,0.320740927,262144,16384,,0.0625,,16.0,,,,,,4,68,2220360192,9428901888,0.211807,0.090559,0.036169,0.01104,0.00775,37.315669,0.00869,0.0,0.0,0.067599,0.00826,29.795772,0.0,1.203282,0.870147,35.714043,0.779158,131072,8192,2,1,65536,67108864,67108864,0.19497699999999998,0.13645700000000002,0.24443700000000002,23.755100000000002,4.39506,1.0865200000000002,29.7636,2,34,2,71316496
tiledb,rank,256,0,cold,window_4096,65536,,,2048,6,76.21260400628671,144187392,144187392,144187392,0.3228391,262144,16384,,0.0625,,16.0,,,,,,4,68,2220360192,9428905984,0.215787,0.085869,0.037809,0.01054,0.00853,37.8924,0.00844,0.0,0.0,0.064359,0.00759,30.419692,0.0,1.195542,0.872017,34.875775,0.775809,131072,8192,2,1,65536,67108864,67108864,0.127479,0.06121000000000001,0.222477,24.378400000000003,4.535810000000001,0.9873959999999999,30.3884,2,34,2,71316496
tiledb,rank,256,0,cold,window_4096,65536,,,2048,7,77.06440100446343,144277504,144277504,144277504,0.323381298,262144,16384,,0.0625,,16.0,,,,,,4,68,2220360192,9428901888,0.215317,0.086798,0.03737,0.01063,0.00896,37.8375,0.031159,0.0,0.0,0.07586899999999999,0.00853,29.24893,0.0,1.219852,0.883637,35.670214,0.782248,131072,8192,2,1,65536,67108864,67108864,0.12349799999999998,0.07226800000000001,0.16746799999999998,24.268600000000003,3.65277,0.864607,29.214299999999998,2,34,2,71316496
tiledb,rank,256,0,cold,window_4096,65536,,,2048,8,67.47383502079174,144306176,144306176,144306176,0.336263472,262144,16384,,0.0625,,16.0,,,,,,4,68,2220360192,9428889600,0.252717,0.081109,0.037999,0.01227,0.0073,31.820951,0.00546,0.0,0.0,0.069729,0.00783,25.807562,0.0,0.645691,0.444403,33.054852,0.779969,65536,4096,1,1,32768,33554432,33554432,0.060448999999999996,0.031198999999999998,0.104849,22.775,2.1340500000000002,0.5641109999999999,25.774600000000003,1,17,1,35658248
tiledb,rank,256,0,cold,window_4096,65536,,,2048,9,76.60543802194297,144228352,144228352,144228352,0.341399664,262144,16384,,0.0625,,16.0,,,,,,4,68,2220360192,9428881408,0.269966,0.087209,0.038789,0.01095,0.00937,38.137456,0.034189,0.0,0.0,0.091348,0.00987,29.471257,0.0,1.213722,0.881097,34.897975,0.777038,131072,8192,2,1,65536,67108864,67108864,0.177467,0.118679,0.23369600000000001,24.0702,3.90308,0.927446,29.4327,2,34,2,71316496
tiledb,rank,256,0,cold,window_65536,1024,,,2048,0,471.14030399825424,2125955072,2125955072,2125955072,3.319668886,4096,4062,,0.99169921875,,1.0083702609551946,,,,,,4010,1007,50315776,9430011904,0.140388,0.03327,0.039159,0.01391,0.00584,469.468439,0.00362,0.0,0.0,0.14096799999999998,0.317315,388.235061,0.0,0.338425,0.052889,0.63662,0.01875,2048,2035,2010,1,16280,16670720,16670720,1.11375,0.729438,1.69157,361.839,49.7914,0.424493,388.137,2010,503,16,1059259720
tiledb,rank,256,0,cold,window_65536,1024,,,2048,1,474.6435310225934,2138767360,2138767360,2138767360,3.234919703,4096,4056,,0.990234375,,1.009861932938856,,,,,,3995,1012,50274816,9430458368,0.121978,0.0,0.0,0.010959,0.0,0.00088,0.0,0.0,0.0,0.0,0.0,0.0,0.0,0.0,0.0,474.199578,0.02854,0,0,0,0,0,0,0,0.0,0.0,0.0,0.0,0.0,0.0,0.0,0,0,0,0
tiledb,rank,256,0,cold,window_65536,1024,,,2048,2,447.6928770309314,2140647424,2140647424,2140647424,2.929678016,4096,4066,,0.99267578125,,1.0073782587309394,,,,,,4000,1016,67060224,9430945792,0.161607,0.03151,0.038939,0.01431,0.00544,249.140282,0.00312,0.0,0.0,0.116049,0.145127,200.208138,0.0,0.195957,0.05109,197.500429,0.02716,1024,1016,1004,1,8128,8323072,8323072,0.9128660000000001,0.5924619999999999,1.25993,174.685,22.908499999999997,0.19139699999999998,200.14000000000001,1004,254,6,532776176
tiledb,rank,256,0,cold,window_65536,1024,,,2048,3,429.37015200732276,1952907264,1952907264,1952907264,2.9778279629999997,4096,4061,,0.991455078125,,1.0086185668554544,,,,,,4014,1004,50274816,9430949888,0.147037,0.03533,0.041829,0.01379,0.0078,427.697457,0.020239,0.0,0.0,0.165188,0.264056,342.826583,0.0,0.338865,0.054589,0.64699,0.01933,2048,2030,2004,1,16240,16629760,16629760,1.01289,0.5820909999999999,1.60041,315.634,48.402,0.382635,342.72200000000004,2004,499,18,1048772000
tiledb,rank,256,0,cold,window_65536,1024,,,2048,4,468.6656310223043,2127781888,2127781888,2127781888,3.11984143,4096,4063,,0.991943359375,,1.008122077282796,,,,,,3989,1005,50332160,9430786048,0.256377,0.0,0.0,0.00951,0.0,0.001,0.0,0.0,0.0,0.0,0.0,0.0,0.0,0.0,0.0,468.147159,0.026609,0,0,0,0,0,0,0,0.0,0.0,0.0,0.0,0.0,0.0,0.0,0,0,0,0
tiledb,rank,256,0,cold,window_65536,1024,,,2048,5,475.85064300801605,2138374144,2138374144,2138374144,3.323557391,4096,4066,,0.99267578125,,1.0073782587309394,,,,,,3991,1014,50291200,9430765568,0.357495,0.034539,0.042589,0.01043,0.00751,474.06461,0.00316,0.0,0.0,0.142928,0.279796,392.754292,0.0,0.338615,0.052219,0.633921,0.01787,2048,2032,1997,1,16256,16646144,16646144,1.0077,0.677551,1.61719,365.051,50.663,0.39802400000000004,392.67,1997,507,15,1065552352
tiledb,rank,256,0,cold,window_65536,1024,,,2048,6,471.76662395941094,2140090368,2140090368,2140090368,3.233706669,4096,4064,,0.9921875,,1.0078740157480315,,,,,,3991,1011,50299392,9429803008,0.193947,0.0,0.0,0.01006,0.0,0.00083,0.0,0.0,0.0,0.0,0.0,0.0,0.0,0.0,0.0,471.272862,0.029009,0,0,0,0,0,0,0,0.0,0.0,0.0,0.0,0.0,0.0,0.0,0,0,0,0
tiledb,rank,256,0,cold,window_65536,1024,,,2048,7,472.026611038018,2123272192,2123272192,2123272192,3.065416052,4096,4069,,0.993408203125,,1.0066355369869746,,,,,,4004,1008,50332160,9429798912,0.169987,0.035569,0.04023,0.013519,0.00586,470.324996,0.00353,0.0,0.0,0.179047,0.271096,392.220151,0.0,0.342255,0.055379,0.65635,0.01886,2048,2037,2002,1,16296,16687104,16687104,1.32302,0.923322,1.9959399999999998,364.379,47.8827,0.356594,392.13,2002,503,18,1055064632
tiledb,rank,256,0,cold,window_65536,1024,,,2048,8,473.9184119971469,2120491008,2120491008,2120491008,3.140925063,4096,4062,,0.99169921875,,1.0083702609551946,,,,,,3989,1005,50274816,9429778432,0.233206,0.034499,0.04629,0.00983,0.007259,472.499594,0.0101,0.0,0.0,0.127718,0.239137,390.804412,0.0,0.337305,0.053119,0.360075,0.01834,2048,2030,1992,1,16240,16629760,16629760,1.14711,0.723387,1.70904,358.904,58.6354,0.397574,390.71,1992,505,16,1061357264
tiledb,rank,256,0,cold,window_65536,1024,,,2048,9,459.7782950149849,2128887808,2128887808,2128887808,3.206608784,4096,4073,,0.994384765625,,1.005646943285048,,,,,,4003,1012,67092992,9430712320,0.238286,0.101628,0.03623,0.01086,0.007199,457.670717,0.00556,0.0,0.0,0.160627,0.364525,364.36628,0.0,0.486233,0.078528,0.781468,0.01889,3072,3054,3000,1,24432,25018368,25018368,1.60027,1.0820400000000001,2.61849,348.95300000000003,55.894,0.544911,364.21500000000003,3000,760,22,1594133440
tiledb,rank,256,0,cold,window_65536,8192,,,2048,0,461.74926502862945,1955889152,1955889152,1955889152,3.193654908,32768,30805,,0.940093994140625,,1.06372342152248,,,,,,27252,1028,395280896,9991557120,0.310695,0.0,0.0,0.0106,0.0,0.00101,0.0,0.0,0.0,0.0,0.0,0.0,0.0,0.0,0.0,460.974497,0.080058,0,0,0,0,0,0,0,0.0,0.0,0.0,0.0,0.0,0.0,0.0,0,0,0,0
tiledb,rank,256,0,cold,window_65536,8192,,,2048,1,495.2898999908939,2157768704,2157768704,2157768704,3.571166578,32768,30786,,0.93951416015625,,1.0643799129474436,,,,,,27198,1028,395248128,9981755392,0.229907,0.094138,0.03658,0.012619,0.00968,487.588007,0.02858,0.0,0.0,0.333526,1.594775,402.672514,0.0,2.260206,0.205787,4.426513,0.074539,16384,15392,13582,1,123136,126091264,126091264,3.79706,2.44911,7.08411,361.43199999999996,47.9438,1.7289899999999998,402.339,13582,514,14,1078137616
tiledb,rank,256,0,cold,window_65536,8192,,,2048,2,487.2627920121886,2157719552,2157719552,2157719552,3.132512543,32768,30757,,0.938629150390625,,1.06538348993725,,,,,,27096,1028,525681152,10253631488,0.294226,0.0,0.0,0.00898,0.0,0.00058,0.0,0.0,0.0,0.0,0.0,0.0,0.0,0.0,0.0,486.600672,0.083718,0,0,0,0,0,0,0,0.0,0.0,0.0,0.0,0.0,0.0,0.0,0,0,0,0
tiledb,rank,256,0,cold,window_65536,8192,,,2048,3,471.184833033476,2157768704,2157768704,2157768704,3.289550542,32768,30775,,0.939178466796875,,1.0647603574329814,,,,,,27218,1028,525812224,10260987904,0.353345,0.079139,0.03952,0.010549,0.01127,461.016516,0.02062,0.0,0.0,0.6995100000000001,2.324835,375.404604,0.0,3.36767,0.298085,5.607145,0.073919,24576,23098,20430,1,184784,189218816,189218816,6.14039,4.05217,11.464699999999999,322.75,64.0879,3.21537,374.731,20430,771,21,1617206424
tiledb,rank,256,0,cold,window_65536,8192,,,2048,4,501.267020998057,2157711360,2157711360,2157711360,3.603460877,32768,30823,,0.940643310546875,,1.0631022288550758,,,,,,27323,1028,395461120,10260471808,0.377894,0.092848,0.03619,0.008979,0.00921,488.67768,0.056029,0.0,0.0,0.351914,1.420629,397.754518,0.0,2.263856,0.206537,9.216472,0.079999,16384,15418,13660,1,123344,126304256,126304256,4.36372,3.09397,7.80302,355.481,46.5116,1.84975,397.387,13660,514,14,1078137616
tiledb,rank,256,0,cold,window_65536,8192,,,2048,5,464.82883900171146,2157797376,2157797376,2157797376,3.2424488289999998,32768,30803,,0.940032958984375,,1.0637924877447003,,,,,,27123,1028,525918720,10264616960,0.247146,0.077688,0.0384,0.01267,0.011209,454.736441,0.111529,0.0,0.0,0.495212,2.292496,376.99619,0.0,3.366919,0.296086,5.601286,0.076859,24576,23111,20368,1,184888,189325312,189325312,6.47776,4.16127,11.627500000000001,320.162,60.0973,3.4278500000000003,376.51800000000003,20368,771,21,1617206424
tiledb,rank,256,0,cold,window_65536,8192,,,2048,6,463.32085103495046,2157903872,2157903872,2157903872,3.017573151,32768,30827,,0.940765380859375,,1.0629642845557465,,,,,,27278,1028,525918720,10258038784,0.270016,0.092578,0.03766,0.011389,0.00832,246.879987,0.03457,0.0,0.0,0.241767,0.879636,199.652987,0.0,1.155223,0.116288,214.345336,0.070449,8192,7716,6798,1,61728,63209472,63209472,2.70063,1.84102,4.40954,164.97899999999998,28.1521,1.5494,199.402,6798,257,7,539068808
tiledb,rank,256,0,cold,window_65536,8192,,,2048,7,482.8485469915904,2158063616,2158063616,2158063616,3.594155571,32768,30720,,0.9375,,1.0666666666666667,,,,,,27171,1028,395289088,10257666048,0.379854,0.091609,0.035759,0.00969,0.00932,474.909337,0.01631,0.0,0.0,0.359535,1.615275,396.478127,0.0,2.264296,0.205997,4.584521,0.076689,16384,15397,13609,1,123176,126132224,126132224,4.5156600000000005,3.33378,8.08441,354.171,48.198,1.7920099999999999,396.178,13609,514,14,1078137616
tiledb,rank,256,0,cold,window_65536,8192,,,2048,8,484.5005830284208,2157690880,2157690880,2157690880,3.587967879,32768,30797,,0.939849853515625,,1.0639997402344383,,,,,,27099,1028,395346432,10249879552,0.238646,0.0,0.0,0.0099,0.0,0.00098,0.0,0.0,0.0,0.0,0.0,0.0,0.0,0.0,0.0,483.876752,0.081538,0,0,0,0,0,0,0,0.0,0.0,0.0,0.0,0.0,0.0,0.0,0,0,0,0
tiledb,rank,256,0,cold,window_65536,8192,,,2048,9,488.25881601078436,2158145536,2158145536,2158145536,3.4528279310000003,32768,30842,,0.94122314453125,,1.0624473121068672,,,,,,27185,1028,395698688,10250047488,0.216737,0.094078,0.03477,0.01242,0.010199,480.543713,0.01456,0.0,0.0,0.33904500000000004,1.597226,399.746658,0.0,2.262986,0.207307,4.431723,0.081539,16384,15447,13599,1,123576,126541824,126541824,4.31183,3.17044,7.82862,357.597,47.4211,1.77286,399.43899999999996,13599,514,14,1078137616
tiledb,rank,256,0,cold,window_65536,65536,,,2048,0,579.7999699716456,2157785088,2157785088,2157785088,4.044465274,262144,165856,,0.6326904296875,,1.580551803974532,,,,,,61164,1028,2833031680,13519130624,0.293076,0.092969,0.045929,174.934839,0.050649,354.850053,0.261006,0.0,0.0,0.810419,3.336629,275.94173,0.0,11.941111,1.2872,35.123502,0.778438,131072,82875,30552,1,663000,678912000,678912000,6.68856,4.2582699999999996,13.5195,209.727,44.9431,10.8678,274.87600000000003,30552,514,14,1078137616
tiledb,rank,256,0,cold,window_65536,65536,,,2048,1,547.4358660285361,2157613056,2157613056,2157613056,3.852423393,262144,165959,,0.6330833435058594,,1.579570857862484,,,,,,60814,1028,2833170944,13504360448,0.370864,0.093139,0.036269,0.372865,0.024589,496.64528,0.069019,0.0,0.0,0.64982,3.370739,414.554065,0.0,11.954701,1.28862,35.543246,0.783168,131072,82998,30457,1,663984,679919616,679919616,7.49651,5.78114,15.183200000000001,347.60200000000003,50.090999999999994,7.65362,413.90700000000004,30457,514,14,1078137616
tiledb,rank,256,0,cold,window_65536,65536,,,2048,2,545.9583489573561,2157719552,2157719552,2157719552,3.858616357,262144,165848,,0.632659912109375,,1.580628044956828,,,,,,60850,1028,2832728576,13504376832,0.285506,0.092739,0.037759,0.01369,0.02048,495.842112,0.067099,0.0,0.0,0.6575500000000001,3.184142,412.824471,0.0,11.929561,1.28348,35.303499,0.782128,131072,82817,30510,1,662536,678436864,678436864,8.516259999999999,6.60352,15.972299999999999,343.94,49.1065,7.89197,412.137,30510,514,14,1078137616
tiledb,rank,256,0,cold,window_65536,65536,,,2048,3,510.32137498259544,2158120960,2158120960,2158120960,3.8132353119999998,262144,166012,,0.6332855224609375,,1.5790665735007108,,,,,,60943,1028,1954931200,13494083584,0.259426,0.083109,0.036289,0.0132,0.01209,469.186763,0.03387,0.0,0.0,0.36037399999999997,1.635666,410.88906,0.0,5.99662,0.64614,32.938594,0.775808,65536,41458,15281,1,331664,339623936,339623936,4.01903,3.13165,7.30882,368.356,28.892999999999997,4.62113,410.565,15281,257,7,539068808
tiledb,rank,256,0,cold,window_65536,65536,,,2048,4,553.3632870065048,2157633536,2157633536,2157633536,3.931367203,262144,165653,,0.6319160461425781,,1.5824886962505962,,,,,,61016,1028,2831966720,13504372736,0.239556,0.090379,0.039479,0.01303,0.02039,503.327259,0.066609,0.0,0.0,0.70932,3.236611,420.305928,0.0,11.932731,1.287271,35.270259,0.779669,131072,82851,30470,1,662808,678715392,678715392,7.51264,5.33883,15.4806,350.356,54.1683,7.892510000000001,419.47499999999997,30470,514,14,1078137616
tiledb,rank,256,0,cold,window_65536,65536,,,2048,5,554.1282760095783,2157957120,2157957120,2157957120,3.862661242,262144,165510,,0.6313705444335938,,1.5838559603649327,,,,,,61220,1028,2831974912,13504614400,0.234406,0.090479,0.038499,0.01345,0.020649,504.832467,0.067999,0.0,0.0,0.64336,3.588206,420.726132,0.0,11.933401,1.283961,34.53745,0.778109,131072,82852,30543,1,662816,678723584,678723584,5.899609999999999,4.48352,12.2843,350.634,57.1625,9.14542,420.091,30543,514,14,1078137616
tiledb,rank,256,0,cold,window_65536,65536,,,2048,6,542.7308180369437,2157944832,2157944832,2157944832,3.753565648,262144,165794,,0.6324539184570312,,1.581142864036093,,,,,,61155,1028,2832728576,14578692096,0.316716,0.090119,0.038189,175.011638,0.047709,318.198794,0.285216,0.0,0.0,0.7676689999999999,3.32352,242.058839,0.0,11.9694,1.292011,34.653429,0.779218,131072,82920,30640,1,663360,679280640,679280640,7.2297899999999995,5.0397799999999995,14.755799999999999,177.948,38.5804,9.76692,241.278,30640,514,14,1078137616
tiledb,rank,256,0,cold,window_65536,65536,,,2048,7,573.9415579591878,2155659264,2155659264,2155659264,4.050185149,262144,165392,,0.63092041015625,,1.5849859727193576,,,,,,60775,1027,2832728576,14597230592,0.335915,0.089608,0.03668,0.016439,0.01858,524.053968,0.068699,0.0,0.0,0.7017509999999999,3.220551,435.738726,0.0,11.891881,1.283621,35.102082,0.779219,131072,82505,30426,1,660040,675880960,675880960,8.77457,6.60152,16.300800000000002,347.017,59.130500000000005,8.087240000000001,434.921,30426,513,14,1076040072
tiledb,rank,256,0,cold,window_65536,65536,,,2048,8,527.8927899780683,2157899776,2157899776,2157899776,3.74242781,262144,165709,,0.6321296691894531,,1.5819539071504867,,,,,,60901,1028,2832728576,14587207680,0.244957,0.082499,0.038839,0.0121,0.01325,368.006555,0.03389,0.0,0.0,0.38981499999999997,1.751313,313.512865,0.0,5.98482,0.64753,151.716088,0.779078,65536,41383,15227,1,331064,339009536,339009536,4.655539999999999,3.31819,8.276499999999999,264.834,28.988400000000002,9.71583,313.09700000000004,15227,257,8,539068808
tiledb,rank,256,0,cold,window_65536,65536,,,2048,9,565.9437270369381,2157899776,2157899776,2157899776,3.845501712,262144,165707,,0.6321220397949219,,1.5819730005370927,,,,,,61063,1028,3711074816,14597988352,0.312675,0.096059,0.038759,0.01195,0.025949,500.102619,0.158848,0.0,0.0,1.4235389999999999,5.106663,414.633493,0.0,17.90081,1.904982,44.416642,0.779558,196608,124308,45789,1,994464,1018331136,1018331136,11.665,7.7269499999999995,24.3761,308.78299999999996,58.0729,16.5459,413.175,45789,771,21,1617206424
tiledb,rank,256,0,warm,random,1024,,,2048,0,407.5186710106209,0,0,0,11.529143676,4096,4095,,0.999755859375,,1.0002442002442002,,,,,,4095,4062,33901568,14540783616,0.191677,0.032709,0.03979,0.01206,0.012799,406.317879,0.00307,0.0,0.0,0.095359,0.143318,274.363913,0.0,0.197367,0.05048,0.275056,0.018669,1021,1020,1020,1,8160,8355840,8355840,1.05474,0.756462,1.48892,224.757,144.994,0.5664020000000001,274.30100000000004,1020,992,662,4016796760
tiledb,rank,256,0,warm,random,1024,,,2048,1,400.94914997462183,0,0,0,11.487909006,4096,4096,,1.0,,1.0,,,,,,4096,4057,33836032,14540722176,0.188328,0.03869,0.040639,0.00922,0.00681,399.779757,0.00692,0.0,0.0,0.09387799999999999,0.125188,275.743043,0.0,0.198697,0.051169,0.293996,0.0182,1018,1018,1018,1,8144,8339456,8339456,0.842088,0.5414420000000001,1.26855,224.249,123.151,0.5580710000000001,275.674,1018,977,652,4031479568
tiledb,rank,256,0,warm,random,1024,,,2048,2,416.6846020380035,0,0,0,11.010106882999999,4096,4095,,0.999755859375,,1.0002442002442002,,,,,,4095,4068,34245632,14541029376,0.154687,0.03343,0.040489,0.00961,0.0073,415.573039,0.00734,0.0,0.0,0.101738,0.140398,306.238204,0.0,0.200847,0.049319,0.274066,0.018209,1063,1063,1063,1,8504,8708096,8708096,1.02881,0.685561,1.4914399999999999,231.663,124.167,0.6213310000000001,306.17499999999995,1063,1028,690,4356598888
tiledb,rank,256,0,warm,random,1024,,,2048,3,421.2564840563573,0,0,0,11.257106346,4096,4096,,1.0,,1.0,,,,,,4096,4067,33704960,14541017088,0.167257,0.03417,0.042249,0.00899,0.0076,420.116901,0.013549,0.0,0.0,0.10180800000000001,0.125649,314.679877,0.0,0.199177,0.050119,0.288685,0.01921,1030,1030,1028,1,8240,8437760,8437760,1.0957000000000001,0.65468,1.52892,239.52200000000002,125.327,0.5506620000000001,314.61,1028,1004,669,4218160984
tiledb,rank,256,0,warm,random,1024,,,2048,4,410.0451919948682,0,0,0,11.004802169000001,4096,4096,,1.0,,1.0,,,,,,4096,4060,33934336,14540582912,0.126358,0.034889,0.04026,0.01075,0.006449,408.91763,0.00838,0.0,0.0,0.101578,0.169778,289.002743,0.0,0.200457,0.050229,0.288225,0.01866,1044,1044,1044,1,8352,8552448,8552448,1.0293299999999999,0.668269,1.49066,216.617,130.551,0.551142,288.938,1044,1017,682,4134259224
tiledb,rank,256,0,warm,random,1024,,,2048,5,408.31616800278425,0,0,0,11.498564469,4096,4096,,1.0,,1.0,,,,,,4096,4071,34098176,14540775424,0.117698,0.031139,0.039119,0.00942,0.0052,407.235795,0.00628,0.0,0.0,0.096138,0.150888,288.652929,0.0,0.201357,0.049489,0.279105,0.01892,1045,1045,1045,1,8360,8560640,8560640,1.08095,0.70238,1.54309,215.982,135.363,0.552261,288.59000000000003,1045,1012,690,4012601672
tiledb,rank,256,0,warm,random,1024,,,2048,6,414.1715709702112,0,0,0,10.995118569,4096,4096,,1.0,,1.0,,,,,,4096,4062,34106368,14540890112,0.119938,0.033379,0.04192,0.00987,0.006379,391.961195,0.00758,0.0,0.0,0.101859,0.135838,264.856156,0.0,0.195267,0.049439,21.292869,0.01927,1008,1008,1008,1,8064,8257536,8257536,0.895896,0.596483,1.3116700000000001,220.26100000000002,120.00800000000001,0.47779400000000005,264.79,1008,981,667,4010504128
tiledb,rank,256,0,warm,random,1024,,,2048,7,413.866016024258,0,0,0,10.943148201,4096,4096,,1.0,,1.0,,,,,,4095,4065,33999872,14540648448,0.116318,0.0337,0.040069,0.01002,0.00662,412.664053,0.00824,0.0,0.0,0.096499,0.146587,296.769236,0.0,0.203797,0.122238,0.286466,0.0187,1048,1048,1048,1,8384,8585216,8585216,1.1335799999999998,0.7695850000000001,1.64866,213.43400000000003,127.754,0.431825,296.704,1048,1014,679,4289477480
tiledb,rank,256,0,warm,random,1024,,,2048,8,403.9800240425393,0,0,0,11.777744617,4096,4096,,1.0,,1.0,,,,,,4096,4066,34343936,14540623872,0.121399,0.03281,0.045089,0.00974,0.00518,402.863421,0.00832,0.0,0.0,0.098828,0.150928,275.555926,0.0,0.205357,0.050859,0.284216,0.01921,1069,1069,1069,1,8552,8757248,8757248,1.22175,0.8522099999999999,1.75771,220.379,153.702,0.7465590000000001,275.493,1069,1032,690,4320940640
tiledb,rank,256,0,warm,random,1024,,,2048,9,412.4045870266855,0,0,0,11.804726022,4096,4096,,1.0,,1.0,,,,,,4096,4064,34393088,14540648448,0.173247,0.033709,0.04101,0.01025,0.00648,411.255844,0.00853,0.0,0.0,0.102759,0.149378,281.23476,0.0,0.205287,0.048119,0.281376,0.01757,1072,1072,1072,1,8576,8781824,8781824,1.26285,0.805677,1.74881,224.759,144.611,0.65574,281.16400000000004,1072,1044,690,4323038184
tiledb,rank,256,0,warm,random,8192,,,2048,0,1296.0458970046602,0,0,0,49.556314053,32768,32755,,0.999603271484375,,1.0003968859716075,,,,,,32736,30786,269741056,14556860416,0.246406,0.093518,0.03714,0.01254,0.00967,1292.224314,0.008929,0.0,0.0,0.232707,0.906326,1169.566909,0.0,1.216332,0.118679,1.641695,0.073819,8131,8123,8108,1,64984,66543616,66543616,2.68446,2.00573,5.27889,740.201,605.621,6.96665,1169.3700000000001,8108,6435,1473,23744198080
tiledb,rank,256,0,warm,random,8192,,,2048,1,1295.3635670128278,0,0,0,51.733914053,32768,32756,,0.9996337890625,,1.0003663450970814,,,,,,32741,30768,270448128,14556778496,0.269536,0.091329,0.035009,0.00925,0.0087,1291.467356,0.00862,0.0,0.0,0.22724699999999998,0.903996,1165.911514,0.0,1.215381,0.193778,1.657655,0.076809,8124,8118,8105,1,64944,66502656,66502656,2.7166,2.04175,5.46837,805.552,699.287,6.9577,1165.71,8105,6383,1484,23559614208
tiledb,rank,256,0,warm,random,8192,,,2048,2,1296.1019849753939,0,0,0,53.90043352,32768,32755,,0.999603271484375,,1.0003968859716075,,,,,,32742,30831,270775808,14556737536,0.206997,0.090199,0.040309,0.00954,0.00648,1292.325912,0.030659,0.0,0.0,0.228326,0.915117,1165.816606,0.0,1.243172,0.124548,1.641265,0.074809,8314,8307,8289,1,66456,68050944,68050944,2.76805,1.90577,5.55127,915.5,750.7620000000001,7.33793,1165.6100000000001,8289,6504,1492,23945562304
tiledb,rank,256,0,warm,random,8192,,,2048,3,1291.997016989626,0,0,0,48.941640774,32768,32764,,0.9998779296875,,1.0001220852154804,,,,,,32746,30786,270489088,14556942336,0.216487,0.091969,0.033289,0.00892,0.00655,1288.156055,0.031059,0.0,0.0,0.221276,0.896377,1161.353443,0.0,1.233912,0.190067,1.653525,0.075749,8194,8190,8173,1,65520,67092480,67092480,2.8052799999999998,2.1473199999999997,5.54324,783.476,665.285,7.1041300000000005,1161.1499999999999,8173,6492,1477,24006391080
tiledb,rank,256,0,warm,random,8192,,,2048,4,1296.3568319682963,0,0,0,50.991613526,32768,32757,,0.999664306640625,,1.0003358060872485,,,,,,32746,30766,269593600,14557077504,0.286506,0.093539,0.035469,0.01058,0.00926,1292.50534,0.03135,0.0,0.0,0.234797,0.882566,1170.80509,0.0,1.224612,0.120968,1.661685,0.073989,8180,8173,8162,1,65384,66953216,66953216,2.5837999999999997,1.89638,5.14896,826.8290000000001,663.968,6.7268,1170.6000000000001,8162,6433,1467,23723222640
tiledb,rank,256,0,warm,random,8192,,,2048,5,1297.1722700167447,0,0,0,48.928394279,32768,32755,,0.999603271484375,,1.0003968859716075,,,,,,32745,30774,269899264,14557528064,0.252146,0.095828,0.03579,0.01027,0.00847,1293.343037,0.034199,0.0,0.0,0.232187,0.915436,1189.292002,0.0,1.235071,0.120559,1.652175,0.074399,8263,8251,8234,1,66008,67592192,67592192,3.01438,2.14203,5.751390000000001,795.987,625.741,7.06596,1189.09,8234,6500,1485,23993805816
tiledb,rank,256,0,warm,random,8192,,,2048,6,1303.7073820014484,0,0,0,54.91228363,32768,32761,,0.999786376953125,,1.0002136686914318,,,,,,32749,30784,270751232,14556991488,0.243316,0.091158,0.03604,0.00991,0.00794,1299.883229,0.00851,0.0,0.0,0.242136,0.833808,1165.247484,0.0,1.226701,0.122369,1.667655,0.074439,8209,8201,8184,1,65608,67182592,67182592,2.72165,1.9577200000000001,5.45194,970.132,725.523,7.3923,1164.98,8184,6454,1468,23616247896
tiledb,rank,256,0,warm,random,8192,,,2048,7,1307.966967986431,0,0,0,55.964917240000005,32768,32759,,0.999725341796875,,1.0002747336609787,,,,,,32739,30755,270063104,14557114368,0.217246,0.091359,0.037009,0.01047,0.00793,1304.077716,0.00955,0.0,0.0,0.23407599999999998,0.921736,1160.563975,0.0,1.256781,0.197367,1.655375,0.075399,8271,8263,8241,1,66104,67690496,67690496,3.0243100000000003,2.14288,5.64617,970.915,765.224,7.8138700000000005,1160.3600000000001,8241,6496,1479,23733710360
tiledb,rank,256,0,warm,random,8192,,,2048,8,1297.178109001834,0,0,0,54.421965922,32768,32760,,0.999755859375,,1.0002442002442002,,,,,,32742,30702,270235136,14556725248,0.253207,0.093819,0.036139,0.01028,0.00847,1293.290659,0.03169,0.0,0.0,0.22762700000000002,0.907876,1160.677952,0.0,1.225361,0.186067,1.662604,0.075289,8194,8189,8168,1,65512,67084288,67084288,2.2824899999999997,1.62725,4.7430900000000005,949.2479999999999,798.819,7.65742,1160.48,8168,6446,1483,23849075280
tiledb,rank,256,0,warm,random,8192,,,2048,9,1301.5209049917758,0,0,0,55.303997225,32768,32763,,0.999847412109375,,1.0001526111772425,,,,,,32736,30890,270456320,14557519872,0.261816,0.093769,0.039349,0.01021,0.00906,1297.710751,0.013479,0.0,0.0,0.23813600000000001,0.841488,1157.249704,0.0,1.212012,0.116328,1.649175,0.075639,8101,8095,8080,1,64760,66314240,66314240,2.6092400000000002,1.68973,5.28721,965.784,762.346,5.91606,1156.99,8080,6418,1484,23826002296
tiledb,rank,256,0,warm,random,65536,,,2048,0,2754.268695018254,0,0,0,70.739089044,262144,261627,,0.9980278015136719,,1.0019760957393542,,,,,,260583,165439,2151669248,14681407488,0.267186,0.088829,0.039219,0.0136,0.01777,2730.176637,0.053309,0.0,0.0,1.432099,6.881826,2615.515932,0.0,9.427548,0.793358,12.279125,0.776088,65873,65324,64261,1,522592,535134208,535134208,13.0856,10.576,30.729,1108.8100000000002,978.464,24.6344,2614.2599999999998,64261,16085,480,33862750336
tiledb,rank,256,0,warm,random,65536,,,2048,1,2724.0650079911575,0,0,0,70.923552555,262144,261609,,0.9979591369628906,,1.0020450366768727,,,,,,260581,165709,2152676864,14680780800,0.340354,0.084409,0.038029,0.01082,0.01642,2700.04977,0.052949,0.0,0.0,1.257681,6.781128,2594.97801,0.0,9.354159,0.860857,12.183657,0.773658,65385,64862,63805,1,518896,531349504,531349504,13.7041,11.1318,29.0362,1102.51,1021.5600000000001,25.3823,2593.4900000000002,63805,16068,495,33818701912
tiledb,rank,256,0,warm,random,65536,,,2048,2,2775.057601975277,0,0,0,69.94720366600001,262144,261642,,0.9980850219726562,,1.0019186522041568,,,,,,260678,165881,2151658496,14680363008,0.313625,0.083848,0.03868,0.01121,0.016829,2535.936359,0.05196,0.0,0.0,1.299301,6.64624,2409.339792,0.0,9.408108,0.791598,227.214763,0.816377,65661,65130,64100,1,521040,533544960,533544960,13.9421,11.0107,30.6738,1023.0600000000001,979.881,25.2412,2408.0499999999997,64100,16083,473,33871140512
tiledb,rank,256,0,warm,random,65536,,,2048,3,2753.15981102176,0,0,0,70.48687653,262144,261637,,0.9980659484863281,,1.0019377993173748,,,,,,260688,165768,2154842112,14679752704,0.324135,0.084189,0.038749,0.00997,0.01688,2729.248841,0.051439,0.0,0.0,1.29424,6.581371,2616.30382,0.0,9.31405,0.841197,12.214036,0.775268,65238,64707,63683,1,517656,530079744,530079744,13.727,11.306999999999999,32.9992,1163.53,1005.0600000000001,24.4073,2615.04,63683,16089,477,33873238056
tiledb,rank,256,0,warm,random,65536,,,2048,4,2771.3669380173087,0,0,0,70.888168829,262144,261619,,0.9979972839355469,,1.0020067349848443,,,,,,260580,165843,2150238720,14681104384,0.246716,0.085299,0.038899,0.01122,0.01657,2747.430337,0.051059,0.0,0.0,1.37171,6.589891,2647.531829,0.0,9.35174,0.853177,12.255156,0.773608,65451,64937,63984,1,519496,531963904,531963904,14.536999999999999,11.605300000000002,32.2117,1129.85,1016.81,23.407600000000002,2646.2599999999998,63984,16064,485,33848067528
tiledb,rank,256,0,warm,random,65536,,,2048,5,2760.0949269835837,0,0,0,71.788010563,262144,261647,,0.9981040954589844,,1.0018995058227307,,,,,,260634,165636,2148521472,14681448448,0.264116,0.084809,0.039769,0.01293,0.01704,2736.57351,0.051179,0.0,0.0,1.2754210000000001,6.614061,2620.628834,0.0,9.388189,0.783178,11.775463,0.778059,65438,64926,63897,1,519408,531873792,531873792,13.8689,11.2357,31.1015,1130.5,1094.3700000000001,27.520599999999998,2619.3,63897,16110,457,33915188936
tiledb,rank,256,0,warm,random,65536,,,2048,6,2768.6569989891723,0,0,0,70.289133847,262144,261607,,0.9979515075683594,,1.0020526973666606,,,,,,260609,165752,2150205952,14681726976,0.341565,0.085169,0.037529,0.01102,0.01647,2744.654928,0.051999,0.0,0.0,1.288201,6.63328,2643.846445,0.0,9.36923,0.855787,12.150817,0.779628,65505,64970,63982,1,519760,532234240,532234240,14.8502,12.3011,32.215,1147.7,949.944,26.4119,2642.57,63982,16109,477,33913091392
tiledb,rank,256,0,warm,random,65536,,,2048,7,2784.9959330051206,0,0,0,69.995233549,262144,261597,,0.9979133605957031,,1.0020910025726595,,,,,,260572,165807,2149556224,14681309184,0.328365,0.083489,0.037279,0.01189,0.01739,2644.363067,0.058839,0.0,0.0,1.28902,6.629441,2544.336212,0.0,9.395359,0.792338,128.735964,0.812597,65705,65148,64106,1,521184,533692416,533692416,14.7798,12.1821,32.5023,1082.8500000000001,985.694,27.712500000000002,2543.06,64106,16076,486,33854360160
tiledb,rank,256,0,warm,random,65536,,,2048,8,2763.4754659957252,0,0,0,69.684843808,262144,261629,,0.9980354309082031,,1.0019684362207553,,,,,,260622,165795,2151527424,14681534464,0.310945,0.085229,0.037209,0.01149,0.01683,2739.408397,0.05148,0.0,0.0,1.268671,6.597861,2641.52075,0.0,9.3293,0.785608,12.360094,0.774698,65186,64693,63737,1,517544,529965056,529965056,14.7378,12.142999999999999,32.276399999999995,1145.24,983.5390000000001,25.9877,2640.29,63737,16074,484,33856457704
tiledb,rank,256,0,warm,random,65536,,,2048,9,2794.804913981352,0,0,0,70.437523546,262144,261633,,0.9980506896972656,,1.0019531175348675,,,,,,260582,166024,2150593536,14681292800,0.299196,0.090648,0.03875,0.011659,0.01715,2770.983773,0.050839,0.0,0.0,1.33332,6.573751,2667.46879,0.0,9.354219,0.768159,12.163007,0.775309,65478,64947,63974,1,519576,532045824,532045824,14.3237,11.6633,31.5796,1165.99,1056.2,23.8238,2666.2200000000003,63974,16074,492,33843872440
tiledb,rank,256,0,warm,window_256,1024,,,2048,0,5.162672023288906,0,0,0,0.029731767,4096,1002,,0.24462890625,,4.087824351297405,,,,,,25,8,48202240,14541615104,0.188897,0.088028,0.02858,0.0091,0.00685,4.203187,0.00596,0.0,0.0,0.029809000000000002,0.00565,2.932526,0.0,0.118648,0.030429,0.376955,0.011769,3072,748,22,1,5984,6127616,6127616,0.413244,0.288494,0.47084299999999996,1.3596700000000002,0.8031079999999999,0.146668,2.91264,22,6,3,12585264
tiledb,rank,256,0,warm,window_256,1024,,,2048,1,4.235245985910296,0,0,0,0.024297897,4096,1009,,0.246337890625,,4.059464816650149,,,,,,18,8,37839360,14541492224,0.108279,0.03139,0.028569,0.00831,0.00609,2.098499,0.00254,0.0,0.0,0.025509999999999998,0.00309,1.567256,0.0,0.049389,0.024259,1.763144,0.01236,1024,251,5,1,2008,2056192,2056192,0.25600599999999996,0.169546,0.303506,0.786588,0.302055,0.066419,1.54155,5,2,1,4195088
tiledb,rank,256,0,warm,window_256,1024,,,2048,2,3.1779130222275853,0,0,0,0.022235454,4096,1007,,0.245849609375,,4.067527308838133,,,,,,20,8,27288064,14541361152,0.094418,0.031759,0.02791,0.00811,0.00697,2.191237,0.00138,0.0,0.0,0.023769000000000002,0.00253,1.655295,0.0,0.061169,0.024249,0.604491,0.01395,1024,252,4,1,2016,2064384,2064384,0.213587,0.152669,0.250186,0.910206,0.316955,0.087719,1.6366399999999999,4,2,1,4195088
tiledb,rank,256,0,warm,window_256,1024,,,2048,3,4.709728993475437,0,0,0,0.027965339999999998,4096,1010,,0.24658203125,,4.0554455445544555,,,,,,18,8,37839360,14541352960,0.108429,0.03235,0.032199,0.00851,0.00721,3.688545,0.00138,0.0,0.0,0.04133,0.006829,2.68099,0.0,0.085988,0.02873,0.589611,0.01442,2048,505,9,1,4040,4136960,4136960,0.44688300000000003,0.315106,0.5025919999999999,1.3185600000000002,0.5881909999999999,0.104838,2.65747,9,4,2,8390176
tiledb,rank,256,0,warm,window_256,1024,,,2048,4,4.037889011669904,0,0,0,0.024725606,4096,1007,,0.245849609375,,4.067527308838133,,,,,,20,8,37839360,14541336576,0.107729,0.03144,0.034359,0.00823,0.00682,2.260306,0.00158,0.0,0.0,0.025550000000000003,0.00268,1.634035,0.0,0.051609,0.02481,1.386339,0.0143,1024,251,6,1,2008,2056192,2056192,0.22301600000000002,0.139799,0.266466,0.928866,0.27458499999999997,0.068949,1.61637,6,2,1,4195088
tiledb,rank,256,0,warm,window_256,1024,,,2048,5,4.743598983623087,0,0,0,0.03170249,4096,1009,,0.246337890625,,4.059464816650149,,,,,,19,8,37839360,14541328384,0.124619,0.03224,0.030729,0.00838,0.00623,3.722744,0.00545,0.0,0.0,0.04395,0.006209,2.69891,0.0,0.086029,0.029169,0.586131,0.01412,2048,503,11,1,4024,4120576,4120576,0.402404,0.282765,0.444713,1.24701,0.757509,0.10249799999999999,2.67418,11,4,2,8390176
tiledb,rank,256,0,warm,window_256,1024,,,2048,6,4.331774020101875,0,0,0,0.025329905,4096,1006,,0.24560546875,,4.071570576540755,,,,,,22,8,37839360,14541283328,0.092358,0.031119,0.03062,0.00821,0.007,2.346255,0.00156,0.0,0.0,0.032349,0.00445,1.660165,0.0,0.048489,0.024709,1.611266,0.01253,1024,252,5,1,2016,2064384,2064384,0.246316,0.144458,0.301815,0.7967780000000001,0.377894,0.083919,1.63967,5,2,1,4195088
tiledb,rank,256,0,warm,window_256,1024,,,2048,7,6.21090701315552,0,0,0,0.035032178,4096,1012,,0.2470703125,,4.047430830039525,,,,,,16,8,48300544,14541291520,0.128598,0.0,0.0,0.00769,0.0,0.00014,0.0,0.0,0.0,0.0,0.0,0.0,0.0,0.0,0.0,5.98029,0.01381,0,0,0,0,0,0,0,0.0,0.0,0.0,0.0,0.0,0.0,0.0,0,0,0,0
tiledb,rank,256,0,warm,window_256,1024,,,2048,8,5.427959025837481,0,0,0,0.03106828,4096,1008,,0.24609375,,4.063492063492063,,,,,,19,8,48259584,14541234176,0.137497,0.083319,0.02662,0.008129,0.00697,4.512533,0.00638,0.0,0.0,0.03372,0.005,3.28927,0.0,0.130058,0.029599,0.381064,0.01335,3072,755,15,1,6040,6184960,6184960,0.461903,0.311396,0.502813,1.64953,0.815898,0.153908,3.27136,15,6,3,12585264
tiledb,rank,256,0,warm,window_256,1024,,,2048,9,4.041190026327968,0,0,0,0.025089777,4096,1006,,0.24560546875,,4.071570576540755,,,,,,22,8,37839360,14541197312,0.117718,0.031889,0.02765,0.00782,0.00681,2.264995,0.00141,0.0,0.0,0.024718999999999998,0.00297,1.666755,0.0,0.04775,0.023579,1.399939,0.01451,1024,252,5,1,2016,2064384,2064384,0.242776,0.148237,0.280266,0.864477,0.318935,0.10770800000000001,1.6489099999999999,5,2,1,4195088
tiledb,rank,256,0,warm,window_256,8192,,,2048,0,6.6199510474689305,0,0,0,0.033561012,32768,1024,,0.03125,,32.0,,,,,,4,8,273351168,14541553664,0.158427,0.087479,0.027359,0.00852,0.00699,2.979995,0.00134,0.0,0.0,0.023349,0.00231,2.283926,0.0,0.093529,0.102538,2.964335,0.076289,16384,512,2,1,4096,4194304,4194304,0.145998,0.099009,0.183917,1.2134699999999998,0.6218210000000001,0.147297,2.2669,2,4,2,8390176
tiledb,rank,256,0,warm,window_256,8192,,,2048,1,7.411749043967575,0,0,0,0.039416345,32768,1024,,0.03125,,32.0,,,,,,4,8,273351168,14541795328,0.169098,0.087299,0.03105,0.00849,0.006959,3.125023,0.00139,0.0,0.0,0.02436,0.00239,2.334105,0.0,0.104189,0.102148,3.591546,0.071259,16384,512,2,1,4096,4194304,4194304,0.17042700000000002,0.123459,0.212776,1.3375800000000002,0.571032,0.09304899999999999,2.31526,2,4,2,8390176
tiledb,rank,256,0,warm,window_256,8192,,,2048,2,6.168416992295533,0,0,0,0.030149203,32768,1024,,0.03125,,32.0,,,,,,4,8,273351168,14541647872,0.178857,0.0,0.0,0.00746,0.0,0.00014,0.0,0.0,0.0,0.0,0.0,0.0,0.0,0.0,0.0,5.843442,0.061039,0,0,0,0,0,0,0,0.0,0.0,0.0,0.0,0.0,0.0,0.0,0,0,0,0
tiledb,rank,256,0,warm,window_256,8192,,,2048,3,8.520202012732625,0,0,0,0.040609132,32768,1024,,0.03125,,32.0,,,,,,4,8,273351168,14541791232,0.160428,0.087788,0.02749,0.00846,0.00721,3.504867,0.00128,0.0,0.0,0.024769,0.00238,2.389784,0.0,0.086049,0.102078,4.346595,0.076388,16384,512,2,1,4096,4194304,4194304,0.166437,0.112388,0.208787,1.29869,0.636031,0.090579,2.37107,2,4,2,8390176
tiledb,rank,256,0,warm,window_256,8192,,,2048,4,6.913885998073965,0,0,0,0.034402964,32768,1024,,0.03125,,32.0,,,,,,4,8,273351168,14541647872,0.161818,0.088129,0.02741,0.00831,0.00698,1.95556,0.00094,0.0,0.0,0.024810000000000002,0.00201,1.393059,0.0,0.050449,0.05497,4.382993,0.064699,8192,256,1,1,2048,2097152,2097152,0.067519,0.046939,0.102378,0.756259,0.33420500000000003,0.09475800000000001,1.37433,1,2,1,4195088
tiledb,rank,256,0,warm,window_256,8192,,,2048,5,8.918006031308323,0,0,0,0.039369621,32768,1024,,0.03125,,32.0,,,,,,4,8,273351168,14541643776,0.185398,0.088029,0.029,0.008589,0.00725,3.453308,0.00182,0.0,0.0,0.02427,0.00233,2.487302,0.0,0.087319,0.105098,4.505063,0.071369,16384,512,2,1,4096,4194304,4194304,0.182497,0.125909,0.24698599999999998,1.2911400000000002,0.688939,0.106819,2.4694399999999996,2,4,2,8390176
tiledb,rank,256,0,warm,window_256,8192,,,2048,6,7.969920989125967,0,0,0,0.039799483,32768,1024,,0.03125,,32.0,,,,,,4,8,342884864,14541766656,0.160217,0.087939,0.029209,0.00831,0.00705,2.00046,0.00094,0.0,0.0,0.024219,0.00189,1.399499,0.0,0.050539,0.056059,5.397039,0.059359,8192,256,1,1,2048,2097152,2097152,0.076219,0.055999,0.13203800000000002,0.744989,0.364365,0.06484,1.38151,1,2,1,4195088
tiledb,rank,256,0,warm,window_256,8192,,,2048,7,10.00276900595054,0,0,0,0.047799061999999996,32768,1024,,0.03125,,32.0,,,,,,4,8,342884864,14541737984,0.162447,0.074129,0.029189,0.0082,0.00636,3.714484,0.00182,0.0,0.0,0.0237,0.00263,2.758598,0.0,0.121669,0.147207,5.555017,0.071049,24576,768,3,1,6144,6291456,6291456,0.265986,0.16763699999999998,0.30424500000000004,1.3667900000000002,0.786968,0.14243799999999998,2.74038,3,6,3,12585264
tiledb,rank,256,0,warm,window_256,8192,,,2048,8,7.4937770259566605,0,0,0,0.039106849,32768,1024,,0.03125,,32.0,,,,,,4,8,273351168,14541611008,0.166167,0.087159,0.029139,0.00849,0.00707,3.224921,0.00477,0.0,0.0,0.024829999999999998,0.00233,2.253716,0.0,0.086229,0.106808,3.594176,0.071869,16384,512,2,1,4096,4194304,4194304,0.129688,0.095338,0.184557,1.27222,0.5526220000000001,0.12256800000000001,2.23504,2,4,2,8390176
tiledb,rank,256,0,warm,window_256,8192,,,2048,9,6.198757037054747,0,0,0,0.035529088,32768,1024,,0.03125,,32.0,,,,,,4,8,203817472,14541447168,0.167968,0.087938,0.02916,0.00845,0.00708,2.280645,0.00095,0.0,0.0,0.023798999999999997,0.00182,1.563387,0.0,0.05031,0.059629,3.32792,0.067959,8192,256,1,1,2048,2097152,2097152,0.079469,0.059289,0.138518,0.790198,0.44593299999999997,0.098009,1.54588,1,2,1,4195088
tiledb,rank,256,0,warm,window_256,65536,,,2048,0,40.82028602715582,0,0,0,0.172671914,262144,1024,,0.00390625,,256.0,,,,,,4,8,3241640960,14541758464,0.164448,0.0,0.0,0.007929,0.0,0.00017,0.0,0.0,0.0,0.0,0.0,0.0,0.0,0.0,0.0,39.778212,0.775478,0,0,0,0,0,0,0,0.0,0.0,0.0,0.0,0.0,0.0,0.0,0,0,0,0
tiledb,rank,256,0,warm,window_256,65536,,,2048,1,33.23358000488952,0,0,0,0.124893586,262144,1024,,0.00390625,,256.0,,,,,,4,8,2157445632,14542782464,0.179147,0.077159,0.02867,0.008399,0.00689,1.918422,0.00098,0.0,0.0,0.02412,0.00186,1.396729,0.0,0.051289,0.379724,29.693303,0.774509,65536,256,1,1,2048,2097152,2097152,0.027869,0.00955,0.076448,0.778459,0.333845,0.092288,1.37192,1,2,1,4195088
tiledb,rank,256,0,warm,window_256,65536,,,2048,2,40.452262037433684,0,0,0,0.136922985,262144,1024,,0.00390625,,256.0,,,,,,4,8,2157445632,14542774272,0.195457,0.084049,0.029009,0.0083,0.00755,3.35404,0.00405,0.0,0.0,0.02438,0.002339,2.444504,0.0,0.086178,0.772059,35.027674,0.774888,131072,512,2,1,4096,4194304,4194304,0.175978,0.113739,0.226407,1.34037,0.583531,0.14940799999999999,2.4265,2,4,2,8390176
tiledb,rank,256,0,warm,window_256,65536,,,2048,3,39.62949296692386,0,0,0,0.144489902,262144,1024,,0.00390625,,256.0,,,,,,4,8,2157445632,14542770176,0.183307,0.084028,0.02851,0.00826,0.00722,3.677884,0.00137,0.0,0.0,0.024489,0.00231,2.617911,0.0,0.087169,0.770678,33.890131,0.775788,131072,512,2,1,4096,4194304,4194304,0.19592700000000002,0.12732800000000002,0.281146,1.39575,0.6890499999999999,0.12154799999999999,2.5998,2,4,2,8390176
tiledb,rank,256,0,warm,window_256,65536,,,2048,4,34.51145096914843,0,0,0,0.143951724,262144,1024,,0.00390625,,256.0,,,,,,4,8,2157445632,14543806464,0.178058,0.0,0.0,0.00763,0.0,0.0002,0.0,0.0,0.0,0.0,0.0,0.0,0.0,0.0,0.0,33.461567,0.779548,0,0,0,0,0,0,0,0.0,0.0,0.0,0.0,0.0,0.0,0.0,0,0,0,0
tiledb,rank,256,0,warm,window_256,65536,,,2048,5,29.396077035926282,0,0,0,0.110716422,262144,1024,,0.00390625,,256.0,,,,,,4,8,2157445632,14542741504,0.175467,0.076869,0.028569,0.00811,0.00696,2.076739,0.00116,0.0,0.0,0.024879,0.00185,1.485028,0.0,0.050519,0.375534,25.706083,0.777709,65536,256,1,1,2048,2097152,2097152,0.02882,0.010180000000000002,0.113849,0.8300080000000001,0.358974,0.053198999999999996,1.46666,1,2,1,4195088
tiledb,rank,256,0,warm,window_256,65536,,,2048,6,40.73806700762361,0,0,0,0.130158257,262144,1024,,0.00390625,,256.0,,,,,,4,8,2157445632,14542737408,0.185707,0.084978,0.03026,0.00814,0.00758,2.951035,0.0051,0.0,0.0,0.024909,0.00228,2.235907,0.0,0.087039,0.781758,35.697623,0.780288,131072,512,2,1,4096,4194304,4194304,0.09514800000000001,0.050018,0.14313800000000002,1.3085200000000001,0.5505920000000001,0.126698,2.21847,2,4,2,8390176
tiledb,rank,256,0,warm,window_256,65536,,,2048,7,41.59303504275158,0,0,0,0.140739749,262144,1024,,0.00390625,,256.0,,,,,,4,8,2157445632,14542737408,0.208957,0.086379,0.02944,0.008599,0.00775,3.792533,0.00594,0.0,0.0,0.029249999999999998,0.00272,2.529222,0.0,0.086419,0.774878,35.727763,0.772168,131072,512,2,1,4096,4194304,4194304,0.148188,0.093389,0.186888,1.45682,0.623711,0.106358,2.50996,2,4,2,8390176
tiledb,rank,256,0,warm,window_256,65536,,,2048,8,27.839541027788073,0,0,0,0.118822786,262144,1024,,0.00390625,,256.0,,,,,,4,8,2157445632,14542721024,0.164348,0.0,0.0,0.00772,0.0,0.00023,0.0,0.0,0.0,0.0,0.0,0.0,0.0,0.0,0.0,26.792087,0.775109,0,0,0,0,0,0,0,0.0,0.0,0.0,0.0,0.0,0.0,0.0,0,0,0,0
tiledb,rank,256,0,warm,window_256,65536,,,2048,9,28.517580998595804,0,0,0,0.124054466,262144,1024,,0.00390625,,256.0,,,,,,4,8,2157445632,14543777792,0.183068,0.0,0.0,0.00794,0.0,0.00022,0.0,0.0,0.0,0.0,0.0,0.0,0.0,0.0,0.0,27.466557,0.775318,0,0,0,0,0,0,0,0.0,0.0,0.0,0.0,0.0,0.0,0.0,0,0,0,0
tiledb,rank,256,0,warm,window_4096,1024,,,2048,0,25.39912797510624,0,0,0,0.18620341,4096,3596,,0.8779296875,,1.139043381535039,,,,,,2785,68,48431616,14544019456,0.165128,0.03281,0.037889,0.01015,0.00729,18.622,0.01401,0.0,0.0,0.078318,0.102599,13.481487,0.0,0.146738,0.027249,6.177607,0.01464,1024,893,692,1,7144,7315456,7315456,0.802968,0.50878,1.03089,8.98239,2.98023,0.20069700000000001,13.427299999999999,692,17,1,35658248
tiledb,rank,256,0,warm,window_4096,1024,,,2048,1,24.450371973216534,0,0,0,0.173437603,4096,3616,,0.8828125,,1.1327433628318584,,,,,,2840,68,48620032,14542974976,0.101138,0.034899,0.04113,0.009479,0.00716,23.170192,0.00921,0.0,0.0,0.122688,0.208227,14.712609,0.0,0.281326,0.035229,0.601061,0.01657,2048,1828,1424,1,14624,14974976,14974976,0.962445,0.595051,1.4114900000000001,8.63894,3.9896000000000003,0.227766,14.6351,1424,34,2,71316496
tiledb,rank,256,0,warm,window_4096,1024,,,2048,2,25.9382399963215,0,0,0,0.16534853,4096,3608,,0.880859375,,1.1352549889135255,,,,,,2822,68,48423424,14543249408,0.116469,0.0305,0.036679,0.00818,0.00489,15.583866,0.00336,0.0,0.0,0.07459,0.102038,10.940285,0.0,0.153258,0.032919,9.791513,0.017229,1024,896,732,1,7168,7340032,7340032,0.7845979999999999,0.47413099999999997,1.0637999999999999,7.2850600000000005,2.10874,0.167148,10.8878,732,17,1,35658248
tiledb,rank,256,0,warm,window_4096,1024,,,2048,3,26.409893005620688,0,0,0,0.192945337,4096,3621,,0.884033203125,,1.1311792322562828,,,,,,2839,67,48456192,14542925824,0.115109,0.03311,0.032379,0.00834,0.00734,25.168942,0.00841,0.0,0.0,0.078209,0.176457,18.100398,0.0,0.273806,0.031939,0.599181,0.01455,2048,1808,1414,1,14464,14811136,14811136,1.02217,0.6605479999999999,1.48949,10.9761,4.8938999999999995,0.329105,18.038800000000002,1414,34,2,71316496
tiledb,rank,256,0,warm,window_4096,1024,,,2048,4,35.6247840099968,0,0,0,0.227983941,4096,3607,,0.880615234375,,1.1355697255336845,,,,,,2841,67,64315904,14543208448,0.112728,0.031609,0.02949,0.00838,0.00606,14.011589,0.006939,0.0,0.0,0.050189,0.093169,11.078544,0.0,0.148008,0.049929,21.086642,0.01507,1024,892,720,1,7136,7307264,7307264,0.794968,0.48802999999999996,1.0385900000000001,6.65972,2.93733,0.162907,11.0249,720,17,1,35658248
tiledb,rank,256,0,warm,window_4096,1024,,,2048,5,28.17770600086078,0,0,0,0.229146373,4096,3641,,0.888916015625,,1.1249656687723153,,,,,,2810,68,48652800,14543196160,0.151627,0.03066,0.031109,0.00836,0.00534,26.897525,0.00921,0.0,0.0,0.079098,0.176638,18.647089,0.0,0.277166,0.03152,0.607611,0.014189,2048,1832,1413,1,14656,15007744,15007744,1.08011,0.691671,1.5660100000000001,11.4266,4.93703,0.303435,18.5754,1413,34,2,71316496
tiledb,rank,256,0,warm,window_4096,1024,,,2048,6,25.1541820471175,0,0,0,0.180375729,4096,3622,,0.88427734375,,1.1308669243511873,,,,,,2835,68,48521728,14543130624,0.157128,0.038829,0.040489,0.00924,0.00711,23.837792,0.00954,0.0,0.0,0.135428,0.197177,15.218271,0.0,0.282595,0.03478,0.60117,0.0147,2048,1816,1415,1,14528,14876672,14876672,1.11581,0.67,1.58716,8.26872,4.493259999999999,0.399094,15.1358,1415,34,2,71316496
tiledb,rank,256,0,warm,window_4096,1024,,,2048,7,34.48480198858306,0,0,0,0.229585253,4096,3640,,0.888671875,,1.1252747252747253,,,,,,2834,68,64422400,14543368192,0.104688,0.034049,0.0399,0.00839,0.00648,15.439827,0.00627,0.0,0.0,0.07096,0.096248,10.884826,0.0,0.149018,0.02782,18.495841,0.01758,1024,912,704,1,7296,7471104,7471104,0.784228,0.488873,1.0417,7.49542,1.9062599999999998,0.132738,10.801,704,17,1,35658248
tiledb,rank,256,0,warm,window_4096,1024,,,2048,8,17.62686501024291,0,0,0,0.146041674,4096,3636,,0.8876953125,,1.1265126512651265,,,,,,2812,67,32776704,14542385152,0.135498,0.033779,0.04192,0.009039,0.00655,16.892866,0.00577,0.0,0.0,0.125398,0.129058,11.98503,0.0,0.152128,0.030909,0.160508,0.01525,1024,923,720,1,7384,7561216,7561216,0.826658,0.487433,1.10661,7.53978,2.8147200000000003,0.188617,11.9167,720,17,1,35658248
tiledb,rank,256,0,warm,window_4096,1024,,,2048,9,25.912170007359236,0,0,0,0.182582651,4096,3644,,0.8896484375,,1.12403951701427,,,,,,2842,67,48644608,14542716928,0.106028,0.033709,0.03864,0.00978,0.007049,24.61912,0.01301,0.0,0.0,0.099988,0.176548,17.27382,0.0,0.281176,0.032719,0.587301,0.01638,2048,1831,1424,1,14648,14999552,14999552,1.03776,0.6454880000000001,1.4939,11.2267,3.78936,0.33219499999999996,17.1993,1424,34,2,71316496
tiledb,rank,256,0,warm,window_4096,8192,,,2048,0,31.831322005018592,0,0,0,0.213847933,32768,14167,,0.432342529296875,,2.3129808710383286,,,,,,1951,68,327393792,14543151104,0.168657,0.091009,0.036279,0.01154,0.00883,27.138462,0.037169,0.0,0.0,0.108578,0.143088,18.401604,0.0,1.046824,0.142448,2.910176,0.076179,16384,7109,956,1,56872,58236928,58236928,0.902237,0.5742590000000001,1.26034,11.5013,4.06213,1.13492,18.3323,956,34,2,71316496
tiledb,rank,256,0,warm,window_4096,8192,,,2048,1,30.304044019430876,0,0,0,0.198278607,32768,14213,,0.433746337890625,,2.3054949693942164,,,,,,1879,68,327352832,14543073280,0.178337,0.093768,0.03392,0.009889,0.00771,25.517237,0.02797,0.0,0.0,0.071589,0.122458,17.555116,0.0,1.036024,0.137548,3.036924,0.076669,16384,7104,949,1,56832,58195968,58195968,0.9020159999999999,0.5791620000000001,1.2508000000000001,11.1158,3.78005,1.01885,17.491799999999998,949,34,2,71316496
tiledb,rank,256,0,warm,window_4096,8192,,,2048,2,31.795341055840254,0,0,0,0.213622539,32768,14204,,0.4334716796875,,2.3069557871022246,,,,,,1906,68,327262720,14543380480,0.260076,0.090438,0.03344,0.0091,0.00776,25.495876,0.027849,0.0,0.0,0.066979,0.123448,17.680514,0.0,1.038554,0.144358,4.500672,0.075139,16384,7093,953,1,56744,58105856,58105856,0.775418,0.486133,1.10639,10.6336,4.82243,0.722599,17.629700000000003,953,34,2,71316496
tiledb,rank,256,0,warm,window_4096,8192,,,2048,3,33.040102978702635,0,0,0,0.210087756,32768,14142,,0.43157958984375,,2.317069721397256,,,,,,1925,68,326828544,14543110144,0.173548,0.090559,0.034949,0.00913,0.00802,26.760538,0.02748,0.0,0.0,0.089629,0.123408,18.59264,0.0,1.028004,0.137788,4.539172,0.076038,16384,7040,985,1,56320,57671680,57671680,0.9694550000000001,0.620561,1.33915,11.212299999999999,4.488650000000001,1.13,18.534,985,34,3,71316496
tiledb,rank,256,0,warm,window_4096,8192,,,2048,4,28.75334699638188,0,0,0,0.204954858,32768,14161,,0.432159423828125,,2.3139608784690346,,,,,,1941,68,326943232,14543040512,0.192748,0.0,0.0,0.00795,0.0,0.00036,0.0,0.0,0.0,0.0,0.0,0.0,0.0,0.0,0.0,28.352754,0.068439,0,0,0,0,0,0,0,0.0,0.0,0.0,0.0,0.0,0.0,0.0,0,0,0,0
tiledb,rank,256,0,warm,window_4096,8192,,,2048,5,23.52876600343734,0,0,0,0.17924912599999998,32768,14159,,0.432098388671875,,2.3142877321844764,,,,,,1930,68,230916608,14542548992,0.197327,0.090719,0.0355,0.008899,0.00745,18.63735,0.01498,0.0,0.0,0.052728,0.05927,12.733589,0.0,0.529402,0.073359,3.723154,0.072599,8192,3564,467,1,28512,29196288,29196288,0.68115,0.398405,0.870367,8.47621,2.64692,0.450874,12.6704,467,17,1,35658248
tiledb,rank,256,0,warm,window_4096,8192,,,2048,6,39.23707897774875,0,0,0,0.253673663,32768,14144,,0.431640625,,2.316742081447964,,,,,,1913,68,423600640,14543523840,0.196408,0.076799,0.03417,0.009359,0.00882,31.364249,0.03839,0.0,0.0,0.078899,0.186197,19.90192,0.0,1.542626,0.214107,5.564486,0.075869,24576,10621,1426,1,84968,87007232,87007232,0.947886,0.623452,1.39562,11.3714,5.45386,1.17272,19.8275,1426,51,3,106974744
tiledb,rank,256,0,warm,window_4096,8192,,,2048,7,22.445972019340843,0,0,0,0.190605736,32768,14119,,0.430877685546875,,2.3208442524258093,,,,,,1959,68,230793728,14542540800,0.170458,0.090238,0.03214,0.00875,0.007129,15.688625,0.01402,0.0,0.0,0.055529,0.069729,11.33318,0.0,0.523382,0.075259,5.601046,0.071699,8192,3504,519,1,28032,28704768,28704768,0.778668,0.48211899999999996,1.00271,6.80707,2.45096,0.780498,11.2914,519,17,1,35658248
tiledb,rank,256,0,warm,window_4096,8192,,,2048,8,29.142131039407104,0,0,0,0.191949545,32768,14169,,0.432403564453125,,2.312654386336368,,,,,,1899,68,327098880,14542995456,0.240866,0.0,0.0,0.00839,0.0,0.00023,0.0,0.0,0.0,0.0,0.0,0.0,0.0,0.0,0.0,28.716588,0.066459,0,0,0,0,0,0,0,0.0,0.0,0.0,0.0,0.0,0.0,0.0,0,0,0,0
tiledb,rank,256,0,warm,window_4096,8192,,,2048,9,31.552775006275624,0,0,0,0.211761144,32768,14168,,0.432373046875,,2.312817617165443,,,,,,1908,68,327188992,14543065088,0.206937,0.093388,0.03479,0.00862,0.00749,25.25952,0.026279,0.0,0.0,0.07511899999999999,0.123398,17.853392,0.0,1.033094,0.141048,4.533142,0.073779,16384,7084,943,1,56672,58032128,58032128,0.7774089999999999,0.528071,1.12323,11.4101,4.1953,0.752479,17.8016,943,34,2,71316496
tiledb,rank,256,0,warm,window_4096,65536,,,2048,0,64.15581499459222,0,0,0,0.343986727,262144,16384,,0.0625,,16.0,,,,,,4,68,2220360192,14542680064,0.233437,0.086528,0.03418,0.01333,0.006589,25.052884,0.0349,0.0,0.0,0.053889,0.00745,16.294375,0.0,1.214751,0.881457,35.531826,0.775468,131072,8192,2,1,65536,67108864,67108864,0.13197799999999998,0.06406,0.198018,10.7768,4.14294,0.861177,16.2655,2,34,2,71316496
tiledb,rank,256,0,warm,window_4096,65536,,,2048,1,48.220255004707724,0,0,0,0.275267621,262144,16384,,0.0625,,16.0,,,,,,4,68,1647313408,14542352384,0.258706,0.083369,0.037569,0.01008,0.00777,18.879526,0.00589,0.0,0.0,0.085788,0.00858,12.693189,0.0,0.607571,0.431213,26.914975,0.778149,65536,4096,1,1,32768,33554432,33554432,0.098698,0.063329,0.14821800000000002,9.331050000000001,2.5109,0.41367299999999996,12.6555,1,17,1,35658248
tiledb,rank,256,0,warm,window_4096,65536,,,2048,2,63.83712904062122,0,0,0,0.306044258,262144,16384,,0.0625,,16.0,,,,,,4,68,2220360192,14543601664,0.257106,0.087339,0.038119,0.00992,0.0086,25.94302,0.031769,0.0,0.0,0.060699,0.00812,17.676984,0.0,1.202121,0.870797,34.428572,0.777108,131072,8192,2,1,65536,67108864,67108864,0.165537,0.115008,0.219366,11.6945,4.33958,1.08912,17.6443,2,34,2,71316496
tiledb,rank,256,0,warm,window_4096,65536,,,2048,3,54.92958298418671,0,0,0,0.268527795,262144,16384,,0.0625,,16.0,,,,,,4,68,2220360192,14543740928,0.204227,0.082039,0.03653,0.009089,0.0074,15.087063,0.00482,0.0,0.0,0.054299,0.00686,11.062654,0.0,0.618571,0.440753,37.385988,0.775628,65536,4096,1,1,32768,33554432,33554432,0.057129,0.031179000000000002,0.105538,7.6310199999999995,2.56136,0.528473,11.0338,1,17,1,35658248
tiledb,rank,256,0,warm,window_4096,65536,,,2048,4,63.05454199900851,0,0,0,0.317873478,262144,16384,,0.0625,,16.0,,,,,,4,68,2220360192,14543601664,0.293226,0.086759,0.037199,0.00927,0.00866,24.120907,0.00861,0.0,0.0,0.061629,0.00809,16.984424,0.0,1.194102,0.866587,35.490846,0.774219,131072,8192,2,1,65536,67108864,67108864,0.194077,0.14146699999999998,0.273926,8.88931,6.51919,0.991355,16.954,2,34,2,71316496
tiledb,rank,256,0,warm,window_4096,65536,,,2048,5,66.49118004133925,0,0,0,0.329808605,262144,16384,,0.0625,,16.0,,,,,,4,68,2220360192,14543609856,0.237847,0.086419,0.037589,0.00842,0.00845,27.619835,0.00811,0.0,0.0,0.057829000000000005,0.00819,20.151797,0.0,1.217671,0.864117,35.470727,0.779348,131072,8192,2,1,65536,67108864,67108864,0.15752799999999997,0.106508,0.212827,12.0999,6.72544,0.806648,20.122899999999998,2,34,2,71316496
tiledb,rank,256,0,warm,window_4096,65536,,,2048,6,67.02268199296668,0,0,0,0.319958935,262144,16384,,0.0625,,16.0,,,,,,4,68,2220360192,14543601664,0.257746,0.084699,0.03228,0.00863,0.006389,28.728588,0.00794,0.0,0.0,0.05153,0.006269,21.079553,0.0,1.198352,0.870717,34.883795,0.778049,131072,8192,2,1,65536,67108864,67108864,0.144738,0.085399,0.202877,11.9492,7.585470000000001,1.03364,21.0545,2,34,2,71316496
tiledb,rank,256,0,warm,window_4096,65536,,,2048,7,64.50674001825973,0,0,0,0.323025049,262144,16384,,0.0625,,16.0,,,,,,4,68,2220360192,14543593472,0.231747,0.086069,0.03531,0.009249,0.00884,25.339739,0.03015,0.0,0.0,0.063819,0.00776,17.569276,0.0,1.200662,0.870757,35.737922,0.777449,131072,8192,2,1,65536,67108864,67108864,0.20931699999999998,0.13706800000000002,0.26752600000000004,11.748800000000001,4.43204,0.825798,17.538999999999998,2,34,2,71316496
tiledb,rank,256,0,warm,window_4096,65536,,,2048,8,52.542869991157204,0,0,0,0.258376307,262144,16384,,0.0625,,16.0,,,,,,4,68,2220360192,14543585280,0.293636,0.079658,0.03545,0.00936,0.00708,13.467387,0.005939,0.0,0.0,0.058209000000000004,0.00654,9.665915,0.0,0.620461,0.441763,36.53047,0.781998,65536,4096,1,1,32768,33554432,33554432,0.065629,0.039699,0.131948,6.41561,2.20421,0.66165,9.63607,1,17,1,35658248
tiledb,rank,256,0,warm,window_4096,65536,,,2048,9,67.38290598150343,0,0,0,0.362210455,262144,16384,,0.0625,,16.0,,,,,,4,68,2220360192,14543585280,0.342464,0.085599,0.037499,0.00886,0.00904,29.003154,0.0337,0.0,0.0,0.064719,0.00771,20.324315,0.0,1.190812,0.866917,34.901945,0.776558,131072,8192,2,1,65536,67108864,67108864,0.238796,0.192517,0.29928499999999997,11.8895,6.72532,1.0816999999999999,20.2911,2,34,2,71316496
tiledb,rank,256,0,warm,window_65536,1024,,,2048,0,219.89198302617297,0,0,0,2.814445963,4096,4062,,0.99169921875,,1.0083702609551946,,,,,,4010,1007,50315776,14544093184,0.185257,0.03459,0.041229,0.01339,0.00752,218.203438,0.00371,0.0,0.0,0.130748,0.265946,130.797092,0.0,0.334885,0.052369,0.636041,0.018829,2048,2035,2010,1,16280,16670720,16670720,1.14598,0.744091,1.73613,96.515,65.3817,0.380384,130.717,2010,503,16,1059259720
tiledb,rank,256,0,warm,window_65536,1024,,,2048,1,205.11566498316824,0,0,0,2.641103948,4096,4056,,0.990234375,,1.009861932938856,,,,,,3995,1012,50274816,14544515072,0.177898,0.0,0.0,0.00857,0.0,0.00105,0.0,0.0,0.0,0.0,0.0,0.0,0.0,0.0,0.0,204.646062,0.02676,0,0,0,0,0,0,0,0.0,0.0,0.0,0.0,0.0,0.0,0.0,0,0,0,0
tiledb,rank,256,0,warm,window_65536,1024,,,2048,2,231.84858303284273,0,0,0,2.2924660980000002,4096,4066,,0.99267578125,,1.0073782587309394,,,,,,4000,1016,67060224,14545043456,0.129978,0.03311,0.041709,0.00977,0.00739,119.62946,0.00277,0.0,0.0,0.107069,0.142847,65.616263,0.0,0.197247,0.052009,111.384904,0.0224,1024,1016,1004,1,8128,8323072,8323072,0.9765550000000001,0.625943,1.31437,40.407,22.5633,0.199167,65.5488,1004,254,6,532776176
tiledb,rank,256,0,warm,window_65536,1024,,,2048,3,209.4058510265313,0,0,0,2.471348551,4096,4061,,0.991455078125,,1.0086185668554544,,,,,,4014,1004,50274816,14545031168,0.204267,0.033999,0.04028,0.010229,0.00722,207.725246,0.0111,0.0,0.0,0.137388,0.255296,121.968356,0.0,0.337675,0.053609,0.645521,0.018669,2048,2030,2004,1,16240,16629760,16629760,1.30046,0.839268,1.90291,92.30770000000001,57.6261,0.37970400000000004,121.864,2004,499,18,1048772000
tiledb,rank,256,0,warm,window_65536,1024,,,2048,4,235.34245003247634,0,0,0,2.824636786,4096,4063,,0.991943359375,,1.008122077282796,,,,,,3989,1005,50332160,14544465920,0.200267,0.0,0.0,0.00804,0.0,0.00059,0.0,0.0,0.0,0.0,0.0,0.0,0.0,0.0,0.0,234.892687,0.03169,0,0,0,0,0,0,0,0.0,0.0,0.0,0.0,0.0,0.0,0.0,0,0,0,0
tiledb,rank,256,0,warm,window_65536,1024,,,2048,5,220.25608702097088,0,0,0,2.656563353,4096,4066,,0.99267578125,,1.0073782587309394,,,,,,3991,1014,50291200,14544596992,0.218077,0.034849,0.04144,0.009959,0.0072,218.591643,0.0029,0.0,0.0,0.150968,0.298185,130.818093,0.0,0.338164,0.05169,0.63549,0.01794,2048,2032,1997,1,16256,16646144,16646144,1.3520100000000002,0.9055489999999999,2.01906,96.2148,65.7842,0.366704,130.723,1997,507,15,1065552352
tiledb,rank,256,0,warm,window_65536,1024,,,2048,6,201.41406101174653,0,0,0,2.577775377,4096,4064,,0.9921875,,1.0078740157480315,,,,,,3991,1011,50299392,14544064512,0.151908,0.0,0.0,0.00972,0.0,0.00103,0.0,0.0,0.0,0.0,0.0,0.0,0.0,0.0,0.0,200.847369,0.059369,0,0,0,0,0,0,0,0.0,0.0,0.0,0.0,0.0,0.0,0.0,0,0,0,0
tiledb,rank,256,0,warm,window_65536,1024,,,2048,7,202.54521298920736,0,0,0,2.6306721509999997,4096,4069,,0.993408203125,,1.0066355369869746,,,,,,4004,1008,50332160,14544052224,0.148017,0.03329,0.039719,0.461173,0.00575,200.353217,0.00444,0.0,0.0,0.118448,0.271296,113.819268,0.0,0.342204,0.05377,0.753289,0.019539,2048,2037,2002,1,16296,16687104,16687104,1.1856600000000002,0.8138559999999999,1.7962,87.9253,50.643100000000004,0.370874,113.73400000000001,2002,503,18,1055064632
tiledb,rank,256,0,warm,window_65536,1024,,,2048,8,214.18114803964272,0,0,0,2.6977211899999998,4096,4062,,0.99169921875,,1.0083702609551946,,,,,,3989,1005,50274816,14544314368,0.158948,0.034519,0.03962,0.010139,0.00649,127.290966,0.01337,0.0,0.0,0.105678,0.134678,66.183505,0.0,0.197137,0.049779,85.997366,0.01927,1024,1017,999,1,8136,8331264,8331264,0.9180269999999999,0.606881,1.27391,38.8024,24.549000000000003,0.24890600000000002,66.1137,999,250,8,526483544
tiledb,rank,256,0,warm,window_65536,1024,,,2048,9,238.16230800002813,0,0,0,2.473490608,4096,4073,,0.994384765625,,1.005646943285048,,,,,,4003,1012,67092992,14545190912,0.121118,0.100698,0.03616,0.01137,0.005379,236.0755,0.00483,0.0,0.0,0.16124699999999997,0.368425,140.674874,0.0,0.486053,0.172427,0.774219,0.019189,3072,3054,3000,1,24432,25018368,25018368,1.63386,1.05727,2.58653,124.692,57.9122,0.5510120000000001,140.549,3000,760,22,1594133440
tiledb,rank,256,0,warm,window_65536,8192,,,2048,0,255.03628398291767,0,0,0,2.888494032,32768,30805,,0.940093994140625,,1.06372342152248,,,,,,27252,1028,395280896,14567616512,0.336755,0.093779,0.036549,0.01362,0.00947,249.143822,0.013399,0.0,0.0,0.340035,1.431019,163.002468,0.0,2.256396,0.204827,2.503662,0.078189,16384,15396,13636,1,123168,126124032,126124032,4.42828,3.1378999999999997,7.85385,91.226,97.00540000000001,1.86027,162.573,13636,514,14,1078137616
tiledb,rank,256,0,warm,window_65536,8192,,,2048,1,229.2319919797592,0,0,0,2.883790608,32768,30786,,0.93951416015625,,1.0643799129474436,,,,,,27198,1028,395248128,14558466048,0.515502,0.092228,0.03461,0.00981,0.00755,221.279192,0.017069,0.0,0.0,0.328135,1.523747,132.462458,0.0,2.258195,0.201797,4.421183,0.077159,16384,15392,13582,1,123136,126091264,126091264,3.79302,2.7957,7.03636,90.3891,49.224,1.94005,132.148,13582,514,14,1078137616
tiledb,rank,256,0,warm,window_65536,8192,,,2048,2,281.0860720346682,0,0,0,2.764900146,32768,30757,,0.938629150390625,,1.06538348993725,,,,,,27096,1028,525681152,14562422784,0.204067,0.078679,0.038319,0.01099,0.0113,273.547986,0.02132,0.0,0.0,0.6670400000000001,2.307575,188.037192,0.0,3.359129,0.300436,3.111863,0.077939,24576,23082,20337,1,184656,189087744,189087744,6.30149,4.37235,12.0914,102.44,103.15,2.64752,187.328,20337,771,21,1617206424
tiledb,rank,256,0,warm,window_65536,8192,,,2048,3,258.7551189935766,0,0,0,2.638629498,32768,30775,,0.939178466796875,,1.0647603574329814,,,,,,27218,1028,525812224,14569140224,0.262016,0.078489,0.037499,0.01028,0.01141,248.723409,0.02076,0.0,0.0,0.6261909999999999,2.384394,163.947794,0.0,3.36217,0.299485,5.580806,0.076699,24576,23098,20430,1,184784,189218816,189218816,6.60358,4.50815,11.920399999999999,102.654,67.1008,2.61669,163.275,20430,771,21,1617206424
tiledb,rank,256,0,warm,window_65536,8192,,,2048,4,252.63601000187919,0,0,0,2.935125261,32768,30823,,0.940643310546875,,1.0631022288550758,,,,,,27323,1028,395461120,14568546304,0.230996,0.092869,0.036139,0.01035,0.00908,244.926216,0.060169,0.0,0.0,0.357604,1.501498,152.25163,0.0,2.260166,0.201987,4.464173,0.077499,16384,15405,13663,1,123240,126197760,126197760,4.3036,3.19919,7.66436,98.6863,63.676899999999996,1.85522,151.892,13663,514,14,1078137616
tiledb,rank,256,0,warm,window_65536,8192,,,2048,5,253.87514097383246,0,0,0,2.587221533,32768,30803,,0.940032958984375,,1.0637924877447003,,,,,,27123,1028,525918720,14572437504,0.199437,0.079078,0.03808,0.0099,0.011329,243.798964,0.082419,0.0,0.0,0.484272,2.194707,158.469237,0.0,3.36547,0.298455,5.615425,0.074769,24576,23111,20368,1,184888,189325312,189325312,6.38246,4.338299999999999,11.3632,97.5265,67.2928,2.6493599999999997,158.001,20368,771,21,1617206424
tiledb,rank,256,0,warm,window_65536,8192,,,2048,6,254.94218501262367,0,0,0,2.6705813810000003,32768,30827,,0.940765380859375,,1.0629642845557465,,,,,,27278,1028,525918720,14565879808,0.246617,0.091179,0.035809,0.01223,0.00836,142.418128,0.042719,0.0,0.0,0.233506,0.756279,99.343256,0.0,1.154613,0.114218,110.451439,0.071229,8192,7716,6798,1,61728,63209472,63209472,2.81215,2.02696,4.491219999999999,45.4583,46.7963,1.0288000000000002,99.0979,6798,257,7,539068808
tiledb,rank,256,0,warm,window_65536,8192,,,2048,7,240.38563499925658,0,0,0,2.978351493,32768,30720,,0.9375,,1.0666666666666667,,,,,,27171,1028,395289088,14565568512,0.233617,0.096918,0.03573,0.00992,0.009869,232.533153,0.01464,0.0,0.0,0.400914,1.606546,145.834676,0.0,2.259166,0.207317,4.600441,0.079819,16384,15397,13609,1,123176,126132224,126132224,4.29038,3.19826,7.731380000000001,98.08649999999999,54.5165,1.8544,145.513,13609,514,14,1078137616
tiledb,rank,256,0,warm,window_65536,8192,,,2048,8,225.2226120326668,0,0,0,2.928971672,32768,30797,,0.939849853515625,,1.0639997402344383,,,,,,27099,1028,395346432,14558175232,0.253277,0.0,0.0,0.00864,0.0,0.00094,0.0,0.0,0.0,0.0,0.0,0.0,0.0,0.0,0.0,224.561763,0.093808,0,0,0,0,0,0,0,0.0,0.0,0.0,0.0,0.0,0.0,0.0,0,0,0,0
tiledb,rank,256,0,warm,window_65536,8192,,,2048,9,223.81645400309935,0,0,0,2.841980813,32768,30842,,0.94122314453125,,1.0624473121068672,,,,,,27185,1028,395698688,14558322688,0.245716,0.106548,0.03612,0.00979,0.0091,216.07501,0.018469,0.0,0.0,0.34324499999999997,1.524787,129.63174,0.0,2.268886,0.205227,4.441823,0.076899,16384,15447,13599,1,123576,126541824,126541824,4.1400500000000005,3.16578,7.63859,85.23849999999999,49.025,1.9596000000000002,129.329,13599,514,14,1078137616
tiledb,rank,256,0,warm,window_65536,65536,,,2048,0,313.2339789881371,0,0,0,3.572979582,262144,165856,,0.6326904296875,,1.580551803974532,,,,,,61164,1028,2833031680,14597881856,0.349335,0.090359,0.039139,0.01145,0.01999,258.495932,0.284616,0.0,0.0,0.658101,3.2728,166.592154,0.0,11.93846,1.284511,39.90403,0.780498,131072,82875,30552,1,663000,678912000,678912000,7.7252600000000005,5.61332,14.773299999999999,93.1491,57.3425,8.31333,165.781,30552,514,14,1078137616
tiledb,rank,256,0,warm,window_65536,65536,,,2048,1,294.8463350185193,0,0,0,3.208056893,262144,165959,,0.6330833435058594,,1.579570857862484,,,,,,60814,1028,2833170944,14582456320,0.304525,0.093169,0.039399,0.0103,0.02026,244.467413,0.070879,0.0,0.0,0.6629200000000001,3.127773,161.321274,0.0,11.95377,1.288111,35.576215,0.780738,131072,82998,30457,1,663984,679919616,679919616,8.15169,6.37848,15.9082,86.6623,49.0191,7.67702,160.672,30457,514,14,1078137616
tiledb,rank,256,0,warm,window_65536,65536,,,2048,2,299.13204099284485,0,0,0,3.131625032,262144,165848,,0.632659912109375,,1.580628044956828,,,,,,60850,1028,2832728576,14582530048,0.258426,0.092668,0.03901,0.01163,0.020079,249.234732,0.066099,0.0,0.0,0.64122,3.229911,164.958669,0.0,11.92705,1.286701,35.145842,0.779408,131072,82817,30510,1,662536,678436864,678436864,7.64779,5.92185,15.3203,93.1308,43.6544,9.79476,164.303,30510,514,14,1078137616
tiledb,rank,256,0,warm,window_65536,65536,,,2048,3,198.96163803059608,0,0,0,2.9736911569999998,262144,166012,,0.6332855224609375,,1.5790665735007108,,,,,,60943,1028,1954931200,14573207552,0.242946,0.082739,0.036719,0.01178,0.01336,158.743382,0.034879,0.0,0.0,0.353435,1.630085,95.605662,0.0,6.047869,0.64689,32.006658,0.776889,65536,41458,15281,1,331664,339623936,339623936,4.41811,3.49788,7.83967,48.421600000000005,27.0308,7.60886,95.2841,15281,257,7,539068808
tiledb,rank,256,0,warm,window_65536,65536,,,2048,4,312.4986899783835,0,0,0,3.395994697,262144,165653,,0.6319160461425781,,1.5824886962505962,,,,,,61016,1028,2831966720,14582657024,0.256846,0.089838,0.03858,0.01126,0.021219,262.605531,0.066849,0.0,0.0,0.66852,3.251271,173.52778,0.0,11.95247,1.28214,35.128641,0.779529,131072,82851,30470,1,662808,678715392,678715392,7.42177,5.3352900000000005,14.967899999999998,86.51259999999999,81.9534,9.35593,172.666,30470,514,14,1078137616
tiledb,rank,256,0,warm,window_65536,65536,,,2048,5,320.68197696935385,0,0,0,3.32483922,262144,165510,,0.6313705444335938,,1.5838559603649327,,,,,,61220,1028,2831974912,14582796288,0.251886,0.089309,0.038889,0.01089,0.02037,271.342828,0.068168,0.0,0.0,0.6616,3.30951,180.916269,0.0,11.932131,1.283861,34.596619,0.777609,131072,82852,30543,1,662816,678723584,678723584,5.169779999999999,3.6801500000000003,11.1165,92.61850000000001,81.74929999999999,10.6214,180.284,30543,514,14,1078137616
tiledb,rank,256,0,warm,window_65536,65536,,,2048,6,307.28345800889656,0,0,0,3.195573993,262144,165794,,0.6324539184570312,,1.581142864036093,,,,,,61155,1028,2832728576,14583287808,0.255826,0.089238,0.03588,0.01187,0.018859,257.647965,0.150428,0.0,0.0,0.65516,3.27042,168.099502,0.0,11.941061,1.28708,34.875495,0.779438,131072,82920,30640,1,663360,679280640,679280640,8.30756,6.15461,15.9882,92.1471,56.174,8.489329999999999,167.38500000000002,30640,514,14,1078137616
tiledb,rank,256,0,warm,window_65536,65536,,,2048,7,317.96432699775323,0,0,0,3.498559936,262144,165392,,0.63092041015625,,1.5849859727193576,,,,,,60775,1027,2832728576,14600761344,0.257227,0.089809,0.043809,0.01171,0.02094,268.135667,0.067879,0.0,0.0,0.6676500000000001,3.254541,175.050547,0.0,11.879761,1.280361,35.119952,0.781628,131072,82505,30426,1,660040,675880960,675880960,8.466849999999999,6.2184800000000005,16.1945,85.68249999999999,81.4583,10.6511,174.147,30426,513,14,1076040072
tiledb,rank,256,0,warm,window_65536,65536,,,2048,8,282.5595900067128,0,0,0,3.089915355,262144,165709,,0.6321296691894531,,1.5819539071504867,,,,,,60901,1028,2832728576,14591541248,0.304275,0.082349,0.037659,0.01155,0.01351,167.246944,0.033089,0.0,0.0,0.361574,1.680115,103.471404,0.0,5.98037,0.64568,107.118569,0.780078,65536,41383,15227,1,331064,339009536,339009536,4.00978,3.0556,7.50771,48.2085,40.032,4.605589999999999,103.089,15227,257,8,539068808
tiledb,rank,256,0,warm,window_65536,65536,,,2048,9,372.2248909762129,0,0,0,3.373758473,262144,165707,,0.6321220397949219,,1.5819730005370927,,,,,,61063,1028,3711074816,14601535488,0.236877,0.095219,0.038889,0.01149,0.02596,306.49097,0.157687,0.0,0.0,1.527387,5.165463,213.506428,0.0,17.891381,1.902701,44.401352,0.779848,196608,124308,45789,1,994464,1018331136,1018331136,11.0259,7.297,23.2405,95.9765,89.8405,15.0358,212.04500000000002,45789,771,21,1617206424
tiledb,rank,4096,0,cold,random,1024,,,2048,0,14724.3260689429,87263121408,87263121408,87263121408,52.171642322,4096,4095,,0.999755859375,,1.0002442002442002,,,,,,4095,3659,33901568,14535086080,0.197767,0.035459,0.04335,0.0142,0.007339,14722.993119,0.01811,0.0,0.0,0.142298,0.163397,14632.976003,0.0,0.201707,0.122498,0.283955,0.01928,1042,1042,1041,1,8336,8536064,8536064,1.14982,0.763811,1.62094,14622.6,383.894,1.89131,14632.9,1041,660,335,22149985440
tiledb,rank,4096,0,cold,random,1024,,,2048,1,14652.297683001962,86795579392,86795579392,86795579392,51.875471086,4096,4096,,1.0,,1.0,,,,,,4096,3621,33836032,14535135232,0.197757,0.0363,0.041309,0.01467,0.0076,14650.956983,0.00255,0.0,0.0,0.145748,0.182867,14555.788445,0.0,0.197287,0.125769,0.283675,0.01897,1006,1006,1005,1,8048,8241152,8241152,0.820527,0.5241929999999999,1.23679,14507.8,338.901,1.5969499999999999,14555.7,1005,648,344,21747258432
tiledb,rank,4096,0,cold,random,1024,,,2048,2,14756.46709499415,87493955584,87493955584,87493955584,53.407822692,4096,4095,,0.999755859375,,1.0002442002442002,,,,,,4095,3611,34245632,14535151616,0.181637,0.035419,0.04321,0.014749,0.00775,13903.191379,0.045319,0.0,0.0,0.161828,0.156618,13824.869297,0.0,0.199657,0.131678,852.163733,0.04828,993,993,993,1,7944,8134656,8134656,0.920106,0.580161,1.33792,13806.699999999999,365.722,1.58097,13824.8,993,606,323,20337713904
tiledb,rank,4096,0,cold,random,1024,,,2048,3,14610.803165996913,86524084224,86524084224,86524084224,51.56687633,4096,4096,,1.0,,1.0,,,,,,4096,3634,33704960,14535163904,0.162928,0.035819,0.044689,0.01476,0.008,14609.481546,0.030019,0.0,0.0,0.147348,0.165898,14510.482655,0.0,0.197947,0.125588,0.293806,0.01841,1018,1018,1018,1,8144,8339456,8339456,0.8313269999999999,0.5626509999999999,1.27593,14498.1,393.00800000000004,1.59238,14510.400000000001,1018,648,330,21747258432
tiledb,rank,4096,0,cold,random,1024,,,2048,4,14537.739874969702,86366363648,86366363648,86366363648,49.117054183,4096,4096,,1.0,,1.0,,,,,,4096,3603,33934336,14535217152,0.183897,0.036599,0.043719,0.01314,0.00672,14536.396305,0.03293,0.0,0.0,0.163267,0.175957,14446.522618,0.0,0.201187,0.124598,0.293825,0.01989,1044,1044,1044,1,8352,8552448,8552448,1.03089,0.642511,1.46692,14430.400000000001,401.383,1.67641,14446.400000000001,1044,657,330,22049303688
tiledb,rank,4096,0,cold,random,1024,,,2048,5,14695.713989960495,87425867776,87425867776,87425867776,47.922571201,4096,4096,,1.0,,1.0,,,,,,4096,3624,34098176,14535299072,0.181777,0.036269,0.04343,0.013429,0.00811,14694.36671,0.02834,0.0,0.0,0.145058,0.189017,14609.724633,0.0,0.206567,0.132678,0.287886,0.01829,1054,1054,1054,1,8432,8634368,8634368,1.06871,0.689839,1.50987,14568.4,355.44399999999996,1.6777,14609.6,1054,668,331,22418470112
tiledb,rank,4096,0,cold,random,1024,,,2048,6,14647.566252970137,87125577728,87125577728,87125577728,50.682660044,4096,4096,,1.0,,1.0,,,,,,4096,3624,34106368,14535286784,0.151528,0.035549,0.044009,0.02355,0.00699,14646.229874,0.02725,0.0,0.0,0.14282699999999998,0.175678,14570.062669,0.0,0.202156,0.125239,0.285845,0.01858,1040,1040,1040,1,8320,8519680,8519680,1.19101,0.749039,1.74122,14492.4,383.952,1.6706100000000002,14570.0,1040,654,344,21948621936
tiledb,rank,4096,0,cold,random,1024,,,2048,7,14743.477590964176,87460511744,87460511744,87460511744,51.224390483,4096,4096,,1.0,,1.0,,,,,,4095,3638,33999872,14535315456,0.215547,0.035169,0.041629,0.01474,0.00695,14742.134431,0.042349,0.0,0.0,0.154618,0.182337,14654.677217,0.0,0.204627,0.124068,0.276115,0.0186,1048,1048,1048,1,8384,8585216,8585216,1.3670900000000001,0.8623339999999999,1.9081899999999998,14589.1,422.29,1.60553,14654.6,1048,665,338,22317788360
tiledb,rank,4096,0,cold,random,1024,,,2048,8,14807.221121969633,87995101184,87995101184,87995101184,53.581570157,4096,4096,,1.0,,1.0,,,,,,4096,3610,34343936,14535282688,0.198337,0.03684,0.041329,0.01361,0.00525,14805.876282,0.02556,0.0,0.0,0.142758,0.184157,14727.54449,0.0,0.208587,0.131848,0.287186,0.01987,1069,1069,1069,1,8552,8757248,8757248,1.214,0.7521,1.70715,14691.5,398.495,1.82742,14727.5,1069,674,346,22619833616
tiledb,rank,4096,0,cold,random,1024,,,2048,9,14634.02469700668,86923173888,86923173888,86923173888,52.882682946,4096,4096,,1.0,,1.0,,,,,,4096,3596,34393088,14535340032,0.166067,0.03636,0.042959,0.01475,0.0076,14632.719516,0.028529,0.0,0.0,0.146248,0.184157,14553.190763,0.0,0.200797,0.119118,0.284915,0.01901,1072,1072,1072,1,8576,8781824,8781824,1.25479,0.865695,1.7461499999999999,14515.7,398.502,1.67745,14553.1,1072,664,334,22284227776
tiledb,rank,4096,0,cold,random,8192,,,2048,0,23237.655023986008,137464184832,137464184832,137464184832,84.44687908200001,32768,32755,,0.999603271484375,,1.0003968859716075,,,,,,32736,14178,269741056,14551777280,0.246696,0.094368,0.03881,0.01428,0.008539,23233.667604,0.00912,0.0,0.0,0.31616500000000003,1.154483,23130.974649,0.0,1.233742,0.197977,1.650125,0.074759,8252,8243,8223,1,65944,67526656,67526656,3.03459,1.92812,5.59365,22907.800000000003,381.423,3.42107,23130.8,8223,1024,384,34366038016
tiledb,rank,4096,0,cold,random,8192,,,2048,1,23222.938605002128,137364881408,137364881408,137364881408,67.341811505,32768,32756,,0.9996337890625,,1.0003663450970814,,,,,,32741,14191,270448128,14551801856,0.258896,0.093909,0.039579,0.01292,0.00996,23218.947885,0.00892,0.0,0.0,0.281706,1.117013,23128.853791,0.0,1.216732,0.197697,1.671655,0.075479,8124,8118,8105,1,64944,66502656,66502656,2.86128,2.08132,5.1429,22957.7,513.79,3.44919,23128.6,8105,1024,384,34366038016
tiledb,rank,4096,0,cold,random,8192,,,2048,2,23222.66953001963,137431015424,137431015424,137431015424,58.922052741,32768,32755,,0.999603271484375,,1.0003968859716075,,,,,,32742,14161,270775808,14552432640,0.270146,0.093048,0.03879,0.01351,0.066069,23218.63537,0.00833,0.0,0.0,0.278706,1.081914,23125.438282,0.0,1.224451,0.197247,1.643326,0.075109,8194,8184,8169,1,65472,67043328,67043328,2.92385,2.06858,5.22992,22977.399999999998,428.154,3.38918,23125.2,8169,1024,384,34366038016
tiledb,rank,4096,0,cold,random,8192,,,2048,3,23266.592559055425,137464184832,137464184832,137464184832,64.056639493,32768,32764,,0.9998779296875,,1.0001220852154804,,,,,,32746,14169,270489088,14552408064,0.252036,0.093929,0.039489,0.01422,0.0091,23262.643408,0.00912,0.0,0.0,0.28103500000000003,1.089464,23170.77067,0.0,1.229532,0.194557,1.646885,0.074799,8166,8159,8147,1,65272,66838528,66838528,2.5188200000000003,1.78883,4.6429599999999995,22984.3,383.65500000000003,3.33755,23170.6,8147,1024,384,34366038016
tiledb,rank,4096,0,cold,random,8192,,,2048,4,23219.716984021943,137430986752,137430986752,137430986752,68.755950232,32768,32757,,0.999664306640625,,1.0003358060872485,,,,,,32746,14132,269593600,14551961600,0.315675,0.094239,0.037799,0.01441,0.00912,23215.695484,0.01006,0.0,0.0,0.283866,1.122843,23121.428432,0.0,1.219102,0.198197,1.656225,0.074679,8158,8151,8132,1,65208,66772992,66772992,2.7229200000000002,1.98387,5.07247,22924.9,526.8960000000001,3.49664,23121.2,8132,1024,384,34366038016
tiledb,rank,4096,0,cold,random,8192,,,2048,5,23170.267248991877,137430945792,137430945792,137430945792,78.154822937,32768,32755,,0.999603271484375,,1.0003968859716075,,,,,,32745,14163,269899264,14552559616,0.274336,0.094798,0.03718,0.014059,0.00971,23166.311439,0.00854,0.0,0.0,0.288046,1.065684,23067.602493,0.0,1.215651,0.196367,1.634775,0.076919,8128,8119,8106,1,64952,66510848,66510848,2.93091,2.11245,5.14661,22846.1,459.566,3.38545,23067.399999999998,8106,1024,384,34366038016
tiledb,rank,4096,0,cold,random,8192,,,2048,6,23258.604438975453,137430937600,137430937600,137430937600,72.32736894,32768,32761,,0.999786376953125,,1.0002136686914318,,,,,,32749,14131,270751232,14552178688,0.270556,0.093429,0.037589,0.01476,0.00887,23254.606939,0.063699,0.0,0.0,0.296895,1.103554,23154.236738,0.0,1.244261,0.196227,1.661046,0.076588,8314,8304,8294,1,66432,68026368,68026368,3.90608,2.42755,6.39445,22924.600000000002,433.674,3.49842,23154.0,8294,1024,384,34366038016
tiledb,rank,4096,0,cold,random,8192,,,2048,7,23262.1981750126,137430913024,137430913024,137430913024,67.035219054,32768,32759,,0.999725341796875,,1.0002747336609787,,,,,,32739,14194,270063104,14552432640,0.284206,0.091959,0.037759,0.02048,0.00842,23258.204195,0.05399,0.0,0.0,0.291765,1.082834,23159.309653,0.0,1.235131,0.188677,1.653185,0.075329,8271,8263,8241,1,66104,67690496,67690496,3.4592099999999997,2.31723,6.05655,22970.5,444.64,3.4677599999999997,23159.1,8241,1024,384,34366038016
tiledb,rank,4096,0,cold,random,8192,,,2048,8,23299.19902799884,137430986752,137430986752,137430986752,76.969094117,32768,32760,,0.999755859375,,1.0002442002442002,,,,,,32742,14084,270235136,14552326144,0.233497,0.096098,0.044009,0.01485,0.00863,23295.224298,0.00902,0.0,0.0,0.284367,1.094913,23193.642576,0.0,1.235032,0.198467,1.659425,0.078189,8284,8271,8253,1,66168,67756032,67756032,3.04828,1.9975800000000001,5.5183,22958.2,442.023,3.46517,23193.4,8253,1024,384,34366038016
tiledb,rank,4096,0,cold,random,8192,,,2048,9,23291.462884983048,137464184832,137464184832,137464184832,75.62219636,32768,32763,,0.999847412109375,,1.0001526111772425,,,,,,32736,14222,270456320,14552776704,0.235107,0.094219,0.038929,0.01435,0.00973,23287.487694,0.00908,0.0,0.0,0.286995,0.999175,23183.039976,0.0,1.214922,0.197377,1.646536,0.076688,8101,8095,8080,1,64760,66314240,66314240,2.61063,1.62928,4.96704,22988.3,447.34200000000004,3.53769,23182.7,8080,1024,384,34366038016
tiledb,rank,4096,0,cold,random,65536,,,2048,0,23402.571214013733,137464184832,137464184832,137464184832,88.413198487,262144,261627,,0.9980278015136719,,1.0019760957393542,,,,,,260583,16384,2151669248,14664048640,0.313145,0.085849,0.038139,0.01592,0.016469,23378.570685,0.05317,0.0,0.0,1.33592,7.863812,23265.136091,0.0,9.32851,0.857597,12.150507,0.781058,65200,64667,63663,1,517336,529752064,529752064,15.028400000000001,12.062899999999999,32.6991,22823.0,510.616,10.6818,23263.899999999998,63663,1024,384,34366038016
tiledb,rank,4096,0,cold,random,65536,,,2048,1,23341.894967015833,137464184832,137464184832,137464184832,90.73418395,262144,261609,,0.9979591369628906,,1.0020450366768727,,,,,,260581,16384,2152676864,14664151040,0.334095,0.087279,0.038479,0.01445,0.01725,23318.111244,0.061089,0.0,0.0,1.35118,7.674774,23205.115034,0.0,9.426598,0.864817,11.810832,0.774849,65843,65333,64278,1,522664,535207936,535207936,14.7773,11.6861,31.470699999999997,22797.2,481.675,10.0896,23203.9,64278,1024,384,34366038016
tiledb,rank,4096,0,cold,random,65536,,,2048,2,23393.00318795722,137464184832,137464184832,137464184832,94.731045648,262144,261642,,0.9980850219726562,,1.0019186522041568,,,,,,260678,16384,2151658496,14663405568,0.316075,0.085429,0.040219,0.01397,0.01767,23369.043658,0.087808,0.0,0.0,1.338969,7.32994,23253.322839,0.0,9.417658,0.867357,12.007779,0.771619,65661,65130,64100,1,521040,533544960,533544960,11.699,8.760489999999999,26.7224,22782.699999999997,515.895,10.3195,23252.1,64100,1024,384,34366038016
tiledb,rank,4096,0,cold,random,65536,,,2048,3,23362.352287978865,137464184832,137464184832,137464184832,84.724137757,262144,261637,,0.9980659484863281,,1.0019377993173748,,,,,,260688,16384,2154842112,14663962624,0.314435,0.084929,0.039799,0.02009,0.01531,23338.24257,0.055319,0.0,0.0,1.3448,7.258371,23236.414772,0.0,9.368469,0.859038,12.225046,0.771188,65278,64748,63772,1,517984,530415616,530415616,11.863900000000001,8.75199,27.6415,22705.300000000003,530.74,10.6871,23235.2,63772,1024,384,34366038016
tiledb,rank,4096,0,cold,random,65536,,,2048,4,23359.55870099133,137464184832,137464184832,137464184832,92.997242668,262144,261619,,0.9979972839355469,,1.0020067349848443,,,,,,260580,16384,2150238720,14664159232,0.301036,0.086809,0.040209,0.01536,0.01728,23335.399904,0.054779,0.0,0.0,1.355239,7.35058,23221.763833,0.0,9.350599,0.863127,12.293375,0.774618,65347,64840,63826,1,518720,531169280,531169280,11.5876,9.13185,25.2351,22721.9,596.298,11.1372,23220.5,63826,1024,384,34366038016
tiledb,rank,4096,0,cold,random,65536,,,2048,5,23279.166219988838,137464184832,137464184832,137464184832,81.436323096,262144,261647,,0.9981040954589844,,1.0018995058227307,,,,,,260634,16384,2148521472,14664257536,0.314005,0.087668,0.0406,0.014599,0.01703,23254.956194,0.054169,0.0,0.0,1.374049,7.280341,23152.998187,0.0,9.396179,0.860797,12.304725,0.770078,65643,65171,64168,1,521368,533880832,533880832,10.7654,8.18319,24.7296,22636.600000000002,604.913,11.0585,23151.7,64168,1024,384,34366038016
tiledb,rank,4096,0,cold,random,65536,,,2048,6,23331.283159030136,137464184832,137464184832,137464184832,74.465540138,262144,261607,,0.9979515075683594,,1.0020526973666606,,,,,,260609,16384,2150205952,14663303168,0.312766,0.085889,0.03952,0.013439,0.01793,23307.117166,0.054959,0.0,0.0,1.356849,7.439118,23193.428433,0.0,9.410247,0.864257,12.236594,0.770738,65744,65227,64247,1,521816,534339584,534339584,12.0953,9.49399,26.0827,22800.7,482.53000000000003,10.3708,23192.2,64247,1024,384,34366038016
tiledb,rank,4096,0,cold,random,65536,,,2048,7,23339.08640802838,137464184832,137464184832,137464184832,71.876242949,262144,261597,,0.9979133605957031,,1.0020910025726595,,,,,,260572,16384,2149556224,14664474624,0.317155,0.086219,0.041829,0.01462,0.01715,23315.071063,0.054669,0.0,0.0,1.3690499999999999,7.352378,23203.189514,0.0,9.360628,0.861947,12.129216,0.772178,65396,64897,63957,1,519176,531636224,531636224,12.761800000000001,10.0251,28.2265,22734.9,506.89099999999996,10.832899999999999,23202.0,63957,1024,384,34366038016
tiledb,rank,4096,0,cold,random,65536,,,2048,8,23320.188887009863,137464184832,137464184832,137464184832,88.007663883,262144,261629,,0.9980354309082031,,1.0019684362207553,,,,,,260622,16384,2151527424,14664450048,0.293465,0.084079,0.037559,0.01473,0.01646,23296.116662,0.069239,0.0,0.0,1.35049,7.473566,23190.818403,0.0,9.404818,0.864606,12.155755,0.779498,65704,65209,64220,1,521672,534192128,534192128,12.9955,10.2439,27.6813,22681.7,520.064,10.619299999999999,23189.6,64220,1024,384,34366038016
tiledb,rank,4096,0,cold,random,65536,,,2048,9,23345.89647501707,137464184832,137464184832,137464184832,83.068910311,262144,261633,,0.9980506896972656,,1.0019531175348675,,,,,,260582,16384,2150593536,14665109504,0.300665,0.086888,0.0402,0.0142,0.016549,23321.836151,0.059929,0.0,0.0,1.344559,7.192181,23198.017363,0.0,9.354358,0.864787,12.183825,0.777588,65372,64852,63874,1,518816,531267584,531267584,13.2735,10.5504,28.6324,22793.399999999998,490.683,10.6229,23196.8,63874,1024,384,34366038016
tiledb,rank,4096,0,cold,window_256,1024,,,2048,0,41.73164599342272,135880704,135880704,135880704,0.21235617599999998,4096,1002,,0.24462890625,,4.087824351297405,,,,,,25,4,48202240,14532919296,0.234877,0.094099,0.042419,0.01386,0.00749,40.314297,0.02695,0.0,0.0,0.104429,0.01252,30.380128,0.0,0.149278,0.055199,0.419624,0.01859,3072,748,22,1,5984,6127616,6127616,0.461803,0.327497,0.525512,25.079,4.42438,0.13784800000000003,30.3401,22,3,3,100681752
tiledb,rank,4096,0,cold,window_256,1024,,,2048,1,51.14089202834293,169689088,169689088,169689088,0.194300383,4096,1009,,0.246337890625,,4.059464816650149,,,,,,18,5,37839360,14532829184,0.207656,0.0334,0.041939,0.00896,0.00643,28.196461,0.0018,0.0,0.0,0.090669,0.009559,24.908122,0.0,0.058669,0.03322,22.36941,0.01852,1024,251,5,1,2008,2056192,2056192,0.32227500000000003,0.209947,0.36281399999999997,22.365,1.92049,0.098539,24.8686,5,1,1,33560584
tiledb,rank,4096,0,cold,window_256,1024,,,2048,2,46.68988997582346,169312256,169312256,169312256,0.179464966,4096,1007,,0.245849609375,,4.067527308838133,,,,,,20,5,27288064,14532743168,0.188947,0.03303,0.039619,0.00879,0.00727,25.776428,0.00105,0.0,0.0,0.068929,0.00675,22.778093,0.0,0.054779,0.02998,20.341621,0.0185,1024,252,4,1,2016,2064384,2064384,0.173957,0.116248,0.208837,20.4263,1.87621,0.134128,22.7453,4,1,1,33560584
tiledb,rank,4096,0,cold,window_256,1024,,,2048,3,33.48568099318072,136101888,136101888,136101888,0.14949279799999998,4096,1010,,0.24658203125,,4.0554455445544555,,,,,,18,4,37839360,14532747264,0.114338,0.033579,0.04084,0.009359,0.00745,32.326029,0.00464,0.0,0.0,0.07077900000000001,0.00799,25.902706,0.0,0.089209,0.032139,0.595851,0.01769,2048,505,9,1,4040,4136960,4136960,0.398654,0.27909700000000004,0.44991299999999995,21.7456,3.42543,0.128928,25.8719,9,2,2,67121168
tiledb,rank,4096,0,cold,window_256,1024,,,2048,4,34.35086796525866,135634944,135634944,135634944,0.153770563,4096,1007,,0.245849609375,,4.067527308838133,,,,,,20,4,37839360,14532751360,0.129338,0.03362,0.039799,0.00943,0.00774,33.401812,0.00159,0.0,0.0,0.06300900000000001,0.0061,26.904161,0.0,0.107419,0.044299,0.332685,0.017379,2048,508,6,1,4064,4161536,4161536,0.296225,0.202828,0.336675,22.401999999999997,3.82325,0.178647,26.8729,6,2,2,67121168
tiledb,rank,4096,0,cold,window_256,1024,,,2048,5,34.58463400602341,135671808,135671808,135671808,0.184172326,4096,1009,,0.246337890625,,4.059464816650149,,,,,,19,4,37839360,14532747264,0.165517,0.034659,0.04072,0.00909,0.0065,33.457171,0.00165,0.0,0.0,0.064898,0.00817,26.856752,0.0,0.089799,0.033609,0.588501,0.0149,2048,503,11,1,4024,4120576,4120576,0.429913,0.303857,0.484923,22.712300000000003,3.31619,0.192258,26.8258,11,2,2,67121168
tiledb,rank,4096,0,cold,window_256,1024,,,2048,6,34.49092502705753,135905280,135905280,135905280,0.153392469,4096,1006,,0.24560546875,,4.071570576540755,,,,,,22,4,37839360,14532726784,0.136688,0.03308,0.037499,0.00876,0.00649,28.032404,0.00113,0.0,0.0,0.063689,0.00653,24.529017,0.0,0.051789,0.02817,5.984789,0.01503,1024,252,5,1,2016,2064384,2064384,0.291356,0.18725799999999998,0.334975,21.7285,2.2591799999999997,0.087019,24.499,5,1,1,33560584
tiledb,rank,4096,0,cold,window_256,1024,,,2048,7,39.33764202520251,135757824,135757824,135757824,0.202732315,4096,1012,,0.2470703125,,4.047430830039525,,,,,,16,4,48300544,14532751360,0.158128,0.0,0.0,0.007979,0.0,0.00022,0.0,0.0,0.0,0.0,0.0,0.0,0.0,0.0,0.0,39.065837,0.015829,0,0,0,0,0,0,0,0.0,0.0,0.0,0.0,0.0,0.0,0.0,0,0,0,0
tiledb,rank,4096,0,cold,window_256,1024,,,2048,8,38.513865030836314,135856128,135856128,135856128,0.193544884,4096,1008,,0.24609375,,4.063492063492063,,,,,,19,4,48259584,14532739072,0.118698,0.03258,0.037449,0.0089,0.00729,26.31424,0.00131,0.0,0.0,0.055028999999999995,0.00605,23.465103,0.0,0.052279,0.02768,11.756572,0.01534,1024,253,4,1,2024,2072576,2072576,0.190567,0.11949699999999999,0.23539700000000002,21.049100000000003,1.9880000000000002,0.066289,23.437099999999997,4,1,1,33560584
tiledb,rank,4096,0,cold,window_256,1024,,,2048,9,45.44775898102671,169361408,169361408,169361408,0.175984774,4096,1006,,0.24560546875,,4.071570576540755,,,,,,22,5,37839360,14532718592,0.135248,0.03252,0.037209,0.00886,0.00632,44.74867,0.00167,0.0,0.0,0.058879,0.00641,38.878199,0.0,0.063969,0.03771,0.172778,0.015079,1024,252,5,1,2016,2064384,2064384,0.279505,0.181678,0.324305,34.76,3.56238,0.08824900000000001,38.8501,5,2,1,67121168
tiledb,rank,4096,0,cold,window_256,8192,,,2048,0,54.71661896444857,169308160,169308160,169308160,0.204446042,32768,1024,,0.03125,,32.0,,,,,,4,5,273351168,14533103616,0.267146,0.090019,0.032859,0.00922,0.00756,50.975895,0.01239,0.0,0.0,0.063818,0.00619,42.431666,0.0,0.094879,0.117398,2.890786,0.075539,16384,512,2,1,4096,4194304,4194304,0.175787,0.12861799999999998,0.212907,37.522,4.4052500000000006,0.135958,42.403200000000005,2,3,2,100681752
tiledb,rank,4096,0,cold,window_256,8192,,,2048,1,37.59824897861108,135716864,135716864,135716864,0.196594119,32768,1024,,0.03125,,32.0,,,,,,4,4,273351168,14533365760,0.299016,0.091419,0.032869,0.00942,0.00696,33.709978,0.00507,0.0,0.0,0.056179,0.00507,27.349315,0.0,0.092748,0.107129,3.041733,0.076789,16384,512,2,1,4096,4194304,4194304,0.108728,0.047209,0.143498,23.349899999999998,3.60534,0.12110800000000001,27.322300000000002,2,2,2,67121168
tiledb,rank,4096,0,cold,window_256,8192,,,2048,2,36.51393501786515,135729152,135729152,135729152,0.153652341,32768,1024,,0.03125,,32.0,,,,,,4,4,273351168,14533222400,0.199217,0.0,0.0,0.00831,0.0,0.00046,0.0,0.0,0.0,0.0,0.0,0.0,0.0,0.0,0.0,35.954533,0.103869,0,0,0,0,0,0,0,0.0,0.0,0.0,0.0,0.0,0.0,0.0,0,0,0,0
tiledb,rank,4096,0,cold,window_256,8192,,,2048,3,39.99790200032294,135729152,135729152,135729152,0.204332951,32768,1024,,0.03125,,32.0,,,,,,4,4,273351168,14533353472,0.258536,0.091339,0.032489,0.00894,0.00699,34.662983,0.00477,0.0,0.0,0.054289000000000004,0.00479,27.531402,0.0,0.092869,0.109808,4.516872,0.075359,16384,512,2,1,4096,4194304,4194304,0.140698,0.085609,0.18540700000000002,23.3125,3.63665,0.227127,27.5046,2,2,2,67121168
tiledb,rank,4096,0,cold,window_256,8192,,,2048,4,36.54743399238214,135962624,135962624,135962624,0.158806302,32768,1024,,0.03125,,32.0,,,,,,4,4,273351168,14533218304,0.179787,0.090809,0.034219,0.00923,0.00802,27.480132,0.0014,0.0,0.0,0.062879,0.00564,24.054694,0.0,0.071459,0.068339,8.317863,0.062219,8192,256,1,1,2048,2097152,2097152,0.098848,0.071519,0.165197,21.7366,1.90465,0.11265900000000001,24.0238,1,1,1,33560584
tiledb,rank,4096,0,cold,window_256,8192,,,2048,5,38.61208300804719,135720960,135720960,135720960,0.169129376,32768,1024,,0.03125,,32.0,,,,,,4,4,273351168,14533210112,0.184998,0.090039,0.035869,0.01041,0.00816,33.307334,0.00502,0.0,0.0,0.069299,0.0066,26.99865,0.0,0.091519,0.106988,4.495331,0.077219,16384,512,2,1,4096,4194304,4194304,0.199347,0.128968,0.253677,22.3976,4.03758,0.13151800000000002,26.967499999999998,2,2,2,67121168
tiledb,rank,4096,0,cold,window_256,8192,,,2048,6,41.767056041862816,135966720,135966720,135966720,0.203365065,32768,1024,,0.03125,,32.0,,,,,,4,4,342884864,14533345280,0.175907,0.090068,0.03437,0.00884,0.00784,26.152282,0.00118,0.0,0.0,0.061779,0.00492,22.795814,0.0,0.066349,0.065249,14.843204,0.063669,8192,256,1,1,2048,2097152,2097152,0.077519,0.051859,0.117498,20.733999999999998,1.72325,0.085768,22.7661,1,1,1,33560584
tiledb,rank,4096,0,cold,window_256,8192,,,2048,7,45.230903022456914,135888896,135888896,135888896,0.231967419,32768,1024,,0.03125,,32.0,,,,,,4,4,342884864,14533324800,0.282665,0.076069,0.056859,0.0091,0.00755,38.617713,0.00243,0.0,0.0,0.057869,0.00623,29.376813,0.0,0.132438,0.159208,5.627085,0.074869,24576,768,3,1,6144,6291456,6291456,0.237527,0.162258,0.277206,24.380599999999998,4.42044,0.13606800000000002,29.3473,3,3,3,100681752
tiledb,rank,4096,0,cold,window_256,8192,,,2048,8,37.43673098506406,135663616,135663616,135663616,0.178008341,32768,1024,,0.03125,,32.0,,,,,,4,4,273351168,14533189632,0.200927,0.089108,0.03579,0.00926,0.00742,32.84463,0.00171,0.0,0.0,0.055839,0.00531,25.835927,0.0,0.120149,0.127488,3.673894,0.076149,16384,512,2,1,4096,4194304,4194304,0.154358,0.109018,0.190737,21.5875,3.78716,0.114578,25.8071,2,2,2,67121168
tiledb,rank,4096,0,cold,window_256,8192,,,2048,9,32.00882294913754,135540736,135540736,135540736,0.139037695,32768,1024,,0.03125,,32.0,,,,,,4,4,203817472,14533050368,0.242307,0.089409,0.034919,0.00884,0.0079,27.966625,0.00166,0.0,0.0,0.062429,0.00587,24.019735,0.0,0.055009,0.063589,3.30482,0.070699,8192,256,1,1,2048,2097152,2097152,0.051539,0.026590000000000003,0.095508,21.0062,2.65916,0.137758,23.9905,1,1,1,33560584
tiledb,rank,4096,0,cold,window_256,65536,,,2048,0,98.8237580168061,169201664,169201664,169201664,0.472709578,262144,1024,,0.00390625,,256.0,,,,,,4,5,3241640960,14533414912,0.335165,0.0,0.0,0.00804,0.0,0.00022,0.0,0.0,0.0,0.0,0.0,0.0,0.0,0.0,0.0,97.545857,0.784668,0,0,0,0,0,0,0,0.0,0.0,0.0,0.0,0.0,0.0,0.0,0,0,0,0
tiledb,rank,4096,0,cold,window_256,65536,,,2048,1,61.15429004421458,135626752,135626752,135626752,0.253859261,262144,1024,,0.00390625,,256.0,,,,,,4,4,2157445632,14534426624,0.377044,0.076509,0.034359,0.00886,0.00505,27.767108,0.00637,0.0,0.0,0.07400899999999999,0.00556,24.523047,0.0,0.054129,0.379144,31.540311,0.782438,65536,256,1,1,2048,2097152,2097152,0.046679,0.019959,0.107558,22.5538,1.63717,0.074779,24.4915,1,1,1,33560584
tiledb,rank,4096,0,cold,window_256,65536,,,2048,2,71.2316680001095,135983104,135983104,135983104,0.268818684,262144,1024,,0.00390625,,256.0,,,,,,4,4,2157445632,14534422528,0.284996,0.086778,0.03665,0.00911,0.008329,33.941195,0.00248,0.0,0.0,0.06578,0.005619,27.502892,0.0,0.108478,0.785968,34.987158,0.778858,131072,512,2,1,4096,4194304,4194304,0.155038,0.08577800000000001,0.231136,23.3414,3.65862,0.120819,27.471700000000002,2,2,2,67121168
tiledb,rank,4096,0,cold,window_256,65536,,,2048,3,70.87700202828273,135950336,135950336,135950336,0.273593288,262144,1024,,0.00390625,,256.0,,,,,,4,4,2157445632,14534418432,0.240526,0.085319,0.035169,0.00912,0.00789,34.593734,0.00506,0.0,0.0,0.057049,0.00592,28.30322,0.0,0.088249,0.777998,34.094352,0.779448,131072,512,2,1,4096,4194304,4194304,0.191137,0.14532799999999998,0.271335,23.8926,3.8573600000000003,0.114398,28.2744,2,2,2,67121168
tiledb,rank,4096,0,cold,window_256,65536,,,2048,4,64.59765898762271,135872512,135872512,135872512,0.30269391,262144,1024,,0.00390625,,256.0,,,,,,4,4,2157445632,14535467008,0.223977,0.0,0.0,0.0083,0.0,0.00028,0.0,0.0,0.0,0.0,0.0,0.0,0.0,0.0,0.0,63.478025,0.782088,0,0,0,0,0,0,0,0.0,0.0,0.0,0.0,0.0,0.0,0.0,0,0,0,0
tiledb,rank,4096,0,cold,window_256,65536,,,2048,5,59.17707004118711,135888896,135888896,135888896,0.238803269,262144,1024,,0.00390625,,256.0,,,,,,4,4,2157445632,14534410240,0.206206,0.079589,0.035509,0.00898,0.0071,28.30958,0.00127,0.0,0.0,0.05028,0.004229,24.857763,0.0,0.059779,0.383434,29.138327,0.777598,65536,256,1,1,2048,2097152,2097152,0.045878999999999996,0.022109,0.085609,22.275199999999998,2.2775,0.107949,24.8308,1,1,1,33560584
tiledb,rank,4096,0,cold,window_256,65536,,,2048,6,70.84797305287793,135684096,135684096,135684096,0.255597464,262144,1024,,0.00390625,,256.0,,,,,,4,4,2157445632,14534406144,0.237166,0.086639,0.036959,0.00911,0.00795,32.933689,0.00197,0.0,0.0,0.060239,0.00608,26.536847,0.0,0.096589,0.787758,35.717377,0.781408,131072,512,2,1,4096,4194304,4194304,0.104029,0.06104,0.142278,22.904,3.2398700000000002,0.116838,26.5075,2,2,2,67121168
tiledb,rank,4096,0,cold,window_256,65536,,,2048,7,69.18293802300468,169209856,169209856,169209856,0.30793930199999997,262144,1024,,0.00390625,,256.0,,,,,,4,5,2157445632,14534406144,0.302175,0.087389,0.033219,0.00892,0.00773,34.168631,0.00815,0.0,0.0,0.043829,0.00365,27.519852,0.0,0.087848,0.781038,32.831901,0.758859,131072,512,2,1,4096,4194304,4194304,0.179927,0.134249,0.240756,22.4328,4.573029999999999,0.115288,27.496799999999997,2,2,2,67121168
tiledb,rank,4096,0,cold,window_256,65536,,,2048,8,55.109643028117716,135634944,135634944,135634944,0.23676408399999999,262144,1024,,0.00390625,,256.0,,,,,,4,4,2157445632,14534402048,0.243747,0.078329,0.03123,0.00901,0.007019,27.425274,0.00152,0.0,0.0,0.04572,0.00341,24.285101,0.0,0.050879,0.375904,25.990745,0.775358,65536,256,1,1,2048,2097152,2097152,0.032490000000000005,0.011260000000000001,0.088919,22.058999999999997,1.90696,0.120588,24.2621,1,1,1,33560584
tiledb,rank,4096,0,cold,window_256,65536,,,2048,9,85.50382999237627,202756096,202756096,202756096,0.358568667,262144,1024,,0.00390625,,256.0,,,,,,4,6,2157445632,14535458816,0.193217,0.087169,0.036759,0.00964,0.00752,60.390612,0.00189,0.0,0.0,0.068819,0.00572,48.525402,0.0,0.114498,0.788828,22.877532,0.734849,131072,512,2,1,4096,4194304,4194304,0.146068,0.106678,0.195317,42.3688,5.67354,0.108539,48.4914,2,4,2,134242336
tiledb,rank,4096,0,cold,window_4096,1024,,,2048,0,67.47800396988168,269946880,269946880,269946880,0.300608775,4096,3596,,0.8779296875,,1.139043381535039,,,,,,2785,8,48431616,14536015872,0.307785,0.032799,0.03659,0.01,0.007399,54.973795,0.00254,0.0,0.0,0.071649,0.090569,47.725124,0.0,0.165567,0.04095,11.686783,0.017499,1024,893,692,1,7144,7315456,7315456,0.823797,0.525873,1.03941,42.982,3.17997,0.30352500000000004,47.6769,692,2,1,67121168
tiledb,rank,4096,0,cold,window_4096,1024,,,2048,1,67.03119201119989,270274560,270274560,270274560,0.315135208,4096,3616,,0.8828125,,1.1327433628318584,,,,,,2840,8,48620032,14535086080,0.178028,0.03483,0.039709,0.00901,0.00705,65.455215,0.00873,0.0,0.0,0.123998,0.170067,54.306405,0.0,0.313885,0.055259,0.64686,0.01861,2048,1828,1424,1,14624,14974976,14974976,1.09745,0.6962809999999999,1.56948,45.036100000000005,7.037050000000001,0.337745,54.2082,1424,4,2,134242336
tiledb,rank,4096,0,cold,window_4096,1024,,,2048,2,65.86613901890814,270258176,270258176,270258176,0.293396591,4096,3608,,0.880859375,,1.1352549889135255,,,,,,2822,8,48423424,14535364608,0.180277,0.033049,0.03996,0.008639,0.00623,55.235891,0.00319,0.0,0.0,0.093018,0.099189,48.487304,0.0,0.154528,0.034419,9.946089,0.018529,1024,896,732,1,7168,7340032,7340032,0.8099770000000001,0.577072,1.06819,43.776500000000006,3.1089300000000004,0.33493500000000004,48.4296,732,2,1,67121168
tiledb,rank,4096,0,cold,window_4096,1024,,,2048,3,65.56037400150672,269926400,269926400,269926400,0.298848957,4096,3621,,0.884033203125,,1.1311792322562828,,,,,,2839,8,48456192,14535032832,0.110359,0.03372,0.038399,0.00947,0.00733,64.171475,0.00343,0.0,0.0,0.08105899999999999,0.180357,52.714649,0.0,0.287395,0.04091,0.620021,0.01839,2048,1808,1414,1,14464,14811136,14811136,0.9835550000000001,0.6227290000000001,1.45012,43.3782,7.00558,0.5215219999999999,52.587,1414,4,2,134242336
tiledb,rank,4096,0,cold,window_4096,1024,,,2048,4,76.39196899253875,269991936,269991936,269991936,0.37738038799999996,4096,3607,,0.880615234375,,1.1355697255336845,,,,,,2841,8,64315904,14535352320,0.122798,0.03274,0.040589,0.0098,0.00668,53.094963,0.00248,0.0,0.0,0.074728,0.090069,45.582277,0.0,0.176437,0.049529,22.539837,0.01811,1024,892,720,1,7136,7307264,7307264,0.7720589999999999,0.486194,0.991254,40.554100000000005,3.46782,0.337365,45.5319,720,2,1,67121168
tiledb,rank,4096,0,cold,window_4096,1024,,,2048,5,67.77635001344606,270098432,270098432,270098432,0.363770952,4096,3641,,0.888916015625,,1.1249656687723153,,,,,,2810,8,48652800,14535430144,0.128778,0.03505,0.043479,0.01204,0.00688,66.222224,0.00938,0.0,0.0,0.128498,0.190877,52.513162,0.0,0.304405,0.052849,0.63735,0.01861,2048,1832,1413,1,14656,15007744,15007744,1.10158,0.698962,1.55128,43.8864,6.23998,0.517502,52.4303,1413,4,2,134242336
tiledb,rank,4096,0,cold,window_4096,1024,,,2048,6,66.12004496855661,270082048,270082048,270082048,0.30383596,4096,3622,,0.88427734375,,1.1308669243511873,,,,,,2835,8,48521728,14535319552,0.256246,0.031669,0.03894,0.00935,0.00544,64.523359,0.008579,0.0,0.0,0.117449,0.179857,51.586106,0.0,0.305795,0.05181,0.63957,0.01842,2048,1816,1415,1,14528,14876672,14876672,1.0081499999999999,0.6628120000000001,1.45656,44.0358,5.44176,0.372824,51.5079,1415,4,2,134242336
tiledb,rank,4096,0,cold,window_4096,1024,,,2048,7,76.58996596001089,270266368,270266368,270266368,0.37720095,4096,3640,,0.888671875,,1.1252747252747253,,,,,,2834,8,64422400,14535622656,0.122598,0.033769,0.040939,0.01012,0.00744,50.771539,0.00688,0.0,0.0,0.087668,0.094099,45.816714,0.0,0.151697,0.03382,25.170908,0.01777,1024,912,704,1,7296,7471104,7471104,0.753479,0.469029,0.994385,40.7555,3.3014799999999997,0.520232,45.7327,704,2,1,67121168
tiledb,rank,4096,0,cold,window_4096,1024,,,2048,8,55.4834270151332,270356480,270356480,270356480,0.241025323,4096,3636,,0.8876953125,,1.1265126512651265,,,,,,2812,8,32776704,14534688768,0.116138,0.033309,0.04046,0.01036,0.00734,54.527691,0.008039,0.0,0.0,0.103218,0.098779,46.008951,0.0,0.174627,0.046029,0.193217,0.01828,1024,897,704,1,7176,7348224,7348224,0.70865,0.438422,0.914877,40.238299999999995,4.21615,0.400534,45.9484,704,2,1,67121168
tiledb,rank,4096,0,cold,window_4096,1024,,,2048,9,64.02125704335049,269918208,269918208,269918208,0.287630334,4096,3644,,0.8896484375,,1.12403951701427,,,,,,2842,8,48644608,14535024640,0.117428,0.033379,0.040809,0.01019,0.00705,62.486551,0.00932,0.0,0.0,0.118338,0.179767,49.460909,0.0,0.308885,0.053539,0.627881,0.01831,2048,1831,1424,1,14648,14999552,14999552,0.959286,0.607993,1.37953,41.8315,5.31897,0.62207,49.3757,1424,4,2,134242336
tiledb,rank,4096,0,cold,window_4096,8192,,,2048,0,72.93613103684038,269971456,269971456,269971456,0.32347692699999997,32768,14167,,0.432342529296875,,2.3129808710383286,,,,,,1951,8,327393792,14538416128,0.236646,0.091658,0.03674,0.011769,0.00878,67.997287,0.00902,0.0,0.0,0.11940800000000001,0.131008,55.522796,0.0,1.066434,0.160897,2.932415,0.078539,16384,7109,956,1,56872,58236928,58236928,0.862357,0.5425519999999999,1.21454,46.9682,5.78676,1.28854,55.4563,956,4,2,134242336
tiledb,rank,4096,0,cold,window_4096,8192,,,2048,1,69.0214810310863,270262272,270262272,270262272,0.314633428,32768,14213,,0.433746337890625,,2.3054949693942164,,,,,,1879,8,327352832,14538366976,0.224377,0.090979,0.03578,0.010319,0.00764,64.086756,0.02574,0.0,0.0,0.081429,0.123358,53.340349,0.0,1.047544,0.144568,3.047763,0.077989,16384,7104,949,1,56832,58195968,58195968,0.976405,0.6863779999999999,1.31737,43.6463,6.848210000000001,1.2725099999999998,53.2782,949,4,2,134242336
tiledb,rank,4096,0,cold,window_4096,8192,,,2048,2,71.71216001734138,270290944,270290944,270290944,0.321910412,32768,14204,,0.4334716796875,,2.3069557871022246,,,,,,1906,8,327262720,14538670080,0.304555,0.091599,0.035819,0.01014,0.0084,65.242658,0.027309,0.0,0.0,0.102689,0.128988,53.394898,0.0,1.056774,0.152728,4.493182,0.077879,16384,7093,953,1,56744,58105856,58105856,0.779498,0.451234,1.0795100000000002,44.4643,6.46664,1.13801,53.333600000000004,953,4,2,134242336
tiledb,rank,4096,0,cold,window_4096,8192,,,2048,3,73.28156603034586,270032896,270032896,270032896,0.340067389,32768,14142,,0.43157958984375,,2.317069721397256,,,,,,1925,8,326828544,14538391552,0.305135,0.088909,0.034739,0.00927,0.00838,66.638937,0.02594,0.0,0.0,0.08249899999999999,0.126368,53.568146,0.0,1.054734,0.155378,4.59823,0.077799,16384,7040,985,1,56320,57671680,57671680,0.852778,0.579584,1.1594000000000002,44.1644,6.19719,1.7687300000000001,53.5062,985,4,3,134242336
tiledb,rank,4096,0,cold,window_4096,8192,,,2048,4,70.03893598448485,270204928,270204928,270204928,0.303529194,32768,14161,,0.432159423828125,,2.3139608784690346,,,,,,1941,8,326943232,14538346496,0.197427,0.090128,0.03397,0.0095,0.0065,66.205334,0.00867,0.0,0.0,0.140537,0.123349,53.716334,0.0,1.057893,0.158428,1.878192,0.078709,16384,7054,999,1,56432,57786368,57786368,0.833257,0.581431,1.1799,45.2295,5.79953,1.17836,53.6152,999,4,2,134242336
tiledb,rank,4096,0,cold,window_4096,8192,,,2048,5,60.25183404562995,270086144,270086144,270086144,0.261062086,32768,14159,,0.432098388671875,,2.3142877321844764,,,,,,1930,8,230916608,14537854976,0.229516,0.091759,0.034049,0.00884,0.0075,55.119522,0.00525,0.0,0.0,0.074119,0.064229,47.596916,0.0,0.542052,0.083729,3.829402,0.075729,8192,3564,467,1,28512,29196288,29196288,0.678179,0.443993,0.861837,41.055099999999996,4.33431,1.13524,47.5359,467,2,1,67121168
tiledb,rank,4096,0,cold,window_4096,8192,,,2048,6,83.37039302568883,270315520,270315520,270315520,0.415827939,32768,14144,,0.431640625,,2.316742081447964,,,,,,1913,8,423600640,14538833920,0.215637,0.077279,0.036429,0.00946,0.00856,75.237676,0.036549,0.0,0.0,0.095209,0.188247,57.704133,0.0,1.573706,0.232307,5.606255,0.076949,24576,10621,1426,1,84968,87007232,87007232,0.883977,0.565642,1.2709100000000002,44.5448,10.1735,1.41001,57.62479999999999,1426,6,3,201363504
tiledb,rank,4096,0,cold,window_4096,8192,,,2048,7,61.14503100980073,269955072,269955072,269955072,0.268069573,32768,14119,,0.430877685546875,,2.3208442524258093,,,,,,1959,8,230793728,14537895936,0.246737,0.089189,0.034349,0.00886,0.00705,55.541106,0.00517,0.0,0.0,0.065639,0.071259,48.778588,0.0,0.529092,0.075469,4.309875,0.078319,8192,3504,519,1,28032,28704768,28704768,0.6826300000000001,0.430125,0.854727,41.6684,4.77881,1.3131300000000001,48.7329,519,2,1,67121168
tiledb,rank,4096,0,cold,window_4096,8192,,,2048,8,70.44505997328088,269996032,269996032,269996032,0.348645578,32768,14169,,0.432403564453125,,2.312654386336368,,,,,,1899,8,327098880,14538362880,0.223316,0.0,0.0,0.00838,0.0,0.00059,0.0,0.0,0.0,0.0,0.0,0.0,0.0,0.0,0.0,69.908168,0.080458,0,0,0,0,0,0,0,0.0,0.0,0.0,0.0,0.0,0.0,0.0,0,0,0,0
tiledb,rank,4096,0,cold,window_4096,8192,,,2048,9,71.97364600142464,270061568,270061568,270061568,0.333452015,32768,14168,,0.432373046875,,2.312817617165443,,,,,,1908,8,327188992,14538387456,0.209047,0.091738,0.03651,0.00933,0.00771,65.556223,0.00747,0.0,0.0,0.081469,0.123638,53.221451,0.0,1.045114,0.152998,4.531271,0.077319,16384,7084,943,1,56672,58032128,58032128,0.709399,0.450221,1.04656,44.5169,6.1772800000000005,1.21654,53.170500000000004,943,4,2,134242336
tiledb,rank,4096,0,cold,window_4096,65536,,,2048,0,107.37714800052345,269926400,269926400,269926400,0.503406773,262144,16384,,0.0625,,16.0,,,,,,4,8,2220360192,14540111872,0.229857,0.088078,0.03762,0.013459,0.00894,68.942663,0.03643,0.0,0.0,0.077379,0.009599,54.60893,0.0,1.222511,0.884007,34.795281,0.776158,131072,8192,2,1,65536,67108864,67108864,0.119978,0.051038999999999994,0.162057,47.0578,5.7397,1.4346400000000001,54.5715,2,4,2,134242336
tiledb,rank,4096,0,cold,window_4096,65536,,,2048,1,84.83014104422182,270225408,270225408,270225408,0.353056488,262144,16384,,0.0625,,16.0,,,,,,4,8,1647313408,14539804672,0.280016,0.083918,0.03723,0.01013,0.0074,55.458297,0.00547,0.0,0.0,0.089549,0.00835,49.580296,0.0,0.61917,0.434754,26.868932,0.781818,65536,4096,1,1,32768,33554432,33554432,0.100899,0.067109,0.141387,43.8341,4.20624,1.2277,49.5434,1,2,1,67121168
tiledb,rank,4096,0,cold,window_4096,65536,,,2048,2,99.96732097351924,270036992,270036992,270036992,0.405835707,262144,16384,,0.0625,,16.0,,,,,,4,8,2220360192,14541058048,0.323525,0.085008,0.03498,0.00962,0.00701,62.023477,0.028909,0.0,0.0,0.069629,0.00889,50.00834,0.0,1.225111,0.884877,34.314949,0.777338,131072,8192,2,1,65536,67108864,67108864,0.09440899999999999,0.060039,0.147398,42.478500000000004,6.101579999999999,1.0785,49.9724,2,4,2,134242336
tiledb,rank,4096,0,cold,window_4096,65536,,,2048,3,92.79418998630717,269901824,269901824,269901824,0.36908770700000004,262144,16384,,0.0625,,16.0,,,,,,4,8,2220360192,14541189120,0.236317,0.081839,0.03739,0.009739,0.00741,51.485478,0.00606,0.0,0.0,0.069809,0.0067,45.094395,0.0,0.61368,0.430614,38.870689,0.779238,65536,4096,1,1,32768,33554432,33554432,0.076258,0.048289,0.157927,40.439099999999996,3.22132,1.1280299999999999,45.0631,1,2,1,67121168
tiledb,rank,4096,0,cold,window_4096,65536,,,2048,4,104.00342004140839,270323712,270323712,270323712,0.428861915,262144,16384,,0.0625,,16.0,,,,,,4,8,2220360192,14541066240,0.226416,0.087059,0.038639,0.01223,0.00865,64.950133,0.0088,0.0,0.0,0.07807900000000001,0.008909,54.271405,0.0,1.198481,0.866637,35.570919,0.778659,131072,8192,2,1,65536,67108864,67108864,0.221936,0.168197,0.27065599999999995,45.4833,7.01125,1.29913,54.2366,2,4,2,134242336
tiledb,rank,4096,0,cold,window_4096,65536,,,2048,5,102.81394695630297,270274560,270274560,270274560,0.407409034,262144,16384,,0.0625,,16.0,,,,,,4,8,2220360192,14541058048,0.220237,0.086769,0.035309,0.01104,0.00682,63.615333,0.00858,0.0,0.0,0.069318,0.00829,50.610981,0.0,1.223181,0.888787,35.608669,0.784168,131072,8192,2,1,65536,67108864,67108864,0.211737,0.132378,0.26292600000000005,41.6445,7.22667,1.25643,50.5737,2,4,2,134242336
tiledb,rank,4096,0,cold,window_4096,65536,,,2048,6,100.56687099859118,269828096,269828096,269828096,0.398103104,262144,16384,,0.0625,,16.0,,,,,,4,8,2220360192,14541062144,0.233677,0.087479,0.040509,0.01255,0.00892,62.179205,0.00956,0.0,0.0,0.077558,0.00976,51.274651,0.0,1.205922,0.870866,34.838631,0.781418,131072,8192,2,1,65536,67108864,67108864,0.178787,0.118287,0.224747,42.755799999999994,6.70267,1.4044299999999998,51.2412,2,4,2,134242336
tiledb,rank,4096,0,cold,window_4096,65536,,,2048,7,103.27143099857494,269910016,269910016,269910016,0.410831501,262144,16384,,0.0625,,16.0,,,,,,4,8,2220360192,14541058048,0.273376,0.087058,0.04107,0.009909,0.00908,64.011178,0.02938,0.0,0.0,0.072188,0.0088,52.03696,0.0,1.224101,0.882337,35.638108,0.778958,131072,8192,2,1,65536,67108864,67108864,0.168187,0.105349,0.214387,43.7922,6.34205,1.46736,51.9983,2,4,2,134242336
tiledb,rank,4096,0,cold,window_4096,65536,,,2048,8,90.9020789549686,270204928,270204928,270204928,0.35662516,262144,16384,,0.0625,,16.0,,,,,,4,8,2220360192,14541058048,0.281106,0.080808,0.03728,0.01083,0.00745,53.106312,0.005279,0.0,0.0,0.07740899999999999,0.00748,46.246837,0.0,0.635371,0.445573,35.183226,0.778158,65536,4096,1,1,32768,33554432,33554432,0.087748,0.056929,0.140127,41.9208,3.1944999999999997,0.777908,46.2061,1,2,1,67121168
tiledb,rank,4096,0,cold,window_4096,65536,,,2048,9,101.35832999367267,269860864,269860864,269860864,0.422570176,262144,16384,,0.0625,,16.0,,,,,,4,8,2220360192,14541062144,0.294096,0.087348,0.03803,0.01045,0.008879,62.749997,0.03155,0.0,0.0,0.085208,0.01033,51.405659,0.0,1.205091,0.872047,35.075167,0.778188,131072,8192,2,1,65536,67108864,67108864,0.242606,0.16459800000000002,0.298755,42.9579,6.383909999999999,1.56398,51.3696,2,4,2,134242336
tiledb,rank,4096,0,cold,window_65536,1024,,,2048,0,485.8523769653402,2283991040,2283991040,2283991040,3.468816879,4096,4062,,0.99169921875,,1.0083702609551946,,,,,,4010,68,50315776,14541500416,0.146188,0.035229,0.04273,0.014119,0.00803,484.139033,0.00566,0.0,0.0,0.14490799999999998,0.304645,401.026926,0.0,0.342124,0.053549,0.64247,0.01869,2048,2035,2010,1,16280,16670720,16670720,1.04591,0.67364,1.56759,396.007,54.771300000000004,0.352135,400.943,2010,34,13,1141059856
tiledb,rank,4096,0,cold,window_65536,1024,,,2048,1,489.920693973545,2283704320,2283704320,2283704320,3.405700015,4096,4056,,0.990234375,,1.009861932938856,,,,,,3995,68,50274816,14541914112,0.209017,0.0,0.0,0.01063,0.0,0.00127,0.0,0.0,0.0,0.0,0.0,0.0,0.0,0.0,0.0,489.333133,0.040359,0,0,0,0,0,0,0,0.0,0.0,0.0,0.0,0.0,0.0,0.0,0,0,0,0
tiledb,rank,4096,0,cold,window_65536,1024,,,2048,2,471.55128401936963,2283786240,2283786240,2283786240,3.046501896,4096,4066,,0.99267578125,,1.0073782587309394,,,,,,4000,68,67060224,14542311424,0.139167,0.0,0.0,0.01212,0.0,0.00097,0.0,0.0,0.0,0.0,0.0,0.0,0.0,0.0,0.0,471.006292,0.048409,0,0,0,0,0,0,0,0.0,0.0,0.0,0.0,0.0,0.0,0.0,0,0,0,0
tiledb,rank,4096,0,cold,window_65536,1024,,,2048,3,445.1364350388758,2048393216,2048393216,2048393216,3.221445213,4096,4061,,0.991455078125,,1.0086185668554544,,,,,,4014,67,50274816,14542303232,0.252096,0.034309,0.04076,0.01028,0.007069,428.982411,0.01349,0.0,0.0,0.136738,0.246276,352.478364,0.0,0.339655,0.055259,15.052961,0.03504,2048,2024,1992,1,16192,16580608,16580608,1.14697,0.745028,1.73252,327.18199999999996,52.2285,0.391154,352.371,1992,28,10,939696352
tiledb,rank,4096,0,cold,window_65536,1024,,,2048,4,494.6563630364835,2283528192,2283528192,2283528192,3.36142043,4096,4063,,0.991943359375,,1.008122077282796,,,,,,3989,68,50332160,14541860864,0.278285,0.0,0.0,0.00917,0.0,0.0013,0.0,0.0,0.0,0.0,0.0,0.0,0.0,0.0,0.0,494.078791,0.03589,0,0,0,0,0,0,0,0.0,0.0,0.0,0.0,0.0,0.0,0.0,0,0,0,0
tiledb,rank,4096,0,cold,window_65536,1024,,,2048,5,494.40473603317514,2283753472,2283753472,2283753472,3.484156984,4096,4066,,0.99267578125,,1.0073782587309394,,,,,,3991,68,50291200,14541856768,0.206577,0.03548,0.041159,0.01177,0.0072,492.713872,0.0052,0.0,0.0,0.149977,0.278076,407.724014,0.0,0.340124,0.05332,0.64001,0.01867,2048,2032,1997,1,16256,16646144,16646144,1.01619,0.692559,1.56773,403.731,50.6284,0.352245,407.63,1997,34,13,1141059856
tiledb,rank,4096,0,cold,window_65536,1024,,,2048,6,491.3067129673436,2283876352,2283876352,2283876352,3.3916576210000002,4096,4064,,0.9921875,,1.0078740157480315,,,,,,3991,68,50299392,14541393920,0.214127,0.034929,0.04079,0.011479,0.00708,489.969354,0.01364,0.0,0.0,0.13883800000000002,0.245116,407.586816,0.0,0.343835,0.057099,0.263586,0.01804,2048,2033,1992,1,16264,16654336,16654336,1.16327,0.799549,1.83366,401.209,55.5446,0.35142399999999996,407.477,1992,34,13,1141059856
tiledb,rank,4096,0,cold,window_65536,1024,,,2048,7,490.20562996156514,2283573248,2283573248,2283573248,3.494714413,4096,4069,,0.993408203125,,1.0066355369869746,,,,,,4004,68,50332160,14541393920,0.194857,0.03648,0.041169,0.01249,0.00728,488.475676,0.017919,0.0,0.0,0.133598,0.262196,405.193412,0.0,0.340575,0.054759,0.65749,0.0187,2048,2037,2002,1,16296,16687104,16687104,1.01198,0.625872,1.61137,399.243,55.3492,0.38261399999999995,405.11,2002,34,13,1141059856
tiledb,rank,4096,0,cold,window_65536,1024,,,2048,8,486.3264889572747,2283585536,2283585536,2283585536,3.341483826,4096,4062,,0.99169921875,,1.0083702609551946,,,,,,3989,68,50274816,14541369344,0.135588,0.03442,0.042069,0.01229,0.00743,371.443485,0.01611,0.0,0.0,0.126748,0.137338,319.824839,0.0,0.198497,0.052919,114.003478,0.020409,1024,1017,999,1,8136,8331264,8331264,0.867627,0.562399,1.19937,316.587,28.7442,0.216276,319.75199999999995,999,17,7,570529928
tiledb,rank,4096,0,cold,window_65536,1024,,,2048,9,478.25300198746845,2283692032,2283692032,2283692032,3.274386966,4096,4073,,0.994384765625,,1.005646943285048,,,,,,4003,68,67092992,14542188544,0.235456,0.103718,0.03838,0.011029,0.00728,476.160304,0.01706,0.0,0.0,0.173238,0.367334,386.736492,0.0,0.491452,0.064319,0.783118,0.019169,3072,3054,3000,1,24432,25018368,25018368,1.54275,1.04878,2.4329400000000003,382.142,69.0807,0.5151830000000001,386.604,3000,51,19,1711589784
tiledb,rank,4096,0,cold,window_65536,8192,,,2048,0,492.32709797797725,2048229376,2048229376,2048229376,2.949425465,32768,30805,,0.940093994140625,,1.06372342152248,,,,,,27252,68,395280896,14565494784,0.283775,0.0,0.0,0.011,0.0,0.00091,0.0,0.0,0.0,0.0,0.0,0.0,0.0,0.0,0.0,491.660338,0.077408,0,0,0,0,0,0,0,0.0,0.0,0.0,0.0,0.0,0.0,0.0,0,0,0,0
tiledb,rank,4096,0,cold,window_65536,8192,,,2048,1,526.8704429618083,2283659264,2283659264,2283659264,3.566747566,32768,30786,,0.93951416015625,,1.0643799129474436,,,,,,27198,68,395248128,14556291072,0.248186,0.092698,0.03668,0.01304,0.008619,519.117711,0.02253,0.0,0.0,0.348815,1.561366,435.810937,0.0,2.263896,0.207557,4.441482,0.075679,16384,15392,13582,1,123136,126091264,126091264,3.14349,2.30147,6.1772800000000005,378.84499999999997,49.7875,1.9549400000000001,435.496,13582,34,13,1141059856
tiledb,rank,4096,0,cold,window_65536,8192,,,2048,2,521.0658310097642,2283589632,2283589632,2283589632,3.148022276,32768,30757,,0.938629150390625,,1.06538348993725,,,,,,27096,68,525681152,14560423936,0.285306,0.0,0.0,0.01008,0.0,0.00102,0.0,0.0,0.0,0.0,0.0,0.0,0.0,0.0,0.0,520.393441,0.083799,0,0,0,0,0,0,0,0.0,0.0,0.0,0.0,0.0,0.0,0.0,0,0,0,0
tiledb,rank,4096,0,cold,window_65536,8192,,,2048,3,495.84878503810614,2283655168,2283655168,2283655168,3.260949389,32768,30775,,0.939178466796875,,1.0647603574329814,,,,,,27218,68,525812224,14567149568,0.309115,0.079579,0.039439,0.01244,0.01134,485.707238,0.088298,0.0,0.0,0.748588,2.137788,404.991705,0.0,3.365869,0.299805,5.595115,0.075228,24576,23098,20430,1,184784,189218816,189218816,5.11088,3.00183,9.82627,363.988,52.015699999999995,2.80454,404.324,20430,51,19,1711589784
tiledb,rank,4096,0,cold,window_65536,8192,,,2048,4,502.66830099280924,2283601920,2283601920,2283601920,3.276177739,32768,30823,,0.940643310546875,,1.0631022288550758,,,,,,27323,68,395461120,14567211008,0.397454,0.094478,0.03776,0.01233,0.009249,492.514875,0.071729,0.0,0.0,0.540192,1.557896,422.081295,0.0,2.265476,0.205487,6.660439,0.075949,16384,15405,13663,1,123240,126197760,126197760,3.09875,1.9535,5.77964,372.43399999999997,42.616,1.89658,421.649,13663,34,13,1141059856
tiledb,rank,4096,0,cold,window_65536,8192,,,2048,5,513.8499710010365,2283692032,2283692032,2283692032,3.249756069,32768,30803,,0.940032958984375,,1.0637924877447003,,,,,,27123,68,525918720,14570364928,0.215786,0.079089,0.037969,0.01241,0.01138,503.808153,0.107468,0.0,0.0,0.48473299999999997,2.263575,422.704796,0.0,3.369289,0.298305,5.577555,0.077959,24576,23111,20368,1,184888,189325312,189325312,4.87581,2.71287,9.553469999999999,360.574,56.2654,2.66463,422.251,20368,51,19,1711589784
tiledb,rank,4096,0,cold,window_65536,8192,,,2048,6,492.31117800809443,2283790336,2283790336,2283790336,2.963838492,32768,30827,,0.940765380859375,,1.0629642845557465,,,,,,27278,68,525918720,14563319808,0.296715,0.100678,0.03841,0.01107,0.00906,252.600531,0.045459,0.0,0.0,0.353935,0.799287,205.816042,0.0,1.156542,0.149068,237.53371,0.073849,8192,7716,6798,1,61728,63209472,63209472,2.38154,1.5398,3.9857699999999996,193.321,28.4795,0.948566,205.567,6798,17,7,570529928
tiledb,rank,4096,0,cold,window_65536,8192,,,2048,7,485.55744998157024,2283700224,2283700224,2283700224,3.128646834,32768,30720,,0.9375,,1.0666666666666667,,,,,,27171,68,395289088,14562934784,0.445633,0.092568,0.03431,0.009149,0.0091,477.577212,0.01405,0.0,0.0,0.37891400000000003,1.774733,414.985273,0.0,2.263066,0.205407,4.58849,0.076069,16384,15397,13609,1,123176,126132224,126132224,3.7112,2.71783,6.69116,376.658,51.9569,2.09324,414.67199999999997,13609,34,13,1141059856
tiledb,rank,4096,0,cold,window_65536,8192,,,2048,8,524.4248299859464,2283573248,2283573248,2283573248,3.680748671,32768,30797,,0.939849853515625,,1.0639997402344383,,,,,,27099,68,395346432,14556155904,0.231766,0.0,0.0,0.01059,0.0,0.00088,0.0,0.0,0.0,0.0,0.0,0.0,0.0,0.0,0.0,523.798309,0.082209,0,0,0,0,0,0,0,0.0,0.0,0.0,0.0,0.0,0.0,0.0,0,0,0,0
tiledb,rank,4096,0,cold,window_65536,8192,,,2048,9,504.5290119596757,2283524096,2283524096,2283524096,3.502096214,32768,30842,,0.94122314453125,,1.0624473121068672,,,,,,27185,68,395698688,14556172288,0.212337,0.094008,0.03535,0.01311,0.0096,496.808579,0.013969,0.0,0.0,0.35646500000000003,1.631065,413.809021,0.0,2.267426,0.206517,4.438702,0.075229,16384,15447,13599,1,123576,126541824,126541824,3.20216,2.3532800000000003,6.300960000000001,385.865,53.599599999999995,2.19083,413.51300000000003,13599,34,13,1141059856
tiledb,rank,4096,0,cold,window_65536,65536,,,2048,0,555.203141993843,2283651072,2283651072,2283651072,3.673952139,262144,165856,,0.6326904296875,,1.580551803974532,,,,,,61164,68,2833031680,14593359872,0.339205,0.091969,0.039699,0.01243,0.020809,502.815479,0.302496,0.0,0.0,0.7869090000000001,3.27095,414.352663,0.0,11.939228,1.289131,37.51215,0.775738,131072,82875,30552,1,663000,678912000,678912000,6.790080000000001,4.0510600000000005,12.7512,375.05699999999996,49.0741,10.171,413.45300000000003,30552,34,13,1141059856
tiledb,rank,4096,0,cold,window_65536,65536,,,2048,1,569.4913949701004,2283528192,2283528192,2283528192,3.803433301,262144,165959,,0.6330833435058594,,1.579570857862484,,,,,,60814,68,2833170944,14578679808,0.376194,0.091079,0.038519,0.00974,0.02032,519.1439,0.069029,0.0,0.0,0.65335,3.473377,434.343989,0.0,11.954668,1.28751,35.478201,0.779308,131072,82998,30457,1,663984,679919616,679919616,6.6032,5.05932,13.303,371.846,50.1844,11.9031,433.725,30457,34,13,1141059856
tiledb,rank,4096,0,cold,window_65536,65536,,,2048,2,567.999787046574,2283626496,2283626496,2283626496,3.830718923,262144,165848,,0.632659912109375,,1.580628044956828,,,,,,60850,68,2832728576,14577508352,0.244996,0.093588,0.03878,0.01361,0.020049,518.055847,0.066709,0.0,0.0,0.664179,3.541787,435.369693,0.0,11.929229,1.28733,35.156516,0.780648,131072,82817,30510,1,662536,678436864,678436864,5.6388300000000005,3.9324399999999997,11.392,373.793,50.463,12.8705,434.75,30510,34,13,1141059856
tiledb,rank,4096,0,cold,window_65536,65536,,,2048,3,510.83912601461634,2283757568,2283757568,2283757568,3.926305969,262144,166012,,0.6332855224609375,,1.5790665735007108,,,,,,60943,68,1954931200,14568411136,0.294816,0.081999,0.0364,0.012489,0.0135,474.002176,0.03389,0.0,0.0,0.361605,1.660405,410.840436,0.0,6.057248,0.65583,28.542246,0.780138,65536,41538,15241,1,332304,340279296,340279296,4.3832699999999996,3.42432,7.49064,399.85900000000004,30.4263,9.763539999999999,410.51300000000003,15241,17,7,570529928
tiledb,rank,4096,0,cold,window_65536,65536,,,2048,4,560.3761639795266,2283524096,2283524096,2283524096,3.801425556,262144,165653,,0.6319160461425781,,1.5824886962505962,,,,,,61016,68,2831966720,14578819072,0.239446,0.090828,0.0393,0.01201,0.020689,510.451573,0.211477,0.0,0.0,0.65178,3.114473,424.644037,0.0,11.931298,1.288391,35.160036,0.786868,131072,82851,30470,1,662808,678715392,678715392,7.824630000000001,5.52667,15.2349,373.614,51.4198,7.854450000000001,423.905,30470,34,13,1141059856
tiledb,rank,4096,0,cold,window_65536,65536,,,2048,5,577.0490400027484,2283585536,2283585536,2283585536,3.86026187,262144,165510,,0.6313705444335938,,1.5838559603649327,,,,,,61220,68,2831974912,14577836032,0.240446,0.090279,0.040169,0.0135,0.02093,527.743239,0.066139,0.0,0.0,0.65925,3.557746,440.319558,0.0,11.933849,1.2888,34.511516,0.785288,131072,82852,30543,1,662816,678723584,678723584,5.81963,4.18628,11.8943,371.877,54.6569,8.77825,439.70799999999997,30543,34,13,1141059856
tiledb,rank,4096,0,cold,window_65536,65536,,,2048,6,575.1295699737966,2283839488,2283839488,2283839488,3.879337542,262144,165794,,0.6324539184570312,,1.581142864036093,,,,,,61155,68,2832728576,14578098176,0.320945,0.090198,0.03722,0.01164,0.020429,525.640602,0.107679,0.0,0.0,0.68242,3.188662,443.132655,0.0,11.946188,1.288001,34.658643,0.780648,131072,82920,30640,1,663360,679280640,679280640,7.390619999999999,5.129090000000001,14.45,376.911,50.714099999999995,10.5456,442.386,30640,34,13,1141059856
tiledb,rank,4096,0,cold,window_65536,65536,,,2048,7,566.1493450170383,2283667456,2283667456,2283667456,3.811761621,262144,165392,,0.63092041015625,,1.5849859727193576,,,,,,60775,68,2832728576,14597578752,0.315355,0.090609,0.039419,0.01013,0.02063,503.552047,0.213206,0.0,0.0,0.6521600000000001,3.131152,419.264458,0.0,11.885799,1.281151,47.822843,0.780828,131072,82505,30426,1,660040,675880960,675880960,6.9563999999999995,4.74359,13.518199999999998,377.033,46.645199999999996,10.6112,418.54200000000003,30426,34,13,1141059856
tiledb,rank,4096,0,cold,window_65536,65536,,,2048,8,553.8122829748318,2283778048,2283778048,2283778048,3.609260122,262144,165709,,0.6321296691894531,,1.5819539071504867,,,,,,60901,68,2832728576,14588403712,0.237316,0.082979,0.038739,0.01307,0.01351,367.302428,0.033839,0.0,0.0,0.377564,1.635355,311.053143,0.0,5.986129,0.64779,178.32499,0.786688,65536,41383,15227,1,331064,339009536,339009536,3.01403,1.9675299999999998,5.94319,294.683,26.5977,8.89377,310.729,15227,17,7,570529928
tiledb,rank,4096,0,cold,window_65536,65536,,,2048,9,586.6009249584749,2283802624,2283802624,2283802624,3.722872282,262144,165707,,0.6321220397949219,,1.5819730005370927,,,,,,61063,68,3711074816,14597570560,0.325365,0.095168,0.03875,0.01095,0.026329,520.680137,0.142508,0.0,0.0,1.3898890000000002,5.070363,434.25918,0.0,17.878848,1.903311,44.514143,0.779288,196608,124308,45789,1,994464,1018331136,1018331136,10.507900000000001,7.17432,20.961000000000002,356.553,54.072,12.2217,432.84099999999995,45789,51,19,1711589784
tiledb,rank,4096,0,warm,random,1024,,,2048,0,1425.4184369929135,0,0,0,47.542011428,4096,4095,,0.999755859375,,1.0002442002442002,,,,,,4095,3659,33901568,14543572992,0.165287,0.033579,0.03989,0.012439,0.00729,1424.243075,0.01173,0.0,0.0,0.100299,0.136928,1328.856744,0.0,0.198607,0.051399,0.276426,0.01896,1021,1020,1020,1,8160,8355840,8355840,1.0363,0.730798,1.4908899999999998,1167.65,895.8249999999999,2.57877,1328.79,1020,643,328,21579455512
tiledb,rank,4096,0,warm,random,1024,,,2048,1,1422.635408991482,0,0,0,45.572062794000004,4096,4096,,1.0,,1.0,,,,,,4096,3621,33836032,14543560704,0.131288,0.035139,0.040349,0.00968,0.00711,1421.532966,0.0073,0.0,0.0,0.101008,0.128148,1337.266997,0.0,0.195297,0.050799,0.284975,0.01867,1006,1006,1005,1,8048,8241152,8241152,1.08002,0.693717,1.50626,1070.9599999999998,819.843,2.55877,1337.2,1005,648,344,21747258432
tiledb,rank,4096,0,warm,random,1024,,,2048,2,1437.6851809793152,0,0,0,46.611658589,4096,4095,,0.999755859375,,1.0002442002442002,,,,,,4095,3611,34245632,14543486976,0.163658,0.03342,0.042069,0.0089,0.00627,1436.643786,0.00286,0.0,0.0,0.097918,0.148658,1352.357667,0.0,0.185617,0.03428,0.259806,0.01703,1036,1035,1035,1,8280,8478720,8478720,0.9860750000000001,0.609391,1.37246,1095.15,932.7189999999999,2.4173,1352.28,1035,664,326,22284227776
tiledb,rank,4096,0,warm,random,1024,,,2048,3,1419.2228809697554,0,0,0,46.848798793,4096,4096,,1.0,,1.0,,,,,,4096,3634,33704960,14543482880,0.118368,0.033489,0.04014,0.00968,0.007199,1418.130748,0.00783,0.0,0.0,0.097799,0.133278,1330.42464,0.0,0.199877,0.049469,0.289555,0.01853,1018,1018,1018,1,8144,8339456,8339456,1.0506199999999999,0.724313,1.55549,1100.96,793.741,2.35471,1330.36,1018,648,330,21747258432
tiledb,rank,4096,0,warm,random,1024,,,2048,4,1408.9348370325752,0,0,0,47.037400880999996,4096,4096,,1.0,,1.0,,,,,,4096,3603,33934336,14543347712,0.143937,0.03299,0.039819,0.01036,0.00647,1407.874473,0.00687,0.0,0.0,0.096859,0.148037,1324.444631,0.0,0.195337,0.04283,0.277276,0.016999,1044,1044,1044,1,8352,8552448,8552448,1.1688200000000002,0.746537,1.62283,1005.1699999999998,909.832,2.52682,1324.3799999999999,1044,657,330,22049303688
tiledb,rank,4096,0,warm,random,1024,,,2048,5,1420.442322967574,0,0,0,47.720604380000005,4096,4096,,1.0,,1.0,,,,,,4096,3624,34098176,14543331328,0.120438,0.034009,0.04134,0.00953,0.00745,1419.453317,0.006919,0.0,0.0,0.091529,0.151578,1331.418675,0.0,0.186927,0.03387,0.252266,0.0171,1054,1054,1054,1,8432,8634368,8634368,1.1440000000000001,0.768659,1.60919,1053.8000000000002,1007.86,2.47631,1331.3500000000001,1054,668,331,22418470112
tiledb,rank,4096,0,warm,random,1024,,,2048,6,1434.2187930014916,0,0,0,46.348651651,4096,4096,,1.0,,1.0,,,,,,4096,3624,34106368,14543302656,0.143878,0.033859,0.045819,0.00976,0.0067,1343.503242,0.00421,0.0,0.0,0.101468,0.129658,1239.760309,0.0,0.178637,0.03479,89.843835,0.057479,993,993,993,1,7944,8134656,8134656,0.802547,0.542344,1.22846,1043.46,914.061,2.2969,1239.69,993,636,328,21344531424
tiledb,rank,4096,0,warm,random,1024,,,2048,7,1451.8738949554972,0,0,0,47.238128118,4096,4096,,1.0,,1.0,,,,,,4095,3638,33999872,14543302656,0.124388,0.033429,0.051669,0.00949,0.00737,1450.771012,0.00255,0.0,0.0,0.10067799999999999,0.150568,1359.287412,0.0,0.202677,0.04927,0.284076,0.017619,1034,1034,1034,1,8272,8470528,8470528,1.0948799999999999,0.7276389999999999,1.5034,1056.52,850.8679999999999,2.18666,1359.22,1034,649,339,21780819016
tiledb,rank,4096,0,warm,random,1024,,,2048,8,1444.4430680014193,0,0,0,46.614553684,4096,4096,,1.0,,1.0,,,,,,4096,3610,34343936,14543261696,0.148848,0.03364,0.040439,0.00933,0.00619,1392.427528,0.00656,0.0,0.0,0.104958,0.132778,1270.652999,0.0,0.200997,0.05187,51.106583,0.01884,1022,1022,1021,1,8176,8372224,8372224,0.992995,0.61761,1.47946,1033.51,999.1320000000001,2.73183,1270.5900000000001,1021,655,339,21982182520
tiledb,rank,4096,0,warm,random,1024,,,2048,9,1428.5120900021866,0,0,0,47.992998433,4096,4096,,1.0,,1.0,,,,,,4096,3596,34393088,14543298560,0.133358,0.033159,0.04293,0.010169,0.00711,1366.02815,0.00677,0.0,0.0,0.096719,0.132708,1252.441545,0.0,0.198677,0.050309,61.642693,0.02046,1015,1015,1015,1,8120,8314880,8314880,0.9607049999999999,0.639533,1.4295499999999999,1050.79,1005.38,2.81637,1252.37,1015,640,328,21478773760
tiledb,rank,4096,0,warm,random,8192,,,2048,0,2214.2818280262873,0,0,0,61.762497462,32768,32755,,0.999603271484375,,1.0003968859716075,,,,,,32736,14178,269741056,14554075136,0.212287,0.093799,0.035709,0.01371,0.00959,2210.450696,0.009919,0.0,0.0,0.252226,0.949406,2123.004795,0.0,1.218551,0.119448,1.668194,0.072609,8140,8133,8121,1,65064,66625536,66625536,2.4433800000000003,1.83653,4.56765,1536.26,1339.54,6.210979999999999,2122.7999999999997,8121,1024,384,34366038016
tiledb,rank,4096,0,warm,random,8192,,,2048,1,2210.5452450341545,0,0,0,64.120034246,32768,32756,,0.9996337890625,,1.0003663450970814,,,,,,32741,14191,270448128,14553444352,0.222367,0.095729,0.036859,0.01152,0.00799,2206.709033,0.00886,0.0,0.0,0.254877,0.934025,2115.252003,0.0,1.239481,0.122248,1.680015,0.074279,8296,8285,8267,1,66280,67870720,67870720,2.71456,1.8792900000000001,5.063630000000001,1639.25,1300.9599999999998,6.81697,2115.04,8267,1024,384,34366038016
tiledb,rank,4096,0,warm,random,8192,,,2048,2,2204.2861199588515,0,0,0,63.388733848,32768,32755,,0.999603271484375,,1.0003968859716075,,,,,,32742,14161,270775808,14553354240,0.277966,0.094198,0.03738,0.008789,0.00779,2200.388049,0.00958,0.0,0.0,0.224487,0.909296,2108.88233,0.0,1.222322,0.184327,1.653915,0.075309,8198,8184,8165,1,65472,67043328,67043328,2.1125,1.546,4.11527,1608.63,1277.53,5.7908100000000005,2108.69,8165,1024,384,34366038016
tiledb,rank,4096,0,warm,random,8192,,,2048,3,2223.3683689846657,0,0,0,63.752971798000004,32768,32764,,0.9998779296875,,1.0001220852154804,,,,,,32746,14169,270489088,14553403392,0.251347,0.091249,0.037949,0.00952,0.00928,2165.178874,0.00913,0.0,0.0,0.232506,0.917956,2055.290764,0.0,1.214022,0.117478,55.96659,0.109098,8112,8104,8091,1,64832,66387968,66387968,2.5452600000000003,1.86878,4.96735,1636.02,1279.07,5.97504,2055.0899999999997,8091,1024,384,34366038016
tiledb,rank,4096,0,warm,random,8192,,,2048,4,2214.342406950891,0,0,0,62.501455277000005,32768,32757,,0.999664306640625,,1.0003358060872485,,,,,,32746,14132,269593600,14553718784,0.233067,0.089969,0.03458,0.010609,0.00719,2210.560875,0.00869,0.0,0.0,0.266066,0.915566,2108.154071,0.0,1.220781,0.117788,1.653604,0.075159,8158,8151,8132,1,65208,66772992,66772992,2.83892,2.176,5.31754,1574.17,1247.97,6.175009999999999,2107.9500000000003,8132,1024,384,34366038016
tiledb,rank,4096,0,warm,random,8192,,,2048,5,2206.0720620211214,0,0,0,59.458153622,32768,32755,,0.999603271484375,,1.0003968859716075,,,,,,32745,14163,269899264,14554013696,0.274636,0.092309,0.035929,0.01027,0.00902,2202.189522,0.00798,0.0,0.0,0.229066,0.898826,2118.610862,0.0,1.214431,0.188927,1.649434,0.074329,8128,8119,8106,1,64952,66510848,66510848,2.57514,1.95085,4.89755,1411.26,1177.4199999999998,5.77271,2118.41,8106,1024,384,34366038016
tiledb,rank,4096,0,warm,random,8192,,,2048,6,2196.6302660293877,0,0,0,59.790922286,32768,32761,,0.999786376953125,,1.0002136686914318,,,,,,32749,14131,270751232,14553362432,0.292385,0.093569,0.036049,0.01065,0.00782,2192.757015,0.00865,0.0,0.0,0.241597,0.935756,2097.163038,0.0,1.242831,0.117898,1.650075,0.076359,8314,8304,8294,1,66432,68026368,68026368,3.1615900000000003,2.2523500000000003,5.60584,1535.61,1180.78,6.13256,2096.9500000000003,8294,1024,384,34366038016
tiledb,rank,4096,0,warm,random,8192,,,2048,7,2185.3879769914784,0,0,0,60.416353604,32768,32759,,0.999725341796875,,1.0002747336609787,,,,,,32739,14194,270063104,14553387008,0.232936,0.091899,0.037429,0.01011,0.00849,2181.664684,0.00883,0.0,0.0,0.23038599999999998,0.929256,2094.286152,0.0,1.221531,0.109478,1.634995,0.073879,8209,8197,8179,1,65576,67149824,67149824,2.5655,1.89883,4.89355,1541.34,1163.57,6.154470000000001,2094.09,8179,1024,384,34366038016
tiledb,rank,4096,0,warm,random,8192,,,2048,8,2180.26109499624,0,0,0,62.135560371,32768,32760,,0.999755859375,,1.0002442002442002,,,,,,32742,14084,270235136,14553780224,0.207287,0.090768,0.03606,0.010129,0.00932,2176.448573,0.00892,0.0,0.0,0.22483599999999998,0.848797,2083.552445,0.0,1.210392,0.194897,1.649595,0.075799,8114,8107,8083,1,64856,66412544,66412544,2.77488,1.9889500000000002,5.25578,1553.3300000000002,1244.37,6.26567,2083.29,8083,1023,383,34332477432
tiledb,rank,4096,0,warm,random,8192,,,2048,9,2173.2163219712675,0,0,0,62.522153516,32768,32763,,0.999847412109375,,1.0001526111772425,,,,,,32736,14222,270456320,14553931776,0.266056,0.093249,0.035019,0.00989,0.00779,2169.39066,0.00854,0.0,0.0,0.236677,0.947825,2076.329374,0.0,1.233341,0.119219,1.653005,0.074749,8268,8254,8239,1,66032,67616768,67616768,3.20063,2.2164900000000003,5.746689999999999,1557.62,1277.0,6.3133,2076.12,8239,1024,384,34366038016
tiledb,rank,4096,0,warm,random,65536,,,2048,0,2348.4938479959965,0,0,0,63.729439599,262144,261627,,0.9980278015136719,,1.0019760957393542,,,,,,260583,16384,2151669248,14667882496,0.306835,0.084888,0.03758,0.01259,0.017309,2324.607442,0.05188,0.0,0.0,1.281011,6.946714,2221.600217,0.0,9.323528,0.777788,12.179065,0.778488,65200,64667,63663,1,517336,529752064,529752064,16.5871,14.020299999999999,34.6599,1538.65,1244.9699999999998,25.9634,2220.4,63663,1024,384,34366038016
tiledb,rank,4096,0,warm,random,65536,,,2048,1,2353.615279949736,0,0,0,64.068858881,262144,261609,,0.9979591369628906,,1.0020450366768727,,,,,,260581,16384,2152676864,14667374592,0.287186,0.084928,0.03892,0.01244,0.017279,2329.567676,0.05138,0.0,0.0,1.250361,6.631199,2222.583122,0.0,9.422887,0.863547,12.183655,0.786508,65843,65333,64278,1,522664,535207936,535207936,14.9039,12.3344,32.9793,1491.07,1234.72,26.2433,2221.3599999999997,64278,1024,384,34366038016
tiledb,rank,4096,0,warm,random,65536,,,2048,2,2353.152057970874,0,0,0,60.769430763,262144,261642,,0.9980850219726562,,1.0019186522041568,,,,,,260678,16384,2151658496,14667808768,0.317835,0.084999,0.037379,0.01636,0.016569,2329.248841,0.05061,0.0,0.0,1.252721,6.58021,2218.036891,0.0,9.339138,0.769628,12.236574,0.780468,65372,64861,63903,1,518888,531341312,531341312,14.945500000000001,12.4233,32.6691,1471.5800000000002,1190.18,25.6708,2216.8199999999997,63903,1024,384,34366038016
tiledb,rank,4096,0,warm,random,65536,,,2048,3,2337.318688048981,0,0,0,59.602580893,262144,261637,,0.9980659484863281,,1.0019377993173748,,,,,,260688,16384,2154842112,14668128256,0.283335,0.084409,0.038799,0.01038,0.01641,2313.380852,0.051509,0.0,0.0,1.255771,6.608979,2216.13319,0.0,9.337298,0.782628,12.259944,0.774198,65278,64748,63772,1,517984,530415616,530415616,11.5305,9.552669999999999,27.642400000000002,1376.31,1167.24,22.3923,2214.93,63772,1024,384,34366038016
tiledb,rank,4096,0,warm,random,65536,,,2048,4,2320.6804909859784,0,0,0,59.541313140999996,262144,261619,,0.9979972839355469,,1.0020067349848443,,,,,,260580,16384,2150238720,14668337152,0.271975,0.084709,0.044549,0.01086,0.0163,2296.684765,0.050649,0.0,0.0,1.241981,6.677208,2183.89115,0.0,9.354488,0.786588,12.299903,0.773119,65347,64840,63826,1,518720,531169280,531169280,12.4759,10.3429,29.0438,1484.04,1140.47,23.8657,2182.67,63826,1024,384,34366038016
tiledb,rank,4096,0,warm,random,65536,,,2048,5,2321.418550040107,0,0,0,60.55496934,262144,261647,,0.9981040954589844,,1.0018995058227307,,,,,,260634,16384,2148521472,14668369920,0.326455,0.085199,0.039149,0.00952,0.0169,2151.578591,0.057789,0.0,0.0,1.254341,6.749687,2016.936387,0.0,9.413467,0.873207,157.846731,0.814097,65643,65171,64168,1,521368,533880832,533880832,12.9952,10.6356,29.8977,1426.78,1215.8500000000001,24.5042,2015.7099999999998,64168,1024,384,34366038016
tiledb,rank,4096,0,warm,random,65536,,,2048,6,2347.1365879522637,0,0,0,59.094102493,262144,261607,,0.9979515075683594,,1.0020526973666606,,,,,,260609,16384,2150205952,14668443648,0.293276,0.089029,0.03807,0.010109,0.01666,2323.069605,0.051469,0.0,0.0,1.254251,6.774337,2217.341891,0.0,9.399677,0.788538,12.305483,0.776048,65683,65157,64138,1,521256,533766144,533766144,13.8631,11.3472,29.788,1453.9599999999998,1104.26,24.7482,2216.13,64138,1024,384,34366038016
tiledb,rank,4096,0,warm,random,65536,,,2048,7,2353.234267036896,0,0,0,63.015682943,262144,261597,,0.9979133605957031,,1.0020910025726595,,,,,,260572,16384,2149556224,14667669504,0.313445,0.083559,0.035699,0.0135,0.01566,2328.944805,0.051359,0.0,0.0,1.2725199999999999,6.60572,2212.736342,0.0,9.391917,0.785778,12.50033,0.785668,65705,65148,64106,1,521184,533692416,533692416,14.834999999999999,12.3186,32.0792,1504.76,1246.68,26.5809,2211.5,64106,1024,384,34366038016
tiledb,rank,4096,0,warm,random,65536,,,2048,8,2342.3125720000826,0,0,0,60.945993251,262144,261629,,0.9980354309082031,,1.0019684362207553,,,,,,260622,16384,2151527424,14668103680,0.309445,0.084689,0.041829,0.01205,0.01706,2318.411375,0.051419,0.0,0.0,1.2641410000000002,6.720378,2216.299267,0.0,9.399367,0.768788,12.195665,0.778738,65838,65342,64347,1,522736,535281664,535281664,15.926200000000001,13.238,34.4642,1500.31,1206.61,27.9994,2215.06,64347,1024,384,34366038016
tiledb,rank,4096,0,warm,random,65536,,,2048,9,2325.4084290238097,0,0,0,59.944596028,262144,261633,,0.9980506896972656,,1.0019531175348675,,,,,,260582,16384,2150593536,14668242944,0.323065,0.085089,0.035909,0.01007,0.01666,2301.268516,0.051359,0.0,0.0,1.258651,6.764527,2198.661915,0.0,9.376937,0.786158,12.392861,0.773128,65498,65008,63960,1,520064,532545536,532545536,13.790000000000001,11.295599999999999,29.7289,1615.95,1113.84,23.872,2197.42,63960,1024,384,34366038016
tiledb,rank,4096,0,warm,window_256,1024,,,2048,0,27.94521499890834,0,0,0,0.167009094,4096,1002,,0.24462890625,,4.087824351297405,,,,,,25,4,48202240,14541459456,0.175307,0.034829,0.040649,0.01055,0.00738,11.521735,0.00322,0.0,0.0,0.075189,0.00745,8.417682,0.0,0.061109,0.03378,15.83717,0.017999,1024,254,3,1,2032,2080768,2080768,0.190697,0.111689,0.250097,6.1618200000000005,1.7604,0.103278,8.384569999999998,3,1,1,33560584
tiledb,rank,4096,0,warm,window_256,1024,,,2048,1,31.845755991525948,0,0,0,0.165095832,4096,1009,,0.246337890625,,4.059464816650149,,,,,,18,5,37839360,14541398016,0.190398,0.03279,0.038499,0.00854,0.00644,11.938659,0.00212,0.0,0.0,0.059299000000000004,0.00748,8.769387,0.0,0.051629,0.028039,19.414905,0.01493,1024,251,5,1,2008,2056192,2056192,0.230226,0.14113799999999999,0.280195,6.39134,1.87783,0.08928900000000001,8.74074,5,1,1,33560584
tiledb,rank,4096,0,warm,window_256,1024,,,2048,2,23.20096699986607,0,0,0,0.141693863,4096,1007,,0.245849609375,,4.067527308838133,,,,,,20,5,27288064,14541303808,0.154707,0.03314,0.036619,0.00855,0.00629,12.868904,0.00162,0.0,0.0,0.054699000000000005,0.00601,9.241929,0.0,0.052519,0.0281,9.8718,0.01463,1024,252,4,1,2016,2064384,2064384,0.198317,0.132797,0.23994700000000002,6.631340000000001,2.1269299999999998,0.121409,9.2126,4,1,1,33560584
tiledb,rank,4096,0,warm,window_256,1024,,,2048,3,20.951742015313357,0,0,0,0.132336157,4096,1010,,0.24658203125,,4.0554455445544555,,,,,,18,4,37839360,14541299712,0.143238,0.033799,0.0397,0.00881,0.00664,19.840538,0.008769,0.0,0.0,0.067289,0.00831,13.685912,0.0,0.089479,0.032369,0.607521,0.015179,2048,505,9,1,4040,4136960,4136960,0.363944,0.256237,0.421163,9.64261,3.3508999999999998,0.115038,13.6557,9,2,2,67121168
tiledb,rank,4096,0,warm,window_256,1024,,,2048,4,21.536881977226585,0,0,0,0.129528148,4096,1007,,0.245849609375,,4.067527308838133,,,,,,20,4,37839360,14541299712,0.103919,0.032709,0.036239,0.00847,0.0069,12.303983,0.00192,0.0,0.0,0.057099,0.00613,8.811356,0.0,0.068619,0.03965,8.697748,0.01771,1024,251,6,1,2008,2056192,2056192,0.281595,0.17951699999999998,0.326875,6.40674,1.8330899999999999,0.116079,8.781320000000001,6,1,1,33560584
tiledb,rank,4096,0,warm,window_256,1024,,,2048,5,21.727910032495856,0,0,0,0.149944668,4096,1009,,0.246337890625,,4.059464816650149,,,,,,19,4,37839360,14541312000,0.167187,0.033779,0.04368,0.008839,0.00753,20.624477,0.00154,0.0,0.0,0.068659,0.00829,14.038437,0.0,0.088959,0.032209,0.589911,0.01522,2048,503,11,1,4024,4120576,4120576,0.415653,0.272317,0.470542,10.1264,3.18166,0.105078,14.0077,11,2,2,67121168
tiledb,rank,4096,0,warm,window_256,1024,,,2048,6,19.01749102398753,0,0,0,0.117361469,4096,1006,,0.24560546875,,4.071570576540755,,,,,,22,4,37839360,14541287424,0.163978,0.03355,0.036669,0.009,0.00627,18.137374,0.00574,0.0,0.0,0.049349,0.00528,12.262284,0.0,0.098549,0.039699,0.312765,0.01656,2048,501,13,1,4008,4104192,4104192,0.345964,0.212296,0.389824,8.32801,3.30398,0.10166800000000001,12.236199999999998,13,2,2,67121168
tiledb,rank,4096,0,warm,window_256,1024,,,2048,7,27.10018795914948,0,0,0,0.162865601,4096,1012,,0.2470703125,,4.047430830039525,,,,,,16,4,48300544,14541312000,0.170697,0.0,0.0,0.00789,0.0,0.00016,0.0,0.0,0.0,0.0,0.0,0.0,0.0,0.0,0.0,26.815892,0.01507,0,0,0,0,0,0,0,0.0,0.0,0.0,0.0,0.0,0.0,0.0,0,0,0,0
tiledb,rank,4096,0,warm,window_256,1024,,,2048,8,25.528452009893954,0,0,0,0.15328107200000002,4096,1008,,0.24609375,,4.063492063492063,,,,,,19,4,48259584,14541291520,0.167487,0.090539,0.034169,0.00913,0.00648,24.436189,0.0068,0.0,0.0,0.052698999999999996,0.00582,15.738821,0.0,0.141707,0.04277,0.395704,0.01669,3072,755,15,1,6040,6184960,6184960,0.425333,0.29180599999999995,0.475002,10.926699999999999,3.97944,0.18299700000000002,15.711300000000001,15,3,3,100681752
tiledb,rank,4096,0,warm,window_256,1024,,,2048,9,22.44040899677202,0,0,0,0.146574695,4096,1006,,0.24560546875,,4.071570576540755,,,,,,22,5,37839360,14541271040,0.147897,0.03335,0.036369,0.00857,0.00638,21.747419,0.00146,0.0,0.0,0.065409,0.00568,16.559048,0.0,0.064619,0.03665,0.171718,0.01526,1024,252,5,1,2016,2064384,2064384,0.210767,0.118648,0.261646,13.0487,3.02204,0.089958,16.5321,5,2,1,67121168
tiledb,rank,4096,0,warm,window_256,8192,,,2048,0,33.35441299714148,0,0,0,0.169145324,32768,1024,,0.03125,,32.0,,,,,,4,5,273351168,14541651968,0.170877,0.090029,0.036819,0.01004,0.00834,11.299148,0.00375,0.0,0.0,0.075048,0.0071,8.951654,0.0,0.056339,0.060569,21.371315,0.061459,8192,256,1,1,2048,2097152,2097152,0.049279,0.022169,0.107138,6.70791,1.86317,0.114029,8.92093,1,1,1,33560584
tiledb,rank,4096,0,warm,window_256,8192,,,2048,1,24.209301976952702,0,0,0,0.166262028,32768,1024,,0.03125,,32.0,,,,,,4,4,273351168,14541918208,0.225596,0.088919,0.032869,0.00862,0.00724,19.827478,0.00158,0.0,0.0,0.051949,0.00525,14.372581,0.0,0.090649,0.105628,3.608265,0.073399,16384,512,2,1,4096,4194304,4194304,0.238206,0.142098,0.290435,10.4744,3.33899,0.12457899999999998,14.345500000000001,2,2,2,67121168
tiledb,rank,4096,0,warm,window_256,8192,,,2048,2,22.164182970300317,0,0,0,0.128683883,32768,1024,,0.03125,,32.0,,,,,,4,4,273351168,14541778944,0.204857,0.0,0.0,0.00824,0.0,0.00023,0.0,0.0,0.0,0.0,0.0,0.0,0.0,0.0,0.0,21.792949,0.062059,0,0,0,0,0,0,0,0.0,0.0,0.0,0.0,0.0,0.0,0.0,0,0,0,0
tiledb,rank,4096,0,warm,window_256,8192,,,2048,3,25.08237899746746,0,0,0,0.156762646,32768,1024,,0.03125,,32.0,,,,,,4,4,273351168,14541910016,0.177977,0.090818,0.03511,0.009269,0.00725,19.680441,0.00514,0.0,0.0,0.05411,0.003869,14.714177,0.0,0.092269,0.110148,4.61268,0.077149,16384,512,2,1,4096,4194304,4194304,0.15920800000000002,0.116628,0.206427,10.401499999999999,3.8239799999999997,0.119438,14.6877,2,2,2,67121168
tiledb,rank,4096,0,warm,window_256,8192,,,2048,4,23.044288973324,0,0,0,0.135520635,32768,1024,,0.03125,,32.0,,,,,,4,4,273351168,14541766656,0.180997,0.089789,0.035929,0.0089,0.00782,10.725907,0.00135,0.0,0.0,0.059709,0.0047,8.102407,0.0,0.054079,0.058199,11.660973,0.062569,8192,256,1,1,2048,2097152,2097152,0.051749,0.02504,0.09516799999999999,6.25579,1.5195,0.115778,8.07283,1,1,1,33560584
tiledb,rank,4096,0,warm,window_256,8192,,,2048,5,24.812432995531708,0,0,0,0.144876312,32768,1024,,0.03125,,32.0,,,,,,4,4,273351168,14541758464,0.170878,0.092048,0.03649,0.009009,0.00786,19.559663,0.00493,0.0,0.0,0.060858999999999996,0.00528,14.087486,0.0,0.096339,0.106138,4.498011,0.077909,16384,512,2,1,4096,4194304,4194304,0.228246,0.15309699999999998,0.272976,10.092,3.45283,0.11909800000000001,14.0593,2,2,2,67121168
tiledb,rank,4096,0,warm,window_256,8192,,,2048,6,26.91149100428447,0,0,0,0.162935795,32768,1024,,0.03125,,32.0,,,,,,4,4,342884864,14541885440,0.167418,0.086849,0.03402,0.008739,0.00595,10.304074,0.00121,0.0,0.0,0.05744,0.004759,7.992809,0.0,0.052999,0.057299,15.955747,0.062829,8192,256,1,1,2048,2097152,2097152,0.077519,0.050889,0.116408,6.15876,1.50301,0.097359,7.9652,1,1,1,33560584
tiledb,rank,4096,0,warm,window_256,8192,,,2048,7,31.78239695262164,0,0,0,0.200310153,32768,1024,,0.03125,,32.0,,,,,,4,4,342884864,14541873152,0.226956,0.079199,0.031989,0.00847,0.00654,25.374045,0.0019,0.0,0.0,0.046319,0.00554,18.359241,0.0,0.126278,0.156367,5.568765,0.071269,24576,768,3,1,6144,6291456,6291456,0.278746,0.174847,0.334795,12.5965,5.11392,0.154308,18.332,3,3,3,100681752
tiledb,rank,4096,0,warm,window_256,8192,,,2048,8,23.93311698688194,0,0,0,0.153374263,32768,1024,,0.03125,,32.0,,,,,,4,4,273351168,14541733888,0.191127,0.088069,0.034749,0.00919,0.00721,19.593902,0.00158,0.0,0.0,0.045869,0.00283,14.153755,0.0,0.091099,0.109518,3.606445,0.075259,16384,512,2,1,4096,4194304,4194304,0.150748,0.07969899999999999,0.193797,10.2866,3.42408,0.123889,14.1345,2,2,2,67121168
tiledb,rank,4096,0,warm,window_256,8192,,,2048,9,16.494628973305225,0,0,0,0.115516918,32768,1024,,0.03125,,32.0,,,,,,4,4,203817472,14541590528,0.232856,0.089029,0.032969,0.00808,0.00782,12.353152,0.00145,0.0,0.0,0.049289,0.0043,8.860116,0.0,0.05316,0.057649,3.480818,0.069929,8192,256,1,1,2048,2097152,2097152,0.048489000000000004,0.02333,0.086858,6.56381,1.94919,0.135138,8.83292,1,1,1,33560584
tiledb,rank,4096,0,warm,window_256,65536,,,2048,0,79.52673098770902,0,0,0,0.42012988500000004,262144,1024,,0.00390625,,256.0,,,,,,4,5,3241640960,14541963264,0.228366,0.0,0.0,0.00823,0.0,0.0006,0.0,0.0,0.0,0.0,0.0,0.0,0.0,0.0,0.0,78.380109,0.779629,0,0,0,0,0,0,0,0.0,0.0,0.0,0.0,0.0,0.0,0.0,0,0,0,0
tiledb,rank,4096,0,warm,window_256,65536,,,2048,1,45.62006704509258,0,0,0,0.216663827,262144,1024,,0.00390625,,256.0,,,,,,4,4,2157445632,14542974976,0.248586,0.077259,0.03449,0.00889,0.00521,10.756246,0.0018,0.0,0.0,0.064398,0.0043,7.90353,0.0,0.052919,0.380015,33.146586,0.776199,65536,256,1,1,2048,2097152,2097152,0.065639,0.038089,0.114268,6.07655,1.5141499999999999,0.080659,7.876040000000001,1,1,1,33560584
tiledb,rank,4096,0,warm,window_256,65536,,,2048,2,53.83879196597263,0,0,0,0.228864239,262144,1024,,0.00390625,,256.0,,,,,,4,4,2157445632,14542974976,0.219036,0.085879,0.035809,0.00897,0.0079,16.674496,0.00191,0.0,0.0,0.059428999999999996,0.00419,11.307358,0.0,0.103549,0.791178,34.931499,0.773939,131072,512,2,1,4096,4194304,4194304,0.15684800000000002,0.09389900000000001,0.205357,7.773580000000001,3.0415300000000003,0.126058,11.2801,2,2,2,67121168
tiledb,rank,4096,0,warm,window_256,65536,,,2048,3,55.497416004072875,0,0,0,0.24392685199999997,262144,1024,,0.00390625,,256.0,,,,,,4,4,2157445632,14542962688,0.230907,0.086048,0.03712,0.00846,0.00797,19.236577,0.00457,0.0,0.0,0.059669,0.00573,13.990817,0.0,0.089149,0.775168,34.100542,0.779038,131072,512,2,1,4096,4194304,4194304,0.17094800000000002,0.126098,0.215977,10.1645,3.3236,0.120278,13.9628,2,2,2,67121168
tiledb,rank,4096,0,warm,window_256,65536,,,2048,4,50.64276995835826,0,0,0,0.256223641,262144,1024,,0.00390625,,256.0,,,,,,4,4,2157445632,14544019456,0.331325,0.0,0.0,0.00763,0.0,0.00014,0.0,0.0,0.0,0.0,0.0,0.0,0.0,0.0,0.0,49.440078,0.780158,0,0,0,0,0,0,0,0.0,0.0,0.0,0.0,0.0,0.0,0.0,0,0,0,0
tiledb,rank,4096,0,warm,window_256,65536,,,2048,5,44.409064983483404,0,0,0,0.20527588500000002,262144,1024,,0.00390625,,256.0,,,,,,4,4,2157445632,14542962688,0.187157,0.078189,0.036379,0.00945,0.00671,11.017412,0.00109,0.0,0.0,0.059949,0.00522,8.094277,0.0,0.05422,0.379524,31.681848,0.776758,65536,256,1,1,2048,2097152,2097152,0.066799,0.040399,0.122068,6.31492,1.3912600000000002,0.126798,8.06637,1,1,1,33560584
tiledb,rank,4096,0,warm,window_256,65536,,,2048,6,57.71249299868941,0,0,0,0.237489691,262144,1024,,0.00390625,,256.0,,,,,,4,4,2157445632,14542962688,0.230606,0.085689,0.036169,0.00898,0.00773,19.896827,0.00674,0.0,0.0,0.052709,0.00462,14.873094,0.0,0.088919,0.774288,35.665538,0.776268,131072,512,2,1,4096,4194304,4194304,0.133798,0.08145899999999999,0.193957,10.5866,3.82824,0.117618,14.8469,2,2,2,67121168
tiledb,rank,4096,0,warm,window_256,65536,,,2048,7,54.8727759742178,0,0,0,0.262748811,262144,1024,,0.00390625,,256.0,,,,,,4,5,2157445632,14542950400,0.254846,0.087378,0.03829,0.009089,0.00776,17.961037,0.01173,0.0,0.0,0.084639,0.00686,11.925979,0.0,0.099189,0.784428,34.701332,0.777198,131072,512,2,1,4096,4194304,4194304,0.232157,0.155268,0.275616,7.78829,3.5650299999999997,0.11892799999999999,11.889999999999999,2,2,2,67121168
tiledb,rank,4096,0,warm,window_256,65536,,,2048,8,42.07919002510607,0,0,0,0.217109332,262144,1024,,0.00390625,,256.0,,,,,,4,4,2157445632,14542934016,0.188337,0.080339,0.035099,0.00966,0.00704,12.052597,0.00156,0.0,0.0,0.062249,0.00483,9.337598,0.0,0.055239,0.383334,28.3162,0.782848,65536,256,1,1,2048,2097152,2097152,0.071169,0.04555,0.137368,7.104509999999999,1.8811200000000001,0.078508,9.30753,1,1,1,33560584
tiledb,rank,4096,0,warm,window_256,65536,,,2048,9,61.43410596996546,0,0,0,0.30511631300000003,262144,1024,,0.00390625,,256.0,,,,,,4,6,2157445632,14543982592,0.236906,0.0,0.0,0.00804,0.0,0.00035,0.0,0.0,0.0,0.0,0.0,0.0,0.0,0.0,0.0,60.292253,0.780779,0,0,0,0,0,0,0,0.0,0.0,0.0,0.0,0.0,0.0,0.0,0,0,0,0
tiledb,rank,4096,0,warm,window_4096,1024,,,2048,0,42.6062720362097,0,0,0,0.256334777,4096,3596,,0.8779296875,,1.139043381535039,,,,,,2785,8,48431616,14544642048,0.293085,0.03228,0.039899,0.00935,0.00664,22.221752,0.0076,0.0,0.0,0.087369,0.096838,16.063976,0.0,0.148198,0.032069,19.652851,0.01706,1024,893,692,1,7144,7315456,7315456,0.749089,0.429035,0.976035,11.9387,2.69627,0.223467,16.016099999999998,692,2,1,67121168
tiledb,rank,4096,0,warm,window_4096,1024,,,2048,1,42.343195993453264,0,0,0,0.27614056,4096,3616,,0.8828125,,1.1327433628318584,,,,,,2840,8,48620032,14543642624,0.124028,0.035289,0.04214,0.009369,0.00701,40.929768,0.00856,0.0,0.0,0.139088,0.191077,29.408573,0.0,0.293996,0.043019,0.611241,0.018599,2048,1828,1424,1,14624,14974976,14974976,1.07735,0.67589,1.5753,19.8358,7.324190000000001,0.355255,29.326999999999998,1424,4,2,134242336
tiledb,rank,4096,0,warm,window_4096,1024,,,2048,2,41.08624503714964,0,0,0,0.24697977399999999,4096,3608,,0.880859375,,1.1352549889135255,,,,,,2822,8,48423424,14543908864,0.153308,0.032449,0.04132,0.009109,0.00617,24.243722,0.00346,0.0,0.0,0.106068,0.099579,18.017796,0.0,0.150098,0.031419,16.230943,0.01811,1024,896,732,1,7168,7340032,7340032,0.828078,0.549348,1.25194,13.0368,3.2351,0.250427,17.955599999999997,732,2,1,67121168
tiledb,rank,4096,0,warm,window_4096,1024,,,2048,3,41.4605499827303,0,0,0,0.267446552,4096,3621,,0.884033203125,,1.1311792322562828,,,,,,2839,8,48456192,14543564800,0.120699,0.0343,0.039879,0.00871,0.00743,39.972663,0.00817,0.0,0.0,0.093539,0.180127,28.385228,0.0,0.297855,0.047919,0.6291,0.01657,2048,1808,1414,1,14464,14811136,14811136,0.956585,0.633212,1.38818,20.4974,5.71197,0.42337400000000003,28.255,1414,4,2,134242336
tiledb,rank,4096,0,warm,window_4096,1024,,,2048,4,56.821677018888295,0,0,0,0.344145311,4096,3607,,0.880615234375,,1.1355697255336845,,,,,,2841,8,64315904,14543880192,0.116629,0.03366,0.041649,0.00908,0.00541,23.541752,0.00701,0.0,0.0,0.087158,0.102429,18.356251,0.0,0.148738,0.031379,32.599495,0.01997,1024,892,720,1,7136,7307264,7307264,0.69736,0.40991500000000003,0.926856,13.617799999999999,3.24999,0.338855,18.3055,720,2,1,67121168
tiledb,rank,4096,0,warm,window_4096,1024,,,2048,5,42.419005010742694,0,0,0,0.311145929,4096,3641,,0.888916015625,,1.1249656687723153,,,,,,2810,8,48652800,14543933440,0.117088,0.034109,0.04291,0.010009,0.00759,40.912259,0.01505,0.0,0.0,0.111219,0.184987,27.741568,0.0,0.297055,0.049719,0.63292,0.01721,2048,1832,1413,1,14656,15007744,15007744,1.00098,0.63786,1.46758,19.4765,6.068350000000001,0.440493,27.6639,1413,4,2,134242336
tiledb,rank,4096,0,warm,window_4096,1024,,,2048,6,38.33669697633013,0,0,0,0.25982921800000003,4096,3622,,0.88427734375,,1.1308669243511873,,,,,,2835,8,48521728,14543814656,0.235496,0.034559,0.04123,0.00969,0.007279,36.726182,0.0176,0.0,0.0,0.139378,0.203907,24.743654,0.0,0.309396,0.053589,0.64059,0.01831,2048,1816,1415,1,14528,14876672,14876672,1.09853,0.696423,1.5999,16.144599999999997,6.32193,0.362834,24.6566,1415,4,2,134242336
tiledb,rank,4096,0,warm,window_4096,1024,,,2048,7,56.64041999261826,0,0,0,0.334417423,4096,3640,,0.888671875,,1.1252747252747253,,,,,,2834,8,64422400,14544121856,0.112128,0.033989,0.045359,0.01042,0.00652,23.06999,0.00646,0.0,0.0,0.085028,0.101229,17.940878,0.0,0.149947,0.03218,32.940809,0.01886,1024,912,704,1,7296,7471104,7471104,0.825388,0.520173,1.06911,12.6102,3.62282,0.406954,17.8598,704,2,1,67121168
tiledb,rank,4096,0,warm,window_4096,1024,,,2048,8,27.60978101287037,0,0,0,0.22004358899999998,4096,3636,,0.8876953125,,1.1265126512651265,,,,,,2812,8,32776704,14543208448,0.212357,0.031319,0.04064,0.00928,0.00494,26.724733,0.006619,0.0,0.0,0.09501799999999999,0.103099,18.665867,0.0,0.170738,0.041799,0.174737,0.01642,1024,923,720,1,7384,7561216,7561216,0.829727,0.566294,1.09093,13.662199999999999,3.42028,0.252726,18.6079,720,2,1,67121168
tiledb,rank,4096,0,warm,window_4096,1024,,,2048,9,42.561292997561395,0,0,0,0.274160981,4096,3644,,0.8896484375,,1.12403951701427,,,,,,2842,8,48644608,14543519744,0.117558,0.054639,0.042269,0.01031,0.00722,41.046226,0.01373,0.0,0.0,0.11365800000000001,0.181987,29.745858,0.0,0.301716,0.045149,0.61605,0.01882,2048,1831,1424,1,14648,14999552,14999552,1.02647,0.670241,1.50158,21.4802,6.0067200000000005,0.44382299999999997,29.6689,1424,4,2,134242336
tiledb,rank,4096,0,warm,window_4096,8192,,,2048,0,45.70532601792365,0,0,0,0.27507298,32768,14167,,0.432342529296875,,2.3129808710383286,,,,,,1951,8,327393792,14543994880,0.223686,0.089059,0.036199,0.01134,0.00881,40.862039,0.01312,0.0,0.0,0.12084800000000001,0.146708,29.704709,0.0,1.058384,0.156797,2.915525,0.077799,16384,7109,956,1,56872,58236928,58236928,0.9372659999999999,0.611474,1.28579,20.7694,5.97388,1.3865399999999999,29.6348,956,4,2,134242336
tiledb,rank,4096,0,warm,window_4096,8192,,,2048,1,46.773828973528,0,0,0,0.277873898,32768,14213,,0.433746337890625,,2.3054949693942164,,,,,,1879,8,327352832,14543904768,0.194577,0.092799,0.036059,0.00918,0.00785,41.920793,0.02641,0.0,0.0,0.08993799999999999,0.124688,30.600665,0.0,1.039614,0.139568,3.038964,0.075969,16384,7104,949,1,56832,58195968,58195968,0.982445,0.666702,1.36547,20.601399999999998,7.11457,1.2503900000000001,30.5441,949,4,2,134242336
tiledb,rank,4096,0,warm,window_4096,8192,,,2048,2,46.723270032089204,0,0,0,0.28530182400000004,32768,14204,,0.4334716796875,,2.3069557871022246,,,,,,1906,8,327262720,14544240640,0.249716,0.091199,0.03588,0.008889,0.00756,40.425496,0.03086,0.0,0.0,0.096318,0.131308,29.948135,0.0,1.036924,0.141468,4.490562,0.078298,16384,7093,953,1,56744,58105856,58105856,0.895927,0.5536500000000001,1.22177,20.2845,6.87359,1.29701,29.884999999999998,953,4,2,134242336
tiledb,rank,4096,0,warm,window_4096,8192,,,2048,3,46.20604799129069,0,0,0,0.302798627,32768,14142,,0.43157958984375,,2.317069721397256,,,,,,1925,8,326828544,14543937536,0.215287,0.090878,0.03611,0.009889,0.00821,39.711077,0.02642,0.0,0.0,0.084059,0.127788,27.769548,0.0,1.045844,0.150818,4.58519,0.078319,16384,7040,985,1,56320,57671680,57671680,0.8483269999999999,0.55256,1.22972,18.5565,6.468909999999999,1.2687300000000001,27.7106,985,4,3,134242336
tiledb,rank,4096,0,warm,window_4096,8192,,,2048,4,40.052802010905,0,0,0,0.270581281,32768,14161,,0.432159423828125,,2.3139608784690346,,,,,,1941,8,326943232,14543892480,0.236787,0.091169,0.03511,0.009049,0.008,36.103612,0.00762,0.0,0.0,0.139097,0.170068,24.239342,0.0,1.056893,0.159628,1.959841,0.076578,16384,7054,999,1,56432,57786368,57786368,0.9433549999999999,0.626601,1.34633,14.9483,6.22178,1.42827,24.178,999,4,2,134242336
tiledb,rank,4096,0,warm,window_4096,8192,,,2048,5,32.9137000371702,0,0,0,0.249706383,32768,14159,,0.432098388671875,,2.3142877321844764,,,,,,1930,8,230916608,14543425536,0.194147,0.089978,0.03391,0.01037,0.0068,27.464202,0.00657,0.0,0.0,0.077459,0.067569,19.582993,0.0,0.531592,0.074259,4.207096,0.070499,8192,3564,467,1,28512,29196288,29196288,0.745969,0.48303,0.9627760000000001,12.5987,4.3478900000000005,1.40917,19.515,467,2,1,67121168
tiledb,rank,4096,0,warm,window_4096,8192,,,2048,6,63.289778016041964,0,0,0,0.403170179,32768,14144,,0.431640625,,2.316742081447964,,,,,,1913,8,423600640,14544416768,0.296475,0.077339,0.036589,0.00937,0.00867,55.30046,0.03779,0.0,0.0,0.09772900000000001,0.181347,40.418146,0.0,1.548696,0.217987,5.554155,0.077129,24576,10621,1426,1,84968,87007232,87007232,0.974175,0.594672,1.4327999999999999,25.3293,11.9623,1.38633,40.3335,1426,6,3,201363504
tiledb,rank,4096,0,warm,window_4096,8192,,,2048,7,31.55295003671199,0,0,0,0.239909761,32768,14119,,0.430877685546875,,2.3208442524258093,,,,,,1959,8,230793728,14543450112,0.265136,0.091169,0.036119,0.0091,0.00738,27.770378,0.00673,0.0,0.0,0.090798,0.073819,21.260957,0.0,0.531462,0.072449,2.506372,0.074029,8192,3547,483,1,28376,29057024,29057024,0.801278,0.518571,1.00252,14.5451,4.29926,1.1543700000000001,21.2115,483,2,1,67121168
tiledb,rank,4096,0,warm,window_4096,8192,,,2048,8,44.70699996454641,0,0,0,0.277788559,32768,14169,,0.432403564453125,,2.312654386336368,,,,,,1899,8,327098880,14543933440,0.188487,0.0,0.0,0.00858,0.0,0.0005,0.0,0.0,0.0,0.0,0.0,0.0,0.0,0.0,0.0,44.261657,0.070819,0,0,0,0,0,0,0,0.0,0.0,0.0,0.0,0.0,0.0,0.0,0,0,0,0
tiledb,rank,4096,0,warm,window_4096,8192,,,2048,9,47.153023013379425,0,0,0,0.31338019,32768,14168,,0.432373046875,,2.312817617165443,,,,,,1908,8,327188992,14543966208,0.336665,0.089449,0.034519,0.01355,0.00577,40.718951,0.00785,0.0,0.0,0.07286899999999999,0.125338,31.082687,0.0,1.034384,0.141298,4.524221,0.073929,16384,7084,943,1,56672,58032128,58032128,0.865427,0.531879,1.19306,20.912300000000002,7.541939999999999,1.1378899999999998,30.9855,943,4,2,134242336
tiledb,rank,4096,0,warm,window_4096,65536,,,2048,0,78.36501899873838,0,0,0,0.427763735,262144,16384,,0.0625,,16.0,,,,,,4,8,2220360192,14543597568,0.405714,0.087249,0.03517,0.009209,0.00841,39.685367,0.0356,0.0,0.0,0.045869,0.00643,28.736513,0.0,1.193382,0.867987,35.138836,0.778468,131072,8192,2,1,65536,67108864,67108864,0.132358,0.055810000000000005,0.179547,19.325599999999998,7.67125,1.39622,28.71,2,4,2,134242336
tiledb,rank,4096,0,warm,window_4096,65536,,,2048,1,56.29853397840634,0,0,0,0.331024575,262144,16384,,0.0625,,16.0,,,,,,4,8,1647313408,14543282176,0.264276,0.082119,0.035609,0.00971,0.00747,26.861472,0.00551,0.0,0.0,0.08760899999999999,0.00745,19.236417,0.0,0.607841,0.431723,27.033249,0.777198,65536,4096,1,1,32768,33554432,33554432,0.106228,0.071908,0.166297,13.247200000000001,4.33247,1.2886600000000001,19.1967,1,2,1,67121168
tiledb,rank,4096,0,warm,window_4096,65536,,,2048,2,79.245644970797,0,0,0,0.39134636700000003,262144,16384,,0.0625,,16.0,,,,,,4,8,2220360192,14544539648,0.275346,0.087079,0.03669,0.009389,0.00912,40.918918,0.02914,0.0,0.0,0.071958,0.00818,28.428248,0.0,1.217892,0.880727,34.737132,0.775718,131072,8192,2,1,65536,67108864,67108864,0.116188,0.069148,0.191657,20.572,6.30985,1.11765,28.393700000000003,2,4,2,134242336
tiledb,rank,4096,0,warm,window_4096,65536,,,2048,3,66.25005300156772,0,0,0,0.329306294,262144,16384,,0.0625,,16.0,,,,,,4,8,2220360192,14544674816,0.239426,0.081588,0.03714,0.00886,0.00759,24.419188,0.0062,0.0,0.0,0.066748,0.00697,18.208144,0.0,0.607881,0.430454,39.4203,0.777149,65536,4096,1,1,32768,33554432,33554432,0.094709,0.066189,0.16256800000000002,13.094,3.82458,0.9725750000000001,18.1766,1,2,1,67121168
tiledb,rank,4096,0,warm,window_4096,65536,,,2048,4,79.76534799672663,0,0,0,0.38941499199999996,262144,16384,,0.0625,,16.0,,,,,,4,8,2220360192,14544539648,0.291746,0.086679,0.038469,0.00872,0.00874,40.720841,0.00794,0.0,0.0,0.065569,0.00851,29.385733,0.0,1.193352,0.871397,35.613498,0.777959,131072,8192,2,1,65536,67108864,67108864,0.198767,0.129768,0.24839699999999998,21.4087,6.35459,1.1728999999999998,29.354499999999998,2,4,2,134242336
tiledb,rank,4096,0,warm,window_4096,65536,,,2048,5,78.18549202056602,0,0,0,0.375280217,262144,16384,,0.0625,,16.0,,,,,,4,8,2220360192,14544543744,0.827357,0.086399,0.038689,0.00877,0.00809,38.593203,0.00854,0.0,0.0,0.065199,0.00754,28.089573,0.0,1.198402,0.894897,35.56764,0.779528,131072,8192,2,1,65536,67108864,67108864,0.216717,0.159348,0.26618600000000003,20.3119,6.10282,1.2221199999999999,28.0591,2,4,2,134242336
tiledb,rank,4096,0,warm,window_4096,65536,,,2048,6,72.5743179791607,0,0,0,0.352215606,262144,16384,,0.0625,,16.0,,,,,,4,8,2220360192,14544539648,0.225397,0.086659,0.036669,0.00973,0.00792,34.447727,0.00806,0.0,0.0,0.07758899999999999,0.00787,27.324374,0.0,1.192811,0.863607,34.748632,0.779448,131072,8192,2,1,65536,67108864,67108864,0.161848,0.114578,0.224147,19.5228,6.15712,1.24797,27.2937,2,4,2,134242336
tiledb,rank,4096,0,warm,window_4096,65536,,,2048,7,77.33162498334423,0,0,0,0.37311422299999997,262144,16384,,0.0625,,16.0,,,,,,4,8,2220360192,14544539648,0.337554,0.087049,0.035469,0.00974,0.0092,38.077211,0.03186,0.0,0.0,0.072239,0.00797,27.088449,0.0,1.213442,0.884026,35.611999,0.778448,131072,8192,2,1,65536,67108864,67108864,0.143838,0.092879,0.192447,19.567899999999998,6.1279200000000005,0.975125,27.052799999999998,2,4,2,134242336
tiledb,rank,4096,0,warm,window_4096,65536,,,2048,8,63.29605798237026,0,0,0,0.325721158,262144,16384,,0.0625,,16.0,,,,,,4,8,2220360192,14544531456,0.210266,0.080819,0.037279,0.00967,0.00746,26.087374,0.00538,0.0,0.0,0.073399,0.0067,18.821794,0.0,0.63098,0.445303,34.688102,0.778339,65536,4096,1,1,32768,33554432,33554432,0.046740000000000004,0.01799,0.096549,14.054,3.2362900000000003,1.2637,18.7882,1,2,1,67121168
tiledb,rank,4096,0,warm,window_4096,65536,,,2048,9,76.93561003543437,0,0,0,0.392978679,262144,16384,,0.0625,,16.0,,,,,,4,8,2220360192,14544527360,0.387914,0.085578,0.0356,0.00865,0.006639,38.405597,0.03102,0.0,0.0,0.064979,0.00804,27.165737,0.0,1.193912,0.868387,35.016058,0.775438,131072,8192,2,1,65536,67108864,67108864,0.148508,0.104949,0.193147,19.6967,5.59767,1.48111,27.1375,2,4,2,134242336
tiledb,rank,4096,0,warm,window_65536,1024,,,2048,0,208.7189580197446,0,0,0,2.6586998310000003,4096,4062,,0.99169921875,,1.0083702609551946,,,,,,4010,68,50315776,14545088512,0.127688,0.03469,0.040959,0.01198,0.00739,207.094263,0.00458,0.0,0.0,0.130008,0.269466,120.726815,0.0,0.337224,0.0539,0.6374,0.01848,2048,2035,2010,1,16280,16670720,16670720,1.20997,0.767126,1.78034,94.4889,61.9441,0.393695,120.642,2010,34,13,1141059856
tiledb,rank,4096,0,warm,window_65536,1024,,,2048,1,163.08067098725587,0,0,0,2.1106784640000003,4096,4056,,0.990234375,,1.009861932938856,,,,,,3995,68,50274816,14545469440,0.162737,0.0,0.0,0.00929,0.0,0.00085,0.0,0.0,0.0,0.0,0.0,0.0,0.0,0.0,0.0,162.619158,0.02847,0,0,0,0,0,0,0,0.0,0.0,0.0,0.0,0.0,0.0,0.0,0,0,0,0
tiledb,rank,4096,0,warm,window_65536,1024,,,2048,2,210.91936499578878,0,0,0,2.172767831,4096,4066,,0.99267578125,,1.0073782587309394,,,,,,4000,68,67060224,14545887232,0.130198,0.033409,0.039799,0.01051,0.00722,130.228001,0.00322,0.0,0.0,0.108478,0.144708,73.311106,0.0,0.207127,0.059359,79.837467,0.022059,1024,1016,1004,1,8128,8323072,8323072,0.9397160000000001,0.57955,1.25486,55.5914,28.8982,0.20094700000000001,73.2343,1004,17,7,570529928
tiledb,rank,4096,0,warm,window_65536,1024,,,2048,3,211.13530098227784,0,0,0,2.572828036,4096,4061,,0.991455078125,,1.0086185668554544,,,,,,4014,67,50274816,14545924096,0.240056,0.033699,0.0402,0.00979,0.00501,209.419897,0.012749,0.0,0.0,0.145528,0.254076,124.677345,0.0,0.341625,0.052569,0.64715,0.01887,2048,2030,2004,1,16240,16629760,16629760,1.35684,0.906993,1.9970299999999999,100.49900000000001,54.184000000000005,0.37779399999999996,124.574,2004,33,13,1107499272
tiledb,rank,4096,0,warm,window_65536,1024,,,2048,4,217.55651402054355,0,0,0,2.574814081,4096,4063,,0.991943359375,,1.008122077282796,,,,,,3989,68,50332160,14545489920,0.190877,0.03415,0.043009,0.00986,0.00717,216.243344,0.01787,0.0,0.0,0.162877,0.273106,130.27115,0.0,0.339014,0.05466,0.340255,0.01828,2048,2037,2001,1,16296,16687104,16687104,1.20561,0.771474,1.77795,110.322,49.787,0.378995,130.167,2001,34,13,1141059856
tiledb,rank,4096,0,warm,window_65536,1024,,,2048,5,211.82458102703094,0,0,0,2.734857024,4096,4066,,0.99267578125,,1.0073782587309394,,,,,,3991,68,50291200,14545477632,0.140397,0.03505,0.041379,0.00958,0.0074,210.250934,0.00542,0.0,0.0,0.151627,0.293676,126.743594,0.0,0.335635,0.05197,0.63944,0.01641,2048,2032,1997,1,16256,16646144,16646144,1.2579500000000001,0.80583,1.8760599999999998,99.1824,60.6608,0.368155,126.66,1997,34,13,1141059856
tiledb,rank,4096,0,warm,window_65536,1024,,,2048,6,207.24865002557635,0,0,0,2.58042726,4096,4064,,0.9921875,,1.0078740157480315,,,,,,3991,68,50299392,14545018880,0.171287,0.0,0.0,0.00878,0.0,0.00088,0.0,0.0,0.0,0.0,0.0,0.0,0.0,0.0,0.0,206.806447,0.024239,0,0,0,0,0,0,0,0.0,0.0,0.0,0.0,0.0,0.0,0.0,0,0,0,0
tiledb,rank,4096,0,warm,window_65536,1024,,,2048,7,215.2302289614454,0,0,0,2.703916102,4096,4069,,0.993408203125,,1.0066355369869746,,,,,,4004,68,50332160,14544986112,0.158527,0.035419,0.04169,0.01028,0.00711,213.577844,0.013419,0.0,0.0,0.138198,0.257226,127.318085,0.0,0.338375,0.056509,0.66024,0.01872,2048,2037,2002,1,16296,16687104,16687104,1.07999,0.727555,1.63615,101.274,61.4559,0.408244,127.23899999999999,2002,34,13,1141059856
tiledb,rank,4096,0,warm,window_65536,1024,,,2048,8,205.12868301011622,0,0,0,2.457863122,4096,4062,,0.99169921875,,1.0083702609551946,,,,,,3989,68,50274816,14544969728,0.158498,0.03372,0.040989,0.00978,0.00731,135.319953,0.00259,0.0,0.0,0.106788,0.133438,75.491843,0.0,0.193407,0.04802,68.968882,0.01976,1024,1017,999,1,8136,8331264,8331264,0.899197,0.585392,1.25976,52.69,32.2232,0.20547600000000002,75.4194,999,17,7,570529928
tiledb,rank,4096,0,warm,window_65536,1024,,,2048,9,221.41715500038117,0,0,0,2.369370325,4096,4073,,0.994384765625,,1.005646943285048,,,,,,4003,68,67092992,14545788928,0.134348,0.103579,0.036079,0.01114,0.00711,219.435695,0.0047,0.0,0.0,0.172547,0.368224,141.348902,0.0,0.487643,0.062419,0.783778,0.0196,3072,3054,3000,1,24432,25018368,25018368,1.4894699999999998,0.954587,2.3806399999999996,105.09599999999999,64.50590000000001,0.5728219999999999,141.216,3000,51,19,1711589784
tiledb,rank,4096,0,warm,window_65536,8192,,,2048,0,220.1694439863786,0,0,0,2.5772748180000002,32768,30805,,0.940093994140625,,1.06372342152248,,,,,,27252,68,395280896,14568206336,0.211077,0.094189,0.037349,0.0127,0.00948,214.387112,0.063309,0.0,0.0,0.34918499999999997,1.433438,125.997175,0.0,2.260685,0.204997,2.504742,0.078929,16384,15396,13636,1,123168,126124032,126124032,3.18412,1.9214499999999999,5.95514,98.1854,52.4967,2.61291,125.67999999999999,13636,34,13,1141059856
tiledb,rank,4096,0,warm,window_65536,8192,,,2048,1,236.48041603155434,0,0,0,2.634225075,32768,30786,,0.93951416015625,,1.0643799129474436,,,,,,27198,68,395248128,14559006720,0.198807,0.099308,0.035789,0.00974,0.00928,228.847302,0.01798,0.0,0.0,0.344875,1.496707,146.955766,0.0,2.261006,0.201217,4.410593,0.076329,16384,15392,13582,1,123136,126091264,126091264,3.4004,2.5262100000000003,6.56653,95.0076,48.1289,1.97467,146.656,13582,34,13,1141059856
tiledb,rank,4096,0,warm,window_65536,8192,,,2048,2,244.7124409954995,0,0,0,2.215274193,32768,30757,,0.938629150390625,,1.06538348993725,,,,,,27096,68,525681152,14562979840,0.224156,0.076529,0.036089,0.01055,0.00937,237.168055,0.079279,0.0,0.0,0.485423,2.031359,156.049008,0.0,3.364299,0.296956,3.114983,0.079158,24576,23082,20337,1,184656,189087744,189087744,4.43862,2.53579,8.72546,101.95899999999999,47.8425,3.73535,155.422,20337,51,19,1711589784
tiledb,rank,4096,0,warm,window_65536,8192,,,2048,3,269.45810503093526,0,0,0,2.593545738,32768,30775,,0.939178466796875,,1.0647603574329814,,,,,,27218,68,525812224,14570016768,0.289926,0.078549,0.03718,0.010219,0.0114,259.424008,0.0205,0.0,0.0,0.517952,2.207327,174.906122,0.0,3.362919,0.297696,5.575766,0.075928,24576,23098,20430,1,184784,189218816,189218816,5.225890000000001,3.35496,10.5617,104.535,64.12950000000001,3.2470899999999996,174.261,20430,51,19,1711589784
tiledb,rank,4096,0,warm,window_65536,8192,,,2048,4,247.53844796214253,0,0,0,2.843568365,32768,30823,,0.940643310546875,,1.0631022288550758,,,,,,27323,68,395461120,14569488384,0.205997,0.095508,0.037,0.011629,0.00898,239.749407,0.01496,0.0,0.0,0.405544,1.459887,150.71593,0.0,2.264305,0.203697,4.529232,0.077298,16384,15405,13663,1,123240,126197760,126197760,3.3817500000000003,2.2579000000000002,6.37699,89.2479,58.5066,2.19272,150.341,13663,34,13,1141059856
tiledb,rank,4096,0,warm,window_65536,8192,,,2048,5,261.59373397240415,0,0,0,2.506258394,32768,30803,,0.940032958984375,,1.0637924877447003,,,,,,27123,68,525918720,14572998656,0.204837,0.079289,0.03772,0.009799,0.01068,251.578087,0.052599,0.0,0.0,0.470593,2.170467,169.907537,0.0,3.368319,0.296835,5.598185,0.076889,24576,23111,20368,1,184888,189325312,189325312,5.09427,3.35921,9.768749999999999,99.8726,65.5347,3.23375,169.443,20368,51,19,1711589784
tiledb,rank,4096,0,warm,window_65536,8192,,,2048,6,250.4479930503294,0,0,0,2.256921621,32768,30827,,0.940765380859375,,1.0629642845557465,,,,,,27278,68,525918720,14566375424,0.218886,0.092979,0.037969,0.01107,0.00911,129.446072,0.039989,0.0,0.0,0.298676,0.754908,70.43708,0.0,1.155953,0.114688,118.970822,0.068369,8192,7716,6798,1,61728,63209472,63209472,1.8256,1.1244200000000002,3.25868,53.159699999999994,22.235000000000003,1.0900400000000001,70.1996,6798,17,7,570529928
tiledb,rank,4096,0,warm,window_65536,8192,,,2048,7,246.45142495865002,0,0,0,2.797782553,32768,30720,,0.9375,,1.0666666666666667,,,,,,27171,68,395289088,14565982208,0.280876,0.093868,0.03705,0.0098,0.009279,238.560865,0.0147,0.0,0.0,0.37053400000000003,1.519967,158.60043,0.0,2.260376,0.205897,4.58898,0.076369,16384,15397,13609,1,123176,126132224,126132224,3.69785,2.7598599999999998,6.88465,98.7687,55.0216,1.85516,158.287,13609,34,13,1141059856
tiledb,rank,4096,0,warm,window_65536,8192,,,2048,8,224.76526402169839,0,0,0,2.817388128,32768,30797,,0.939849853515625,,1.0639997402344383,,,,,,27099,68,395346432,14559055872,0.217406,0.0,0.0,0.00882,0.0,0.00102,0.0,0.0,0.0,0.0,0.0,0.0,0.0,0.0,0.0,224.200693,0.080438,0,0,0,0,0,0,0,0.0,0.0,0.0,0.0,0.0,0.0,0.0,0,0,0,0
tiledb,rank,4096,0,warm,window_65536,8192,,,2048,9,250.02119998680428,0,0,0,2.719406099,32768,30842,,0.94122314453125,,1.0624473121068672,,,,,,27185,68,395698688,14559051776,0.240106,0.098988,0.03572,0.01049,0.00903,242.320197,0.014489,0.0,0.0,0.33534400000000003,1.494998,160.310394,0.0,2.267565,0.207167,4.423692,0.077059,16384,15447,13599,1,123576,126541824,126541824,3.42735,2.58877,6.76116,101.854,55.028800000000004,1.9548999999999999,160.007,13599,34,13,1141059856
tiledb,rank,4096,0,warm,window_65536,65536,,,2048,0,283.01274799741805,0,0,0,2.968850763,262144,165856,,0.6326904296875,,1.580551803974532,,,,,,61164,68,2833031680,14597197824,0.298486,0.090728,0.03815,0.011979,0.02044,227.6606,0.235556,0.0,0.0,0.735149,3.335909,135.111067,0.0,11.966128,1.283481,40.521824,0.776948,131072,82875,30552,1,663000,678912000,678912000,6.98369,4.7604500000000005,13.5093,89.9861,58.2786,11.546199999999999,134.36100000000002,30552,34,13,1141059856
tiledb,rank,4096,0,warm,window_65536,65536,,,2048,1,280.5365070234984,0,0,0,3.115706251,262144,165959,,0.6330833435058594,,1.579570857862484,,,,,,60814,68,2833170944,14582853632,0.320435,0.092769,0.038549,0.00998,0.02001,230.219181,0.070169,0.0,0.0,0.656561,3.402228,149.015475,0.0,11.959938,1.286941,35.501821,0.777028,131072,82998,30457,1,663984,679919616,679919616,7.08235,5.71504,14.2951,103.416,64.7466,8.32246,148.396,30457,34,13,1141059856
tiledb,rank,4096,0,warm,window_65536,65536,,,2048,2,298.4661340015009,0,0,0,2.994994304,262144,165848,,0.632659912109375,,1.580628044956828,,,,,,60850,68,2832728576,14582386688,0.236587,0.097298,0.039169,0.01227,0.02025,248.420325,0.066549,0.0,0.0,0.6549699999999999,3.394469,168.458369,0.0,11.924898,1.35683,35.215595,0.781268,131072,82817,30510,1,662536,678436864,678436864,5.92924,4.64617,12.4329,98.5879,58.850300000000004,9.40698,167.847,30510,34,13,1141059856
tiledb,rank,4096,0,warm,window_65536,65536,,,2048,3,195.8955730078742,0,0,0,2.914699143,262144,166012,,0.6332855224609375,,1.5790665735007108,,,,,,60943,68,1954931200,14572851200,0.248446,0.082068,0.03776,0.01213,0.013249,149.456809,0.03455,0.0,0.0,0.36584500000000003,1.649195,89.855384,0.0,6.002839,0.64811,38.252899,0.781688,65536,41538,15241,1,332304,340279296,340279296,4.60382,3.57708,7.903759999999999,56.4052,33.501599999999996,5.49121,89.52499999999999,15241,17,7,570529928
tiledb,rank,4096,0,warm,window_65536,65536,,,2048,4,289.44083099486306,0,0,0,2.982270711,262144,165653,,0.6319160461425781,,1.5824886962505962,,,,,,61016,68,2831966720,14583013376,0.282535,0.090199,0.039079,0.01013,0.02097,239.51728,0.064809,0.0,0.0,0.638081,3.204741,150.711989,0.0,11.932848,1.285641,35.149936,0.776248,131072,82851,30470,1,662808,678715392,678715392,6.5016,4.35888,12.8607,91.0948,44.5904,13.5805,149.988,30470,34,13,1141059856
tiledb,rank,4096,0,warm,window_65536,65536,,,2048,5,273.92930700443685,0,0,0,3.082139233,262144,165510,,0.6313705444335938,,1.5838559603649327,,,,,,61220,68,2831974912,14582542336,0.257926,0.089709,0.039159,0.01011,0.0206,224.580127,0.064759,0.0,0.0,0.6373,3.393559,132.422278,0.0,11.931518,1.283611,34.609164,0.776908,131072,82852,30543,1,662816,678723584,678723584,4.77837,3.10806,9.91787,96.1564,53.547200000000004,12.9363,131.815,30543,34,13,1141059856
tiledb,rank,4096,0,warm,window_65536,65536,,,2048,6,294.4840149721131,0,0,0,3.078575141,262144,165794,,0.6324539184570312,,1.581142864036093,,,,,,61155,68,2832728576,14582939648,0.259926,0.090448,0.03678,0.01171,0.020329,244.999957,0.109299,0.0,0.0,0.67707,3.190012,164.097546,0.0,11.940308,1.287771,34.714413,0.778488,131072,82920,30640,1,663360,679280640,679280640,7.52578,5.4221900000000005,14.270100000000001,96.6326,55.641999999999996,10.609300000000001,163.364,30640,34,13,1141059856
tiledb,rank,4096,0,warm,window_65536,65536,,,2048,7,307.4571269680746,0,0,0,3.137523619,262144,165392,,0.63092041015625,,1.5849859727193576,,,,,,60775,68,2832728576,14602231808,0.266796,0.090309,0.038329,0.01033,0.02053,247.897732,0.065139,0.0,0.0,0.6454799999999999,3.172122,149.868192,0.0,11.879849,1.285431,44.839159,0.779528,131072,82505,30426,1,660040,675880960,675880960,5.7894000000000005,3.53194,11.6207,97.40169999999999,38.237899999999996,13.941500000000001,149.155,30426,34,13,1141059856
tiledb,rank,4096,0,warm,window_65536,65536,,,2048,8,288.4357469738461,0,0,0,2.896231049,262144,165709,,0.6321296691894531,,1.5819539071504867,,,,,,60901,68,2832728576,14592839680,0.224436,0.084779,0.036139,0.01201,0.0114,144.658012,0.033799,0.0,0.0,0.36295499999999997,1.606296,82.86098,0.0,5.983669,0.64599,135.635669,0.779418,65536,41383,15227,1,331064,339009536,339009536,2.85973,1.79893,5.58864,53.4664,23.164299999999997,9.73276,82.5391,15227,17,7,570529928
tiledb,rank,4096,0,warm,window_65536,65536,,,2048,9,328.2672610366717,0,0,0,2.842342509,262144,165707,,0.6321220397949219,,1.5819730005370927,,,,,,61063,68,3711074816,14603100160,0.328015,0.094059,0.038419,0.00986,0.02489,262.462821,0.144328,0.0,0.0,1.3826589999999999,5.064583,171.569613,0.0,17.902977,1.900322,44.387345,0.781929,196608,124308,45789,1,994464,1018331136,1018331136,9.60804,6.16004,19.319699999999997,102.633,54.7174,20.154600000000002,170.146,45789,51,19,1711589784
tiledb,rank,65536,0,cold,random,1024,,,2048,0,21073.0036390014,137464184832,137464184832,137464184832,60.678998374,4096,4095,,0.999755859375,,1.0002442002442002,,,,,,4095,1005,33901568,14544859136,0.165958,0.034569,0.054709,0.01467,0.00773,21071.696269,0.033489,0.0,0.0,0.142968,0.132128,21031.467821,0.0,0.199277,0.119448,0.280705,0.01755,1013,1013,1013,1,8104,8298496,8298496,1.12199,0.680351,1.5311700000000001,20624.199999999997,1098.98,2.97411,21031.4,1013,64,64,34366030336
tiledb,rank,65536,0,cold,random,1024,,,2048,1,21008.380980987567,137464184832,137464184832,137464184832,58.583020919,4096,4096,,1.0,,1.0,,,,,,4096,1013,33836032,14544879616,0.182057,0.03563,0.044829,0.01352,0.0079,21007.055161,0.00301,0.0,0.0,0.146618,0.209797,20970.295319,0.0,0.201987,0.124988,0.284416,0.0183,1034,1034,1034,1,8272,8470528,8470528,1.30182,0.8438490000000001,1.68242,20632.899999999998,1023.46,3.17622,20970.199999999997,1034,64,64,34366030336
tiledb,rank,65536,0,cold,random,1024,,,2048,2,21004.267732962035,137464184832,137464184832,137464184832,59.817725448,4096,4095,,0.999755859375,,1.0002442002442002,,,,,,4095,1003,34245632,14544904192,0.185357,0.034979,0.04519,0.014659,0.00696,21002.943333,0.051,0.0,0.0,0.14484799999999998,0.159078,20969.991934,0.0,0.197167,0.125678,0.285515,0.01909,1004,1004,1004,1,8032,8224768,8224768,1.07153,0.752416,1.52465,20531.1,1021.39,3.1086199999999997,20969.899999999998,1004,64,64,34366030336
tiledb,rank,65536,0,cold,random,1024,,,2048,3,21148.341474006884,137464184832,137464184832,137464184832,60.146972265,4096,4096,,1.0,,1.0,,,,,,4096,1012,33704960,14544900096,0.153188,0.03525,0.044949,0.01449,0.01094,21147.042323,0.051689,0.0,0.0,0.146058,0.182707,21110.605317,0.0,0.203197,0.126028,0.283756,0.01966,1030,1030,1028,1,8240,8437760,8437760,1.19821,0.811607,1.58711,20721.1,1054.29,3.02563,21110.5,1028,64,64,34366030336
tiledb,rank,65536,0,cold,random,1024,,,2048,4,21061.647451017052,137464184832,137464184832,137464184832,60.161520134,4096,4096,,1.0,,1.0,,,,,,4096,1011,33934336,14544891904,0.149027,0.0349,0.073878,0.01447,0.00674,20938.720649,0.047099,0.0,0.0,0.144678,0.153178,20904.274712,0.0,0.202997,0.125388,121.848548,0.03885,1020,1020,1019,1,8160,8355840,8355840,1.77834,0.7268290000000001,2.18791,20652.5,1037.15,3.0509299999999997,20904.2,1019,64,64,34366030336
tiledb,rank,65536,0,cold,random,1024,,,2048,5,21021.09447697876,137464184832,137464184832,137464184832,61.821471194,4096,4096,,1.0,,1.0,,,,,,4096,1003,34098176,14544994304,0.169827,0.034459,0.04336,0.014949,0.00787,21019.782717,0.00284,0.0,0.0,0.14656799999999998,0.212657,20985.714105,0.0,0.203577,0.121238,0.288736,0.01858,1054,1054,1054,1,8432,8634368,8634368,1.40674,0.994902,1.8772199999999999,20499.600000000002,1015.12,3.12989,20985.600000000002,1054,64,64,34366030336
tiledb,rank,65536,0,cold,random,1024,,,2048,6,21073.45261401497,137464184832,137464184832,137464184832,60.403731807,4096,4096,,1.0,,1.0,,,,,,4096,1010,34106368,14544986112,0.177878,0.03479,0.045299,0.01464,0.00671,20898.873837,0.030129,0.0,0.0,0.152578,0.154537,20857.179442,0.0,0.199297,0.125228,173.511323,0.030999,1008,1008,1008,1,8064,8257536,8257536,1.2230100000000002,0.771489,1.6313300000000002,20457.899999999998,1008.5999999999999,3.05014,20857.1,1008,64,64,34366030336
tiledb,rank,65536,0,cold,random,1024,,,2048,7,20999.14309097221,137464184832,137464184832,137464184832,64.158383841,4096,4096,,1.0,,1.0,,,,,,4095,1009,33999872,14544945152,0.182487,0.03305,0.043389,0.01413,0.00583,20997.828821,0.030179,0.0,0.0,0.150748,0.190957,20958.750175,0.0,0.201927,0.117088,0.284376,0.019389,1048,1048,1048,1,8384,8585216,8585216,1.80966,1.37805,2.2528,20370.0,1039.6000000000001,3.22706,20958.7,1048,64,64,34366030336
tiledb,rank,65536,0,cold,random,1024,,,2048,8,21053.827369993087,137464184832,137464184832,137464184832,62.99647188,4096,4096,,1.0,,1.0,,,,,,4096,1011,34343936,14544924672,0.174997,0.036009,0.04499,0.019159,0.00666,21052.47665,0.050339,0.0,0.0,0.14610800000000002,0.157238,21011.576631,0.0,0.196587,0.117279,0.290615,0.01698,1022,1022,1021,1,8176,8372224,8372224,1.41106,0.8074589999999999,1.84801,20606.2,1061.18,3.10321,21011.5,1021,64,64,34366030336
tiledb,rank,65536,0,cold,random,1024,,,2048,9,21000.970974040683,137464184832,137464184832,137464184832,62.293650911,4096,4096,,1.0,,1.0,,,,,,4096,1007,34393088,14544945152,0.182358,0.03487,0.043769,0.01426,0.00762,20835.638277,0.00313,0.0,0.0,0.145458,0.178127,20797.679674,0.0,0.197967,0.126828,164.265784,0.027309,1015,1015,1015,1,8120,8314880,8314880,1.0963699999999998,0.731538,1.5519699999999998,20489.2,1012.8399999999999,2.9646999999999997,20797.6,1015,64,64,34366030336
tiledb,rank,65536,0,cold,random,8192,,,2048,0,21165.720889053773,137464184832,137464184832,137464184832,60.037109892000004,32768,32755,,0.999603271484375,,1.0003968859716075,,,,,,32736,1024,269741056,14558973952,0.294905,0.090649,0.037899,0.01524,0.00905,21161.71064,0.008829,0.0,0.0,0.280546,1.098993,21128.17656,0.0,1.232221,0.197767,1.645495,0.073049,8245,8232,8214,1,65856,67436544,67436544,3.87201,2.6491499999999997,6.17346,20477.0,936.0079999999999,7.9020600000000005,21128.0,8214,64,64,34366030336
tiledb,rank,65536,0,cold,random,8192,,,2048,1,21113.23195899604,137464184832,137464184832,137464184832,62.502112953,32768,32756,,0.9996337890625,,1.0003663450970814,,,,,,32741,1024,270448128,14559154176,0.234066,0.096368,0.03788,0.01361,0.00913,21109.1986,0.009219,0.0,0.0,0.285116,1.048514,21074.99973,0.0,1.225461,0.195127,1.650905,0.075699,8192,8183,8169,1,65464,67035136,67035136,3.0199599999999998,2.01743,5.49705,20589.9,1177.03,7.7677,21074.7,8169,64,64,34366030336
tiledb,rank,65536,0,cold,random,8192,,,2048,2,21145.080752961803,137464184832,137464184832,137464184832,61.235739947,32768,32755,,0.999603271484375,,1.0003968859716075,,,,,,32742,1024,270775808,14559133696,0.268216,0.095279,0.036959,0.01426,0.0099,21141.079544,0.057109,0.0,0.0,0.285105,0.932006,21097.211071,0.0,1.212231,0.202027,1.681025,0.073229,8062,8054,8044,1,64432,65978368,65978368,4.09702,3.22304,6.46169,20542.5,1085.5900000000001,7.65411,21096.9,8044,64,64,34366030336
tiledb,rank,65536,0,cold,random,8192,,,2048,3,21166.950081009418,137464184832,137464184832,137464184832,62.574575784000004,32768,32764,,0.9998779296875,,1.0001220852154804,,,,,,32746,1024,270489088,14559117312,0.258116,0.092809,0.039809,0.01502,0.00938,21163.00765,0.008769,0.0,0.0,0.281167,1.146312,21119.654089,0.0,1.214201,0.197437,1.633265,0.074599,8112,8104,8091,1,64832,66387968,66387968,3.49926,2.63984,5.76691,20599.1,1171.65,7.8143199999999995,21119.399999999998,8091,64,64,34366030336
tiledb,rank,65536,0,cold,random,8192,,,2048,4,21145.55808401201,137464184832,137464184832,137464184832,61.960436043,32768,32757,,0.999664306640625,,1.0003358060872485,,,,,,32746,1024,269593600,14558920704,0.238917,0.094779,0.037839,0.01368,0.00828,21141.602335,0.00845,0.0,0.0,0.29024500000000003,1.166073,21102.026436,0.0,1.232841,0.191217,1.646375,0.075909,8243,8234,8225,1,65872,67452928,67452928,3.44267,2.29938,6.064629999999999,20692.2,1211.95,7.9079500000000005,21101.8,8225,64,64,34366030336
tiledb,rank,65536,0,cold,random,8192,,,2048,5,21198.142796987668,137464184832,137464184832,137464184832,64.74761057,32768,32755,,0.999603271484375,,1.0003968859716075,,,,,,32745,1024,269899264,14559809536,0.239776,0.095619,0.037799,0.01466,0.00872,21194.190916,0.056219,0.0,0.0,0.291125,1.093784,21161.881197,0.0,1.234791,0.192837,1.647845,0.075078,8263,8251,8234,1,66008,67592192,67592192,3.3760499999999998,2.16984,5.95998,20545.5,1093.23,7.969789999999999,21161.7,8234,64,64,34366030336
tiledb,rank,65536,0,cold,random,8192,,,2048,6,21246.060778037645,137464184832,137464184832,137464184832,64.137518931,32768,32761,,0.999786376953125,,1.0002136686914318,,,,,,32749,1024,270751232,14559461376,0.266296,0.095259,0.039279,0.01525,0.00848,21242.043619,0.00907,0.0,0.0,0.286385,1.146873,21199.958259,0.0,1.241181,0.196917,1.657355,0.074399,8314,8304,8294,1,66432,68026368,68026368,3.66841,2.60998,6.42939,20415.3,1151.3899999999999,7.93561,21199.7,8294,64,64,34366030336
tiledb,rank,65536,0,cold,random,8192,,,2048,7,21146.474092034623,137464184832,137464184832,137464184832,61.608923084,32768,32759,,0.999725341796875,,1.0002747336609787,,,,,,32739,1024,270063104,14559629312,0.234197,0.092119,0.039809,0.015,0.00873,21142.555001,0.00875,0.0,0.0,0.288736,1.082183,21099.679023,0.0,1.211802,0.198877,1.632535,0.074149,8126,8114,8100,1,64912,66469888,66469888,3.1434800000000003,2.2198,5.6419,20650.5,1126.22,7.93927,21099.5,8100,64,64,34366030336
tiledb,rank,65536,0,cold,random,8192,,,2048,8,21193.1344330078,137464184832,137464184832,137464184832,61.489173129,32768,32760,,0.999755859375,,1.0002442002442002,,,,,,32742,1024,270235136,14559289344,0.257086,0.092498,0.04379,0.014219,0.00856,21189.150913,0.00885,0.0,0.0,0.286606,1.153212,21150.421592,0.0,1.235231,0.191048,1.653785,0.076208,8284,8271,8253,1,66168,67756032,67756032,3.13379,2.00024,5.61425,20545.899999999998,1055.82,8.01144,21150.2,8253,64,64,34366030336
tiledb,rank,65536,0,cold,random,8192,,,2048,9,21171.11009696964,137464184832,137464184832,137464184832,63.78252133,32768,32763,,0.999847412109375,,1.0001526111772425,,,,,,32736,1024,270456320,14560227328,0.279426,0.093378,0.04416,0.015019,0.00852,21167.101398,0.00882,0.0,0.0,0.285226,1.035324,21127.034757,0.0,1.237022,0.197317,1.646535,0.076239,8268,8254,8239,1,66032,67616768,67616768,3.6341799999999997,2.66632,6.09262,20623.100000000002,1001.26,8.01677,21126.8,8239,64,64,34366030336
tiledb,rank,65536,0,cold,random,65536,,,2048,0,21411.99522698298,137464184832,137464184832,137464184832,63.530788267,262144,261627,,0.9980278015136719,,1.0019760957393542,,,,,,260583,1024,2151669248,14659158016,0.255626,0.084749,0.038789,0.01415,0.01695,21387.762874,0.055589,0.0,0.0,2.0258000000000003,6.748877,21337.633926,0.0,9.374528,0.861847,12.329013,0.788417,65505,64996,63975,1,519968,532447232,532447232,16.121199999999998,13.147300000000001,32.7026,20827.8,1049.63,44.016,21336.4,63975,64,64,34366030336
tiledb,rank,65536,0,cold,random,65536,,,2048,1,21208.172964048572,137464184832,137464184832,137464184832,61.798450957,262144,261609,,0.9979591369628906,,1.0020450366768727,,,,,,260581,1024,2152676864,14658764800,0.309745,0.085899,0.039929,0.01457,0.016769,21184.051091,0.05388,0.0,0.0,1.35222,7.515025,21130.931838,0.0,9.354368,0.869646,12.228524,0.773508,65385,64862,63805,1,518896,531349504,531349504,11.9855,9.76397,28.0468,20638.100000000002,1103.38,45.14,21129.7,63805,64,64,34366030336
tiledb,rank,65536,0,cold,random,65536,,,2048,2,21190.50517299911,137464184832,137464184832,137464184832,62.409134984,262144,261642,,0.9980850219726562,,1.0019186522041568,,,,,,260678,1024,2151658496,14659305472,0.286435,0.086519,0.050089,0.01361,0.01557,21166.366169,0.054499,0.0,0.0,1.354509,7.316499,21117.214367,0.0,9.392368,0.865996,12.240474,0.773618,65661,65130,64100,1,521040,533544960,533544960,13.3972,10.892000000000001,31.390099999999997,20798.600000000002,1140.16,44.757600000000004,21116.0,64100,64,64,34366030336
tiledb,rank,65536,0,cold,random,65536,,,2048,3,21239.588297030423,137464184832,137464184832,137464184832,62.764401967,262144,261637,,0.9980659484863281,,1.0019377993173748,,,,,,260688,1024,2154842112,14659317760,0.311065,0.087069,0.040359,0.01445,0.0174,21215.284895,0.055949,0.0,0.0,2.377755,6.486281,21164.3033,0.0,9.437317,0.869447,12.338632,0.775079,65922,65436,64446,1,523488,536051712,536051712,13.4368,11.0099,30.8203,20514.0,953.499,46.3786,21162.8,64446,64,64,34366030336
tiledb,rank,65536,0,cold,random,65536,,,2048,4,21309.500234026928,137464184832,137464184832,137464184832,62.712484817,262144,261619,,0.9979972839355469,,1.0020067349848443,,,,,,260580,1024,2150238720,14659674112,0.271266,0.086469,0.041049,0.0154,0.01664,21285.349331,0.05217,0.0,0.0,1.34719,7.345178,21233.472909,0.0,9.353557,0.865057,12.304663,0.775479,65347,64840,63826,1,518720,531169280,531169280,15.4588,12.719100000000001,35.3423,20683.399999999998,1352.66,44.9204,21232.199999999997,63826,64,64,34366030336
tiledb,rank,65536,0,cold,random,65536,,,2048,5,21144.535580999218,137464184832,137464184832,137464184832,65.997978372,262144,261647,,0.9981040954589844,,1.0018995058227307,,,,,,260634,1024,2148521472,14661025792,0.307385,0.085469,0.040039,0.0147,0.02064,21120.401957,0.056179,0.0,0.0,1.3415499999999998,7.323539,21072.375967,0.0,9.361638,0.857907,12.268274,0.775148,65438,64926,63897,1,519408,531873792,531873792,15.264800000000001,12.3783,32.067,20629.6,1034.43,45.03830000000001,21071.100000000002,63897,64,64,34366030336
tiledb,rank,65536,0,cold,random,65536,,,2048,6,21274.29493900854,137464184832,137464184832,137464184832,67.133736532,262144,261607,,0.9979515075683594,,1.0020526973666606,,,,,,260609,1024,2150205952,14659657728,0.309455,0.089678,0.03979,0.014989,0.0177,21250.044748,0.056279,0.0,0.0,1.354669,7.723573,21196.426402,0.0,9.397377,0.867577,12.337642,0.776219,65683,65157,64138,1,521256,533766144,533766144,13.1629,10.437,30.3514,20510.4,1045.5,46.5418,21195.2,64138,64,64,34366030336
tiledb,rank,65536,0,cold,random,65536,,,2048,7,21201.42506598495,137464184832,137464184832,137464184832,65.895699011,262144,261597,,0.9979133605957031,,1.0020910025726595,,,,,,260572,1024,2149556224,14660030464,0.313425,0.087678,0.04088,0.014239,0.01742,21177.299433,0.055479,0.0,0.0,1.340469,7.2454,21130.199739,0.0,9.363498,0.859847,12.246994,0.774188,65454,64925,63933,1,519400,531865600,531865600,15.1552,12.283900000000001,32.6834,20586.8,1040.29,43.634600000000006,21129.0,63933,64,64,34366030336
tiledb,rank,65536,0,cold,random,65536,,,2048,8,21222.29113994399,137464184832,137464184832,137464184832,67.238053726,262144,261629,,0.9980354309082031,,1.0019684362207553,,,,,,260622,1024,2151527424,14660177920,0.66631,0.084568,0.03993,0.014079,0.01787,21197.746543,0.058819,0.0,0.0,1.3565479999999999,7.226891,21143.812592,0.0,9.404607,0.867116,12.269693,0.777128,65704,65209,64220,1,521672,534192128,534192128,16.1123,13.1802,34.2016,20492.2,1211.6599999999999,45.074000000000005,21142.600000000002,64220,64,64,34366030336
tiledb,rank,65536,0,cold,random,65536,,,2048,9,21326.004714006558,137464184832,137464184832,137464184832,68.500700736,262144,261633,,0.9980506896972656,,1.0019531175348675,,,,,,260582,1024,2150593536,14661103616,0.293806,0.086519,0.038009,0.01473,0.01736,21301.912509,0.057169,0.0,0.0,1.384029,7.142512,21249.717192,0.0,9.367148,0.858307,12.223304,0.778768,65478,64947,63974,1,519576,532045824,532045824,18.0016,15.3817,35.0221,20616.0,1150.0600000000002,44.4644,21248.5,63974,64,64,34366030336
tiledb,rank,65536,0,cold,window_256,1024,,,2048,0,654.5244320295751,2149482496,2149482496,2149482496,2.60805143,4096,1002,,0.24462890625,,4.087824351297405,,,,,,25,4,48202240,14533419008,0.147748,0.0,0.0,0.01297,0.0,0.00126,0.0,0.0,0.0,0.0,0.0,0.0,0.0,0.0,0.0,653.969351,0.036809,0,0,0,0,0,0,0,0.0,0.0,0.0,0.0,0.0,0.0,0.0,0,0,0,0
tiledb,rank,65536,0,cold,window_256,1024,,,2048,1,575.4566440009512,2149613568,2149613568,2149613568,2.247149963,4096,1009,,0.246337890625,,4.059464816650149,,,,,,18,4,37839360,14533353472,0.175178,0.03323,0.042829,0.01184,0.00696,346.06765,0.00378,0.0,0.0,0.093959,0.009809,303.504807,0.0,0.088619,0.048459,228.600786,0.02349,1024,251,5,1,2008,2056192,2056192,0.274005,0.164487,0.319505,267.449,35.4412,0.110498,303.464,5,1,1,536969224
tiledb,rank,65536,0,cold,window_256,1024,,,2048,2,422.0349460374564,2148995072,2148995072,2148995072,1.761031442,4096,1007,,0.245849609375,,4.067527308838133,,,,,,20,4,27288064,14533316608,0.193887,0.033729,0.042399,0.01,0.00763,420.752746,0.00362,0.0,0.0,0.08792900000000001,0.00839,363.691152,0.0,0.087198,0.049439,0.496772,0.01788,1024,252,4,1,2016,2064384,2064384,0.227987,0.14992,0.287526,326.96,36.15,0.109609,363.65,4,1,1,536969224
tiledb,rank,65536,0,cold,window_256,1024,,,2048,3,579.8503879923373,2149548032,2149548032,2149548032,2.733116663,4096,1010,,0.24658203125,,4.0554455445544555,,,,,,18,4,37839360,14533578752,0.160567,0.03544,0.042429,0.012,0.00796,578.38318,0.00174,0.0,0.0,0.089888,0.00985,538.387288,0.0,0.123678,0.052639,0.65082,0.01911,2048,505,9,1,4040,4136960,4136960,0.43822300000000003,0.306814,0.49792200000000003,479.511,58.2783,0.239028,538.341,9,2,2,1073938448
tiledb,rank,65536,0,cold,window_256,1024,,,2048,4,589.9106349679641,2148896768,2148896768,2148896768,2.3043470409999998,4096,1007,,0.245849609375,,4.067527308838133,,,,,,20,4,37839360,14533566464,0.136798,0.03436,0.041509,0.01171,0.00641,338.894799,0.00364,0.0,0.0,0.094139,0.009229,295.725186,0.0,0.095049,0.051149,250.253486,0.02282,1024,251,6,1,2008,2056192,2056192,0.289945,0.18159599999999998,0.335485,264.41700000000003,30.6816,0.107858,295.685,6,1,1,536969224
tiledb,rank,65536,0,cold,window_256,1024,,,2048,5,577.1386189735495,2148605952,2148605952,2148605952,2.774071465,4096,1009,,0.246337890625,,4.059464816650149,,,,,,19,4,37839360,14533558272,0.218916,0.03341,0.039659,0.01186,0.00503,575.611852,0.00253,0.0,0.0,0.087408,0.0084,533.799528,0.0,0.131168,0.055369,0.65359,0.0189,2048,506,8,1,4048,4145152,4145152,0.405013,0.27197400000000005,0.45387299999999997,473.314,55.8839,0.251546,533.756,8,2,2,1073938448
tiledb,rank,65536,0,cold,window_256,1024,,,2048,6,586.090222990606,2149613568,2149613568,2149613568,2.222323156,4096,1006,,0.24560546875,,4.071570576540755,,,,,,22,4,37839360,14533525504,0.324995,0.03328,0.039899,0.00972,0.00723,584.860531,0.01339,0.0,0.0,0.090298,0.01048,544.779291,0.0,0.125678,0.0544,0.351374,0.01835,2048,501,13,1,4008,4104192,4104192,0.49147199999999996,0.349295,0.548031,490.625,55.5986,0.237817,544.734,13,2,2,1073938448
tiledb,rank,65536,0,cold,window_256,1024,,,2048,7,641.4437009952962,2149220352,2149220352,2149220352,2.793889834,4096,1012,,0.2470703125,,4.047430830039525,,,,,,16,4,48300544,14533545984,0.224326,0.0,0.0,0.00911,0.0,0.00104,0.0,0.0,0.0,0.0,0.0,0.0,0.0,0.0,0.0,640.961939,0.026969,0,0,0,0,0,0,0,0.0,0.0,0.0,0.0,0.0,0.0,0.0,0,0,0,0
tiledb,rank,65536,0,cold,window_256,1024,,,2048,8,634.7761730430648,2149548032,2149548032,2149548032,2.548169699,4096,1008,,0.24609375,,4.063492063492063,,,,,,19,4,48259584,14533529600,0.395204,0.092609,0.036669,0.00958,0.0074,633.326055,0.01418,0.0,0.0,0.091968,0.01033,595.441361,0.0,0.155058,0.052949,0.429674,0.019079,3072,755,15,1,6040,6184960,6184960,0.5338320000000001,0.397524,0.581461,589.231,62.1694,0.34710399999999997,595.399,15,3,3,1610907672
tiledb,rank,65536,0,cold,window_256,1024,,,2048,9,595.2368740108795,2149548032,2149548032,2149548032,2.591839029,4096,1006,,0.24560546875,,4.071570576540755,,,,,,22,4,37839360,14533513216,0.253816,0.033819,0.04254,0.01039,0.006539,344.268708,0.00387,0.0,0.0,0.092039,0.00893,293.576658,0.0,0.082159,0.054889,250.146899,0.02363,1024,252,5,1,2016,2064384,2064384,0.345875,0.206477,0.39589399999999997,267.58700000000005,25.3044,0.11899900000000001,293.53499999999997,5,1,1,536969224
tiledb,rank,65536,0,cold,window_256,8192,,,2048,0,507.3898989940062,2149318656,2149318656,2149318656,1.84507415,32768,1024,,0.03125,,32.0,,,,,,4,4,273351168,14534156288,0.270716,0.090658,0.03674,0.01343,0.00899,334.121942,0.00278,0.0,0.0,0.101918,0.00817,294.11932,0.0,0.096388,0.079409,172.231263,0.064869,8192,256,1,1,2048,2097152,2097152,0.086079,0.050158999999999995,0.149078,264.933,28.690199999999997,0.128228,294.073,1,1,1,536969224
tiledb,rank,65536,0,cold,window_256,8192,,,2048,1,569.5522140013054,2149154816,2149154816,2149154816,2.805535977,32768,1024,,0.03125,,32.0,,,,,,4,4,273351168,14534418432,0.299536,0.089349,0.03643,0.011419,0.00766,564.759007,0.00358,0.0,0.0,0.087799,0.00794,520.217434,0.0,0.121648,0.126648,3.661244,0.077719,16384,512,2,1,4096,4194304,4194304,0.23963700000000002,0.16641799999999998,0.28345600000000004,458.275,69.18860000000001,0.252687,520.1750000000001,2,2,2,1073938448
tiledb,rank,65536,0,cold,window_256,8192,,,2048,2,509.6739039872773,2149482496,2149482496,2149482496,1.837682529,32768,1024,,0.03125,,32.0,,,,,,4,4,273351168,14534270976,0.260526,0.0,0.0,0.00975,0.0,0.00072,0.0,0.0,0.0,0.0,0.0,0.0,0.0,0.0,0.0,509.036274,0.081389,0,0,0,0,0,0,0,0.0,0.0,0.0,0.0,0.0,0.0,0.0,0,0,0,0
tiledb,rank,65536,0,cold,window_256,8192,,,2048,3,572.5802580127493,2148896768,2148896768,2148896768,2.967758581,32768,1024,,0.03125,,32.0,,,,,,4,4,273351168,14534664192,0.322225,0.090349,0.03634,0.012069,0.00808,566.879785,0.00271,0.0,0.0,0.085389,0.00766,521.957237,0.0,0.122768,0.127578,4.541601,0.080789,16384,512,2,1,4096,4194304,4194304,0.188777,0.12262699999999999,0.240397,456.81899999999996,58.092699999999994,0.252577,521.909,2,2,2,1073938448
tiledb,rank,65536,0,cold,window_256,8192,,,2048,4,579.6140710008331,2149646336,2149646336,2149646336,2.265776908,32768,1024,,0.03125,,32.0,,,,,,4,4,273351168,14534512640,0.217457,0.089848,0.03678,0.012559,0.00826,333.864806,0.00261,0.0,0.0,0.091659,0.00879,293.196774,0.0,0.087409,0.078099,244.75812,0.075319,8192,256,1,1,2048,2097152,2097152,0.104019,0.06527899999999999,0.154828,263.02,29.714299999999998,0.12790800000000002,293.155,1,1,1,536969224
tiledb,rank,65536,0,cold,window_256,8192,,,2048,5,578.4822080167942,2148962304,2148962304,2148962304,2.481188144,32768,1024,,0.03125,,32.0,,,,,,4,4,273351168,14534508544,0.326065,0.092789,0.037019,0.01102,0.00821,572.761485,0.0027,0.0,0.0,0.089059,0.00856,534.411278,0.0,0.125418,0.125089,4.56116,0.077839,16384,512,2,1,4096,4194304,4194304,0.202707,0.124678,0.269726,473.66,62.7032,0.246226,534.3670000000001,2,2,2,1073938448
tiledb,rank,65536,0,cold,window_256,8192,,,2048,6,647.6102080196142,2149093376,2149093376,2149093376,2.710086784,32768,1024,,0.03125,,32.0,,,,,,4,4,342884864,14534643712,0.269666,0.089849,0.036939,0.01182,0.00852,289.927794,0.00215,0.0,0.0,0.089309,0.008839,251.34089,0.0,0.089038,0.078239,356.64375,0.073699,8192,256,1,1,2048,2097152,2097152,0.114158,0.069999,0.161797,222.16,28.7093,0.128678,251.3,1,1,1,536969224
tiledb,rank,65536,0,cold,window_256,8192,,,2048,7,642.6620129495859,2149384192,2149384192,2149384192,3.050958401,32768,1024,,0.03125,,32.0,,,,,,4,4,342884864,14534619136,0.218117,0.076799,0.043689,0.01199,0.00797,635.908606,0.00331,0.0,0.0,0.094998,0.00941,603.805854,0.0,0.159407,0.174428,5.610725,0.075229,24576,768,3,1,6144,6291456,6291456,0.286516,0.186457,0.331465,597.8639999999999,79.1302,0.389694,603.763,3,3,3,1610907672
tiledb,rank,65536,0,cold,window_256,8192,,,2048,8,497.24329297896475,2148864000,2148864000,2148864000,2.127123074,32768,1024,,0.03125,,32.0,,,,,,4,4,273351168,14534496256,0.248366,0.089818,0.03542,0.01249,0.007889,492.436646,0.00259,0.0,0.0,0.102429,0.00854,461.271549,0.0,0.121239,0.195777,3.649824,0.078629,16384,512,2,1,4096,4194304,4194304,0.253486,0.189976,0.306415,424.088,36.32790000000001,0.26292600000000005,461.229,2,2,2,1073938448
tiledb,rank,65536,0,cold,window_256,8192,,,2048,9,420.8614130038768,2148995072,2148995072,2148995072,1.7657199860000001,32768,1024,,0.03125,,32.0,,,,,,4,4,203817472,14534344704,0.349434,0.090979,0.037039,0.00957,0.00853,416.48153,0.00181,0.0,0.0,0.102068,0.00831,359.734333,0.0,0.085109,0.078279,3.319019,0.074789,8192,256,1,1,2048,2097152,2097152,0.07726899999999999,0.040759000000000004,0.121799,326.532,32.7613,0.12789799999999998,359.693,1,1,1,536969224
tiledb,rank,65536,0,cold,window_256,65536,,,2048,0,901.2705020140857,2149122048,2149122048,2149122048,4.1245952710000005,262144,1024,,0.00390625,,256.0,,,,,,4,4,3241640960,14534946816,0.227496,0.0,0.0,0.01114,0.0,0.00079,0.0,0.0,0.0,0.0,0.0,0.0,0.0,0.0,0.0,899.925873,0.794258,0,0,0,0,0,0,0,0.0,0.0,0.0,0.0,0.0,0.0,0.0,0,0,0,0
tiledb,rank,65536,0,cold,window_256,65536,,,2048,1,616.4513420080766,2149384192,2149384192,2149384192,2.486273145,262144,1024,,0.00390625,,256.0,,,,,,4,4,2157445632,14535966720,0.308235,0.078619,0.044329,0.01199,0.00724,331.959575,0.00217,0.0,0.0,0.10152800000000001,0.00812,293.087806,0.0,0.091638,0.399834,282.411248,0.786269,65536,256,1,1,2048,2097152,2097152,0.093659,0.057929,0.14965799999999999,264.15,28.470200000000002,0.13586800000000002,293.045,1,1,1,536969224
tiledb,rank,65536,0,cold,window_256,65536,,,2048,2,612.0515780057758,2149351424,2149351424,2149351424,2.547797898,262144,1024,,0.00390625,,256.0,,,,,,4,4,2157445632,14536224768,0.262076,0.090199,0.037359,0.01155,0.00638,574.577488,0.00309,0.0,0.0,0.086009,0.00824,536.803321,0.0,0.124798,0.800618,35.010658,0.778138,131072,512,2,1,4096,4194304,4194304,0.222917,0.156698,0.282936,482.634,56.5698,0.258936,536.759,2,2,2,1073938448
tiledb,rank,65536,0,cold,window_256,65536,,,2048,3,619.0243730088696,2149679104,2149679104,2149679104,2.700026878,262144,1024,,0.00390625,,256.0,,,,,,4,4,2157445632,14536220672,0.241886,0.086998,0.03886,0.01276,0.00824,582.117433,0.002779,0.0,0.0,0.099049,0.0081,547.174934,0.0,0.123238,0.795618,34.447866,0.780639,131072,512,2,1,4096,4194304,4194304,0.197917,0.138788,0.245747,472.925,79.8226,0.27276500000000004,547.129,2,2,2,1073938448
tiledb,rank,65536,0,cold,window_256,65536,,,2048,4,601.6863249824382,2149580800,2149580800,2149580800,3.210333398,262144,1024,,0.00390625,,256.0,,,,,,4,4,2157445632,14537510912,0.316436,0.087039,0.038189,0.01025,0.00792,545.948513,0.0019,0.0,0.0,0.080039,0.00819,507.592785,0.0,0.121418,0.799538,53.241241,0.775148,131072,512,2,1,4096,4194304,4194304,0.12095800000000001,0.06964799999999999,0.192187,453.206,52.943200000000004,0.225236,507.548,2,2,2,1073938448
tiledb,rank,65536,0,cold,window_256,65536,,,2048,5,597.789305029437,2149548032,2149548032,2149548032,2.328145224,262144,1024,,0.00390625,,256.0,,,,,,4,4,2157445632,14536454144,0.225417,0.080038,0.03691,0.01232,0.005359,334.383069,0.00248,0.0,0.0,0.08821899999999999,0.00853,296.73125,0.0,0.084938,0.401924,261.394008,0.792338,65536,256,1,1,2048,2097152,2097152,0.119639,0.076579,0.165738,262.049,34.217200000000005,0.127868,296.691,1,1,1,536969224
tiledb,rank,65536,0,cold,window_256,65536,,,2048,6,613.0754830082878,2149384192,2149384192,2149384192,2.5688533639999998,262144,1024,,0.00390625,,256.0,,,,,,4,4,2157445632,14536445952,0.234126,0.088269,0.037909,0.01151,0.0083,574.859723,0.013119,0.0,0.0,0.090469,0.0085,532.508377,0.0,0.124008,0.800598,35.773757,0.782958,131072,512,2,1,4096,4194304,4194304,0.210767,0.096148,0.265056,474.54699999999997,62.69089999999999,0.268826,532.463,2,2,2,1073938448
tiledb,rank,65536,0,cold,window_256,65536,,,2048,7,600.4647540394217,2149318656,2149318656,2149318656,2.480090529,262144,1024,,0.00390625,,256.0,,,,,,4,4,2157445632,14536421376,0.357214,0.087719,0.038969,0.0111,0.00744,561.316679,0.00954,0.0,0.0,0.111568,0.00857,521.723461,0.0,0.123988,0.794698,36.630424,0.779318,131072,512,2,1,4096,4194304,4194304,0.291646,0.213387,0.336165,471.582,49.0445,0.28211600000000003,521.676,2,2,2,1073938448
tiledb,rank,65536,0,cold,window_256,65536,,,2048,8,587.531850032974,2149384192,2149384192,2149384192,2.255042055,262144,1024,,0.00390625,,256.0,,,,,,4,4,2157445632,14536413184,0.232886,0.081329,0.037119,0.01266,0.00779,335.277304,0.00252,0.0,0.0,0.089378,0.0086,303.720495,0.0,0.089469,0.403084,250.232637,0.776198,65536,256,1,1,2048,2097152,2097152,0.090648,0.051319000000000004,0.138498,275.661,27.6021,0.125468,303.679,1,1,1,536969224
tiledb,rank,65536,0,cold,window_256,65536,,,2048,9,601.4239200158045,2149613568,2149613568,2149613568,2.966246218,262144,1024,,0.00390625,,256.0,,,,,,4,4,2157445632,14537469952,0.284735,0.0,0.0,0.01092,0.0,0.00089,0.0,0.0,0.0,0.0,0.0,0.0,0.0,0.0,0.0,600.11072,0.791608,0,0,0,0,0,0,0,0.0,0.0,0.0,0.0,0.0,0.0,0.0,0,0,0,0
tiledb,rank,65536,0,cold,window_4096,1024,,,2048,0,577.2829370107502,2149416960,2149416960,2149416960,2.236497423,4096,3596,,0.8779296875,,1.139043381535039,,,,,,2785,4,48431616,14537973760,0.181817,0.03528,0.043629,0.01385,0.00715,338.672613,0.00525,0.0,0.0,0.132338,0.126478,300.550242,0.0,0.180317,0.074599,237.650749,0.025409,1024,893,692,1,7144,7315456,7315456,0.922966,0.5615699999999999,1.18819,269.557,29.096500000000002,0.48953199999999997,300.485,692,1,1,536969224
tiledb,rank,65536,0,cold,window_4096,1024,,,2048,1,563.9854890177958,2149449728,2149449728,2149449728,2.33946045,4096,3616,,0.8828125,,1.1327433628318584,,,,,,2840,4,48620032,14537203712,0.253506,0.03624,0.042649,0.01134,0.00649,562.268135,0.01008,0.0,0.0,0.14673799999999998,0.209137,524.316832,0.0,0.312065,0.057079,0.64781,0.01959,2048,1828,1424,1,14624,14974976,14974976,1.1266399999999999,0.750607,1.56898,471.982,49.344699999999996,0.969165,524.223,1424,2,2,1073938448
tiledb,rank,65536,0,cold,window_4096,1024,,,2048,2,509.59570496343076,2149482496,2149482496,2149482496,2.13723831,4096,3608,,0.880859375,,1.1352549889135255,,,,,,2822,4,48423424,14537515008,0.267316,0.032379,0.042229,0.00917,0.00626,343.616848,0.00386,0.0,0.0,0.117899,0.105438,299.312751,0.0,0.181597,0.049329,165.056251,0.02105,1024,896,732,1,7168,7340032,7340032,0.9907250000000001,0.654328,1.27987,269.15099999999995,28.1322,0.5201220000000001,299.24600000000004,732,1,1,536969224
tiledb,rank,65536,0,cold,window_4096,1024,,,2048,3,614.0121189528145,2148929536,2148929536,2148929536,2.716943749,4096,3621,,0.884033203125,,1.1311792322562828,,,,,,2839,4,48456192,14537187328,0.227327,0.034629,0.041819,0.01245,0.0078,612.256035,0.00418,0.0,0.0,0.12240799999999999,0.201267,572.750676,0.0,0.338635,0.055139,0.64963,0.018609,2048,1808,1414,1,14464,14811136,14811136,1.1992699999999998,0.791857,1.6561,485.097,87.1126,0.973295,572.663,1414,2,2,1073938448
tiledb,rank,65536,0,cold,window_4096,1024,,,2048,4,664.7787560359575,2686681088,2686681088,2686681088,3.699834327,4096,3607,,0.880615234375,,1.1355697255336845,,,,,,2841,5,64315904,14538010624,0.133358,0.034249,0.043259,0.01209,0.00697,596.999397,0.004,0.0,0.0,0.116128,0.107538,556.884807,0.0,0.179397,0.05023,66.922183,0.020689,1024,892,720,1,7136,7307264,7307264,0.898637,0.568394,1.1924,465.74199999999996,84.101,0.569721,556.8100000000001,720,2,2,1073938448
tiledb,rank,65536,0,cold,window_4096,1024,,,2048,5,588.267759012524,2149711872,2149711872,2149711872,3.2096045469999996,4096,3641,,0.888916015625,,1.1249656687723153,,,,,,2810,4,48652800,14538391552,0.160408,0.03542,0.041769,0.01235,0.00765,586.528326,0.01754,0.0,0.0,0.13933700000000002,0.200607,543.786126,0.0,0.312435,0.126788,0.651911,0.019179,2048,1832,1413,1,14656,15007744,15007744,1.1335799999999998,0.7444860000000001,1.6132600000000001,453.91700000000003,84.6798,1.0366799999999998,543.697,1413,2,2,1073938448
tiledb,rank,65536,0,cold,window_4096,1024,,,2048,6,602.8643880272284,2149548032,2149548032,2149548032,2.502850321,4096,3622,,0.88427734375,,1.1308669243511873,,,,,,2835,4,48521728,14538317824,0.208717,0.035279,0.042919,0.01188,0.00733,601.201993,0.01245,0.0,0.0,0.152087,0.208927,558.969995,0.0,0.310275,0.05302,0.63915,0.01883,2048,1816,1415,1,14528,14876672,14876672,1.20555,0.828226,2.07814,500.382,59.0842,0.9053260000000001,558.881,1415,2,2,1073938448
tiledb,rank,65536,0,cold,window_4096,1024,,,2048,7,639.3379339715466,2149810176,2149810176,2149810176,2.543613181,4096,3640,,0.888671875,,1.1252747252747253,,,,,,2834,4,64422400,14538661888,0.160038,0.034749,0.04166,0.012079,0.00732,292.8338,0.00794,0.0,0.0,0.09808800000000001,0.100049,255.9332,0.0,0.184347,0.049319,345.634767,0.023979,1024,912,704,1,7296,7471104,7471104,0.842088,0.556462,1.08738,229.09799999999998,25.0279,0.507792,255.88,704,1,1,536969224
tiledb,rank,65536,0,cold,window_4096,1024,,,2048,8,558.440053020604,2686484480,2686484480,2686484480,1.7382518839999999,4096,3636,,0.8876953125,,1.1265126512651265,,,,,,2812,5,32776704,14537711616,0.153458,0.034039,0.042219,0.01292,0.00629,557.377859,0.01241,0.0,0.0,0.11971799999999999,0.102708,523.669302,0.0,0.181807,0.04991,0.202047,0.018859,1024,897,704,1,7176,7348224,7348224,0.882236,0.532725,1.13614,486.634,34.9652,0.602011,523.606,704,2,2,1073938448
tiledb,rank,65536,0,cold,window_4096,1024,,,2048,9,567.427177040372,2149449728,2149449728,2149449728,2.386158243,4096,3644,,0.8896484375,,1.12403951701427,,,,,,2842,4,48644608,14538096640,0.225856,0.034019,0.04166,0.01287,0.007909,565.717033,0.01399,0.0,0.0,0.130778,0.194727,527.919377,0.0,0.311885,0.052749,0.64805,0.018339,2048,1831,1424,1,14648,14999552,14999552,1.3995,0.737828,1.8580999999999999,468.78999999999996,60.1394,1.00322,527.83,1424,2,2,1073938448
tiledb,rank,65536,0,cold,window_4096,8192,,,2048,0,508.22564598638564,2149224448,2149224448,2149224448,1.821409435,32768,14167,,0.432342529296875,,2.3129808710383286,,,,,,1951,4,327393792,14538584064,0.327275,0.120548,0.036639,0.01374,0.00874,503.114364,0.020329,0.0,0.0,0.132448,0.152378,467.408957,0.0,1.069004,0.162567,2.944366,0.080268,16384,7109,956,1,56872,58236928,58236928,0.922256,0.610931,1.2704700000000002,427.997,35.2917,2.4944699999999997,467.34,956,2,2,1073938448
tiledb,rank,65536,0,cold,window_4096,8192,,,2048,1,515.9380399854854,2149777408,2149777408,2149777408,2.159727531,32768,14213,,0.433746337890625,,2.3054949693942164,,,,,,1879,4,327352832,14538493952,0.317005,0.095229,0.034699,0.01192,0.00621,510.716128,0.029199,0.0,0.0,0.109698,0.130818,475.602413,0.0,1.071124,0.158728,3.094613,0.078879,16384,7104,949,1,56832,58195968,58195968,0.807288,0.485081,1.1076899999999998,437.37100000000004,34.367799999999995,2.41602,475.527,949,2,2,1073938448
tiledb,rank,65536,0,cold,window_4096,8192,,,2048,2,591.9065949856304,2149482496,2149482496,2149482496,2.5406504979999998,32768,14204,,0.4334716796875,,2.3069557871022246,,,,,,1906,4,327262720,14538805248,0.257906,0.091088,0.03458,0.01195,0.006239,585.315305,0.03053,0.0,0.0,0.130017,0.154418,541.618569,0.0,1.070144,0.160727,4.528311,0.078208,16384,7093,953,1,56744,58105856,58105856,0.885317,0.552403,1.2367599999999999,480.38100000000003,62.8346,2.62616,541.5400000000001,953,2,2,1073938448
tiledb,rank,65536,0,cold,window_4096,8192,,,2048,3,691.4213220006786,2686619648,2686619648,2686619648,2.76828319,32768,14142,,0.43157958984375,,2.317069721397256,,,,,,1925,5,326828544,14538506240,0.381614,0.091839,0.03599,0.009899,0.00744,345.345782,0.00887,0.0,0.0,0.099358,0.075019,305.898171,0.0,0.559301,0.093229,344.491265,0.082608,8192,3544,476,1,28352,29032448,29032448,0.700649,0.416583,0.889546,273.831,29.438599999999997,1.538,305.844,476,1,1,536969224
tiledb,rank,65536,0,cold,window_4096,8192,,,2048,4,678.8151629734784,2686353408,2686353408,2686353408,2.420321243,32768,14161,,0.432159423828125,,2.3139608784690346,,,,,,1941,5,326943232,14538502144,0.222456,0.0,0.0,0.01256,0.0,0.00139,0.0,0.0,0.0,0.0,0.0,0.0,0.0,0.0,0.0,678.146274,0.084848,0,0,0,0,0,0,0,0.0,0.0,0.0,0.0,0.0,0.0,0.0,0,0,0,0
tiledb,rank,65536,0,cold,window_4096,8192,,,2048,5,419.82036898843944,2149384192,2149384192,2149384192,1.747956255,32768,14159,,0.432098388671875,,2.3142877321844764,,,,,,1930,4,230916608,14538006528,0.305676,0.091789,0.03524,0.011549,0.00728,410.015999,0.00915,0.0,0.0,0.09562799999999999,0.081199,357.258871,0.0,0.562041,0.093989,8.261675,0.080788,8192,3564,467,1,28512,29196288,29196288,0.728189,0.444636,0.907326,326.78000000000003,28.0871,1.28983,357.21000000000004,467,1,1,536969224
tiledb,rank,65536,0,cold,window_4096,8192,,,2048,6,642.2012900002301,2149515264,2149515264,2149515264,2.9787544500000003,32768,14144,,0.431640625,,2.316742081447964,,,,,,1913,4,423600640,14539259904,0.208237,0.078549,0.038449,0.012,0.00877,634.016784,0.042759,0.0,0.0,0.125858,0.199567,600.887088,0.0,1.580406,0.232287,5.593955,0.075619,24576,10621,1426,1,84968,87007232,87007232,1.11075,0.686299,1.5477699999999999,593.206,70.3596,3.97348,600.776,1426,3,3,1610907672
tiledb,rank,65536,0,cold,window_4096,8192,,,2048,7,419.0307820099406,2149191680,2149191680,2149191680,2.075820502,32768,14119,,0.430877685546875,,2.3208442524258093,,,,,,1959,4,230793728,14538301440,0.288216,0.090999,0.036989,0.0124,0.00745,404.480863,0.00847,0.0,0.0,0.097039,0.077528,354.546552,0.0,0.552851,0.092919,13.068632,0.064579,8192,3504,519,1,28032,28704768,28704768,0.8445170000000001,0.521761,1.07029,321.656,29.9958,1.61839,354.489,519,1,1,536969224
tiledb,rank,65536,0,cold,window_4096,8192,,,2048,8,690.1596319512464,2686615552,2686615552,2686615552,2.900698919,32768,14169,,0.432403564453125,,2.312654386336368,,,,,,1899,5,327098880,14538780672,0.256866,0.0,0.0,0.00979,0.0,0.00101,0.0,0.0,0.0,0.0,0.0,0.0,0.0,0.0,0.0,689.510171,0.083188,0,0,0,0,0,0,0,0.0,0.0,0.0,0.0,0.0,0.0,0.0,0,0,0,0
tiledb,rank,65536,0,cold,window_4096,8192,,,2048,9,582.0789340068586,2149777408,2149777408,2149777408,2.696391631,32768,14168,,0.432373046875,,2.312817617165443,,,,,,1908,4,327188992,14538801152,0.355525,0.092478,0.03739,0.013809,0.00779,338.948289,0.00881,0.0,0.0,0.115588,0.080749,301.972211,0.0,0.557652,0.092538,241.53,0.081539,8192,3539,490,1,28312,28991488,28991488,0.7612289999999999,0.49081199999999997,0.9773259999999999,271.125,28.4737,1.19168,301.916,490,1,1,536969224
tiledb,rank,65536,0,cold,window_4096,65536,,,2048,0,717.5950540113263,2686095360,2686095360,2686095360,3.127205769,262144,16384,,0.0625,,16.0,,,,,,4,5,2220360192,14538510336,0.252446,0.089899,0.042789,0.01475,0.00894,679.01502,0.042089,0.0,0.0,0.102499,0.011589,646.83023,0.0,1.225342,0.887746,34.86795,0.776879,131072,8192,2,1,65536,67108864,67108864,0.133908,0.0753,0.183907,640.023,69.7123,2.72175,646.787,2,3,3,1610907672
tiledb,rank,65536,0,cold,window_4096,65536,,,2048,1,438.5712750372477,2149777408,2149777408,2149777408,1.824107074,262144,16384,,0.0625,,16.0,,,,,,4,4,1647313408,14538203136,0.282476,0.081138,0.0385,0.01264,0.008009,409.065224,0.00621,0.0,0.0,0.090059,0.00894,359.498406,0.0,0.6372,0.450403,26.851332,0.778838,65536,4096,1,1,32768,33554432,33554432,0.101919,0.065739,0.146348,324.393,33.4992,1.25254,359.451,1,1,1,536969224
tiledb,rank,65536,0,cold,window_4096,65536,,,2048,2,616.4554610149935,2149449728,2149449728,2149449728,2.555824217,262144,16384,,0.0625,,16.0,,,,,,4,4,2220360192,14539456512,0.239997,0.086959,0.037359,0.01365,0.00924,578.060865,0.03123,0.0,0.0,0.086968,0.01078,538.570795,0.0,1.225761,0.885557,34.754642,0.775098,131072,8192,2,1,65536,67108864,67108864,0.17669800000000002,0.11395899999999999,0.224437,480.97299999999996,60.0524,2.66497,538.524,2,2,2,1073938448
tiledb,rank,65536,0,cold,window_4096,65536,,,2048,3,623.6474019824527,2148667392,2148667392,2148667392,2.5062304810000002,262144,16384,,0.0625,,16.0,,,,,,4,4,2220360192,14539587584,0.249436,0.082948,0.03973,0.01228,0.007529,341.142116,0.00523,0.0,0.0,0.090409,0.0087,300.198577,0.0,0.63762,0.445673,279.857396,0.785988,65536,4096,1,1,32768,33554432,33554432,0.112229,0.07590899999999999,0.150538,266.431,32.1035,1.32634,300.15799999999996,1,1,1,536969224
tiledb,rank,65536,0,cold,window_4096,65536,,,2048,4,712.656069023069,2686517248,2686517248,2686517248,2.9588953080000002,262144,16384,,0.0625,,16.0,,,,,,4,5,2220360192,14539460608,0.305335,0.087159,0.039629,0.01264,0.00831,673.401556,0.00948,0.0,0.0,0.090508,0.01054,646.605643,0.0,1.224341,0.891736,35.54864,0.777128,131072,8192,2,1,65536,67108864,67108864,0.226077,0.16320700000000002,0.277626,639.4680000000001,84.5134,2.58929,646.562,2,3,3,1610907672
tiledb,rank,65536,0,cold,window_4096,65536,,,2048,5,535.0303089944646,2149449728,2149449728,2149449728,2.045804241,262144,16384,,0.0625,,16.0,,,,,,4,4,2220360192,14539460608,0.251696,0.087349,0.040219,0.01243,0.00922,495.633107,0.00937,0.0,0.0,0.087109,0.010899,463.702113,0.0,1.224312,0.886886,35.740866,0.779439,131072,8192,2,1,65536,67108864,67108864,0.210296,0.150467,0.259676,426.44100000000003,34.0226,2.68724,463.661,2,2,2,1073938448
tiledb,rank,65536,0,cold,window_4096,65536,,,2048,6,612.6577289542183,2149318656,2149318656,2149318656,2.9385216659999998,262144,16384,,0.0625,,16.0,,,,,,4,4,2220360192,14539456512,0.235376,0.087079,0.039329,0.01252,0.00895,574.032896,0.00978,0.0,0.0,0.090658,0.01026,548.938667,0.0,1.223531,0.883667,34.985818,0.782308,131072,8192,2,1,65536,67108864,67108864,0.184117,0.096109,0.237016,472.745,77.1276,2.7165399999999997,548.8929999999999,2,2,2,1073938448
tiledb,rank,65536,0,cold,window_4096,65536,,,2048,7,596.8024409958161,2149416960,2149416960,2149416960,2.749035217,262144,16384,,0.0625,,16.0,,,,,,4,4,2220360192,14539456512,0.331185,0.088368,0.03786,0.012609,0.00923,557.414129,0.03239,0.0,0.0,0.094838,0.01,523.682031,0.0,1.224651,0.884627,35.660548,0.778418,131072,8192,2,1,65536,67108864,67108864,0.227536,0.166278,0.274985,463.881,59.1545,2.84918,523.6370000000001,2,2,2,1073938448
tiledb,rank,65536,0,cold,window_4096,65536,,,2048,8,581.7900279653259,2149580800,2149580800,2149580800,2.203771149,262144,16384,,0.0625,,16.0,,,,,,4,4,2220360192,14539452416,0.222627,0.080778,0.04271,0.01166,0.007769,329.388065,0.00507,0.0,0.0,0.08520900000000001,0.00827,294.259978,0.0,0.757399,0.451673,249.669856,0.792898,65536,4096,1,1,32768,33554432,33554432,0.10579899999999999,0.066899,0.152388,261.548,31.0057,1.3740899999999998,294.21999999999997,1,1,1,536969224
tiledb,rank,65536,0,cold,window_4096,65536,,,2048,9,594.1295910160989,2149777408,2149777408,2149777408,2.7189696640000003,262144,16384,,0.0625,,16.0,,,,,,4,4,2220360192,14539456512,0.336865,0.086529,0.0394,0.011079,0.00971,555.417359,0.03425,0.0,0.0,0.08871799999999999,0.0102,521.439335,0.0,1.225362,0.888156,35.011388,0.781098,131072,8192,2,1,65536,67108864,67108864,0.19887600000000002,0.14421799999999999,0.25400599999999995,464.236,61.924800000000005,2.7149,521.3950000000001,2,2,2,1073938448
tiledb,rank,65536,0,cold,window_65536,1024,,,2048,0,1011.4134990144521,4297424896,4297424896,4297424896,3.9674088530000002,4096,4062,,0.99169921875,,1.0083702609551946,,,,,,4010,8,50315776,14540963840,0.154608,0.034909,0.04375,0.015119,0.0077,1009.687905,0.0033,0.0,0.0,0.145888,0.288315,966.653069,0.0,0.340425,0.055019,0.640411,0.018879,2048,2035,2010,1,16280,16670720,16670720,1.14145,0.773865,1.70204,908.092,100.165,1.48016,966.569,2010,4,4,2147876896
tiledb,rank,65536,0,cold,window_65536,1024,,,2048,1,969.860190001782,4297162752,4297162752,4297162752,3.814515596,4096,4056,,0.990234375,,1.009861932938856,,,,,,3995,8,50274816,14541914112,0.135478,0.0,0.0,0.011529,0.0,0.00136,0.0,0.0,0.0,0.0,0.0,0.0,0.0,0.0,0.0,969.348618,0.03517,0,0,0,0,0,0,0,0.0,0.0,0.0,0.0,0.0,0.0,0.0,0,0,0,0
tiledb,rank,65536,0,cold,window_65536,1024,,,2048,2,1240.5322570120916,4297326592,4297326592,4297326592,5.130488846,4096,4066,,0.99267578125,,1.0073782587309394,,,,,,4000,8,67060224,14542344192,0.208857,0.034889,0.04184,0.01297,0.007049,549.360391,0.00621,0.0,0.0,0.125028,0.145538,514.047328,0.0,0.197177,0.130328,690.143121,0.02542,1024,1016,1004,1,8128,8323072,8323072,0.872587,0.550053,1.1796300000000002,455.806,54.252500000000005,0.771628,513.973,1004,2,2,1073938448
tiledb,rank,65536,0,cold,window_65536,1024,,,2048,3,920.5397699843161,3760062464,3760062464,3760062464,3.92023579,4096,4061,,0.991455078125,,1.0086185668554544,,,,,,4014,8,50274816,14542364672,0.243376,0.036149,0.041049,0.01197,0.00712,685.514732,0.01648,0.0,0.0,0.140458,0.244476,660.832297,0.0,0.341175,0.055759,233.899795,0.02201,2048,2024,1992,1,16192,16580608,16580608,1.02575,0.63246,1.52177,648.55,60.9428,1.47356,660.727,1992,3,3,1610907672
tiledb,rank,65536,0,cold,window_65536,1024,,,2048,4,980.7492349646054,4297523200,4297523200,4297523200,3.487500991,4096,4063,,0.991943359375,,1.008122077282796,,,,,,3989,8,50332160,14542176256,0.365455,0.0351,0.049909,0.00968,0.00724,979.264747,0.018789,0.0,0.0,0.140808,0.240087,946.265968,0.0,0.343205,0.055209,0.341945,0.01862,2048,2037,2001,1,16296,16687104,16687104,1.29633,0.940974,1.94268,890.317,96.7977,1.4082999999999999,946.1619999999999,2001,4,4,2147876896
tiledb,rank,65536,0,cold,window_65536,1024,,,2048,5,1010.3609249927104,4297195520,4297195520,4297195520,4.072274308,4096,4066,,0.99267578125,,1.0073782587309394,,,,,,3991,8,50291200,14542192640,0.267016,0.03651,0.041819,0.01197,0.0074,1008.588182,0.00338,0.0,0.0,0.150197,0.282606,970.140526,0.0,0.341354,0.05448,0.64464,0.0186,2048,2032,1997,1,16256,16646144,16646144,1.0499,0.6806209999999999,1.62388,893.577,113.458,1.39602,970.051,1997,4,4,2147876896
tiledb,rank,65536,0,cold,window_65536,1024,,,2048,6,937.0540889794938,4297555968,4297555968,4297555968,3.6083665529999998,4096,4064,,0.9921875,,1.0078740157480315,,,,,,3991,8,50299392,14541770752,0.188887,0.0,0.0,0.01072,0.0,0.00133,0.0,0.0,0.0,0.0,0.0,0.0,0.0,0.0,0.0,936.494907,0.03805,0,0,0,0,0,0,0,0.0,0.0,0.0,0.0,0.0,0.0,0.0,0,0,0,0
tiledb,rank,65536,0,cold,window_65536,1024,,,2048,7,1006.2047879910097,4296839168,4296839168,4296839168,4.778750595,4096,4069,,0.993408203125,,1.0066355369869746,,,,,,4004,8,50332160,14542032896,0.158198,0.036719,0.042409,0.01262,0.00747,1004.458735,0.00425,0.0,0.0,0.137679,0.278235,968.284984,0.0,0.341494,0.05747,0.65585,0.019159,2048,2037,2002,1,16296,16687104,16687104,1.33384,0.918479,1.90586,903.409,106.69,1.46103,968.1990000000001,2002,4,4,2147876896
tiledb,rank,65536,0,cold,window_65536,1024,,,2048,8,1015.5786449904554,4297293824,4297293824,4297293824,4.005521644,4096,4062,,0.99169921875,,1.0083702609551946,,,,,,3989,8,50274816,14542299136,0.140058,0.034339,0.042219,0.01311,0.00776,639.161506,0.00573,0.0,0.0,0.127778,0.146608,600.348386,0.0,0.197927,0.052329,375.532513,0.024099,1024,1017,999,1,8136,8331264,8331264,0.942365,0.6198469999999999,1.29277,538.791,67.1702,0.785228,600.27,999,2,2,1073938448
tiledb,rank,65536,0,cold,window_65536,1024,,,2048,9,1282.8297339729033,4297461760,4297461760,4297461760,6.01596018,4096,4073,,0.994384765625,,1.005646943285048,,,,,,4003,8,67092992,14543155200,0.237117,0.102068,0.037079,0.01289,0.00715,1280.540839,0.01662,0.0,0.0,0.179376,0.368395,1241.793378,0.0,0.492082,0.147548,0.775859,0.018849,3072,3054,3000,1,24432,25018368,25018368,1.70444,1.12178,2.72851,1178.1200000000001,149.36599999999999,2.2887099999999996,1241.66,3000,6,6,3221815344
tiledb,rank,65536,0,cold,window_65536,8192,,,2048,0,946.5980639797635,3223027712,3223027712,3223027712,3.3511570539999997,32768,30805,,0.940093994140625,,1.06372342152248,,,,,,27252,8,395280896,14563835904,0.258436,0.0,0.0,0.01398,0.0,0.001,0.0,0.0,0.0,0.0,0.0,0.0,0.0,0.0,0.0,945.397952,0.084819,0,0,0,0,0,0,0,0.0,0.0,0.0,0.0,0.0,0.0,0.0,0,0,0,0
tiledb,rank,65536,0,cold,window_65536,8192,,,2048,1,1025.6997520336881,4297621504,4297621504,4297621504,4.548776824,32768,30786,,0.93951416015625,,1.0643799129474436,,,,,,27198,8,395248128,14554406912,0.362624,0.093699,0.036249,0.01022,0.00846,646.569353,0.028419,0.0,0.0,0.237547,0.774318,596.859389,0.0,1.155183,0.190797,376.828603,0.086229,8192,7708,6829,1,61664,63143936,63143936,2.13314,1.4206699999999999,3.594,528.123,57.6082,4.4690900000000005,596.619,6829,2,2,1073938448
tiledb,rank,65536,0,cold,window_65536,8192,,,2048,2,1290.1549119851552,4297555968,4297555968,4297555968,5.3025341710000005,32768,30757,,0.938629150390625,,1.06538348993725,,,,,,27096,8,525681152,14558674944,0.236976,0.0,0.0,0.0113,0.0,0.00098,0.0,0.0,0.0,0.0,0.0,0.0,0.0,0.0,0.0,1289.446183,0.100229,0,0,0,0,0,0,0,0.0,0.0,0.0,0.0,0.0,0.0,0.0,0,0,0,0
tiledb,rank,65536,0,cold,window_65536,8192,,,2048,3,1206.3473270391114,4297555968,4297555968,4297555968,5.712263596,32768,30775,,0.939178466796875,,1.0647603574329814,,,,,,27218,8,525812224,14566060032,0.274076,0.080239,0.04078,0.012709,0.01183,1196.21323,0.02021,0.0,0.0,0.564932,2.227656,1160.490763,0.0,3.369609,0.298266,5.605795,0.074519,24576,23098,20430,1,184784,189218816,189218816,5.02635,3.11755,9.933489999999999,1134.0300000000002,141.785,12.7023,1159.75,20430,6,6,3221815344
tiledb,rank,65536,0,cold,window_65536,8192,,,2048,4,1003.9709120173939,4296769536,4296769536,4296769536,5.006973923,32768,30823,,0.940643310546875,,1.0631022288550758,,,,,,27323,8,395461120,14566023168,0.510032,0.094319,0.034879,0.00933,0.00917,993.615579,0.01382,0.0,0.0,0.362293,1.440249,954.061481,0.0,2.265186,0.206437,6.887965,0.076639,16384,15418,13660,1,123344,126304256,126304256,3.8723099999999997,2.73184,7.003900000000001,880.7239999999999,109.93700000000001,8.450650000000001,953.6869999999999,13660,4,4,2147876896
tiledb,rank,65536,0,cold,window_65536,8192,,,2048,5,1370.1896260026842,4296740864,4296740864,4296740864,6.561495997,32768,30803,,0.940032958984375,,1.0637924877447003,,,,,,27123,8,525918720,14569730048,0.215797,0.079409,0.038809,0.01244,0.01118,1360.125309,0.043379,0.0,0.0,0.494513,2.444973,1320.289674,0.0,3.369409,0.301125,5.580985,0.077089,24576,23111,20368,1,184888,189325312,189325312,4.83872,3.0944000000000003,9.522910000000001,1158.07,183.831,12.7525,1319.75,20368,6,6,3221815344
tiledb,rank,65536,0,cold,window_65536,8192,,,2048,6,1269.8501410195604,4297228288,4297228288,4297228288,5.452856864,32768,30827,,0.940765380859375,,1.0629642845557465,,,,,,27278,8,525918720,14562643968,0.357455,0.094079,0.037959,0.01044,0.0084,553.159413,0.02842,0.0,0.0,0.287485,0.742699,518.881684,0.0,1.168333,0.114678,714.478732,0.075728,8192,7716,6798,1,61728,63209472,63209472,2.78639,2.13106,4.45906,455.20500000000004,64.6767,5.2226099999999995,518.691,6798,2,2,1073938448
tiledb,rank,65536,0,cold,window_65536,8192,,,2048,7,991.5089810383506,4297654272,4297654272,4297654272,4.762681279,32768,30720,,0.9375,,1.0666666666666667,,,,,,27171,8,395289088,14562279424,0.386314,0.092549,0.036239,0.00949,0.00911,983.494423,0.01486,0.0,0.0,0.361794,1.544957,945.609909,0.0,2.263056,0.206626,4.5963,0.078059,16384,15397,13609,1,123176,126132224,126132224,3.65857,2.86596,6.90558,880.749,99.9766,8.52021,945.303,13609,4,4,2147876896
tiledb,rank,65536,0,cold,window_65536,8192,,,2048,8,1005.7637139689177,4297031680,4297031680,4297031680,4.732860444,32768,30797,,0.939849853515625,,1.0639997402344383,,,,,,27099,8,395346432,14555103232,0.224876,0.0,0.0,0.01082,0.0,0.00101,0.0,0.0,0.0,0.0,0.0,0.0,0.0,0.0,0.0,1005.109865,0.089658,0,0,0,0,0,0,0,0.0,0.0,0.0,0.0,0.0,0.0,0.0,0,0,0,0
tiledb,rank,65536,0,cold,window_65536,8192,,,2048,9,1018.3081239811145,4296937472,4296937472,4296937472,4.467583938000001,32768,30842,,0.94122314453125,,1.0624473121068672,,,,,,27185,8,395698688,14555258880,0.211017,0.092738,0.03472,0.01252,0.00777,1010.587761,0.018139,0.0,0.0,0.345734,1.545407,975.537284,0.0,2.270845,0.207827,4.436952,0.074219,16384,15447,13599,1,123576,126541824,126541824,3.13946,2.29498,6.43759,904.045,104.124,8.56817,975.2389999999999,13599,4,4,2147876896
tiledb,rank,65536,0,cold,window_65536,65536,,,2048,0,1053.8300140178762,4297134080,4297134080,4297134080,4.976647615,262144,165856,,0.6326904296875,,1.580551803974532,,,,,,61164,8,2833031680,14594691072,0.293206,0.091289,0.039109,0.0126,0.02063,1004.07909,0.233996,0.0,0.0,0.7130500000000001,3.334089,960.412993,0.0,11.947439,1.28837,34.89616,0.783438,131072,82875,30552,1,663000,678912000,678912000,7.61083,5.05027,14.6602,878.735,90.0654,34.920100000000005,959.626,30552,4,4,2147876896
tiledb,rank,65536,0,cold,window_65536,65536,,,2048,1,1012.9923649947159,4297293824,4297293824,4297293824,4.502577124,262144,165959,,0.6330833435058594,,1.579570857862484,,,,,,60814,8,2833170944,14579830784,0.300255,0.094229,0.038149,0.01252,0.02035,962.717569,0.069569,0.0,0.0,0.6697200000000001,3.335569,931.835068,0.0,11.954628,1.28873,35.437001,0.778728,131072,82998,30457,1,663984,679919616,679919616,7.33736,6.10841,14.8681,866.068,78.3715,34.3733,931.216,30457,4,4,2147876896
tiledb,rank,65536,0,cold,window_65536,65536,,,2048,2,1061.9246809510514,4297064448,4297064448,4297064448,4.752797659,262144,165848,,0.632659912109375,,1.580628044956828,,,,,,60850,8,2832728576,14580232192,0.402914,0.082509,0.038539,0.01027,0.01267,657.687534,0.034089,0.0,0.0,0.362014,1.642795,614.998344,0.0,6.007129,0.6461,395.911623,0.754249,65536,41525,15079,1,332200,340172800,340172800,3.52434,2.62818,6.43509,526.9549999999999,57.8562,17.0472,614.6740000000001,15079,2,2,1073938448
tiledb,rank,65536,0,cold,window_65536,65536,,,2048,3,833.0858189729042,4297003008,4297003008,4297003008,3.808911396,262144,166012,,0.6332855224609375,,1.5790665735007108,,,,,,60943,8,1954931200,14570688512,0.309765,0.081988,0.03799,0.01319,0.013039,794.391487,0.03427,0.0,0.0,0.379595,1.648515,742.149471,0.0,6.064328,0.65052,30.384238,0.782408,65536,41538,15241,1,332304,340279296,340279296,3.7327,2.8179,6.801340000000001,649.986,59.1541,17.6051,741.8209999999999,15241,2,2,1073938448
tiledb,rank,65536,0,cold,window_65536,65536,,,2048,4,1065.4072780162096,4297228288,4297228288,4297228288,4.9342834,262144,165653,,0.6319160461425781,,1.5824886962505962,,,,,,61016,8,2831966720,14581047296,0.244447,0.090629,0.039229,0.0141,0.01903,1015.531016,0.257686,0.0,0.0,0.6515200000000001,3.158372,983.986696,0.0,11.936279,1.2878,35.098607,0.782428,131072,82851,30470,1,662808,678715392,678715392,7.54017,5.43529,15.029499999999999,888.9390000000001,100.377,33.230500000000006,983.25,30470,4,4,2147876896
tiledb,rank,65536,0,cold,window_65536,65536,,,2048,5,1081.9125879788771,4296966144,4296966144,4296966144,4.771273879000001,262144,165510,,0.6313705444335938,,1.5838559603649327,,,,,,61220,8,2831974912,14580944896,0.249826,0.089938,0.03917,0.013299,0.0207,1032.617067,0.066079,0.0,0.0,0.7619469999999999,3.279061,991.61567,0.0,11.937548,1.286691,34.511385,0.778659,131072,82852,30543,1,662816,678723584,678723584,6.9647,5.6273800000000005,13.268,906.636,98.0753,33.5692,991.005,30543,4,4,2147876896
tiledb,rank,65536,0,cold,window_65536,65536,,,2048,6,1069.0751529764384,4297228288,4297228288,4297228288,4.82854274,262144,165794,,0.6324539184570312,,1.581142864036093,,,,,,61155,8,2832728576,14581141504,0.268115,0.094909,0.037829,0.01311,0.02063,1019.500796,0.110488,0.0,0.0,0.692229,3.159472,975.301728,0.0,11.945948,1.28927,34.760891,0.777289,131072,82920,30640,1,663360,679280640,679280640,8.9667,6.63034,17.2454,894.492,92.70580000000001,33.219699999999996,974.542,30640,4,4,2147876896
tiledb,rank,65536,0,cold,window_65536,65536,,,2048,7,1056.712900986895,4297035776,4297035776,4297035776,5.116961248,262144,165392,,0.63092041015625,,1.5849859727193576,,,,,,60775,8,2832728576,14599847936,0.258136,0.090309,0.038389,0.01241,0.02073,1007.022095,0.267086,0.0,0.0,0.6496200000000001,3.174232,962.463613,0.0,11.8866,1.28185,34.951638,0.779178,131072,82505,30426,1,660040,675880960,675880960,8.945770000000001,6.76635,16.442800000000002,877.696,100.803,32.8376,961.72,30426,4,4,2147876896
tiledb,rank,65536,0,cold,window_65536,65536,,,2048,8,1064.089588006027,4297428992,4297428992,4297428992,4.2741473160000005,262144,165709,,0.6321296691894531,,1.5819539071504867,,,,,,60901,8,2832728576,14590197760,0.237236,0.082599,0.038119,0.01342,0.01326,620.141925,0.033199,0.0,0.0,0.514973,1.600705,575.484124,0.0,6.010779,0.724919,435.670419,0.785788,65536,41383,15227,1,331064,339009536,339009536,4.37422,3.49009,8.23177,506.807,36.9084,22.3722,575.035,15227,2,2,1073938448
tiledb,rank,65536,0,cold,window_65536,65536,,,2048,9,1294.0894030034542,4297228288,4297228288,4297228288,5.9400243370000005,262144,165707,,0.6321220397949219,,1.5819730005370927,,,,,,61063,8,3711074816,14599540736,0.289405,0.094789,0.038509,0.01227,0.025979,1228.184275,0.169838,0.0,0.0,1.3920299999999999,5.146351,1182.41333,0.0,17.906098,1.903661,44.485374,0.779458,196608,124308,45789,1,994464,1018331136,1018331136,11.8458,8.564300000000001,23.888099999999998,1128.1699999999998,104.13600000000001,49.8622,1181.01,45789,6,6,3221815344
tiledb,rank,65536,0,warm,random,1024,,,2048,0,5796.168963017408,0,0,0,62.592196511,4096,4095,,0.999755859375,,1.0002442002442002,,,,,,4095,1005,33901568,14545711104,0.132908,0.03357,0.040459,0.01444,0.00576,5794.892753,0.0042,0.0,0.0,0.130767,0.182098,5751.293025,0.0,0.203697,0.123438,0.280676,0.042649,1042,1042,1041,1,8336,8536064,8536064,1.1573499999999999,0.74676,1.60976,4191.71,1143.6,3.61405,5751.22,1041,64,64,34366030336
tiledb,rank,65536,0,warm,random,1024,,,2048,1,6028.062616998795,0,0,0,65.99718035800001,4096,4096,,1.0,,1.0,,,,,,4096,1013,33836032,14545723392,0.212986,0.03378,0.040829,0.00933,0.00661,6026.866985,0.00655,0.0,0.0,0.099409,0.148947,5988.752431,0.0,0.202237,0.051259,0.290335,0.01876,1038,1038,1038,1,8304,8503296,8503296,1.08463,0.690793,1.46565,4375.07,1286.44,3.2368599999999996,5988.6900000000005,1038,64,64,34366030336
tiledb,rank,65536,0,warm,random,1024,,,2048,2,5923.206927021965,0,0,0,64.521458003,4096,4095,,0.999755859375,,1.0002442002442002,,,,,,4095,1003,34245632,14545711104,0.154147,0.033209,0.04051,0.01033,0.006289,5922.052885,0.00881,0.0,0.0,0.100768,0.153848,5886.110027,0.0,0.205687,0.050369,0.284186,0.01914,1063,1063,1063,1,8504,8708096,8708096,1.27235,0.824567,1.7037,4245.99,1271.9499999999998,3.53253,5886.04,1063,64,64,34366030336
tiledb,rank,65536,0,warm,random,1024,,,2048,3,5962.201435992029,0,0,0,63.31136968,4096,4096,,1.0,,1.0,,,,,,4096,1012,33704960,14546038784,0.193647,0.033329,0.04041,0.00955,0.00729,5960.923316,0.016419,0.0,0.0,0.099018,0.141498,5924.715363,0.0,0.201427,0.125528,0.286636,0.040339,1030,1030,1028,1,8240,8437760,8437760,1.19755,0.83827,1.6090900000000001,4253.339999999999,1263.2,3.4316199999999997,5924.65,1028,64,64,34366030336
tiledb,rank,65536,0,warm,random,1024,,,2048,4,6014.1873540123925,0,0,0,64.178849183,4096,4096,,1.0,,1.0,,,,,,4096,1011,33934336,14546063360,0.141068,0.033999,0.041159,0.01205,0.00686,6012.926404,0.00943,0.0,0.0,0.116159,0.156867,5971.178976,0.0,0.202977,0.124578,0.293165,0.01937,1044,1044,1044,1,8352,8552448,8552448,1.32067,0.874039,1.76744,4357.66,1202.34,3.43555,5971.110000000001,1044,64,64,34366030336
tiledb,rank,65536,0,warm,random,1024,,,2048,5,5965.474475000519,0,0,0,62.368202501,4096,4096,,1.0,,1.0,,,,,,4096,1003,34098176,14546067456,0.186807,0.03405,0.041859,0.00997,0.00764,5964.208585,0.016689,0.0,0.0,0.10213900000000001,0.137388,5930.842957,0.0,0.205027,0.126298,0.292406,0.018649,1054,1054,1054,1,8432,8634368,8634368,1.32384,0.880767,1.9688599999999998,4297.06,1208.04,3.55689,5930.780000000001,1054,64,64,34366030336
tiledb,rank,65536,0,warm,random,1024,,,2048,6,5838.099816988688,0,0,0,62.058436464,4096,4096,,1.0,,1.0,,,,,,4096,1010,34106368,14546075648,0.202127,0.033139,0.04029,0.00963,0.006409,5836.845947,0.00848,0.0,0.0,0.099529,0.121588,5798.634534,0.0,0.198487,0.124598,0.284276,0.01794,1008,1008,1008,1,8064,8257536,8257536,1.09105,0.722378,1.4884600000000001,4287.6,1193.51,3.46429,5798.56,1008,64,64,34366030336
tiledb,rank,65536,0,warm,random,1024,,,2048,7,6093.961527047213,0,0,0,64.34760651,4096,4096,,1.0,,1.0,,,,,,4095,1009,33999872,14546358272,0.182267,0.033299,0.04135,0.0107,0.006619,5771.389031,0.00805,0.0,0.0,0.097658,0.146048,5732.373641,0.0,0.205037,0.122848,321.518762,0.057959,1048,1048,1048,1,8384,8585216,8585216,1.35707,0.939765,1.7991000000000001,4196.97,1157.83,3.65605,5732.31,1048,64,64,34366030336
tiledb,rank,65536,0,warm,random,1024,,,2048,8,5849.085876019672,0,0,0,62.214069744,4096,4096,,1.0,,1.0,,,,,,4096,1011,34343936,14546350080,0.188327,0.033589,0.04124,0.01011,0.00711,5847.912504,0.00777,0.0,0.0,0.105739,0.124548,5809.690722,0.0,0.198357,0.048519,0.289665,0.01863,1022,1022,1021,1,8176,8372224,8372224,0.964205,0.6343730000000001,1.36234,4304.44,1255.91,3.47081,5809.610000000001,1021,64,64,34366030336
tiledb,rank,65536,0,warm,random,1024,,,2048,9,6054.773770039901,0,0,0,64.403931362,4096,4096,,1.0,,1.0,,,,,,4096,1007,34393088,14546374656,0.189247,0.033739,0.04067,0.00951,0.007219,6053.524599,0.00886,0.0,0.0,0.097589,0.132878,6017.035439,0.0,0.197467,0.125488,0.290796,0.01824,1015,1015,1015,1,8120,8314880,8314880,1.55265,1.18163,1.91997,4348.07,1450.18,3.54481,6016.969999999999,1015,64,64,34366030336
tiledb,rank,65536,0,warm,random,8192,,,2048,0,5900.207375991158,0,0,0,62.943938785,32768,32755,,0.999603271484375,,1.0003968859716075,,,,,,32736,1024,269741056,14560481280,0.218286,0.093758,0.0382,0.0135,0.009419,5896.299498,0.00885,0.0,0.0,0.244637,0.937235,5858.299451,0.0,1.215941,0.195307,1.662674,0.073759,8131,8123,8108,1,64984,66543616,66543616,2.8423,2.13163,5.1504,4261.37,1260.91,8.05946,5858.09,8108,64,64,34366030336
tiledb,rank,65536,0,warm,random,8192,,,2048,1,6253.0195690342225,0,0,0,68.597753877,32768,32756,,0.9996337890625,,1.0003663450970814,,,,,,32741,1024,270448128,14559920128,0.220457,0.093459,0.037559,0.0122,0.00827,6249.081761,0.00937,0.0,0.0,0.264776,0.930475,6209.660367,0.0,1.24046,0.205507,1.674864,0.074539,8296,8285,8267,1,66280,67870720,67870720,3.19692,2.2531399999999997,5.6548,4394.18,1549.05,8.47324,6209.450000000001,8267,64,64,34366030336
tiledb,rank,65536,0,warm,random,8192,,,2048,2,5976.23879701132,0,0,0,64.532737394,32768,32755,,0.999603271484375,,1.0003968859716075,,,,,,32742,1024,270775808,14559850496,0.213017,0.093439,0.035859,0.00974,0.00877,5972.409537,0.00892,0.0,0.0,0.23363499999999998,0.794128,5934.741787,0.0,1.207311,0.199147,1.648945,0.070228,8062,8054,8044,1,64432,65978368,65978368,2.84992,2.0276500000000004,5.2762,4249.27,1298.1499999999999,8.082519999999999,5934.48,8044,64,64,34366030336
tiledb,rank,65536,0,warm,random,8192,,,2048,3,5791.007763997186,0,0,0,63.372392885,32768,32764,,0.9998779296875,,1.0001220852154804,,,,,,32746,1024,270489088,14559944704,0.213057,0.091818,0.03712,0.0111,0.008409,5787.129065,0.03064,0.0,0.0,0.255596,0.928455,5746.852225,0.0,1.240721,0.197347,1.637734,0.076359,8296,8290,8270,1,66320,67911680,67911680,3.06134,2.1947300000000003,5.5117899999999995,4225.16,1230.4299999999998,8.22263,5746.63,8270,64,64,34366030336
tiledb,rank,65536,0,warm,random,8192,,,2048,4,5954.0114650153555,0,0,0,67.03788801,32768,32757,,0.999664306640625,,1.0003358060872485,,,,,,32746,1024,269593600,14559944704,0.219166,0.096938,0.03578,0.01095,0.009119,5950.111036,0.00929,0.0,0.0,0.257036,0.902466,5914.907566,0.0,1.223711,0.200427,1.670414,0.073769,8180,8173,8162,1,65384,66953216,66953216,2.64088,1.94061,5.147869999999999,4333.53,1235.09,8.329410000000001,5914.6900000000005,8162,64,64,34366030336
tiledb,rank,65536,0,warm,random,8192,,,2048,5,5870.862754993141,0,0,0,62.327579489,32768,32755,,0.999603271484375,,1.0003968859716075,,,,,,32745,1024,269899264,14560620544,0.280585,0.093849,0.037319,0.01065,0.00805,5866.915416,0.0096,0.0,0.0,0.23507699999999998,0.893426,5828.051644,0.0,1.234181,0.200447,1.660784,0.075419,8263,8251,8234,1,66008,67592192,67592192,2.9874300000000003,2.07233,5.36558,4328.78,1176.23,8.17234,5827.849999999999,8234,64,64,34366030336
tiledb,rank,65536,0,warm,random,8192,,,2048,6,6074.247904994991,0,0,0,65.93984531699999,32768,32761,,0.999786376953125,,1.0002136686914318,,,,,,32749,1024,270751232,14560403456,0.237536,0.094978,0.03822,0.01112,0.00855,6070.375735,0.008129,0.0,0.0,0.247026,0.896506,6028.677808,0.0,1.214511,0.195737,1.644524,0.075949,8122,8119,8109,1,64952,66510848,66510848,2.35886,1.65394,4.67988,4247.54,1335.51,8.597280000000001,6028.46,8109,64,64,34366030336
tiledb,rank,65536,0,warm,random,8192,,,2048,7,6388.740096997935,0,0,0,68.137900931,32768,32759,,0.999725341796875,,1.0002747336609787,,,,,,32739,1024,270063104,14560415744,0.263566,0.094068,0.03714,0.010459,0.0085,6384.923007,0.00795,0.0,0.0,0.230527,0.875136,6345.66529,0.0,1.216341,0.118188,1.647344,0.074889,8126,8114,8100,1,64912,66469888,66469888,2.51758,1.7754299999999998,4.87758,4331.389999999999,1657.3899999999999,8.49868,6345.469999999999,8100,64,64,34366030336
tiledb,rank,65536,0,warm,random,8192,,,2048,8,6249.995226971805,0,0,0,68.49067438,32768,32760,,0.999755859375,,1.0002442002442002,,,,,,32742,1024,270235136,14560116736,0.273005,0.091569,0.037099,0.01077,0.00844,6246.070618,0.033049,0.0,0.0,0.241337,0.935445,6213.168152,0.0,1.23514,0.199507,1.647145,0.077198,8284,8271,8253,1,66168,67756032,67756032,3.01066,1.9687200000000002,5.290559999999999,4151.78,1826.79,8.29688,6212.97,8253,64,64,34366030336
tiledb,rank,65536,0,warm,random,8192,,,2048,9,6340.624119970016,0,0,0,71.879635628,32768,32763,,0.999847412109375,,1.0001526111772425,,,,,,32736,1024,270456320,14561275904,0.290606,0.094219,0.037049,0.01048,0.00872,6336.72241,0.031719,0.0,0.0,0.23527599999999999,0.804068,6296.47396,0.0,1.213871,0.186538,1.645504,0.075249,8101,8095,8080,1,64760,66314240,66314240,2.7606900000000003,1.76078,5.10342,4169.889999999999,1898.53,8.1898,6296.2,8080,64,64,34366030336
tiledb,rank,65536,0,warm,random,65536,,,2048,0,6531.258997973055,0,0,0,72.405633891,262144,261627,,0.9980278015136719,,1.0019760957393542,,,,,,260583,1024,2151669248,14663712768,0.298785,0.084519,0.038019,0.01253,0.01704,6507.180754,0.054119,0.0,0.0,1.31769,6.970181,6457.479322,0.0,9.372944,0.858356,12.236658,0.783548,65505,64996,63975,1,519968,532447232,532447232,15.514800000000001,12.7716,32.8089,4189.969999999999,1916.5700000000002,45.9936,6456.25,63975,64,64,34366030336
tiledb,rank,65536,0,warm,random,65536,,,2048,1,6344.683666015044,0,0,0,68.848203099,262144,261609,,0.9979591369628906,,1.0020450366768727,,,,,,260581,1024,2152676864,14663819264,0.327945,0.084879,0.038129,0.01191,0.01699,5618.61553,0.051189,0.0,0.0,1.27358,7.052709,5564.92802,0.0,9.422402,0.866017,714.132633,0.793017,65843,65333,64278,1,522664,535207936,535207936,14.891100000000002,12.0379,31.437,4167.0,1090.31,49.309,5563.66,64278,64,64,34366030336
tiledb,rank,65536,0,warm,random,65536,,,2048,2,5913.04997599218,0,0,0,62.486780773999996,262144,261642,,0.9980850219726562,,1.0019186522041568,,,,,,260678,1024,2151658496,14663446528,0.307715,0.083628,0.03774,0.01031,0.014599,5888.917793,0.05041,0.0,0.0,1.264251,6.875022,5842.720025,0.0,9.370984,0.860586,12.308628,0.782068,65278,64815,63820,1,518520,530964480,530964480,17.013199999999998,13.8865,33.7788,4161.53,1247.98,46.8637,5841.490000000001,63820,64,64,34366030336
tiledb,rank,65536,0,warm,random,65536,,,2048,3,5966.814304993022,0,0,0,62.290618922,262144,261637,,0.9980659484863281,,1.0019377993173748,,,,,,260688,1024,2154842112,14663409664,0.262956,0.085079,0.037849,0.01125,0.01709,5942.654022,0.050979,0.0,0.0,1.2790300000000001,6.766634,5891.615591,0.0,9.437683,0.873357,12.303438,0.775238,65922,65436,64446,1,523488,536051712,536051712,14.3532,12.043099999999999,30.6372,4241.29,1222.15,51.640100000000004,5890.16,64446,64,64,34366030336
tiledb,rank,65536,0,warm,random,65536,,,2048,4,6157.183788018301,0,0,0,64.933948714,262144,261619,,0.9979972839355469,,1.0020067349848443,,,,,,260580,1024,2150238720,14663782400,0.306186,0.084729,0.037659,0.01053,0.01697,6133.206073,0.058339,0.0,0.0,1.26253,6.842363,6083.441861,0.0,9.406973,0.866786,12.113801,0.784708,65791,65231,64238,1,521848,534372352,534372352,17.3024,14.4812,35.1575,4243.7699999999995,1431.26,48.3185,6082.21,64238,64,64,34366030336
tiledb,rank,65536,0,warm,random,65536,,,2048,5,6319.144234992564,0,0,0,65.98979469,262144,261647,,0.9981040954589844,,1.0018995058227307,,,,,,260634,1024,2148521472,14663434240,0.287485,0.084079,0.036659,0.01109,0.0162,6295.208199,0.050969,0.0,0.0,1.242081,6.712555,6243.666655,0.0,9.378873,0.862027,12.121921,0.782297,65524,65035,63983,1,520280,532766720,532766720,16.1676,13.552,33.3559,4426.2300000000005,1246.76,48.1361,6242.45,63983,64,64,34366030336
tiledb,rank,65536,0,warm,random,65536,,,2048,6,6172.370810993016,0,0,0,64.968672626,262144,261607,,0.9979515075683594,,1.0020526973666606,,,,,,260609,1024,2150205952,14663729152,0.297715,0.087978,0.0396,0.010819,0.01696,6148.249548,0.052229,0.0,0.0,1.26824,6.759874,6103.071464,0.0,9.405173,0.864906,12.261959,0.771058,65744,65227,64247,1,521816,534339584,534339584,12.550600000000001,10.3992,29.2117,4301.9400000000005,1203.82,49.323699999999995,6101.860000000001,64247,64,64,34366030336
tiledb,rank,65536,0,warm,random,65536,,,2048,7,6119.466427015141,0,0,0,66.214084926,262144,261597,,0.9979133605957031,,1.0020910025726595,,,,,,260572,1024,2149556224,14665469952,0.332825,0.086408,0.03954,0.01008,0.016329,6095.426364,0.051329,0.0,0.0,1.25936,7.03038,6033.486663,0.0,9.361124,0.862176,12.205319,0.770918,65396,64897,63957,1,519176,531636224,531636224,12.902800000000001,10.5329,29.6613,4378.02,1223.77,49.4723,6032.26,63957,64,64,34366030336
tiledb,rank,65536,0,warm,random,65536,,,2048,8,6180.147139006294,0,0,0,68.292880572,262144,261629,,0.9980354309082031,,1.0019684362207553,,,,,,260622,1024,2151527424,14664716288,0.271496,0.086869,0.037769,0.01269,0.01684,6156.109215,0.050949,0.0,0.0,1.2466899999999999,6.774884,6105.956219,0.0,9.328994,0.783067,12.353516,0.776458,65186,64693,63737,1,517544,529965056,529965056,14.3203,11.7623,30.5314,4364.77,1253.73,47.851400000000005,6104.73,63737,64,64,34366030336
tiledb,rank,65536,0,warm,random,65536,,,2048,9,6501.195308985189,0,0,0,71.944544819,262144,261633,,0.9980506896972656,,1.0019531175348675,,,,,,260582,1024,2150593536,14665142272,0.261816,0.084789,0.036829,0.01205,0.0153,6477.073626,0.051239,0.0,0.0,1.25797,6.691185,6436.294384,0.0,9.411522,0.867247,12.293008,0.781888,65796,65270,64292,1,522160,534691840,534691840,16.7339,14.2767,35.3324,4243.1,1844.36,47.9707,6435.06,64292,64,64,34366030336
tiledb,rank,65536,0,warm,window_256,1024,,,2048,0,342.1617189887911,0,0,0,2.116201832,4096,1002,,0.24462890625,,4.087824351297405,,,,,,25,4,48202240,14538272768,0.171628,0.03219,0.039739,0.01173,0.00565,168.373057,0.00247,0.0,0.0,0.10445800000000001,0.01052,134.439368,0.0,0.084939,0.129438,172.929906,0.026909,1024,254,3,1,2032,2080768,2080768,0.305645,0.165407,0.361585,108.531,25.2376,0.106098,134.383,3,1,1,536969224
tiledb,rank,65536,0,warm,window_256,1024,,,2048,1,317.23697000415996,0,0,0,1.836397248,4096,1009,,0.246337890625,,4.059464816650149,,,,,,18,4,37839360,14538215424,0.131138,0.035239,0.043329,0.01179,0.00793,166.616155,0.00376,0.0,0.0,0.10381900000000001,0.010039,125.706935,0.0,0.082218,0.04863,149.889726,0.02339,1024,251,5,1,2008,2056192,2056192,0.285495,0.165957,0.34416399999999997,94.71839999999999,30.3389,0.108358,125.667,5,1,1,536969224
tiledb,rank,65536,0,warm,window_256,1024,,,2048,2,209.22367798630148,0,0,0,1.7516534400000001,4096,1007,,0.245849609375,,4.067527308838133,,,,,,20,4,27288064,14538117120,0.64993,0.03441,0.040479,0.01006,0.00652,207.733102,0.00415,0.0,0.0,0.078969,0.00806,152.979677,0.0,0.083418,0.051969,0.207176,0.01852,1024,253,4,1,2024,2072576,2072576,0.252486,0.137918,0.303615,123.891,28.478,0.114958,152.94,4,1,1,536969224
tiledb,rank,65536,0,warm,window_256,1024,,,2048,3,317.8429100080393,0,0,0,1.958982647,4096,1010,,0.24658203125,,4.0554455445544555,,,,,,18,4,37839360,14538113024,0.123348,0.034199,0.042329,0.01004,0.00656,316.457162,0.00582,0.0,0.0,0.07697899999999999,0.00976,274.653475,0.0,0.121328,0.052429,0.64254,0.01842,2048,505,9,1,4040,4136960,4136960,0.44519299999999995,0.30840700000000004,0.496052,215.67600000000002,61.989000000000004,0.22481700000000002,274.60499999999996,9,2,2,1073938448
tiledb,rank,65536,0,warm,window_256,1024,,,2048,4,204.75382800213993,0,0,0,1.4285257359999999,4096,1007,,0.245849609375,,4.067527308838133,,,,,,20,4,37839360,14538117120,0.250636,0.03481,0.040999,0.01026,0.00615,189.25302,0.00175,0.0,0.0,0.081388,0.00819,143.94604,0.0,0.088719,0.050619,14.657821,0.01905,1024,251,6,1,2008,2056192,2056192,0.354814,0.236046,0.42484299999999997,114.75399999999999,28.4671,0.104128,143.906,6,1,1,536969224
tiledb,rank,65536,0,warm,window_256,1024,,,2048,5,311.5537780104205,0,0,0,1.782899022,4096,1009,,0.246337890625,,4.059464816650149,,,,,,19,4,37839360,14538117120,0.121548,0.036009,0.04291,0.0108,0.006799,310.17835,0.01316,0.0,0.0,0.101248,0.01175,268.849686,0.0,0.123068,0.052769,0.63642,0.01961,2048,503,11,1,4024,4120576,4120576,0.538031,0.385174,0.5842109999999999,212.68300000000002,60.809799999999996,0.224556,268.803,11,2,2,1073938448
tiledb,rank,65536,0,warm,window_256,1024,,,2048,6,374.0549110225402,0,0,0,2.216976495,4096,1006,,0.24560546875,,4.071570576540755,,,,,,22,4,37839360,14538084352,0.177867,0.034499,0.04209,0.01004,0.007319,183.59182,0.00153,0.0,0.0,0.07794899999999999,0.00889,135.533531,0.0,0.082178,0.051039,189.670844,0.031889,1024,252,5,1,2016,2064384,2064384,0.36029500000000003,0.241206,0.41004399999999996,102.345,32.4644,0.126088,135.495,5,1,1,536969224
tiledb,rank,65536,0,warm,window_256,1024,,,2048,7,316.60366896539927,0,0,0,1.843536678,4096,1012,,0.2470703125,,4.047430830039525,,,,,,16,4,48300544,14538088448,0.306876,0.0,0.0,0.0099,0.0,0.00074,0.0,0.0,0.0,0.0,0.0,0.0,0.0,0.0,0.0,315.996219,0.028009,0,0,0,0,0,0,0,0.0,0.0,0.0,0.0,0.0,0.0,0.0,0,0,0,0
tiledb,rank,65536,0,warm,window_256,1024,,,2048,8,353.72866899706423,0,0,0,2.186839722,4096,1008,,0.24609375,,4.063492063492063,,,,,,19,4,48259584,14538600448,0.134247,0.0,0.0,0.00911,0.0,0.00068,0.0,0.0,0.0,0.0,0.0,0.0,0.0,0.0,0.0,353.208807,0.045979,0,0,0,0,0,0,0,0.0,0.0,0.0,0.0,0.0,0.0,0.0,0,0,0,0
tiledb,rank,65536,0,warm,window_256,1024,,,2048,9,327.7409340371378,0,0,0,2.0835424700000003,4096,1006,,0.24560546875,,4.071570576540755,,,,,,22,4,37839360,14538641408,0.161907,0.03577,0.042459,0.01129,0.00653,183.897184,0.00286,0.0,0.0,0.10343799999999999,0.00921,141.789582,0.0,0.082039,0.049649,143.051263,0.02995,1024,252,5,1,2016,2064384,2064384,0.32264499999999996,0.196438,0.376434,113.913,27.2134,0.108648,141.74800000000002,5,1,1,536969224
tiledb,rank,65536,0,warm,window_256,8192,,,2048,0,318.3485820190981,0,0,0,1.8365875600000001,32768,1024,,0.03125,,32.0,,,,,,4,4,273351168,14539055104,0.240556,0.089429,0.038359,0.01314,0.00745,314.332954,0.00361,0.0,0.0,0.082539,0.009649,271.745351,0.0,0.119799,0.127218,2.935954,0.078679,16384,512,2,1,4096,4194304,4194304,0.22720600000000002,0.121118,0.296435,210.733,62.2676,0.263825,271.702,2,2,2,1073938448
tiledb,rank,65536,0,warm,window_256,8192,,,2048,1,328.4525240305811,0,0,0,2.158963933,32768,1024,,0.03125,,32.0,,,,,,4,4,273351168,14539382784,0.330695,0.089978,0.03724,0.00911,0.007309,319.78142,0.00236,0.0,0.0,0.081869,0.00821,271.056032,0.0,0.123988,0.124478,7.542592,0.063119,16384,512,2,1,4096,4194304,4194304,0.250787,0.187978,0.338045,208.231,62.707,0.28781599999999996,271.011,2,2,2,1073938448
tiledb,rank,65536,0,warm,window_256,8192,,,2048,2,322.5014170166105,0,0,0,1.941242607,32768,1024,,0.03125,,32.0,,,,,,4,4,273351168,14539292672,0.207376,0.0,0.0,0.01638,0.0,0.00072,0.0,0.0,0.0,0.0,0.0,0.0,0.0,0.0,0.0,321.952095,0.077539,0,0,0,0,0,0,0,0.0,0.0,0.0,0.0,0.0,0.0,0.0,0,0,0,0
tiledb,rank,65536,0,warm,window_256,8192,,,2048,3,349.66322302352637,0,0,0,2.36620042,32768,1024,,0.03125,,32.0,,,,,,4,4,273351168,14539681792,0.216976,0.092509,0.036959,0.01188,0.00725,343.961801,0.0059,0.0,0.0,0.102478,0.00837,296.237188,0.0,0.120188,0.128038,4.653478,0.076229,16384,512,2,1,4096,4194304,4194304,0.203637,0.145708,0.24764600000000003,232.984,54.9108,0.25190599999999996,296.191,2,2,2,1073938448
tiledb,rank,65536,0,warm,window_256,8192,,,2048,4,330.553620995488,0,0,0,1.909662358,32768,1024,,0.03125,,32.0,,,,,,4,4,273351168,14539530240,0.212386,0.090098,0.03616,0.00986,0.00823,174.728607,0.0014,0.0,0.0,0.079429,0.008439,130.053327,0.0,0.086809,0.077239,154.887918,0.070259,8192,256,1,1,2048,2097152,2097152,0.12096799999999999,0.074839,0.19759700000000002,100.658,28.8899,0.135788,130.015,1,1,1,536969224
tiledb,rank,65536,0,warm,window_256,8192,,,2048,5,323.54892103467137,0,0,0,2.039341572,32768,1024,,0.03125,,32.0,,,,,,4,4,273351168,14539530240,0.297305,0.090588,0.03694,0.01182,0.0076,317.849229,0.005639,0.0,0.0,0.08806900000000001,0.00855,276.031344,0.0,0.121388,0.128038,4.572518,0.078689,16384,512,2,1,4096,4194304,4194304,0.259326,0.183526,0.309946,213.553,63.75359999999999,0.265046,275.986,2,2,2,1073938448
tiledb,rank,65536,0,warm,window_256,8192,,,2048,6,329.02222499251366,0,0,0,1.880473145,32768,1024,,0.03125,,32.0,,,,,,4,4,342884864,14539657216,0.335974,0.090179,0.036469,0.0098,0.00771,170.482034,0.00145,0.0,0.0,0.077858,0.00723,131.79218,0.0,0.085318,0.079559,157.477398,0.076249,8192,256,1,1,2048,2097152,2097152,0.135728,0.09809899999999999,0.183337,103.26599999999999,28.0769,0.099879,131.75300000000001,1,1,1,536969224
tiledb,rank,65536,0,warm,window_256,8192,,,2048,7,310.51569496048614,0,0,0,1.994799263,32768,1024,,0.03125,,32.0,,,,,,4,4,342884864,14539923456,0.327105,0.076429,0.037039,0.00941,0.00693,303.71373,0.0019,0.0,0.0,0.074048,0.00809,273.777099,0.0,0.156358,0.172127,5.604602,0.077019,24576,768,3,1,6144,6291456,6291456,0.275306,0.199637,0.326215,234.47799999999998,66.1356,0.39929400000000004,273.734,3,3,3,1610907672
tiledb,rank,65536,0,warm,window_256,8192,,,2048,8,354.2004109476693,0,0,0,2.4772493,32768,1024,,0.03125,,32.0,,,,,,4,4,273351168,14539792384,0.243836,0.0,0.0,0.008579,0.0,0.00087,0.0,0.0,0.0,0.0,0.0,0.0,0.0,0.0,0.0,353.599461,0.079779,0,0,0,0,0,0,0,0.0,0.0,0.0,0.0,0.0,0.0,0.0,0,0,0,0
tiledb,rank,65536,0,warm,window_256,8192,,,2048,9,198.40926700271666,0,0,0,1.653066936,32768,1024,,0.03125,,32.0,,,,,,4,4,203817472,14539632640,0.280266,0.088918,0.03654,0.0111,0.007919,194.113335,0.00215,0.0,0.0,0.07547899999999999,0.00681,140.117909,0.0,0.090379,0.080638,3.279319,0.073899,8192,256,1,1,2048,2097152,2097152,0.086408,0.047839,0.152777,110.013,29.6737,0.095578,140.078,1,1,1,536969224
tiledb,rank,65536,0,warm,window_256,65536,,,2048,0,500.7315899711102,0,0,0,2.8327952450000002,262144,1024,,0.00390625,,256.0,,,,,,4,4,3241640960,14540627968,0.251376,0.0,0.0,0.01181,0.0,0.00079,0.0,0.0,0.0,0.0,0.0,0.0,0.0,0.0,0.0,499.312952,0.815767,0,0,0,0,0,0,0,0.0,0.0,0.0,0.0,0.0,0.0,0.0,0,0,0,0
tiledb,rank,65536,0,warm,window_256,65536,,,2048,1,341.4543000399135,0,0,0,1.9921243770000001,262144,1024,,0.00390625,,256.0,,,,,,4,4,2157445632,14541631488,0.262115,0.079459,0.037519,0.01124,0.00739,182.171731,0.00174,0.0,0.0,0.099478,0.00852,142.949485,0.0,0.086859,0.400594,157.272291,0.784727,65536,256,1,1,2048,2097152,2097152,0.143027,0.10467800000000001,0.18865700000000002,110.94,31.5041,0.131927,142.90800000000002,1,1,1,536969224
tiledb,rank,65536,0,warm,window_256,65536,,,2048,2,370.31860899878666,0,0,0,2.084863418,262144,1024,,0.00390625,,256.0,,,,,,4,4,2157445632,14541627392,0.279426,0.087238,0.03646,0.011899,0.00826,332.728367,0.00674,0.0,0.0,0.09379900000000001,0.0084,294.527214,0.0,0.120548,0.794808,35.125891,0.780248,131072,512,2,1,4096,4194304,4194304,0.218157,0.15867799999999999,0.297405,231.476,62.2355,0.258306,294.485,2,2,2,1073938448
tiledb,rank,65536,0,warm,window_256,65536,,,2048,3,350.1631250255741,0,0,0,2.04386321,262144,1024,,0.00390625,,256.0,,,,,,4,4,2157445632,14541623296,0.365534,0.079329,0.037129,0.0104,0.00727,185.965202,0.00198,0.0,0.0,0.080839,0.00688,143.413047,0.0,0.084509,0.404173,162.051966,0.778228,65536,256,1,1,2048,2097152,2097152,0.109728,0.070959,0.152008,114.593,28.360799999999998,0.114238,143.373,1,1,1,536969224
tiledb,rank,65536,0,warm,window_256,65536,,,2048,4,345.90865101199597,0,0,0,2.24031409,262144,1024,,0.00390625,,256.0,,,,,,4,4,2157445632,14542675968,0.279736,0.0,0.0,0.0086,0.0,0.00055,0.0,0.0,0.0,0.0,0.0,0.0,0.0,0.0,0.0,344.618111,0.791928,0,0,0,0,0,0,0,0.0,0.0,0.0,0.0,0.0,0.0,0.0,0,0,0,0
tiledb,rank,65536,0,warm,window_256,65536,,,2048,5,352.8691320098005,0,0,0,1.930109045,262144,1024,,0.00390625,,256.0,,,,,,4,4,2157445632,14541619200,0.227876,0.079059,0.037609,0.01061,0.00716,177.004962,0.0012,0.0,0.0,0.078139,0.007309,133.277226,0.0,0.086038,0.401134,173.880521,0.785238,65536,256,1,1,2048,2097152,2097152,0.11218800000000001,0.072799,0.172087,104.991,27.82,0.11843899999999999,133.24,1,1,1,536969224
tiledb,rank,65536,0,warm,window_256,65536,,,2048,6,345.7341230241582,0,0,0,2.18327822,262144,1024,,0.00390625,,256.0,,,,,,4,4,2157445632,14541619200,0.229257,0.086519,0.038229,0.01062,0.00813,307.556631,0.00577,0.0,0.0,0.099458,0.00753,269.982218,0.0,0.121228,0.799517,35.75001,0.778528,131072,512,2,1,4096,4194304,4194304,0.161197,0.08072800000000001,0.208846,205.267,66.99239999999999,0.26557600000000003,269.93899999999996,2,2,2,1073938448
tiledb,rank,65536,0,warm,window_256,65536,,,2048,7,360.3614349849522,0,0,0,2.1128642319999997,262144,1024,,0.00390625,,256.0,,,,,,4,4,2157445632,14541619200,0.338275,0.089409,0.038779,0.0105,0.00766,321.288436,0.00782,0.0,0.0,0.103898,0.0084,280.010322,0.0,0.121408,0.800658,36.563098,0.777528,131072,512,2,1,4096,4194304,4194304,0.20752600000000002,0.146227,0.271015,216.97,64.858,0.281636,279.96500000000003,2,2,2,1073938448
tiledb,rank,65536,0,warm,window_256,65536,,,2048,8,347.70673303864896,0,0,0,1.965714371,262144,1024,,0.00390625,,256.0,,,,,,4,4,2157445632,14541619200,0.304865,0.080088,0.03551,0.00985,0.00739,179.525412,0.00157,0.0,0.0,0.077888,0.00723,136.815951,0.0,0.091229,0.400694,166.101862,0.792378,65536,256,1,1,2048,2097152,2097152,0.108778,0.060939,0.150577,108.112,28.237000000000002,0.12313800000000001,136.77700000000002,1,1,1,536969224
tiledb,rank,65536,0,warm,window_256,65536,,,2048,9,235.53218704182655,0,0,0,1.420366789,262144,1024,,0.00390625,,256.0,,,,,,4,4,2157445632,14542671872,0.346244,0.086619,0.036629,0.01023,0.00756,210.180803,0.00168,0.0,0.0,0.078308,0.00813,172.777309,0.0,0.119478,0.796978,22.876562,0.736799,131072,512,2,1,4096,4194304,4194304,0.256446,0.193807,0.300735,134.31799999999998,37.6171,0.257626,172.737,2,2,2,1073938448
tiledb,rank,65536,0,warm,window_4096,1024,,,2048,0,311.48556899279356,0,0,0,1.870856032,4096,3596,,0.8779296875,,1.139043381535039,,,,,,2785,4,48431616,14543699968,0.219987,0.034059,0.04501,0.011739,0.00721,167.649569,0.00813,0.0,0.0,0.13833800000000002,0.136878,130.568568,0.0,0.177737,0.050679,142.938275,0.02144,1024,893,692,1,7144,7315456,7315456,0.8144969999999999,0.497473,1.09983,98.7575,29.966900000000003,0.515952,130.50400000000002,692,1,1,536969224
tiledb,rank,65536,0,warm,window_4096,1024,,,2048,1,326.63851202232763,0,0,0,1.994195896,4096,3616,,0.8828125,,1.1327433628318584,,,,,,2840,4,48620032,14542700544,0.211537,0.033319,0.042069,0.00934,0.00663,178.280672,0.01067,0.0,0.0,0.101339,0.100808,130.631997,0.0,0.178738,0.051039,147.474374,0.01995,1024,894,705,1,7152,7323648,7323648,0.870696,0.5593319999999999,1.13634,99.5231,29.262900000000002,0.48881300000000005,130.572,705,1,1,536969224
tiledb,rank,65536,0,warm,window_4096,1024,,,2048,2,315.86483103455976,0,0,0,1.956105162,4096,3608,,0.880859375,,1.1352549889135255,,,,,,2822,4,48423424,14542995456,0.167807,0.0335,0.042259,0.01137,0.00781,183.570769,0.007979,0.0,0.0,0.132348,0.122268,144.453921,0.0,0.179137,0.049809,131.449024,0.02003,1024,896,732,1,7168,7340032,7340032,0.962495,0.616547,1.24671,110.717,31.7581,0.49963199999999997,144.38400000000001,732,1,1,536969224
tiledb,rank,65536,0,warm,window_4096,1024,,,2048,3,317.12764099938795,0,0,0,1.996396262,4096,3621,,0.884033203125,,1.1311792322562828,,,,,,2839,4,48456192,14542655488,0.284625,0.03426,0.050029,0.00927,0.007259,315.393569,0.00302,0.0,0.0,0.107739,0.189597,276.035803,0.0,0.305675,0.053719,0.63931,0.01935,2048,1808,1414,1,14464,14811136,14811136,1.11455,0.755347,1.5442399999999998,214.89600000000002,61.2345,0.988856,275.963,1414,2,2,1073938448
tiledb,rank,65536,0,warm,window_4096,1024,,,2048,4,350.0349560054019,0,0,0,1.976619903,4096,3607,,0.880615234375,,1.1355697255336845,,,,,,2841,5,64315904,14543007744,0.214616,0.034369,0.04276,0.00964,0.00642,201.234713,0.008649,0.0,0.0,0.104498,0.104269,163.942797,0.0,0.174027,0.048719,147.912788,0.022009,1024,892,720,1,7136,7307264,7307264,0.947525,0.605031,1.18716,125.89200000000001,36.024100000000004,0.554581,163.882,720,2,2,1073938448
tiledb,rank,65536,0,warm,window_4096,1024,,,2048,5,324.2222500266507,0,0,0,2.181551501,4096,3641,,0.888916015625,,1.1249656687723153,,,,,,2810,4,48652800,14543024128,0.199147,0.03478,0.041419,0.00965,0.00745,322.577076,0.01378,0.0,0.0,0.126258,0.173907,273.626611,0.0,0.308875,0.053019,0.63498,0.01831,2048,1809,1397,1,14472,14819328,14819328,1.00931,0.622759,1.41656,209.161,64.7584,0.9998450000000001,273.543,1397,2,2,1073938448
tiledb,rank,65536,0,warm,window_4096,1024,,,2048,6,343.7088050413877,0,0,0,2.169716279,4096,3622,,0.88427734375,,1.1308669243511873,,,,,,2835,4,48521728,14542938112,0.156057,0.03558,0.041589,0.01083,0.00716,342.08732,0.010069,0.0,0.0,0.173738,0.217186,304.004796,0.0,0.307056,0.05484,0.679829,0.01947,2048,1816,1415,1,14528,14876672,14876672,1.26782,0.814059,1.78836,237.91899999999998,62.3982,0.952264,303.91200000000003,1415,2,2,1073938448
tiledb,rank,65536,0,warm,window_4096,1024,,,2048,7,312.97687598271295,0,0,0,1.824959701,4096,3640,,0.888671875,,1.1252747252747253,,,,,,2834,4,64422400,14543261696,0.182177,0.03392,0.040309,0.00968,0.00656,174.539851,0.00406,0.0,0.0,0.09265899999999999,0.098008,135.57072,0.0,0.179737,0.211207,137.402631,0.02314,1024,912,704,1,7296,7471104,7471104,0.849797,0.5373,1.11877,105.783,27.9464,0.520162,135.52,704,1,1,536969224
tiledb,rank,65536,0,warm,window_4096,1024,,,2048,8,323.94755497807637,0,0,0,1.965872747,4096,3636,,0.8876953125,,1.1265126512651265,,,,,,2812,5,32776704,14542311424,0.229417,0.03286,0.039399,0.00999,0.00628,322.848901,0.00717,0.0,0.0,0.101719,0.098468,282.475763,0.0,0.177948,0.052429,0.200027,0.01876,1024,897,704,1,7176,7348224,7348224,0.875576,0.562434,1.1504,221.194,63.2573,0.47901299999999997,282.414,704,2,2,1073938448
tiledb,rank,65536,0,warm,window_4096,1024,,,2048,9,315.5237259925343,0,0,0,2.006155032,4096,3644,,0.8896484375,,1.12403951701427,,,,,,2842,4,48644608,14542639104,0.253326,0.034349,0.04066,0.010639,0.00711,313.835563,0.01048,0.0,0.0,0.114618,0.185327,276.159672,0.0,0.310515,0.052779,0.631571,0.019029,2048,1831,1424,1,14648,14999552,14999552,1.1943,0.8196469999999999,1.6758000000000002,214.053,63.3609,1.01899,276.066,1424,2,2,1073938448
tiledb,rank,65536,0,warm,window_4096,8192,,,2048,0,220.6086699734442,0,0,0,1.465699977,32768,14167,,0.432342529296875,,2.3129808710383286,,,,,,1951,4,327393792,14543372288,0.193257,0.0,0.0,0.0112,0.0,0.00084,0.0,0.0,0.0,0.0,0.0,0.0,0.0,0.0,0.0,219.98867,0.087109,0,0,0,0,0,0,0,0.0,0.0,0.0,0.0,0.0,0.0,0.0,0,0,0,0
tiledb,rank,65536,0,warm,window_4096,8192,,,2048,1,320.22548298118636,0,0,0,1.8806276290000001,32768,14213,,0.433746337890625,,2.3054949693942164,,,,,,1879,4,327352832,14543257600,0.200937,0.093169,0.034609,0.01048,0.00777,315.165032,0.03262,0.0,0.0,0.099739,0.128018,275.315005,0.0,1.068003,0.158437,3.076092,0.076938,16384,7104,949,1,56832,58195968,58195968,0.894426,0.606782,1.2056600000000002,217.227,59.6579,2.4230300000000002,275.245,949,2,2,1073938448
tiledb,rank,65536,0,warm,window_4096,8192,,,2048,2,334.90053401328623,0,0,0,2.103849856,32768,14204,,0.4334716796875,,2.3069557871022246,,,,,,1906,4,327262720,14543560704,0.379564,0.091268,0.03665,0.009699,0.00811,328.244238,0.03721,0.0,0.0,0.113348,0.136178,281.599026,0.0,1.072403,0.157707,4.530989,0.081448,16384,7093,953,1,56744,58105856,58105856,0.905955,0.5821799999999999,1.2588300000000001,216.551,63.36070000000001,2.67645,281.521,953,2,2,1073938448
tiledb,rank,65536,0,warm,window_4096,8192,,,2048,3,340.24157997919247,0,0,0,2.133802094,32768,14142,,0.43157958984375,,2.317069721397256,,,,,,1925,5,326828544,14543278080,0.208026,0.092289,0.036099,0.01245,0.00867,333.645362,0.031429,0.0,0.0,0.123259,0.163377,304.952851,0.0,1.057944,0.155108,4.594328,0.076849,16384,7040,985,1,56320,57671680,57671680,1.0876,0.7104309999999999,1.46232,253.384,64.9217,2.4534700000000003,304.878,985,3,3,1610907672
tiledb,rank,65536,0,warm,window_4096,8192,,,2048,4,243.14652802422643,0,0,0,1.515361041,32768,14161,,0.432159423828125,,2.3139608784690346,,,,,,1941,5,326943232,14543261696,0.276786,0.0,0.0,0.00866,0.0,0.00084,0.0,0.0,0.0,0.0,0.0,0.0,0.0,0.0,0.0,242.540707,0.074679,0,0,0,0,0,0,0,0.0,0.0,0.0,0.0,0.0,0.0,0.0,0,0,0,0
tiledb,rank,65536,0,warm,window_4096,8192,,,2048,5,207.27007900131866,0,0,0,1.695493091,32768,14159,,0.432098388671875,,2.3142877321844764,,,,,,1930,4,230916608,14542766080,0.222347,0.092349,0.034839,0.01165,0.00623,198.492186,0.01392,0.0,0.0,0.10454899999999999,0.087538,143.826471,0.0,0.558281,0.093239,7.319606,0.082188,8192,3564,467,1,28512,29196288,29196288,0.65018,0.415653,0.840677,111.104,30.4123,1.27134,143.77300000000002,467,1,1,536969224
tiledb,rank,65536,0,warm,window_4096,8192,,,2048,6,367.34483600594103,0,0,0,2.165221665,32768,14144,,0.431640625,,2.316742081447964,,,,,,1913,4,423600640,14543708160,0.206097,0.078039,0.037459,0.01022,0.00873,359.201663,0.03793,0.0,0.0,0.120108,0.200287,313.481778,0.0,1.577166,0.228106,5.579373,0.077269,24576,10621,1426,1,84968,87007232,87007232,1.07305,0.689759,1.52666,219.013,69.1605,3.84295,313.394,1426,3,3,1610907672
tiledb,rank,65536,0,warm,window_4096,8192,,,2048,7,204.53491201624274,0,0,0,1.641544979,32768,14119,,0.430877685546875,,2.3208442524258093,,,,,,1959,4,230793728,14542786560,0.210366,0.091299,0.035499,0.01112,0.00809,199.672937,0.00913,0.0,0.0,0.10067799999999999,0.094999,144.519131,0.0,0.549842,0.091718,3.441456,0.072359,8192,3504,519,1,28032,28704768,28704768,0.839386,0.543079,1.0743,112.58,29.5481,1.10013,144.46,519,1,1,536969224
tiledb,rank,65536,0,warm,window_4096,8192,,,2048,8,315.785271988716,0,0,0,2.1230039069999997,32768,14169,,0.432403564453125,,2.312654386336368,,,,,,1899,5,327098880,14543745024,0.212317,0.0,0.0,0.008839,0.0,0.00093,0.0,0.0,0.0,0.0,0.0,0.0,0.0,0.0,0.0,315.186252,0.086958,0,0,0,0,0,0,0,0.0,0.0,0.0,0.0,0.0,0.0,0.0,0,0,0,0
tiledb,rank,65536,0,warm,window_4096,8192,,,2048,9,322.252549987752,0,0,0,2.081132132,32768,14168,,0.432373046875,,2.312817617165443,,,,,,1908,4,327188992,14543728640,0.361955,0.091459,0.03602,0.009369,0.00777,315.524936,0.00771,0.0,0.0,0.10414799999999999,0.133098,272.736595,0.0,1.066514,0.164207,4.573719,0.077228,16384,7084,943,1,56672,58032128,58032128,0.852407,0.571771,1.15103,211.841,58.2631,2.73441,272.675,943,2,2,1073938448
tiledb,rank,65536,0,warm,window_4096,65536,,,2048,0,365.94385700300336,0,0,0,2.412553586,262144,16384,,0.0625,,16.0,,,,,,4,5,2220360192,14543720448,0.245816,0.088929,0.039039,0.01266,0.00887,320.871342,0.043599,0.0,0.0,0.08237900000000001,0.012059,285.321329,0.0,1.223031,0.886746,41.413773,0.779527,131072,8192,2,1,65536,67108864,67108864,0.151367,0.091508,0.195847,233.891,63.8764,2.7666600000000003,285.27799999999996,2,3,3,1610907672
tiledb,rank,65536,0,warm,window_4096,65536,,,2048,1,227.3987439693883,0,0,0,1.666097435,262144,16384,,0.0625,,16.0,,,,,,4,4,1647313408,14543417344,0.270416,0.080618,0.03742,0.01094,0.0077,198.83052,0.005959,0.0,0.0,0.094849,0.00877,148.111034,0.0,0.63348,0.447163,25.976963,0.782128,65536,4096,1,1,32768,33554432,33554432,0.109788,0.07296899999999999,0.17748699999999998,120.13300000000001,26.4736,1.1082100000000001,148.07,1,1,1,536969224
tiledb,rank,65536,0,warm,window_4096,65536,,,2048,2,358.67076204158366,0,0,0,2.042084044,262144,16384,,0.0625,,16.0,,,,,,4,4,2220360192,14544674816,0.276346,0.087288,0.03754,0.011289,0.00876,320.286242,0.03048,0.0,0.0,0.078168,0.0093,278.17563,0.0,1.222041,0.883156,34.745877,0.775458,131072,8192,2,1,65536,67108864,67108864,0.134018,0.07951,0.263086,217.928,56.9928,2.53508,278.13100000000003,2,2,2,1073938448
tiledb,rank,65536,0,warm,window_4096,65536,,,2048,3,345.5757559859194,0,0,0,1.8800325420000001,262144,16384,,0.0625,,16.0,,,,,,4,4,2220360192,14544797696,0.330605,0.081759,0.036789,0.00978,0.00744,175.708602,0.00536,0.0,0.0,0.07802899999999999,0.00898,128.246724,0.0,0.631291,0.444733,167.193635,0.779178,65536,4096,1,1,32768,33554432,33554432,0.12107799999999999,0.085078,0.171747,95.6736,30.7857,1.4156,128.206,1,1,1,536969224
tiledb,rank,65536,0,warm,window_4096,65536,,,2048,4,396.12291601952165,0,0,0,2.174307045,262144,16384,,0.0625,,16.0,,,,,,4,5,2220360192,14544670720,0.274615,0.087059,0.038679,0.01032,0.00906,356.905969,0.00832,0.0,0.0,0.079319,0.00901,309.770706,0.0,1.222041,0.887446,35.564984,0.777588,131072,8192,2,1,65536,67108864,67108864,0.201926,0.140417,0.24487599999999998,222.537,60.5626,2.89054,309.726,2,3,3,1610907672
tiledb,rank,65536,0,warm,window_4096,65536,,,2048,5,371.9694030005485,0,0,0,2.089446451,262144,16384,,0.0625,,16.0,,,,,,4,4,2220360192,14544666624,0.280016,0.092418,0.03886,0.010999,0.00919,332.734307,0.00836,0.0,0.0,0.08609900000000001,0.0102,288.160093,0.0,1.241671,0.884816,35.549964,0.779618,131072,8192,2,1,65536,67108864,67108864,0.125528,0.06520999999999999,0.173507,228.452,56.357499999999995,2.78475,288.113,2,2,2,1073938448
tiledb,rank,65536,0,warm,window_4096,65536,,,2048,6,360.99234502762556,0,0,0,2.073276198,262144,16384,,0.0625,,16.0,,,,,,4,4,2220360192,14544666624,0.344074,0.087169,0.039009,0.00943,0.00875,322.369699,0.008259,0.0,0.0,0.079039,0.0095,276.595915,0.0,1.22296,0.884807,34.912614,0.778848,131072,8192,2,1,65536,67108864,67108864,0.162988,0.110479,0.20466700000000002,213.12,62.1932,2.8401899999999998,276.548,2,2,2,1073938448
tiledb,rank,65536,0,warm,window_4096,65536,,,2048,7,358.18123898934573,0,0,0,2.075265459,262144,16384,,0.0625,,16.0,,,,,,4,4,2220360192,14544662528,0.353074,0.087348,0.0364,0.01009,0.008639,318.779626,0.0306,0.0,0.0,0.078039,0.00901,278.592033,0.0,1.22532,0.888706,35.667622,0.780298,131072,8192,2,1,65536,67108864,67108864,0.20053700000000002,0.126848,0.264876,223.094,56.2125,2.6929800000000004,278.548,2,2,2,1073938448
tiledb,rank,65536,0,warm,window_4096,65536,,,2048,8,342.3704570159316,0,0,0,1.902323241,262144,16384,,0.0625,,16.0,,,,,,4,4,2220360192,14544654336,0.293846,0.080799,0.036329,0.01038,0.00736,179.09175,0.00558,0.0,0.0,0.079009,0.00724,139.780974,0.0,0.63227,0.445363,160.650218,0.780198,65536,4096,1,1,32768,33554432,33554432,0.103289,0.06459899999999999,0.150738,108.765,29.3325,1.3359800000000002,139.741,1,1,1,536969224
tiledb,rank,65536,0,warm,window_4096,65536,,,2048,9,354.14804198080674,0,0,0,2.17687556,262144,16384,,0.0625,,16.0,,,,,,4,4,2220360192,14544654336,0.236936,0.086819,0.038889,0.01001,0.00911,315.533036,0.036879,0.0,0.0,0.091119,0.01139,272.575927,0.0,1.223421,0.886396,35.037162,0.778898,131072,8192,2,1,65536,67108864,67108864,0.166877,0.116118,0.20685699999999999,214.2,58.450799999999994,2.71401,272.529,2,2,2,1073938448
tiledb,rank,65536,0,warm,window_65536,1024,,,2048,0,497.19115503830835,0,0,0,3.4524174420000002,4096,4062,,0.99169921875,,1.0083702609551946,,,,,,4010,8,50315776,14545559552,0.166258,0.064379,0.04262,0.01272,0.007639,495.478013,0.00497,0.0,0.0,0.136648,0.253816,447.818317,0.0,0.337694,0.054089,0.63646,0.018839,2048,2035,2010,1,16280,16670720,16670720,1.13221,0.76147,1.67409,337.386,103.70899999999999,1.8193300000000001,447.737,2010,4,4,2147876896
tiledb,rank,65536,0,warm,window_65536,1024,,,2048,1,484.8512390162796,0,0,0,3.168952135,4096,4056,,0.990234375,,1.009861932938856,,,,,,3995,8,50274816,14546321408,0.165478,0.0,0.0,0.00905,0.0,0.00112,0.0,0.0,0.0,0.0,0.0,0.0,0.0,0.0,0.0,484.383306,0.028439,0,0,0,0,0,0,0,0.0,0.0,0.0,0.0,0.0,0.0,0.0,0,0,0,0
tiledb,rank,65536,0,warm,window_65536,1024,,,2048,2,611.9358210125938,0,0,0,3.5663198119999997,4096,4066,,0.99267578125,,1.0073782587309394,,,,,,4000,8,67060224,14546743296,0.120428,0.03372,0.040399,0.0097,0.00752,317.863249,0.00548,0.0,0.0,0.109979,0.132188,273.785088,0.0,0.198317,0.050939,293.214275,0.02779,1024,1016,1004,1,8128,8323072,8323072,0.948735,0.651038,1.26074,214.464,56.2678,0.760339,273.712,1004,2,2,1073938448
tiledb,rank,65536,0,warm,window_65536,1024,,,2048,3,473.10434200335294,0,0,0,2.976098171,4096,4061,,0.991455078125,,1.0086185668554544,,,,,,4014,8,50274816,14546751488,0.217577,0.03407,0.039419,0.0141,0.00735,471.401928,0.01187,0.0,0.0,0.135498,0.245356,435.360402,0.0,0.340535,0.055849,0.650589,0.01924,2048,2030,2004,1,16240,16629760,16629760,1.28097,0.8540690000000001,1.85365,338.006,94.0302,1.4159000000000002,435.265,2004,4,4,2147876896
tiledb,rank,65536,0,warm,window_65536,1024,,,2048,4,355.46714102383703,0,0,0,2.789979632,4096,4063,,0.991943359375,,1.008122077282796,,,,,,3989,8,50332160,14546309120,0.312955,0.033519,0.04145,0.00915,0.007149,354.074963,0.03734,0.0,0.0,0.135348,0.246666,318.44631,0.0,0.338985,0.054299,0.340744,0.01876,2048,2037,2001,1,16296,16687104,16687104,1.39518,1.0049499999999998,2.0707999999999998,265.08500000000004,71.8724,1.38565,318.34299999999996,2001,4,4,2147876896
tiledb,rank,65536,0,warm,window_65536,1024,,,2048,5,488.14140702597797,0,0,0,3.401319818,4096,4066,,0.99267578125,,1.0073782587309394,,,,,,3991,8,50291200,14546632704,0.159357,0.03508,0.043239,0.01027,0.00756,486.512192,0.00388,0.0,0.0,0.156538,0.316455,442.329983,0.0,0.338805,0.054379,0.64628,0.01866,2048,2032,1997,1,16256,16646144,16646144,1.28957,0.909297,1.8945100000000001,344.432,98.6826,1.4374,442.242,1997,4,4,2147876896
tiledb,rank,65536,0,warm,window_65536,1024,,,2048,6,473.8367300014943,0,0,0,3.175300306,4096,4064,,0.9921875,,1.0078740157480315,,,,,,3991,8,50299392,14546284544,0.221026,0.032689,0.03942,0.00987,0.0051,472.490151,0.012439,0.0,0.0,0.134538,0.245556,433.853826,0.0,0.339665,0.056279,0.291995,0.01859,2048,2033,1992,1,16264,16654336,16654336,1.08175,0.699449,1.6129,341.899,90.9474,1.43685,433.749,1992,4,4,2147876896
tiledb,rank,65536,0,warm,window_65536,1024,,,2048,7,497.35345295630395,0,0,0,3.451023461,4096,4069,,0.993408203125,,1.0066355369869746,,,,,,4004,8,50332160,14546280448,0.124298,0.03421,0.038359,0.00974,0.005,495.739058,0.00299,0.0,0.0,0.11917900000000001,0.261285,453.573287,0.0,0.341374,0.055559,0.65144,0.019779,2048,2037,2002,1,16296,16687104,16687104,1.28184,0.8492550000000001,1.79196,349.04,88.5239,1.44706,453.48,2002,4,4,2147876896
tiledb,rank,65536,0,warm,window_65536,1024,,,2048,8,494.98449999373406,0,0,0,3.205900378,4096,4062,,0.99169921875,,1.0083702609551946,,,,,,3989,8,50274816,14546284544,0.198437,0.033459,0.04027,0.00918,0.007359,204.915746,0.00375,0.0,0.0,0.112289,0.128818,168.276538,0.0,0.197777,0.049549,289.169039,0.025289,1024,1017,999,1,8136,8331264,8331264,0.821658,0.5391320000000001,1.15573,133.934,32.0837,0.752428,168.2,999,2,2,1073938448
tiledb,rank,65536,0,warm,window_65536,1024,,,2048,9,641.5458580013365,0,0,0,3.911426787,4096,4073,,0.994384765625,,1.005646943285048,,,,,,4003,8,67092992,14547550208,0.279196,0.100039,0.035299,0.00973,0.00722,639.417971,0.00569,0.0,0.0,0.163507,0.373054,602.288592,0.0,0.493582,0.066819,0.785048,0.0187,3072,3054,3000,1,24432,25018368,25018368,1.45981,0.947565,2.3496699999999997,473.789,118.265,2.1722400000000004,602.157,3000,6,6,3221815344
tiledb,rank,65536,0,warm,window_65536,8192,,,2048,0,478.691013995558,0,0,0,2.816541217,32768,30805,,0.940093994140625,,1.06372342152248,,,,,,27252,8,395280896,14567542784,0.215097,0.093778,0.03661,0.013079,0.00988,472.916145,0.01337,0.0,0.0,0.340745,1.453427,434.645383,0.0,2.259225,0.207716,2.49548,0.076939,16384,15396,13636,1,123168,126124032,126124032,4.144690000000001,2.9343,7.185300000000001,331.62399999999997,93.94,8.546410000000002,434.32,13636,4,4,2147876896
tiledb,rank,65536,0,warm,window_65536,8192,,,2048,1,520.8737250068225,0,0,0,3.510401588,32768,30786,,0.93951416015625,,1.0643799129474436,,,,,,27198,8,395248128,14558121984,0.382564,0.092379,0.036159,0.00978,0.00788,339.55245,0.030079,0.0,0.0,0.232067,0.766808,285.689972,0.0,1.153522,0.114848,179.146178,0.078469,8192,7708,6829,1,61664,63143936,63143936,2.38984,1.67409,3.97681,214.256,60.7795,4.481,285.447,6829,2,2,1073938448
tiledb,rank,65536,0,warm,window_65536,8192,,,2048,2,533.9797100168653,0,0,0,3.197994294,32768,30757,,0.938629150390625,,1.06538348993725,,,,,,27096,8,525681152,14562603008,0.227046,0.078509,0.037549,0.01017,0.0115,526.340009,0.01946,0.0,0.0,0.5394019999999999,2.073327,493.326326,0.0,3.362108,0.372674,3.119531,0.077219,24576,23082,20337,1,184656,189087744,189087744,6.23311,4.3710700000000005,11.762,373.06899999999996,99.5127,12.478299999999999,492.838,20337,6,6,3221815344
tiledb,rank,65536,0,warm,window_65536,8192,,,2048,3,646.9357740134001,0,0,0,4.006083509,32768,30775,,0.939178466796875,,1.0647603574329814,,,,,,27218,8,525812224,14569967616,0.266586,0.079758,0.04193,0.01098,0.011519,636.809932,0.01995,0.0,0.0,0.542212,2.243475,593.915232,0.0,3.371478,0.301875,5.632652,0.076559,24576,23098,20430,1,184784,189218816,189218816,5.596010000000001,3.5405100000000003,11.3128,439.602,120.52799999999999,13.198599999999999,593.223,20430,6,6,3221815344
tiledb,rank,65536,0,warm,window_65536,8192,,,2048,4,496.4227979653515,0,0,0,3.4384900920000003,32768,30823,,0.940643310546875,,1.0631022288550758,,,,,,27323,8,395461120,14569869312,0.291516,0.094448,0.03626,0.009509,0.00903,488.666069,0.059579,0.0,0.0,0.363104,1.477297,445.487834,0.0,2.263094,0.207437,4.459671,0.076518,16384,15418,13660,1,123344,126304256,126304256,3.68351,2.4034199999999997,6.7138,347.692,87.706,8.49251,445.161,13660,4,4,2147876896
tiledb,rank,65536,0,warm,window_65536,8192,,,2048,5,621.5946300071664,0,0,0,3.9838730620000002,32768,30803,,0.940032958984375,,1.0637924877447003,,,,,,27123,8,525918720,14573678592,0.218987,0.078489,0.037729,0.00975,0.01167,611.585307,0.042839,0.0,0.0,0.46327300000000005,2.135777,569.844919,0.0,3.368507,0.295805,5.581423,0.075289,24576,23111,20368,1,184888,189325312,189325312,4.93706,3.27101,9.807659999999998,440.85400000000004,123.734,13.1166,569.418,20368,6,6,3221815344
tiledb,rank,65536,0,warm,window_65536,8192,,,2048,6,540.304851019755,0,0,0,3.277095486,32768,30827,,0.940765380859375,,1.0629642845557465,,,,,,27278,8,525918720,14566264832,0.246296,0.094548,0.03736,0.01033,0.00829,316.609489,0.041039,0.0,0.0,0.237897,0.726928,272.346331,0.0,1.154582,0.112038,221.622404,0.072249,8192,7716,6798,1,61728,63209472,63209472,2.71685,2.0376399999999997,4.44055,206.917,59.4934,5.34889,272.16200000000003,6798,2,2,1073938448
tiledb,rank,65536,0,warm,window_65536,8192,,,2048,7,387.8179549938068,0,0,0,3.091728361,32768,30720,,0.9375,,1.0666666666666667,,,,,,27171,8,395289088,14566346752,0.345575,0.093739,0.035319,0.00975,0.0094,379.88674,0.071139,0.0,0.0,0.36702500000000005,1.494936,349.446035,0.0,2.262834,0.207497,4.594988,0.074489,16384,15397,13609,1,123176,126132224,126132224,3.8734699999999997,2.85386,7.3956,258.161,64.5424,8.63301,349.142,13609,4,4,2147876896
tiledb,rank,65536,0,warm,window_65536,8192,,,2048,8,517.5882459734567,0,0,0,3.7083253149999997,32768,30797,,0.939849853515625,,1.0639997402344383,,,,,,27099,8,395346432,14559457280,0.221866,0.0,0.0,0.00977,0.0,0.00082,0.0,0.0,0.0,0.0,0.0,0.0,0.0,0.0,0.0,517.007875,0.083879,0,0,0,0,0,0,0,0.0,0.0,0.0,0.0,0.0,0.0,0.0,0,0,0,0
tiledb,rank,65536,0,warm,window_65536,8192,,,2048,9,500.272266974207,0,0,0,3.458430047,32768,30842,,0.94122314453125,,1.0624473121068672,,,,,,27185,8,395698688,14559600640,0.248446,0.095839,0.036589,0.00948,0.0093,492.563577,0.018799,0.0,0.0,0.331345,1.443527,448.349959,0.0,2.268815,0.204947,4.425121,0.075989,16384,15447,13599,1,123576,126541824,126541824,3.3607099999999996,2.39541,6.46068,348.499,87.6697,8.7744,448.05899999999997,13599,4,4,2147876896
tiledb,rank,65536,0,warm,window_65536,65536,,,2048,0,588.2031319779344,0,0,0,4.056119807,262144,165856,,0.6326904296875,,1.580551803974532,,,,,,61164,8,2833031680,14598479872,0.342765,0.091559,0.039129,0.01069,0.02018,533.768953,0.303965,0.0,0.0,0.69591,3.239409,482.225859,0.0,11.941243,1.28868,39.586142,0.776267,131072,82875,30552,1,663000,678912000,678912000,6.99641,4.7786599999999995,13.7985,330.08799999999997,97.176,34.300900000000006,481.514,30552,4,4,2147876896
tiledb,rank,65536,0,warm,window_65536,65536,,,2048,1,588.2292309543118,0,0,0,3.9184312620000004,262144,165959,,0.6330833435058594,,1.579570857862484,,,,,,60814,8,2833170944,14583672832,0.301435,0.090698,0.03834,0.01055,0.020459,537.890429,0.068809,0.0,0.0,0.66806,3.353277,493.01506,0.0,11.953803,1.2875,35.547194,0.777798,131072,82998,30457,1,663984,679919616,679919616,7.00048,5.735449999999999,14.5313,351.782,95.4444,32.6905,492.38300000000004,30457,4,4,2147876896
tiledb,rank,65536,0,warm,window_65536,65536,,,2048,2,564.6434199879877,0,0,0,3.835034524,262144,165848,,0.632659912109375,,1.580628044956828,,,,,,60850,8,2832728576,14583341056,0.342445,0.093379,0.037899,0.01221,0.02009,514.611093,0.065849,0.0,0.0,0.642879,3.358818,469.274712,0.0,11.929904,1.28704,35.17593,0.779238,131072,82817,30510,1,662536,678436864,678436864,7.14176,5.86596,14.928500000000001,340.176,92.877,33.9718,468.658,30510,4,4,2147876896
tiledb,rank,65536,0,warm,window_65536,65536,,,2048,3,414.08080502878875,0,0,0,3.636956475,262144,166012,,0.6332855224609375,,1.5790665735007108,,,,,,60943,8,1954931200,14574157824,0.406603,0.082029,0.037219,0.00907,0.01285,375.215063,0.033799,0.0,0.0,0.35984499999999997,1.630734,318.745036,0.0,6.007206,0.647159,30.562972,0.778288,65536,41538,15241,1,332304,340279296,340279296,3.47444,2.5680899999999998,6.56566,229.419,59.167699999999996,17.214199999999998,318.412,15241,2,2,1073938448
tiledb,rank,65536,0,warm,window_65536,65536,,,2048,4,564.5262519828975,0,0,0,3.860787088,262144,165653,,0.6319160461425781,,1.5824886962505962,,,,,,61016,8,2831966720,14584406016,0.289976,0.089838,0.03884,0.011219,0.02055,514.433436,0.167477,0.0,0.0,0.65097,3.241719,469.181533,0.0,11.929583,1.2851,35.308278,0.784408,131072,82851,30470,1,662808,678715392,678715392,7.31615,5.24862,14.795300000000001,344.479,89.4059,33.488299999999995,468.444,30470,4,4,2147876896
tiledb,rank,65536,0,warm,window_65536,65536,,,2048,5,575.4597519990057,0,0,0,3.927045545,262144,165510,,0.6313705444335938,,1.5838559603649327,,,,,,61220,8,2831974912,14584631296,0.228536,0.091088,0.03846,0.01371,0.020609,526.061724,0.065229,0.0,0.0,0.759028,3.292138,478.572457,0.0,11.932814,1.281039,34.651638,0.783848,131072,82852,30543,1,662816,678723584,678723584,6.37688,4.83302,12.2571,339.05,98.1344,33.495200000000004,477.95500000000004,30543,4,4,2147876896
tiledb,rank,65536,0,warm,window_65536,65536,,,2048,6,584.6152680460364,0,0,0,3.941421396,262144,165794,,0.6324539184570312,,1.581142864036093,,,,,,61155,8,2832728576,14585069568,0.270926,0.090168,0.03722,0.01147,0.020819,534.982475,0.108149,0.0,0.0,0.677289,3.113742,490.256544,0.0,11.944683,1.28762,34.841645,0.781188,131072,82920,30640,1,663360,679280640,679280640,8.66159,6.3007,17.082900000000002,351.78,93.2702,34.1565,489.51,30640,4,4,2147876896
tiledb,rank,65536,0,warm,window_65536,65536,,,2048,7,561.8610540404916,0,0,0,3.9823902120000003,262144,165392,,0.63092041015625,,1.5849859727193576,,,,,,60775,8,2832728576,14602256384,0.314195,0.090839,0.039449,0.00941,0.02065,512.103702,0.168737,0.0,0.0,0.64011,3.236529,463.761348,0.0,11.882384,1.28104,35.011163,0.776978,131072,82505,30426,1,660040,675880960,675880960,8.754380000000001,6.67227,16.6354,337.825,102.06899999999999,40.935100000000006,463.03,30426,4,4,2147876896
tiledb,rank,65536,0,warm,window_65536,65536,,,2048,8,554.1023060213774,0,0,0,3.695087489,262144,165709,,0.6321296691894531,,1.5819539071504867,,,,,,60901,8,2832728576,14593277952,0.220317,0.082499,0.039039,0.01081,0.01341,358.363726,0.033159,0.0,0.0,0.480213,1.592105,311.875933,0.0,5.985456,0.64623,187.623086,0.779577,65536,41383,15227,1,331064,339009536,339009536,4.343719999999999,3.53146,7.910850000000001,230.647,65.9192,17.2777,311.43399999999997,15227,2,2,1073938448
tiledb,rank,65536,0,warm,window_65536,65536,,,2048,9,747.3064640071243,0,0,0,4.742941308000001,262144,165707,,0.6321220397949219,,1.5819730005370927,,,,,,61063,8,3711074816,14602395648,0.253586,0.095488,0.03751,0.01083,0.025669,681.595902,0.167938,0.0,0.0,1.377408,5.069501,638.053542,0.0,17.87799,1.905241,44.372286,0.780428,196608,124308,45789,1,994464,1018331136,1018331136,12.0692,8.5985,23.8774,452.823,141.74200000000002,49.641400000000004,636.633,45789,6,6,3221815344
tiledb,node,256,0,cold,random,1024,,,2048,0,2982.356633001473,17166319616,17166319616,17166319616,6.919328079,4096,4095,,0.999755859375,,1.0002442002442002,,,,,,4095,4062,33901568,14543609856,0.583401,0.03382,0.041519,0.0125,0.00733,2980.66588,0.002409,0.0,0.0,0.12223800000000001,0.160408,2846.090255,0.0,0.202587,0.121788,0.283245,0.01831,1042,1042,1041,1,8336,8536064,8536064,1.38469,0.665166,1.85135,2819.45,79.21809999999999,0.421752,2846.0200000000004,1041,1010,674,4111186240
tiledb,node,256,0,cold,random,1024,,,2048,1,3042.587762000039,17317187584,17317187584,17317187584,6.882530753,4096,4096,,1.0,,1.0,,,,,,4096,4057,33836032,14543974400,0.348705,0.03422,0.040609,0.01008,0.00721,3041.175734,0.00274,0.0,0.0,0.10650899999999999,0.148387,2915.910483,0.0,0.203107,0.128558,0.285865,0.01887,1038,1038,1038,1,8304,8503296,8503296,1.68797,0.779858,2.1680800000000002,2874.56,71.155,0.42043400000000003,2915.84,1038,1004,663,4146844488
tiledb,node,256,0,cold,random,1024,,,2048,2,3042.6599110360257,17444491264,17444491264,17444491264,7.281273727,4096,4095,,0.999755859375,,1.0002442002442002,,,,,,4095,4068,34245632,14544273408,0.358115,0.033809,0.041589,0.009,0.00735,3002.673436,0.00215,0.0,0.0,0.101768,0.142798,2869.982461,0.0,0.202457,0.124198,38.829383,0.01995,1036,1035,1035,1,8280,8478720,8478720,1.37927,0.624283,1.80933,2846.12,73.7488,0.45443300000000003,2869.92,1035,997,682,4075527992
tiledb,node,256,0,cold,random,1024,,,2048,3,3030.4211120237596,17382457344,17382457344,17382457344,6.898246393,4096,4096,,1.0,,1.0,,,,,,4096,4067,33704960,14544101376,0.347705,0.033039,0.04157,0.008759,0.00719,3029.099893,0.00726,0.0,0.0,0.105988,0.147978,2908.158914,0.0,0.200097,0.050349,0.280586,0.01862,1030,1030,1028,1,8240,8437760,8437760,1.43463,0.650767,1.85443,2867.39,71.7134,0.439713,2908.08,1028,1004,669,4218160984
tiledb,node,256,0,cold,random,1024,,,2048,4,3031.907388998661,17214025728,17214025728,17214025728,6.967020704,4096,4096,,1.0,,1.0,,,,,,4096,4060,33934336,14544109568,0.383974,0.034,0.041259,0.00959,0.00743,3026.527343,0.00715,0.0,0.0,0.10355800000000001,0.117999,2892.130685,0.0,0.196347,0.051529,4.290003,0.01886,1005,1005,1005,1,8040,8232960,8232960,1.1519,0.511007,1.59131,2863.96,72.8963,0.431714,2892.06,1005,967,660,4039869744
tiledb,node,256,0,cold,random,1024,,,2048,5,3029.2786000063643,17334624256,17334624256,17334624256,7.166359278,4096,4096,,1.0,,1.0,,,,,,4096,4071,34098176,14544510976,0.355145,0.03393,0.039889,0.00976,0.0072,2971.348456,0.00934,0.0,0.0,0.10116800000000001,0.125928,2845.850939,0.0,0.197967,0.127598,56.775712,0.021219,1003,1002,1002,1,8016,8208384,8208384,1.5083099999999998,0.700001,1.9571699999999999,2814.29,79.775,0.457743,2845.77,1002,979,668,3995821320
tiledb,node,256,0,cold,random,1024,,,2048,6,3020.869830972515,17306603520,17306603520,17306603520,7.2843961329999996,4096,4096,,1.0,,1.0,,,,,,4096,4062,34106368,14544269312,0.407514,0.033909,0.041689,0.0152,0.00541,2964.563352,0.00554,0.0,0.0,0.158157,0.170598,2836.668431,0.0,0.196127,0.049689,55.123448,0.01758,1008,1008,1008,1,8064,8257536,8257536,1.21085,0.477736,1.9246,2819.55,77.1824,0.37494299999999997,2836.58,1008,981,667,4010504128
tiledb,node,256,0,cold,random,1024,,,2048,7,2984.011387976352,17180639232,17180639232,17180639232,7.121821208,4096,4096,,1.0,,1.0,,,,,,4095,4065,33999872,14544252928,0.336505,0.03425,0.040449,0.00946,0.00726,2945.51863,0.00695,0.0,0.0,0.101878,0.124508,2831.445284,0.0,0.199107,0.120928,37.375875,0.01768,1015,1015,1014,1,8120,8314880,8314880,1.3336000000000001,0.675921,1.7878900000000002,2797.6200000000003,71.7596,0.415692,2831.3799999999997,1014,990,666,4035674656
tiledb,node,256,0,cold,random,1024,,,2048,8,3017.832739977166,17294942208,17294942208,17294942208,6.896298643,4096,4096,,1.0,,1.0,,,,,,4096,4066,34343936,14544400384,0.366604,0.03503,0.041209,0.01011,0.00733,3016.46769,0.00725,0.0,0.0,0.10344800000000001,0.146738,2911.106408,0.0,0.208317,0.053399,0.288816,0.018689,1069,1069,1069,1,8552,8757248,8757248,1.64378,0.725159,2.09802,2874.76,77.2798,0.424854,2911.04,1069,1032,690,4320940640
tiledb,node,256,0,cold,random,1024,,,2048,9,2989.790687977802,17169735680,17169735680,17169735680,6.867359038,4096,4096,,1.0,,1.0,,,,,,4096,4064,34393088,14544359424,0.348615,0.03424,0.039799,0.00965,0.00711,2988.393139,0.01202,0.0,0.0,0.10680700000000001,0.159368,2874.53478,0.0,0.204217,0.122028,0.275166,0.01863,1072,1072,1072,1,8576,8781824,8781824,1.42166,0.6294099999999999,1.8698700000000001,2850.81,85.8293,0.44819400000000004,2874.46,1072,1044,690,4323038184
tiledb,node,256,0,cold,random,8192,,,2048,0,16270.747528003994,97072037888,97072037888,97072037888,26.50129862,32768,32755,,0.999603271484375,,1.0003968859716075,,,,,,32736,30786,269741056,14584315904,0.316375,0.095228,0.036539,0.0131,0.00929,16266.725891,0.00925,0.0,0.0,0.247925,0.940356,16148.609878,0.0,1.222261,0.199317,1.659804,0.090259,8140,8133,8121,1,65064,66625536,66625536,3.8302,1.92695,6.487749999999999,15941.7,324.79,2.88118,16148.4,8121,6448,1488,23706442288
tiledb,node,256,0,cold,random,8192,,,2048,1,16332.640731008723,97086976000,97086976000,97086976000,27.235263321,32768,32756,,0.9996337890625,,1.0003663450970814,,,,,,32741,30768,270448128,14580224000,0.418683,0.093889,0.035079,0.01027,0.00817,16313.551369,0.037119,0.0,0.0,0.247176,0.929626,16175.246112,0.0,1.240571,0.203116,16.663179,0.073649,8296,8285,8267,1,66280,67870720,67870720,4.75546,2.09397,7.56657,15972.099999999999,364.876,2.79811,16175.0,8267,6487,1487,23737905448
tiledb,node,256,0,cold,random,8192,,,2048,2,16328.712702030316,97509642240,97509642240,97509642240,27.233584025,32768,32755,,0.999603271484375,,1.0003968859716075,,,,,,32742,30831,270775808,14580260864,0.404524,0.093988,0.03686,0.010189,0.00829,16324.649596,0.03824,0.0,0.0,0.245116,0.935955,16216.9092,0.0,1.24132,0.195637,1.656534,0.076009,8314,8307,8289,1,66456,68050944,68050944,4.02627,1.5373800000000002,6.5320100000000005,16050.899999999998,370.62,2.98882,16216.699999999999,8289,6504,1492,23945562304
tiledb,node,256,0,cold,random,8192,,,2048,3,16354.613766947296,97559457792,97559457792,97559457792,26.689295157,32768,32764,,0.9998779296875,,1.0001220852154804,,,,,,32746,30786,270489088,14580228096,0.401243,0.092729,0.035769,0.01004,0.00824,16350.57574,0.00861,0.0,0.0,0.243105,0.921306,16245.224548,0.0,1.2418,0.197047,1.631344,0.075789,8296,8290,8270,1,66320,67911680,67911680,3.80741,1.43587,6.27856,16065.1,347.769,2.99911,16245.000000000002,8270,6492,1469,23989610728
tiledb,node,256,0,cold,random,8192,,,2048,4,16344.099650974385,97484374016,97484374016,97484374016,27.045987562,32768,32757,,0.999664306640625,,1.0003358060872485,,,,,,32746,30766,269593600,14580330496,0.399853,0.091009,0.037549,0.01063,0.00843,16340.057684,0.00824,0.0,0.0,0.237765,0.921836,16218.813131,0.0,1.232801,0.199577,1.649034,0.073709,8243,8234,8225,1,65872,67452928,67452928,4.54247,1.8934,7.11015,16061.800000000001,317.03,2.88755,16218.599999999999,8225,6474,1466,24010586168
tiledb,node,256,0,cold,random,8192,,,2048,5,16397.873319976497,97788575744,97788575744,97788575744,26.992430485,32768,32755,,0.999603271484375,,1.0003968859716075,,,,,,32745,30774,269899264,14583283712,0.378184,0.091779,0.034979,0.0108,0.00806,16393.854703,0.037249,0.0,0.0,0.26322599999999996,0.916176,16267.930532,0.0,1.235911,0.196697,1.645594,0.074449,8263,8251,8234,1,66008,67592192,67592192,4.22159,1.73641,7.04891,16117.8,297.21,2.99295,16267.7,8234,6500,1485,23993805816
tiledb,node,256,0,cold,random,8192,,,2048,6,16331.187992997002,97405218816,97405218816,97405218816,25.894327221,32768,32761,,0.999786376953125,,1.0002136686914318,,,,,,32749,30784,270751232,14581370880,1.107423,0.095818,0.03623,0.01098,0.008309,16287.809692,0.03358,0.0,0.0,0.238726,0.843847,16161.148292,0.0,1.24616,0.202607,40.25423,0.072609,8209,8201,8184,1,65608,67182592,67182592,3.51293,1.648,5.9198699999999995,16009.3,286.785,2.74318,16160.900000000001,8184,6454,1468,23616247896
tiledb,node,256,0,cold,random,8192,,,2048,7,16281.68675705092,97156354048,97156354048,97156354048,26.781614759,32768,32759,,0.999725341796875,,1.0002747336609787,,,,,,32739,30755,270063104,14580641792,0.419544,0.093599,0.045799,0.0106,0.00923,16229.480584,0.00873,0.0,0.0,0.237827,0.908765,16100.364913,0.0,1.221751,0.201776,49.791221,0.072559,8162,8157,8138,1,65256,66822144,66822144,3.3401899999999998,1.49626,5.96929,15942.4,309.637,3.2730699999999997,16100.2,8138,6440,1482,23754685800
tiledb,node,256,0,cold,random,8192,,,2048,8,16347.729774948675,97422749696,97422749696,97422749696,26.04589719,32768,32760,,0.999755859375,,1.0002442002442002,,,,,,32742,30702,270235136,14580969472,0.430373,0.091428,0.03704,0.01025,0.00828,16343.666438,0.008459,0.0,0.0,0.23209599999999997,0.916766,16207.584677,0.0,1.23649,0.198567,1.637384,0.076159,8284,8271,8253,1,66168,67756032,67756032,4.4474800000000005,1.72694,7.13104,16056.9,279.68199999999996,2.68652,16207.4,8253,6513,1484,23960245112
tiledb,node,256,0,cold,random,8192,,,2048,9,16371.180118003394,97946697728,97946697728,97946697728,25.087747833999998,32768,32763,,0.999847412109375,,1.0001526111772425,,,,,,32736,30890,270456320,14585073664,0.399793,0.094989,0.036079,0.01076,0.00869,16335.414227,0.00818,0.0,0.0,0.238487,0.815907,16196.681666,0.0,1.212701,0.199617,33.381578,0.071809,8101,8095,8080,1,64760,66314240,66314240,3.88113,1.8113700000000001,6.3190800000000005,16052.499999999998,270.91700000000003,2.66592,16196.400000000001,8080,6418,1484,23826002296
tiledb,node,256,0,cold,random,65536,,,2048,0,39215.98769596312,135842648064,135842648064,135842648064,384.793213323,262144,261627,,0.9980278015136719,,1.0019760957393542,,,,,,260583,165439,2151669248,14833639424,0.371604,0.088219,0.038869,0.01423,0.01551,30748.15155,0.054989,0.0,0.0,1.361789,7.02096,30629.326928,0.0,9.458582,0.876396,8455.709085,0.811447,65873,65324,64261,1,522592,535134208,535134208,16.060499999999998,8.88491,32.614200000000004,29410.0,680.219,17.7926,30628.0,64261,16085,480,33862750336
tiledb,node,256,0,cold,random,65536,,,2048,1,43811.20759900659,135745900544,135745900544,135745900544,488.1410601,262144,261609,,0.9979591369628906,,1.0020450366768727,,,,,,260581,165709,2152676864,14833639424,0.485382,0.083369,0.038129,0.01058,0.01628,43787.033086,0.052559,0.0,0.0,1.3299379999999998,7.161579,43698.238345,0.0,9.432163,0.865896,12.11381,0.777618,65919,65401,64372,1,523208,535764992,535764992,17.708499999999997,9.14918,35.5988,42321.399999999994,838.434,21.433899999999998,43697.0,64372,16089,475,33833384720
tiledb,node,256,0,cold,random,65536,,,2048,2,54550.512333982624,135825240064,135825240064,135825240064,786.105406201,262144,261642,,0.9980850219726562,,1.0019186522041568,,,,,,260678,165881,2151658496,14833790976,0.436973,0.085498,0.03908,0.0118,0.016369,54526.531819,0.05327,0.0,0.0,1.32528,6.686995,54423.258413,0.0,9.350544,0.860486,12.024031,0.782598,65278,64815,63820,1,518520,530964480,530964480,16.9373,8.19904,33.0722,52868.0,957.528,23.364,54422.0,63820,16063,475,33837579808
tiledb,node,256,0,cold,random,65536,,,2048,3,40199.23376996303,135855542272,135855542272,135855542272,408.710913023,262144,261637,,0.9980659484863281,,1.0019377993173748,,,,,,260688,165768,2154842112,14834503680,0.451943,0.084508,0.03706,0.00996,0.015919,30205.807761,0.051119,0.0,0.0,1.3015290000000002,7.112859,30103.55573,0.0,9.366184,0.860766,9981.377608,0.803167,65278,64748,63772,1,517984,530415616,530415616,19.802699999999998,12.4535,37.7672,28919.5,653.629,21.5477,30102.3,63772,16083,468,33879530688
tiledb,node,256,0,cold,random,65536,,,2048,4,44850.277970021125,135821692928,135821692928,135821692928,486.892137799,262144,261619,,0.9979972839355469,,1.0020067349848443,,,,,,260580,165843,2150238720,14833479680,0.413894,0.085078,0.03919,0.010519,0.01658,44826.044079,0.051559,0.0,0.0,1.632155,6.723194,44733.24037,0.0,9.352354,0.860086,12.300817,0.776328,65347,64840,63826,1,518720,531169280,531169280,20.5459,13.647,38.8243,43268.0,906.596,17.8155,44731.9,63826,16099,488,33852262616
tiledb,node,256,0,cold,random,65536,,,2048,5,41726.65424499428,135874998272,135874998272,135874998272,411.393608994,262144,261647,,0.9981040954589844,,1.0018995058227307,,,,,,260634,165636,2148521472,14832877568,0.391734,0.088388,0.03752,0.01312,0.016889,26731.352892,0.053479,0.0,0.0,1.31013,7.592741,26615.272277,0.0,9.384644,0.866956,14983.263802,0.807597,65539,65060,64087,1,520480,532971520,532971520,17.811899999999998,9.653699999999999,34.3312,25356.0,733.1659999999999,19.168999999999997,26614.0,64087,16089,476,33854360160
tiledb,node,256,0,cold,random,65536,,,2048,6,48464.30748596322,135964905472,135964905472,135964905472,548.999951419,262144,261607,,0.9979515075683594,,1.0020526973666606,,,,,,260609,165752,2150205952,14832721920,0.408993,0.083519,0.037379,0.01289,0.01509,37625.724423,0.051319,0.0,0.0,1.3079299999999998,6.592747,37513.168683,0.0,9.325934,0.858026,10826.587291,0.812587,65212,64693,63685,1,517544,529965056,529965056,18.7251,9.65049,35.5771,36105.7,869.5079999999999,18.209300000000002,37511.899999999994,63685,16101,473,33908896304
tiledb,node,256,0,cold,random,65536,,,2048,7,54458.4438430029,135797100544,135797100544,135797100544,814.371299503,262144,261597,,0.9979133605957031,,1.0020910025726595,,,,,,260572,165807,2149556224,14831624192,0.66958,0.085558,0.03837,0.014599,0.01644,54409.113385,0.054989,0.0,0.0,1.4892569999999998,6.835663,54311.503191,0.0,9.420773,0.868416,37.018831,0.778218,65705,65148,64106,1,521184,533692416,533692416,20.204900000000002,11.4067,37.981899999999996,52969.9,658.4910000000001,21.6426,54310.200000000004,64106,16076,486,33854360160
tiledb,node,256,0,cold,random,65536,,,2048,8,39876.17922195932,135790989312,135790989312,135790989312,408.900500848,262144,261629,,0.9980354309082031,,1.0019684362207553,,,,,,260622,165795,2151527424,14832463872,0.6189,0.085788,0.03693,0.010539,0.01632,22087.745646,0.050999,0.0,0.0,1.3249389999999999,6.260542,21971.14365,0.0,9.354404,0.870646,17776.219847,0.807277,65186,64693,63737,1,517544,529965056,529965056,17.3723,9.345239999999999,35.5443,20849.699999999997,644.211,21.429199999999998,21968.9,63737,16074,484,33856457704
tiledb,node,256,0,cold,random,65536,,,2048,9,36923.47281501861,135851978752,135851978752,135851978752,349.005579124,262144,261633,,0.9980506896972656,,1.0019531175348675,,,,,,260582,166024,2150593536,14832111616,0.392263,0.087439,0.037529,0.01357,0.01707,23638.813121,0.051749,0.0,0.0,1.315639,7.73442,23526.3367,0.0,9.378843,0.875227,13272.614201,0.809887,65498,65008,63960,1,520064,532545536,532545536,19.147000000000002,10.8713,37.568400000000004,22335.7,700.24,19.7344,23525.0,63960,16082,484,33862750336
tiledb,node,256,0,cold,window_256,1024,,,2048,0,9.18663601623848,18362368,18362368,18362368,0.04527474,4096,1002,,0.24462890625,,4.087824351297405,,,,,,25,8,48202240,14547165184,0.328585,0.0,0.0,0.008849,0.0,0.00054,0.0,0.0,0.0,0.0,0.0,0.0,0.0,0.0,0.0,8.685185,0.015159,0,0,0,0,0,0,0,0.0,0.0,0.0,0.0,0.0,0.0,0.0,0,0,0,0
tiledb,node,256,0,cold,window_256,1024,,,2048,1,6.7858140100724995,18608128,18608128,18608128,0.031911448,4096,1009,,0.246337890625,,4.059464816650149,,,,,,18,8,37839360,14547017728,0.210287,0.03268,0.032939,0.00832,0.00698,5.11391,0.00145,0.0,0.0,0.037899,0.00339,4.460371,0.0,0.055099,0.02599,1.176831,0.01424,1024,251,5,1,2008,2056192,2056192,0.33127500000000004,0.14274900000000001,0.37165400000000004,3.59588,0.254816,0.109568,4.43903,5,2,1,4195088
tiledb,node,256,0,cold,window_256,1024,,,2048,2,5.5047430214472115,18505728,18505728,18505728,0.024472615,4096,1007,,0.245849609375,,4.067527308838133,,,,,,20,8,27288064,14546878464,0.147447,0.031929,0.03108,0.00813,0.00705,4.257863,0.00139,0.0,0.0,0.028729,0.00276,3.658583,0.0,0.049259,0.02288,0.813197,0.01412,1024,252,4,1,2016,2064384,2064384,0.23197600000000002,0.105148,0.266196,2.9458100000000003,0.287636,0.048509,3.63905,4,2,1,4195088
tiledb,node,256,0,cold,window_256,1024,,,2048,3,6.483219040092081,18575360,18575360,18575360,0.030715307,4096,1010,,0.24658203125,,4.0554455445544555,,,,,,18,8,37839360,14546866176,0.112559,0.03223,0.033029,0.00907,0.00711,5.436765,0.00486,0.0,0.0,0.041729,0.00675,4.416501,0.0,0.087059,0.030849,0.602861,0.013839,2048,505,9,1,4040,4136960,4136960,0.48038200000000003,0.245036,0.534991,3.1115399999999998,0.49507200000000007,0.118519,4.39321,9,4,2,8390176
tiledb,node,256,0,cold,window_256,1024,,,2048,4,6.117803975939751,18370560,18370560,18370560,0.026311355,4096,1007,,0.245849609375,,4.067527308838133,,,,,,20,8,37839360,14546853888,0.096918,0.032289,0.02934,0.0082,0.00616,4.068076,0.00173,0.0,0.0,0.028279,0.00292,3.548395,0.0,0.048159,0.02393,1.670674,0.014609,1024,251,6,1,2008,2056192,2056192,0.273556,0.12913,0.304875,2.75282,0.294035,0.09318900000000001,3.53099,6,2,1,4195088
tiledb,node,256,0,cold,window_256,1024,,,2048,5,6.911261996719986,18128896,18128896,18128896,0.035894611,4096,1009,,0.246337890625,,4.059464816650149,,,,,,19,8,37839360,14546825216,0.130318,0.03245,0.032839,0.00819,0.00714,5.884118,0.00512,0.0,0.0,0.043409,0.00664,4.712546,0.0,0.085848,0.02717,0.590191,0.013149,2048,503,11,1,4024,4120576,4120576,0.46623200000000004,0.250807,0.504112,3.44627,0.49233199999999994,0.095238,4.69094,11,4,2,8390176
tiledb,node,256,0,cold,window_256,1024,,,2048,6,6.375850003678352,18427904,18427904,18427904,0.027284185000000002,4096,1006,,0.24560546875,,4.071570576540755,,,,,,22,8,37839360,14546792448,0.112858,0.031559,0.03017,0.00826,0.00628,4.325322,0.00142,0.0,0.0,0.030729,0.00296,3.771651,0.0,0.049159,0.02507,1.659254,0.01387,1024,252,5,1,2016,2064384,2064384,0.26546600000000004,0.12624000000000002,0.30171499999999996,2.99883,0.278316,0.077798,3.7522800000000003,5,2,1,4195088
tiledb,node,256,0,cold,window_256,1024,,,2048,7,7.658080954570323,18239488,18239488,18239488,0.036261611,4096,1012,,0.2470703125,,4.047430830039525,,,,,,16,8,48300544,14546800640,0.492023,0.0,0.0,0.008319,0.0,0.0002,0.0,0.0,0.0,0.0,0.0,0.0,0.0,0.0,0.0,7.0445,0.01383,0,0,0,0,0,0,0,0.0,0.0,0.0,0.0,0.0,0.0,0.0,0,0,0,0
tiledb,node,256,0,cold,window_256,1024,,,2048,8,7.834218034986407,18358272,18358272,18358272,0.036760415,4096,1008,,0.24609375,,4.063492063492063,,,,,,19,8,48259584,14546751488,0.105438,0.03105,0.027899,0.00839,0.00704,3.988988,0.00199,0.0,0.0,0.027659,0.00273,3.516885,0.0,0.050329,0.024339,3.461866,0.01394,1024,253,4,1,2024,2072576,2072576,0.229247,0.107448,0.263566,2.79603,0.270856,0.076109,3.49791,4,2,1,4195088
tiledb,node,256,0,cold,window_256,1024,,,2048,9,6.312710989732295,18272256,18272256,18272256,0.027767085,4096,1006,,0.24560546875,,4.071570576540755,,,,,,22,8,37839360,14546718720,0.121338,0.029819,0.02678,0.00818,0.00479,4.514109,0.00151,0.0,0.0,0.027479,0.00352,3.86309,0.0,0.051049,0.02556,1.417098,0.014239,1024,252,5,1,2016,2064384,2064384,0.32631499999999997,0.157208,0.370634,3.05401,0.244886,0.079549,3.8447899999999997,5,2,1,4195088
tiledb,node,256,0,cold,window_256,8192,,,2048,0,8.994968957267702,18243584,18243584,18243584,0.037301607,32768,1024,,0.03125,,32.0,,,,,,4,8,273351168,14549131264,0.170418,0.086828,0.02906,0.00859,0.006989,5.305658,0.00162,0.0,0.0,0.02451,0.00221,4.278393,0.0,0.092158,0.104189,2.993914,0.073508,16384,512,2,1,4096,4194304,4194304,0.18890700000000002,0.10618899999999999,0.222506,3.32357,0.49508199999999997,0.10374799999999999,4.26146,2,4,2,8390176
tiledb,node,256,0,cold,window_256,8192,,,2048,1,9.703918010927737,18227200,18227200,18227200,0.045215742,32768,1024,,0.03125,,32.0,,,,,,4,8,273351168,14549381120,0.178417,0.087929,0.02905,0.008129,0.00716,5.409016,0.00184,0.0,0.0,0.02614,0.00233,4.273713,0.0,0.085618,0.102089,3.606043,0.071889,16384,512,2,1,4096,4194304,4194304,0.24316600000000002,0.154808,0.279775,3.2756,0.49122200000000005,0.095788,4.25645,2,4,2,8390176
tiledb,node,256,0,cold,window_256,8192,,,2048,2,8.468017971608788,18231296,18231296,18231296,0.032457927,32768,1024,,0.03125,,32.0,,,,,,4,8,273351168,14549225472,0.185697,0.0,0.0,0.00789,0.0,0.0002,0.0,0.0,0.0,0.0,0.0,0.0,0.0,0.0,0.0,8.123813,0.061499,0,0,0,0,0,0,0,0.0,0.0,0.0,0.0,0.0,0.0,0.0,0,0,0,0
tiledb,node,256,0,cold,window_256,8192,,,2048,3,10.285369004122913,18194432,18194432,18194432,0.045364727,32768,1024,,0.03125,,32.0,,,,,,4,8,273351168,14549356544,0.162897,0.087159,0.029909,0.00844,0.00699,5.241548,0.00494,0.0,0.0,0.029429,0.00229,4.258114,0.0,0.087528,0.105469,4.360381,0.075169,16384,512,2,1,4096,4194304,4194304,0.189727,0.106309,0.239356,3.1915099999999996,0.61976,0.07611899999999999,4.2399,2,4,2,8390176
tiledb,node,256,0,cold,window_256,8192,,,2048,4,9.296325035393238,18440192,18440192,18440192,0.037567962,32768,1024,,0.03125,,32.0,,,,,,4,8,273351168,14549213184,0.175978,0.088099,0.02684,0.00828,0.006609,4.559479,0.00114,0.0,0.0,0.02577,0.0017,3.975288,0.0,0.051249,0.053469,4.148405,0.065929,8192,256,1,1,2048,2097152,2097152,0.090648,0.047509,0.137978,3.34164,0.325095,0.078559,3.9581299999999997,1,2,1,4195088
tiledb,node,256,0,cold,window_256,8192,,,2048,5,10.471405985299498,18182144,18182144,18182144,0.040429778,32768,1024,,0.03125,,32.0,,,,,,4,8,273351168,14549213184,0.176987,0.087448,0.02902,0.00849,0.00712,5.288257,0.00145,0.0,0.0,0.025189,0.0024,4.299353,0.0,0.088179,0.104768,4.49461,0.073228,16384,512,2,1,4096,4194304,4194304,0.191447,0.109769,0.224327,3.27897,0.569671,0.085538,4.28303,2,4,2,8390176
tiledb,node,256,0,cold,window_256,8192,,,2048,6,10.712083021644503,18440192,18440192,18440192,0.047357152,32768,1024,,0.03125,,32.0,,,,,,4,8,342884864,14549344256,0.184797,0.087899,0.026799,0.00836,0.00714,4.959092,0.00147,0.0,0.0,0.02484,0.00174,4.309052,0.0,0.059739,0.05522,5.15028,0.060389,8192,256,1,1,2048,2097152,2097152,0.090199,0.047719000000000004,0.143658,3.62591,0.314875,0.082858,4.29207,1,2,1,4195088
tiledb,node,256,0,cold,window_256,8192,,,2048,7,12.973587028682232,18395136,18395136,18395136,0.056460336,32768,1024,,0.03125,,32.0,,,,,,4,8,342884864,14549323776,0.341615,0.075029,0.027319,0.00849,0.00713,6.499558,0.0019,0.0,0.0,0.02622,0.002679,4.930113,0.0,0.124678,0.150918,5.547703,0.072219,24576,768,3,1,6144,6291456,6291456,0.293226,0.16781700000000002,0.328665,3.55361,0.761738,0.119728,4.912640000000001,3,6,3,12585264
tiledb,node,256,0,cold,window_256,8192,,,2048,8,9.352874010801315,18112512,18112512,18112512,0.04131092,32768,1024,,0.03125,,32.0,,,,,,4,8,273351168,14549188608,0.165107,0.087319,0.026689,0.00874,0.00729,5.129,0.0051,0.0,0.0,0.028099,0.00233,4.120146,0.0,0.087708,0.105169,3.544304,0.072979,16384,512,2,1,4096,4194304,4194304,0.164768,0.102068,0.206257,3.06459,0.580081,0.115918,4.10325,2,4,2,8390176
tiledb,node,256,0,cold,window_256,8192,,,2048,9,8.309179975185543,18272256,18272256,18272256,0.034521304,32768,1024,,0.03125,,32.0,,,,,,4,8,203817472,14549037056,0.207077,0.087029,0.02615,0.00847,0.006649,4.350452,0.00212,0.0,0.0,0.024390000000000002,0.0018,3.636723,0.0,0.0506,0.060449,3.331287,0.068159,8192,256,1,1,2048,2097152,2097152,0.069939,0.03375,0.101288,2.96144,0.346054,0.117018,3.6198200000000003,1,2,1,4195088
tiledb,node,256,0,cold,window_256,65536,,,2048,0,43.45714004011825,18149376,18149376,18149376,0.181977121,262144,1024,,0.00390625,,256.0,,,,,,4,8,3241640960,14550528000,0.201767,0.0,0.0,0.008049,0.0,0.00015,0.0,0.0,0.0,0.0,0.0,0.0,0.0,0.0,0.0,42.385258,0.780797,0,0,0,0,0,0,0,0.0,0.0,0.0,0.0,0.0,0.0,0.0,0,0,0,0
tiledb,node,256,0,cold,window_256,65536,,,2048,1,35.019192029722035,18145280,18145280,18145280,0.127024996,262144,1024,,0.00390625,,256.0,,,,,,4,8,2157445632,14551527424,0.184857,0.077779,0.027969,0.0084,0.00695,4.120035,0.00153,0.0,0.0,0.026189,0.00197,3.515915,0.0,0.05073,0.378154,29.273882,0.771258,65536,256,1,1,2048,2097152,2097152,0.085019,0.03592,0.12790800000000002,2.89955,0.277216,0.071359,3.49804,1,2,1,4195088
tiledb,node,256,0,cold,window_256,65536,,,2048,2,42.30708803515881,18485248,18485248,18485248,0.13830062199999998,262144,1024,,0.00390625,,256.0,,,,,,4,8,2157445632,14551506944,0.193487,0.084508,0.0296,0.00853,0.00816,5.218338,0.005679,0.0,0.0,0.0253,0.00246,4.195684,0.0,0.086849,0.773838,35.011003,0.771608,131072,512,2,1,4096,4194304,4194304,0.222886,0.125957,0.270976,3.10384,0.536272,0.145428,4.17735,2,4,2,8390176
tiledb,node,256,0,cold,window_256,65536,,,2048,3,41.08885797904804,18444288,18444288,18444288,0.145830382,262144,1024,,0.00390625,,256.0,,,,,,4,8,2157445632,14551506944,0.198837,0.090139,0.029269,0.00823,0.0065,5.273957,0.00148,0.0,0.0,0.02547,0.002339,4.065027,0.0,0.087459,0.773748,33.728612,0.776248,131072,512,2,1,4096,4194304,4194304,0.13977799999999999,0.073049,0.179127,3.0416100000000004,0.6095010000000001,0.10822799999999999,4.04729,2,4,2,8390176
tiledb,node,256,0,cold,window_256,65536,,,2048,4,36.702655954286456,18350080,18350080,18350080,0.14860501199999998,262144,1024,,0.00390625,,256.0,,,,,,4,8,2157445632,14552555520,0.169167,0.0,0.0,0.00761,0.0,0.00019,0.0,0.0,0.0,0.0,0.0,0.0,0.0,0.0,0.0,35.637513,0.776437,0,0,0,0,0,0,0,0.0,0.0,0.0,0.0,0.0,0.0,0.0,0,0,0,0
tiledb,node,256,0,cold,window_256,65536,,,2048,5,31.59701602999121,18415616,18415616,18415616,0.115117264,262144,1024,,0.00390625,,256.0,,,,,,4,8,2157445632,14551486464,0.179267,0.075658,0.0271,0.00852,0.00512,3.535604,0.00111,0.0,0.0,0.026379,0.00183,2.997903,0.0,0.05046,0.378654,26.443436,0.777208,65536,256,1,1,2048,2097152,2097152,0.02957,0.006229999999999999,0.06920899999999999,2.47463,0.281476,0.06441899999999999,2.9810700000000003,1,2,1,4195088
tiledb,node,256,0,cold,window_256,65536,,,2048,6,42.87981998641044,18161664,18161664,18161664,0.132591854,262144,1024,,0.00390625,,256.0,,,,,,4,8,2157445632,14551474176,0.184987,0.086219,0.029229,0.00848,0.00766,5.216138,0.00481,0.0,0.0,0.026699,0.00238,4.018157,0.0,0.085239,0.774818,35.586533,0.776648,131072,512,2,1,4096,4194304,4194304,0.126288,0.046359000000000004,0.17236700000000002,3.11483,0.490652,0.097389,4.00019,2,4,2,8390176
tiledb,node,256,0,cold,window_256,65536,,,2048,7,43.45027997624129,18403328,18403328,18403328,0.143919537,262144,1024,,0.00390625,,256.0,,,,,,4,8,2157445632,14551461888,0.197077,0.084169,0.0306,0.008529,0.00716,5.730701,0.00656,0.0,0.0,0.033800000000000004,0.00322,4.711076,0.0,0.089458,0.779208,35.640833,0.774678,131072,512,2,1,4096,4194304,4194304,0.15920800000000002,0.082929,0.196547,3.5510099999999998,0.700159,0.10517800000000001,4.68817,2,4,2,8390176
tiledb,node,256,0,cold,window_256,65536,,,2048,8,29.864564014133066,18145280,18145280,18145280,0.123089674,262144,1024,,0.00390625,,256.0,,,,,,4,8,2157445632,14551445504,0.369525,0.077219,0.02965,0.00888,0.00711,3.994887,0.001019,0.0,0.0,0.02643,0.00195,3.443876,0.0,0.050899,0.380964,24.064404,0.761178,65536,256,1,1,2048,2097152,2097152,0.07410900000000001,0.047939999999999997,0.10822799999999999,2.8392399999999998,0.28860600000000003,0.087708,3.4196500000000003,1,2,1,4195088
tiledb,node,256,0,cold,window_256,65536,,,2048,9,30.755089013837278,18137088,18137088,18137088,0.131578767,262144,1024,,0.00390625,,256.0,,,,,,4,8,2157445632,14552494080,0.160918,0.0,0.0,0.00791,0.0,0.00022,0.0,0.0,0.0,0.0,0.0,0.0,0.0,0.0,0.0,29.708126,0.777127,0,0,0,0,0,0,0,0.0,0.0,0.0,0.0,0.0,0.0,0.0,0,0,0,0
tiledb,node,256,0,cold,window_4096,1024,,,2048,0,44.962056970689446,144285696,144285696,144285696,0.253436447,4096,3596,,0.8779296875,,1.139043381535039,,,,,,2785,68,48431616,14556803072,0.205957,0.032749,0.03718,0.01022,0.007799,37.317707,0.00714,0.0,0.0,0.07517,0.090558,31.32418,0.0,0.175567,0.045659,6.872812,0.01579,1024,893,692,1,7144,7315456,7315456,1.0611799999999998,0.39199599999999996,1.28697,27.3111,2.28091,0.158138,31.266000000000002,692,17,1,35658248
tiledb,node,256,0,cold,window_4096,1024,,,2048,1,44.93427800480276,144375808,144375808,144375808,0.292085995,4096,3616,,0.8828125,,1.1327433628318584,,,,,,2840,68,48620032,14554222592,0.109928,0.034749,0.045989,0.01013,0.00709,43.410351,0.0163,0.0,0.0,0.135368,0.238336,32.734038,0.0,0.310195,0.054469,0.63739,0.01894,2048,1828,1424,1,14624,14974976,14974976,1.52602,0.5327500000000001,1.92843,25.656200000000002,4.411779999999999,0.24994600000000003,32.637100000000004,1424,34,2,71316496
tiledb,node,256,0,cold,window_4096,1024,,,2048,2,45.32156098866835,144384000,144384000,144384000,0.29080689,4096,3608,,0.880859375,,1.1352549889135255,,,,,,2822,68,48423424,14554886144,0.210297,0.03101,0.033739,0.00898,0.00508,37.289497,0.00297,0.0,0.0,0.076038,0.099759,31.404919,0.0,0.145058,0.028649,7.428164,0.01438,1024,896,732,1,7168,7340032,7340032,1.04992,0.450802,1.292,27.1589,2.52085,0.145998,31.352400000000003,732,17,1,35658248
tiledb,node,256,0,cold,window_4096,1024,,,2048,3,43.04751701420173,141914112,141914112,141914112,0.253635441,4096,3621,,0.884033203125,,1.1311792322562828,,,,,,2839,67,48456192,14553944064,0.113138,0.033249,0.03987,0.00851,0.007339,41.659509,0.00325,0.0,0.0,0.155938,0.180127,32.562181,0.0,0.283836,0.040029,0.61043,0.01795,2048,1808,1414,1,14464,14811136,14811136,1.3822,0.579791,1.84803,25.5062,4.4547,0.316425,32.4878,1414,34,2,71316496
tiledb,node,256,0,cold,window_4096,1024,,,2048,4,48.63999004010111,142008320,142008320,142008320,0.263085212,4096,3607,,0.880615234375,,1.1355697255336845,,,,,,2841,67,64315904,14554767360,0.109898,0.0,0.0,0.0088,0.0,0.00081,0.0,0.0,0.0,0.0,0.0,0.0,0.0,0.0,0.0,48.242576,0.032929,0,0,0,0,0,0,0,0.0,0.0,0.0,0.0,0.0,0.0,0.0,0,0,0,0
tiledb,node,256,0,cold,window_4096,1024,,,2048,5,43.48411998944357,144187392,144187392,144187392,0.297995455,4096,3641,,0.888916015625,,1.1249656687723153,,,,,,2810,68,48652800,14554664960,0.113328,0.034489,0.03925,0.00976,0.007059,42.125932,0.00903,0.0,0.0,0.098279,0.207326,33.115063,0.0,0.280435,0.0345,0.60039,0.017,2048,1809,1397,1,14472,14819328,14819328,1.5591599999999999,0.625799,1.9800299999999997,26.0209,4.25784,0.402884,33.0439,1397,34,2,71316496
tiledb,node,256,0,cold,window_4096,1024,,,2048,6,44.92629796732217,144175104,144175104,144175104,0.288817688,4096,3622,,0.88427734375,,1.1308669243511873,,,,,,2835,68,48521728,14554468352,0.179117,0.03348,0.039269,0.00898,0.00744,43.575078,0.01057,0.0,0.0,0.14107799999999998,0.204517,34.395382,0.0,0.280576,0.035079,0.595661,0.01647,2048,1816,1415,1,14528,14876672,14876672,1.54817,0.5921109999999999,1.96947,27.169900000000002,4.5449399999999995,0.256166,34.3096,1415,34,2,71316496
tiledb,node,256,0,cold,window_4096,1024,,,2048,7,49.01292402064428,144363520,144363520,144363520,0.269774358,4096,3640,,0.888671875,,1.1252747252747253,,,,,,2834,68,64422400,14555418624,0.115568,0.033479,0.04049,0.00952,0.00766,30.871917,0.007809,0.0,0.0,0.08283,0.092968,26.961078,0.0,0.162967,0.03946,17.433367,0.01803,1024,912,704,1,7296,7471104,7471104,1.05833,0.480811,1.31632,22.965300000000003,2.22843,0.174368,26.9146,704,17,1,35658248
tiledb,node,256,0,cold,window_4096,1024,,,2048,8,36.84654401149601,142344192,142344192,142344192,0.206157274,4096,3636,,0.8876953125,,1.1265126512651265,,,,,,2812,67,32776704,14552952832,0.168867,0.033459,0.04224,0.008939,0.00641,36.064896,0.00934,0.0,0.0,0.106799,0.109358,30.04731,0.0,0.152818,0.03304,0.158818,0.01581,1024,923,720,1,7384,7561216,7561216,1.12819,0.434143,1.38735,25.2833,2.8744199999999998,0.185217,29.9786,720,17,1,35658248
tiledb,node,256,0,cold,window_4096,1024,,,2048,9,42.19285998260602,142176256,142176256,142176256,0.24361893899999998,4096,3644,,0.8896484375,,1.12403951701427,,,,,,2842,67,48644608,14553669632,0.157648,0.03256,0.032779,0.00897,0.00725,40.882231,0.00908,0.0,0.0,0.088978,0.174098,32.889516,0.0,0.281666,0.033179,0.589951,0.016339,2048,1831,1424,1,14648,14999552,14999552,1.38813,0.5653210000000001,1.81586,26.4648,3.93648,0.229267,32.8174,1424,34,2,71316496
tiledb,node,256,0,cold,window_4096,8192,,,2048,0,45.296572032384574,144330752,144330752,144330752,0.23197454,32768,14167,,0.432342529296875,,2.3129808710383286,,,,,,1951,68,327393792,14553575424,0.297925,0.088579,0.031429,0.00976,0.00847,40.568466,0.00821,0.0,0.0,0.067339,0.129968,32.429332,0.0,1.035373,0.140518,2.898225,0.075838,16384,7109,956,1,56872,58236928,58236928,1.0882699999999998,0.49288299999999996,1.4356900000000001,25.568299999999997,3.97097,1.0260099999999999,32.3773,956,34,2,71316496
tiledb,node,256,0,cold,window_4096,8192,,,2048,1,45.33127095783129,144355328,144355328,144355328,0.24400907,32768,14213,,0.433746337890625,,2.3054949693942164,,,,,,1879,68,327352832,14553124864,0.195847,0.091589,0.036859,0.01017,0.0077,40.410098,0.030299,0.0,0.0,0.099239,0.127838,31.607945,0.0,1.052904,0.151307,2.998263,0.078039,16384,7104,949,1,56832,58195968,58195968,1.21715,0.529872,1.52706,24.353199999999998,4.39754,0.906246,31.553400000000003,949,34,2,71316496
tiledb,node,256,0,cold,window_4096,8192,,,2048,2,49.20210101408884,144404480,144404480,144404480,0.281681146,32768,14204,,0.4334716796875,,2.3069557871022246,,,,,,1906,68,327262720,14553751552,0.270805,0.091409,0.036099,0.00888,0.00778,42.893449,0.029129,0.0,0.0,0.09367900000000001,0.126938,33.90063,0.0,1.038724,0.143458,4.4772,0.076218,16384,7093,953,1,56744,58105856,58105856,1.16153,0.504721,1.5079200000000001,26.8644,4.29649,0.839047,33.839,953,34,2,71316496
tiledb,node,256,0,cold,window_4096,8192,,,2048,3,48.51543199038133,144158720,144158720,144158720,0.307492922,32768,14142,,0.43157958984375,,2.317069721397256,,,,,,1925,68,326828544,14553202688,0.193517,0.090179,0.035129,0.00957,0.00857,42.18067,0.024479,0.0,0.0,0.087399,0.126108,33.284079,0.0,1.026034,0.136778,4.559479,0.075968,16384,7040,985,1,56320,57671680,57671680,1.1668399999999999,0.454242,1.53273,26.2726,4.2571900000000005,0.803268,33.232200000000006,985,34,3,71316496
tiledb,node,256,0,cold,window_4096,8192,,,2048,4,44.9300580075942,144322560,144322560,144322560,0.25795499,32768,14161,,0.432159423828125,,2.3139608784690346,,,,,,1941,68,326943232,14553165824,0.258066,0.0,0.0,0.00865,0.0,0.0003,0.0,0.0,0.0,0.0,0.0,0.0,0.0,0.0,0.0,44.446135,0.068279,0,0,0,0,0,0,0,0.0,0.0,0.0,0.0,0.0,0.0,0.0,0,0,0,0
tiledb,node,256,0,cold,window_4096,8192,,,2048,5,40.248231031000614,144179200,144179200,144179200,0.260418028,32768,14159,,0.432098388671875,,2.3142877321844764,,,,,,1930,68,230916608,14552342528,0.239317,0.090399,0.032999,0.00929,0.00577,35.000483,0.00488,0.0,0.0,0.065299,0.063829,27.612928,0.0,0.555671,0.088599,3.86114,0.074818,8192,3564,467,1,28512,29196288,29196288,0.918426,0.40974499999999997,1.10273,23.4486,2.23857,0.48637199999999997,27.545900000000003,467,17,1,35658248
tiledb,node,256,0,cold,window_4096,8192,,,2048,6,56.59908504458144,144400384,144400384,144400384,0.323222815,32768,14144,,0.431640625,,2.316742081447964,,,,,,1913,68,423600640,14553919488,0.256626,0.075718,0.03325,0.0091,0.00879,48.669339,0.039879,0.0,0.0,0.082209,0.184627,36.217733,0.0,1.540966,0.210647,5.570913,0.073789,24576,10621,1426,1,84968,87007232,87007232,1.6245,0.71537,2.08991,26.7043,5.19898,1.70076,36.1394,1426,51,3,106974744
tiledb,node,256,0,cold,window_4096,8192,,,2048,7,39.86402601003647,144048128,144048128,144048128,0.208685674,32768,14119,,0.430877685546875,,2.3208442524258093,,,,,,1959,68,230793728,14552453120,0.195527,0.091949,0.036059,0.01113,0.00767,35.973137,0.029809,0.0,0.0,0.11523900000000001,0.087868,29.908192,0.0,0.537332,0.079909,2.58734,0.074259,8192,3547,483,1,28376,29057024,29057024,0.884316,0.381476,1.07985,25.6495,2.3195099999999997,0.500902,29.8555,483,17,1,35658248
tiledb,node,256,0,cold,window_4096,8192,,,2048,8,43.589808978140354,144093184,144093184,144093184,0.252011796,32768,14169,,0.432403564453125,,2.312654386336368,,,,,,1899,68,327098880,14553145344,0.571031,0.0,0.0,0.013859,0.0,0.0004,0.0,0.0,0.0,0.0,0.0,0.0,0.0,0.0,0.0,42.782561,0.067799,0,0,0,0,0,0,0,0.0,0.0,0.0,0.0,0.0,0.0,0.0,0,0,0,0
tiledb,node,256,0,cold,window_4096,8192,,,2048,9,48.921865003649145,144154624,144154624,144154624,0.324173875,32768,14168,,0.432373046875,,2.312817617165443,,,,,,1908,68,327188992,14553165824,0.803477,0.089469,0.034489,0.00881,0.00709,33.088752,0.00683,0.0,0.0,0.063479,0.065409,29.328351,0.0,0.526702,0.071799,14.05674,0.073779,8192,3539,490,1,28312,28991488,28991488,0.796298,0.342434,0.987225,24.682,2.31101,1.0626900000000001,29.288899999999998,490,17,1,35658248
tiledb,node,256,0,cold,window_4096,65536,,,2048,0,81.001752987504,144273408,144273408,144273408,0.418555925,262144,16384,,0.0625,,16.0,,,,,,4,68,2220360192,14551437312,0.305516,0.087619,0.035949,0.01205,0.0088,42.412077,0.03433,0.0,0.0,0.05334,0.00693,31.97185,0.0,1.218571,0.874366,34.959383,0.776878,131072,8192,2,1,65536,67108864,67108864,0.167737,0.086749,0.218507,26.3482,4.07042,1.0187300000000001,31.9454,2,34,2,71316496
tiledb,node,256,0,cold,window_4096,65536,,,2048,1,63.97418898995966,144326656,144326656,144326656,0.322898191,262144,16384,,0.0625,,16.0,,,,,,4,68,1647313408,14551117824,0.238076,0.079949,0.041629,0.00942,0.00759,34.120946,0.00527,0.0,0.0,0.069378,0.00718,29.295722,0.0,0.626,0.436084,27.389522,0.779218,65536,4096,1,1,32768,33554432,33554432,0.070579,0.03554,0.114278,25.265800000000002,2.79052,0.814727,29.2636,1,17,1,35658248
tiledb,node,256,0,cold,window_4096,65536,,,2048,2,77.34205102315173,144162816,144162816,144162816,0.363396191,262144,16384,,0.0625,,16.0,,,,,,4,68,2220360192,14552371200,0.383784,0.086839,0.034049,0.00881,0.00857,39.181337,0.02958,0.0,0.0,0.056889,0.00681,31.104483,0.0,1.203382,0.871896,34.585869,0.773958,131072,8192,2,1,65536,67108864,67108864,0.196647,0.085259,0.24583599999999997,25.859099999999998,3.90834,0.799247,31.0759,2,34,2,71316496
tiledb,node,256,0,cold,window_4096,65536,,,2048,3,68.08229500893503,144494592,144494592,144494592,0.328980864,262144,16384,,0.0625,,16.0,,,,,,4,68,2220360192,14552494080,0.323525,0.078718,0.03137,0.00881,0.0056,30.492783,0.00543,0.0,0.0,0.044859,0.00475,26.286379,0.0,0.63506,0.446973,35.001263,0.779078,65536,4096,1,1,32768,33554432,33554432,0.063089,0.034479,0.11853899999999999,22.7362,2.1887,0.962895,26.2602,1,17,1,35658248
tiledb,node,256,0,cold,window_4096,65536,,,2048,4,80.23795502958819,144433152,144433152,144433152,0.354266853,262144,16384,,0.0625,,16.0,,,,,,4,68,2220360192,14552379392,0.301995,0.086579,0.038319,0.00942,0.00833,41.022148,0.00835,0.0,0.0,0.069478,0.00826,31.598166,0.0,1.215751,0.883097,35.591913,0.779648,131072,8192,2,1,65536,67108864,67108864,0.222687,0.127268,0.28027599999999997,24.5289,5.60261,0.8510669999999999,31.5652,2,34,2,71316496
tiledb,node,256,0,cold,window_4096,65536,,,2048,5,78.65866099018604,144429056,144429056,144429056,0.36102938500000004,262144,16384,,0.0625,,16.0,,,,,,4,68,2220360192,14552350720,0.246086,0.086369,0.038839,0.00894,0.00869,39.64545,0.00863,0.0,0.0,0.068668,0.00755,30.826218,0.0,1.199741,0.867887,35.526315,0.780258,131072,8192,2,1,65536,67108864,67108864,0.213717,0.112568,0.269426,24.1317,5.19188,0.901746,30.7939,2,34,2,71316496
tiledb,node,256,0,cold,window_4096,65536,,,2048,6,80.37247299216688,144187392,144187392,144187392,0.364137595,262144,16384,,0.0625,,16.0,,,,,,4,68,2220360192,14552367104,0.307015,0.086558,0.03872,0.0089,0.00863,41.910454,0.029829,0.0,0.0,0.06805900000000001,0.00834,32.144897,0.0,1.215681,0.879976,34.832925,0.776638,131072,8192,2,1,65536,67108864,67108864,0.188247,0.090998,0.254066,24.613300000000002,5.84149,1.11496,32.113099999999996,2,34,2,71316496
tiledb,node,256,0,cold,window_4096,65536,,,2048,7,79.03302402701229,144277504,144277504,144277504,0.36367486,262144,16384,,0.0625,,16.0,,,,,,4,68,2220360192,14552334336,0.260426,0.087369,0.035709,0.00949,0.00888,39.994654,0.030549,0.0,0.0,0.063819,0.00822,31.524177,0.0,1.190862,0.863176,35.630313,0.775468,131072,8192,2,1,65536,67108864,67108864,0.197267,0.100469,0.251676,26.0187,4.15611,0.7997669999999999,31.4959,2,34,2,71316496
tiledb,node,256,0,cold,window_4096,65536,,,2048,8,69.46101400535554,144306176,144306176,144306176,0.29024479000000003,262144,16384,,0.0625,,16.0,,,,,,4,68,2220360192,14552330240,0.363654,0.079348,0.0337,0.00904,0.00741,32.395493,0.00508,0.0,0.0,0.053968999999999996,0.00569,28.565573,0.0,0.60865,0.434544,34.56568,0.774338,65536,4096,1,1,32768,33554432,33554432,0.090599,0.054019,0.136978,25.0224,2.6097300000000003,0.547071,28.5399,1,17,1,35658248
tiledb,node,256,0,cold,window_4096,65536,,,2048,9,81.45995601080358,144228352,144228352,144228352,0.39461147399999996,262144,16384,,0.0625,,16.0,,,,,,4,68,2220360192,14552354816,0.759728,0.086719,0.039139,0.01032,0.00832,42.448006,0.03558,0.0,0.0,0.084199,0.00867,32.802107,0.0,1.214461,0.885696,34.943163,0.779798,131072,8192,2,1,65536,67108864,67108864,0.25570600000000004,0.144107,0.311026,25.898999999999997,5.21454,1.00723,32.7631,2,34,2,71316496
tiledb,node,256,0,cold,window_65536,1024,,,2048,0,471.8383620493114,2125955072,2125955072,2125955072,3.364875486,4096,4062,,0.99169921875,,1.0083702609551946,,,,,,4010,1007,50315776,14556024832,0.231817,0.0353,0.042029,0.01242,0.00767,470.02831,0.00364,0.0,0.0,0.123809,0.273125,387.685267,0.0,0.339045,0.056809,0.64141,0.01789,2048,2035,2010,1,16280,16670720,16670720,1.668,0.710657,2.35373,361.987,47.782199999999996,0.415333,387.593,2010,503,16,1059259720
tiledb,node,256,0,cold,window_65536,1024,,,2048,1,480.8528400026262,2138767360,2138767360,2138767360,3.330452239,4096,4056,,0.990234375,,1.009861932938856,,,,,,3995,1012,50274816,14557073408,0.175198,0.0,0.0,0.00885,0.0,0.00082,0.0,0.0,0.0,0.0,0.0,0.0,0.0,0.0,0.0,480.310899,0.04437,0,0,0,0,0,0,0,0.0,0.0,0.0,0.0,0.0,0.0,0.0,0,0,0,0
tiledb,node,256,0,cold,window_65536,1024,,,2048,2,474.1889950237237,2140647424,2140647424,2140647424,2.960811,4096,4066,,0.99267578125,,1.0073782587309394,,,,,,4000,1016,67060224,14558216192,0.286556,0.0,0.0,0.008999,0.0,0.00106,0.0,0.0,0.0,0.0,0.0,0.0,0.0,0.0,0.0,473.506716,0.058089,0,0,0,0,0,0,0,0.0,0.0,0.0,0.0,0.0,0.0,0.0,0,0,0,0
tiledb,node,256,0,cold,window_65536,1024,,,2048,3,442.5018099718727,1952907264,1952907264,1952907264,2.971051984,4096,4061,,0.991455078125,,1.0086185668554544,,,,,,4014,1004,50274816,14558130176,0.290785,0.033439,0.04011,0.009539,0.007,430.338781,0.01233,0.0,0.0,0.137318,0.236976,354.132482,0.0,0.336665,0.055939,11.043617,0.01888,2048,2024,1992,1,16192,16580608,16580608,1.46796,0.561062,2.00264,315.20500000000004,37.273599999999995,0.40461400000000003,354.03299999999996,1992,425,11,897748832
tiledb,node,256,0,cold,window_65536,1024,,,2048,4,480.87107995525,2127781888,2127781888,2127781888,3.15519412,4096,4063,,0.991943359375,,1.008122077282796,,,,,,3989,1005,50332160,14557089792,0.270186,0.0,0.0,0.008569,0.0,0.00088,0.0,0.0,0.0,0.0,0.0,0.0,0.0,0.0,0.0,480.28122,0.048889,0,0,0,0,0,0,0,0.0,0.0,0.0,0.0,0.0,0.0,0.0,0,0,0,0
tiledb,node,256,0,cold,window_65536,1024,,,2048,5,481.9440739811398,2138374144,2138374144,2138374144,3.412126706,4096,4066,,0.99267578125,,1.0073782587309394,,,,,,3991,1014,50291200,14556889088,0.270116,0.03498,0.042269,0.01162,0.00739,480.150192,0.00284,0.0,0.0,0.15479700000000002,0.291796,398.118704,0.0,0.339374,0.052689,0.64024,0.018599,2048,2032,1997,1,16256,16646144,16646144,1.66357,0.75232,2.32206,368.616,53.9641,0.461462,398.03,1997,507,15,1065552352
tiledb,node,256,0,cold,window_65536,1024,,,2048,6,485.66019599093124,2140090368,2140090368,2140090368,3.369760578,4096,4064,,0.9921875,,1.0078740157480315,,,,,,3991,1011,50299392,14556045312,0.132627,0.0,0.0,0.0113,0.0,0.00139,0.0,0.0,0.0,0.0,0.0,0.0,0.0,0.0,0.0,485.079155,0.065199,0,0,0,0,0,0,0,0.0,0.0,0.0,0.0,0.0,0.0,0.0,0,0,0,0
tiledb,node,256,0,cold,window_65536,1024,,,2048,7,474.42341095302254,2123272192,2123272192,2123272192,3.256428543,4096,4069,,0.993408203125,,1.0066355369869746,,,,,,4004,1008,50332160,14555889664,0.309015,0.033449,0.040529,0.00941,0.00697,472.524041,0.00379,0.0,0.0,0.116588,0.265616,391.668056,0.0,0.430393,0.05496,0.66265,0.018699,2048,2037,2002,1,16296,16687104,16687104,1.66818,0.805676,2.27136,360.784,54.8367,0.376724,391.583,2002,503,18,1055064632
tiledb,node,256,0,cold,window_65536,1024,,,2048,8,473.8044510013424,2120491008,2120491008,2120491008,3.1799504570000003,4096,4062,,0.99169921875,,1.0083702609551946,,,,,,3989,1005,50274816,14555873280,0.177617,0.037859,0.040489,0.00995,0.00726,344.487453,0.00377,0.0,0.0,0.110818,0.132658,293.049218,0.0,0.195917,0.049209,128.455411,0.02112,1024,1017,999,1,8136,8331264,8331264,1.2901200000000002,0.531633,1.63342,265.64300000000003,24.2763,0.185467,292.979,999,250,8,526483544
tiledb,node,256,0,cold,window_65536,1024,,,2048,9,456.03582897456363,2128887808,2128887808,2128887808,3.202496947,4096,4073,,0.994384765625,,1.005646943285048,,,,,,4003,1012,67092992,14558240768,0.330965,0.095399,0.036039,0.00997,0.00711,453.887643,0.0161,0.0,0.0,0.16563699999999998,0.359694,363.612675,0.0,0.486942,0.065449,0.777518,0.01888,3072,3054,3000,1,24432,25018368,25018368,2.2058400000000002,0.8701180000000001,3.1899699999999998,346.175,62.797000000000004,0.526661,363.46299999999997,3000,760,22,1594133440
tiledb,node,256,0,cold,window_65536,8192,,,2048,0,459.8988579818979,1955889152,1955889152,1955889152,3.342093006,32768,30805,,0.940093994140625,,1.06372342152248,,,,,,27252,1028,395280896,14609301504,0.329365,0.0,0.0,0.016819,0.0,0.00114,0.0,0.0,0.0,0.0,0.0,0.0,0.0,0.0,0.0,459.085561,0.100279,0,0,0,0,0,0,0,0.0,0.0,0.0,0.0,0.0,0.0,0.0,0,0,0,0
tiledb,node,256,0,cold,window_65536,8192,,,2048,1,507.73498095804825,2157768704,2157768704,2157768704,3.641299878,32768,30786,,0.93951416015625,,1.0643799129474436,,,,,,27198,1028,395248128,14586863616,0.265676,0.093039,0.036179,0.00993,0.009,499.952422,0.01968,0.0,0.0,0.34728400000000004,1.474727,416.188552,0.0,2.262895,0.287415,4.400841,0.076879,16384,15392,13582,1,123136,126091264,126091264,4.47381,2.16288,7.7132,373.19,52.841499999999996,1.7035900000000002,415.892,13582,514,14,1078137616
tiledb,node,256,0,cold,window_65536,8192,,,2048,2,473.2806800166145,2157719552,2157719552,2157719552,3.157335032,32768,30757,,0.938629150390625,,1.06538348993725,,,,,,27096,1028,525681152,14596063232,0.268426,0.078638,0.03845,0.0103,0.01184,465.638438,0.0199,0.0,0.0,0.511842,2.048918,381.971287,0.0,3.364348,0.297325,3.134891,0.099339,24576,23082,20337,1,184656,189087744,189087744,10.0191,3.91607,15.2961,322.313,65.9251,2.80891,381.485,20337,771,21,1617206424
tiledb,node,256,0,cold,window_65536,8192,,,2048,3,504.36855299631134,2157768704,2157768704,2157768704,3.389876365,32768,30775,,0.939178466796875,,1.0647603574329814,,,,,,27218,1028,525812224,14612340736,0.432843,0.078899,0.038249,0.00922,0.0112,494.211322,0.019179,0.0,0.0,0.48003300000000004,2.133946,412.146535,0.0,3.367597,0.299735,5.595253,0.074319,24576,23098,20430,1,184784,189218816,189218816,10.2083,3.9305700000000003,15.2914,353.134,51.6016,3.4900700000000002,411.669,20430,771,21,1617206424
tiledb,node,256,0,cold,window_65536,8192,,,2048,4,509.90759703563526,2157711360,2157711360,2157711360,3.549036616,32768,30823,,0.940643310546875,,1.0631022288550758,,,,,,27323,1028,395461120,14610640896,0.59517,0.091499,0.035299,0.01012,0.00728,500.270387,0.055469,0.0,0.0,0.470982,1.518456,411.791331,0.0,2.262445,0.205466,6.021936,0.076288,16384,15405,13663,1,123240,126197760,126197760,5.20519,2.7551,8.4347,364.20599999999996,49.618700000000004,2.76836,411.371,13663,514,14,1078137616
tiledb,node,256,0,cold,window_65536,8192,,,2048,5,488.27738501131535,2157797376,2157797376,2157797376,3.305056045,32768,30803,,0.940032958984375,,1.0637924877447003,,,,,,27123,1028,525918720,14619320320,0.253196,0.078889,0.03484,0.009329,0.0099,478.225952,0.080219,0.0,0.0,0.525142,2.149497,395.432686,0.0,3.371657,0.298446,5.581543,0.075159,24576,23111,20368,1,184888,189325312,189325312,8.88118,3.80146,13.874600000000001,339.271,50.2434,3.29597,394.99899999999997,20368,771,21,1617206424
tiledb,node,256,0,cold,window_65536,8192,,,2048,6,489.1410709824413,2157903872,2157903872,2157903872,3.1584546589999998,32768,30827,,0.940765380859375,,1.0629642845557465,,,,,,27278,1028,525918720,14602235904,0.317345,0.093299,0.036519,0.00983,0.00604,265.005246,0.035539,0.0,0.0,0.235596,0.727929,212.150893,0.0,1.155222,0.115038,222.018308,0.069689,8192,7716,6798,1,61728,63209472,63209472,3.06458,1.19008,4.4842900000000006,176.82,29.0422,1.10608,211.914,6798,257,7,539068808
tiledb,node,256,0,cold,window_65536,8192,,,2048,7,494.24468202050775,2158063616,2158063616,2158063616,3.644936149,32768,30720,,0.9375,,1.0666666666666667,,,,,,27171,1028,395289088,14601818112,0.273646,0.094008,0.03662,0.010269,0.00953,486.399844,0.01629,0.0,0.0,0.39035400000000003,1.647964,404.462745,0.0,2.261565,0.203577,4.540579,0.075549,16384,15397,13609,1,123176,126132224,126132224,4.576110000000001,2.22944,7.87002,364.05,43.613600000000005,1.88069,404.13599999999997,13609,514,14,1078137616
tiledb,node,256,0,cold,window_65536,8192,,,2048,8,490.05276698153466,2157690880,2157690880,2157690880,3.618698303,32768,30797,,0.939849853515625,,1.0639997402344383,,,,,,27099,1028,395346432,14585835520,0.213416,0.0,0.0,0.01114,0.0,0.00089,0.0,0.0,0.0,0.0,0.0,0.0,0.0,0.0,0.0,489.402097,0.091198,0,0,0,0,0,0,0,0.0,0.0,0.0,0.0,0.0,0.0,0.0,0,0,0,0
tiledb,node,256,0,cold,window_65536,8192,,,2048,9,499.0830559981987,2158145536,2158145536,2158145536,3.539541094,32768,30842,,0.94122314453125,,1.0624473121068672,,,,,,27185,1028,395698688,14585720832,0.768338,0.093768,0.03607,0.010329,0.00961,490.811685,0.01883,0.0,0.0,0.345774,1.462317,406.144869,0.0,2.267825,0.232506,4.441831,0.076289,16384,15447,13599,1,123576,126541824,126541824,4.3145500000000006,2.15529,7.26059,366.336,48.4804,1.85891,405.842,13599,514,14,1078137616
tiledb,node,256,0,cold,window_65536,65536,,,2048,0,585.9173879725859,2157785088,2157785088,2157785088,4.178766786,262144,165856,,0.6326904296875,,1.580551803974532,,,,,,61164,1028,2833031680,14667485184,0.281565,0.091438,0.03918,0.01246,0.020919,534.071989,0.240247,0.0,0.0,0.745859,3.348187,438.875277,0.0,11.938383,1.28754,37.051091,0.776478,131072,82875,30552,1,663000,678912000,678912000,10.2066,4.6837,16.7055,362.06100000000004,48.3424,13.291300000000001,438.11699999999996,30552,514,14,1078137616
tiledb,node,256,0,cold,window_65536,65536,,,2048,1,556.6964549943805,2157613056,2157613056,2157613056,3.883983903,262144,165959,,0.6330833435058594,,1.579570857862484,,,,,,60814,1028,2833170944,14635143168,0.362495,0.091929,0.038929,0.00923,0.01856,506.266143,0.070229,0.0,0.0,0.66337,3.337848,416.636055,0.0,11.953513,1.365689,35.514005,0.777718,131072,82998,30457,1,663984,679919616,679919616,8.62265,4.8237000000000005,15.3765,350.435,48.556200000000004,9.77428,416.019,30457,514,14,1078137616
tiledb,node,256,0,cold,window_65536,65536,,,2048,2,558.7068739696406,2157719552,2157719552,2157719552,3.901212594,262144,165848,,0.632659912109375,,1.580628044956828,,,,,,60850,1028,2832728576,14635581440,0.271246,0.093258,0.03795,0.0118,0.02012,508.718635,0.066649,0.0,0.0,0.646289,3.373438,421.243643,0.0,11.926853,1.2866,35.21514,0.777988,131072,82817,30510,1,662536,678436864,678436864,8.63955,4.8798699999999995,15.395000000000001,354.753,42.7526,10.2767,420.632,30510,514,14,1078137616
tiledb,node,256,0,cold,window_65536,65536,,,2048,3,524.020716024097,2158120960,2158120960,2158120960,3.876547049,262144,166012,,0.6332855224609375,,1.5790665735007108,,,,,,60943,1028,1954931200,14616854528,0.238867,0.083919,0.03699,0.011869,0.01345,480.969409,0.03939,0.0,0.0,0.360565,1.568555,418.265129,0.0,5.999976,0.66504,34.866855,0.777178,65536,41458,15281,1,331664,339623936,339623936,4.6292599999999995,2.11708,7.3615,375.488,25.7242,6.31893,417.935,15281,257,7,539068808
tiledb,node,256,0,cold,window_65536,65536,,,2048,4,570.2464929781854,2157633536,2157633536,2157633536,4.044378094,262144,165653,,0.6319160461425781,,1.5824886962505962,,,,,,61016,1028,2831966720,14635646976,0.316285,0.090459,0.038589,0.01136,0.02045,520.175246,0.140818,0.0,0.0,0.69207,3.15744,429.813858,0.0,11.957713,1.28634,35.225399,0.778918,131072,82851,30470,1,662808,678715392,678715392,10.075000000000001,4.11192,16.9358,353.558,59.3187,10.750900000000001,428.902,30470,514,14,1078137616
tiledb,node,256,0,cold,window_65536,65536,,,2048,5,566.6205900488421,2157957120,2157957120,2157957120,3.964868139,262144,165510,,0.6313705444335938,,1.5838559603649327,,,,,,61220,1028,2831974912,14636040192,0.287745,0.090898,0.03803,0.01135,0.020999,517.288001,0.066689,0.0,0.0,0.66416,3.399596,427.104351,0.0,11.931344,1.28311,34.54442,0.779877,131072,82852,30543,1,662816,678723584,678723584,8.11217,4.17642,14.0329,352.92400000000004,59.1546,10.5931,426.481,30543,514,14,1078137616
tiledb,node,256,0,cold,window_65536,65536,,,2048,6,573.1354670133442,2157944832,2157944832,2157944832,3.94813134,262144,165794,,0.6324539184570312,,1.581142864036093,,,,,,61155,1028,2832728576,14636797952,0.257716,0.090168,0.03703,0.011569,0.0202,523.613952,0.269506,0.0,0.0,0.697809,3.270869,436.909818,0.0,11.945793,1.28596,34.720608,0.777377,131072,82920,30640,1,663360,679280640,679280640,11.911,4.7444999999999995,19.4009,362.356,51.911699999999996,9.70778,436.102,30640,514,14,1078137616
tiledb,node,256,0,cold,window_65536,65536,,,2048,7,579.4434489798732,2155659264,2155659264,2155659264,4.099089846,262144,165392,,0.63092041015625,,1.5849859727193576,,,,,,60775,1027,2832728576,14672904192,0.395064,0.089869,0.038329,0.0093,0.02058,529.579339,0.142918,0.0,0.0,0.67123,3.16497,433.638609,0.0,11.884434,1.28459,35.022572,0.783608,131072,82505,30426,1,660040,675880960,675880960,10.608899999999998,4.74451,17.7593,355.23900000000003,57.4383,11.1817,432.809,30426,513,14,1076040072
tiledb,node,256,0,cold,window_65536,65536,,,2048,8,533.425688976422,2157899776,2157899776,2157899776,3.526234667,262144,165709,,0.6321296691894531,,1.5819539071504867,,,,,,60901,1028,2832728576,14654320640,0.239587,0.082729,0.039569,0.01172,0.01294,376.348475,0.039329,0.0,0.0,0.363085,1.640574,318.377991,0.0,5.986586,0.64599,148.922452,0.781168,65536,41383,15227,1,331064,339009536,339009536,4.42529,2.11215,7.5289600000000005,274.964,30.587300000000003,5.55846,317.93399999999997,15227,257,8,539068808
tiledb,node,256,0,cold,window_65536,65536,,,2048,9,583.9763580006547,2157899776,2157899776,2157899776,4.030332571,262144,165707,,0.6321220397949219,,1.5819730005370927,,,,,,61063,1028,3711074816,14678192128,0.256066,0.095158,0.03726,0.011869,0.02591,518.233576,0.165747,0.0,0.0,1.098023,4.978312,423.40035,0.0,17.876731,1.90846,44.405406,0.778837,196608,124308,45789,1,994464,1018331136,1018331136,18.294600000000003,5.69395,27.815099999999997,308.149,66.9584,16.988400000000002,422.279,45789,771,21,1617206424
tiledb,node,256,0,warm,random,1024,,,2048,0,425.7021999801509,0,0,0,11.134648697,4096,4095,,0.999755859375,,1.0002442002442002,,,,,,4095,4062,33901568,14555881472,0.156978,0.697459,0.04432,0.013089,0.00752,423.834118,0.01288,0.0,0.0,0.117339,0.160987,294.968515,0.0,0.207917,0.051279,0.293836,0.018609,1042,1042,1041,1,8336,8536064,8536064,1.44981,0.574615,1.91313,241.619,121.472,0.47041299999999997,294.885,1041,1010,674,4111186240
tiledb,node,256,0,warm,random,1024,,,2048,1,412.6899749971926,0,0,0,11.286693524,4096,4096,,1.0,,1.0,,,,,,4096,4057,33836032,14556004352,0.125858,0.034429,0.04112,0.00933,0.007289,411.565453,0.00696,0.0,0.0,0.099219,0.146238,279.285001,0.0,0.201537,0.050649,0.285606,0.019169,1034,1034,1034,1,8272,8470528,8470528,1.43348,0.617448,1.8916499999999998,238.161,106.89500000000001,0.497522,279.22,1034,985,662,4153137120
tiledb,node,256,0,warm,random,1024,,,2048,2,425.47422304050997,0,0,0,11.470379579,4096,4095,,0.999755859375,,1.0002442002442002,,,,,,4095,4068,34245632,14555963392,0.120838,0.03385,0.041449,0.01021,0.00655,424.368629,0.015349,0.0,0.0,0.101709,0.153798,300.264195,0.0,0.203227,0.051469,0.282205,0.01898,1063,1063,1063,1,8504,8708096,8708096,1.62685,0.711959,2.1191299999999997,203.0,132.28,0.726898,300.196,1063,1028,690,4356598888
tiledb,node,256,0,warm,random,1024,,,2048,3,418.6714849784039,0,0,0,11.400895169,4096,4096,,1.0,,1.0,,,,,,4096,4067,33704960,14555893760,0.121678,0.033699,0.04208,0.00898,0.00726,417.568801,0.007879,0.0,0.0,0.108999,0.153298,295.716363,0.0,0.199777,0.04963,0.291486,0.018489,1030,1030,1028,1,8240,8437760,8437760,1.5739400000000001,0.7190960000000001,2.04319,208.201,137.55800000000002,0.708079,295.644,1028,1004,669,4218160984
tiledb,node,256,0,warm,random,1024,,,2048,4,409.5519529655576,0,0,0,10.767019362,4096,4096,,1.0,,1.0,,,,,,4096,4060,33934336,14555422720,0.153748,0.033839,0.04051,0.01031,0.006629,408.41173,0.00764,0.0,0.0,0.09892899999999999,0.146358,286.515852,0.0,0.203107,0.052079,0.291046,0.01858,1044,1044,1044,1,8352,8552448,8552448,1.68926,0.781148,2.15918,215.475,120.659,0.7735590000000001,286.45,1044,1017,682,4134259224
tiledb,node,256,0,warm,random,1024,,,2048,5,410.7042649993673,0,0,0,11.98243111,4096,4096,,1.0,,1.0,,,,,,4096,4071,34098176,14555389952,0.124768,0.033949,0.04104,0.010579,0.00683,409.583552,0.01012,0.0,0.0,0.104089,0.128938,280.486043,0.0,0.197637,0.051059,0.284805,0.01908,994,994,994,1,7952,8142848,8142848,1.25176,0.613789,1.7086,238.10999999999999,131.11800000000002,0.5034529999999999,280.422,994,965,655,3941285176
tiledb,node,256,0,warm,random,1024,,,2048,6,419.2667559836991,0,0,0,11.257295251,4096,4096,,1.0,,1.0,,,,,,4096,4062,34106368,14555316224,0.119439,0.03221,0.041749,0.0099,0.00654,418.164883,0.00708,0.0,0.0,0.104689,0.151147,293.632995,0.0,0.201207,0.059409,0.276976,0.01724,1040,1040,1040,1,8320,8519680,8519680,1.54704,0.686148,1.99729,229.328,119.99600000000001,0.619071,293.568,1040,1015,675,4132161680
tiledb,node,256,0,warm,random,1024,,,2048,7,414.7024449775927,0,0,0,10.882181382999999,4096,4096,,1.0,,1.0,,,,,,4095,4065,33999872,14555324416,0.119809,0.03367,0.041169,0.0107,0.00688,413.603811,0.00849,0.0,0.0,0.091168,0.159398,304.846127,0.0,0.205197,0.05034,0.282735,0.01883,1048,1048,1048,1,8384,8585216,8585216,1.67071,0.7892469999999999,2.1524,221.902,121.848,0.503883,304.786,1048,1014,679,4289477480
tiledb,node,256,0,warm,random,1024,,,2048,8,407.716529967729,0,0,0,11.503880602999999,4096,4096,,1.0,,1.0,,,,,,4096,4066,34343936,14555291648,0.467833,0.03364,0.042149,0.01032,0.00654,403.865068,0.015129,0.0,0.0,0.108789,0.141408,271.607026,0.0,0.199017,0.051489,2.69169,0.019059,1022,1022,1021,1,8176,8372224,8372224,1.3411199999999999,0.588022,1.78298,214.305,123.57300000000001,0.715078,271.538,1021,989,681,3846895696
tiledb,node,256,0,warm,random,1024,,,2048,9,412.65066602500156,0,0,0,10.779443098,4096,4096,,1.0,,1.0,,,,,,4096,4064,34393088,14555381760,0.131498,0.034329,0.0415,0.00991,0.00637,411.524732,0.007569,0.0,0.0,0.10169800000000001,0.159488,302.64877,0.0,0.207467,0.050169,0.289945,0.0163,1072,1072,1072,1,8576,8781824,8781824,1.59478,0.7345299999999999,2.09397,227.268,118.843,0.59862,302.584,1072,1044,690,4323038184
tiledb,node,256,0,warm,random,8192,,,2048,0,1297.6080510416068,0,0,0,54.996013194,32768,32755,,0.999603271484375,,1.0003968859716075,,,,,,32736,30786,269741056,14592458752,0.209566,0.093959,0.034679,0.01344,0.00932,1293.796247,0.0095,0.0,0.0,0.257077,0.930156,1183.370827,0.0,1.220202,0.117508,1.671625,0.072659,8140,8133,8121,1,65064,66625536,66625536,3.39777,1.64715,5.99116,960.646,812.1500000000001,7.2352,1183.16,8121,6448,1488,23706442288
tiledb,node,256,0,warm,random,8192,,,2048,1,1298.4354679938406,0,0,0,51.748996861,32768,32756,,0.9996337890625,,1.0003663450970814,,,,,,32741,30768,270448128,14589599744,0.222796,0.093669,0.036929,0.01083,0.00833,1294.622615,0.01201,0.0,0.0,0.239126,0.920476,1182.56634,0.0,1.238381,0.123708,1.659635,0.074499,8296,8285,8267,1,66280,67870720,67870720,3.8086499999999996,1.6943,6.47663,924.98,809.9849999999999,6.42642,1182.34,8267,6487,1487,23737905448
tiledb,node,256,0,warm,random,8192,,,2048,2,1295.9209849941544,0,0,0,55.280788439,32768,32755,,0.999603271484375,,1.0003968859716075,,,,,,32742,30831,270775808,14588514304,0.213637,0.092468,0.03647,0.011329,0.00969,1292.173062,0.03529,0.0,0.0,0.246176,0.941276,1174.523371,0.0,1.225072,0.181277,1.580206,0.075309,8314,8307,8289,1,66456,68050944,68050944,4.63606,2.07119,7.52724,945.361,832.153,6.947100000000001,1174.32,8289,6504,1492,23945562304
tiledb,node,256,0,warm,random,8192,,,2048,3,1316.5552549762651,0,0,0,54.025831948000004,32768,32764,,0.9998779296875,,1.0001220852154804,,,,,,32746,30786,270489088,14588686336,0.215667,0.094829,0.041529,0.00908,0.00814,1312.709033,0.00987,0.0,0.0,0.225526,0.913066,1179.083223,0.0,1.221892,0.197187,1.648745,0.074959,8166,8159,8147,1,65272,66838528,66838528,4.35192,2.21441,7.27001,919.48,719.187,7.05786,1178.8799999999999,8147,6431,1471,23729515272
tiledb,node,256,0,warm,random,8192,,,2048,4,1303.2781049842015,0,0,0,52.098549907,32768,32757,,0.999664306640625,,1.0003358060872485,,,,,,32746,30766,269593600,14588583936,0.288876,0.093109,0.036049,0.00988,0.00876,1299.441553,0.00905,0.0,0.0,0.229217,0.904696,1165.072563,0.0,1.218882,0.120818,1.655685,0.072419,8158,8151,8132,1,65208,66772992,66772992,3.3287899999999997,1.72303,5.94147,952.179,627.441,5.56876,1164.8799999999999,8132,6379,1475,23802929312
tiledb,node,256,0,warm,random,8192,,,2048,5,1297.0697880373336,0,0,0,51.361558693999996,32768,32755,,0.999603271484375,,1.0003968859716075,,,,,,32745,30774,269899264,14591795200,0.216597,0.093889,0.036339,0.01134,0.0081,1293.267695,0.011559,0.0,0.0,0.238267,0.924936,1168.468652,0.0,1.231662,0.123948,1.653335,0.072849,8263,8251,8234,1,66008,67592192,67592192,4.07101,1.55746,6.7383299999999995,942.9060000000001,784.072,6.8364899999999995,1168.24,8234,6500,1485,23993805816
tiledb,node,256,0,warm,random,8192,,,2048,6,1295.8032069727778,0,0,0,52.258407459,32768,32761,,0.999786376953125,,1.0002136686914318,,,,,,32749,30784,270751232,14588583936,0.214586,0.094419,0.037949,0.01015,0.00925,1292.029944,0.02968,0.0,0.0,0.295116,0.822368,1154.330974,0.0,1.217202,0.119558,1.653415,0.076809,8123,8113,8102,1,64904,66461696,66461696,3.84459,1.82443,6.5270399999999995,912.006,731.8489999999999,7.55672,1154.07,8102,6409,1484,23637223336
tiledb,node,256,0,warm,random,8192,,,2048,7,1302.218840981368,0,0,0,53.847043953,32768,32759,,0.999725341796875,,1.0002747336609787,,,,,,32739,30755,270063104,14589480960,0.245956,0.092188,0.03604,0.01036,0.00919,1298.393268,0.009099,0.0,0.0,0.238617,0.865867,1160.892706,0.0,1.221002,0.118218,1.678145,0.074639,8162,8157,8138,1,65256,66822144,66822144,3.14483,1.61131,5.82009,953.6179999999999,783.592,6.34438,1160.69,8138,6440,1482,23754685800
tiledb,node,256,0,warm,random,8192,,,2048,8,1295.3456349787302,0,0,0,53.065119912,32768,32760,,0.999755859375,,1.0002442002442002,,,,,,32742,30702,270235136,14589460480,0.209017,0.093718,0.0369,0.01006,0.00861,1291.556321,0.009279,0.0,0.0,0.23671599999999998,0.890587,1150.913416,0.0,1.228091,0.109489,1.670735,0.076619,8194,8189,8168,1,65512,67084288,67084288,3.0187,1.5913,5.53064,951.447,737.193,7.5544,1150.7,8168,6446,1483,23849075280
tiledb,node,256,0,warm,random,8192,,,2048,9,1303.4812320256606,0,0,0,54.649637672,32768,32763,,0.999847412109375,,1.0001526111772425,,,,,,32736,30890,270456320,14590910464,0.212936,0.094349,0.037469,0.01011,0.00853,1299.720858,0.00815,0.0,0.0,0.271806,0.821408,1164.767087,0.0,1.212642,0.116148,1.650566,0.074518,8101,8095,8080,1,64760,66314240,66314240,3.554,1.81383,6.163860000000001,964.905,720.1149999999999,7.3469,1164.51,8080,6418,1484,23826002296
tiledb,node,256,0,warm,random,65536,,,2048,0,2744.219570013229,0,0,0,69.572377002,262144,261627,,0.9980278015136719,,1.0019760957393542,,,,,,260583,165439,2151669248,14841286656,0.743789,0.085528,0.03933,0.01309,0.017419,2646.155585,0.05288,0.0,0.0,1.36411,6.910086,2523.464699,0.0,9.379709,0.787338,85.84908,0.766438,65566,65039,64061,1,520312,532799488,532799488,21.6352,14.322899999999999,39.3811,1103.5900000000001,947.234,25.958499999999997,2522.21,64061,16083,476,33852262616
tiledb,node,256,0,warm,random,65536,,,2048,1,2715.7719979877584,0,0,0,69.392420051,262144,261609,,0.9979591369628906,,1.0020450366768727,,,,,,260581,165709,2152676864,14841360384,0.822288,0.084618,0.03779,0.01115,0.016209,2691.233197,0.051749,0.0,0.0,1.3145399999999998,6.67226,2580.538471,0.0,9.421868,0.861897,12.162107,0.778218,65843,65333,64278,1,522664,535207936,535207936,17.4466,7.97803,33.508900000000004,1122.21,1022.26,24.9529,2579.2799999999997,64278,16081,486,33845969984
tiledb,node,256,0,warm,random,65536,,,2048,2,2728.7315830471925,0,0,0,68.519044322,262144,261642,,0.9980850219726562,,1.0019186522041568,,,,,,260678,165881,2151658496,14841679872,0.246167,0.086869,0.03765,0.011639,0.01574,2704.676565,0.053759,0.0,0.0,1.2836699999999999,6.128278,2594.032949,0.0,9.415328,0.861767,12.279615,0.776798,65833,65363,64336,1,522904,535453696,535453696,16.788500000000003,9.14175,33.8459,1147.37,987.86,28.278100000000002,2592.2999999999997,64336,16120,468,33896311040
tiledb,node,256,0,warm,random,65536,,,2048,3,2714.210032019764,0,0,0,69.75613118,262144,261637,,0.9980659484863281,,1.0019377993173748,,,,,,260688,165768,2154842112,14841974784,0.274656,0.084348,0.03853,0.01148,0.016319,2691.092549,0.05268,0.0,0.0,1.262151,6.557921,2575.844882,0.0,9.31814,0.765329,11.525577,0.775118,65238,64707,63683,1,517656,530079744,530079744,19.4335,11.748,39.0705,1167.77,928.044,26.5452,2574.6000000000004,63683,16089,477,33873238056
tiledb,node,256,0,warm,random,65536,,,2048,4,2738.3951080264524,0,0,0,70.070896505,262144,261619,,0.9979972839355469,,1.0020067349848443,,,,,,260580,165843,2150238720,14841430016,0.232426,0.084839,0.038539,0.01102,0.01702,2714.517297,0.054059,0.0,0.0,2.7359090000000004,7.003695,2615.413957,0.0,9.408098,0.864217,12.100608,0.782289,65791,65231,64238,1,521848,534372352,534372352,19.007900000000003,10.064,36.0812,1103.14,969.3739999999999,25.7022,2613.93,64238,16111,469,33904701216
tiledb,node,256,0,warm,random,65536,,,2048,5,2734.229610010516,0,0,0,69.449710756,262144,261647,,0.9981040954589844,,1.0018995058227307,,,,,,260634,165636,2148521472,14842523648,0.262127,0.090769,0.038059,0.01207,0.01674,2710.273991,0.050879,0.0,0.0,1.7610940000000002,6.736398,2612.424442,0.0,9.361499,0.781968,12.262126,0.774348,65438,64926,63897,1,519408,531873792,531873792,19.157400000000003,10.816799999999999,36.72389999999999,1167.68,961.82,26.6951,2610.69,63897,16110,457,33915188936
tiledb,node,256,0,warm,random,65536,,,2048,6,2718.6022649984807,0,0,0,68.58826239,262144,261607,,0.9979515075683594,,1.0020526973666606,,,,,,260609,165752,2150205952,14842413056,0.303555,0.084129,0.035569,0.01123,0.01737,2694.635105,0.052189,0.0,0.0,1.2717509999999999,6.67622,2597.406807,0.0,9.368099,0.860558,12.148497,0.780918,65505,64970,63982,1,519760,532234240,532234240,20.381,10.840499999999999,37.3577,1141.18,977.525,27.113100000000003,2596.15,63982,16109,477,33913091392
tiledb,node,256,0,warm,random,65536,,,2048,7,2711.358674976509,0,0,0,69.255983681,262144,261597,,0.9979133605957031,,1.0020910025726595,,,,,,260572,165807,2149556224,14844116992,0.339315,0.083959,0.038189,0.01149,0.01722,2687.332796,0.052829,0.0,0.0,1.29654,6.792468,2581.032414,0.0,9.393289,0.786758,12.228266,0.781539,65705,65148,64106,1,521184,533692416,533692416,20.4273,10.692200000000001,37.2629,1122.3799999999999,937.852,27.366999999999997,2579.7799999999997,64106,16076,486,33854360160
tiledb,node,256,0,warm,random,65536,,,2048,8,2689.321295998525,0,0,0,69.22270629900001,262144,261629,,0.9980354309082031,,1.0019684362207553,,,,,,260622,165795,2151527424,14842998784,0.308075,0.081799,0.035059,0.01156,0.01507,2665.271467,0.053509,0.0,0.0,1.3687200000000002,6.65846,2545.211733,0.0,9.428979,0.787238,12.253476,0.781398,65838,65342,64347,1,522736,535281664,535281664,19.7134,10.8658,37.339400000000005,1078.41,1017.0600000000001,24.585900000000002,2543.8900000000003,64347,16091,472,33885823320
tiledb,node,256,0,warm,random,65536,,,2048,9,2725.449073011987,0,0,0,69.94436594,262144,261633,,0.9980506896972656,,1.0019531175348675,,,,,,260582,166024,2150593536,14843006976,0.252306,0.086209,0.037539,0.01098,0.01698,2701.396044,0.051759,0.0,0.0,1.32886,6.640031,2602.225565,0.0,9.413948,0.870527,12.219727,0.784228,65796,65270,64292,1,522160,534691840,534691840,19.2667,10.79,35.951299999999996,1110.63,992.506,26.0202,2600.93,64292,16125,464,33927774200
tiledb,node,256,0,warm,window_256,1024,,,2048,0,5.758104030974209,0,0,0,0.032201289,4096,1002,,0.24462890625,,4.087824351297405,,,,,,25,8,48202240,14558642176,0.164587,0.032339,0.03354,0.00932,0.00695,2.076748,0.00165,0.0,0.0,0.040179,0.00436,1.514747,0.0,0.051989,0.02566,3.239871,0.01393,1024,254,3,1,2032,2080768,2080768,0.205686,0.091949,0.24450600000000003,0.780768,0.26312599999999997,0.09962800000000001,1.4934,3,2,1,4195088
tiledb,node,256,0,warm,window_256,1024,,,2048,1,3.913750988431275,0,0,0,0.024326109,4096,1009,,0.246337890625,,4.059464816650149,,,,,,18,8,37839360,14558515200,0.119608,0.032249,0.03273,0.008349,0.00633,2.326515,0.00189,0.0,0.0,0.04357,0.00543,1.650145,0.0,0.05288,0.025569,1.181592,0.01409,1024,251,5,1,2008,2056192,2056192,0.308106,0.147977,0.35818500000000003,0.809877,0.28344600000000003,0.072819,1.6275,5,2,1,4195088
tiledb,node,256,0,warm,window_256,1024,,,2048,2,3.2385310041718185,0,0,0,0.022889474,4096,1007,,0.245849609375,,4.067527308838133,,,,,,20,8,27288064,14558363648,0.119178,0.032369,0.03266,0.00831,0.00718,2.101018,0.00162,0.0,0.0,0.028549,0.00251,1.559657,0.0,0.048729,0.02519,0.720299,0.01407,1024,252,4,1,2016,2064384,2064384,0.221446,0.099229,0.26373599999999997,0.811508,0.28202499999999997,0.097819,1.54182,4,2,1,4195088
tiledb,node,256,0,warm,window_256,1024,,,2048,3,4.743769008200616,0,0,0,0.027735538,4096,1010,,0.24658203125,,4.0554455445544555,,,,,,18,8,37839360,14558347264,0.100279,0.032929,0.03317,0.008559,0.00742,3.728174,0.0056,0.0,0.0,0.034769999999999995,0.00435,2.801328,0.0,0.084739,0.02615,0.595681,0.013369,2048,505,9,1,4040,4136960,4136960,0.48068299999999997,0.234477,0.517993,1.54267,0.47762299999999996,0.118588,2.7837500000000004,9,4,2,8390176
tiledb,node,256,0,warm,window_256,1024,,,2048,4,3.89701098902151,0,0,0,0.023877998999999997,4096,1007,,0.245849609375,,4.067527308838133,,,,,,20,8,37839360,14558343168,0.107618,0.031739,0.02854,0.00806,0.0068,2.253666,0.00158,0.0,0.0,0.026819,0.00315,1.694515,0.0,0.051409,0.02475,1.258751,0.013819,1024,251,6,1,2008,2056192,2056192,0.322925,0.157298,0.356975,0.8487180000000001,0.281335,0.083989,1.67669,6,2,1,4195088
tiledb,node,256,0,warm,window_256,1024,,,2048,5,4.649400012567639,0,0,0,0.029509469,4096,1009,,0.246337890625,,4.059464816650149,,,,,,19,8,37839360,14558330880,0.105348,0.033029,0.02897,0.00802,0.01346,3.624605,0.00413,0.0,0.0,0.025609,0.00416,2.559482,0.0,0.085509,0.028559,0.598951,0.01195,2048,506,8,1,4048,4145152,4145152,0.37952400000000003,0.20364800000000002,0.424323,1.34576,0.493192,0.153268,2.54195,8,4,2,8390176
tiledb,node,256,0,warm,window_256,1024,,,2048,6,4.347184963990003,0,0,0,0.025922595,4096,1006,,0.24560546875,,4.071570576540755,,,,,,22,8,37839360,14558306304,0.094629,0.03175,0.031039,0.00854,0.00715,2.174107,0.00149,0.0,0.0,0.029289999999999997,0.00278,1.626915,0.0,0.04877,0.023969,1.793403,0.01373,1024,252,5,1,2016,2064384,2064384,0.319495,0.14257899999999998,0.362315,0.757998,0.29643600000000003,0.09165799999999999,1.60958,5,2,1,4195088
tiledb,node,256,0,warm,window_256,1024,,,2048,7,5.689353973139077,0,0,0,0.032163462000000004,4096,1012,,0.2470703125,,4.047430830039525,,,,,,16,8,48300544,14558294016,0.097329,0.0,0.0,0.00812,0.0,0.00023,0.0,0.0,0.0,0.0,0.0,0.0,0.0,0.0,0.0,5.469628,0.01383,0,0,0,0,0,0,0,0.0,0.0,0.0,0.0,0.0,0.0,0.0,0,0,0,0
tiledb,node,256,0,warm,window_256,1024,,,2048,8,5.24720101384446,0,0,0,0.030408118,4096,1008,,0.24609375,,4.063492063492063,,,,,,19,8,48259584,14558277632,0.089208,0.0295,0.027509,0.00836,0.00525,2.094279,0.00236,0.0,0.0,0.028679999999999997,0.00245,1.551596,0.0,0.050009,0.024079,2.792908,0.01381,1024,253,4,1,2024,2072576,2072576,0.241737,0.106059,0.283686,0.802588,0.30045499999999997,0.058189000000000005,1.53382,4,2,1,4195088
tiledb,node,256,0,warm,window_256,1024,,,2048,9,4.111667978577316,0,0,0,0.024669285,4096,1006,,0.24560546875,,4.071570576540755,,,,,,22,8,37839360,14558220288,0.123699,0.03235,0.027599,0.00776,0.00598,2.273456,0.0014,0.0,0.0,0.026350000000000002,0.00322,1.718374,0.0,0.047379,0.02377,1.458788,0.01404,1024,252,5,1,2016,2064384,2064384,0.287485,0.13176600000000002,0.325635,0.878207,0.291996,0.10098800000000001,1.70015,5,2,1,4195088
tiledb,node,256,0,warm,window_256,8192,,,2048,0,6.950606009922922,0,0,0,0.033454117,32768,1024,,0.03125,,32.0,,,,,,4,8,273351168,14558494720,0.221156,0.087789,0.029689,0.00818,0.00774,1.830992,0.00158,0.0,0.0,0.02811,0.002029,1.34157,0.0,0.05128,0.054879,4.501422,0.061199,8192,256,1,1,2048,2097152,2097152,0.051248999999999996,0.027778999999999998,0.099799,0.7665379999999999,0.277676,0.09058799999999999,1.32444,1,2,1,4195088
tiledb,node,256,0,warm,window_256,8192,,,2048,1,7.714913983363658,0,0,0,0.040869192,32768,1024,,0.03125,,32.0,,,,,,4,8,273351168,14558752768,0.605641,0.088568,0.02905,0.00863,0.00716,3.031334,0.00153,0.0,0.0,0.025679,0.00246,2.119168,0.0,0.087299,0.102478,3.567776,0.072439,16384,512,2,1,4096,4194304,4194304,0.20178700000000002,0.114269,0.240366,1.16033,0.487373,0.09906899999999999,2.10151,2,4,2,8390176
tiledb,node,256,0,warm,window_256,8192,,,2048,2,6.6815189784392715,0,0,0,0.031317227,32768,1024,,0.03125,,32.0,,,,,,4,8,273351168,14558605312,0.554662,0.0,0.0,0.00776,0.0,0.00022,0.0,0.0,0.0,0.0,0.0,0.0,0.0,0.0,0.0,5.97307,0.06164,0,0,0,0,0,0,0,0.0,0.0,0.0,0.0,0.0,0.0,0.0,0,0,0,0
tiledb,node,256,0,warm,window_256,8192,,,2048,3,8.417254022788256,0,0,0,0.039791673,32768,1024,,0.03125,,32.0,,,,,,4,8,273351168,14558736384,0.160418,0.087318,0.02733,0.00899,0.00754,3.370129,0.004469,0.0,0.0,0.02792,0.00238,2.416814,0.0,0.087869,0.104998,4.373044,0.076039,16384,512,2,1,4096,4194304,4194304,0.23219599999999999,0.124848,0.271206,1.3364399999999999,0.5764309999999999,0.087039,2.39911,2,4,2,8390176
tiledb,node,256,0,warm,window_256,8192,,,2048,4,7.025313971098512,0,0,0,0.034633499,32768,1024,,0.03125,,32.0,,,,,,4,8,273351168,14558584832,0.162358,0.087579,0.02745,0.008169,0.00722,2.159598,0.00189,0.0,0.0,0.02655,0.00176,1.526447,0.0,0.050309,0.052799,4.292956,0.064879,8192,256,1,1,2048,2097152,2097152,0.095958,0.052539,0.135588,0.862567,0.313305,0.08241899999999999,1.50924,1,2,1,4195088
tiledb,node,256,0,warm,window_256,8192,,,2048,5,8.486722013913095,0,0,0,0.037411291,32768,1024,,0.03125,,32.0,,,,,,4,8,273351168,14558572544,0.161337,0.088139,0.027599,0.00866,0.00709,3.269931,0.00429,0.0,0.0,0.02543,0.00232,2.418263,0.0,0.086909,0.103958,4.546272,0.073229,16384,512,2,1,4096,4194304,4194304,0.228906,0.126098,0.26521599999999995,1.3361399999999999,0.561241,0.107479,2.4013,2,4,2,8390176
tiledb,node,256,0,warm,window_256,8192,,,2048,6,8.291085017845035,0,0,0,0.039717149,32768,1024,,0.03125,,32.0,,,,,,4,8,342884864,14558695424,0.159237,0.088059,0.029089,0.00822,0.00722,1.880902,0.00129,0.0,0.0,0.025089999999999998,0.00179,1.344299,0.0,0.052539,0.053749,5.839712,0.061219,8192,256,1,1,2048,2097152,2097152,0.067319,0.024159,0.105699,0.759819,0.280086,0.06595899999999999,1.32674,1,2,1,4195088
tiledb,node,256,0,warm,window_256,8192,,,2048,7,10.602761001791805,0,0,0,0.050759634,32768,1024,,0.03125,,32.0,,,,,,4,8,342884864,14558670848,0.163128,0.074239,0.027059,0.00863,0.00651,4.309265,0.00195,0.0,0.0,0.02469,0.00254,3.044844,0.0,0.123938,0.150548,5.554636,0.070749,24576,768,3,1,6144,6291456,6291456,0.260336,0.141277,0.298486,1.62386,0.765589,0.175577,3.02739,3,6,3,12585264
tiledb,node,256,0,warm,window_256,8192,,,2048,8,7.563787046819925,0,0,0,0.039714213,32768,1024,,0.03125,,32.0,,,,,,4,8,273351168,14558535680,0.161877,0.087149,0.028999,0.00954,0.00755,3.282891,0.00487,0.0,0.0,0.037379,0.00244,2.361885,0.0,0.086878,0.107779,3.601255,0.072769,16384,512,2,1,4096,4194304,4194304,0.179247,0.100149,0.215617,1.34377,0.5052220000000001,0.151748,2.34388,2,4,2,8390176
tiledb,node,256,0,warm,window_256,8192,,,2048,9,5.981880007311702,0,0,0,0.034347508,32768,1024,,0.03125,,32.0,,,,,,4,8,203817472,14558384128,0.174637,0.087229,0.029039,0.00819,0.00709,2.063509,0.00106,0.0,0.0,0.02461,0.00175,1.534766,0.0,0.049659,0.059029,3.32566,0.068019,8192,256,1,1,2048,2097152,2097152,0.06457900000000001,0.038349,0.11445899999999999,0.832507,0.383984,0.098839,1.51837,1,2,1,4195088
tiledb,node,256,0,warm,window_256,65536,,,2048,0,41.38269799295813,0,0,0,0.174247821,262144,1024,,0.00390625,,256.0,,,,,,4,8,3241640960,14558756864,0.172927,0.0,0.0,0.00752,0.0,0.00016,0.0,0.0,0.0,0.0,0.0,0.0,0.0,0.0,0.0,40.154686,0.815798,0,0,0,0,0,0,0,0.0,0.0,0.0,0.0,0.0,0.0,0.0,0,0,0,0
tiledb,node,256,0,warm,window_256,65536,,,2048,1,33.54688599938527,0,0,0,0.125667718,262144,1024,,0.00390625,,256.0,,,,,,4,8,2157445632,14559772672,0.292246,0.075578,0.02899,0.00822,0.00698,2.00066,0.00157,0.0,0.0,0.026229,0.00186,1.421119,0.0,0.060799,0.382524,29.801502,0.774238,65536,256,1,1,2048,2097152,2097152,0.069259,0.037519,0.12565800000000002,0.788878,0.29883600000000005,0.086639,1.40354,1,2,1,4195088
tiledb,node,256,0,warm,window_256,65536,,,2048,2,40.673159004654735,0,0,0,0.137922891,262144,1024,,0.00390625,,256.0,,,,,,4,8,2157445632,14559756288,0.202857,0.083759,0.028709,0.00809,0.00827,3.462498,0.00453,0.0,0.0,0.02703,0.00244,2.526022,0.0,0.086699,0.773918,35.123642,0.774328,131072,512,2,1,4096,4194304,4194304,0.16894800000000001,0.093529,0.215437,1.47942,0.570552,0.108719,2.50798,2,4,2,8390176
tiledb,node,256,0,warm,window_256,65536,,,2048,3,39.23853999003768,0,0,0,0.14244988,262144,1024,,0.00390625,,256.0,,,,,,4,8,2157445632,14559752192,0.186847,0.084219,0.028379,0.00809,0.00725,3.263881,0.00414,0.0,0.0,0.025058999999999998,0.00232,2.418364,0.0,0.087088,0.772039,33.90849,0.775908,131072,512,2,1,4096,4194304,4194304,0.202987,0.130568,0.261746,1.41694,0.49921299999999996,0.102208,2.40049,2,4,2,8390176
tiledb,node,256,0,warm,window_256,65536,,,2048,4,34.429061983246356,0,0,0,0.142382555,262144,1024,,0.00390625,,256.0,,,,,,4,8,2157445632,14560792576,0.187327,0.0,0.0,0.00753,0.0,0.00015,0.0,0.0,0.0,0.0,0.0,0.0,0.0,0.0,0.0,33.376628,0.778388,0,0,0,0,0,0,0,0.0,0.0,0.0,0.0,0.0,0.0,0.0,0,0,0,0
tiledb,node,256,0,warm,window_256,65536,,,2048,5,29.221609991509467,0,0,0,0.112649731,262144,1024,,0.00390625,,256.0,,,,,,4,8,2157445632,14559727616,0.171627,0.076609,0.028019,0.00842,0.00702,1.859212,0.00102,0.0,0.0,0.02521,0.00183,1.348429,0.0,0.050229,0.378775,25.755172,0.772609,65536,256,1,1,2048,2097152,2097152,0.030929999999999996,0.00628,0.079909,0.761759,0.31556500000000004,0.08423800000000001,1.3308,1,2,1,4195088
tiledb,node,256,0,warm,window_256,65536,,,2048,6,40.980343997944146,0,0,0,0.130703009,262144,1024,,0.00390625,,256.0,,,,,,4,8,2157445632,14559727616,0.185827,0.084369,0.029469,0.00873,0.0078,3.268181,0.00434,0.0,0.0,0.02694,0.00258,2.303795,0.0,0.086689,0.771158,35.638634,0.776208,131072,512,2,1,4096,4194304,4194304,0.115779,0.05765,0.180758,1.35651,0.5210520000000001,0.098978,2.2862,2,4,2,8390176
tiledb,node,256,0,warm,window_256,65536,,,2048,7,41.163531015627086,0,0,0,0.138334571,262144,1024,,0.00390625,,256.0,,,,,,4,8,2157445632,14559719424,0.230847,0.085389,0.03027,0.008489,0.00721,3.31731,0.00541,0.0,0.0,0.026140000000000004,0.00246,2.386544,0.0,0.086769,0.773759,35.748093,0.776078,131072,512,2,1,4096,4194304,4194304,0.160557,0.098669,0.206906,1.38154,0.5518120000000001,0.104468,2.3685099999999997,2,4,2,8390176
tiledb,node,256,0,warm,window_256,65536,,,2048,8,28.779317974112928,0,0,0,0.120067671,262144,1024,,0.00390625,,256.0,,,,,,4,8,2157445632,14559707136,0.159038,0.0,0.0,0.00852,0.0,0.00022,0.0,0.0,0.0,0.0,0.0,0.0,0.0,0.0,0.0,27.551545,0.816108,0,0,0,0,0,0,0,0.0,0.0,0.0,0.0,0.0,0.0,0.0,0,0,0,0
tiledb,node,256,0,warm,window_256,65536,,,2048,9,28.645679005421698,0,0,0,0.125297826,262144,1024,,0.00390625,,256.0,,,,,,4,8,2157445632,14560759808,0.287316,0.0,0.0,0.007739,0.0,0.0002,0.0,0.0,0.0,0.0,0.0,0.0,0.0,0.0,0.0,27.479537,0.776729,0,0,0,0,0,0,0,0.0,0.0,0.0,0.0,0.0,0.0,0.0,0,0,0,0
tiledb,node,256,0,warm,window_4096,1024,,,2048,0,25.328688963782042,0,0,0,0.166506479,4096,3596,,0.8779296875,,1.139043381535039,,,,,,2785,68,48431616,14565158912,0.134468,0.033239,0.04265,0.01014,0.006939,15.116303,0.01043,0.0,0.0,0.10830799999999999,0.108359,10.988205,0.0,0.155798,0.030919,9.601256,0.017589,1024,893,692,1,7144,7315456,7315456,1.08667,0.409034,1.31562,7.25807,1.9735299999999998,0.139528,10.9341,692,17,1,35658248
tiledb,node,256,0,warm,window_4096,1024,,,2048,1,26.909724983852357,0,0,0,0.192081535,4096,3616,,0.8828125,,1.1327433628318584,,,,,,2840,68,48620032,14562603008,0.106219,0.03487,0.040059,0.00974,0.00703,25.449647,0.00836,0.0,0.0,0.110179,0.176797,17.628754,0.0,0.302076,0.050209,0.63459,0.01807,2048,1828,1424,1,14624,14974976,14974976,1.5092700000000001,0.613591,1.9603799999999998,10.7552,4.09045,0.353724,17.5547,1424,34,2,71316496
tiledb,node,256,0,warm,window_4096,1024,,,2048,2,25.51996597321704,0,0,0,0.180342055,4096,3608,,0.880859375,,1.1352549889135255,,,,,,2822,68,48423424,14563241984,0.499253,0.033399,0.03502,0.009319,0.00717,23.96791,0.01239,0.0,0.0,0.083589,0.178527,16.860057,0.0,0.300666,0.050889,0.343715,0.01877,2048,1804,1387,1,14432,14778368,14778368,1.4152500000000001,0.613533,1.8550000000000002,10.2506,4.04267,0.275766,16.7872,1387,34,2,71316496
tiledb,node,256,0,warm,window_4096,1024,,,2048,3,25.103612046223134,0,0,0,0.173678428,4096,3621,,0.884033203125,,1.1311792322562828,,,,,,2839,67,48456192,14562242560,0.114508,0.034059,0.04007,0.00884,0.007269,23.753963,0.00315,0.0,0.0,0.175207,0.186068,17.071323,0.0,0.277586,0.03355,0.602801,0.0164,2048,1808,1414,1,14464,14811136,14811136,1.39875,0.56743,1.8869200000000002,10.5025,3.9193300000000004,0.321285,17.0021,1414,34,2,71316496
tiledb,node,256,0,warm,window_4096,1024,,,2048,4,31.065212038811296,0,0,0,0.206024139,4096,3607,,0.880615234375,,1.1355697255336845,,,,,,2841,67,64315904,14563229696,0.117808,0.032989,0.0388,0.0091,0.00697,13.433158,0.005979,0.0,0.0,0.066619,0.087649,10.449683,0.0,0.146637,0.02741,17.056313,0.01633,1024,892,720,1,7136,7307264,7307264,1.02699,0.356254,1.24945,6.6647099999999995,2.12333,0.132849,10.4022,720,17,1,35658248
tiledb,node,256,0,warm,window_4096,1024,,,2048,5,24.82446696376428,0,0,0,0.201908661,4096,3641,,0.888916015625,,1.1249656687723153,,,,,,2810,68,48652800,14563037184,0.143098,0.032169,0.03338,0.008409,0.0054,23.501787,0.00915,0.0,0.0,0.081229,0.203047,16.60382,0.0,0.280166,0.031459,0.607361,0.01613,2048,1832,1413,1,14656,15007744,15007744,1.35646,0.532239,1.7786499999999998,10.1113,3.9651,0.334655,16.5352,1413,34,2,71316496
tiledb,node,256,0,warm,window_4096,1024,,,2048,6,25.71471402188763,0,0,0,0.186698216,4096,3622,,0.88427734375,,1.1308669243511873,,,,,,2835,68,48521728,14562803712,0.179317,0.033019,0.03595,0.008899,0.00724,24.404173,0.01035,0.0,0.0,0.094588,0.183108,17.643535,0.0,0.288226,0.0331,0.597611,0.01522,2048,1816,1415,1,14528,14876672,14876672,1.50447,0.590382,1.9568900000000002,10.8263,4.07991,0.303886,17.565399999999997,1415,34,2,71316496
tiledb,node,256,0,warm,window_4096,1024,,,2048,7,31.77972201956436,0,0,0,0.216690487,4096,3640,,0.888671875,,1.1252747252747253,,,,,,2834,68,64422400,14563950592,0.162827,0.086239,0.029879,0.00912,0.00707,30.321804,0.01469,0.0,0.0,0.08881800000000001,0.256467,20.6253,0.0,0.433584,0.059569,0.409264,0.01897,3072,2728,2130,1,21824,22347776,22347776,1.99753,0.7955,2.6481999999999997,11.098500000000001,5.81266,0.388314,20.4908,2130,51,3,106974744
tiledb,node,256,0,warm,window_4096,1024,,,2048,8,16.684619011357427,0,0,0,0.135488262,4096,3636,,0.8876953125,,1.1265126512651265,,,,,,2812,67,32776704,14561300480,0.199377,0.03282,0.040969,0.00895,0.00644,15.913581,0.00833,0.0,0.0,0.09898799999999999,0.108758,11.776953,0.0,0.150157,0.02978,0.158477,0.01481,1024,923,720,1,7384,7561216,7561216,1.1402999999999999,0.448004,1.4055300000000002,7.571,2.32184,0.143718,11.7185,720,17,1,35658248
tiledb,node,256,0,warm,window_4096,1024,,,2048,9,25.483955978415906,0,0,0,0.177701109,4096,3644,,0.8896484375,,1.12403951701427,,,,,,2842,67,48644608,14562029568,0.107278,0.033869,0.03753,0.00958,0.020379,24.085528,0.01301,0.0,0.0,0.09203800000000001,0.180238,17.542246,0.0,0.294406,0.039629,0.602801,0.017709,2048,1831,1424,1,14648,14999552,14999552,1.46567,0.58604,1.91356,10.763200000000001,4.138260000000001,0.266366,17.4624,1424,34,2,71316496
tiledb,node,256,0,warm,window_4096,8192,,,2048,0,30.72255803272128,0,0,0,0.211925224,32768,14167,,0.432342529296875,,2.3129808710383286,,,,,,1951,68,327393792,14561923072,0.325855,0.090189,0.034529,0.00948,0.00862,25.947759,0.00871,0.0,0.0,0.07238900000000001,0.131918,19.745163,0.0,1.042895,0.145458,2.899777,0.075309,16384,7109,956,1,56872,58236928,58236928,1.14633,0.530083,1.49693,11.7424,4.22204,1.85649,19.6949,956,34,2,71316496
tiledb,node,256,0,warm,window_4096,8192,,,2048,1,28.19050702964887,0,0,0,0.185527387,32768,14213,,0.433746337890625,,2.3054949693942164,,,,,,1879,68,327352832,14561468416,0.241226,0.0,0.0,0.00864,0.0,0.00032,0.0,0.0,0.0,0.0,0.0,0.0,0.0,0.0,0.0,27.714343,0.067259,0,0,0,0,0,0,0,0.0,0.0,0.0,0.0,0.0,0.0,0.0,0,0,0,0
tiledb,node,256,0,warm,window_4096,8192,,,2048,2,31.27012000186369,0,0,0,0.207063546,32768,14204,,0.4334716796875,,2.3069557871022246,,,,,,1906,68,327262720,14562127872,0.235866,0.095009,0.036859,0.00883,0.00757,24.892386,0.02694,0.0,0.0,0.08452899999999999,0.128598,17.98382,0.0,1.048794,0.149608,4.524922,0.078729,16384,7093,953,1,56744,58105856,58105856,1.2420499999999999,0.540432,1.6019400000000001,10.901,4.03755,1.0302600000000002,17.9241,953,34,2,71316496
tiledb,node,256,0,warm,window_4096,8192,,,2048,3,30.73606704128906,0,0,0,0.211995,32768,14142,,0.43157958984375,,2.317069721397256,,,,,,1925,68,326828544,14561488896,0.6941,0.088708,0.03534,0.00882,0.008499,23.918441,0.02614,0.0,0.0,0.07768900000000001,0.127618,17.643244,0.0,1.031284,0.139148,4.568841,0.075089,16384,7040,985,1,56320,57671680,57671680,1.20218,0.505852,1.57914,10.7749,4.26465,0.604461,17.5855,985,34,3,71316496
tiledb,node,256,0,warm,window_4096,8192,,,2048,4,28.09940802399069,0,0,0,0.192853821,32768,14161,,0.432159423828125,,2.3139608784690346,,,,,,1941,68,326943232,14561488896,0.181107,0.0,0.0,0.00849,0.0,0.00037,0.0,0.0,0.0,0.0,0.0,0.0,0.0,0.0,0.0,27.701693,0.066799,0,0,0,0,0,0,0,0.0,0.0,0.0,0.0,0.0,0.0,0.0,0,0,0,0
tiledb,node,256,0,warm,window_4096,8192,,,2048,5,22.857185977045447,0,0,0,0.198186445,32768,14159,,0.432098388671875,,2.3142877321844764,,,,,,1930,68,230916608,14560673792,0.173178,0.091268,0.035,0.009,0.007499,17.944711,0.00574,0.0,0.0,0.061339000000000005,0.063539,12.954776,0.0,0.570481,0.075479,3.688404,0.080369,8192,3564,467,1,28512,29196288,29196288,0.831117,0.37515299999999996,1.01988,7.5002,2.4482000000000004,1.69664,12.9164,467,17,1,35658248
tiledb,node,256,0,warm,window_4096,8192,,,2048,6,41.367077967152,0,0,0,0.274760915,32768,14144,,0.431640625,,2.316742081447964,,,,,,1913,68,423600640,14562185216,0.189977,0.081469,0.038149,0.0097,0.00874,33.464397,0.03668,0.0,0.0,0.095539,0.188747,23.433798,0.0,1.542387,0.209747,5.560277,0.074729,24576,10621,1426,1,84968,87007232,87007232,1.5244,0.664372,2.03817,13.2826,6.1531,1.42147,23.3556,1426,51,3,106974744
tiledb,node,256,0,warm,window_4096,8192,,,2048,7,20.631260005757213,0,0,0,0.161215911,32768,14119,,0.430877685546875,,2.3208442524258093,,,,,,1959,68,230793728,14560792576,0.177278,0.089049,0.034129,0.00864,0.00708,16.062039,0.01719,0.0,0.0,0.064079,0.072929,12.046059,0.0,0.554761,0.072359,3.388299,0.076429,8192,3504,519,1,28032,28704768,28704768,1.1696300000000002,0.49759200000000003,1.39573,7.49557,2.46249,0.388155,12.005,519,17,1,35658248
tiledb,node,256,0,warm,window_4096,8192,,,2048,8,28.40672299498692,0,0,0,0.195659305,32768,14169,,0.432403564453125,,2.312654386336368,,,,,,1899,68,327098880,14561435648,0.220916,0.0,0.0,0.00784,0.0,0.00031,0.0,0.0,0.0,0.0,0.0,0.0,0.0,0.0,0.0,27.984519,0.065989,0,0,0,0,0,0,0,0.0,0.0,0.0,0.0,0.0,0.0,0.0,0,0,0,0
tiledb,node,256,0,warm,window_4096,8192,,,2048,9,31.54785599326715,0,0,0,0.231417857,32768,14168,,0.432373046875,,2.312817617165443,,,,,,1908,68,327188992,14561460224,0.178148,0.091239,0.036009,0.00875,0.00749,25.27144,0.00791,0.0,0.0,0.073789,0.125518,18.567951,0.0,1.033015,0.140538,4.529302,0.071819,16384,7084,943,1,56672,58032128,58032128,1.13682,0.5328120000000001,1.5088899999999998,10.6609,4.593629999999999,1.4091399999999998,18.523600000000002,943,34,2,71316496
tiledb,node,256,0,warm,window_4096,65536,,,2048,0,63.05655196774751,0,0,0,0.32538921,262144,16384,,0.0625,,16.0,,,,,,4,68,2220360192,14556672000,0.222107,0.086729,0.03598,0.010069,0.00865,24.589721,0.03438,0.0,0.0,0.044259,0.0053,17.057513,0.0,1.215801,0.890087,34.939075,0.778318,131072,8192,2,1,65536,67108864,67108864,0.132948,0.07053000000000001,0.199677,11.0547,4.82123,0.66012,17.035800000000002,2,34,2,71316496
tiledb,node,256,0,warm,window_4096,65536,,,2048,1,46.206555038224906,0,0,0,0.284073014,262144,16384,,0.0625,,16.0,,,,,,4,68,1647313408,14556352512,0.290446,0.085899,0.036629,0.00933,0.00737,16.777338,0.00506,0.0,0.0,0.058799,0.00508,11.532846,0.0,0.621501,0.440944,26.951085,0.775128,65536,4096,1,1,32768,33554432,33554432,0.079009,0.046039,0.129718,7.757949999999999,2.62998,0.731209,11.502699999999999,1,17,1,35658248
tiledb,node,256,0,warm,window_4096,65536,,,2048,2,61.98559800395742,0,0,0,0.309163796,262144,16384,,0.0625,,16.0,,,,,,4,68,2220360192,14557609984,0.313485,0.086548,0.03449,0.00878,0.00851,24.090188,0.029719,0.0,0.0,0.051919,0.0065,17.379509,0.0,1.193342,0.865137,34.450322,0.776289,131072,8192,2,1,65536,67108864,67108864,0.14094800000000002,0.07066,0.201547,11.8679,4.17351,0.8186279999999999,17.353,2,34,2,71316496
tiledb,node,256,0,warm,window_4096,65536,,,2048,3,52.39661200903356,0,0,0,0.260908637,262144,16384,,0.0625,,16.0,,,,,,4,68,2220360192,14557732864,0.254517,0.080059,0.03668,0.009049,0.00836,13.216101,0.00525,0.0,0.0,0.045759,0.00364,9.787053,0.0,0.628951,0.428744,36.711408,0.777259,65536,4096,1,1,32768,33554432,33554432,0.075339,0.043838999999999996,0.117898,6.564839999999999,2.1805499999999998,0.70029,9.76703,1,17,1,35658248
tiledb,node,256,0,warm,window_4096,65536,,,2048,4,63.15525097306818,0,0,0,0.30222178099999997,262144,16384,,0.0625,,16.0,,,,,,4,68,2220360192,14557585408,0.280856,0.087048,0.03692,0.00933,0.008449,23.94881,0.00818,0.0,0.0,0.066939,0.00771,16.951645,0.0,1.211712,0.879447,35.660264,0.780578,131072,8192,2,1,65536,67108864,67108864,0.202527,0.087269,0.258576,11.1897,3.89821,1.27667,16.9194,2,34,2,71316496
tiledb,node,256,0,warm,window_4096,65536,,,2048,5,61.93649902706966,0,0,0,0.297531096,262144,16384,,0.0625,,16.0,,,,,,4,68,2220360192,14557573120,0.215586,0.086959,0.038039,0.01077,0.00908,23.001084,0.00835,0.0,0.0,0.067939,0.0071,16.798517,0.0,1.191752,0.860977,35.513636,0.779228,131072,8192,2,1,65536,67108864,67108864,0.189087,0.09690900000000001,0.238186,11.175799999999999,3.8902799999999997,1.17438,16.768700000000003,2,34,2,71316496
tiledb,node,256,0,warm,window_4096,65536,,,2048,6,62.000548001378775,0,0,0,0.296314872,262144,16384,,0.0625,,16.0,,,,,,4,68,2220360192,14557564928,0.266896,0.085669,0.03701,0.010119,0.00893,23.565106,0.00816,0.0,0.0,0.063649,0.00713,16.777718,0.0,1.211602,0.878617,34.875536,0.777548,131072,8192,2,1,65536,67108864,67108864,0.15534699999999999,0.067098,0.212296,11.3293,3.7757099999999997,1.12387,16.7486,2,34,2,71316496
tiledb,node,256,0,warm,window_4096,65536,,,2048,7,61.56977399950847,0,0,0,0.304747689,262144,16384,,0.0625,,16.0,,,,,,4,68,2220360192,14557552640,0.354054,0.085859,0.033259,0.009,0.00852,22.363854,0.030709,0.0,0.0,0.042890000000000005,0.00578,16.474622,0.0,1.195552,0.870187,35.710633,0.780149,131072,8192,2,1,65536,67108864,67108864,0.209767,0.118429,0.26281600000000005,11.019499999999999,4.04385,0.814708,16.451,2,34,2,71316496
tiledb,node,256,0,warm,window_4096,65536,,,2048,8,52.18784499447793,0,0,0,0.25750037,262144,16384,,0.0625,,16.0,,,,,,4,68,2220360192,14557536256,0.290625,0.079849,0.034479,0.00904,0.00711,14.694439,0.0052,0.0,0.0,0.044459,0.00506,10.837547,0.0,0.602321,0.426374,35.103013,0.775878,65536,4096,1,1,32768,33554432,33554432,0.077319,0.04719,0.121028,7.8291200000000005,2.20197,0.395254,10.8136,1,17,1,35658248
tiledb,node,256,0,warm,window_4096,65536,,,2048,9,62.67883803229779,0,0,0,0.306197426,262144,16384,,0.0625,,16.0,,,,,,4,68,2220360192,14557511680,0.220086,0.086449,0.037059,0.0099,0.0088,24.238446,0.031599,0.0,0.0,0.081829,0.00957,16.847677,0.0,1.198921,0.874177,35.022363,0.776619,131072,8192,2,1,65536,67108864,67108864,0.256577,0.135878,0.322705,11.1861,4.123189999999999,0.880007,16.8121,2,34,2,71316496
tiledb,node,256,0,warm,window_65536,1024,,,2048,0,209.97196302050725,0,0,0,2.6574436319999997,4096,4062,,0.99169921875,,1.0083702609551946,,,,,,4010,1007,50315776,14560083968,0.157508,0.03433,0.040889,0.01165,0.00729,208.317008,0.0046,0.0,0.0,0.12490799999999999,0.271726,131.820038,0.0,0.341045,0.053469,0.635971,0.018519,2048,2035,2010,1,16280,16670720,16670720,1.69896,0.794117,2.3173,100.29899999999999,61.248,0.391955,131.737,2010,503,16,1059259720
tiledb,node,256,0,warm,window_65536,1024,,,2048,1,207.57258898811415,0,0,0,2.473853005,4096,4056,,0.990234375,,1.009861932938856,,,,,,3995,1012,50274816,14561112064,0.149178,0.0,0.0,0.00882,0.0,0.00083,0.0,0.0,0.0,0.0,0.0,0.0,0.0,0.0,0.0,207.095356,0.03604,0,0,0,0,0,0,0,0.0,0.0,0.0,0.0,0.0,0.0,0.0,0,0,0,0
tiledb,node,256,0,warm,window_65536,1024,,,2048,2,219.91230302955955,0,0,0,2.245584586,4096,4066,,0.99267578125,,1.0073782587309394,,,,,,4000,1016,67060224,14562250752,0.173168,0.034259,0.039749,0.01062,0.00728,127.988576,0.00502,0.0,0.0,0.11121800000000001,0.142988,77.701622,0.0,0.196027,0.050209,91.058101,0.01899,1024,1016,1004,1,8128,8323072,8323072,1.26997,0.515893,1.6336199999999999,47.4422,26.9666,0.194717,77.6321,1004,254,6,532776176
tiledb,node,256,0,warm,window_65536,1024,,,2048,3,202.03677302924916,0,0,0,2.355164812,4096,4061,,0.991455078125,,1.0086185668554544,,,,,,4014,1004,50274816,14562111488,0.535002,0.035479,0.0411,0.011589,0.00741,193.205655,0.01663,0.0,0.0,0.151088,0.260636,124.008435,0.0,0.337465,0.053819,7.448918,0.01915,2048,2024,1992,1,16192,16580608,16580608,1.62157,0.648521,2.19815,82.6332,39.158199999999994,0.42331399999999997,123.89699999999999,1992,425,11,897748832
tiledb,node,256,0,warm,window_65536,1024,,,2048,4,213.71159702539444,0,0,0,2.513795134,4096,4063,,0.991943359375,,1.008122077282796,,,,,,3989,1005,50332160,14561075200,0.153097,0.0,0.0,0.00848,0.0,0.00053,0.0,0.0,0.0,0.0,0.0,0.0,0.0,0.0,0.0,213.203185,0.058029,0,0,0,0,0,0,0,0.0,0.0,0.0,0.0,0.0,0.0,0.0,0,0,0,0
tiledb,node,256,0,warm,window_65536,1024,,,2048,5,222.49735397053882,0,0,0,2.6540365599999998,4096,4066,,0.99267578125,,1.0073782587309394,,,,,,3991,1014,50291200,14560903168,0.164138,0.034069,0.04254,0.010139,0.0072,220.85015,0.00292,0.0,0.0,0.147978,0.280206,143.599781,0.0,0.339625,0.051869,0.643461,0.018449,2048,2032,1997,1,16256,16646144,16646144,1.82603,0.860248,2.47392,104.17,69.6446,0.381004,143.499,1997,507,15,1065552352
tiledb,node,256,0,warm,window_65536,1024,,,2048,6,207.11864600889385,0,0,0,2.5137601089999997,4096,4064,,0.9921875,,1.0078740157480315,,,,,,3991,1011,50299392,14559895552,0.192217,0.0,0.0,0.00941,0.0,0.00103,0.0,0.0,0.0,0.0,0.0,0.0,0.0,0.0,0.0,206.637343,0.028119,0,0,0,0,0,0,0,0.0,0.0,0.0,0.0,0.0,0.0,0.0,0,0,0,0
tiledb,node,256,0,warm,window_65536,1024,,,2048,7,201.84924500063062,0,0,0,2.522550052,4096,4069,,0.993408203125,,1.0066355369869746,,,,,,4004,1008,50332160,14559891456,0.137438,0.03523,0.042319,0.00984,0.00697,200.111891,0.01189,0.0,0.0,0.125848,0.257746,116.663816,0.0,0.340685,0.055759,0.756589,0.01911,2048,2037,2002,1,16296,16687104,16687104,1.55962,0.724939,2.15922,87.1546,56.4099,0.353556,116.581,2002,503,18,1055064632
tiledb,node,256,0,warm,window_65536,1024,,,2048,8,215.39629198377952,0,0,0,2.563467062,4096,4062,,0.99169921875,,1.0083702609551946,,,,,,3989,1005,50274816,14559846400,0.119739,0.03381,0.039439,0.00983,0.0069,133.939246,0.00517,0.0,0.0,0.112658,0.140338,78.122275,0.0,0.195847,0.048699,80.661577,0.01943,1024,1017,999,1,8136,8331264,8331264,1.1899499999999998,0.467732,1.53075,47.118300000000005,27.8918,0.217417,78.05149999999999,999,250,8,526483544
tiledb,node,256,0,warm,window_65536,1024,,,2048,9,230.74521095259115,0,0,0,2.434221399,4096,4073,,0.994384765625,,1.005646943285048,,,,,,4003,1012,67092992,14562213888,0.172157,0.101809,0.035239,0.01104,0.00711,228.721851,0.0076,0.0,0.0,0.16777799999999998,0.366554,142.562617,0.0,0.496302,0.064409,0.776898,0.01899,3072,3054,3000,1,24432,25018368,25018368,2.29554,0.957886,3.27686,126.67600000000002,65.3347,0.558742,142.422,3000,760,22,1594133440
tiledb,node,256,0,warm,window_65536,8192,,,2048,0,234.85090903704986,0,0,0,2.5088829059999997,32768,30805,,0.940093994140625,,1.06372342152248,,,,,,27252,1028,395280896,14616236032,0.259336,0.0,0.0,0.008399,0.0,0.00055,0.0,0.0,0.0,0.0,0.0,0.0,0.0,0.0,0.0,234.18009,0.105759,0,0,0,0,0,0,0,0.0,0.0,0.0,0.0,0.0,0.0,0.0,0,0,0,0
tiledb,node,256,0,warm,window_65536,8192,,,2048,1,237.48896003235132,0,0,0,2.79890814,32768,30786,,0.93951416015625,,1.0643799129474436,,,,,,27198,1028,395248128,14593957888,0.203707,0.092079,0.035439,0.0095,0.00928,229.853344,0.018299,0.0,0.0,0.34291499999999997,1.445428,145.526112,0.0,2.256896,0.205437,4.425114,0.074558,16384,15392,13582,1,123136,126091264,126091264,4.3891,2.2406800000000002,7.50404,97.1575,55.466300000000004,1.81814,145.179,13582,514,14,1078137616
tiledb,node,256,0,warm,window_65536,8192,,,2048,2,254.38995502190664,0,0,0,2.4139863679999998,32768,30757,,0.938629150390625,,1.06538348993725,,,,,,27096,1028,525681152,14603108352,0.229807,0.0,0.0,0.00897,0.0,0.00083,0.0,0.0,0.0,0.0,0.0,0.0,0.0,0.0,0.0,253.825524,0.077719,0,0,0,0,0,0,0,0.0,0.0,0.0,0.0,0.0,0.0,0.0,0,0,0,0
tiledb,node,256,0,warm,window_65536,8192,,,2048,3,256.914647994563,0,0,0,2.584510271,32768,30775,,0.939178466796875,,1.0647603574329814,,,,,,27218,1028,525812224,14619369472,0.257386,0.078179,0.036139,0.00941,0.01107,246.913517,0.01984,0.0,0.0,0.500043,2.089908,162.568665,0.0,3.36624,0.298345,5.581576,0.074529,24576,23098,20430,1,184784,189218816,189218816,10.4283,4.44087,16.226,100.053,63.8442,2.65462,162.08800000000002,20430,771,21,1617206424
tiledb,node,256,0,warm,window_65536,8192,,,2048,4,246.25994701636955,0,0,0,2.905277407,32768,30823,,0.940643310546875,,1.0631022288550758,,,,,,27323,1028,395461120,14617939968,0.756498,0.094409,0.036989,0.01022,0.00936,238.021061,0.01405,0.0,0.0,0.470923,1.516737,149.867377,0.0,2.260616,0.201617,4.462443,0.076449,16384,15405,13663,1,123240,126197760,126197760,5.6416,3.11819,9.194249999999998,100.5,56.6284,1.67797,149.46200000000002,13663,514,14,1078137616
tiledb,node,256,0,warm,window_65536,8192,,,2048,5,262.6921599730849,0,0,0,2.625875268,32768,30803,,0.940032958984375,,1.0637924877447003,,,,,,27123,1028,525918720,14626037760,0.210966,0.077579,0.037779,0.00969,0.01155,252.673901,0.044459,0.0,0.0,1.547796,3.204272,170.233351,0.0,3.369709,0.296726,5.595876,0.076109,24576,23111,20368,1,184888,189325312,189325312,10.2033,4.45831,16.104799999999997,103.279,64.2992,2.47234,168.833,20368,771,21,1617206424
tiledb,node,256,0,warm,window_65536,8192,,,2048,6,266.25924702966586,0,0,0,2.569089414,32768,30827,,0.940765380859375,,1.0629642845557465,,,,,,27278,1028,525918720,14609469440,0.219607,0.092578,0.03682,0.01058,0.00823,136.462248,0.044469,0.0,0.0,0.25007599999999996,0.775128,80.432111,0.0,1.155702,0.114899,127.776869,0.070159,8192,7716,6798,1,61728,63209472,63209472,3.06939,1.1734099999999998,4.5796600000000005,47.682700000000004,25.8826,0.881888,80.189,6798,257,7,539068808
tiledb,node,256,0,warm,window_65536,8192,,,2048,7,235.0919150048867,0,0,0,2.835266809,32768,30720,,0.9375,,1.0666666666666667,,,,,,27171,1028,395289088,14609080320,0.291016,0.095208,0.03587,0.01065,0.009489,227.156945,0.014,0.0,0.0,0.38931400000000005,1.544677,140.098663,0.0,2.283126,0.208557,4.587911,0.077259,16384,15397,13609,1,123176,126132224,126132224,4.98045,2.79613,8.31476,92.68029999999999,55.6543,1.9355,139.77100000000002,13609,514,14,1078137616
tiledb,node,256,0,warm,window_65536,8192,,,2048,8,232.81014000531286,0,0,0,2.831384427,32768,30797,,0.939849853515625,,1.0639997402344383,,,,,,27099,1028,395346432,14593273856,0.236967,0.0,0.0,0.00884,0.0,0.00118,0.0,0.0,0.0,0.0,0.0,0.0,0.0,0.0,0.0,232.179309,0.092679,0,0,0,0,0,0,0,0.0,0.0,0.0,0.0,0.0,0.0,0.0,0,0,0,0
tiledb,node,256,0,warm,window_65536,8192,,,2048,9,227.85870399093255,0,0,0,2.7010651990000003,32768,30842,,0.94122314453125,,1.0624473121068672,,,,,,27185,1028,395698688,14593306624,0.206776,0.093749,0.036479,0.00961,0.00901,220.148,0.01825,0.0,0.0,0.344966,1.465237,134.532518,0.0,2.265636,0.238196,4.430434,0.076699,16384,15447,13599,1,123576,126541824,126541824,4.66126,2.27139,7.941510000000001,87.4705,55.839,2.17516,134.227,13599,514,14,1078137616
tiledb,node,256,0,warm,window_65536,65536,,,2048,0,325.68230299511924,0,0,0,3.5076629870000002,262144,165856,,0.6326904296875,,1.580551803974532,,,,,,61164,1028,2833031680,14673207296,0.240727,0.091898,0.0378,0.012169,0.02054,276.094489,0.263436,0.0,0.0,0.7218399999999999,3.387309,184.059792,0.0,11.93705,1.287841,34.849606,0.778919,131072,82875,30552,1,663000,678912000,678912000,12.1814,6.13296,19.5292,99.6581,61.828300000000006,7.2058,183.293,30552,514,14,1078137616
tiledb,node,256,0,warm,window_65536,65536,,,2048,1,313.5843949858099,0,0,0,3.257079653,262144,165959,,0.6330833435058594,,1.579570857862484,,,,,,60814,1028,2833170944,14641491968,0.240917,0.092829,0.038179,0.01122,0.02009,263.286901,0.070219,0.0,0.0,0.68276,3.387399,180.616654,0.0,11.954541,1.28638,35.543655,0.774538,131072,82998,30457,1,663984,679919616,679919616,10.4227,6.03496,18.166700000000002,102.633,52.6547,6.974349999999999,179.983,30457,514,14,1078137616
tiledb,node,256,0,warm,window_65536,65536,,,2048,2,311.72297400189564,0,0,0,3.139512546,262144,165848,,0.632659912109375,,1.580628044956828,,,,,,60850,1028,2832728576,14641381376,0.343355,0.092078,0.03839,0.01238,0.019769,261.703725,0.066229,0.0,0.0,0.65094,3.416218,173.832037,0.0,11.928121,1.285441,35.176041,0.781729,131072,82817,30510,1,662536,678436864,678436864,9.78053,5.66751,17.465,99.3642,46.2312,7.392,173.206,30510,514,14,1078137616
tiledb,node,256,0,warm,window_65536,65536,,,2048,3,198.51229502819479,0,0,0,2.992016669,262144,166012,,0.6332855224609375,,1.5790665735007108,,,,,,60943,1028,1954931200,14622994432,0.342035,0.081879,0.048949,0.01079,0.01285,160.683744,0.03328,0.0,0.0,0.363335,1.708485,98.44574,0.0,6.084019,0.65784,29.472967,0.778858,65536,41538,15241,1,332304,340279296,340279296,4.8581199999999995,2.4195599999999997,8.088410000000001,44.3997,31.613500000000002,8.88949,98.1112,15241,257,7,539068808
tiledb,node,256,0,warm,window_65536,65536,,,2048,4,307.6849339995533,0,0,0,3.203100405,262144,165653,,0.6319160461425781,,1.5824886962505962,,,,,,61016,1028,2831966720,14641389568,0.774018,0.089419,0.038869,0.01044,0.02096,257.250512,0.168997,0.0,0.0,0.6417299999999999,3.163563,175.60339,0.0,11.93083,1.285881,35.168252,0.781578,131072,82851,30470,1,662808,678715392,678715392,10.283199999999999,4.85352,17.9653,99.17049999999999,49.4486,10.0181,174.867,30470,514,14,1078137616
tiledb,node,256,0,warm,window_65536,65536,,,2048,5,297.6331849931739,0,0,0,3.194198357,262144,165510,,0.6313705444335938,,1.5838559603649327,,,,,,61220,1028,2831974912,14641516544,0.265926,0.091188,0.03821,0.01068,0.020489,248.437305,0.066249,0.0,0.0,0.6568700000000001,3.385769,167.675609,0.0,11.929361,1.28333,34.426453,0.780188,131072,82852,30543,1,662816,678723584,678723584,7.51195,3.66796,13.2163,99.326,53.7526,9.711010000000002,167.05800000000002,30543,514,14,1078137616
tiledb,node,256,0,warm,window_65536,65536,,,2048,6,297.15823201695457,0,0,0,3.126954947,262144,165794,,0.6324539184570312,,1.581142864036093,,,,,,61155,1028,2832728576,14642147328,0.260626,0.090628,0.03747,0.012029,0.02035,247.582158,0.220397,0.0,0.0,0.6804199999999999,3.132533,167.085808,0.0,11.94157,1.284981,34.801727,0.780248,131072,82920,30640,1,663360,679280640,679280640,11.4353,5.68543,18.4145,90.202,56.5366,9.13903,166.33800000000002,30640,514,14,1078137616
tiledb,node,256,0,warm,window_65536,65536,,,2048,7,305.44991802889854,0,0,0,3.3011346250000004,262144,165392,,0.63092041015625,,1.5849859727193576,,,,,,60775,1027,2832728576,14677573632,0.235516,0.089399,0.038549,0.01157,0.02079,255.805423,0.178077,0.0,0.0,0.67459,3.182192,167.322614,0.0,11.887162,1.28265,34.947284,0.780839,131072,82505,30426,1,660040,675880960,675880960,10.4405,4.9904399999999995,17.8726,93.4529,48.4025,11.0939,166.539,30426,513,14,1076040072
tiledb,node,256,0,warm,window_65536,65536,,,2048,8,294.9737450107932,0,0,0,3.015044662,262144,165709,,0.6321296691894531,,1.5819539071504867,,,,,,60901,1028,2832728576,14659534848,0.230857,0.082229,0.038429,0.01291,0.01337,150.908491,0.03364,0.0,0.0,0.362514,1.582997,88.188824,0.0,5.98266,0.64824,135.927616,0.777788,65536,41383,15227,1,331064,339009536,339009536,4.3338600000000005,1.95076,7.36824,47.6567,24.018500000000003,5.89227,87.8618,15227,257,8,539068808
tiledb,node,256,0,warm,window_65536,65536,,,2048,9,383.32961598644033,0,0,0,3.211785603,262144,165707,,0.6321220397949219,,1.5819730005370927,,,,,,61063,1028,3711074816,14682779648,0.296985,0.094758,0.03847,0.01126,0.025559,317.498627,0.143348,0.0,0.0,1.0503850000000001,4.899166,231.177854,0.0,17.889221,1.901661,44.442782,0.783358,196608,124308,45789,1,994464,1018331136,1018331136,17.7245,5.8014,27.8984,122.77799999999999,55.4674,15.2751,230.119,45789,771,21,1617206424
tiledb,node,4096,0,cold,random,1024,,,2048,0,14636.727673991118,87263121408,87263121408,87263121408,50.470718637,4096,4095,,0.999755859375,,1.0002442002442002,,,,,,4095,3659,33901568,14552723456,0.267656,0.034639,0.03958,0.013349,0.00758,14537.367119,0.01374,0.0,0.0,0.11326800000000001,0.135888,14461.707436,0.0,0.202446,0.131698,98.252502,0.0204,1020,1020,1020,1,8160,8355840,8355840,1.3014599999999998,0.548374,1.75812,14426.7,571.006,1.40967,14461.6,1020,638,334,21411652592
tiledb,node,4096,0,cold,random,1024,,,2048,1,14584.422290965449,86795579392,86795579392,86795579392,51.330174646,4096,4096,,1.0,,1.0,,,,,,4096,3621,33836032,14552887296,0.327225,0.033829,0.041479,0.00948,0.00743,14328.540078,0.0051,0.0,0.0,0.107658,0.131558,14254.815247,0.0,0.210657,0.137668,254.682861,0.039419,1018,1018,1018,1,8144,8339456,8339456,1.5126899999999999,0.695291,1.99687,14217.800000000001,339.834,1.60512,14254.699999999999,1018,635,336,21310970840
tiledb,node,4096,0,cold,random,1024,,,2048,2,14693.124406971037,87493955584,87493955584,87493955584,47.418644501,4096,4095,,0.999755859375,,1.0002442002442002,,,,,,4095,3611,34245632,14552895488,0.274226,0.034739,0.0413,0.01105,0.00719,13921.404459,0.012679,0.0,0.0,0.10768900000000001,0.126078,13848.979628,0.0,0.196547,0.123008,770.610333,0.03953,993,993,993,1,7944,8134656,8134656,1.37758,0.576464,1.78151,13820.7,500.96700000000004,1.44173,13848.9,993,606,323,20337713904
tiledb,node,4096,0,cold,random,1024,,,2048,3,14560.322263045236,86524084224,86524084224,86524084224,48.941768777,4096,4096,,1.0,,1.0,,,,,,4096,3634,33704960,14552891392,0.317166,0.0337,0.041469,0.00998,0.00714,14335.797609,0.00901,0.0,0.0,0.10868900000000001,0.145147,14266.372983,0.0,0.202667,0.124798,223.400321,0.02716,1030,1030,1028,1,8240,8437760,8437760,1.8472499999999998,0.841869,2.3005,14227.7,329.61899999999997,1.6133300000000002,14266.3,1028,635,331,21310970840
tiledb,node,4096,0,cold,random,1024,,,2048,4,14490.264256019145,86366363648,86366363648,86366363648,51.317284609,4096,4096,,1.0,,1.0,,,,,,4096,3603,33934336,14552821760,0.955446,0.032309,0.04023,0.01004,0.005529,14260.430963,0.0104,0.0,0.0,0.10553900000000001,0.129418,14188.895697,0.0,0.196917,0.126088,228.073681,0.029129,1005,1005,1005,1,8040,8232960,8232960,1.4191399999999998,0.66709,1.90467,14171.900000000001,385.007,1.65461,14188.800000000001,1005,636,331,21344531424
tiledb,node,4096,0,cold,random,1024,,,2048,5,14660.618144960608,87425867776,87425867776,87425867776,51.266628296,4096,4096,,1.0,,1.0,,,,,,4096,3624,34098176,14552813568,0.67175,0.036299,0.04276,0.01434,0.007639,14658.793613,0.03085,0.0,0.0,0.150757,0.186098,14578.831415,0.0,0.203357,0.124958,0.296006,0.01841,1054,1054,1054,1,8432,8634368,8634368,1.66029,0.699459,2.14169,14540.2,355.964,1.69936,14578.8,1054,668,331,22418470112
tiledb,node,4096,0,cold,random,1024,,,2048,6,14605.542872974183,87125577728,87125577728,87125577728,48.538839216,4096,4096,,1.0,,1.0,,,,,,4096,3624,34106368,14552809472,0.309356,0.03404,0.043649,0.0113,0.00642,14604.151104,0.0106,0.0,0.0,0.114259,0.150067,14527.521116,0.0,0.204107,0.123868,0.290825,0.01767,1040,1040,1040,1,8320,8519680,8519680,1.8060800000000001,0.7656759999999999,2.31105,14486.4,426.585,1.68645,14527.5,1040,654,344,21948621936
tiledb,node,4096,0,cold,random,1024,,,2048,7,14682.047453999985,87460511744,87460511744,87460511744,52.39623025,4096,4096,,1.0,,1.0,,,,,,4095,3638,33999872,14552784896,0.354485,0.033729,0.040699,0.00978,0.00733,14501.934501,0.01087,0.0,0.0,0.105098,0.130618,14422.619074,0.0,0.201247,0.133878,178.94708,0.02891,1015,1015,1014,1,8120,8314880,8314880,1.1895,0.5354329999999999,1.59311,14350.300000000001,437.654,1.46381,14422.599999999999,1014,641,326,21512334344
tiledb,node,4096,0,cold,random,1024,,,2048,8,14732.50891402131,87995101184,87995101184,87995101184,51.538921284,4096,4096,,1.0,,1.0,,,,,,4096,3610,34343936,14552756224,0.459503,0.03364,0.041509,0.01049,0.00669,14525.830562,0.0107,0.0,0.0,0.111658,0.124219,14448.12773,0.0,0.193877,0.124648,205.426812,0.024569,984,984,984,1,7872,8060928,8060928,1.37882,0.6281289999999999,1.8324,14429.6,348.839,1.7082499999999998,14448.1,984,633,334,21243849672
tiledb,node,4096,0,cold,random,1024,,,2048,9,14561.883899965324,86923173888,86923173888,86923173888,52.92226146,4096,4096,,1.0,,1.0,,,,,,4096,3596,34393088,14552850432,0.140028,0.03337,0.041519,0.02047,0.00557,14498.877237,0.00424,0.0,0.0,0.14898699999999998,0.193317,14408.048344,0.0,0.199137,0.125129,62.010847,0.01964,1015,1015,1015,1,8120,8314880,8314880,1.3703299999999998,0.641611,1.8529799999999998,14367.3,365.165,1.61483,14408.0,1015,640,328,21478773760
tiledb,node,4096,0,cold,random,8192,,,2048,0,23308.999475033488,137464184832,137464184832,137464184832,77.924303383,32768,32755,,0.999603271484375,,1.0003968859716075,,,,,,32736,14178,269741056,14587518976,0.454713,0.092508,0.03703,0.013399,0.00691,23304.839218,0.03727,0.0,0.0,0.24742599999999998,0.951876,23212.92664,0.0,1.236912,0.198117,1.663915,0.075439,8252,8243,8223,1,65944,67526656,67526656,4.70879,2.15819,7.32823,23001.100000000002,545.005,3.52861,23212.7,8223,1024,384,34366038016
tiledb,node,4096,0,cold,random,8192,,,2048,1,23317.57034600014,137364881408,137364881408,137364881408,84.940471239,32768,32756,,0.9996337890625,,1.0003663450970814,,,,,,32741,14191,270448128,14586171392,0.390454,0.091439,0.035329,0.01065,0.00828,23313.483238,0.035549,0.0,0.0,0.25268599999999997,0.941876,23235.56029,0.0,1.240812,0.203907,1.677954,0.075159,8296,8285,8267,1,66280,67870720,67870720,4.21161,1.77279,6.55237,22959.5,601.3969999999999,3.57771,23235.3,8267,1024,384,34366038016
tiledb,node,4096,0,cold,random,8192,,,2048,2,23248.44027601648,137431015424,137431015424,137431015424,80.04592062,32768,32755,,0.999603271484375,,1.0003968859716075,,,,,,32742,14161,270775808,14586204160,0.520102,0.093929,0.037619,0.01024,0.00858,23193.887446,0.03713,0.0,0.0,0.25622500000000004,0.944386,23099.498406,0.0,1.242172,0.191087,52.025318,0.076489,8314,8307,8289,1,66456,68050944,68050944,5.182499999999999,2.16401,7.61451,22990.9,544.4780000000001,3.65583,23099.3,8289,1023,383,34332477432
tiledb,node,4096,0,cold,random,8192,,,2048,3,23213.43771298416,137464184832,137464184832,137464184832,82.515366571,32768,32764,,0.9998779296875,,1.0001220852154804,,,,,,32746,14169,270489088,14586228736,0.382124,0.091469,0.036679,0.00984,0.00827,23209.413472,0.036879,0.0,0.0,0.241397,0.912826,23112.814005,0.0,1.223332,0.188987,1.656046,0.073528,8166,8159,8147,1,65272,66838528,66838528,3.87236,2.12023,6.35503,22852.6,490.536,3.49206,23112.600000000002,8147,1024,384,34366038016
tiledb,node,4096,0,cold,random,8192,,,2048,4,23218.327688984573,137430986752,137430986752,137430986752,72.564649215,32768,32757,,0.999664306640625,,1.0003358060872485,,,,,,32746,14132,269593600,14585876480,0.368295,0.093609,0.036639,0.01085,0.00724,23214.28834,0.03621,0.0,0.0,0.254716,0.927466,23115.316949,0.0,1.232672,0.198057,1.659415,0.073949,8243,8234,8225,1,65872,67452928,67452928,5.08669,2.26477,7.73729,22901.9,435.426,3.41165,23115.100000000002,8225,1023,383,34332477432
tiledb,node,4096,0,cold,random,8192,,,2048,5,23265.1313150418,137430945792,137430945792,137430945792,75.700515472,32768,32755,,0.999603271484375,,1.0003968859716075,,,,,,32745,14163,269899264,14589075456,0.401144,0.093468,0.0367,0.01064,0.008849,23261.083526,0.03228,0.0,0.0,0.244346,0.833077,23153.646002,0.0,1.220602,0.197617,1.649025,0.073689,8163,8152,8136,1,65216,66781184,66781184,4.61621,2.2304,7.02756,22953.399999999998,454.11,3.3382799999999997,23153.4,8136,1024,384,34366038016
tiledb,node,4096,0,cold,random,8192,,,2048,6,23214.186602970585,137430937600,137430937600,137430937600,78.808814458,32768,32761,,0.999786376953125,,1.0002136686914318,,,,,,32749,14131,270751232,14585626624,0.423254,0.095189,0.033669,0.01004,0.00647,23163.571974,0.00864,0.0,0.0,0.24378699999999998,0.845027,23069.281201,0.0,1.234362,0.203536,48.187075,0.072289,8209,8201,8184,1,65608,67182592,67182592,3.7141800000000003,1.7537900000000002,5.76648,22974.3,764.2099999999999,3.8542799999999997,23069.0,8184,1024,384,34366038016
tiledb,node,4096,0,cold,random,8192,,,2048,7,23200.84483199753,137430913024,137430913024,137430913024,86.552872177,32768,32759,,0.999725341796875,,1.0002747336609787,,,,,,32739,14194,270063104,14585573376,0.371004,0.094238,0.037,0.01152,0.00865,23196.843991,0.008659,0.0,0.0,0.23724699999999999,0.913366,23099.487485,0.0,1.215952,0.195327,1.632776,0.075799,8126,8114,8100,1,64912,66469888,66469888,3.86118,1.97428,6.17757,22834.3,491.58000000000004,3.3210599999999997,23099.3,8100,1024,384,34366038016
tiledb,node,4096,0,cold,random,8192,,,2048,8,23237.373712996487,137430986752,137430986752,137430986752,86.37092292599999,32768,32760,,0.999755859375,,1.0002442002442002,,,,,,32742,14084,270235136,14586068992,0.383064,0.093559,0.036629,0.01222,0.00828,23233.321613,0.034149,0.0,0.0,0.235237,0.902236,23148.748255,0.0,1.226402,0.192737,1.677685,0.074919,8194,8189,8168,1,65512,67084288,67084288,2.93133,1.3385,4.86376,22817.3,690.3979999999999,3.50637,23148.5,8168,1024,384,34366038016
tiledb,node,4096,0,cold,random,8192,,,2048,9,23260.79705997836,137464184832,137464184832,137464184832,88.2348407,32768,32763,,0.999847412109375,,1.0001526111772425,,,,,,32736,14222,270456320,14588596224,0.412074,0.093969,0.035019,0.00989,0.00869,23256.756451,0.03444,0.0,0.0,0.235757,0.888617,23156.140903,0.0,1.212422,0.199577,1.647615,0.074369,8106,8098,8076,1,64784,66338816,66338816,3.18374,1.54932,5.07457,22941.3,740.161,3.71127,23155.899999999998,8076,1024,384,34366038016
tiledb,node,4096,0,cold,random,65536,,,2048,0,23295.757173968013,137464184832,137464184832,137464184832,95.926744901,262144,261627,,0.9980278015136719,,1.0019760957393542,,,,,,260583,16384,2151669248,14827040768,0.488833,0.083709,0.03835,0.013659,0.02208,23271.557108,0.052149,0.0,0.0,1.284321,6.970985,23168.597766,0.0,9.382479,0.863407,12.153417,0.772318,65566,65039,64061,1,520312,532799488,532799488,20.4848,13.1488,36.9331,22746.0,477.971,9.94789,23167.4,64061,1024,384,34366038016
tiledb,node,4096,0,cold,random,65536,,,2048,1,23238.88215899933,137464184832,137464184832,137464184832,84.738469913,262144,261609,,0.9979591369628906,,1.0020450366768727,,,,,,260581,16384,2152676864,14826987520,0.504502,0.084509,0.038419,0.01219,0.01628,23214.713223,0.052489,0.0,0.0,1.265591,6.703259,23121.000463,0.0,9.353779,0.862237,12.120698,0.776428,65385,64862,63805,1,518896,531349504,531349504,18.737000000000002,11.793899999999999,36.2879,22711.300000000003,480.635,10.7707,23119.800000000003,63805,1024,384,34366038016
tiledb,node,4096,0,cold,random,65536,,,2048,2,23272.02994201798,137463660544,137463660544,137463660544,87.39691359,262144,261642,,0.9980850219726562,,1.0019186522041568,,,,,,260678,16384,2151658496,14827294720,0.564822,0.088478,0.03749,0.01052,0.016449,23247.58675,0.05173,0.0,0.0,1.2715310000000002,6.782788,23141.427656,0.0,9.427948,0.875867,12.288285,0.773589,65833,65363,64336,1,522904,535453696,535453696,17.924699999999998,8.72169,32.8486,22769.600000000002,447.99699999999996,10.5185,23140.1,64336,1024,384,34366038016
tiledb,node,4096,0,cold,random,65536,,,2048,3,23299.840463034343,137464184832,137464184832,137464184832,78.95870953400001,262144,261637,,0.9980659484863281,,1.0019377993173748,,,,,,260688,16384,2154842112,14826868736,0.263836,0.085679,0.038919,0.01446,0.01758,23275.745485,0.054349,0.0,0.0,1.4557790000000002,7.427828,23169.995985,0.0,9.403949,0.867127,12.217616,0.778549,65706,65214,64274,1,521712,534233088,534233088,21.480900000000002,13.071,39.9178,22808.5,477.774,10.096300000000001,23168.8,64274,1024,384,34366038016
tiledb,node,4096,0,cold,random,65536,,,2048,4,23333.770534023643,137464184832,137464184832,137464184832,78.657813143,262144,261619,,0.9979972839355469,,1.0020067349848443,,,,,,260580,16384,2150238720,14827556864,0.249876,0.085049,0.037479,0.01469,0.01739,23309.713815,0.061029,0.0,0.0,1.35789,7.451868,23201.553281,0.0,9.406039,0.861707,12.192747,0.778228,65791,65231,64238,1,521848,534372352,534372352,20.8324,12.6401,38.741,22846.0,419.499,9.79259,23200.3,64238,1024,384,34366038016
tiledb,node,4096,0,cold,random,65536,,,2048,5,23359.78532198351,137464184832,137464184832,137464184832,80.005701054,262144,261647,,0.9981040954589844,,1.0018995058227307,,,,,,260634,16384,2148521472,14826827776,0.417214,0.085669,0.039429,0.01181,0.01706,23277.587038,0.050969,0.0,0.0,1.259501,6.810977,23176.214532,0.0,9.399929,0.864507,70.235094,0.766288,65643,65171,64168,1,521368,533880832,533880832,21.674200000000003,13.893,39.519400000000005,22922.8,489.146,10.5298,23175.0,64168,1024,384,34366038016
tiledb,node,4096,0,cold,random,65536,,,2048,6,23338.64661998814,137464184832,137464184832,137464184832,77.903276328,262144,261607,,0.9979515075683594,,1.0020526973666606,,,,,,260609,16384,2150205952,14827139072,0.714859,0.087009,0.038299,0.01496,0.0166,23314.113928,0.05411,0.0,0.0,1.35666,7.116713,23213.786477,0.0,9.367639,0.858627,12.241556,0.780508,65505,64970,63982,1,519760,532234240,532234240,22.471899999999998,14.074,40.5132,22767.3,437.687,9.84647,23212.5,63982,1024,384,34366038016
tiledb,node,4096,0,cold,random,65536,,,2048,7,23320.164026983548,137464184832,137464184832,137464184832,86.12621855,262144,261597,,0.9979133605957031,,1.0020910025726595,,,,,,260572,16384,2149556224,14827888640,0.376825,0.086179,0.0384,0.014219,0.01779,23295.861523,0.095299,0.0,0.0,1.3620899999999998,7.181402,23187.427063,0.0,9.396939,0.859307,12.309935,0.788528,65705,65148,64106,1,521184,533692416,533692416,22.456899999999997,13.9748,39.2795,22738.9,432.865,9.541030000000001,23186.2,64106,1024,384,34366038016
tiledb,node,4096,0,cold,random,65536,,,2048,8,23345.595974999014,137464184832,137464184832,137464184832,89.125812585,262144,261629,,0.9980354309082031,,1.0019684362207553,,,,,,260622,16384,2151527424,14828068864,0.374175,0.086728,0.0374,0.013029,0.0152,23322.099869,0.057709,0.0,0.0,1.279201,6.699949,23201.535461,0.0,9.360039,0.858457,11.596026,0.779608,65416,64908,63934,1,519264,531726336,531726336,19.4132,11.9904,35.947100000000006,22740.100000000002,553.6600000000001,11.0898,23200.3,63934,1024,384,34366038016
tiledb,node,4096,0,cold,random,65536,,,2048,9,23310.68352999864,137463922688,137463922688,137463922688,87.546157181,262144,261633,,0.9980506896972656,,1.0019531175348675,,,,,,260582,16384,2150593536,14827683840,0.406434,0.085989,0.0403,0.014019,0.01717,23286.391896,0.055359,0.0,0.0,1.523786,7.619866,23185.378534,0.0,9.412238,0.865027,12.261476,0.778588,65796,65270,64292,1,522160,534691840,534691840,20.1984,12.3993,37.2971,22746.0,445.591,10.4055,23184.100000000002,64292,1024,384,34366038016
tiledb,node,4096,0,cold,window_256,1024,,,2048,0,39.693122962489724,135880704,135880704,135880704,0.197436381,4096,1002,,0.24462890625,,4.087824351297405,,,,,,25,4,48202240,14551363584,0.267556,0.03446,0.038979,0.01157,0.00747,27.89816,0.00245,0.0,0.0,0.075959,0.00748,24.002969,0.0,0.059779,0.03069,11.096013,0.01725,1024,254,3,1,2032,2080768,2080768,0.264256,0.12326700000000002,0.311645,21.659000000000002,1.75234,0.11298799999999999,23.9691,3,1,1,33560584
tiledb,node,4096,0,cold,window_256,1024,,,2048,1,49.20892103109509,169689088,169689088,169689088,0.184593966,4096,1009,,0.246337890625,,4.059464816650149,,,,,,18,5,37839360,14551273472,0.135028,0.03534,0.041979,0.01001,0.0065,26.695699,0.00311,0.0,0.0,0.085398,0.00781,23.088353,0.0,0.054899,0.030669,21.97245,0.019059,1024,251,5,1,2008,2056192,2056192,0.374144,0.161046,0.423673,20.6177,1.75278,0.09401799999999999,23.0466,5,1,1,33560584
tiledb,node,4096,0,cold,window_256,1024,,,2048,2,45.60653498629108,169312256,169312256,169312256,0.174208031,4096,1007,,0.245849609375,,4.067527308838133,,,,,,20,5,27288064,14551171072,0.151787,0.032999,0.03899,0.00898,0.00742,26.749487,0.00117,0.0,0.0,0.072808,0.00615,23.32905,0.0,0.0513,0.028209,18.338854,0.01656,1024,252,4,1,2016,2064384,2064384,0.281416,0.113239,0.326055,20.9195,1.84804,0.086979,23.296899999999997,4,1,1,33560584
tiledb,node,4096,0,cold,window_256,1024,,,2048,3,34.07773800427094,136101888,136101888,136101888,0.15458392,4096,1010,,0.24658203125,,4.0554455445544555,,,,,,18,4,37839360,14551171072,0.158127,0.03119,0.039329,0.00888,0.0053,32.959554,0.00474,0.0,0.0,0.067659,0.00798,27.365078,0.0,0.088559,0.03176,0.594561,0.01551,2048,505,9,1,4040,4136960,4136960,0.491413,0.252637,0.535122,22.341,4.17824,0.125939,27.334600000000002,9,2,2,67121168
tiledb,node,4096,0,cold,window_256,1024,,,2048,4,32.92012499878183,135634944,135634944,135634944,0.150537907,4096,1007,,0.245849609375,,4.067527308838133,,,,,,20,4,37839360,14551175168,0.102118,0.032519,0.04198,0.00875,0.00633,28.027428,0.00118,0.0,0.0,0.057229,0.00559,24.626349,0.0,0.053819,0.02899,4.432903,0.01715,1024,251,6,1,2008,2056192,2056192,0.307366,0.11851,0.351205,21.9329,2.12845,0.072668,24.599200000000003,6,1,1,33560584
tiledb,node,4096,0,cold,window_256,1024,,,2048,5,35.82666098373011,135671808,135671808,135671808,0.189906805,4096,1009,,0.246337890625,,4.059464816650149,,,,,,19,4,37839360,14551166976,0.615031,0.03324,0.039519,0.00837,0.00658,34.108367,0.00536,0.0,0.0,0.064999,0.00732,27.593255,0.0,0.114428,0.04577,0.623081,0.018409,2048,503,11,1,4024,4120576,4120576,0.555102,0.30304699999999996,0.614711,22.869699999999998,3.77737,0.121098,27.5583,11,2,2,67121168
tiledb,node,4096,0,cold,window_256,1024,,,2048,6,34.002698957920074,135905280,135905280,135905280,0.152005994,4096,1006,,0.24560546875,,4.071570576540755,,,,,,22,4,37839360,14551134208,0.110809,0.511712,0.041429,0.00903,0.00666,27.28786,0.00496,0.0,0.0,0.068109,0.00685,24.225646,0.0,0.052329,0.02864,5.736844,0.01749,1024,252,5,1,2016,2064384,2064384,0.319765,0.12443900000000001,0.369955,21.4602,2.1284099999999997,0.119318,24.1953,5,1,1,33560584
tiledb,node,4096,0,cold,window_256,1024,,,2048,7,40.066718007437885,135757824,135757824,135757824,0.206228456,4096,1012,,0.2470703125,,4.047430830039525,,,,,,16,4,48300544,14551150592,0.147348,0.0,0.0,0.008209,0.0,0.00035,0.0,0.0,0.0,0.0,0.0,0.0,0.0,0.0,0.0,39.783612,0.01617,0,0,0,0,0,0,0,0.0,0.0,0.0,0.0,0.0,0.0,0.0,0,0,0,0
tiledb,node,4096,0,cold,window_256,1024,,,2048,8,37.643554038368165,135856128,135856128,135856128,0.193840347,4096,1008,,0.24609375,,4.063492063492063,,,,,,19,4,48259584,14551142400,0.102849,0.03235,0.037139,0.00876,0.00725,27.594185,0.00137,0.0,0.0,0.058749,0.00592,24.661519,0.0,0.053009,0.02993,9.586595,0.01683,1024,253,4,1,2024,2072576,2072576,0.301675,0.127758,0.34660399999999997,22.2132,1.86921,0.099938,24.6317,4,1,1,33560584
tiledb,node,4096,0,cold,window_256,1024,,,2048,9,45.569424983114004,169361408,169361408,169361408,0.173632317,4096,1006,,0.24560546875,,4.071570576540755,,,,,,22,5,37839360,14551121920,0.099739,0.032169,0.03736,0.00897,0.006399,44.964804,0.00145,0.0,0.0,0.057458999999999996,0.0063,39.706113,0.0,0.053459,0.02849,0.157757,0.0164,1024,252,5,1,2016,2064384,2064384,0.32393500000000003,0.135509,0.36930399999999997,35.428599999999996,3.64419,0.098509,39.6779,5,2,1,67121168
tiledb,node,4096,0,cold,window_256,8192,,,2048,0,50.88502500439063,169308160,169308160,169308160,0.192714597,32768,1024,,0.03125,,32.0,,,,,,4,5,273351168,14551478272,0.326505,0.089238,0.03497,0.01,0.00824,26.457152,0.00348,0.0,0.0,0.06693,0.004549,23.691014,0.0,0.054449,0.059689,23.654534,0.060019,8192,256,1,1,2048,2097152,2097152,0.076489,0.02483,0.121168,21.3187,1.9586899999999998,0.117848,23.662300000000002,1,1,1,33560584
tiledb,node,4096,0,cold,window_256,8192,,,2048,1,36.70525801135227,135716864,135716864,135716864,0.190657512,32768,1024,,0.03125,,32.0,,,,,,4,4,273351168,14551744512,0.229457,0.088618,0.03476,0.00859,0.0074,32.319114,0.00173,0.0,0.0,0.060829,0.00591,26.371313,0.0,0.095688,0.105079,3.585047,0.074188,16384,512,2,1,4096,4194304,4194304,0.232217,0.136649,0.278896,22.4618,3.32162,0.126888,26.3431,2,2,2,67121168
tiledb,node,4096,0,cold,window_256,8192,,,2048,2,34.87564600072801,135729152,135729152,135729152,0.15167044600000001,32768,1024,,0.03125,,32.0,,,,,,4,4,273351168,14551609344,0.171117,0.0,0.0,0.0083,0.0,0.00027,0.0,0.0,0.0,0.0,0.0,0.0,0.0,0.0,0.0,34.487771,0.062959,0,0,0,0,0,0,0,0.0,0.0,0.0,0.0,0.0,0.0,0.0,0,0,0,0
tiledb,node,4096,0,cold,window_256,8192,,,2048,3,38.0100590409711,135729152,135729152,135729152,0.195037689,32768,1024,,0.03125,,32.0,,,,,,4,4,273351168,14551748608,0.186017,0.089069,0.031489,0.00886,0.00509,32.734108,0.00159,0.0,0.0,0.055449,0.00551,27.043454,0.0,0.091779,0.109568,4.547511,0.075699,16384,512,2,1,4096,4194304,4194304,0.243446,0.12926800000000002,0.289735,22.743699999999997,3.70927,0.13481800000000002,27.0151,2,2,2,67121168
tiledb,node,4096,0,cold,window_256,8192,,,2048,4,35.46651697251946,135962624,135962624,135962624,0.15554067,32768,1024,,0.03125,,32.0,,,,,,4,4,273351168,14551605248,0.176177,0.088439,0.033829,0.00844,0.00759,26.291705,0.00132,0.0,0.0,0.051899,0.00438,22.528291,0.0,0.052899,0.056859,8.568031,0.058419,8192,256,1,1,2048,2097152,2097152,0.08495799999999999,0.052879,0.128358,20.010199999999998,2.09429,0.158817,22.502399999999998,1,1,1,33560584
tiledb,node,4096,0,cold,window_256,8192,,,2048,5,37.011972977779806,135720960,135720960,135720960,0.163192032,32768,1024,,0.03125,,32.0,,,,,,4,4,273351168,14551601152,0.65113,0.088428,0.03271,0.00906,0.0072,31.327859,0.00152,0.0,0.0,0.048499,0.00449,25.893961,0.0,0.089928,0.107699,4.498352,0.076299,16384,512,2,1,4096,4194304,4194304,0.245857,0.142768,0.286786,21.5898,3.72496,0.134768,25.866500000000002,2,2,2,67121168
tiledb,node,4096,0,cold,window_256,8192,,,2048,6,41.76478198496625,135966720,135966720,135966720,0.201380168,32768,1024,,0.03125,,32.0,,,,,,4,4,342884864,14551736320,0.204387,0.088018,0.03214,0.00846,0.00749,26.267555,0.00141,0.0,0.0,0.045269,0.00373,23.716823,0.0,0.053569,0.057479,14.855556,0.06023,8192,256,1,1,2048,2097152,2097152,0.08781800000000001,0.042559,0.125488,21.626900000000003,1.7374,0.107038,23.6907,1,1,1,33560584
tiledb,node,4096,0,cold,window_256,8192,,,2048,7,42.03869798220694,135888896,135888896,135888896,0.212911538,32768,1024,,0.03125,,32.0,,,,,,4,4,342884864,14551719936,0.219217,0.075959,0.03353,0.00869,0.007499,35.614295,0.00225,0.0,0.0,0.051730000000000005,0.00557,27.071563,0.0,0.134098,0.157108,5.542667,0.073149,24576,768,3,1,6144,6291456,6291456,0.24930599999999997,0.146737,0.29077600000000003,22.1512,4.31637,0.128498,27.0391,3,3,3,100681752
tiledb,node,4096,0,cold,window_256,8192,,,2048,8,36.23374504968524,135663616,135663616,135663616,0.170842282,32768,1024,,0.03125,,32.0,,,,,,4,4,273351168,14551597056,0.216257,0.0,0.0,0.00825,0.0,0.00056,0.0,0.0,0.0,0.0,0.0,0.0,0.0,0.0,0.0,35.755202,0.072489,0,0,0,0,0,0,0,0.0,0.0,0.0,0.0,0.0,0.0,0.0,0,0,0,0
tiledb,node,4096,0,cold,window_256,8192,,,2048,9,31.807611987460405,135540736,135540736,135540736,0.136682214,32768,1024,,0.03125,,32.0,,,,,,4,4,203817472,14551445504,0.239746,0.087569,0.031149,0.0086,0.00716,27.778142,0.00116,0.0,0.0,0.051349,0.00441,23.875351,0.0,0.053149,0.064369,3.34895,0.069299,8192,256,1,1,2048,2097152,2097152,0.081308,0.034329000000000005,0.118328,21.1232,2.37498,0.098928,23.8491,1,1,1,33560584
tiledb,node,4096,0,cold,window_256,65536,,,2048,0,95.19263898255304,169201664,169201664,169201664,0.46593285900000003,262144,1024,,0.00390625,,256.0,,,,,,4,5,3241640960,14551822336,0.206987,0.0,0.0,0.01105,0.0,0.00066,0.0,0.0,0.0,0.0,0.0,0.0,0.0,0.0,0.0,93.933658,0.779698,0,0,0,0,0,0,0,0.0,0.0,0.0,0.0,0.0,0.0,0.0,0,0,0,0
tiledb,node,4096,0,cold,window_256,65536,,,2048,1,59.490394953172654,135626752,135626752,135626752,0.23994504,262144,1024,,0.00390625,,256.0,,,,,,4,4,2157445632,14552846336,0.259926,0.079799,0.03677,0.00901,0.007329,25.231351,0.00181,0.0,0.0,0.06633,0.005449,22.224586,0.0,0.053999,0.386444,32.501442,0.775728,65536,256,1,1,2048,2097152,2097152,0.119638,0.040769,0.161387,20.145799999999998,1.65057,0.097538,22.194599999999998,1,1,1,33560584
tiledb,node,4096,0,cold,window_256,65536,,,2048,2,70.3262229799293,135983104,135983104,135983104,0.26493371,262144,1024,,0.00390625,,256.0,,,,,,4,4,2157445632,14552842240,0.203567,0.094129,0.035989,0.00992,0.00768,33.21326,0.00579,0.0,0.0,0.073038,0.00654,27.351709,0.0,0.090769,0.778958,34.919445,0.777458,131072,512,2,1,4096,4194304,4194304,0.18932700000000002,0.098219,0.227706,23.6614,3.09472,0.174347,27.3178,2,2,2,67121168
tiledb,node,4096,0,cold,window_256,65536,,,2048,3,70.18512499053031,135950336,135950336,135950336,0.273429414,262144,1024,,0.00390625,,256.0,,,,,,4,4,2157445632,14552842240,0.256646,0.085349,0.035179,0.00913,0.00799,33.855491,0.00175,0.0,0.0,0.051748999999999996,0.00447,27.803562,0.0,0.091479,0.780548,34.140876,0.780009,131072,512,2,1,4096,4194304,4194304,0.23966600000000002,0.130687,0.293356,23.401999999999997,3.80667,0.124788,27.7782,2,2,2,67121168
tiledb,node,4096,0,cold,window_256,65536,,,2048,4,63.400887011084706,135872512,135872512,135872512,0.293519066,262144,1024,,0.00390625,,256.0,,,,,,4,4,2157445632,14553899008,0.191598,0.0,0.0,0.00795,0.0,0.00055,0.0,0.0,0.0,0.0,0.0,0.0,0.0,0.0,0.0,62.279074,0.781078,0,0,0,0,0,0,0,0.0,0.0,0.0,0.0,0.0,0.0,0.0,0,0,0,0
tiledb,node,4096,0,cold,window_256,65536,,,2048,5,59.20337000861764,135888896,135888896,135888896,0.239194308,262144,1024,,0.00390625,,256.0,,,,,,4,4,2157445632,14552842240,0.219737,0.077328,0.03299,0.00877,0.00755,27.054583,0.00126,0.0,0.0,0.047829,0.00362,23.659404,0.0,0.054649,0.381374,30.447262,0.775299,65536,256,1,1,2048,2097152,2097152,0.080028,0.049379000000000006,0.134898,21.3783,1.91375,0.113468,23.6356,1,1,1,33560584
tiledb,node,4096,0,cold,window_256,65536,,,2048,6,70.16547600505874,135684096,135684096,135684096,0.254505551,262144,1024,,0.00390625,,256.0,,,,,,4,4,2157445632,14552838144,0.229787,0.085949,0.03542,0.00931,0.007829,32.003239,0.00527,0.0,0.0,0.04717,0.00293,25.988339,0.0,0.104949,0.789768,35.93005,0.774429,131072,512,2,1,4096,4194304,4194304,0.159878,0.074159,0.203957,22.068,3.45242,0.119998,25.9654,2,2,2,67121168
tiledb,node,4096,0,cold,window_256,65536,,,2048,7,69.51643503271043,169209856,169209856,169209856,0.297253,262144,1024,,0.00390625,,256.0,,,,,,4,5,2157445632,14552834048,0.371904,0.086309,0.039949,0.0084,0.00733,33.429647,0.0026,0.0,0.0,0.057869000000000004,0.00498,26.469472,0.0,0.088919,0.776048,33.825842,0.770248,131072,512,2,1,4096,4194304,4194304,0.25296599999999997,0.141708,0.299095,22.4263,3.43281,0.115178,26.4409,2,2,2,67121168
tiledb,node,4096,0,cold,window_256,65536,,,2048,8,55.54883403237909,135634944,135634944,135634944,0.242608209,262144,1024,,0.00390625,,256.0,,,,,,4,4,2157445632,14552829952,0.238806,0.078529,0.032909,0.01468,0.00733,27.461027,0.0013,0.0,0.0,0.052379,0.00426,23.825602,0.0,0.053759,0.381164,26.390213,0.771619,65536,256,1,1,2048,2097152,2097152,0.070448,0.02615,0.134408,21.3926,2.03063,0.140648,23.7997,1,1,1,33560584
tiledb,node,4096,0,cold,window_256,65536,,,2048,9,82.46299996972084,202756096,202756096,202756096,0.352230923,262144,1024,,0.00390625,,256.0,,,,,,4,6,2157445632,14553886720,0.284876,0.0,0.0,0.008469,0.0,0.00036,0.0,0.0,0.0,0.0,0.0,0.0,0.0,0.0,0.0,81.292858,0.777958,0,0,0,0,0,0,0,0.0,0.0,0.0,0.0,0.0,0.0,0.0,0,0,0,0
tiledb,node,4096,0,cold,window_4096,1024,,,2048,0,65.41363697033376,269946880,269946880,269946880,0.292856755,4096,3596,,0.8779296875,,1.139043381535039,,,,,,2785,8,48431616,14558609408,0.154408,0.033569,0.04315,0.0115,0.006769,56.039448,0.00992,0.0,0.0,0.120529,0.119198,48.794276,0.0,0.159487,0.0342,8.669829,0.01593,1024,893,692,1,7144,7315456,7315456,1.28355,0.551994,1.53644,43.0304,3.68593,0.272366,48.7329,692,2,1,67121168
tiledb,node,4096,0,cold,window_4096,1024,,,2048,1,66.82837498374283,270274560,270274560,270274560,0.312191625,4096,3616,,0.8828125,,1.1327433628318584,,,,,,2840,8,48620032,14555758592,0.262186,0.03473,0.040369,0.00882,0.00697,65.347428,0.00891,0.0,0.0,0.113458,0.184007,53.843821,0.0,0.288835,0.04026,0.606881,0.01662,2048,1828,1424,1,14624,14974976,14974976,1.6779,0.668458,2.13532,43.7227,7.27993,0.369434,53.7672,1424,4,2,134242336
tiledb,node,4096,0,cold,window_4096,1024,,,2048,2,64.39296202734113,270258176,270258176,270258176,0.287983045,4096,3608,,0.880859375,,1.1352549889135255,,,,,,2822,8,48423424,14556418048,0.109488,0.034449,0.03886,0.009319,0.00725,63.168221,0.01195,0.0,0.0,0.090858,0.169648,51.960809,0.0,0.305595,0.052859,0.352044,0.01835,2048,1804,1387,1,14432,14778368,14778368,1.43592,0.56594,1.8383500000000002,42.0223,7.336729999999999,0.43485300000000005,51.8877,1387,4,2,134242336
tiledb,node,4096,0,cold,window_4096,1024,,,2048,3,64.51220001326874,269926400,269926400,269926400,0.304274565,4096,3621,,0.884033203125,,1.1311792322562828,,,,,,2839,8,48456192,14555705344,0.109998,0.032679,0.0405,0.008629,0.00525,63.151831,0.00953,0.0,0.0,0.170327,0.182518,52.759407,0.0,0.279306,0.035329,0.599971,0.01773,2048,1808,1414,1,14464,14811136,14811136,1.45859,0.60863,1.8967100000000001,42.4509,7.65853,0.423444,52.6839,1414,4,2,134242336
tiledb,node,4096,0,cold,window_4096,1024,,,2048,4,75.04852197598666,269991936,269991936,269991936,0.376184704,4096,3607,,0.880615234375,,1.1355697255336845,,,,,,2841,8,64315904,14556405760,0.110668,0.03265,0.038289,0.00903,0.00633,52.146986,0.00619,0.0,0.0,0.084298,0.093649,46.048728,0.0,0.149008,0.029369,22.305495,0.016289,1024,892,720,1,7136,7307264,7307264,1.11802,0.465684,1.3671200000000001,40.385400000000004,3.69974,0.374114,45.999900000000004,720,2,1,67121168
tiledb,node,4096,0,cold,window_4096,1024,,,2048,5,67.19267001608387,270098432,270098432,270098432,0.36721789,4096,3641,,0.888916015625,,1.1249656687723153,,,,,,2810,8,48652800,14556426240,0.124768,0.033329,0.039,0.00888,0.00715,65.83614,0.008409,0.0,0.0,0.092199,0.172407,53.968139,0.0,0.282155,0.03481,0.61027,0.0175,2048,1832,1413,1,14656,15007744,15007744,1.62704,0.715659,2.0801700000000003,44.1693,6.919899999999999,0.488272,53.8994,1413,4,2,134242336
tiledb,node,4096,0,cold,window_4096,1024,,,2048,6,67.12261098437011,270082048,270082048,270082048,0.31359082,4096,3622,,0.88427734375,,1.1308669243511873,,,,,,2835,8,48521728,14556385280,0.586052,0.03345,0.039429,0.00887,0.00655,55.933379,0.00291,0.0,0.0,0.074648,0.093879,48.252395,0.0,0.183927,0.049209,9.96311,0.01863,1024,906,714,1,7248,7421952,7421952,1.1890399999999999,0.4713,1.45327,42.7632,3.30251,0.474573,48.2,714,2,1,67121168
tiledb,node,4096,0,cold,window_4096,1024,,,2048,7,73.98285798262805,270266368,270266368,270266368,0.360827015,4096,3640,,0.888671875,,1.1252747252747253,,,,,,2834,8,64422400,14557188096,0.214687,0.032739,0.03721,0.00825,0.00695,48.713197,0.00549,0.0,0.0,0.065519,0.097048,43.495716,0.0,0.151578,0.03097,24.63484,0.0163,1024,912,704,1,7296,7471104,7471104,1.05122,0.45786299999999996,1.2909499999999998,38.489200000000004,3.15347,0.293195,43.4155,704,2,1,67121168
tiledb,node,4096,0,cold,window_4096,1024,,,2048,8,56.350642000325024,270356480,270356480,270356480,0.239373321,4096,3636,,0.8876953125,,1.1265126512651265,,,,,,2812,8,32776704,14554935296,0.190737,0.033769,0.0419,0.00923,0.007259,55.494196,0.01139,0.0,0.0,0.121869,0.122498,47.351088,0.0,0.156498,0.033059,0.165798,0.017699,1024,923,720,1,7384,7561216,7561216,1.2086,0.44979399999999997,1.4829,41.1499,4.138990000000001,0.299555,47.2843,720,2,1,67121168
tiledb,node,4096,0,cold,window_4096,1024,,,2048,9,66.23647402739152,269918208,269918208,269918208,0.301073115,4096,3644,,0.8896484375,,1.12403951701427,,,,,,2842,8,48644608,14555697152,0.123049,0.03383,0.040839,0.01083,0.0072,64.735017,0.00968,0.0,0.0,0.106908,0.179167,53.391428,0.0,0.303755,0.048619,0.62111,0.01787,2048,1831,1424,1,14648,14999552,14999552,1.51145,0.628291,2.00665,44.0465,6.598190000000001,0.435103,53.308800000000005,1424,4,2,134242336
tiledb,node,4096,0,cold,window_4096,8192,,,2048,0,69.71985101699829,269971456,269971456,269971456,0.314334083,32768,14167,,0.432342529296875,,2.3129808710383286,,,,,,1951,8,327393792,14555570176,0.248736,0.090108,0.03525,0.01173,0.008719,64.820016,0.00817,0.0,0.0,0.105119,0.163197,53.457446,0.0,1.062174,0.155997,2.919476,0.078359,16384,7109,956,1,56872,58236928,58236928,1.1688,0.5369539999999999,1.54867,43.1287,6.89385,1.60065,53.3993,956,4,2,134242336
tiledb,node,4096,0,cold,window_4096,8192,,,2048,1,68.37722199270502,270262272,270262272,270262272,0.309969012,32768,14213,,0.433746337890625,,2.3054949693942164,,,,,,1879,8,327352832,14555193344,0.235176,0.090728,0.03385,0.00949,0.00803,63.295758,0.030519,0.0,0.0,0.07804900000000001,0.125868,52.048087,0.0,1.067034,0.160388,3.086943,0.078879,16384,7104,949,1,56832,58195968,58195968,1.19873,0.5336730000000001,1.52458,41.5521,7.27388,1.38526,51.99,949,4,2,134242336
tiledb,node,4096,0,cold,window_4096,8192,,,2048,2,70.56834897957742,270290944,270290944,270290944,0.315555309,32768,14204,,0.4334716796875,,2.3069557871022246,,,,,,1906,8,327262720,14555770880,0.298936,0.092209,0.042399,0.00948,0.0081,64.141886,0.02957,0.0,0.0,0.109689,0.128088,52.52179,0.0,1.044374,0.145698,4.497383,0.077469,16384,7093,953,1,56744,58105856,58105856,1.2091,0.49378,1.51664,43.428399999999996,5.58991,1.7126400000000002,52.4583,953,4,2,134242336
tiledb,node,4096,0,cold,window_4096,8192,,,2048,3,71.9755879836157,270032896,270032896,270032896,0.378435811,32768,14142,,0.43157958984375,,2.317069721397256,,,,,,1925,8,326828544,14555140096,0.189227,0.091318,0.03653,0.01004,0.008719,65.473936,0.02597,0.0,0.0,0.093449,0.130148,53.000163,0.0,1.049134,0.151548,4.588331,0.078739,16384,7040,985,1,56320,57671680,57671680,1.15222,0.484472,1.50644,42.3481,7.34864,1.48418,52.9341,985,4,3,134242336
tiledb,node,4096,0,cold,window_4096,8192,,,2048,4,68.06163699366152,270204928,270204928,270204928,0.305264933,32768,14161,,0.432159423828125,,2.3139608784690346,,,,,,1941,8,326943232,14555144192,0.191017,0.0,0.0,0.00916,0.0,0.00082,0.0,0.0,0.0,0.0,0.0,0.0,0.0,0.0,0.0,67.564274,0.070549,0,0,0,0,0,0,0,0.0,0.0,0.0,0.0,0.0,0.0,0.0,0,0,0,0
tiledb,node,4096,0,cold,window_4096,8192,,,2048,5,62.705437012482435,270086144,270086144,270086144,0.30828136100000003,32768,14159,,0.432098388671875,,2.3142877321844764,,,,,,1930,8,230916608,14554353664,0.194217,0.088578,0.03594,0.01051,0.00728,58.802116,0.00615,0.0,0.0,0.079278,0.072729,50.256905,0.0,0.541691,0.085079,2.591771,0.073449,8192,3518,500,1,28144,28819456,28819456,0.934086,0.383895,1.12743,44.2931,3.82299,0.782578,50.214,500,2,1,67121168
tiledb,node,4096,0,cold,window_4096,8192,,,2048,6,81.70421101385728,270315520,270315520,270315520,0.419553497,32768,14144,,0.431640625,,2.316742081447964,,,,,,1913,8,423600640,14555942912,0.753019,0.077179,0.037359,0.00972,0.00871,73.15852,0.038309,0.0,0.0,0.083339,0.190747,56.904874,0.0,1.558986,0.223377,5.582986,0.075368,24576,10621,1426,1,84968,87007232,87007232,1.4978,0.644581,1.9647800000000002,42.6529,10.540600000000001,1.42319,56.8365,1426,6,3,201363504
tiledb,node,4096,0,cold,window_4096,8192,,,2048,7,58.53342002956197,269955072,269955072,269955072,0.249774646,32768,14119,,0.430877685546875,,2.3208442524258093,,,,,,1959,8,230793728,14554447872,0.323826,0.090549,0.03295,0.008119,0.00734,54.723077,0.00596,0.0,0.0,0.058079,0.063339,48.205975,0.0,0.530842,0.072379,2.551602,0.071069,8192,3547,483,1,28376,29057024,29057024,0.954415,0.443642,1.14326,41.8572,3.8072700000000004,1.1839000000000002,48.1637,483,2,1,67121168
tiledb,node,4096,0,cold,window_4096,8192,,,2048,8,67.55232397699729,269996032,269996032,269996032,0.301559077,32768,14169,,0.432403564453125,,2.312654386336368,,,,,,1899,8,327098880,14555181056,0.185047,0.0,0.0,0.0085,0.0,0.00099,0.0,0.0,0.0,0.0,0.0,0.0,0.0,0.0,0.0,67.083582,0.073258,0,0,0,0,0,0,0,0.0,0.0,0.0,0.0,0.0,0.0,0.0,0,0,0,0
tiledb,node,4096,0,cold,window_4096,8192,,,2048,9,70.89847401948646,270061568,270061568,270061568,0.371046627,32768,14168,,0.432373046875,,2.312817617165443,,,,,,1908,8,327188992,14555201536,0.243736,0.093448,0.03527,0.00927,0.00627,64.331222,0.00733,0.0,0.0,0.084779,0.128408,51.150801,0.0,1.063234,0.160938,4.562842,0.076099,16384,7084,943,1,56672,58032128,58032128,1.0986500000000001,0.477661,1.42034,41.8675,6.11999,1.47517,51.0983,943,4,2,134242336
tiledb,node,4096,0,cold,window_4096,65536,,,2048,0,101.36796598089859,269926400,269926400,269926400,0.466447703,262144,16384,,0.0625,,16.0,,,,,,4,8,2220360192,14550396928,0.313595,0.086738,0.03783,0.01258,0.00863,62.313013,0.038539,0.0,0.0,0.074509,0.00964,50.888814,0.0,1.197702,0.868837,35.465457,0.777138,131072,8192,2,1,65536,67108864,67108864,0.181387,0.081219,0.226617,42.7967,6.22745,1.42212,50.8537,2,4,2,134242336
tiledb,node,4096,0,cold,window_4096,65536,,,2048,1,85.8898590086028,270225408,270225408,270225408,0.348725044,262144,16384,,0.0625,,16.0,,,,,,4,8,1647313408,14550093824,0.292536,0.081628,0.03739,0.00938,0.00756,53.318708,0.00542,0.0,0.0,0.067418,0.00726,45.445957,0.0,0.638921,0.449254,29.95172,0.785838,65536,4096,1,1,32768,33554432,33554432,0.092179,0.055529999999999996,0.140448,40.8138,3.31508,0.975325,45.4127,1,2,1,67121168
tiledb,node,4096,0,cold,window_4096,65536,,,2048,2,102.68680599983782,270036992,270036992,270036992,0.417722669,262144,16384,,0.0625,,16.0,,,,,,4,8,2220360192,14551351296,0.233116,0.086809,0.037669,0.01153,0.00862,64.535819,0.031229,0.0,0.0,0.076879,0.00874,50.601309,0.0,1.224572,0.888967,34.537831,0.780658,131072,8192,2,1,65536,67108864,67108864,0.151738,0.080428,0.210727,42.8174,6.2087,1.11987,50.5653,2,4,2,134242336
tiledb,node,4096,0,cold,window_4096,65536,,,2048,3,94.52348900958896,269901824,269901824,269901824,0.386794623,262144,16384,,0.0625,,16.0,,,,,,4,8,2220360192,14551482368,0.225566,0.082209,0.037779,0.00899,0.00747,52.632549,0.00553,0.0,0.0,0.076689,0.00867,45.831791,0.0,0.610751,0.425223,39.484916,0.776059,65536,4096,1,1,32768,33554432,33554432,0.10488800000000001,0.0448,0.147498,41.0505,3.32416,1.12005,45.7891,1,2,1,67121168
tiledb,node,4096,0,cold,window_4096,65536,,,2048,4,101.94762697210535,270323712,270323712,270323712,0.415474276,262144,16384,,0.0625,,16.0,,,,,,4,8,2220360192,14551355392,0.239336,0.086859,0.038669,0.0095,0.00669,62.833145,0.00816,0.0,0.0,0.067129,0.00863,51.427776,0.0,1.224102,0.884076,35.554995,0.778469,131072,8192,2,1,65536,67108864,67108864,0.231047,0.120209,0.275366,42.0403,7.648549999999999,1.21174,51.3928,2,4,2,134242336
tiledb,node,4096,0,cold,window_4096,65536,,,2048,5,103.28786802710965,270274560,270274560,270274560,0.416577992,262144,16384,,0.0625,,16.0,,,,,,4,8,2220360192,14551355392,0.248527,0.085959,0.03856,0.009329,0.00852,64.178925,0.00903,0.0,0.0,0.070379,0.00893,53.680673,0.0,1.196942,0.871447,35.645484,0.775778,131072,8192,2,1,65536,67108864,67108864,0.25726699999999997,0.15115800000000001,0.308296,43.9063,7.71482,1.53282,53.6488,2,4,2,134242336
tiledb,node,4096,0,cold,window_4096,65536,,,2048,6,101.56971297692508,269828096,269828096,269828096,0.399790087,262144,16384,,0.0625,,16.0,,,,,,4,8,2220360192,14551355392,0.256056,0.086888,0.03776,0.00931,0.008729,63.21513,0.00842,0.0,0.0,0.066259,0.00824,52.795716,0.0,1.207612,0.877017,34.840007,0.781839,131072,8192,2,1,65536,67108864,67108864,0.198577,0.088359,0.244956,44.04750000000001,7.03513,1.2673999999999999,52.7643,2,4,2,134242336
tiledb,node,4096,0,cold,window_4096,65536,,,2048,7,101.11128899734467,269910016,269910016,269910016,0.407456818,262144,16384,,0.0625,,16.0,,,,,,4,8,2220360192,14551351296,0.320875,0.086929,0.036609,0.00974,0.00892,61.736882,0.029639,0.0,0.0,0.070929,0.00822,50.060657,0.0,1.224251,0.884297,35.725613,0.777098,131072,8192,2,1,65536,67108864,67108864,0.223356,0.104068,0.264106,42.065900000000006,6.48844,0.9993949999999999,50.022200000000005,2,4,2,134242336
tiledb,node,4096,0,cold,window_4096,65536,,,2048,8,91.23687900137156,270204928,270204928,270204928,0.415965033,262144,16384,,0.0625,,16.0,,,,,,4,8,2220360192,14551343104,0.760449,0.080659,0.036989,0.01164,0.00741,55.25276,0.00611,0.0,0.0,0.08491900000000001,0.00754,47.155061,0.0,0.63235,0.446803,32.884825,0.777639,65536,4096,1,1,32768,33554432,33554432,0.090349,0.03492,0.13302799999999998,41.993700000000004,3.61357,1.20783,47.1173,1,2,1,67121168
tiledb,node,4096,0,cold,window_4096,65536,,,2048,9,100.56310798972845,269860864,269860864,269860864,0.421785535,262144,16384,,0.0625,,16.0,,,,,,4,8,2220360192,14551343104,0.381774,0.087279,0.037439,0.00925,0.00885,62.088296,0.030759,0.0,0.0,0.07800900000000001,0.00842,51.378408,0.0,1.195672,0.868977,34.948455,0.776828,131072,8192,2,1,65536,67108864,67108864,0.23075600000000002,0.11412800000000001,0.278475,42.4837,7.228339999999999,1.1397499999999998,51.344500000000004,2,4,2,134242336
tiledb,node,4096,0,cold,window_65536,1024,,,2048,0,491.1226959666237,2283991040,2283991040,2283991040,3.377791721,4096,4062,,0.99169921875,,1.0083702609551946,,,,,,4010,68,50315776,14553726976,0.250397,0.03446,0.040729,0.01306,0.00782,489.341783,0.00472,0.0,0.0,0.127588,0.261856,403.227008,0.0,0.340894,0.05288,0.64089,0.01591,2048,2035,2010,1,16280,16670720,16670720,1.4498600000000001,0.6058110000000001,1.9875,399.331,52.4385,0.403133,403.138,2010,34,13,1141059856
tiledb,node,4096,0,cold,window_65536,1024,,,2048,1,490.6122639658861,2283704320,2283704320,2283704320,3.347057889,4096,4056,,0.990234375,,1.009861932938856,,,,,,3995,68,50274816,14554693632,0.227067,0.0,0.0,0.00911,0.0,0.00099,0.0,0.0,0.0,0.0,0.0,0.0,0.0,0.0,0.0,489.994393,0.054449,0,0,0,0,0,0,0,0.0,0.0,0.0,0.0,0.0,0.0,0.0,0,0,0,0
tiledb,node,4096,0,cold,window_65536,1024,,,2048,2,462.34141901368275,2283786240,2283786240,2283786240,2.898722369,4096,4066,,0.99267578125,,1.0073782587309394,,,,,,4000,68,67060224,14555742208,0.299136,0.03351,0.040489,0.01046,0.00728,275.35405,0.00601,0.0,0.0,0.10930799999999999,0.129998,229.49611,0.0,0.201407,0.059769,185.965114,0.0226,1024,1016,1004,1,8128,8323072,8323072,1.16591,0.43027400000000005,1.47173,206.06,21.2923,0.220097,229.42499999999998,1004,17,7,570529928
tiledb,node,4096,0,cold,window_65536,1024,,,2048,3,462.7678919932805,2048393216,2048393216,2048393216,2.927265054,4096,4061,,0.991455078125,,1.0086185668554544,,,,,,4014,67,50274816,14555701248,0.144908,0.03543,0.041759,0.01285,0.00773,461.021648,0.02746,0.0,0.0,0.183028,0.279816,378.453249,0.0,0.340025,0.124719,0.64969,0.01814,2048,2030,2004,1,16240,16629760,16629760,1.90603,0.737662,2.52645,339.248,49.1911,0.408964,378.347,2004,33,13,1107499272
tiledb,node,4096,0,cold,window_65536,1024,,,2048,4,484.8727000062354,2283528192,2283528192,2283528192,3.299727868,4096,4063,,0.991943359375,,1.008122077282796,,,,,,3989,68,50332160,14554640384,0.264736,0.0,0.0,0.00872,0.0,0.00065,0.0,0.0,0.0,0.0,0.0,0.0,0.0,0.0,0.0,484.330838,0.031099,0,0,0,0,0,0,0,0.0,0.0,0.0,0.0,0.0,0.0,0.0,0,0,0,0
tiledb,node,4096,0,cold,window_65536,1024,,,2048,5,483.8306350284256,2283753472,2283753472,2283753472,3.425614853,4096,4066,,0.99267578125,,1.0073782587309394,,,,,,3991,68,50291200,14554640384,0.335955,0.034359,0.04218,0.00945,0.00714,482.055952,0.005879,0.0,0.0,0.148228,0.263866,404.281972,0.0,0.335715,0.055959,0.64021,0.01833,2048,2032,1997,1,16256,16646144,16646144,1.7393,0.836228,2.3460199999999998,400.428,50.7683,0.37049499999999996,404.19100000000003,1997,34,13,1141059856
tiledb,node,4096,0,cold,window_65536,1024,,,2048,6,491.70710699399933,2283876352,2283876352,2283876352,3.074899773,4096,4064,,0.9921875,,1.0078740157480315,,,,,,3991,68,50299392,14553595904,0.283936,0.035009,0.039569,0.01379,0.00685,490.319088,0.01478,0.0,0.0,0.133228,0.234956,408.730255,0.0,0.342355,0.055159,0.269436,0.01873,2048,2033,1992,1,16264,16654336,16654336,1.64108,0.678923,2.23384,404.97499999999997,54.0063,0.38283399999999995,408.629,1992,34,13,1141059856
tiledb,node,4096,0,cold,window_65536,1024,,,2048,7,496.52312498074025,2283573248,2283573248,2283573248,3.4904434760000003,4096,4069,,0.993408203125,,1.0066355369869746,,,,,,4004,68,50332160,14553608192,0.753959,0.03535,0.041369,0.00943,0.00708,494.18856,0.00371,0.0,0.0,0.125018,0.251406,412.855573,0.0,0.342525,0.133568,0.65865,0.01913,2048,2037,2002,1,16296,16687104,16687104,1.44174,0.624771,1.91262,409.19,54.7412,0.361155,412.76800000000003,2002,34,13,1141059856
tiledb,node,4096,0,cold,window_65536,1024,,,2048,8,486.9964279932901,2283585536,2283585536,2283585536,3.350428482,4096,4062,,0.99169921875,,1.0083702609551946,,,,,,3989,68,50274816,14553600000,0.273956,0.034109,0.04092,0.00953,0.00722,374.262913,0.00403,0.0,0.0,0.11010800000000001,0.132598,318.719329,0.0,0.201907,0.051739,111.762589,0.02246,1024,1017,999,1,8136,8331264,8331264,1.25121,0.5210710000000001,1.58121,314.90299999999996,30.7348,0.18854700000000002,318.647,999,17,7,570529928
tiledb,node,4096,0,cold,window_65536,1024,,,2048,9,463.9458750025369,2283692032,2283692032,2283692032,3.093777767,4096,4073,,0.994384765625,,1.005646943285048,,,,,,4003,68,67092992,14555656192,0.299616,0.101048,0.03622,0.009439,0.00707,461.834666,0.0134,0.0,0.0,0.165597,0.355375,381.988287,0.0,0.492643,0.067239,0.782759,0.016099,3072,3054,3000,1,24432,25018368,25018368,3.06361,0.870197,4.03549,375.395,57.8902,0.5343019999999999,381.85400000000004,3000,51,19,1711589784
tiledb,node,4096,0,cold,window_65536,8192,,,2048,0,474.94921897305176,2048229376,2048229376,2048229376,3.135609379,32768,30805,,0.940093994140625,,1.06372342152248,,,,,,27252,68,395280896,14611386368,0.289666,0.0,0.0,0.0116,0.0,0.00084,0.0,0.0,0.0,0.0,0.0,0.0,0.0,0.0,0.0,474.296879,0.075268,0,0,0,0,0,0,0,0.0,0.0,0.0,0.0,0.0,0.0,0.0,0,0,0,0
tiledb,node,4096,0,cold,window_65536,8192,,,2048,1,523.4621500130743,2283659264,2283659264,2283659264,3.458577314,32768,30786,,0.93951416015625,,1.0643799129474436,,,,,,27198,68,395248128,14588182528,0.243356,0.094039,0.035059,0.01047,0.00943,515.761565,0.019689,0.0,0.0,0.347975,1.531787,437.490462,0.0,2.264116,0.207247,4.418664,0.076609,16384,15392,13582,1,123136,126091264,126091264,4.37387,2.25326,7.61348,382.964,50.4219,2.03239,437.167,13582,34,13,1141059856
tiledb,node,4096,0,cold,window_65536,8192,,,2048,2,492.1993699972518,2283589632,2283589632,2283589632,2.920882209,32768,30757,,0.938629150390625,,1.06538348993725,,,,,,27096,68,525681152,14598148096,0.212867,0.0,0.0,0.00975,0.0,0.00083,0.0,0.0,0.0,0.0,0.0,0.0,0.0,0.0,0.0,491.564309,0.092239,0,0,0,0,0,0,0,0.0,0.0,0.0,0.0,0.0,0.0,0.0,0,0,0,0
tiledb,node,4096,0,cold,window_65536,8192,,,2048,3,519.9562620255165,2283655168,2283655168,2283655168,3.117927507,32768,30775,,0.939178466796875,,1.0647603574329814,,,,,,27218,68,525812224,14615244800,0.343644,0.078489,0.037539,0.01023,0.01146,509.762836,0.02047,0.0,0.0,0.510463,2.103168,431.485232,0.0,3.366699,0.299386,5.641305,0.076009,24576,23098,20430,1,184784,189218816,189218816,9.92994,4.19884,15.5949,360.885,53.5397,2.7694400000000003,430.988,20430,51,19,1711589784
tiledb,node,4096,0,cold,window_65536,8192,,,2048,4,490.1925100130029,2283601920,2283601920,2283601920,3.4687205789999997,32768,30823,,0.940643310546875,,1.0631022288550758,,,,,,27323,68,395461120,14613114880,0.523722,0.095469,0.037869,0.01132,0.00904,467.698788,0.01456,0.0,0.0,0.467363,1.530567,382.077035,0.0,2.264506,0.209656,18.924305,0.076279,16384,15405,13663,1,123240,126197760,126197760,5.45448,2.7504999999999997,8.77245,370.527,51.2559,2.08078,381.65700000000004,13663,34,13,1141059856
tiledb,node,4096,0,cold,window_65536,8192,,,2048,5,496.4108369895257,2283692032,2283692032,2283692032,3.216046748,32768,30803,,0.940032958984375,,1.0637924877447003,,,,,,27123,68,525918720,14622134272,0.252556,0.078728,0.03831,0.01111,0.01137,486.252939,0.047399,0.0,0.0,0.591221,2.214127,406.852603,0.0,3.369019,0.374514,5.596525,0.074489,24576,23111,20368,1,184888,189325312,189325312,8.72219,4.1368,13.976799999999999,360.829,54.0835,2.7078100000000003,406.39,20368,51,19,1711589784
tiledb,node,4096,0,cold,window_65536,8192,,,2048,6,517.0198659761809,2283790336,2283790336,2283790336,2.991311241,32768,30827,,0.940765380859375,,1.0629642845557465,,,,,,27278,68,525918720,14604742656,0.263646,0.091909,0.037769,0.01182,0.00862,253.198693,0.03815,0.0,0.0,0.25899700000000003,0.804828,199.324313,0.0,1.156103,0.117138,261.715194,0.073669,8192,7716,6798,1,61728,63209472,63209472,3.35473,1.49364,4.89262,190.962,22.7696,1.09302,199.131,6798,17,7,570529928
tiledb,node,4096,0,cold,window_65536,8192,,,2048,7,517.7017070236616,2283700224,2283700224,2283700224,3.383529245,32768,30720,,0.9375,,1.0666666666666667,,,,,,27171,68,395289088,14604308480,0.919306,0.093869,0.035439,0.00994,0.00928,509.203844,0.01452,0.0,0.0,0.369104,1.547577,430.115833,0.0,2.264796,0.203707,4.583472,0.076138,16384,15397,13609,1,123176,126132224,126132224,4.1225000000000005,2.0461099999999997,6.95041,378.749,52.547000000000004,2.08371,429.801,13609,34,13,1141059856
tiledb,node,4096,0,cold,window_65536,8192,,,2048,8,509.1386049753055,2283573248,2283573248,2283573248,3.644979905,32768,30797,,0.939849853515625,,1.0639997402344383,,,,,,27099,68,395346432,14587183104,0.209147,0.0,0.0,0.01183,0.0,0.00164,0.0,0.0,0.0,0.0,0.0,0.0,0.0,0.0,0.0,508.457105,0.098419,0,0,0,0,0,0,0,0.0,0.0,0.0,0.0,0.0,0.0,0.0,0,0,0,0
tiledb,node,4096,0,cold,window_65536,8192,,,2048,9,513.4809089940973,2283524096,2283524096,2283524096,3.520752234,32768,30842,,0.94122314453125,,1.0624473121068672,,,,,,27185,68,395698688,14587166720,0.212576,0.093529,0.036119,0.00975,0.00914,505.812715,0.01401,0.0,0.0,0.339035,1.542497,424.296701,0.0,2.269926,0.208257,4.420073,0.076429,16384,15447,13599,1,123576,126541824,126541824,4.14486,1.99743,7.3515999999999995,391.275,55.7408,2.12731,423.99199999999996,13599,34,13,1141059856
tiledb,node,4096,0,cold,window_65536,65536,,,2048,0,577.2661310038529,2283651072,2283651072,2283651072,3.8588985140000003,262144,165856,,0.6326904296875,,1.580551803974532,,,,,,61164,68,2833031680,14669381632,0.482593,0.092349,0.037549,0.01185,0.02043,524.577263,0.235556,0.0,0.0,0.70739,3.364939,438.006274,0.0,11.95976,1.286161,37.693193,0.780258,131072,82875,30552,1,663000,678912000,678912000,11.459499999999998,5.92002,19.0304,374.27700000000004,43.7852,12.443,437.24800000000005,30552,34,13,1141059856
tiledb,node,4096,0,cold,window_65536,65536,,,2048,1,576.5796510386281,2283528192,2283528192,2283528192,3.8556520180000002,262144,165959,,0.6330833435058594,,1.579570857862484,,,,,,60814,68,2833170944,14637371392,0.369594,0.092098,0.03848,0.00965,0.019929,526.12739,0.071919,0.0,0.0,0.6882389999999999,3.377749,442.202252,0.0,11.95857,1.287271,35.591105,0.781748,131072,82998,30457,1,663984,679919616,679919616,8.32537,4.5016,14.6229,377.05699999999996,53.7596,9.39733,441.58599999999996,30457,34,13,1141059856
tiledb,node,4096,0,cold,window_65536,65536,,,2048,2,565.3056500013918,2283626496,2283626496,2283626496,3.54438839,262144,165848,,0.632659912109375,,1.580628044956828,,,,,,60850,68,2832728576,14636920832,0.345855,0.092718,0.03716,0.01302,0.020169,515.211924,0.066639,0.0,0.0,0.64349,3.389399,431.00325,0.0,11.928821,1.28842,35.225741,0.782978,131072,82817,30510,1,662536,678436864,678436864,8.28595,4.3884,15.132299999999999,384.73,56.1654,8.89798,430.38599999999997,30510,34,13,1141059856
tiledb,node,4096,0,cold,window_65536,65536,,,2048,3,517.1843440039083,2283757568,2283757568,2283757568,3.99326353,262144,166012,,0.6332855224609375,,1.5790665735007108,,,,,,60943,68,1954931200,14617960448,0.231786,0.082908,0.03687,0.01253,0.01342,475.880325,0.035099,0.0,0.0,0.393274,1.803933,415.154138,0.0,6.019669,0.64759,33.102552,0.779188,65536,41538,15241,1,332304,340279296,340279296,5.85399,3.1634800000000003,9.080029999999999,401.74399999999997,32.978699999999996,7.01549,414.82099999999997,15241,17,7,570529928
tiledb,node,4096,0,cold,window_65536,65536,,,2048,4,558.843347011134,2283524096,2283524096,2283524096,3.90507964,262144,165653,,0.6319160461425781,,1.5824886962505962,,,,,,61016,68,2831966720,14637584384,0.348265,0.090368,0.03871,0.01161,0.020599,508.742611,0.261466,0.0,0.0,0.65028,3.175372,424.970771,0.0,11.930391,1.361529,35.178921,0.780478,131072,82851,30470,1,662808,678715392,678715392,9.218580000000001,3.52542,15.5455,382.521,54.387100000000004,8.67528,424.23,30470,34,13,1141059856
tiledb,node,4096,0,cold,window_65536,65536,,,2048,5,568.9241960062645,2283585536,2283585536,2283585536,3.850706171,262144,165510,,0.6313705444335938,,1.5838559603649327,,,,,,61220,68,2831974912,14637248512,0.303776,0.089829,0.038369,0.01043,0.02025,519.565678,0.066689,0.0,0.0,0.63597,3.35761,436.35668,0.0,11.932491,1.28342,34.55315,0.780598,131072,82852,30543,1,662816,678723584,678723584,7.63361,3.72159,13.2655,373.298,53.946099999999994,8.89089,435.74800000000005,30543,34,13,1141059856
tiledb,node,4096,0,cold,window_65536,65536,,,2048,6,567.6925140433013,2283839488,2283839488,2283839488,3.879492247,262144,165794,,0.6324539184570312,,1.581142864036093,,,,,,61155,68,2832728576,14637629440,0.233086,0.090529,0.038109,0.01311,0.02037,518.138219,0.212567,0.0,0.0,0.67133,3.343269,438.038034,0.0,11.941801,1.283941,34.782287,0.778498,131072,82920,30640,1,663360,679280640,679280640,12.8521,5.87103,21.7534,368.77700000000004,44.9709,13.171999999999999,437.21,30640,34,13,1141059856
tiledb,node,4096,0,cold,window_65536,65536,,,2048,7,566.1044779699296,2283667456,2283667456,2283667456,3.8652605330000003,262144,165392,,0.63092041015625,,1.5849859727193576,,,,,,60775,68,2832728576,14673465344,0.310416,0.087999,0.036089,0.0105,0.01946,513.958703,0.266466,0.0,0.0,0.65523,3.148343,425.293216,0.0,12.038389,1.28228,37.22716,0.782198,131072,82505,30426,1,660040,675880960,675880960,11.0496,5.1582099999999995,17.9913,376.88100000000003,53.7038,10.567,424.556,30426,34,13,1141059856
tiledb,node,4096,0,cold,window_65536,65536,,,2048,8,546.8282789806835,2283778048,2283778048,2283778048,3.707313579,262144,165709,,0.6321296691894531,,1.5819539071504867,,,,,,60901,68,2832728576,14654586880,0.256636,0.081209,0.037779,0.01011,0.01312,374.777885,0.032679,0.0,0.0,0.35608399999999996,1.565157,314.830897,0.0,5.98214,0.6501,163.890005,0.782369,65536,41383,15227,1,331064,339009536,339009536,5.253439999999999,2.71928,8.749220000000001,294.031,28.4522,8.24827,314.504,15227,17,7,570529928
tiledb,node,4096,0,cold,window_65536,65536,,,2048,9,576.949856011197,2283802624,2283802624,2283802624,3.544307142,262144,165707,,0.6321220397949219,,1.5819730005370927,,,,,,61063,68,3711074816,14678274048,0.288506,0.094909,0.046029,0.01136,0.02601,511.040216,0.144897,0.0,0.0,1.069523,4.900587,427.409444,0.0,17.880501,1.902752,44.521,0.782999,196608,124308,45789,1,994464,1018331136,1018331136,19.6498,7.67991,31.468700000000002,343.514,60.3543,13.2802,426.33500000000004,45789,51,19,1711589784
tiledb,node,4096,0,warm,random,1024,,,2048,0,1410.4437439818867,0,0,0,45.358239081,4096,4095,,0.999755859375,,1.0002442002442002,,,,,,4095,3659,33901568,14556487680,0.117368,0.033839,0.04196,0.012,0.00753,1409.30296,0.026719,0.0,0.0,0.103519,0.133108,1320.146351,0.0,0.199117,0.05056,0.272116,0.01908,1020,1020,1020,1,8160,8355840,8355840,1.2140199999999999,0.534354,1.6401000000000001,1060.86,812.943,2.50767,1320.08,1020,638,334,21411652592
tiledb,node,4096,0,warm,random,1024,,,2048,1,1404.760418983642,0,0,0,45.749449611,4096,4096,,1.0,,1.0,,,,,,4096,3621,33836032,14556557312,0.188457,0.034829,0.04276,0.00932,0.00627,1403.595606,0.006269,0.0,0.0,0.10178899999999999,0.144818,1306.159551,0.0,0.201787,0.053559,0.286745,0.0195,1038,1038,1038,1,8304,8503296,8503296,1.55678,0.660788,1.9857799999999999,1113.73,867.382,2.3895600000000004,1306.09,1038,645,327,21646576680
tiledb,node,4096,0,warm,random,1024,,,2048,2,1409.7177839721553,0,0,0,45.827440918,4096,4095,,0.999755859375,,1.0002442002442002,,,,,,4095,3611,34245632,14556528640,0.117858,0.03463,0.040779,0.01004,0.00666,1387.43241,0.00984,0.0,0.0,0.108478,0.134188,1287.63405,0.0,0.195707,0.052779,21.473818,0.019159,993,993,993,1,7944,8134656,8134656,1.3458700000000001,0.543959,1.75718,1077.98,820.0110000000001,2.34862,1287.55,993,606,323,20337713904
tiledb,node,4096,0,warm,random,1024,,,2048,3,1413.1774730049074,0,0,0,45.045654463,4096,4096,,1.0,,1.0,,,,,,4096,3634,33704960,14556516352,0.152338,0.03406,0.040229,0.00944,0.00713,1385.572358,0.00851,0.0,0.0,0.093488,0.132648,1274.706385,0.0,0.198337,0.050169,26.766978,0.01857,1018,1018,1018,1,8144,8339456,8339456,1.33253,0.6884480000000001,1.81365,1034.88,845.452,2.33186,1274.64,1018,648,330,21747258432
tiledb,node,4096,0,warm,random,1024,,,2048,4,1399.9846809892915,0,0,0,45.255223028,4096,4096,,1.0,,1.0,,,,,,4096,3603,33934336,14556160000,0.123238,0.034159,0.04116,0.00979,0.006429,1398.883188,0.00838,0.0,0.0,0.101599,0.128018,1316.670774,0.0,0.198457,0.050579,0.277575,0.01929,1020,1020,1019,1,8160,8355840,8355840,1.43365,0.616861,1.86449,1080.22,862.641,2.4617,1316.6100000000001,1019,642,344,21545894928
tiledb,node,4096,0,warm,random,1024,,,2048,5,1429.1874319897033,0,0,0,44.582412293000004,4096,4096,,1.0,,1.0,,,,,,4096,3624,34098176,14556143616,0.168307,0.033689,0.04136,0.009729,0.00648,1428.04483,0.00815,0.0,0.0,0.099639,0.150678,1350.16031,0.0,0.199857,0.050679,0.285626,0.01855,1045,1045,1045,1,8360,8560640,8560640,1.73781,0.76417,2.20137,1051.19,849.246,2.38414,1350.09,1045,657,330,22049303688
tiledb,node,4096,0,warm,random,1024,,,2048,6,1402.1183080039918,0,0,0,46.336544191,4096,4096,,1.0,,1.0,,,,,,4096,3624,34106368,14556106752,0.155208,0.033279,0.04068,0.00956,0.007289,1400.999056,0.00263,0.0,0.0,0.104369,0.142138,1321.098307,0.0,0.205887,0.049899,0.273325,0.01858,1055,1054,1054,1,8432,8634368,8634368,1.518,0.65519,1.94772,1041.93,889.9970000000001,2.47565,1321.02,1054,648,334,21747258432
tiledb,node,4096,0,warm,random,1024,,,2048,7,1441.1709620035253,0,0,0,44.748972508,4096,4096,,1.0,,1.0,,,,,,4095,3638,33999872,14556086272,0.184288,0.03393,0.041759,0.01029,0.00665,1439.93793,0.00753,0.0,0.0,0.100609,0.156187,1354.855639,0.0,0.205297,0.116378,0.284255,0.0187,1048,1048,1048,1,8384,8585216,8585216,1.63638,0.775097,2.12228,1161.07,749.337,2.46136,1354.79,1048,665,338,22317788360
tiledb,node,4096,0,warm,random,1024,,,2048,8,1430.2383259637281,0,0,0,44.71431268,4096,4096,,1.0,,1.0,,,,,,4096,3610,34343936,14555967488,0.741879,0.034459,0.042579,0.0091,0.00624,1399.848363,0.00998,0.0,0.0,0.097439,0.131438,1295.953875,0.0,0.197697,0.048399,28.960134,0.01914,1021,1021,1021,1,8168,8364032,8364032,1.41427,0.648993,1.8618599999999998,1051.11,873.141,2.79738,1295.8899999999999,1021,649,331,21780819016
tiledb,node,4096,0,warm,random,1024,,,2048,9,1407.8737230156548,0,0,0,47.026434413000004,4096,4096,,1.0,,1.0,,,,,,4096,3596,34393088,14556094464,0.158708,0.034299,0.04008,0.009719,0.00628,1406.74223,0.01235,0.0,0.0,0.097468,0.141038,1317.424843,0.0,0.199207,0.048649,0.291616,0.0159,1036,1036,1036,1,8288,8486912,8486912,1.51828,0.667301,1.9450800000000001,1096.19,857.4190000000001,2.49892,1317.3600000000001,1036,640,333,21478773760
tiledb,node,4096,0,warm,random,8192,,,2048,0,2171.133416995872,0,0,0,60.152722284999996,32768,32755,,0.999603271484375,,1.0003968859716075,,,,,,32736,14178,269741056,14588317696,0.272266,0.090869,0.037249,0.01267,0.00853,2167.263535,0.053489,0.0,0.0,0.234777,1.020774,2073.241468,0.0,1.229781,0.121808,1.650005,0.075329,8245,8232,8214,1,65856,67436544,67436544,4.7132,2.31172,7.28111,1534.2,1178.22,6.67924,2073.0400000000004,8214,1024,384,34366038016
tiledb,node,4096,0,warm,random,8192,,,2048,1,2178.7555419723503,0,0,0,60.751974127,32768,32756,,0.9996337890625,,1.0003663450970814,,,,,,32741,14191,270448128,14586728448,0.236736,0.096339,0.038279,0.01018,0.00815,2175.020608,0.031209,0.0,0.0,0.289806,1.023125,2095.605662,0.0,1.225292,0.104638,1.644285,0.073369,8296,8285,8267,1,66280,67870720,67870720,5.4674,1.99896,8.6411,1527.8799999999999,1209.11,6.04765,2094.96,8267,1024,384,34366038016
tiledb,node,4096,0,warm,random,8192,,,2048,2,2168.5605850070715,0,0,0,58.612805352,32768,32755,,0.999603271484375,,1.0003968859716075,,,,,,32742,14161,270775808,14586499072,0.270026,0.094619,0.038329,0.01006,0.00827,2164.710873,0.02995,0.0,0.0,0.24032599999999998,0.927176,2081.616063,0.0,1.241942,0.122038,1.636515,0.075579,8314,8307,8289,1,66456,68050944,68050944,4.7715700000000005,2.0821099999999997,7.18763,1532.45,1191.0400000000002,6.31903,2081.42,8289,1023,383,34332477432
tiledb,node,4096,0,warm,random,8192,,,2048,3,2174.449926998932,0,0,0,59.171898723,32768,32764,,0.9998779296875,,1.0001220852154804,,,,,,32746,14169,270489088,14586519552,0.241496,0.093269,0.036549,0.01002,0.00823,2170.613234,0.00846,0.0,0.0,0.23830600000000002,0.926746,2103.390555,0.0,1.244052,0.121238,1.651235,0.076129,8296,8290,8270,1,66320,67911680,67911680,4.38836,1.94987,6.58875,1464.46,1121.15,5.63273,2103.18,8270,1024,384,34366038016
tiledb,node,4096,0,warm,random,8192,,,2048,4,2193.5071499901824,0,0,0,59.276088364,32768,32757,,0.999664306640625,,1.0003358060872485,,,,,,32746,14132,269593600,14586077184,0.211467,0.094779,0.038199,0.01002,0.00882,2189.733947,0.03134,0.0,0.0,0.304585,0.841228,2124.059675,0.0,1.222821,0.118319,1.648875,0.074249,8187,8179,8162,1,65432,67002368,67002368,3.3874999999999997,1.62352,5.51612,1403.78,1093.42,5.59042,2123.8,8162,1024,384,34366038016
tiledb,node,4096,0,warm,random,8192,,,2048,5,2194.6537530166097,0,0,0,59.492415806000004,32768,32755,,0.999603271484375,,1.0003968859716075,,,,,,32745,14163,269899264,14589222912,0.229156,0.091069,0.036479,0.01092,0.00925,2053.761471,0.00895,0.0,0.0,0.244455,0.913807,1936.443245,0.0,1.223112,0.203437,138.574107,0.115149,8128,8119,8106,1,64952,66510848,66510848,3.68412,2.01119,6.2215,1615.53,1170.0,6.28489,1936.22,8106,1024,384,34366038016
tiledb,node,4096,0,warm,random,8192,,,2048,6,2200.5294539849274,0,0,0,58.631143357,32768,32761,,0.999786376953125,,1.0002136686914318,,,,,,32749,14131,270751232,14586265600,0.276256,0.093019,0.036959,0.01053,0.00923,2196.712212,0.032109,0.0,0.0,0.31511500000000003,0.832808,2129.138298,0.0,1.218072,0.116909,1.630375,0.075629,8123,8113,8102,1,64904,66461696,66461696,4.12528,1.9889999999999999,6.54311,1507.04,1122.49,5.93661,2128.87,8102,1024,384,34366038016
tiledb,node,4096,0,warm,random,8192,,,2048,7,2181.940003996715,0,0,0,59.630026524,32768,32759,,0.999725341796875,,1.0002747336609787,,,,,,32739,14194,270063104,14586273792,0.286386,0.093249,0.035559,0.00992,0.00926,2178.072603,0.03046,0.0,0.0,0.226837,0.888717,2101.288806,0.0,1.223841,0.120928,1.669045,0.074489,8162,8157,8138,1,65256,66822144,66822144,3.34411,1.65686,5.601570000000001,1493.46,1171.08,6.30234,2101.1000000000004,8138,1023,383,34332477432
tiledb,node,4096,0,warm,random,8192,,,2048,8,2187.3382630292326,0,0,0,58.509416929,32768,32760,,0.999755859375,,1.0002442002442002,,,,,,32742,14084,270235136,14586130432,0.206477,0.093558,0.041139,0.01006,0.00852,2183.602119,0.03383,0.0,0.0,0.24069600000000002,0.899416,2100.829834,0.0,1.225472,0.105818,1.657336,0.075169,8194,8189,8168,1,65512,67084288,67084288,3.2815399999999997,1.5522699999999998,5.560759999999999,1531.1999999999998,1231.23,6.6126700000000005,2100.63,8168,1024,384,34366038016
tiledb,node,4096,0,warm,random,8192,,,2048,9,2251.8007940379903,0,0,0,58.135647116,32768,32763,,0.999847412109375,,1.0001526111772425,,,,,,32736,14222,270456320,14588735488,0.210617,0.092259,0.039209,0.00988,0.00831,2247.980881,0.03049,0.0,0.0,0.237417,0.938806,2174.502446,0.0,1.240722,0.119818,1.662705,0.076819,8293,8289,8272,1,66312,67903488,67903488,4.33607,1.78178,6.63669,1495.64,1093.78,6.09896,2174.3,8272,1024,384,34366038016
tiledb,node,4096,0,warm,random,65536,,,2048,0,2320.4547810018994,0,0,0,60.545352359,262144,261627,,0.9980278015136719,,1.0019760957393542,,,,,,260583,16384,2151669248,14828097536,0.816198,0.084489,0.03835,0.013079,0.01698,2222.725631,0.052909,0.0,0.0,1.2920509999999998,6.952445,2107.437494,0.0,9.32476,0.777958,85.501595,0.773908,65200,64667,63663,1,517336,529752064,529752064,24.002,15.7418,42.276399999999995,1520.76,1247.71,26.3653,2106.21,63663,1024,384,34366038016
tiledb,node,4096,0,warm,random,65536,,,2048,1,2346.224053995684,0,0,0,59.948437485,262144,261609,,0.9979591369628906,,1.0020450366768727,,,,,,260581,16384,2152676864,14828789760,0.298455,0.088389,0.038099,0.0114,0.01682,2322.258244,0.051029,0.0,0.0,1.756474,6.64541,2227.935963,0.0,9.29962,0.778139,12.313635,0.775328,64997,64493,63493,1,515944,528326656,528326656,18.869899999999998,10.865400000000001,36.3361,1393.89,1083.06,24.1467,2226.66,63493,1024,384,34366038016
tiledb,node,4096,0,warm,random,65536,,,2048,2,2331.668063008692,0,0,0,61.158012439000004,262144,261642,,0.9980850219726562,,1.0019186522041568,,,,,,260678,16384,2151658496,14829248512,0.293346,0.083939,0.038769,0.01108,0.01707,2307.721263,0.051889,0.0,0.0,1.254611,6.782018,2212.655922,0.0,9.391759,0.786768,12.204327,0.770748,65661,65130,64100,1,521040,533544960,533544960,20.3279,12.6079,37.724199999999996,1398.82,1176.1399999999999,20.6879,2211.43,64100,1024,384,34366038016
tiledb,node,4096,0,warm,random,65536,,,2048,3,2324.1865950403735,0,0,0,60.525286598,262144,261637,,0.9980659484863281,,1.0019377993173748,,,,,,260688,16384,2154842112,14829244416,0.266586,0.084809,0.039949,0.01159,0.01499,2300.240565,0.051229,0.0,0.0,1.247501,6.69734,2207.196564,0.0,9.33186,0.779438,12.286236,0.775268,65238,64707,63683,1,517656,530079744,530079744,19.7119,11.6268,36.341,1507.8700000000001,1161.8200000000002,24.2431,2205.99,63683,1024,384,34366038016
tiledb,node,4096,0,warm,random,65536,,,2048,4,2312.0917679625563,0,0,0,61.762199124999995,262144,261619,,0.9979972839355469,,1.0020067349848443,,,,,,260580,16384,2150238720,14829015040,0.256396,0.090109,0.037489,0.01142,0.01623,2288.016679,0.051429,0.0,0.0,3.307261,7.96154,2199.744586,0.0,9.367349,0.849307,12.291495,0.802058,65347,64840,63826,1,518720,531169280,531169280,19.6309,11.7442,37.0481,1466.76,1178.0900000000001,24.6453,2197.4,63826,1024,384,34366038016
tiledb,node,4096,0,warm,random,65536,,,2048,5,2304.680068977177,0,0,0,59.526535766,262144,261647,,0.9981040954589844,,1.0018995058227307,,,,,,260634,16384,2148521472,14829694976,0.357365,0.084069,0.03728,0.009319,0.01582,2280.708009,0.052789,0.0,0.0,3.99512,6.730129,2182.309958,0.0,9.401299,0.787388,12.162468,0.772949,65643,65171,64168,1,521368,533880832,533880832,19.269399999999997,12.289299999999999,37.411,1372.9,1107.41,25.2297,2180.05,64168,1024,384,34366038016
tiledb,node,4096,0,warm,random,65536,,,2048,6,2378.1089440453798,0,0,0,63.422479973,262144,261607,,0.9979515075683594,,1.0020526973666606,,,,,,260609,16384,2150205952,14829879296,0.331985,0.084869,0.039049,0.01067,0.01808,2354.108375,0.052099,0.0,0.0,1.256611,6.757199,2262.917686,0.0,9.432638,0.786339,12.159417,0.776058,65744,65227,64247,1,521816,534339584,534339584,21.297900000000002,12.7178,44.0858,1531.9,1263.99,24.313100000000002,2261.69,64247,1024,384,34366038016
tiledb,node,4096,0,warm,random,65536,,,2048,7,2323.427486990113,0,0,0,59.367404038,262144,261597,,0.9979133605957031,,1.0020910025726595,,,,,,260572,16384,2149556224,14829953024,0.273146,0.084579,0.038309,0.01078,0.01681,2299.424448,0.051069,0.0,0.0,1.253051,6.6117,2206.572314,0.0,9.358289,0.860677,12.226726,0.768709,65396,64897,63957,1,519176,531636224,531636224,19.459600000000002,11.979800000000001,38.1558,1407.98,1130.39,23.687099999999997,2205.36,63957,1024,384,34366038016
tiledb,node,4096,0,warm,random,65536,,,2048,8,2332.6673380215652,0,0,0,63.813781131,262144,261629,,0.9980354309082031,,1.0019684362207553,,,,,,260622,16384,2151527424,14829780992,0.273366,0.087439,0.037239,0.01242,0.01679,2308.687788,0.051349,0.0,0.0,1.274981,6.774408,2209.908874,0.0,9.32053,0.848787,12.296495,0.776178,65186,64693,63737,1,517544,529965056,529965056,21.7172,11.6658,41.544900000000005,1609.6699999999998,1263.46,25.1293,2208.6800000000003,63737,1024,384,34366038016
tiledb,node,4096,0,warm,random,65536,,,2048,9,2315.640934044495,0,0,0,63.631316743,262144,261633,,0.9980506896972656,,1.0019531175348675,,,,,,260582,16384,2150593536,14829658112,0.782458,0.086838,0.0365,0.01288,0.017329,2226.14518,0.0523,0.0,0.0,1.268121,6.840927,2111.586742,0.0,9.400679,0.782778,77.257938,0.769929,65498,65008,63960,1,520064,532545536,532545536,18.738500000000002,9.77841,36.071400000000004,1559.06,1243.88,23.7272,2110.36,63960,1024,384,34366038016
tiledb,node,4096,0,warm,window_256,1024,,,2048,0,26.62972896359861,0,0,0,0.167791872,4096,1002,,0.24462890625,,4.087824351297405,,,,,,25,4,48202240,14554304512,0.166147,0.0,0.0,0.00936,0.0,0.00049,0.0,0.0,0.0,0.0,0.0,0.0,0.0,0.0,0.0,26.278475,0.01678,0,0,0,0,0,0,0,0.0,0.0,0.0,0.0,0.0,0.0,0.0,0,0,0,0
tiledb,node,4096,0,warm,window_256,1024,,,2048,1,28.74039701418951,0,0,0,0.15406978,4096,1009,,0.246337890625,,4.059464816650149,,,,,,18,5,37839360,14554247168,0.102628,0.03306,0.047219,0.00887,0.0065,11.905491,0.00258,0.0,0.0,0.07203899999999999,0.00734,8.928715,0.0,0.056329,0.027679,16.357884,0.01671,1024,251,5,1,2008,2056192,2056192,0.377534,0.171527,0.43075399999999997,6.0293600000000005,2.182,0.134088,8.89482,5,1,1,33560584
tiledb,node,4096,0,warm,window_256,1024,,,2048,2,22.81080698594451,0,0,0,0.14273350899999998,4096,1007,,0.245849609375,,4.067527308838133,,,,,,20,5,27288064,14554152960,0.112809,0.03276,0.037579,0.0087,0.00741,12.272346,0.0022,0.0,0.0,0.060919,0.00634,9.27453,0.0,0.050869,0.028199,10.076809,0.017359,1024,252,4,1,2016,2064384,2064384,0.29379500000000003,0.14072800000000002,0.361754,6.352799999999999,2.2619900000000004,0.163408,9.24496,4,1,1,33560584
tiledb,node,4096,0,warm,window_256,1024,,,2048,3,20.324593991972506,0,0,0,0.130549976,4096,1010,,0.24658203125,,4.0554455445544555,,,,,,18,4,37839360,14554169344,0.170827,0.033659,0.03885,0.00901,0.007259,19.212691,0.0049,0.0,0.0,0.063129,0.00743,14.00439,0.0,0.088529,0.0305,0.596121,0.014579,2048,505,9,1,4040,4136960,4136960,0.565361,0.311026,0.6154510000000001,9.8316,3.18558,0.190057,13.9746,9,2,2,67121168
tiledb,node,4096,0,warm,window_256,1024,,,2048,4,22.030678985174745,0,0,0,0.134518348,4096,1007,,0.245849609375,,4.067527308838133,,,,,,20,4,37839360,14554161152,0.101659,0.03205,0.036559,0.0085,0.00522,11.164822,0.00162,0.0,0.0,0.062389,0.00584,8.329435,0.0,0.051029,0.02855,10.408583,0.0175,1024,251,6,1,2008,2056192,2056192,0.377784,0.15049700000000002,0.416113,6.14092,1.56301,0.073159,8.30102,6,1,1,33560584
tiledb,node,4096,0,warm,window_256,1024,,,2048,5,20.525590982288122,0,0,0,0.147299148,4096,1009,,0.246337890625,,4.059464816650149,,,,,,19,4,37839360,14554165248,0.099639,0.03234,0.035899,0.00872,0.00596,19.424438,0.00552,0.0,0.0,0.059349,0.00602,13.859072,0.0,0.087199,0.031409,0.607851,0.01678,2048,506,8,1,4048,4145152,4145152,0.439973,0.24179599999999998,0.48835199999999995,9.71966,3.3622,0.11461800000000001,13.8309,8,2,2,67121168
tiledb,node,4096,0,warm,window_256,1024,,,2048,6,20.593461056705564,0,0,0,0.124417798,4096,1006,,0.24560546875,,4.071570576540755,,,,,,22,4,37839360,14554148864,0.147688,0.032829,0.0381,0.00888,0.005399,11.446698,0.00198,0.0,0.0,0.06123,0.006279,8.632341,0.0,0.05111,0.028389,8.700359,0.01425,1024,252,5,1,2016,2064384,2064384,0.329815,0.151467,0.37180399999999997,5.9845999999999995,1.99343,0.13846799999999998,8.6047,5,1,1,33560584
tiledb,node,4096,0,warm,window_256,1024,,,2048,7,27.344389003701508,0,0,0,0.16710091900000001,4096,1012,,0.2470703125,,4.047430830039525,,,,,,16,4,48300544,14554165248,0.146858,0.0,0.0,0.008429,0.0,0.00023,0.0,0.0,0.0,0.0,0.0,0.0,0.0,0.0,0.0,27.060513,0.01714,0,0,0,0,0,0,0,0.0,0.0,0.0,0.0,0.0,0.0,0.0,0,0,0,0
tiledb,node,4096,0,warm,window_256,1024,,,2048,8,22.366423974744976,0,0,0,0.150845636,4096,1008,,0.24609375,,4.063492063492063,,,,,,19,4,48259584,14554157056,0.161588,0.030599,0.03524,0.00883,0.00537,11.132472,0.001499,0.0,0.0,0.053309999999999996,0.00549,8.656559,0.0,0.062939,0.03296,10.706019,0.01659,1024,253,4,1,2024,2072576,2072576,0.248836,0.102589,0.30730599999999997,6.44245,1.66161,0.103889,8.62907,4,1,1,33560584
tiledb,node,4096,0,warm,window_256,1024,,,2048,9,22.837297001387924,0,0,0,0.154393927,4096,1006,,0.24560546875,,4.071570576540755,,,,,,22,5,37839360,14554140672,0.149598,0.033529,0.03541,0.00818,0.00635,12.114918,0.00164,0.0,0.0,0.061189,0.00497,9.174972,0.0,0.051779,0.030159,10.227886,0.01862,1024,252,5,1,2016,2064384,2064384,0.328285,0.168596,0.369215,6.91138,1.63506,0.118528,9.147219999999999,5,1,1,33560584
tiledb,node,4096,0,warm,window_256,8192,,,2048,0,33.42266799882054,0,0,0,0.176183393,32768,1024,,0.03125,,32.0,,,,,,4,5,273351168,14554492928,0.222297,0.088998,0.03343,0.00879,0.007299,29.763323,0.00326,0.0,0.0,0.04217,0.00234,22.695359,0.0,0.089859,0.108518,2.878977,0.073478,16384,512,2,1,4096,4194304,4194304,0.207177,0.11662700000000001,0.250567,16.5966,5.51879,0.16028799999999999,22.6758,2,3,2,100681752
tiledb,node,4096,0,warm,window_256,8192,,,2048,1,24.111827020533383,0,0,0,0.163496229,32768,1024,,0.03125,,32.0,,,,,,4,4,273351168,14554755072,0.714629,0.0,0.0,0.00865,0.0,0.00021,0.0,0.0,0.0,0.0,0.0,0.0,0.0,0.0,0.0,23.192221,0.067359,0,0,0,0,0,0,0,0.0,0.0,0.0,0.0,0.0,0.0,0.0,0,0,0,0
tiledb,node,4096,0,warm,window_256,8192,,,2048,2,23.23677099775523,0,0,0,0.132438722,32768,1024,,0.03125,,32.0,,,,,,4,4,273351168,14554619904,0.186107,0.0,0.0,0.0086,0.0,0.00015,0.0,0.0,0.0,0.0,0.0,0.0,0.0,0.0,0.0,22.875996,0.062579,0,0,0,0,0,0,0,0.0,0.0,0.0,0.0,0.0,0.0,0.0,0,0,0,0
tiledb,node,4096,0,warm,window_256,8192,,,2048,3,25.355799007229507,0,0,0,0.161316666,32768,1024,,0.03125,,32.0,,,,,,4,4,273351168,14554755072,0.168658,0.090059,0.032749,0.00938,0.00556,20.050769,0.00498,0.0,0.0,0.048739000000000005,0.00341,13.790533,0.0,0.105958,0.118178,4.481522,0.077059,16384,512,2,1,4096,4194304,4194304,0.181917,0.11529800000000001,0.220387,9.88686,3.41622,0.11212799999999999,13.7678,2,2,2,67121168
tiledb,node,4096,0,warm,window_256,8192,,,2048,4,23.901799984741956,0,0,0,0.13992803599999998,32768,1024,,0.03125,,32.0,,,,,,4,4,273351168,14554611712,0.247186,0.089628,0.03239,0.0084,0.00773,10.863426,0.00124,0.0,0.0,0.053299,0.00441,8.286145,0.0,0.05261,0.058449,12.364154,0.059699,8192,256,1,1,2048,2097152,2097152,0.10041900000000001,0.051309,0.164448,6.12656,1.7524199999999999,0.111439,8.26212,1,1,1,33560584
tiledb,node,4096,0,warm,window_256,8192,,,2048,5,23.783081967849284,0,0,0,0.14007076699999998,32768,1024,,0.03125,,32.0,,,,,,4,4,273351168,14554611712,0.238126,0.086299,0.031129,0.00912,0.006,18.527542,0.00178,0.0,0.0,0.05112,0.004569,13.763983,0.0,0.089758,0.104209,4.498742,0.072109,16384,512,2,1,4096,4194304,4194304,0.192237,0.088879,0.235546,9.8377,3.41624,0.12606900000000001,13.74,2,2,2,67121168
tiledb,node,4096,0,warm,window_256,8192,,,2048,6,31.043942959513515,0,0,0,0.186609669,32768,1024,,0.03125,,32.0,,,,,,4,4,342884864,14554755072,0.220857,0.089388,0.03305,0.00832,0.00758,10.554641,0.0014,0.0,0.0,0.049349,0.00425,8.246596,0.0,0.063229,0.055839,19.830602,0.060359,8192,256,1,1,2048,2097152,2097152,0.100509,0.052899,0.143898,6.15915,1.69895,0.09973900000000001,8.222339999999999,1,1,1,33560584
tiledb,node,4096,0,warm,window_256,8192,,,2048,7,32.981413998641074,0,0,0,0.21239979,32768,1024,,0.03125,,32.0,,,,,,4,4,342884864,14554742784,0.166418,0.076029,0.03388,0.00847,0.00644,26.658399,0.00165,0.0,0.0,0.038339,0.00267,19.119013,0.0,0.126568,0.153168,5.550087,0.071909,24576,768,3,1,6144,6291456,6291456,0.333735,0.186117,0.385004,12.821900000000001,5.61367,0.156388,19.0995,3,3,3,100681752
tiledb,node,4096,0,warm,window_256,8192,,,2048,8,24.262265011202544,0,0,0,0.155810736,32768,1024,,0.03125,,32.0,,,,,,4,4,273351168,14554615808,0.177787,0.087158,0.03497,0.00919,0.00716,19.91132,0.00479,0.0,0.0,0.067119,0.00585,14.521812,0.0,0.089259,0.110548,3.635955,0.073889,16384,512,2,1,4096,4194304,4194304,0.195357,0.114429,0.243086,10.1557,3.81299,0.12222799999999999,14.4907,2,2,2,67121168
tiledb,node,4096,0,warm,window_256,8192,,,2048,9,17.504406976513565,0,0,0,0.12311735,32768,1024,,0.03125,,32.0,,,,,,4,4,203817472,14554464256,0.201197,0.088738,0.03423,0.00894,0.0077,13.387458,0.00141,0.0,0.0,0.060569,0.00505,9.089453,0.0,0.054759,0.05947,3.468088,0.069469,8192,256,1,1,2048,2097152,2097152,0.086749,0.03862,0.127738,6.712870000000001,1.9724,0.114978,9.06096,1,1,1,33560584
tiledb,node,4096,0,warm,window_256,65536,,,2048,0,82.18913397286087,0,0,0,0.43778189,262144,1024,,0.00390625,,256.0,,,,,,4,5,3241640960,14554853376,0.185497,0.0,0.0,0.00848,0.0,0.00027,0.0,0.0,0.0,0.0,0.0,0.0,0.0,0.0,0.0,81.104171,0.782048,0,0,0,0,0,0,0,0.0,0.0,0.0,0.0,0.0,0.0,0.0,0,0,0,0
tiledb,node,4096,0,warm,window_256,65536,,,2048,1,45.37947801873088,0,0,0,0.22445299600000002,262144,1024,,0.00390625,,256.0,,,,,,4,4,2157445632,14555869184,0.220417,0.078158,0.03719,0.00885,0.00731,12.055318,0.00201,0.0,0.0,0.07611799999999999,0.00631,8.409234,0.0,0.05784,0.379884,31.600844,0.781679,65536,256,1,1,2048,2097152,2097152,0.107098,0.051378999999999994,0.15768800000000002,6.13248,1.85372,0.092948,8.3764,1,1,1,33560584
tiledb,node,4096,0,warm,window_256,65536,,,2048,2,54.60408900398761,0,0,0,0.23685766,262144,1024,,0.00390625,,256.0,,,,,,4,4,2157445632,14555860992,0.194577,0.085148,0.03729,0.00912,0.00776,17.548026,0.00677,0.0,0.0,0.068488,0.00605,12.328255,0.0,0.092278,0.781489,34.907926,0.774888,131072,512,2,1,4096,4194304,4194304,0.213427,0.135389,0.26423599999999997,7.874479999999999,3.87752,0.12231800000000001,12.297,2,2,2,67121168
tiledb,node,4096,0,warm,window_256,65536,,,2048,3,53.54125495068729,0,0,0,0.237950042,262144,1024,,0.00390625,,256.0,,,,,,4,4,2157445632,14555856896,0.204937,0.085738,0.03711,0.00846,0.00764,17.23579,0.002159,0.0,0.0,0.05462,0.00548,11.986199,0.0,0.095829,0.782218,34.154336,0.777579,131072,512,2,1,4096,4194304,4194304,0.213207,0.12419899999999999,0.26300599999999996,7.918959999999999,3.45174,0.165228,11.951500000000001,2,2,2,67121168
tiledb,node,4096,0,warm,window_256,65536,,,2048,4,49.13443099940196,0,0,0,0.258782813,262144,1024,,0.00390625,,256.0,,,,,,4,4,2157445632,14556917760,0.200457,0.085569,0.035439,0.00878,0.00758,18.115058,0.00495,0.0,0.0,0.057519,0.00565,12.409213,0.0,0.091828,0.781908,28.873416,0.768498,131072,512,2,1,4096,4194304,4194304,0.150037,0.058348,0.194277,8.2683,3.6019099999999997,0.168988,12.379299999999999,2,2,2,67121168
tiledb,node,4096,0,warm,window_256,65536,,,2048,5,44.963633990846574,0,0,0,0.215159297,262144,1024,,0.00390625,,256.0,,,,,,4,4,2157445632,14555860992,0.182437,0.078649,0.035289,0.00904,0.00715,11.31917,0.00164,0.0,0.0,0.050189000000000004,0.0051,8.262606,0.0,0.053219,0.379094,31.969499,0.778388,65536,256,1,1,2048,2097152,2097152,0.061269,0.029220000000000003,0.099138,6.08366,1.77579,0.163938,8.23646,1,1,1,33560584
tiledb,node,4096,0,warm,window_256,65536,,,2048,6,58.0935159814544,0,0,0,0.243591279,262144,1024,,0.00390625,,256.0,,,,,,4,4,2157445632,14555860992,0.215337,0.087729,0.037889,0.00895,0.00787,20.174646,0.00461,0.0,0.0,0.053939,0.00501,14.565891,0.0,0.090099,0.776428,35.754953,0.793558,131072,512,2,1,4096,4194304,4194304,0.164408,0.084148,0.20507699999999998,10.1321,3.94403,0.13075799999999999,14.541,2,2,2,67121168
tiledb,node,4096,0,warm,window_256,65536,,,2048,7,59.02450199937448,0,0,0,0.27091741599999997,262144,1024,,0.00390625,,256.0,,,,,,4,5,2157445632,14555852800,0.255216,0.087778,0.03814,0.00878,0.00588,21.036943,0.00691,0.0,0.0,0.084858,0.00707,14.373264,0.0,0.100859,0.792458,35.762502,0.777198,131072,512,2,1,4096,4194304,4194304,0.19786700000000002,0.098588,0.235286,10.4701,3.32316,0.151247,14.3377,2,2,2,67121168
tiledb,node,4096,0,warm,window_256,65536,,,2048,8,42.133025999646634,0,0,0,0.21928081,262144,1024,,0.00390625,,256.0,,,,,,4,4,2157445632,14555836416,0.186127,0.080409,0.036999,0.00867,0.00667,11.858212,0.00183,0.0,0.0,0.060049000000000005,0.00462,9.123103,0.0,0.053459,0.383114,28.58686,0.776169,65536,256,1,1,2048,2097152,2097152,0.074429,0.02605,0.12244799999999999,7.21906,1.48944,0.150898,9.09807,1,1,1,33560584
tiledb,node,4096,0,warm,window_256,65536,,,2048,9,62.74603703059256,0,0,0,0.32499937,262144,1024,,0.00390625,,256.0,,,,,,4,6,2157445632,14556893184,0.197377,0.0,0.0,0.00788,0.0,0.00023,0.0,0.0,0.0,0.0,0.0,0.0,0.0,0.0,0.0,61.658323,0.778668,0,0,0,0,0,0,0,0.0,0.0,0.0,0.0,0.0,0.0,0.0,0,0,0,0
tiledb,node,4096,0,warm,window_4096,1024,,,2048,0,42.13707597227767,0,0,0,0.264965714,4096,3596,,0.8779296875,,1.139043381535039,,,,,,2785,8,48431616,14559752192,0.757538,0.0327,0.042079,0.01035,0.00784,23.793682,0.01182,0.0,0.0,0.09651,0.099238,17.029954,0.0,0.173537,0.04846,17.004984,0.01855,1024,893,692,1,7144,7315456,7315456,1.16219,0.462663,1.41541,11.8034,3.25078,0.307246,16.9775,692,2,1,67121168
tiledb,node,4096,0,warm,window_4096,1024,,,2048,1,41.548324981704354,0,0,0,0.26658665000000004,4096,3616,,0.8828125,,1.1327433628318584,,,,,,2840,8,48620032,14556946432,0.137508,0.035699,0.04234,0.00943,0.006999,40.016819,0.01599,0.0,0.0,0.141158,0.205717,28.882706,0.0,0.307275,0.053319,0.64076,0.01895,2048,1828,1424,1,14624,14974976,14974976,1.60942,0.620741,2.079,20.9209,5.04399,0.5198619999999999,28.801000000000002,1424,4,2,134242336
tiledb,node,4096,0,warm,window_4096,1024,,,2048,2,42.51002997625619,0,0,0,0.268300033,4096,3608,,0.880859375,,1.1352549889135255,,,,,,2822,8,48423424,14557618176,0.69079,0.032749,0.03925,0.008289,0.00644,23.610515,0.00302,0.0,0.0,0.079859,0.104838,17.727204,0.0,0.143438,0.02868,17.777382,0.01664,1024,896,732,1,7168,7340032,7340032,1.13227,0.492322,1.42928,12.0419,3.72524,0.275366,17.669,732,2,1,67121168
tiledb,node,4096,0,warm,window_4096,1024,,,2048,3,41.90772003494203,0,0,0,0.280011133,4096,3621,,0.884033203125,,1.1311792322562828,,,,,,2839,8,48456192,14556868608,0.174497,0.03348,0.041539,0.00869,0.00718,40.51468,0.00372,0.0,0.0,0.085049,0.180627,30.408402,0.0,0.277946,0.03621,0.60157,0.01758,2048,1808,1414,1,14464,14811136,14811136,1.39829,0.586754,1.83409,20.6546,7.07359,0.471103,30.2808,1414,4,2,134242336
tiledb,node,4096,0,warm,window_4096,1024,,,2048,4,59.36395796015859,0,0,0,0.36421285400000003,4096,3607,,0.880615234375,,1.1355697255336845,,,,,,2841,8,64315904,14557696000,0.189327,0.032259,0.04005,0.009059,0.00634,23.911371,0.00638,0.0,0.0,0.07167,0.095888,18.781787,0.0,0.144568,0.030209,34.796247,0.01771,1024,892,720,1,7136,7307264,7307264,1.16873,0.475744,1.40124,13.2418,3.59605,0.328575,18.7319,720,2,1,67121168
tiledb,node,4096,0,warm,window_4096,1024,,,2048,5,44.293373997788876,0,0,0,0.318328579,4096,3641,,0.888916015625,,1.1249656687723153,,,,,,2810,8,48652800,14557622272,0.113359,0.03425,0.041379,0.00949,0.00733,42.871425,0.00947,0.0,0.0,0.100739,0.176087,31.999608,0.0,0.287786,0.042949,0.606811,0.0171,2048,1809,1397,1,14472,14819328,14819328,1.61134,0.650101,2.10999,20.9644,8.216569999999999,0.40012400000000004,31.928900000000002,1397,4,2,134242336
tiledb,node,4096,0,warm,window_4096,1024,,,2048,6,43.49829599959776,0,0,0,0.285021672,4096,3622,,0.88427734375,,1.1308669243511873,,,,,,2835,8,48521728,14557560832,0.207227,0.033789,0.04167,0.00921,0.00713,42.113156,0.026729,0.0,0.0,0.140268,0.200847,30.303654,0.0,0.279506,0.03461,0.602721,0.01712,2048,1816,1415,1,14528,14876672,14876672,1.66479,0.703008,2.1593799999999996,20.4028,7.01098,0.396624,30.218,1415,4,2,134242336
tiledb,node,4096,0,warm,window_4096,1024,,,2048,7,53.74932195991278,0,0,0,0.32365027,4096,3640,,0.888671875,,1.1252747252747253,,,,,,2834,8,64422400,14558375936,0.162437,0.092059,0.036499,0.00933,0.00713,52.249384,0.01657,0.0,0.0,0.10958799999999999,0.264276,35.945469,0.0,0.438484,0.058759,0.411764,0.0191,3072,2728,2130,1,21824,22347776,22347776,2.08376,0.832587,2.76839,20.7772,11.5023,0.502162,35.861200000000004,2130,6,3,201363504
tiledb,node,4096,0,warm,window_4096,1024,,,2048,8,28.246606001630425,0,0,0,0.231012136,4096,3636,,0.8876953125,,1.1265126512651265,,,,,,2812,8,32776704,14556106752,0.175207,0.03308,0.043829,0.00854,0.00722,27.160861,0.00389,0.0,0.0,0.088009,0.104828,19.414798,0.0,0.153408,0.03169,0.441514,0.017259,1024,914,692,1,7312,7487488,7487488,1.08571,0.471684,1.36883,12.977300000000001,4.34559,0.482703,19.3612,692,2,1,67121168
tiledb,node,4096,0,warm,window_4096,1024,,,2048,9,43.103181989863515,0,0,0,0.281416275,4096,3644,,0.8896484375,,1.12403951701427,,,,,,2842,8,48644608,14556868608,0.112969,0.03393,0.040929,0.00961,0.00738,41.731592,0.00918,0.0,0.0,0.098829,0.179947,31.189991,0.0,0.287236,0.03586,0.597451,0.01815,2048,1831,1424,1,14648,14999552,14999552,1.51189,0.648639,1.98226,20.976399999999998,7.44548,0.47275300000000003,31.1159,1424,4,2,134242336
tiledb,node,4096,0,warm,window_4096,8192,,,2048,0,42.516840971075,0,0,0,0.274340983,32768,14167,,0.432342529296875,,2.3129808710383286,,,,,,1951,8,327393792,14554677248,0.280856,0.090679,0.036189,0.01063,0.00829,37.584355,0.01164,0.0,0.0,0.104828,0.137528,25.712314,0.0,1.062934,0.156558,2.937036,0.078969,16384,7109,956,1,56872,58236928,58236928,1.307,0.606093,1.70988,15.309,6.8357,1.52893,25.653,956,4,2,134242336
tiledb,node,4096,0,warm,window_4096,8192,,,2048,1,45.53634597687051,0,0,0,0.268635511,32768,14213,,0.433746337890625,,2.3054949693942164,,,,,,1879,8,327352832,14554312704,0.184927,0.093559,0.035339,0.00975,0.00602,40.512861,0.02672,0.0,0.0,0.081979,0.118178,29.089693,0.0,1.063504,0.156097,3.089723,0.078449,16384,7104,949,1,56832,58195968,58195968,1.16638,0.547691,1.4843899999999999,20.6549,5.47136,1.18862,29.028200000000002,949,4,2,134242336
tiledb,node,4096,0,warm,window_4096,8192,,,2048,2,50.679258012678474,0,0,0,0.323013877,32768,14204,,0.4334716796875,,2.3069557871022246,,,,,,1906,8,327262720,14554894336,0.301526,0.091609,0.035079,0.00925,0.00762,44.297404,0.02815,0.0,0.0,0.089128,0.126688,33.199201,0.0,1.042814,0.147338,4.501782,0.079469,16384,7093,953,1,56744,58105856,58105856,1.17725,0.544671,1.5137099999999999,20.819,8.52464,2.06174,33.1388,953,4,2,134242336
tiledb,node,4096,0,warm,window_4096,8192,,,2048,3,47.86847997456789,0,0,0,0.31255757,32768,14142,,0.43157958984375,,2.317069721397256,,,,,,1925,8,326828544,14554259456,0.227636,0.091019,0.034519,0.00954,0.00833,41.408287,0.02775,0.0,0.0,0.08712900000000001,0.128458,29.804332,0.0,1.038885,0.147218,4.580341,0.075409,16384,7040,985,1,56320,57671680,57671680,1.23272,0.529592,1.5973000000000002,18.9854,7.4856300000000005,1.43851,29.7437,985,4,3,134242336
tiledb,node,4096,0,warm,window_4096,8192,,,2048,4,44.20770599972457,0,0,0,0.275430852,32768,14161,,0.432159423828125,,2.3139608784690346,,,,,,1941,8,326943232,14554267648,0.222747,0.0,0.0,0.00863,0.0,0.00046,0.0,0.0,0.0,0.0,0.0,0.0,0.0,0.0,0.0,43.725463,0.073209,0,0,0,0,0,0,0,0.0,0.0,0.0,0.0,0.0,0.0,0.0,0,0,0,0
tiledb,node,4096,0,warm,window_4096,8192,,,2048,5,32.85586601123214,0,0,0,0.25688374199999997,32768,14159,,0.432098388671875,,2.3142877321844764,,,,,,1930,8,230916608,14553473024,0.176947,0.091569,0.035059,0.00932,0.00749,27.156032,0.00664,0.0,0.0,0.088648,0.066309,19.054244,0.0,0.537732,0.082238,4.414954,0.078358,8192,3564,467,1,28512,29196288,29196288,0.957595,0.43824100000000005,1.19682,12.4798,3.90604,1.2556,19.0137,467,2,1,67121168
tiledb,node,4096,0,warm,window_4096,8192,,,2048,6,65.30609802575782,0,0,0,0.422528501,32768,14144,,0.431640625,,2.316742081447964,,,,,,1913,8,423600640,14555119616,0.238766,0.091569,0.037809,0.00934,0.00893,57.336858,0.037099,0.0,0.0,0.10300799999999999,0.192577,42.214806,0.0,1.547676,0.214747,5.563476,0.076899,24576,10621,1426,1,84968,87007232,87007232,1.6134700000000002,0.674019,2.11728,25.7723,12.5562,1.40997,42.1348,1426,6,3,201363504
tiledb,node,4096,0,warm,window_4096,8192,,,2048,7,31.90835000714287,0,0,0,0.245263069,32768,14119,,0.430877685546875,,2.3208442524258093,,,,,,1959,8,230793728,14553571328,0.180577,0.099418,0.03612,0.009059,0.0074,28.000359,0.0074,0.0,0.0,0.100578,0.077689,20.420583,0.0,0.550742,0.090849,2.587581,0.073359,8192,3547,483,1,28376,29057024,29057024,0.879716,0.370875,1.0570300000000001,14.5535,3.27271,1.2613699999999999,20.3655,483,2,1,67121168
tiledb,node,4096,0,warm,window_4096,8192,,,2048,8,45.60565500287339,0,0,0,0.280739523,32768,14169,,0.432403564453125,,2.312654386336368,,,,,,1899,8,327098880,14554263552,0.270416,0.0,0.0,0.00796,0.0,0.00048,0.0,0.0,0.0,0.0,0.0,0.0,0.0,0.0,0.0,45.080702,0.073169,0,0,0,0,0,0,0,0.0,0.0,0.0,0.0,0.0,0.0,0.0,0,0,0,0
tiledb,node,4096,0,warm,window_4096,8192,,,2048,9,48.009677964728326,0,0,0,0.316365215,32768,14168,,0.432373046875,,2.312817617165443,,,,,,1908,8,327188992,14554316800,0.240037,0.091508,0.03491,0.00858,0.007539,41.657984,0.00735,0.0,0.0,0.069949,0.131618,31.550526,0.0,1.035624,0.142178,4.534082,0.073079,16384,7084,943,1,56672,58032128,58032128,1.15313,0.525472,1.5122,20.9138,7.4328199999999995,1.4309500000000002,31.5027,943,4,2,134242336
tiledb,node,4096,0,warm,window_4096,65536,,,2048,0,79.69337201211601,0,0,0,0.435164308,262144,16384,,0.0625,,16.0,,,,,,4,8,2220360192,14552604672,0.230287,0.089769,0.03686,0.012919,0.00875,41.179481,0.0387,0.0,0.0,0.08625799999999999,0.01004,29.342409,0.0,1.202462,0.863407,34.979314,0.777868,131072,8192,2,1,65536,67108864,67108864,0.27211599999999997,0.12427799999999999,0.32293499999999997,19.6893,7.314290000000001,1.7824799999999998,29.3046,2,4,2,134242336
tiledb,node,4096,0,warm,window_4096,65536,,,2048,1,56.538539996836334,0,0,0,0.33396332900000003,262144,16384,,0.0625,,16.0,,,,,,4,8,1647313408,14552301568,0.563241,0.083258,0.03745,0.01072,0.00798,26.781657,0.00606,0.0,0.0,0.090529,0.00881,18.692259,0.0,0.630651,0.442423,26.898996,0.780658,65536,4096,1,1,32768,33554432,33554432,0.100829,0.038389,0.158708,13.4146,3.9676299999999998,0.915486,18.651799999999998,1,2,1,67121168
tiledb,node,4096,0,warm,window_4096,65536,,,2048,2,81.0011419816874,0,0,0,0.411396798,262144,16384,,0.0625,,16.0,,,,,,4,8,2220360192,14553554944,0.371795,0.085908,0.0366,0.00896,0.008489,42.944085,0.03063,0.0,0.0,0.062839,0.00802,32.383093,0.0,1.198622,0.870707,34.503332,0.782108,131072,8192,2,1,65536,67108864,67108864,0.177958,0.09516899999999999,0.225677,23.1307,7.67867,1.12501,32.3496,2,4,2,134242336
tiledb,node,4096,0,warm,window_4096,65536,,,2048,3,67.32965703122318,0,0,0,0.3334549,262144,16384,,0.0625,,16.0,,,,,,4,8,2220360192,14553686016,0.207776,0.080839,0.038089,0.00902,0.00775,24.214796,0.00535,0.0,0.0,0.067579,0.00675,18.528221,0.0,0.604501,0.428214,40.758058,0.775068,65536,4096,1,1,32768,33554432,33554432,0.08161900000000001,0.044629,0.123719,13.1793,3.82497,1.1994799999999999,18.4976,1,2,1,67121168
tiledb,node,4096,0,warm,window_4096,65536,,,2048,4,80.59275802224874,0,0,0,0.389027017,262144,16384,,0.0625,,16.0,,,,,,4,8,2220360192,14553567232,0.398394,0.087279,0.039229,0.00876,0.0087,41.482946,0.00857,0.0,0.0,0.064199,0.00793,29.92013,0.0,1.204652,0.874307,35.516486,0.780738,131072,8192,2,1,65536,67108864,67108864,0.202847,0.12144799999999999,0.253987,21.6157,6.62233,1.20191,29.8879,2,4,2,134242336
tiledb,node,4096,0,warm,window_4096,65536,,,2048,5,77.53222499741241,0,0,0,0.390983431,262144,16384,,0.0625,,16.0,,,,,,4,8,2220360192,14553559040,0.344225,0.087429,0.037589,0.00876,0.00811,38.247645,0.00854,0.0,0.0,0.068119,0.00837,28.691548,0.0,1.193212,0.869347,35.780742,0.776998,131072,8192,2,1,65536,67108864,67108864,0.24900699999999998,0.144618,0.290336,20.0691,6.73284,1.3908099999999999,28.66,2,4,2,134242336
tiledb,node,4096,0,warm,window_4096,65536,,,2048,6,78.02174700191244,0,0,0,0.374114769,262144,16384,,0.0625,,16.0,,,,,,4,8,2220360192,14553567232,0.359384,0.086569,0.038519,0.00928,0.00851,39.548245,0.00834,0.0,0.0,0.06559899999999999,0.0083,29.358018,0.0,1.210032,0.878827,34.868486,0.778709,131072,8192,2,1,65536,67108864,67108864,0.209467,0.105098,0.257436,20.6098,7.0502,1.2364400000000002,29.3251,2,4,2,134242336
tiledb,node,4096,0,warm,window_4096,65536,,,2048,7,77.82119000330567,0,0,0,0.38515481,262144,16384,,0.0625,,16.0,,,,,,4,8,2220360192,14553587712,0.322755,0.086349,0.036339,0.00895,0.00848,38.780097,0.029559,0.0,0.0,0.065569,0.00828,28.071758,0.0,1.193642,0.867277,35.582655,0.774518,131072,8192,2,1,65536,67108864,67108864,0.249776,0.162638,0.315315,19.145599999999998,7.41684,0.992876,28.042399999999997,2,4,2,134242336
tiledb,node,4096,0,warm,window_4096,65536,,,2048,8,64.08416596241295,0,0,0,0.323578832,262144,16384,,0.0625,,16.0,,,,,,4,8,2220360192,14553546752,0.376085,0.085029,0.03577,0.009069,0.00732,24.720109,0.005,0.0,0.0,0.061289,0.00624,18.62897,0.0,0.66948,0.427143,36.818026,0.776029,65536,4096,1,1,32768,33554432,33554432,0.084678,0.038868999999999994,0.125758,13.552299999999999,3.78286,0.968855,18.5985,1,2,1,67121168
tiledb,node,4096,0,warm,window_4096,65536,,,2048,9,80.15705400612205,0,0,0,0.413894541,262144,16384,,0.0625,,16.0,,,,,,4,8,2220360192,14553559040,0.204597,0.086939,0.044119,0.01009,0.0091,41.523976,0.03222,0.0,0.0,0.084728,0.01063,29.883481,0.0,1.214362,0.879456,35.126022,0.778978,131072,8192,2,1,65536,67108864,67108864,0.27410500000000004,0.13245800000000002,0.32537499999999997,20.4049,7.27883,1.62605,29.8426,2,4,2,134242336
tiledb,node,4096,0,warm,window_65536,1024,,,2048,0,235.04392598988488,0,0,0,2.722548616,4096,4062,,0.99169921875,,1.0083702609551946,,,,,,4010,68,50315776,14557982720,0.170848,0.03467,0.040749,0.0128,0.00741,233.359411,0.00754,0.0,0.0,0.128499,0.281185,155.763378,0.0,0.337125,0.053919,0.63964,0.01818,2048,2035,2010,1,16280,16670720,16670720,1.7529100000000002,0.844419,2.3957800000000002,96.00980000000001,62.302499999999995,0.342425,155.678,2010,34,13,1141059856
tiledb,node,4096,0,warm,window_65536,1024,,,2048,1,228.75795100117102,0,0,0,2.452590835,4096,4056,,0.990234375,,1.009861932938856,,,,,,3995,68,50274816,14558973952,0.268356,0.0,0.0,0.009339,0.0,0.00063,0.0,0.0,0.0,0.0,0.0,0.0,0.0,0.0,0.0,228.18812,0.028359,0,0,0,0,0,0,0,0.0,0.0,0.0,0.0,0.0,0.0,0.0,0,0,0,0
tiledb,node,4096,0,warm,window_65536,1024,,,2048,2,217.3913909937255,0,0,0,2.247075466,4096,4066,,0.99267578125,,1.0073782587309394,,,,,,4000,68,67060224,14560002048,0.211697,0.0,0.0,0.0087,0.0,0.00083,0.0,0.0,0.0,0.0,0.0,0.0,0.0,0.0,0.0,216.86795,0.032739,0,0,0,0,0,0,0,0.0,0.0,0.0,0.0,0.0,0.0,0.0,0,0,0,0
tiledb,node,4096,0,warm,window_65536,1024,,,2048,3,211.9406129932031,0,0,0,2.5940309370000003,4096,4061,,0.991455078125,,1.0086185668554544,,,,,,4014,67,50274816,14559973376,0.70841,0.03485,0.041589,0.0103,0.00729,209.757246,0.01172,0.0,0.0,0.151448,0.253886,126.227242,0.0,0.339135,0.052399,0.64633,0.01837,2048,2030,2004,1,16240,16629760,16629760,1.8009,0.782808,2.4002899999999996,96.9331,61.981,0.37709499999999996,126.12599999999999,2004,33,13,1107499272
tiledb,node,4096,0,warm,window_65536,1024,,,2048,4,210.60227300040424,0,0,0,2.586241158,4096,4063,,0.991943359375,,1.008122077282796,,,,,,3989,68,50332160,14558953472,0.138058,0.0,0.0,0.009049,0.0,0.00084,0.0,0.0,0.0,0.0,0.0,0.0,0.0,0.0,0.0,210.20526,0.02431,0,0,0,0,0,0,0,0.0,0.0,0.0,0.0,0.0,0.0,0.0,0,0,0,0
tiledb,node,4096,0,warm,window_65536,1024,,,2048,5,207.03609695192426,0,0,0,2.64182141,4096,4066,,0.99267578125,,1.0073782587309394,,,,,,3991,68,50291200,14558932992,0.139858,0.035139,0.044369,0.00982,0.00748,205.443711,0.00649,0.0,0.0,0.157267,0.298856,124.196543,0.0,0.337395,0.054989,0.63871,0.01876,2048,2032,1997,1,16256,16646144,16646144,1.846,0.892476,2.5222,94.7319,63.3036,0.338605,124.107,1997,34,13,1141059856
tiledb,node,4096,0,warm,window_65536,1024,,,2048,6,152.55875600269064,0,0,0,2.004325959,4096,4064,,0.9921875,,1.0078740157480315,,,,,,3991,68,50299392,14557884416,0.171067,0.0,0.0,0.00904,0.0,0.00077,0.0,0.0,0.0,0.0,0.0,0.0,0.0,0.0,0.0,152.076393,0.03274,0,0,0,0,0,0,0,0.0,0.0,0.0,0.0,0.0,0.0,0.0,0,0,0,0
tiledb,node,4096,0,warm,window_65536,1024,,,2048,7,213.9109640265815,0,0,0,2.65772141,4096,4069,,0.993408203125,,1.0066355369869746,,,,,,4004,68,50332160,14557863936,0.152698,0.035549,0.041749,0.01009,0.0071,212.253769,0.00367,0.0,0.0,0.129168,0.254126,127.364825,0.0,0.338205,0.055929,0.6528,0.01905,2048,2037,2002,1,16296,16687104,16687104,1.47291,0.605841,2.00123,120.909,58.079,0.36895500000000003,127.274,2002,34,13,1141059856
tiledb,node,4096,0,warm,window_65536,1024,,,2048,8,212.01652195304632,0,0,0,2.59278534,4096,4062,,0.99169921875,,1.0083702609551946,,,,,,3989,68,50274816,14557855744,0.181387,0.034619,0.040879,0.01037,0.00741,136.643416,0.00609,0.0,0.0,0.110818,0.137468,78.245954,0.0,0.199607,0.051009,74.49163,0.01928,1024,1017,999,1,8136,8331264,8331264,1.2914,0.505362,1.64638,58.6291,29.2119,0.20668699999999998,78.17200000000001,999,17,7,570529928
tiledb,node,4096,0,warm,window_65536,1024,,,2048,9,210.5822540470399,0,0,0,2.250805461,4096,4073,,0.994384765625,,1.005646943285048,,,,,,4003,68,67092992,14559911936,0.128628,0.099808,0.0363,0.01026,0.00726,208.597193,0.00524,0.0,0.0,0.169267,0.366675,131.919307,0.0,0.489683,0.066149,0.784018,0.01903,3072,3054,3000,1,24432,25018368,25018368,2.19437,0.8117759999999999,2.9819500000000003,105.79299999999999,59.916700000000006,0.56015,131.78599999999997,3000,51,19,1711589784
tiledb,node,4096,0,warm,window_65536,8192,,,2048,0,221.20281402021646,0,0,0,2.385970909,32768,30805,,0.940093994140625,,1.06372342152248,,,,,,27252,68,395280896,14617747456,0.202407,0.093438,0.03649,0.01351,0.009849,216.088742,0.03008,0.0,0.0,0.363384,1.453469,141.443464,0.0,2.212446,0.203077,1.891982,0.080179,16384,15068,12749,1,120544,123437056,123437056,5.305289999999999,2.46786,8.30643,90.4367,41.5862,2.12303,141.11599999999999,12749,27,10,906135768
tiledb,node,4096,0,warm,window_65536,8192,,,2048,1,229.81451504165307,0,0,0,2.762748849,32768,30786,,0.93951416015625,,1.0643799129474436,,,,,,27198,68,395248128,14594994176,0.201077,0.095799,0.03613,0.009779,0.00908,222.15637,0.01902,0.0,0.0,0.345214,1.512838,136.918312,0.0,2.261216,0.206487,4.425804,0.076769,16384,15392,13582,1,123136,126091264,126091264,4.5429900000000005,2.35239,7.97166,123.546,54.400200000000005,1.97683,136.594,13582,34,13,1141059856
tiledb,node,4096,0,warm,window_65536,8192,,,2048,2,229.5368579798378,0,0,0,2.274841073,32768,30757,,0.938629150390625,,1.06538348993725,,,,,,27096,68,525681152,14604734464,0.655371,0.077509,0.03878,0.009449,0.01134,221.542489,0.01983,0.0,0.0,0.48768199999999995,1.981291,141.286876,0.0,3.36408,0.298335,3.121013,0.076359,24576,23082,20337,1,184656,189087744,189087744,9.04405,2.9402,13.732299999999999,106.283,57.803,2.94189,140.79500000000002,20337,51,19,1711589784
tiledb,node,4096,0,warm,window_65536,8192,,,2048,3,269.73224501125515,0,0,0,2.558924266,32768,30775,,0.939178466796875,,1.0647603574329814,,,,,,27218,68,525812224,14621286400,0.330165,0.079199,0.037789,0.00969,0.01154,259.610857,0.02001,0.0,0.0,0.498963,2.037949,180.90651,0.0,3.366969,0.297466,5.598836,0.075619,24576,23098,20430,1,184784,189218816,189218816,10.4462,4.67345,16.3656,102.65,63.5096,2.84909,180.41899999999998,20430,51,19,1711589784
tiledb,node,4096,0,warm,window_65536,8192,,,2048,4,233.32087195012718,0,0,0,2.7825594120000003,32768,30823,,0.940643310546875,,1.0631022288550758,,,,,,27323,68,395461120,14619197440,0.293586,0.094518,0.03774,0.01007,0.009279,225.551499,0.066059,0.0,0.0,0.39660500000000004,1.500107,137.937326,0.0,2.265296,0.206407,4.455713,0.079109,16384,15418,13660,1,123344,126304256,126304256,4.89269,1.8123799999999999,7.55941,106.464,51.8533,2.0488,137.564,13660,34,13,1141059856
tiledb,node,4096,0,warm,window_65536,8192,,,2048,5,261.6128869703971,0,0,0,2.5638095169999997,32768,30803,,0.940032958984375,,1.0637924877447003,,,,,,27123,68,525918720,14627913728,0.206637,0.078289,0.04298,0.010829,0.01166,251.609187,0.0403,0.0,0.0,0.529922,2.201997,171.760667,0.0,3.368309,0.297336,5.571097,0.076888,24576,23111,20368,1,184888,189325312,189325312,9.24682,4.48165,14.9263,99.6757,64.0038,2.59031,171.291,20368,51,19,1711589784
tiledb,node,4096,0,warm,window_65536,8192,,,2048,6,272.5031630252488,0,0,0,2.457681009,32768,30827,,0.940765380859375,,1.0629642845557465,,,,,,27278,68,525918720,14611447808,0.319295,0.092719,0.03792,0.009549,0.00797,134.466928,0.03431,0.0,0.0,0.23938700000000002,0.737748,79.577503,0.0,1.153923,0.112919,135.914036,0.071229,8192,7716,6798,1,61728,63209472,63209472,3.38837,1.55587,4.93979,60.949200000000005,24.5628,1.2107400000000001,79.33709999999999,6798,17,7,570529928
tiledb,node,4096,0,warm,window_65536,8192,,,2048,7,242.1860090107657,0,0,0,2.730284985,32768,30720,,0.9375,,1.0666666666666667,,,,,,27171,68,395289088,14611054592,0.276816,0.093778,0.03574,0.009729,0.00975,234.308447,0.01522,0.0,0.0,0.397594,1.605126,151.043969,0.0,2.261796,0.205407,4.592661,0.076298,16384,15397,13609,1,123176,126132224,126132224,4.49044,2.13144,7.309699999999999,99.2503,45.623799999999996,2.2606800000000002,150.72299999999998,13609,34,13,1141059856
tiledb,node,4096,0,warm,window_65536,8192,,,2048,8,251.93850201321766,0,0,0,2.829614176,32768,30797,,0.939849853515625,,1.0639997402344383,,,,,,27099,68,395346432,14594355200,0.206397,0.0,0.0,0.01038,0.0,0.00109,0.0,0.0,0.0,0.0,0.0,0.0,0.0,0.0,0.0,251.273342,0.104649,0,0,0,0,0,0,0,0.0,0.0,0.0,0.0,0.0,0.0,0.0,0,0,0,0
tiledb,node,4096,0,warm,window_65536,8192,,,2048,9,228.20886899717152,0,0,0,2.680428387,32768,30842,,0.94122314453125,,1.0624473121068672,,,,,,27185,68,395698688,14594334720,0.227137,0.096399,0.036379,0.00996,0.00913,220.494485,0.01434,0.0,0.0,0.361095,1.512217,137.259296,0.0,2.266386,0.207477,4.452763,0.073819,16384,15447,13599,1,123576,126541824,126541824,4.28881,2.0717399999999997,7.10906,106.55499999999999,53.210899999999995,2.08595,136.95499999999998,13599,34,13,1141059856
tiledb,node,4096,0,warm,window_65536,65536,,,2048,0,315.4544869903475,0,0,0,3.260141518,262144,165856,,0.6326904296875,,1.580551803974532,,,,,,61164,68,2833031680,14675042304,0.311165,0.091758,0.03906,0.01109,0.020269,265.743525,0.241657,0.0,0.0,0.7093100000000001,3.31035,179.250515,0.0,11.94003,1.284571,34.910905,0.780029,131072,82875,30552,1,663000,678912000,678912000,13.0594,7.24868,21.0824,93.557,63.6886,7.778519999999999,178.499,30552,34,13,1141059856
tiledb,node,4096,0,warm,window_65536,65536,,,2048,1,306.323244003579,0,0,0,3.049156461,262144,165959,,0.6330833435058594,,1.579570857862484,,,,,,60814,68,2833170944,14643433472,0.246797,0.093609,0.038539,0.01039,0.02063,255.914022,0.069249,0.0,0.0,0.68302,3.404309,169.264495,0.0,11.95597,1.287751,35.618245,0.783938,131072,82998,30457,1,663984,679919616,679919616,8.19365,3.9766899999999996,14.690800000000001,108.42200000000001,54.978100000000005,10.9985,168.628,30457,34,13,1141059856
tiledb,node,4096,0,warm,window_65536,65536,,,2048,2,306.6097400151193,0,0,0,3.074755605,262144,165848,,0.632659912109375,,1.580628044956828,,,,,,60850,68,2832728576,14643613696,0.67295,0.092729,0.037489,0.01244,0.018,256.231037,0.065779,0.0,0.0,0.6475299999999999,3.369119,173.492042,0.0,11.926991,1.28637,35.186771,0.780288,131072,82817,30510,1,662536,678436864,678436864,8.68027,4.449739999999999,15.4194,110.864,55.0241,9.85803,172.875,30510,34,13,1141059856
tiledb,node,4096,0,warm,window_65536,65536,,,2048,3,194.7252420359291,0,0,0,2.933784019,262144,166012,,0.6332855224609375,,1.5790665735007108,,,,,,60943,68,1954931200,14624243712,0.229386,0.082079,0.037439,0.01299,0.01322,158.535636,0.039609,0.0,0.0,0.361095,1.653565,99.484874,0.0,6.048379,0.64589,27.981829,0.785808,65536,41538,15241,1,332304,340279296,340279296,6.43114,3.46133,9.90195,61.479800000000004,36.7348,6.2689,99.1548,15241,17,7,570529928
tiledb,node,4096,0,warm,window_65536,65536,,,2048,4,299.58847496891394,0,0,0,3.0633757200000002,262144,165653,,0.6319160461425781,,1.5824886962505962,,,,,,61016,68,2831966720,14643392512,0.262146,0.091909,0.043389,0.01225,0.02092,249.478489,0.164617,0.0,0.0,0.656111,3.134402,168.718313,0.0,11.93167,1.287891,35.315959,0.781948,131072,82851,30470,1,662808,678715392,678715392,9.13015,3.4702499999999996,15.964099999999998,102.233,52.882600000000004,10.5697,167.995,30470,34,13,1141059856
tiledb,node,4096,0,warm,window_65536,65536,,,2048,5,286.17601696169004,0,0,0,2.967665342,262144,165510,,0.6313705444335938,,1.5838559603649327,,,,,,61220,68,2831974912,14643585024,0.241417,0.089869,0.038669,0.01187,0.0212,236.942427,0.065659,0.0,0.0,0.65144,3.391929,156.564146,0.0,11.930201,1.2896,34.476981,0.774589,131072,82852,30543,1,662816,678723584,678723584,7.55507,3.48448,13.5157,96.9542,43.759100000000004,12.8755,155.938,30543,34,13,1141059856
tiledb,node,4096,0,warm,window_65536,65536,,,2048,6,301.3044190010987,0,0,0,2.981009763,262144,165794,,0.6324539184570312,,1.581142864036093,,,,,,61155,68,2832728576,14644248576,0.298086,0.090088,0.03767,0.010799,0.02054,251.769025,0.169278,0.0,0.0,0.6552500000000001,3.192162,175.183996,0.0,11.97287,1.2848,34.699558,0.781828,131072,82920,30640,1,663360,679280640,679280640,12.651900000000001,6.80885,20.5802,96.43509999999999,56.3884,9.00553,174.444,30640,34,13,1141059856
tiledb,node,4096,0,warm,window_65536,65536,,,2048,7,300.8545670309104,0,0,0,3.042363242,262144,165392,,0.63092041015625,,1.5849859727193576,,,,,,60775,68,2832728576,14679445504,0.314105,0.090628,0.04054,0.0114,0.020959,247.093995,0.171168,0.0,0.0,0.66474,3.152683,163.468032,0.0,11.890291,1.283141,38.978293,0.777889,131072,82505,30426,1,660040,675880960,675880960,9.85868,4.1460300000000005,16.8857,94.81309999999999,46.918,14.4776,162.74,30426,34,13,1141059856
tiledb,node,4096,0,warm,window_65536,65536,,,2048,8,282.8422279562801,0,0,0,2.934793858,262144,165709,,0.6321296691894531,,1.5819539071504867,,,,,,60901,68,2832728576,14660235264,0.225586,0.082669,0.039369,0.0119,0.01378,150.352339,0.033989,0.0,0.0,0.36091500000000004,1.584926,92.850584,0.0,6.00944,0.6484,124.314441,0.783998,65536,41383,15227,1,331064,339009536,339009536,5.38339,2.76216,8.64617,59.1128,28.790699999999998,7.55967,92.5232,15227,17,7,570529928
tiledb,node,4096,0,warm,window_65536,65536,,,2048,9,308.157286955975,0,0,0,2.634301549,262144,165707,,0.6321220397949219,,1.5819730005370927,,,,,,61063,68,3711074816,14683258880,0.229007,0.094688,0.03927,0.01106,0.025949,242.344546,0.140868,0.0,0.0,1.064214,4.854617,159.887566,0.0,17.877802,1.901831,44.506791,0.779238,196608,124308,45789,1,994464,1018331136,1018331136,18.582,6.59796,29.571,87.91839999999999,63.1293,16.8506,158.832,45789,51,19,1711589784
tiledb,node,65536,0,cold,random,1024,,,2048,0,21129.303744004574,137464184832,137464184832,137464184832,67.877650675,4096,4095,,0.999755859375,,1.0002442002442002,,,,,,4095,1005,33901568,14560460800,0.208547,0.034749,0.0433,0.012809,0.00745,21127.967644,0.01309,0.0,0.0,0.12095800000000001,0.145468,21079.261851,0.0,0.203727,0.121488,0.287496,0.01753,1042,1042,1041,1,8336,8536064,8536064,1.69268,0.781689,2.08692,20589.9,1320.8999999999999,2.97298,21079.2,1041,64,64,34366030336
tiledb,node,65536,0,cold,random,1024,,,2048,1,21104.361725971103,137463918592,137463918592,137463918592,67.160542428,4096,4096,,1.0,,1.0,,,,,,4096,1013,33836032,14560571392,0.301625,0.033579,0.04229,0.0104,0.00742,21102.987146,0.00249,0.0,0.0,0.108428,0.142938,21052.378822,0.0,0.199907,0.125258,0.287105,0.01905,1018,1018,1018,1,8144,8339456,8339456,1.4071,0.6321599999999999,1.81458,20744.2,1305.39,3.02678,21052.3,1018,64,64,34366030336
tiledb,node,65536,0,cold,random,1024,,,2048,2,21238.878516014665,137464184832,137464184832,137464184832,66.360333698,4096,4095,,0.999755859375,,1.0002442002442002,,,,,,4095,1003,34245632,14560550912,0.246897,0.034849,0.050129,0.01205,0.00729,21237.535916,0.00318,0.0,0.0,0.126389,0.163617,21201.004111,0.0,0.200527,0.125858,0.286495,0.01811,1036,1035,1035,1,8280,8478720,8478720,1.60274,0.7359899999999999,1.9890400000000001,20748.3,1085.18,2.9947,21200.9,1035,64,64,34366030336
tiledb,node,65536,0,cold,random,1024,,,2048,3,20996.544085035566,137464184832,137464184832,137464184832,66.72088291600001,4096,4096,,1.0,,1.0,,,,,,4096,1012,33704960,14560559104,0.324995,0.03366,0.041669,0.01009,0.00728,20860.296049,0.00946,0.0,0.0,0.10827800000000001,0.141938,20825.808544,0.0,0.201907,0.126798,135.096254,0.029079,1028,1028,1028,1,8224,8421376,8421376,1.93667,0.7873,2.33447,20543.9,1334.47,3.07852,20825.7,1028,64,64,34366030336
tiledb,node,65536,0,cold,random,1024,,,2048,4,20956.304055987857,137464184832,137464184832,137464184832,65.733951207,4096,4096,,1.0,,1.0,,,,,,4096,1011,33934336,14560493568,0.228737,0.041159,0.041539,0.01119,0.00735,20954.484654,0.00243,0.0,0.0,0.107048,0.136428,20913.748952,0.0,0.203567,0.130108,0.282086,0.019789,1027,1027,1027,1,8216,8413184,8413184,1.6589099999999999,0.76222,2.05959,20375.2,1298.6899999999998,3.1499,20913.699999999997,1027,64,64,34366030336
tiledb,node,65536,0,cold,random,1024,,,2048,5,21137.057818006724,137463939072,137463939072,137463939072,67.556495627,4096,4096,,1.0,,1.0,,,,,,4096,1003,34098176,14560825344,0.319425,0.03403,0.040909,0.01013,0.00757,20964.518814,0.014799,0.0,0.0,0.106419,0.125248,20923.386878,0.0,0.197587,0.125378,171.428441,0.02012,994,994,994,1,7952,8142848,8142848,1.30864,0.64279,1.69969,20509.1,1384.3799999999999,3.07228,20923.300000000003,994,64,64,34366030336
tiledb,node,65536,0,cold,random,1024,,,2048,6,21004.01958398288,137464184832,137464184832,137464184832,70.278275426,4096,4096,,1.0,,1.0,,,,,,4096,1010,34106368,14560800768,0.323125,0.034219,0.048849,0.00988,0.00743,21002.612985,0.00816,0.0,0.0,0.11050800000000001,0.148528,20966.444715,0.0,0.205867,0.126408,0.274276,0.01936,1055,1054,1054,1,8432,8634368,8634368,1.51735,0.71329,1.90844,20594.6,1475.3400000000001,3.17019,20966.4,1054,64,64,34366030336
tiledb,node,65536,0,cold,random,1024,,,2048,7,20999.21988596907,137464184832,137464184832,137464184832,70.87024563,4096,4096,,1.0,,1.0,,,,,,4095,1009,33999872,14560796672,0.305635,0.034749,0.0418,0.01036,0.00729,20997.845846,0.00862,0.0,0.0,0.109399,0.143988,20956.727679,0.0,0.197707,0.116428,0.286486,0.01618,1034,1034,1034,1,8272,8470528,8470528,1.54556,0.724718,1.94219,20427.0,1546.9599999999998,3.10967,20956.7,1034,64,64,34366030336
tiledb,node,65536,0,cold,random,1024,,,2048,8,21211.61984396167,137464184832,137464184832,137464184832,62.690187522,4096,4096,,1.0,,1.0,,,,,,4096,1011,34343936,14560759808,0.303226,0.03559,0.039409,0.01071,0.0071,21210.222914,0.02185,0.0,0.0,0.10591899999999999,0.145807,21169.809127,0.0,0.209437,0.129968,0.290626,0.01981,1069,1069,1069,1,8552,8757248,8757248,1.7687499999999998,0.821991,2.20214,20813.1,1195.94,3.16815,21169.699999999997,1069,64,64,34366030336
tiledb,node,65536,0,cold,random,1024,,,2048,9,20936.68374902336,137464184832,137464184832,137464184832,62.629707558,4096,4096,,1.0,,1.0,,,,,,4096,1007,34393088,14560878592,0.334315,0.033069,0.04121,0.00974,0.007239,20756.565138,0.00885,0.0,0.0,0.10300899999999999,0.146128,20718.346428,0.0,0.205957,0.125378,178.992689,0.020239,1072,1072,1072,1,8576,8781824,8781824,1.6808999999999998,0.765938,2.08263,20352.6,1081.73,3.0971100000000003,20718.3,1072,64,64,34366030336
tiledb,node,65536,0,cold,random,8192,,,2048,0,20985.2050159825,137464184832,137464184832,137464184832,65.63370461299999,32768,32755,,0.999603271484375,,1.0003968859716075,,,,,,32736,1024,269741056,14595760128,0.386854,0.092379,0.03554,0.014119,0.00653,20981.212316,0.00801,0.0,0.0,0.247437,0.963715,20946.392225,0.0,1.225391,0.178718,1.626636,0.075339,8252,8243,8223,1,65944,67526656,67526656,4.700410000000001,2.04342,7.03059,20399.4,1464.21,7.81594,20946.2,8223,64,64,34366030336
tiledb,node,65536,0,cold,random,8192,,,2048,1,21117.131786013488,137464184832,137464184832,137464184832,70.210736539,32768,32756,,0.9996337890625,,1.0003663450970814,,,,,,32741,1024,270448128,14593687552,0.473333,0.091498,0.03612,0.011,0.008189,21112.976298,0.03247,0.0,0.0,0.24457600000000002,0.925336,21073.673825,0.0,1.242131,0.201747,1.660645,0.076009,8296,8285,8267,1,66280,67870720,67870720,4.73367,2.17374,7.311330000000001,20564.1,1252.0500000000002,8.06215,21073.5,8267,64,64,34366030336
tiledb,node,65536,0,cold,random,8192,,,2048,2,20985.495650034864,137464184832,137464184832,137464184832,68.661775808,32768,32755,,0.999603271484375,,1.0003968859716075,,,,,,32742,1024,270775808,14593351680,0.378345,0.093049,0.03683,0.010559,0.00914,20786.291174,0.03413,0.0,0.0,0.237616,0.824178,20736.97456,0.0,1.208632,0.200377,196.841492,0.072219,8062,8054,8044,1,64432,65978368,65978368,4.00044,2.08844,6.37149,20463.6,1082.25,8.04307,20736.7,8044,64,64,34366030336
tiledb,node,65536,0,cold,random,8192,,,2048,3,21290.984880004544,137464184832,137464184832,137464184832,67.347607804,32768,32764,,0.9998779296875,,1.0001220852154804,,,,,,32746,1024,270489088,14593454080,0.398204,0.092798,0.03817,0.009499,0.00821,21286.934001,0.03386,0.0,0.0,0.24120599999999998,0.925586,21249.054417,0.0,1.242132,0.197857,1.636115,0.076769,8296,8290,8270,1,66320,67911680,67911680,5.03247,2.38656,7.44719,20270.1,1471.8100000000002,8.00369,21248.899999999998,8270,64,64,34366030336
tiledb,node,65536,0,cold,random,8192,,,2048,4,21265.10438596597,137464184832,137464184832,137464184832,65.127965545,32768,32757,,0.999664306640625,,1.0003358060872485,,,,,,32746,1024,269593600,14593372160,0.507253,0.091828,0.03815,0.010419,0.00915,21260.945969,0.00885,0.0,0.0,0.312476,0.850517,21218.826237,0.0,1.225592,0.194477,1.654575,0.075549,8187,8179,8162,1,65432,67002368,67002368,4.18693,2.12028,6.44838,20725.100000000002,1385.42,7.82921,21218.6,8162,64,64,34366030336
tiledb,node,65536,0,cold,random,8192,,,2048,5,21023.077049001586,137464184832,137464184832,137464184832,62.042070728999995,32768,32755,,0.999603271484375,,1.0003968859716075,,,,,,32745,1024,269899264,14595792896,0.556861,0.093859,0.036909,0.01028,0.00798,21018.837382,0.00806,0.0,0.0,0.264876,0.980266,20982.81165,0.0,1.236002,0.204027,1.674515,0.075019,8263,8251,8234,1,66008,67592192,67592192,5.21501,2.16281,8.74705,20666.6,984.033,8.07569,20982.600000000002,8234,64,64,34366030336
tiledb,node,65536,0,cold,random,8192,,,2048,6,21062.977463996504,137463922688,137463922688,137463922688,61.643179932,32768,32761,,0.999786376953125,,1.0002136686914318,,,,,,32749,1024,270751232,14593847296,0.375674,0.094159,0.038049,0.01029,0.00937,21059.057472,0.00836,0.0,0.0,0.330934,0.849568,21022.138303,0.0,1.203022,0.178607,1.618735,0.077059,8123,8113,8102,1,64904,66461696,66461696,4.28378,2.12721,6.55166,20591.8,1141.45,7.79209,21021.8,8102,64,64,34366030336
tiledb,node,65536,0,cold,random,8192,,,2048,7,20951.61507598823,137464184832,137464184832,137464184832,60.195213123,32768,32759,,0.999725341796875,,1.0002747336609787,,,,,,32739,1024,270063104,14593896448,0.523042,0.093988,0.03607,0.01009,0.00847,20810.523902,0.035659,0.0,0.0,0.240526,0.898057,20761.529363,0.0,1.224422,0.201597,138.563612,0.073458,8162,8157,8138,1,65256,66822144,66822144,3.88083,1.99364,6.26035,20668.399999999998,1132.0600000000002,7.958990000000001,20761.3,8138,64,64,34366030336
tiledb,node,65536,0,cold,random,8192,,,2048,8,21064.56511002034,137464184832,137464184832,137464184832,59.353554095999996,32768,32760,,0.999755859375,,1.0002442002442002,,,,,,32742,1024,270235136,14593511424,0.376774,0.091548,0.03757,0.00987,0.00889,20904.462679,0.008019,0.0,0.0,0.239376,0.913377,20875.294305,0.0,1.222332,0.188437,157.698496,0.092008,8176,8166,8150,1,65328,66895872,66895872,3.7499399999999996,1.98697,5.95049,20507.3,1051.11,7.996390000000001,20875.1,8150,64,64,34366030336
tiledb,node,65536,0,cold,random,8192,,,2048,9,21012.707493966445,137464184832,137464184832,137464184832,59.298116153,32768,32763,,0.999847412109375,,1.0001526111772425,,,,,,32736,1024,270456320,14595928064,0.375844,0.095319,0.035219,0.0103,0.00918,21008.678374,0.037099,0.0,0.0,0.248896,0.887637,20970.197878,0.0,1.213541,0.202737,1.660295,0.076169,8106,8098,8076,1,64784,66338816,66338816,3.91898,1.8964299999999998,6.13132,20651.800000000003,1080.53,8.20786,20970.0,8076,64,64,34366030336
tiledb,node,65536,0,cold,random,65536,,,2048,0,21154.170861991588,137464184832,137464184832,137464184832,63.384709729,262144,261627,,0.9980278015136719,,1.0019760957393542,,,,,,260583,1024,2151669248,14824992768,0.372694,0.089099,0.039819,0.0129,0.01736,21129.893135,0.055229,0.0,0.0,1.33351,7.051725,21086.900817,0.0,9.420859,0.877247,12.290327,0.774468,65873,65324,64261,1,522592,535134208,535134208,19.380399999999998,10.783,35.219100000000005,20548.7,1101.65,46.1149,21085.7,64261,64,64,34366030336
tiledb,node,65536,0,cold,random,65536,,,2048,1,21010.843012016267,137464184832,137464184832,137464184832,62.425911275000004,262144,261609,,0.9979591369628906,,1.0020450366768727,,,,,,260581,1024,2152676864,14825025536,0.431583,0.087449,0.037309,0.00999,0.01618,20986.666323,0.050929,0.0,0.0,1.255141,6.553232,20943.053354,0.0,9.303821,0.857737,12.314336,0.772829,64997,64493,63493,1,515944,528326656,528326656,20.6876,10.886800000000001,37.8146,20450.600000000002,1095.74,45.5257,20941.9,63493,64,64,34366030336
tiledb,node,65536,0,cold,random,65536,,,2048,2,21111.254382994957,137463922688,137463922688,137463922688,65.28498088,262144,261642,,0.9980850219726562,,1.0019186522041568,,,,,,260678,1024,2151658496,14825791488,0.507873,0.089599,0.039249,0.01006,0.01675,21086.785979,0.052039,0.0,0.0,1.266721,6.795978,21031.047201,0.0,9.427299,0.876247,12.356165,0.776349,65833,65363,64336,1,522904,535453696,535453696,19.8756,11.3123,37.2964,20401.7,1103.3999999999999,45.442299999999996,21029.800000000003,64336,64,64,34366030336
tiledb,node,65536,0,cold,random,65536,,,2048,3,21161.690609995276,137464184832,137464184832,137464184832,68.466874156,262144,261637,,0.9980659484863281,,1.0019377993173748,,,,,,260688,1024,2154842112,14825906176,1.074884,0.087969,0.039249,0.01196,0.01672,21136.696933,0.052039,0.0,0.0,1.28665,6.776029,21084.996315,0.0,9.436079,0.871027,12.312256,0.780058,65922,65436,64446,1,523488,536051712,536051712,18.794700000000002,10.3011,36.178599999999996,20278.9,1346.28,45.2696,21083.8,64446,64,64,34366030336
tiledb,node,65536,0,cold,random,65536,,,2048,4,21124.712391989306,137464184832,137464184832,137464184832,64.910768826,262144,261619,,0.9979972839355469,,1.0020067349848443,,,,,,260580,1024,2150238720,14826221568,0.273046,0.084279,0.040519,0.01343,0.01714,21100.67305,0.05433,0.0,0.0,1.4091099999999999,6.995925,21057.1497,0.0,9.350521,0.862877,12.192728,0.770389,65347,64840,63826,1,518720,531169280,531169280,19.362399999999997,12.2305,34.8187,20464.1,1191.48,44.291,21055.9,63826,64,64,34366030336
tiledb,node,65536,0,cold,random,65536,,,2048,5,21189.769301039632,137464184832,137464184832,137464184832,66.933618216,262144,261647,,0.9981040954589844,,1.0018995058227307,,,,,,260634,1024,2148521472,14826192896,0.66575,0.085559,0.146038,0.014609,0.01692,20718.791552,0.053399,0.0,0.0,1.3592389999999999,7.541018,20641.511805,0.0,9.38405,0.864117,458.590315,0.781898,65524,65035,63983,1,520280,532766720,532766720,21.1634,12.7775,38.9293,20409.7,1111.85,45.6928,20640.2,63983,64,64,34366030336
tiledb,node,65536,0,cold,random,65536,,,2048,6,21397.029387007933,137464184832,137464184832,137464184832,70.665880095,262144,261607,,0.9979515075683594,,1.0020526973666606,,,,,,260609,1024,2150205952,14827634688,0.420534,0.083008,0.0376,0.01121,0.014899,20983.469171,0.05137,0.0,0.0,1.30165,6.857968,20904.48528,0.0,9.439449,0.872597,401.524537,0.773688,65744,65227,64247,1,521816,534339584,534339584,20.937399999999997,13.4044,38.5611,20517.3,1576.91,46.8095,20903.199999999997,64247,64,64,34366030336
tiledb,node,65536,0,cold,random,65536,,,2048,7,21063.495086040348,137464184832,137464184832,137464184832,71.616550756,262144,261597,,0.9979133605957031,,1.0020910025726595,,,,,,260572,1024,2149556224,14826323968,0.385544,0.086688,0.03927,0.012659,0.01478,21039.205399,0.052209,0.0,0.0,1.293031,7.434859,20990.024173,0.0,9.3884,0.863067,12.356506,0.775248,65589,65085,64054,1,520680,533176320,533176320,20.3667,10.9103,36.664,20403.0,1289.61,45.684000000000005,20988.800000000003,64054,64,64,34366030336
tiledb,node,65536,0,cold,random,65536,,,2048,8,21115.75656599598,137464184832,137464184832,137464184832,66.465557439,262144,261629,,0.9980354309082031,,1.0019684362207553,,,,,,260622,1024,2151527424,14826717184,0.384545,0.086349,0.03789,0.012139,0.01658,21091.547568,0.052389,0.0,0.0,1.266401,6.735319,21041.397866,0.0,9.32792,0.861517,12.320986,0.776918,65186,64693,63737,1,517544,529965056,529965056,19.5568,11.1494,35.507600000000004,20434.0,1146.6000000000001,45.770199999999996,21040.1,63737,64,64,34366030336
tiledb,node,65536,0,cold,random,65536,,,2048,9,21047.082461009268,137463922688,137463922688,137463922688,66.155548295,262144,261633,,0.9980506896972656,,1.0019531175348675,,,,,,260582,1024,2150593536,14827139072,0.266076,0.087028,0.04103,0.014949,0.01728,21023.004961,0.053719,0.0,0.0,1.532156,7.477439,20964.13086,0.0,9.414289,0.871197,12.166939,0.782848,65796,65270,64292,1,522160,534691840,534691840,21.139100000000003,13.0163,38.6316,20367.100000000002,1056.0400000000002,44.813199999999995,20962.9,64292,64,64,34366030336
tiledb,node,65536,0,cold,window_256,1024,,,2048,0,637.3261769767851,2149482496,2149482496,2149482496,2.56292677,4096,1002,,0.24462890625,,4.087824351297405,,,,,,25,4,48202240,14551580672,0.385254,0.0,0.0,0.011279,0.0,0.00097,0.0,0.0,0.0,0.0,0.0,0.0,0.0,0.0,0.0,636.588368,0.03306,0,0,0,0,0,0,0,0.0,0.0,0.0,0.0,0.0,0.0,0.0,0,0,0,0
tiledb,node,65536,0,cold,window_256,1024,,,2048,1,563.3097719983198,2149613568,2149613568,2149613568,2.187289844,4096,1009,,0.246337890625,,4.059464816650149,,,,,,18,4,37839360,14551842816,0.257397,0.03436,0.043089,0.00961,0.00669,336.233531,0.00333,0.0,0.0,0.096489,0.010419,295.827284,0.0,0.087449,0.053159,226.244533,0.02088,1024,251,5,1,2008,2056192,2056192,0.331455,0.152137,0.382854,262.20300000000003,32.9353,0.10546900000000001,295.785,5,1,1,536969224
tiledb,node,65536,0,cold,window_256,1024,,,2048,2,408.27229601563886,2148995072,2148995072,2148995072,1.712278232,4096,1007,,0.245849609375,,4.067527308838133,,,,,,20,4,27288064,14551777280,0.278345,0.03291,0.039639,0.00952,0.00555,407.207651,0.002,0.0,0.0,0.08398900000000001,0.00784,358.745955,0.0,0.084579,0.050459,0.208247,0.019529,1024,253,4,1,2024,2072576,2072576,0.273466,0.119908,0.323765,324.93699999999995,33.181200000000004,0.103069,358.704,4,1,1,536969224
tiledb,node,65536,0,cold,window_256,1024,,,2048,3,504.54993796302006,2149548032,2149548032,2149548032,1.982431538,4096,1010,,0.24658203125,,4.0554455445544555,,,,,,18,4,37839360,14551777280,0.760749,0.034039,0.04114,0.00947,0.00774,502.521708,0.006409,0.0,0.0,0.081609,0.00883,469.986495,0.0,0.121519,0.058419,0.64955,0.01949,2048,505,9,1,4040,4136960,4136960,0.539381,0.291504,0.596381,434.514,34.3583,0.227447,469.94599999999997,9,2,2,1073938448
tiledb,node,65536,0,cold,window_256,1024,,,2048,4,562.9095379845239,2148896768,2148896768,2148896768,2.1842852820000003,4096,1007,,0.245849609375,,4.067527308838133,,,,,,20,4,37839360,14552092672,0.262236,0.033369,0.0404,0.009389,0.00725,341.66362,0.00226,0.0,0.0,0.078019,0.00809,302.17019,0.0,0.086839,0.049909,220.39956,0.023999,1024,251,6,1,2008,2056192,2056192,0.41842399999999996,0.188517,0.46155399999999996,267.53700000000003,33.8585,0.115618,302.131,6,1,1,536969224
tiledb,node,65536,0,cold,window_256,1024,,,2048,5,572.1734389662743,2148605952,2148605952,2148605952,2.478973291,4096,1009,,0.246337890625,,4.059464816650149,,,,,,19,4,37839360,14552092672,0.311725,0.034729,0.040429,0.00968,0.00698,570.588703,0.00219,0.0,0.0,0.07949899999999999,0.00831,534.207226,0.0,0.124928,0.053729,0.65379,0.01661,2048,506,8,1,4048,4145152,4145152,0.5042030000000001,0.298815,0.560982,474.861,64.6449,0.262956,534.166,8,2,2,1073938448
tiledb,node,65536,0,cold,window_256,1024,,,2048,6,493.9584570238367,2149613568,2149613568,2149613568,1.829286641,4096,1006,,0.24560546875,,4.071570576540755,,,,,,22,4,37839360,14552068096,0.250056,0.032779,0.0414,0.00989,0.005109,335.261176,0.00149,0.0,0.0,0.087859,0.00843,298.80753,0.0,0.087329,0.050239,157.852034,0.02405,1024,252,5,1,2016,2064384,2064384,0.35351499999999997,0.144517,0.399104,265.158,32.9107,0.127668,298.769,5,1,1,536969224
tiledb,node,65536,0,cold,window_256,1024,,,2048,7,637.8038400434889,2149220352,2149220352,2149220352,2.64157387,4096,1012,,0.2470703125,,4.047430830039525,,,,,,16,4,48300544,14552338432,0.257086,0.0,0.0,0.01062,0.0,0.0013,0.0,0.0,0.0,0.0,0.0,0.0,0.0,0.0,0.0,637.203778,0.04237,0,0,0,0,0,0,0,0.0,0.0,0.0,0.0,0.0,0.0,0.0,0,0,0,0
tiledb,node,65536,0,cold,window_256,1024,,,2048,8,637.4931840109639,2149548032,2149548032,2149548032,2.54956239,4096,1008,,0.24609375,,4.063492063492063,,,,,,19,4,48259584,14552317952,0.212616,0.03344,0.044779,0.00994,0.0074,298.290737,0.00184,0.0,0.0,0.082339,0.008319,264.495242,0.0,0.086489,0.049289,338.383659,0.02597,1024,253,4,1,2024,2072576,2072576,0.292935,0.145428,0.339665,234.809,29.0172,0.12121900000000001,264.455,4,1,1,536969224
tiledb,node,65536,0,cold,window_256,1024,,,2048,9,485.74957897653803,2149548032,2149548032,2149548032,1.779563273,4096,1006,,0.24560546875,,4.071570576540755,,,,,,22,4,37839360,14552309760,0.252086,0.03481,0.042679,0.01067,0.00656,330.075203,0.00213,0.0,0.0,0.100968,0.00892,293.45341,0.0,0.087638,0.05129,154.824629,0.027209,1024,252,5,1,2016,2064384,2064384,0.380645,0.159948,0.429264,260.37300000000005,32.335,0.11191799999999999,293.411,5,1,1,536969224
tiledb,node,65536,0,cold,window_256,8192,,,2048,0,555.5439669988118,2149318656,2149318656,2149318656,2.193195518,32768,1024,,0.03125,,32.0,,,,,,4,4,273351168,14552862720,0.293146,0.090569,0.03551,0.013639,0.00874,327.227826,0.00408,0.0,0.0,0.110408,0.00806,293.010367,0.0,0.080739,0.080588,227.270427,0.074519,8192,256,1,1,2048,2097152,2097152,0.110288,0.044569,0.173677,262.558,29.9942,0.09213900000000001,292.97,1,1,1,536969224
tiledb,node,65536,0,cold,window_256,8192,,,2048,1,559.3640399747528,2149154816,2149154816,2149154816,2.753396301,32768,1024,,0.03125,,32.0,,,,,,4,4,273351168,14553104384,0.367594,0.089069,0.037069,0.00996,0.00733,550.579701,0.00157,0.0,0.0,0.083098,0.00897,511.133981,0.0,0.124978,0.126848,7.613156,0.064689,16384,512,2,1,4096,4194304,4194304,0.202377,0.099648,0.250076,451.778,62.50840000000001,0.278085,511.092,2,2,2,1073938448
tiledb,node,65536,0,cold,window_256,8192,,,2048,2,556.9386069546454,2149482496,2149482496,2149482496,2.187376456,32768,1024,,0.03125,,32.0,,,,,,4,4,273351168,14552969216,0.238796,0.0,0.0,0.01027,0.0,0.00093,0.0,0.0,0.0,0.0,0.0,0.0,0.0,0.0,0.0,556.342545,0.078459,0,0,0,0,0,0,0,0.0,0.0,0.0,0.0,0.0,0.0,0.0,0,0,0,0
tiledb,node,65536,0,cold,window_256,8192,,,2048,3,555.8542119688354,2148896768,2148896768,2148896768,2.417933987,32768,1024,,0.03125,,32.0,,,,,,4,4,273351168,14553120768,0.256986,0.091199,0.038239,0.0132,0.00809,550.182337,0.00264,0.0,0.0,0.096088,0.00842,517.260419,0.0,0.121108,0.127108,4.574281,0.077579,16384,512,2,1,4096,4194304,4194304,0.199357,0.088989,0.261616,463.069,61.2554,0.255787,517.215,2,2,2,1073938448
tiledb,node,65536,0,cold,window_256,8192,,,2048,4,557.8866730211303,2149646336,2149646336,2149646336,2.198053469,32768,1024,,0.03125,,32.0,,,,,,4,4,273351168,14552981504,0.255056,0.090039,0.037619,0.00929,0.00799,328.538186,0.00117,0.0,0.0,0.082438,0.007,291.885043,0.0,0.087408,0.076519,228.364621,0.080119,8192,256,1,1,2048,2097152,2097152,0.105558,0.041069,0.16047699999999998,258.846,32.5251,0.130478,291.823,1,1,1,536969224
tiledb,node,65536,0,cold,window_256,8192,,,2048,5,566.6799909668043,2148962304,2148962304,2148962304,2.431517908,32768,1024,,0.03125,,32.0,,,,,,4,4,273351168,14552977408,0.290315,0.090579,0.037839,0.01159,0.0079,560.999356,0.0022,0.0,0.0,0.091408,0.00799,525.89647,0.0,0.123548,0.125608,4.564892,0.079369,16384,512,2,1,4096,4194304,4194304,0.233956,0.118318,0.286445,470.63300000000004,62.389,0.263896,525.85,2,2,2,1073938448
tiledb,node,65536,0,cold,window_256,8192,,,2048,6,631.7280899966136,2149093376,2149093376,2149093376,2.593608258,32768,1024,,0.03125,,32.0,,,,,,4,4,342884864,14553104384,0.259587,0.090099,0.036169,0.01026,0.00792,283.38636,0.00176,0.0,0.0,0.08348900000000001,0.00755,250.253034,0.0,0.088529,0.077069,347.353865,0.071349,8192,256,1,1,2048,2097152,2097152,0.12423800000000002,0.060859,0.172418,221.112,28.6315,0.128578,250.212,1,1,1,536969224
tiledb,node,65536,0,cold,window_256,8192,,,2048,7,630.6474560406059,2149384192,2149384192,2149384192,2.8985610829999997,32768,1024,,0.03125,,32.0,,,,,,4,4,342884864,14553350144,0.308375,0.077259,0.038159,0.00909,0.00722,623.867628,0.00193,0.0,0.0,0.076989,0.00804,596.974189,0.0,0.156567,0.175338,5.600136,0.075829,24576,768,3,1,6144,6291456,6291456,0.266426,0.12639899999999998,0.31534500000000004,591.052,70.1614,0.36373500000000003,596.9250000000001,3,3,3,1610907672
tiledb,node,65536,0,cold,window_256,8192,,,2048,8,553.7709940108471,2148864000,2148864000,2148864000,2.589463649,32768,1024,,0.03125,,32.0,,,,,,4,4,273351168,14553214976,0.283185,0.0,0.0,0.0086,0.0,0.00082,0.0,0.0,0.0,0.0,0.0,0.0,0.0,0.0,0.0,553.123084,0.080849,0,0,0,0,0,0,0,0.0,0.0,0.0,0.0,0.0,0.0,0.0,0,0,0,0
tiledb,node,65536,0,cold,window_256,8192,,,2048,9,404.90020596189424,2148995072,2148995072,2148995072,1.683328089,32768,1024,,0.03125,,32.0,,,,,,4,4,203817472,14553071616,0.271846,0.092068,0.0391,0.010409,0.00836,400.558981,0.002,0.0,0.0,0.09948900000000001,0.008,352.803083,0.0,0.081349,0.080649,3.35787,0.074129,8192,256,1,1,2048,2097152,2097152,0.130928,0.053829,0.175707,320.09900000000005,32.1865,0.121808,352.763,1,1,1,536969224
tiledb,node,65536,0,cold,window_256,65536,,,2048,0,880.6875239824876,2149122048,2149122048,2149122048,4.007016173,262144,1024,,0.00390625,,256.0,,,,,,4,4,3241640960,14552420352,0.215076,0.0,0.0,0.01298,0.0,0.0013,0.0,0.0,0.0,0.0,0.0,0.0,0.0,0.0,0.0,879.318394,0.795648,0,0,0,0,0,0,0,0.0,0.0,0.0,0.0,0.0,0.0,0.0,0,0,0,0
tiledb,node,65536,0,cold,window_256,65536,,,2048,1,601.9818549975753,2149384192,2149384192,2149384192,2.295783727,262144,1024,,0.00390625,,256.0,,,,,,4,4,2157445632,14553710592,0.256996,0.080289,0.038159,0.01204,0.00787,339.560771,0.00201,0.0,0.0,0.106609,0.008439,301.367872,0.0,0.088889,0.428944,260.339414,0.801238,65536,256,1,1,2048,2097152,2097152,0.12068799999999999,0.051689,0.162827,272.49600000000004,28.3787,0.126888,301.327,1,1,1,536969224
tiledb,node,65536,0,cold,window_256,65536,,,2048,2,602.9800489777699,2149351424,2149351424,2149351424,2.545113584,262144,1024,,0.00390625,,256.0,,,,,,4,4,2157445632,14554030080,0.236457,0.086509,0.03703,0.013279,0.00799,565.582868,0.00855,0.0,0.0,0.102088,0.00801,533.27728,0.0,0.121618,0.800418,34.945579,0.776538,131072,512,2,1,4096,4194304,4194304,0.219277,0.121828,0.264656,478.939,63.7296,0.259557,533.23,2,2,2,1073938448
tiledb,node,65536,0,cold,window_256,65536,,,2048,3,592.620634008199,2149679104,2149679104,2149679104,2.529655048,262144,1024,,0.00390625,,256.0,,,,,,4,4,2157445632,14554025984,0.235617,0.086248,0.03896,0.012969,0.00821,555.693946,0.00205,0.0,0.0,0.088409,0.00797,522.074707,0.0,0.120768,0.798178,34.484475,0.779519,131072,512,2,1,4096,4194304,4194304,0.225487,0.107599,0.273756,467.486,62.967499999999994,0.249866,522.03,2,2,2,1073938448
tiledb,node,65536,0,cold,window_256,65536,,,2048,4,598.0949419899844,2149580800,2149580800,2149580800,2.54514835,262144,1024,,0.00390625,,256.0,,,,,,4,4,2157445632,14555082752,0.777238,0.085949,0.038249,0.00938,0.008,572.039331,0.00214,0.0,0.0,0.08093800000000001,0.00682,535.600796,0.0,0.122258,0.797388,23.138724,0.741659,131072,512,2,1,4096,4194304,4194304,0.21203699999999998,0.090338,0.263386,464.762,65.96499999999999,0.263456,535.556,2,2,2,1073938448
tiledb,node,65536,0,cold,window_256,65536,,,2048,5,589.5868790103123,2149548032,2149548032,2149548032,2.264873191,262144,1024,,0.00390625,,256.0,,,,,,4,4,2157445632,14554017792,0.305015,0.078929,0.038479,0.00969,0.00722,334.740173,0.00145,0.0,0.0,0.078899,0.00658,300.426935,0.0,0.089099,0.402404,252.752687,0.798859,65536,256,1,1,2048,2097152,2097152,0.106109,0.039029999999999995,0.16528800000000002,267.86199999999997,32.0376,0.14455800000000002,300.38599999999997,1,1,1,536969224
tiledb,node,65536,0,cold,window_256,65536,,,2048,6,602.1735910326242,2149384192,2149384192,2149384192,2.51825065,262144,1024,,0.00390625,,256.0,,,,,,4,4,2157445632,14554009600,0.340175,0.593082,0.038059,0.01013,0.00599,563.474059,0.0025,0.0,0.0,0.081938,0.00784,530.281155,0.0,0.119328,0.797388,35.665408,0.780908,131072,512,2,1,4096,4194304,4194304,0.183287,0.07629799999999999,0.22644599999999998,471.657,66.5222,0.295206,530.236,2,2,2,1073938448
tiledb,node,65536,0,cold,window_256,65536,,,2048,7,600.0145839643665,2149318656,2149318656,2149318656,2.554314888,262144,1024,,0.00390625,,256.0,,,,,,4,4,2157445632,14553989120,0.375314,0.087669,0.036769,0.01059,0.00608,560.7577,0.0155,0.0,0.0,0.097268,0.00861,526.809657,0.0,0.123578,0.800918,36.704462,0.777858,131072,512,2,1,4096,4194304,4194304,0.271686,0.16753800000000002,0.318865,466.156,65.7149,0.271266,526.763,2,2,2,1073938448
tiledb,node,65536,0,cold,window_256,65536,,,2048,8,587.0148480171338,2149384192,2149384192,2149384192,2.2543035060000003,262144,1024,,0.00390625,,256.0,,,,,,4,4,2157445632,14553980928,0.288366,0.081899,0.037459,0.01149,0.00744,336.178962,0.0038,0.0,0.0,0.085658,0.00749,302.565184,0.0,0.085728,0.402894,248.756326,0.786509,65536,256,1,1,2048,2097152,2097152,0.110048,0.050469,0.151618,272.28000000000003,29.779400000000003,0.135437,302.525,1,1,1,536969224
tiledb,node,65536,0,cold,window_256,65536,,,2048,9,575.2130239852704,2149613568,2149613568,2149613568,2.764414477,262144,1024,,0.00390625,,256.0,,,,,,4,4,2157445632,14555295744,0.373764,0.086519,0.040229,0.00974,0.00746,549.721194,0.00213,0.0,0.0,0.076438,0.00729,512.909574,0.0,0.120858,0.801178,22.971677,0.735669,131072,512,2,1,4096,4194304,4194304,0.207287,0.105219,0.265086,454.156,64.3955,0.270626,512.8679999999999,2,2,2,1073938448
tiledb,node,65536,0,cold,window_4096,1024,,,2048,0,549.5896760257892,2149416960,2149416960,2149416960,2.157746296,4096,3596,,0.8779296875,,1.139043381535039,,,,,,2785,4,48431616,14559977472,0.279415,0.03376,0.041739,0.01241,0.00786,328.747932,0.014159,0.0,0.0,0.132509,0.126148,295.236473,0.0,0.176298,0.048289,219.882968,0.02185,1024,893,692,1,7144,7315456,7315456,1.23224,0.484413,1.48379,264.012,28.9936,0.485463,295.17,692,1,1,536969224
tiledb,node,65536,0,cold,window_4096,1024,,,2048,1,560.2816669852473,2149449728,2149449728,2149449728,2.403663581,4096,3616,,0.8828125,,1.1327433628318584,,,,,,2840,4,48620032,14557331456,0.294495,0.03367,0.042619,0.00959,0.00757,336.099123,0.00637,0.0,0.0,0.106379,0.096058,300.302497,0.0,0.178977,0.050889,223.184338,0.02627,1024,894,705,1,7152,7323648,7323648,1.10027,0.413093,1.33184,269.706,28.5079,0.509872,300.243,705,1,1,536969224
tiledb,node,65536,0,cold,window_4096,1024,,,2048,2,493.77813999308273,2149482496,2149482496,2149482496,1.818479293,4096,3608,,0.880859375,,1.1352549889135255,,,,,,2822,4,48423424,14558011392,0.189717,0.03442,0.040949,0.01313,0.0067,331.522161,0.007059,0.0,0.0,0.140768,0.146428,297.045846,0.0,0.178917,0.0489,161.353051,0.02684,1024,896,732,1,7168,7340032,7340032,1.21711,0.5432819999999999,1.5229499999999998,261.943,32.8112,0.522332,296.974,732,1,1,536969224
tiledb,node,65536,0,cold,window_4096,1024,,,2048,3,547.5215769838542,2148929536,2148929536,2148929536,2.373521206,4096,3621,,0.884033203125,,1.1311792322562828,,,,,,2839,4,48456192,14557261824,0.276606,0.03438,0.041009,0.00936,0.0081,545.790473,0.00333,0.0,0.0,0.11776900000000001,0.190147,516.315103,0.0,0.306755,0.053779,0.64391,0.01989,2048,1808,1414,1,14464,14811136,14811136,1.50423,0.661751,1.96614,461.9,63.5072,1.00765,516.232,1414,2,2,1073938448
tiledb,node,65536,0,cold,window_4096,1024,,,2048,4,652.0879459567368,2686681088,2686681088,2686681088,2.664405014,4096,3607,,0.880615234375,,1.1355697255336845,,,,,,2841,5,64315904,14557990912,0.771228,0.03375,0.041489,0.0163,0.00642,492.156033,0.007639,0.0,0.0,0.098508,0.104619,457.883076,0.0,0.180428,0.049819,158.460325,0.026459,1024,892,720,1,7136,7307264,7307264,1.2537500000000001,0.48416000000000003,1.51547,419.251,36.2716,0.544622,457.822,720,2,2,1073938448
tiledb,node,65536,0,cold,window_4096,1024,,,2048,5,549.4206079747528,2149711872,2149711872,2149711872,2.612827383,4096,3641,,0.888916015625,,1.1249656687723153,,,,,,2810,4,48652800,14558027776,0.207297,0.034549,0.04151,0.012379,0.00792,547.715475,0.01537,0.0,0.0,0.140918,0.209597,516.802535,0.0,0.314305,0.054579,0.65524,0.01972,2048,1832,1413,1,14656,15007744,15007744,1.65569,0.66035,2.12051,461.49600000000004,62.2336,0.9654849999999999,516.708,1413,2,2,1073938448
tiledb,node,65536,0,cold,window_4096,1024,,,2048,6,577.2893630200997,2149548032,2149548032,2149548032,2.489183679,4096,3622,,0.88427734375,,1.1308669243511873,,,,,,2835,4,48521728,14557929472,0.246616,0.033579,0.04109,0.00951,0.0066,333.247615,0.00443,0.0,0.0,0.10453899999999999,0.094399,296.526743,0.0,0.181238,0.049559,243.113671,0.02151,1024,906,714,1,7248,7421952,7421952,1.1512099999999998,0.458223,1.4092200000000001,263.442,30.9084,0.524913,296.464,714,1,1,536969224
tiledb,node,65536,0,cold,window_4096,1024,,,2048,7,630.9369620284997,2149810176,2149810176,2149810176,2.602805937,4096,3640,,0.888671875,,1.1252747252747253,,,,,,2834,4,64422400,14559006720,0.199967,0.03382,0.040789,0.01199,0.00764,295.287332,0.00953,0.0,0.0,0.11202799999999999,0.113448,265.523107,0.0,0.183187,0.04995,334.735334,0.024429,1024,912,704,1,7296,7471104,7471104,1.04523,0.427732,1.29531,233.035,30.4604,0.496742,265.46,704,1,1,536969224
tiledb,node,65536,0,cold,window_4096,1024,,,2048,8,617.8213480161503,2686484480,2686484480,2686484480,2.427363623,4096,3636,,0.8876953125,,1.1265126512651265,,,,,,2812,5,32776704,14557163520,0.133458,0.03414,0.042259,0.01277,0.00676,616.766173,0.01727,0.0,0.0,0.127468,0.112029,589.383942,0.0,0.178778,0.050959,0.200357,0.01876,1024,897,704,1,7176,7348224,7348224,1.23838,0.49938399999999994,1.5189599999999999,531.003,66.1977,0.530352,589.313,704,2,2,1073938448
tiledb,node,65536,0,cold,window_4096,1024,,,2048,9,557.3640199727379,2149449728,2149449728,2149449728,2.405641216,4096,3644,,0.8896484375,,1.12403951701427,,,,,,2842,4,48644608,14557913088,0.241396,0.034609,0.04202,0.01264,0.007969,555.580037,0.01416,0.0,0.0,0.131628,0.285136,528.200606,0.0,0.311366,0.121568,0.637431,0.018589,2048,1831,1424,1,14648,14999552,14999552,1.7335099999999999,0.741528,2.2531,469.006,66.1222,0.903196,528.11,1424,2,2,1073938448
tiledb,node,65536,0,cold,window_4096,8192,,,2048,0,570.326927001588,2149224448,2149224448,2149224448,2.241349236,32768,14167,,0.432342529296875,,2.3129808710383286,,,,,,1951,4,327393792,14554701824,0.307886,0.0,0.0,0.0114,0.0,0.00079,0.0,0.0,0.0,0.0,0.0,0.0,0.0,0.0,0.0,569.646647,0.075929,0,0,0,0,0,0,0,0.0,0.0,0.0,0.0,0.0,0.0,0.0,0,0,0,0
tiledb,node,65536,0,cold,window_4096,8192,,,2048,1,561.4156399969943,2149777408,2149777408,2149777408,2.521163494,32768,14213,,0.433746337890625,,2.3054949693942164,,,,,,1879,4,327352832,14554583040,0.276015,0.093969,0.036309,0.01315,0.00826,556.219847,0.029589,0.0,0.0,0.11172900000000001,0.130228,525.717552,0.0,1.072314,0.161008,3.097574,0.079348,16384,7104,949,1,56832,58195968,58195968,1.2696,0.578503,1.6283400000000001,469.448,64.0594,2.5972299999999997,525.646,949,2,2,1073938448
tiledb,node,65536,0,cold,window_4096,8192,,,2048,2,580.7000320055522,2149482496,2149482496,2149482496,2.534662263,32768,14204,,0.4334716796875,,2.3069557871022246,,,,,,1906,4,327262720,14555238400,0.358044,0.091959,0.048389,0.01007,0.00806,574.001992,0.032469,0.0,0.0,0.12423800000000002,0.143888,542.313465,0.0,1.067864,0.161947,4.544583,0.081028,16384,7093,953,1,56744,58105856,58105856,1.2235200000000002,0.493712,1.53769,468.418,70.1657,2.74139,542.237,953,2,2,1073938448
tiledb,node,65536,0,cold,window_4096,8192,,,2048,3,682.2409359738231,2686619648,2686619648,2686619648,2.76894542,32768,14142,,0.43157958984375,,2.317069721397256,,,,,,1925,5,326828544,14554828800,0.211817,0.091709,0.035769,0.01293,0.00838,675.569096,0.029089,0.0,0.0,0.124398,0.141048,648.601349,0.0,1.058364,0.157977,4.65202,0.078099,16384,7040,985,1,56320,57671680,57671680,1.29825,0.526593,1.64855,640.892,71.4975,2.40205,648.514,985,3,3,1610907672
tiledb,node,65536,0,cold,window_4096,8192,,,2048,4,664.065706951078,2686353408,2686353408,2686353408,2.412971723,32768,14161,,0.432159423828125,,2.3139608784690346,,,,,,1941,5,326943232,14554836992,0.243716,0.091549,0.036759,0.01321,0.00852,660.050027,0.00882,0.0,0.0,0.127098,0.156728,633.546003,0.0,1.062714,0.160738,1.942071,0.079089,16384,7054,999,1,56432,57786368,57786368,1.3373599999999999,0.6076900000000001,1.7059,625.3290000000001,70.475,2.4220499999999996,633.473,999,3,3,1610907672
tiledb,node,65536,0,cold,window_4096,8192,,,2048,5,409.2318220064044,2149384192,2149384192,2149384192,2.0338466139999998,32768,14159,,0.432098388671875,,2.3142877321844764,,,,,,1930,4,230916608,14554030080,0.400554,0.092479,0.036959,0.01001,0.00729,401.815692,0.019289,0.0,0.0,0.101389,0.077369,354.068385,0.0,0.554492,0.095508,5.803184,0.083108,8192,3523,496,1,28184,28860416,28860416,0.8704970000000001,0.37851300000000004,1.0467,322.043,29.4948,1.2633699999999999,354.018,496,1,1,536969224
tiledb,node,65536,0,cold,window_4096,8192,,,2048,6,636.9602729682811,2149515264,2149515264,2149515264,3.2081909399999997,32768,14144,,0.431640625,,2.316742081447964,,,,,,1913,4,423600640,14555643904,0.331335,0.077839,0.038529,0.0097,0.00894,628.624497,0.039569,0.0,0.0,0.121438,0.202007,601.040659,0.0,1.577186,0.231626,5.606016,0.077859,24576,10621,1426,1,84968,87007232,87007232,1.346,0.518105,1.76216,590.1800000000001,75.7873,4.010149999999999,600.956,1426,3,3,1610907672
tiledb,node,65536,0,cold,window_4096,8192,,,2048,7,415.70704500190914,2149191680,2149191680,2149191680,1.711823151,32768,14119,,0.430877685546875,,2.3208442524258093,,,,,,1959,4,230793728,14554173440,0.6752,0.091629,0.036379,0.01421,0.00827,410.333455,0.022739,0.0,0.0,0.11430799999999999,0.087149,363.520714,0.0,0.552972,0.090579,3.454479,0.072799,8192,3504,519,1,28032,28704768,28704768,1.29743,0.548421,1.52775,326.395,34.0454,1.31979,363.465,519,1,1,536969224
tiledb,node,65536,0,cold,window_4096,8192,,,2048,8,663.4976659552194,2686615552,2686615552,2686615552,2.346237089,32768,14169,,0.432403564453125,,2.312654386336368,,,,,,1899,5,327098880,14555181056,0.340155,0.0,0.0,0.00873,0.0,0.00081,0.0,0.0,0.0,0.0,0.0,0.0,0.0,0.0,0.0,662.796137,0.080668,0,0,0,0,0,0,0,0.0,0.0,0.0,0.0,0.0,0.0,0.0,0,0,0,0
tiledb,node,65536,0,cold,window_4096,8192,,,2048,9,564.209568023216,2149777408,2149777408,2149777408,2.576274975,32768,14168,,0.432373046875,,2.312817617165443,,,,,,1908,4,327188992,14555226112,0.390784,0.092428,0.04243,0.00918,0.0075,557.467638,0.008249,0.0,0.0,0.09426899999999999,0.131958,527.729043,0.0,1.064234,0.164148,4.561692,0.074949,16384,7084,943,1,56672,58032128,58032128,1.01231,0.43136599999999997,1.3084500000000001,472.75600000000003,54.2974,2.62896,527.6619999999999,943,2,2,1073938448
tiledb,node,65536,0,cold,window_4096,65536,,,2048,0,696.4241749956273,2686095360,2686095360,2686095360,3.318746079,262144,16384,,0.0625,,16.0,,,,,,4,5,2220360192,14553542656,0.243696,0.087309,0.038899,0.01406,0.00882,657.717072,0.053099,0.0,0.0,0.098468,0.01082,618.606236,0.0,1.226302,0.883467,35.020187,0.776789,131072,8192,2,1,65536,67108864,67108864,0.183177,0.076958,0.227116,607.571,78.6849,2.54501,618.5619999999999,2,3,3,1610907672
tiledb,node,65536,0,cold,window_4096,65536,,,2048,1,441.3996419752948,2149777408,2149777408,2149777408,2.096687766,262144,16384,,0.0625,,16.0,,,,,,4,4,1647313408,14553235456,0.237337,0.083059,0.036839,0.01273,0.00776,412.405484,0.0183,0.0,0.0,0.10434800000000001,0.00953,369.79494,0.0,0.640031,0.448933,26.382526,0.778289,65536,4096,1,1,32768,33554432,33554432,0.12301799999999999,0.047349999999999996,0.17802700000000002,335.579,32.399499999999996,1.42618,369.754,1,1,1,536969224
tiledb,node,65536,0,cold,window_4096,65536,,,2048,2,597.1767259761691,2149449728,2149449728,2149449728,2.45983864,262144,16384,,0.0625,,16.0,,,,,,4,4,2220360192,14554497024,0.241596,0.087918,0.03799,0.01204,0.008959,558.833869,0.03318,0.0,0.0,0.088999,0.010619,527.315279,0.0,1.223251,0.884987,34.696692,0.778408,131072,8192,2,1,65536,67108864,67108864,0.240476,0.091438,0.30667500000000003,470.237,59.7932,2.80979,527.27,2,2,2,1073938448
tiledb,node,65536,0,cold,window_4096,65536,,,2048,3,593.7574970303103,2148667392,2148667392,2148667392,2.255223554,262144,16384,,0.0625,,16.0,,,,,,4,4,2220360192,14554619904,0.339965,0.087708,0.03867,0.01054,0.00749,326.638974,0.005099,0.0,0.0,0.079139,0.00824,292.632802,0.0,0.63196,0.447454,264.416033,0.791038,65536,4096,1,1,32768,33554432,33554432,0.09464800000000001,0.033009000000000004,0.13699799999999998,261.522,29.389100000000003,1.3834,292.59499999999997,1,1,1,536969224
tiledb,node,65536,0,cold,window_4096,65536,,,2048,4,702.6052119908854,2686517248,2686517248,2686517248,2.826736005,262144,16384,,0.0625,,16.0,,,,,,4,5,2220360192,14554484736,0.332035,0.086928,0.03849,0.00958,0.009099,663.25169,0.00861,0.0,0.0,0.080199,0.01002,637.08474,0.0,1.223572,0.885147,35.653088,0.780158,131072,8192,2,1,65536,67108864,67108864,0.227967,0.126888,0.29870599999999997,630.0160000000001,71.17179999999999,2.90816,637.042,2,3,3,1610907672
tiledb,node,65536,0,cold,window_4096,65536,,,2048,5,608.0406040418893,2149449728,2149449728,2149449728,2.4884857460000003,262144,16384,,0.0625,,16.0,,,,,,4,4,2220360192,14554492928,0.843667,0.087429,0.041879,0.00998,0.00889,568.172229,0.00841,0.0,0.0,0.077289,0.008639,536.126247,0.0,1.224311,0.887027,35.646518,0.779279,131072,8192,2,1,65536,67108864,67108864,0.202457,0.12413800000000001,0.246426,478.534,62.83819999999999,2.88415,536.082,2,2,2,1073938448
tiledb,node,65536,0,cold,window_4096,65536,,,2048,6,601.1053870315664,2149318656,2149318656,2149318656,2.55994865,262144,16384,,0.0625,,16.0,,,,,,4,4,2220360192,14554501120,0.391534,0.086009,0.038409,0.00925,0.0086,562.517014,0.0086,0.0,0.0,0.078339,0.00947,530.673228,0.0,1.225471,0.884337,34.82267,0.778989,131072,8192,2,1,65536,67108864,67108864,0.211897,0.11076799999999999,0.289186,469.98,67.1301,2.67419,530.629,2,2,2,1073938448
tiledb,node,65536,0,cold,window_4096,65536,,,2048,7,611.5445410250686,2149416960,2149416960,2149416960,2.803127644,262144,16384,,0.0625,,16.0,,,,,,4,4,2220360192,14554501120,0.245287,0.088579,0.0383,0.013199,0.00914,572.10563,0.03237,0.0,0.0,0.095708,0.01052,536.098818,0.0,1.222752,0.963266,35.709127,0.775608,131072,8192,2,1,65536,67108864,67108864,0.20031700000000002,0.08162900000000001,0.27601600000000004,473.101,60.4595,2.7411499999999998,536.0540000000001,2,2,2,1073938448
tiledb,node,65536,0,cold,window_4096,65536,,,2048,8,591.1135959904641,2149580800,2149580800,2149580800,2.231475375,262144,16384,,0.0625,,16.0,,,,,,4,4,2220360192,14554759168,0.235037,0.081559,0.03743,0.0132,0.007609,333.575591,0.00564,0.0,0.0,0.09673899999999999,0.00925,298.679931,0.0,0.638031,0.448033,254.924645,0.780008,65536,4096,1,1,32768,33554432,33554432,0.12449800000000001,0.048259,0.178257,263.714,33.3781,1.194,298.639,1,1,1,536969224
tiledb,node,65536,0,cold,window_4096,65536,,,2048,9,607.3765039909631,2149777408,2149777408,2149777408,3.286229691,262144,16384,,0.0625,,16.0,,,,,,4,4,2220360192,14554755072,0.321975,0.087449,0.039289,0.01199,0.00877,568.639322,0.032569,0.0,0.0,0.094439,0.01089,533.778762,0.0,1.223062,0.888526,35.036377,0.778838,131072,8192,2,1,65536,67108864,67108864,0.268246,0.108019,0.31559600000000004,475.416,54.9674,2.68634,533.732,2,2,2,1073938448
tiledb,node,65536,0,cold,window_65536,1024,,,2048,0,981.2783829984255,4297424896,4297424896,4297424896,4.416335993,4096,4062,,0.99169921875,,1.0083702609551946,,,,,,4010,8,50315776,14558650368,0.219677,0.034159,0.04206,0.0128,0.00769,979.525908,0.0032,0.0,0.0,0.118918,0.249857,948.708109,0.0,0.341355,0.055589,0.63859,0.0185,2048,2035,2010,1,16280,16670720,16670720,1.45346,0.64593,1.9559999999999997,889.6840000000001,91.70150000000001,1.46014,948.624,2010,4,4,2147876896
tiledb,node,65536,0,cold,window_65536,1024,,,2048,1,997.1930250176229,4297162752,4297162752,4297162752,3.605881642,4096,4056,,0.990234375,,1.009861932938856,,,,,,3995,8,50274816,14559678464,0.288066,0.0,0.0,0.00887,0.0,0.001029,0.0,0.0,0.0,0.0,0.0,0.0,0.0,0.0,0.0,996.530945,0.049529,0,0,0,0,0,0,0,0.0,0.0,0.0,0.0,0.0,0.0,0.0,0,0,0,0
tiledb,node,65536,0,cold,window_65536,1024,,,2048,2,1260.379436018411,4297326592,4297326592,4297326592,5.024235392,4096,4066,,0.99267578125,,1.0073782587309394,,,,,,4000,8,67060224,14560927744,0.320415,0.033769,0.041779,0.00989,0.00663,544.113198,0.0061,0.0,0.0,0.109828,0.138008,513.777151,0.0,0.197717,0.051029,715.206014,0.031479,1024,1016,1004,1,8128,8323072,8323072,1.12995,0.43192600000000003,1.42361,460.02500000000003,57.9144,0.7660790000000001,513.7,1004,2,2,1073938448
tiledb,node,65536,0,cold,window_65536,1024,,,2048,3,937.2996090096422,3760062464,3760062464,3760062464,4.278083595,4096,4061,,0.991455078125,,1.0086185668554544,,,,,,4014,8,50274816,14560944128,0.136897,0.03474,0.040859,0.01253,0.00829,935.629664,0.017949,0.0,0.0,0.146098,0.262246,902.664136,0.0,0.341505,0.054439,0.65374,0.01869,2048,2030,2004,1,16240,16629760,16629760,2.16099,0.841059,2.77042,846.419,95.6666,1.51667,902.5600000000001,2004,4,4,2147876896
tiledb,node,65536,0,cold,window_65536,1024,,,2048,4,992.6661420031451,4297523200,4297523200,4297523200,4.157141758,4096,4063,,0.991943359375,,1.008122077282796,,,,,,3989,8,50332160,14560190464,0.316365,0.0,0.0,0.0084,0.0,0.00084,0.0,0.0,0.0,0.0,0.0,0.0,0.0,0.0,0.0,992.103531,0.037029,0,0,0,0,0,0,0,0.0,0.0,0.0,0.0,0.0,0.0,0.0,0,0,0,0
tiledb,node,65536,0,cold,window_65536,1024,,,2048,5,922.8949139942415,4297195520,4297195520,4297195520,3.216223095,4096,4066,,0.99267578125,,1.0073782587309394,,,,,,3991,8,50291200,14560501760,0.816927,0.03578,0.043459,0.01031,0.00728,920.603118,0.00328,0.0,0.0,0.152038,0.273606,894.637646,0.0,0.339655,0.052399,0.642351,0.018419,2048,2032,1997,1,16256,16646144,16646144,1.6036,0.748868,2.20455,856.231,70.733,1.7116200000000001,894.5459999999999,1997,4,4,2147876896
tiledb,node,65536,0,cold,window_65536,1024,,,2048,6,995.8946539554745,4297555968,4297555968,4297555968,3.716521293,4096,4064,,0.9921875,,1.0078740157480315,,,,,,3991,8,50299392,14559526912,0.279666,0.035839,0.04044,0.01114,0.00715,994.457675,0.013629,0.0,0.0,0.15838799999999997,0.260876,963.32033,0.0,0.342915,0.057679,0.287056,0.01962,2048,2033,1992,1,16264,16654336,16654336,1.65345,0.675075,2.2464999999999997,866.471,73.072,1.45076,963.2180000000001,1992,4,4,2147876896
tiledb,node,65536,0,cold,window_65536,1024,,,2048,7,990.3476670151576,4296839168,4296839168,4296839168,4.982301201,4096,4069,,0.993408203125,,1.0066355369869746,,,,,,4004,8,50332160,14559543296,0.299066,0.035239,0.03959,0.009489,0.00696,988.539784,0.00367,0.0,0.0,0.119288,0.242677,954.080518,0.0,0.344605,0.05601,0.65486,0.01796,2048,2037,2002,1,16296,16687104,16687104,1.55351,0.6291209999999999,2.0690399999999998,898.5229999999999,94.7128,1.63627,954.001,2002,4,4,2147876896
tiledb,node,65536,0,cold,window_65536,1024,,,2048,8,984.573483990971,4297293824,4297293824,4297293824,4.103153395,4096,4062,,0.99169921875,,1.0083702609551946,,,,,,3989,8,50274816,14559866880,0.200617,0.034579,0.04109,0.010239,0.00733,593.623489,0.0076,0.0,0.0,0.113378,0.136018,549.885172,0.0,0.198267,0.04988,389.978599,0.046129,1024,1017,999,1,8136,8331264,8331264,1.33938,0.588781,1.72417,511.41,35.716,0.730069,549.813,999,2,2,1073938448
tiledb,node,65536,0,cold,window_65536,1024,,,2048,9,1251.4501500409096,4297461760,4297461760,4297461760,5.687525912,4096,4073,,0.994384765625,,1.005646943285048,,,,,,4003,8,67092992,14561923072,0.272636,0.103139,0.036079,0.01171,0.00736,1249.295831,0.00694,0.0,0.0,0.184207,0.383785,1219.716203,0.0,0.492183,0.066959,0.786549,0.019039,3072,3054,3000,1,24432,25018368,25018368,2.3279099999999997,0.893897,3.20441,1170.3799999999999,128.87699999999998,2.16892,1219.5800000000002,3000,6,6,3221815344
tiledb,node,65536,0,cold,window_65536,8192,,,2048,0,855.951403034851,3223027712,3223027712,3223027712,2.926720933,32768,30805,,0.940093994140625,,1.06372342152248,,,,,,27252,8,395280896,14617804800,0.281686,0.0,0.0,0.01361,0.0,0.00107,0.0,0.0,0.0,0.0,0.0,0.0,0.0,0.0,0.0,855.255874,0.077989,0,0,0,0,0,0,0,0.0,0.0,0.0,0.0,0.0,0.0,0.0,0,0,0,0
tiledb,node,65536,0,cold,window_65536,8192,,,2048,1,972.4109249655157,4297621504,4297621504,4297621504,4.1799089380000005,32768,30786,,0.93951416015625,,1.0643799129474436,,,,,,27198,8,395248128,14595223552,0.328055,0.092979,0.034559,0.00984,0.00931,964.624181,0.01773,0.0,0.0,0.33936499999999997,1.531557,935.455487,0.0,2.260536,0.205187,4.433723,0.074539,16384,15392,13582,1,123136,126091264,126091264,4.8744000000000005,2.79787,8.16798,877.9200000000001,91.4158,8.34469,935.144,13582,4,4,2147876896
tiledb,node,65536,0,cold,window_65536,8192,,,2048,2,1254.855999024585,4297555968,4297555968,4297555968,5.082630976,32768,30757,,0.938629150390625,,1.06538348993725,,,,,,27096,8,525681152,14604668928,0.246746,0.0,0.0,0.01059,0.0,0.00096,0.0,0.0,0.0,0.0,0.0,0.0,0.0,0.0,0.0,1254.205158,0.087159,0,0,0,0,0,0,0,0.0,0.0,0.0,0.0,0.0,0.0,0.0,0,0,0,0
tiledb,node,65536,0,cold,window_65536,8192,,,2048,3,1193.8845089753158,4297555968,4297555968,4297555968,5.2614586590000005,32768,30775,,0.939178466796875,,1.0647603574329814,,,,,,27218,8,525812224,14621609984,0.306045,0.078759,0.038049,0.0122,0.01002,1183.660431,0.02025,0.0,0.0,0.565832,2.120678,1155.713769,0.0,3.3738,0.375764,5.601446,0.075619,24576,23098,20430,1,184784,189218816,189218816,9.612870000000001,3.65636,14.6736,1122.59,99.32199999999999,12.649600000000001,1155.21,20430,6,6,3221815344
tiledb,node,65536,0,cold,window_65536,8192,,,2048,4,976.4630540157668,4296769536,4296769536,4296769536,4.132690048,32768,30823,,0.940643310546875,,1.0631022288550758,,,,,,27323,8,395461120,14619594752,0.226276,0.094159,0.036009,0.01182,0.00999,968.652491,0.01455,0.0,0.0,0.402044,1.444679,938.976924,0.0,2.264806,0.288816,4.470363,0.074019,16384,15418,13660,1,123344,126304256,126304256,5.6187,2.32068,8.49118,882.926,88.06,8.4986,938.625,13660,4,4,2147876896
tiledb,node,65536,0,cold,window_65536,8192,,,2048,5,1187.2708270093426,4296740864,4296740864,4296740864,5.22534353,32768,30803,,0.940032958984375,,1.0637924877447003,,,,,,27123,8,525918720,14628532224,0.309186,0.079648,0.03935,0.01055,0.011519,1177.12298,0.04294,0.0,0.0,0.486143,2.212557,1146.727623,0.0,3.373439,0.301016,5.600536,0.076619,24576,23111,20368,1,184888,189325312,189325312,7.96181,3.4108,12.709399999999999,1116.31,97.913,12.5205,1146.29,20368,6,6,3221815344
tiledb,node,65536,0,cold,window_65536,8192,,,2048,6,1256.1193499714136,4297228288,4297228288,4297228288,4.974067832,32768,30827,,0.940765380859375,,1.0629642845557465,,,,,,27278,8,525918720,14611464192,0.397504,0.092578,0.03697,0.01007,0.00847,539.350989,0.039129,0.0,0.0,0.24421700000000002,0.771658,508.017666,0.0,1.156232,0.116429,714.516714,0.083089,8192,7716,6798,1,61728,63209472,63209472,3.27997,1.45209,4.74896,452.593,55.171699999999994,4.2905,507.779,6798,2,2,1073938448
tiledb,node,65536,0,cold,window_65536,8192,,,2048,7,989.5806380081922,4297654272,4297654272,4297654272,4.221835504,32768,30720,,0.9375,,1.0666666666666667,,,,,,27171,8,395289088,14611177472,0.279726,0.095748,0.03682,0.01138,0.01103,981.614477,0.014229,0.0,0.0,0.398985,1.583046,951.884871,0.0,2.262816,0.206587,4.648831,0.075439,16384,15397,13609,1,123176,126132224,126132224,4.39694,2.2585499999999996,7.36147,889.344,86.9997,8.6383,951.568,13609,4,4,2147876896
tiledb,node,65536,0,cold,window_65536,8192,,,2048,8,996.1641199770384,4297031680,4297031680,4297031680,4.341541413,32768,30797,,0.939849853515625,,1.0639997402344383,,,,,,27099,8,395346432,14594187264,0.706089,0.092978,0.03615,0.00966,0.00936,988.689232,0.014839,0.0,0.0,0.34573499999999996,1.526577,957.749264,0.0,2.266396,0.207177,3.720664,0.078529,16384,15404,13582,1,123232,126189568,126189568,4.6463600000000005,2.4563699999999997,7.8821900000000005,885.0160000000001,87.51870000000001,8.5246,957.4430000000001,13582,4,4,2147876896
tiledb,node,65536,0,cold,window_65536,8192,,,2048,9,999.0800259984098,4296937472,4296937472,4296937472,4.345451619,32768,30842,,0.94122314453125,,1.0624473121068672,,,,,,27185,8,395698688,14594273280,0.346935,0.093319,0.034199,0.01037,0.00757,991.275633,0.017899,0.0,0.0,0.342854,1.526978,957.501628,0.0,2.273156,0.209797,4.412464,0.077309,16384,15447,13599,1,123576,126541824,126541824,4.28017,2.1115600000000003,7.21981,891.806,92.2341,8.67393,957.202,13599,4,4,2147876896
tiledb,node,65536,0,cold,window_65536,65536,,,2048,0,1048.9975520176813,4297134080,4297134080,4297134080,4.9144621189999995,262144,165856,,0.6326904296875,,1.580551803974532,,,,,,61164,8,2833031680,14674489344,0.311076,0.092229,0.040129,0.01493,0.02071,999.229684,0.253176,0.0,0.0,0.74123,3.437798,956.859147,0.0,11.955202,1.290441,34.85459,0.779648,131072,82875,30552,1,663000,678912000,678912000,11.0553,4.3852199999999995,17.7828,875.85,95.42699999999999,36.0339,955.989,30552,4,4,2147876896
tiledb,node,65536,0,cold,window_65536,65536,,,2048,1,1043.7155009713024,4297293824,4297293824,4297293824,4.522994391,262144,165959,,0.6330833435058594,,1.579570857862484,,,,,,60814,8,2833170944,14643560448,0.322065,0.092688,0.03871,0.0107,0.020629,993.312653,0.065589,0.0,0.0,0.6648799999999999,3.32241,957.905661,0.0,11.954332,1.289341,35.550119,0.779508,131072,82998,30457,1,663984,679919616,679919616,8.39113,4.47104,14.8563,882.929,89.52029999999999,33.926199999999994,957.298,30457,4,4,2147876896
tiledb,node,65536,0,cold,window_65536,65536,,,2048,2,1032.1350840386003,4297064448,4297064448,4297064448,4.548350755,262144,165848,,0.632659912109375,,1.580628044956828,,,,,,60850,8,2832728576,14642946048,0.348285,0.093309,0.038609,0.01071,0.0206,982.033861,0.063749,0.0,0.0,0.6411600000000001,3.330091,948.463702,0.0,11.928802,1.286441,35.246844,0.780778,131072,82817,30510,1,662536,678436864,678436864,8.28476,4.49093,14.4797,879.1210000000001,89.4269,34.2479,947.8539999999999,30510,4,4,2147876896
tiledb,node,65536,0,cold,window_65536,65536,,,2048,3,806.9801339879632,4297003008,4297003008,4297003008,3.400233802,262144,166012,,0.6332855224609375,,1.5790665735007108,,,,,,60943,8,1954931200,14624792576,0.292196,0.084948,0.03743,0.01063,0.013229,772.184314,0.03393,0.0,0.0,0.35984499999999997,1.583226,732.980939,0.0,5.99727,0.650311,26.589413,0.780198,65536,41458,15281,1,331664,339623936,339623936,4.82104,2.20174,7.74003,647.35,58.780100000000004,16.6059,732.6519999999999,15281,2,2,1073938448
tiledb,node,65536,0,cold,window_65536,65536,,,2048,4,1018.6208129744045,4297228288,4297228288,4297228288,4.2431931370000004,262144,165653,,0.6319160461425781,,1.5824886962505962,,,,,,61016,8,2831966720,14644817920,0.387115,0.097229,0.039209,0.01054,0.02096,968.516511,0.165117,0.0,0.0,0.625031,3.106603,940.187994,0.0,11.934292,1.288881,35.200865,0.782868,131072,82851,30470,1,662808,678715392,678715392,11.320200000000002,5.63969,18.8766,871.196,72.4842,32.913199999999996,939.492,30470,4,4,2147876896
tiledb,node,65536,0,cold,window_65536,65536,,,2048,5,1069.567593978718,4296966144,4296966144,4296966144,4.644996108,262144,165510,,0.6313705444335938,,1.5838559603649327,,,,,,61220,8,2831974912,14644260864,0.328495,0.090258,0.03811,0.0131,0.020989,1020.29251,0.065099,0.0,0.0,0.6434399999999999,3.33481,981.050276,0.0,11.957882,1.285891,34.401817,0.776908,131072,82852,30543,1,662816,678723584,678723584,8.875269999999999,4.78238,15.1115,894.462,95.0867,33.1153,980.4399999999999,30543,4,4,2147876896
tiledb,node,65536,0,cold,window_65536,65536,,,2048,6,1006.1076619895175,4297228288,4297228288,4297228288,4.291744102,262144,165794,,0.6324539184570312,,1.581142864036093,,,,,,61155,8,2832728576,14644105216,0.805918,0.081859,0.040069,0.0109,0.01335,647.507505,0.033689,0.0,0.0,0.476282,1.586177,606.551947,0.0,5.9919,0.650621,349.892537,0.746279,65536,41416,15195,1,331328,339279872,339279872,6.27531,3.80454,9.56382,533.23,62.554399999999994,21.576999999999998,606.115,15195,2,2,1073938448
tiledb,node,65536,0,cold,window_65536,65536,,,2048,7,1033.0558099667542,4297035776,4297035776,4297035776,4.814212587,262144,165392,,0.63092041015625,,1.5849859727193576,,,,,,60775,8,2832728576,14679576576,0.404064,0.090638,0.03896,0.01034,0.020819,983.118115,0.257696,0.0,0.0,0.67182,3.122633,944.048988,0.0,11.883403,1.284311,35.088076,0.780129,131072,82505,30426,1,660040,675880960,675880960,10.9609,4.80174,17.799100000000003,864.394,89.45609999999999,34.707300000000004,943.342,30426,4,4,2147876896
tiledb,node,65536,0,cold,window_65536,65536,,,2048,8,961.5403980133124,4297428992,4297428992,4297428992,3.504127344,262144,165709,,0.6321296691894531,,1.5819539071504867,,,,,,60901,8,2832728576,14660964352,0.367145,0.082389,0.03803,0.00996,0.013049,609.362015,0.03822,0.0,0.0,0.475013,1.631366,565.021226,0.0,5.983421,0.65219,343.903806,0.790198,65536,41383,15227,1,331064,339009536,339009536,5.17304,2.42063,8.25015,502.44999999999993,36.2323,17.0948,564.69,15227,2,2,1073938448
tiledb,node,65536,0,cold,window_65536,65536,,,2048,9,1323.1539590051398,4297228288,4297228288,4297228288,5.854917334,262144,165707,,0.6321220397949219,,1.5819730005370927,,,,,,61063,8,3711074816,14684323840,0.382754,0.094268,0.03928,0.01156,0.025739,1257.272313,0.167588,0.0,0.0,0.991986,4.929276,1220.921155,0.0,17.879173,1.900382,44.417597,0.779428,196608,124308,45789,1,994464,1018331136,1018331136,19.2553,7.98132,29.967000000000002,1125.9099999999999,100.948,50.9426,1219.88,45789,6,6,3221815344
tiledb,node,65536,0,warm,random,1024,,,2048,0,6874.656411004253,8685359104,8685359104,8685359104,64.307425964,4096,4095,,0.999755859375,,1.0002442002442002,,,,,,4095,1005,33901568,14566162432,0.203217,0.03419,0.040959,0.01312,0.00745,5734.158645,0.0176,0.0,0.0,0.118059,0.144498,5698.487517,0.0,0.203767,0.129008,1139.423182,0.037219,1042,1042,1041,1,8336,8536064,8536064,1.61695,0.72925,2.0345099999999996,4186.38,1090.97,3.38751,5698.43,1041,64,64,34366030336
tiledb,node,65536,0,warm,random,1024,,,2048,1,6453.232172993012,2613346304,2613346304,2613346304,66.722091422,4096,4096,,1.0,,1.0,,,,,,4096,1013,33836032,14566334464,0.198907,0.034369,0.04133,0.0097,0.00731,5813.448602,0.00723,0.0,0.0,0.109789,0.144588,5777.183554,0.0,0.205047,0.127608,638.750685,0.039789,1034,1034,1034,1,8272,8470528,8470528,1.73728,0.782928,2.15287,4248.05,1124.49,3.38315,5777.12,1034,64,64,34366030336
tiledb,node,65536,0,warm,random,1024,,,2048,2,6596.696051012259,2911571968,2911571968,2911571968,65.460988337,4096,4095,,0.999755859375,,1.0002442002442002,,,,,,4095,1003,34245632,14566309888,0.204567,0.03352,0.039159,0.00962,0.00734,5739.259441,0.00786,0.0,0.0,0.108258,0.122178,5701.911988,0.0,0.195807,0.129768,856.373287,0.059829,993,993,993,1,7944,8134656,8134656,1.32891,0.5641109999999999,1.7197600000000002,4133.3099999999995,1116.99,3.2916999999999996,5701.83,993,64,64,34366030336
tiledb,node,65536,0,warm,random,1024,,,2048,3,6101.795958995353,97124352,97124352,97124352,63.122837326,4096,4096,,1.0,,1.0,,,,,,4096,1012,33704960,14566289408,0.151457,0.03481,0.043179,0.00936,0.00728,6100.564837,0.00731,0.0,0.0,0.101019,0.142227,6055.351812,0.0,0.201927,0.124908,0.281836,0.019369,1030,1030,1028,1,8240,8437760,8437760,2.07662,1.1858199999999999,2.48162,4292.2,1164.21,3.5073700000000003,6055.29,1028,64,64,34366030336
tiledb,node,65536,0,warm,random,1024,,,2048,4,6008.42896301765,896585728,896585728,896585728,62.454010983,4096,4096,,1.0,,1.0,,,,,,4096,1011,33934336,14565969920,0.217957,0.03358,0.041419,0.01038,0.00689,5871.558266,0.00805,0.0,0.0,0.098828,0.151938,5824.992301,0.0,0.204896,0.115599,135.856972,0.02828,1044,1044,1044,1,8352,8552448,8552448,1.8037,0.79041,2.27913,4297.85,1160.79,3.5331799999999998,5824.93,1044,64,64,34366030336
tiledb,node,65536,0,warm,random,1024,,,2048,5,6572.733438981231,6259380224,6259380224,6259380224,63.821228534,4096,4096,,1.0,,1.0,,,,,,4096,1003,34098176,14565965824,0.149577,0.03474,0.041999,0.01283,0.00762,6393.895098,0.01178,0.0,0.0,0.12356800000000001,0.158018,6352.169942,0.0,0.231957,0.130538,177.749987,0.060169,1054,1054,1054,1,8432,8634368,8634368,1.62491,0.7527389999999999,2.02842,5108.04,1153.81,3.2653,6352.1,1054,64,64,34366030336
tiledb,node,65536,0,warm,random,1024,,,2048,6,6486.336778965779,6377857024,6377857024,6377857024,63.983967101999994,4096,4096,,1.0,,1.0,,,,,,4096,1010,34106368,14565949440,0.187007,0.545111,0.04268,0.00975,0.00637,6484.571155,0.009489,0.0,0.0,0.112489,0.133868,6445.405339,0.0,0.199757,0.124188,0.289546,0.018849,1008,1008,1008,1,8064,8257536,8257536,1.46708,0.634489,1.8693600000000001,5009.41,1132.93,3.52257,6445.33,1008,64,64,34366030336
tiledb,node,65536,0,warm,random,1024,,,2048,7,7057.020980049856,4953112576,4953112576,4953112576,71.74813676299999,4096,4096,,1.0,,1.0,,,,,,4095,1009,33999872,14565920768,0.171967,0.03271,0.042129,0.01022,0.00673,7055.853287,0.0089,0.0,0.0,0.100789,0.150147,7018.410836,0.0,0.206137,0.052299,0.282885,0.01713,1048,1048,1048,1,8384,8585216,8585216,1.73997,0.7893600000000001,2.1805399999999997,5341.8099999999995,1275.8400000000001,3.50377,7018.34,1048,64,64,34366030336
tiledb,node,65536,0,warm,random,1024,,,2048,8,6088.211061025504,0,0,0,68.939325439,4096,4096,,1.0,,1.0,,,,,,4096,1011,34343936,14565892096,0.228097,0.033379,0.04386,0.008829,0.00651,5987.489085,0.0066,0.0,0.0,0.09598899999999999,0.133508,5943.936055,0.0,0.198827,0.125838,99.676842,0.022879,1021,1021,1021,1,8168,8364032,8364032,1.36815,0.679049,1.77172,4338.33,1219.59,3.5800300000000003,5943.870000000001,1021,64,64,34366030336
tiledb,node,65536,0,warm,random,1024,,,2048,9,6027.901731955353,0,0,0,64.340923187,4096,4096,,1.0,,1.0,,,,,,4096,1007,34393088,14565982208,0.744869,0.033439,0.04134,0.009269,0.00721,5887.578586,0.01756,0.0,0.0,0.09922900000000001,0.125468,5848.968622,0.0,0.197377,0.120899,138.806278,0.02175,1015,1015,1015,1,8120,8314880,8314880,1.46623,0.6835110000000001,1.8686099999999999,4170.56,1166.1,3.36811,5848.900000000001,1015,64,64,34366030336
tiledb,node,65536,0,warm,random,8192,,,2048,0,5997.898958041333,0,0,0,64.621464042,32768,32755,,0.999603271484375,,1.0003968859716075,,,,,,32736,1024,269741056,14598651904,0.258747,0.093989,0.037809,0.01312,0.00859,5993.968246,0.00812,0.0,0.0,0.237076,0.905017,5950.80686,0.0,1.231882,0.197367,1.641756,0.075229,8252,8243,8223,1,65944,67526656,67526656,4.80533,2.22304,7.21694,4157.66,1292.33,8.57582,5950.610000000001,8223,64,64,34366030336
tiledb,node,65536,0,warm,random,8192,,,2048,1,6008.529018959962,0,0,0,64.122514678,32768,32756,,0.9996337890625,,1.0003663450970814,,,,,,32741,1024,270448128,14596915200,0.222006,0.094659,0.035809,0.00985,0.00854,6004.741995,0.00876,0.0,0.0,0.232357,0.855807,5965.032668,0.0,1.224552,0.118188,1.661136,0.075908,8192,8183,8169,1,65464,67035136,67035136,3.8949000000000003,1.8870200000000001,6.31287,4210.009999999999,1236.02,8.22864,5964.7699999999995,8169,64,64,34366030336
tiledb,node,65536,0,warm,random,8192,,,2048,2,6420.408138015773,0,0,0,68.047904496,32768,32755,,0.999603271484375,,1.0003968859716075,,,,,,32742,1024,270775808,14597332992,0.283236,0.089368,0.0371,0.01011,0.0087,6416.490775,0.008849,0.0,0.0,0.251386,0.916037,6372.304955,0.0,1.224082,0.194917,1.650576,0.075639,8194,8184,8169,1,65472,67043328,67043328,4.189039999999999,2.4137999999999997,6.56983,4384.75,1251.9,8.289430000000001,6372.099999999999,8169,64,64,34366030336
tiledb,node,65536,0,warm,random,8192,,,2048,3,6403.154845000245,0,0,0,68.324807125,32768,32764,,0.9998779296875,,1.0001220852154804,,,,,,32746,1024,270489088,14597533696,0.290456,0.093539,0.037729,0.0097,0.00838,6399.244113,0.00824,0.0,0.0,0.284306,0.871307,6350.581438,0.0,1.220602,0.191117,1.648306,0.074449,8166,8159,8147,1,65272,66838528,66838528,3.75204,1.96551,6.02866,4310.75,1312.46,8.598180000000001,6350.37,8147,64,64,34366030336
tiledb,node,65536,0,warm,random,8192,,,2048,4,6231.777880049776,0,0,0,66.570957267,32768,32757,,0.999664306640625,,1.0003358060872485,,,,,,32746,1024,269593600,14596608000,0.294335,0.093849,0.035979,0.00974,0.00922,6227.849849,0.02839,0.0,0.0,0.296086,0.843077,6183.878315,0.0,1.224121,0.197837,1.651865,0.074019,8187,8179,8162,1,65432,67002368,67002368,3.9802099999999996,2.14744,6.35818,4364.080000000001,1267.91,8.627839999999999,6183.61,8162,64,64,34366030336
tiledb,node,65536,0,warm,random,8192,,,2048,5,6348.984252021182,0,0,0,70.509230159,32768,32755,,0.999603271484375,,1.0003968859716075,,,,,,32745,1024,269899264,14599753728,0.242627,0.092308,0.03697,0.010619,0.00923,6345.082791,0.00897,0.0,0.0,0.259356,0.866717,6295.339242,0.0,1.217322,0.197897,1.659005,0.077659,8163,8152,8136,1,65216,66781184,66781184,3.849,1.8962899999999998,6.13779,4318.13,1373.69,8.03064,6295.05,8136,64,64,34366030336
tiledb,node,65536,0,warm,random,8192,,,2048,6,6214.271700999234,0,0,0,68.98599368699999,32768,32761,,0.999786376953125,,1.0002136686914318,,,,,,32749,1024,270751232,14596673536,0.204907,0.093398,0.03575,0.010419,0.00877,6210.426029,0.00917,0.0,0.0,0.266196,0.869547,6168.885818,0.0,1.228731,0.203047,1.645626,0.072929,8209,8201,8184,1,65608,67182592,67182592,4.20911,2.27202,6.5559199999999995,4148.07,1482.98,8.112309999999999,6168.59,8184,64,64,34366030336
tiledb,node,65536,0,warm,random,8192,,,2048,7,6112.5187780126,0,0,0,65.32047541200001,32768,32759,,0.999725341796875,,1.0002747336609787,,,,,,32739,1024,270063104,14596665344,0.213477,0.092609,0.037519,0.01154,0.00851,6108.646936,0.00887,0.0,0.0,0.257646,0.940456,6070.717581,0.0,1.225371,0.191188,1.664815,0.074609,8209,8197,8179,1,65576,67149824,67149824,3.88034,2.1736,6.21028,4274.429999999999,1182.05,8.33201,6070.5,8179,64,64,34366030336
tiledb,node,65536,0,warm,random,8192,,,2048,8,6173.122564970981,0,0,0,64.876869101,32768,32760,,0.999755859375,,1.0002442002442002,,,,,,32742,1024,270235136,14596718592,0.549682,0.092879,0.0373,0.009529,0.00905,6168.947218,0.00855,0.0,0.0,0.244197,0.837267,6125.751291,0.0,1.216461,0.189438,1.652725,0.075309,8114,8107,8083,1,64856,66412544,66412544,4.27343,2.1452,6.74795,4377.11,1202.04,8.42993,6125.47,8083,64,64,34366030336
tiledb,node,65536,0,warm,random,8192,,,2048,9,6255.937899986748,0,0,0,68.480095069,32768,32763,,0.999847412109375,,1.0001526111772425,,,,,,32736,1024,270456320,14599458816,0.300296,0.094169,0.036759,0.00902,0.00825,5890.175044,0.03191,0.0,0.0,0.233966,0.934786,5851.469071,0.0,1.242031,0.119268,363.4528,0.114459,8293,8289,8272,1,66312,67903488,67903488,4.57812,2.00212,6.8061,4234.92,1089.0500000000002,8.334340000000001,5851.27,8272,64,64,34366030336
tiledb,node,65536,0,warm,random,65536,,,2048,0,6231.782189977821,0,0,0,67.02037106099999,262144,261627,,0.9980278015136719,,1.0019760957393542,,,,,,260583,1024,2151669248,14828171264,0.291206,0.084269,0.03742,0.013149,0.01467,6207.785468,0.051549,0.0,0.0,1.2760310000000001,6.922697,6156.579831,0.0,9.329591,0.851427,12.202818,0.780609,65200,64667,63663,1,517336,529752064,529752064,20.5808,12.684600000000001,38.8079,4240.05,1308.65,47.2055,6155.36,63663,64,64,34366030336
tiledb,node,65536,0,warm,random,65536,,,2048,1,6055.0458949874155,0,0,0,64.504693979,262144,261609,,0.9979591369628906,,1.0020450366768727,,,,,,260581,1024,2152676864,14828494848,0.271966,0.085029,0.038329,0.01255,0.0165,6030.972834,0.050739,0.0,0.0,1.265161,6.69953,5974.817102,0.0,9.354521,0.861877,12.294017,0.769718,65385,64862,63805,1,518896,531349504,531349504,18.792099999999998,11.781500000000001,35.3198,4274.33,1171.5,48.505100000000006,5973.6,63805,64,64,34366030336
tiledb,node,65536,0,warm,random,65536,,,2048,2,6420.160551031586,0,0,0,70.27048448000001,262144,261642,,0.9980850219726562,,1.0019186522041568,,,,,,260678,1024,2151658496,14829563904,0.254506,0.087049,0.037759,0.01171,0.01651,6396.04808,0.051169,0.0,0.0,1.267321,6.67639,6344.021017,0.0,9.449909,0.796319,12.312266,0.777509,65833,65363,64336,1,522904,535453696,535453696,18.799799999999998,10.996799999999999,35.266400000000004,4167.81,1675.1499999999999,48.7359,6342.76,64336,64,64,34366030336
tiledb,node,65536,0,warm,random,65536,,,2048,3,6521.886383998208,0,0,0,71.038790675,262144,261637,,0.9980659484863281,,1.0019377993173748,,,,,,260688,1024,2154842112,14830292992,0.263316,0.085269,0.038579,0.01227,0.01641,6497.887102,0.051119,0.0,0.0,1.277242,6.734549,6445.661151,0.0,9.333011,0.857687,12.243998,0.779388,65238,64707,63683,1,517656,530079744,530079744,21.048199999999998,13.139700000000001,38.275999999999996,4408.05,1363.5600000000002,48.9285,6444.429999999999,63683,64,64,34366030336
tiledb,node,65536,0,warm,random,65536,,,2048,4,6176.611453003716,0,0,0,67.537936656,262144,261619,,0.9979972839355469,,1.0020067349848443,,,,,,260580,1024,2150238720,14830129152,0.274166,0.085798,0.03891,0.01115,0.016949,6152.67907,0.05692,0.0,0.0,1.266151,6.808019,6112.136624,0.0,9.38418,0.786548,12.208998,0.774888,65555,65063,64038,1,520504,532996096,532996096,20.607400000000002,11.927200000000001,38.5079,4277.2,1285.24,46.089400000000005,6110.91,64038,64,64,34366030336
tiledb,node,65536,0,warm,random,65536,,,2048,5,6288.85768802138,0,0,0,70.315922538,262144,261647,,0.9981040954589844,,1.0018995058227307,,,,,,260634,1024,2148521472,14829379584,0.272656,0.088969,0.038669,0.01084,0.01688,6264.702399,0.051419,0.0,0.0,1.2656209999999999,6.812468,6209.721729,0.0,9.38591,0.867547,12.338266,0.772818,65539,65060,64087,1,520480,532971520,532971520,20.6254,11.6647,36.8281,4031.4300000000003,1713.6499999999999,46.7139,6208.490000000001,64087,64,64,34366030336
tiledb,node,65536,0,warm,random,65536,,,2048,6,6119.104309997056,0,0,0,66.121879557,262144,261607,,0.9979515075683594,,1.0020526973666606,,,,,,260609,1024,2150205952,14829326336,0.328305,0.083469,0.038549,0.01007,0.01604,6094.989349,0.050959,0.0,0.0,1.269531,6.71796,6036.391464,0.0,9.4052,0.872467,12.236128,0.772548,65744,65227,64247,1,521816,534339584,534339584,20.7926,12.0085,38.3024,4306.17,1184.73,47.250800000000005,6035.17,64247,64,64,34366030336
tiledb,node,65536,0,warm,random,65536,,,2048,7,6145.4380780342035,0,0,0,66.71041778200001,262144,261597,,0.9979133605957031,,1.0020910025726595,,,,,,260572,1024,2149556224,14830178304,0.796998,0.085229,0.038659,0.01292,0.01648,6120.947102,0.050969,0.0,0.0,1.2650109999999999,6.657951,6061.114855,0.0,9.36763,0.865248,12.188988,0.771338,65396,64897,63957,1,519176,531636224,531636224,20.2067,11.721499999999999,36.5633,4251.55,1201.29,46.8776,6059.910000000001,63957,64,64,34366030336
tiledb,node,65536,0,warm,random,65536,,,2048,8,6112.135254021268,0,0,0,68.13721432,262144,261629,,0.9980354309082031,,1.0019684362207553,,,,,,260622,1024,2151527424,14830788608,0.308926,0.084419,0.037519,0.00975,0.01714,6087.993634,0.050579,0.0,0.0,1.274861,6.70135,6037.703784,0.0,9.423159,0.865907,12.265557,0.782518,65838,65342,64347,1,522736,535281664,535281664,20.7851,12.9993,38.9709,4401.16,1241.76,48.0518,6036.469999999999,64347,64,64,34366030336
tiledb,node,65536,0,warm,random,65536,,,2048,9,6340.528477972839,0,0,0,69.54821881800001,262144,261633,,0.9980506896972656,,1.0019531175348675,,,,,,260582,1024,2150593536,14831005696,0.284075,0.084449,0.038079,0.01163,0.01645,6316.524236,0.051839,0.0,0.0,1.255011,6.758219,6257.476707,0.0,9.37645,0.864817,12.187618,0.776088,65372,64852,63874,1,518816,531267584,531267584,20.447699999999998,12.302999999999999,36.8271,4384.08,1210.24,49.826,6256.26,63874,64,64,34366030336
tiledb,node,65536,0,warm,window_256,1024,,,2048,0,315.9324089647271,0,0,0,1.791684364,4096,1002,,0.24462890625,,4.087824351297405,,,,,,25,4,48202240,14555496448,0.278536,0.034389,0.040819,0.00951,0.00778,173.70764,0.00354,0.0,0.0,0.08646899999999999,0.00988,135.669137,0.0,0.086619,0.050469,141.435142,0.024399,1024,254,3,1,2032,2080768,2080768,0.296026,0.12330899999999999,0.347535,107.37299999999999,27.622600000000002,0.107248,135.629,3,1,1,536969224
tiledb,node,65536,0,warm,window_256,1024,,,2048,1,327.8958610026166,0,0,0,1.8261111460000001,4096,1009,,0.246337890625,,4.059464816650149,,,,,,18,4,37839360,14555435008,0.261776,0.035499,0.04028,0.015289,0.00735,326.65794,0.00584,0.0,0.0,0.07381900000000001,0.00878,284.501968,0.0,0.123248,0.053269,0.358425,0.01825,2048,504,10,1,4032,4128768,4128768,0.41927400000000004,0.21240699999999998,0.46708299999999997,224.138,58.318000000000005,0.239606,284.46,10,2,2,1073938448
tiledb,node,65536,0,warm,window_256,1024,,,2048,2,195.90453896671534,0,0,0,1.598073119,4096,1007,,0.245849609375,,4.067527308838133,,,,,,20,4,27288064,14555361280,0.132548,0.03474,0.042439,0.01059,0.00667,193.701961,0.00167,0.0,0.0,0.09051799999999999,0.00924,129.272972,0.0,0.084699,0.047039,1.474368,0.018769,1024,252,4,1,2016,2064384,2064384,0.35111400000000004,0.173617,0.394484,98.18549999999999,30.3548,0.12218799999999999,129.23299999999998,4,1,1,536969224
tiledb,node,65536,0,warm,window_256,1024,,,2048,3,329.267711029388,0,0,0,2.011933996,4096,1010,,0.24658203125,,4.0554455445544555,,,,,,18,4,37839360,14555361280,0.142588,0.035689,0.04197,0.009389,0.00741,327.859742,0.00596,0.0,0.0,0.077629,0.00968,283.547682,0.0,0.123758,0.053499,0.643261,0.019509,2048,505,9,1,4040,4136960,4136960,0.602541,0.307726,0.6483110000000001,216.40200000000002,67.5176,0.24671600000000002,283.50199999999995,9,2,2,1073938448
tiledb,node,65536,0,warm,window_256,1024,,,2048,4,319.166540983133,0,0,0,1.761561068,4096,1007,,0.245849609375,,4.067527308838133,,,,,,20,4,37839360,14555357184,0.212907,0.035039,0.04139,0.00929,0.007199,176.663486,0.00194,0.0,0.0,0.077029,0.00833,134.572934,0.0,0.083619,0.049569,141.719187,0.019289,1024,251,6,1,2008,2056192,2056192,0.31244500000000003,0.15536599999999998,0.362014,108.335,25.5628,0.112558,134.532,6,1,1,536969224
tiledb,node,65536,0,warm,window_256,1024,,,2048,5,322.6787379826419,0,0,0,1.870263749,4096,1009,,0.246337890625,,4.059464816650149,,,,,,19,4,37839360,14555373568,0.125778,0.039509,0.04258,0.01003,0.007019,321.316099,0.00274,0.0,0.0,0.097519,0.01062,278.327,0.0,0.123859,0.052879,0.634141,0.019009,2048,503,11,1,4024,4120576,4120576,0.584811,0.317354,0.6281909999999999,218.054,64.82939999999999,0.240196,278.28000000000003,11,2,2,1073938448
tiledb,node,65536,0,warm,window_256,1024,,,2048,6,215.62705503311008,0,0,0,1.397623148,4096,1006,,0.24560546875,,4.071570576540755,,,,,,22,4,37839360,14555348992,0.182327,0.03405,0.040539,0.00975,0.00725,190.351422,0.00218,0.0,0.0,0.075958,0.00883,147.079018,0.0,0.084148,0.04859,24.517694,0.0196,1024,252,5,1,2016,2064384,2064384,0.362455,0.167248,0.416414,116.94200000000001,29.395899999999997,0.121808,147.04,5,1,1,536969224
tiledb,node,65536,0,warm,window_256,1024,,,2048,7,315.7122030388564,0,0,0,1.899971492,4096,1012,,0.2470703125,,4.047430830039525,,,,,,16,4,48300544,14555693056,0.148668,0.0,0.0,0.008969,0.0,0.00102,0.0,0.0,0.0,0.0,0.0,0.0,0.0,0.0,0.0,315.267149,0.02832,0,0,0,0,0,0,0,0.0,0.0,0.0,0.0,0.0,0.0,0.0,0,0,0,0
tiledb,node,65536,0,warm,window_256,1024,,,2048,8,318.54280998231843,0,0,0,1.802167301,4096,1008,,0.24609375,,4.063492063492063,,,,,,19,4,48259584,14555688960,0.197797,0.094519,0.035879,0.00931,0.0063,317.25377,0.01391,0.0,0.0,0.098838,0.01089,287.74452,0.0,0.154728,0.052769,0.423803,0.01859,3072,755,15,1,6040,6184960,6184960,0.64037,0.347634,0.718259,245.423,57.8158,0.32277500000000003,287.7,15,3,3,1610907672
tiledb,node,65536,0,warm,window_256,1024,,,2048,9,210.13168705394492,0,0,0,1.3841350829999999,4096,1006,,0.24560546875,,4.071570576540755,,,,,,22,4,37839360,14555672576,0.293726,0.034399,0.040729,0.00828,0.00616,180.588327,0.00183,0.0,0.0,0.07564900000000001,0.00777,136.086531,0.0,0.086359,0.049919,28.760321,0.018559,1024,252,5,1,2016,2064384,2064384,0.313176,0.16611800000000002,0.373605,110.946,24.4591,0.111908,136.047,5,1,1,536969224
tiledb,node,65536,0,warm,window_256,8192,,,2048,0,310.704106988851,0,0,0,1.7729445499999998,32768,1024,,0.03125,,32.0,,,,,,4,4,273351168,14555914240,0.368305,0.089319,0.034949,0.0099,0.00893,175.179448,0.00339,0.0,0.0,0.08126900000000001,0.0093,137.048376,0.0,0.085569,0.080729,134.523484,0.065209,8192,256,1,1,2048,2097152,2097152,0.10323900000000001,0.04124,0.146958,109.10499999999999,27.4685,0.126918,137.01,1,1,1,536969224
tiledb,node,65536,0,warm,window_256,8192,,,2048,1,313.5991839808412,0,0,0,1.641225514,32768,1024,,0.03125,,32.0,,,,,,4,4,273351168,14556168192,0.219646,0.090909,0.036029,0.01003,0.00735,195.739611,0.00183,0.0,0.0,0.077349,0.00846,155.362793,0.0,0.119349,0.200467,116.776809,0.068669,16384,512,2,1,4096,4194304,4194304,0.22434700000000002,0.12472899999999999,0.271156,122.01299999999999,32.5086,0.264796,155.32199999999997,2,2,2,1073938448
tiledb,node,65536,0,warm,window_256,8192,,,2048,2,317.6647140062414,0,0,0,1.79123291,32768,1024,,0.03125,,32.0,,,,,,4,4,273351168,14556028928,0.248636,0.0,0.0,0.009459,0.0,0.0005,0.0,0.0,0.0,0.0,0.0,0.0,0.0,0.0,0.0,317.074983,0.081368,0,0,0,0,0,0,0,0.0,0.0,0.0,0.0,0.0,0.0,0.0,0,0,0,0
tiledb,node,65536,0,warm,window_256,8192,,,2048,3,319.1196820116602,0,0,0,2.143785436,32768,1024,,0.03125,,32.0,,,,,,4,4,273351168,14556418048,0.211047,0.090429,0.042229,0.00959,0.00792,313.551755,0.00197,0.0,0.0,0.075569,0.00769,271.030249,0.0,0.121698,0.125578,4.546823,0.080398,16384,512,2,1,4096,4194304,4194304,0.219467,0.108639,0.282256,208.44199999999998,65.5538,0.283356,270.98699999999997,2,2,2,1073938448
tiledb,node,65536,0,warm,window_256,8192,,,2048,4,207.86796102765948,0,0,0,1.3836059,32768,1024,,0.03125,,32.0,,,,,,4,4,273351168,14556282880,0.199027,0.090818,0.03608,0.01012,0.00811,178.008945,0.00127,0.0,0.0,0.079149,0.006879,135.308503,0.0,0.086619,0.078429,28.956838,0.064919,8192,256,1,1,2048,2097152,2097152,0.14731799999999998,0.08208900000000001,0.230346,104.108,30.6062,0.167257,135.27,1,1,1,536969224
tiledb,node,65536,0,warm,window_256,8192,,,2048,5,321.4223170070909,0,0,0,2.01654999,32768,1024,,0.03125,,32.0,,,,,,4,4,273351168,14556278784,0.208066,0.090209,0.036639,0.01447,0.00775,315.86091,0.00169,0.0,0.0,0.07543899999999999,0.00782,275.571211,0.0,0.120258,0.125529,4.553782,0.078519,16384,512,2,1,4096,4194304,4194304,0.229797,0.125279,0.272666,212.565,67.5475,0.23388599999999998,275.524,2,2,2,1073938448
tiledb,node,65536,0,warm,window_256,8192,,,2048,6,321.51484600035474,0,0,0,1.815795093,32768,1024,,0.03125,,32.0,,,,,,4,4,342884864,14556413952,0.313606,0.090508,0.03861,0.008989,0.00812,166.187102,0.00169,0.0,0.0,0.07676899999999999,0.00752,130.707321,0.0,0.086219,0.077069,154.300799,0.066999,8192,256,1,1,2048,2097152,2097152,0.110209,0.042419,0.16550700000000002,100.505,29.738899999999997,0.101158,130.667,1,1,1,536969224
tiledb,node,65536,0,warm,window_256,8192,,,2048,7,303.1644790316932,0,0,0,1.880687655,32768,1024,,0.03125,,32.0,,,,,,4,4,342884864,14556729344,0.258116,0.076899,0.03811,0.00865,0.00666,296.438869,0.002039,0.0,0.0,0.07517,0.007559,264.656014,0.0,0.156408,0.177057,5.598576,0.078049,24576,768,3,1,6144,6291456,6291456,0.339025,0.172058,0.38979400000000003,230.096,58.8195,0.365434,264.613,3,3,3,1610907672
tiledb,node,65536,0,warm,window_256,8192,,,2048,8,329.8875209875405,0,0,0,2.231821108,32768,1024,,0.03125,,32.0,,,,,,4,4,273351168,14556852224,0.692589,0.0,0.0,0.00871,0.0,0.00085,0.0,0.0,0.0,0.0,0.0,0.0,0.0,0.0,0.0,328.850987,0.077088,0,0,0,0,0,0,0,0.0,0.0,0.0,0.0,0.0,0.0,0.0,0,0,0,0
tiledb,node,65536,0,warm,window_256,8192,,,2048,9,197.8745799860917,0,0,0,1.601815617,32768,1024,,0.03125,,32.0,,,,,,4,4,203817472,14556708864,0.218807,0.090408,0.03672,0.01049,0.00794,193.650532,0.001779,0.0,0.0,0.080849,0.00671,142.225409,0.0,0.087059,0.080049,3.284891,0.072299,8192,256,1,1,2048,2097152,2097152,0.112358,0.045749,0.153277,109.061,32.6566,0.106568,142.186,1,1,1,536969224
tiledb,node,65536,0,warm,window_256,65536,,,2048,0,465.64036700874567,0,0,0,2.538666293,262144,1024,,0.00390625,,256.0,,,,,,4,4,3241640960,14555910144,0.296766,0.093779,0.037669,0.01175,0.00641,429.108062,0.01403,0.0,0.0,0.097558,0.0094,394.793884,0.0,0.197187,1.562597,33.266154,0.741059,262144,1024,4,1,8192,8388608,8388608,0.376624,0.191827,0.428073,312.787,88.6574,0.5173620000000001,394.749,4,4,4,2147876896
tiledb,node,65536,0,warm,window_256,65536,,,2048,1,344.95881595648825,0,0,0,2.039893411,262144,1024,,0.00390625,,256.0,,,,,,4,4,2157445632,14556938240,0.285366,0.080479,0.043899,0.01047,0.00727,182.322172,0.00173,0.0,0.0,0.102539,0.00824,142.100461,0.0,0.088738,0.401214,160.610335,0.786958,65536,256,1,1,2048,2097152,2097152,0.13822800000000002,0.062779,0.21098699999999998,109.70299999999999,31.829000000000004,0.128468,142.059,1,1,1,536969224
tiledb,node,65536,0,warm,window_256,65536,,,2048,2,363.776545971632,0,0,0,2.2326137509999997,262144,1024,,0.00390625,,256.0,,,,,,4,4,2157445632,14556925952,0.353774,0.087109,0.037509,0.0106,0.00825,326.297825,0.00184,0.0,0.0,0.080389,0.00831,287.762709,0.0,0.120458,0.795718,34.945149,0.776778,131072,512,2,1,4096,4194304,4194304,0.272056,0.152157,0.346675,230.75699999999998,58.8392,0.26416599999999996,287.719,2,2,2,1073938448
tiledb,node,65536,0,warm,window_256,65536,,,2048,3,245.84099400090054,0,0,0,1.562442873,262144,1024,,0.00390625,,256.0,,,,,,4,4,2157445632,14556925952,0.386414,0.079099,0.038389,0.01039,0.00724,184.695126,0.0019,0.0,0.0,0.08122900000000001,0.00742,144.651373,0.0,0.086759,0.399164,59.04628,0.754508,65536,256,1,1,2048,2097152,2097152,0.112028,0.04791,0.161428,115.007,29.1425,0.125098,144.612,1,1,1,536969224
tiledb,node,65536,0,warm,window_256,65536,,,2048,4,352.1321900188923,0,0,0,2.3350719460000002,262144,1024,,0.00390625,,256.0,,,,,,4,4,2157445632,14557982720,0.281086,0.086749,0.0369,0.009649,0.00759,320.492022,0.00155,0.0,0.0,0.07929900000000001,0.00764,280.276891,0.0,0.121418,0.798328,29.200545,0.762538,131072,512,2,1,4096,4194304,4194304,0.225057,0.118778,0.28658500000000003,217.526,62.0606,0.267356,280.233,2,2,2,1073938448
tiledb,node,65536,0,warm,window_256,65536,,,2048,5,237.36213095253333,0,0,0,1.4707771,262144,1024,,0.00390625,,256.0,,,,,,4,4,2157445632,14556921856,0.202917,0.077849,0.037029,0.01043,0.0056,190.569759,0.00157,0.0,0.0,0.085769,0.00801,149.104286,0.0,0.085699,0.400604,44.863181,0.777168,65536,256,1,1,2048,2097152,2097152,0.101969,0.03657,0.161418,119.779,28.785800000000002,0.138488,149.065,1,1,1,536969224
tiledb,node,65536,0,warm,window_256,65536,,,2048,6,348.2083069975488,0,0,0,2.180034745,262144,1024,,0.00390625,,256.0,,,,,,4,4,2157445632,14556917760,0.217517,0.087738,0.0381,0.00956,0.00804,310.136665,0.00173,0.0,0.0,0.077109,0.007629,268.512677,0.0,0.120329,0.798168,35.679558,0.775878,131072,512,2,1,4096,4194304,4194304,0.193817,0.088489,0.247126,205.662,59.0474,0.24855599999999997,268.469,2,2,2,1073938448
tiledb,node,65536,0,warm,window_256,65536,,,2048,7,357.19945398159325,0,0,0,2.07185001,262144,1024,,0.00390625,,256.0,,,,,,4,4,2157445632,14557171712,0.423554,0.088128,0.03791,0.00859,0.00768,318.189975,0.013459,0.0,0.0,0.081449,0.00825,277.821467,0.0,0.120038,0.797538,36.501446,0.780268,131072,512,2,1,4096,4194304,4194304,0.194327,0.09679800000000001,0.25120600000000004,221.355,57.6519,0.277826,277.778,2,2,2,1073938448
tiledb,node,65536,0,warm,window_256,65536,,,2048,8,353.9231730392203,0,0,0,1.911755455,262144,1024,,0.00390625,,256.0,,,,,,4,4,2157445632,14557171712,0.271146,0.081828,0.03719,0.01025,0.007339,179.464145,0.00627,0.0,0.0,0.077859,0.00767,133.516119,0.0,0.087568,0.401924,172.440828,0.780709,65536,256,1,1,2048,2097152,2097152,0.099178,0.037869,0.139338,108.24799999999999,24.7592,0.138278,133.476,1,1,1,536969224
tiledb,node,65536,0,warm,window_256,65536,,,2048,9,340.61334101716056,0,0,0,2.193072629,262144,1024,,0.00390625,,256.0,,,,,,4,4,2157445632,14558232576,0.313965,0.086889,0.037099,0.01026,0.00732,315.19521,0.00215,0.0,0.0,0.08191899999999999,0.008249,271.992175,0.0,0.122308,0.865187,22.895019,0.738369,131072,512,2,1,4096,4194304,4194304,0.24889600000000003,0.119058,0.295295,214.66199999999998,58.9512,0.252187,271.947,2,2,2,1073938448
tiledb,node,65536,0,warm,window_4096,1024,,,2048,0,308.6713480297476,0,0,0,1.8153729840000001,4096,3596,,0.8779296875,,1.139043381535039,,,,,,2785,4,48431616,14562590720,0.138278,0.035199,0.043249,0.0116,0.00775,307.236739,0.01592,0.0,0.0,0.145677,0.228687,266.008504,0.0,0.304156,0.050679,0.490323,0.019049,2048,1805,1397,1,14440,14786560,14786560,1.7308899999999998,0.671003,2.23497,206.179,54.7958,0.947176,265.91900000000004,1397,2,2,1073938448
tiledb,node,65536,0,warm,window_4096,1024,,,2048,1,332.5518410420045,0,0,0,1.991245202,4096,3616,,0.8828125,,1.1327433628318584,,,,,,2840,4,48620032,14559715328,0.499113,0.0,0.0,0.01703,0.0,0.00115,0.0,0.0,0.0,0.0,0.0,0.0,0.0,0.0,0.0,331.724084,0.026629,0,0,0,0,0,0,0,0.0,0.0,0.0,0.0,0.0,0.0,0.0,0,0,0,0
tiledb,node,65536,0,warm,window_4096,1024,,,2048,2,339.47744901524857,0,0,0,2.028129182,4096,3608,,0.880859375,,1.1352549889135255,,,,,,2822,4,48423424,14560403456,0.272226,0.033629,0.04264,0.01005,0.00626,187.667611,0.005979,0.0,0.0,0.14055800000000002,0.129478,148.044793,0.0,0.178088,0.049739,150.864461,0.023209,1024,896,732,1,7168,7340032,7340032,1.37272,0.579723,1.67479,114.605,30.9758,0.533892,147.97299999999998,732,1,1,536969224
tiledb,node,65536,0,warm,window_4096,1024,,,2048,3,334.7745079663582,0,0,0,2.161359307,4096,3621,,0.884033203125,,1.1311792322562828,,,,,,2839,4,48456192,14559698944,0.169298,0.03369,0.041419,0.00922,0.00731,333.159902,0.00325,0.0,0.0,0.11135800000000001,0.195217,288.42362,0.0,0.307316,0.052309,0.645501,0.019189,2048,1808,1414,1,14464,14811136,14811136,1.46028,0.6071409999999999,1.9077899999999999,222.077,63.5662,1.01605,288.324,1414,2,2,1073938448
tiledb,node,65536,0,warm,window_4096,1024,,,2048,4,327.9837599839084,0,0,0,2.277231898,4096,3607,,0.880615234375,,1.1355697255336845,,,,,,2841,5,64315904,14560763904,0.138678,0.033489,0.049139,0.00977,0.00643,326.64304,0.00808,0.0,0.0,0.104018,0.100979,280.536347,0.0,0.178107,0.049869,0.523792,0.017039,1024,892,720,1,7136,7307264,7307264,1.24114,0.46160500000000004,1.48969,214.221,64.9807,0.527832,280.472,720,2,2,1073938448
tiledb,node,65536,0,warm,window_4096,1024,,,2048,5,321.30974903702736,0,0,0,2.172990802,4096,3641,,0.888916015625,,1.1249656687723153,,,,,,2810,4,48652800,14560727040,0.123878,0.032439,0.04095,0.01097,0.00534,319.744612,0.010609,0.0,0.0,0.119498,0.182678,271.974404,0.0,0.307505,0.0511,0.64802,0.01922,2048,1832,1413,1,14656,15007744,15007744,1.58318,0.616491,2.01392,212.428,63.01800000000001,1.0041799999999999,271.886,1413,2,2,1073938448
tiledb,node,65536,0,warm,window_4096,1024,,,2048,6,364.14512002374977,0,0,0,2.135771053,4096,3622,,0.88427734375,,1.1308669243511873,,,,,,2835,4,48521728,14560628736,0.147038,0.035419,0.042539,0.0105,0.00717,362.573354,0.01114,0.0,0.0,0.152938,0.226156,321.177641,0.0,0.309915,0.05368,0.63887,0.01671,2048,1816,1415,1,14528,14876672,14876672,1.84016,0.746598,2.35087,256.49100000000004,63.9986,0.8694660000000001,321.082,1415,2,2,1073938448
tiledb,node,65536,0,warm,window_4096,1024,,,2048,7,330.294635030441,0,0,0,1.872189538,4096,3640,,0.888671875,,1.1252747252747253,,,,,,2834,4,64422400,14561632256,0.220297,0.03399,0.038859,0.00957,0.00514,169.835888,0.00732,0.0,0.0,0.093489,0.101548,132.11149,0.0,0.180557,0.050009,159.562651,0.02532,1024,912,704,1,7296,7471104,7471104,0.9844660000000001,0.416724,1.22275,105.171,25.0117,0.463123,132.06,704,1,1,536969224
tiledb,node,65536,0,warm,window_4096,1024,,,2048,8,323.69400397874415,0,0,0,1.985894695,4096,3636,,0.8876953125,,1.1265126512651265,,,,,,2812,5,32776704,14559457280,0.181277,0.033149,0.04239,0.00978,0.007299,322.64452,0.00883,0.0,0.0,0.096958,0.099209,285.774079,0.0,0.178227,0.049139,0.198398,0.018109,1024,897,704,1,7176,7348224,7348224,1.24929,0.510961,1.51191,221.019,64.333,0.478602,285.71200000000005,704,2,2,1073938448
tiledb,node,65536,0,warm,window_4096,1024,,,2048,9,311.6219239891507,0,0,0,1.9374781620000001,4096,3644,,0.8896484375,,1.12403951701427,,,,,,2842,4,48644608,14560169984,0.597541,0.033949,0.04144,0.024089,0.00784,175.887487,0.00901,0.0,0.0,0.11599799999999999,0.113238,130.564624,0.0,0.179378,0.050049,134.427996,0.019789,1024,902,709,1,7216,7389184,7389184,1.12509,0.461594,1.3736499999999998,97.43820000000001,30.7628,0.723349,130.495,709,1,1,536969224
tiledb,node,65536,0,warm,window_4096,8192,,,2048,0,323.4633670072071,0,0,0,1.85731683,32768,14167,,0.432342529296875,,2.3129808710383286,,,,,,1951,4,327393792,14560743424,0.253956,0.0,0.0,0.01081,0.0,0.00095,0.0,0.0,0.0,0.0,0.0,0.0,0.0,0.0,0.0,322.832556,0.078429,0,0,0,0,0,0,0,0.0,0.0,0.0,0.0,0.0,0.0,0.0,0,0,0,0
tiledb,node,65536,0,warm,window_4096,8192,,,2048,1,319.786291976925,0,0,0,1.857688617,32768,14213,,0.433746337890625,,2.3054949693942164,,,,,,1879,4,327352832,14560329728,0.338485,0.093008,0.0366,0.00964,0.007949,314.57036,0.03005,0.0,0.0,0.101208,0.127168,275.732989,0.0,1.066104,0.156748,3.094764,0.079569,16384,7104,949,1,56832,58195968,58195968,1.05562,0.442083,1.36633,217.01899999999998,57.3417,2.36054,275.66400000000004,949,2,2,1073938448
tiledb,node,65536,0,warm,window_4096,8192,,,2048,2,327.3433889844455,0,0,0,2.052830492,32768,14204,,0.4334716796875,,2.3069557871022246,,,,,,1906,4,327262720,14560952320,0.337395,0.092128,0.0367,0.01061,0.00792,320.640649,0.029709,0.0,0.0,0.115638,0.141268,276.810223,0.0,1.068944,0.157857,4.526462,0.147478,16384,7093,953,1,56744,58105856,58105856,1.22425,0.47149399999999997,1.55025,208.25199999999998,65.4016,2.83566,276.738,953,2,2,1073938448
tiledb,node,65536,0,warm,window_4096,8192,,,2048,3,331.1888520256616,0,0,0,2.097940085,32768,14142,,0.43157958984375,,2.317069721397256,,,,,,1925,5,326828544,14560337920,0.213297,0.091738,0.03629,0.01319,0.00883,324.54224,0.028749,0.0,0.0,0.127858,0.148608,295.525913,0.0,1.056885,0.158197,4.617122,0.083398,16384,7040,985,1,56320,57671680,57671680,1.3619999999999999,0.5605640000000001,1.71109,253.73000000000002,64.7314,2.54854,295.451,985,3,3,1610907672
tiledb,node,65536,0,warm,window_4096,8192,,,2048,4,327.5717150536366,0,0,0,1.932825299,32768,14161,,0.432159423828125,,2.3139608784690346,,,,,,1941,5,326943232,14560321536,0.375675,0.091388,0.03596,0.01009,0.008189,323.454187,0.00849,0.0,0.0,0.098499,0.134188,296.580847,0.0,1.058925,0.235786,1.885532,0.078809,16384,7054,999,1,56432,57786368,57786368,1.29276,0.6168499999999999,1.63959,245.958,65.9676,2.4887300000000003,296.515,999,3,3,1610907672
tiledb,node,65536,0,warm,window_4096,8192,,,2048,5,197.04048201674595,0,0,0,1.589943323,32768,14159,,0.432098388671875,,2.3142877321844764,,,,,,1930,4,230916608,14559502336,0.362085,0.088629,0.037639,0.01067,0.00757,192.973383,0.00596,0.0,0.0,0.093428,0.078299,144.264259,0.0,0.552561,0.096059,2.500683,0.075519,8192,3518,500,1,28144,28819456,28819456,1.1372000000000002,0.501464,1.34499,109.44,32.0455,1.21503,144.216,500,1,1,536969224
tiledb,node,65536,0,warm,window_4096,8192,,,2048,6,313.28222900629044,0,0,0,1.9870217559999999,32768,14144,,0.431640625,,2.316742081447964,,,,,,1913,4,423600640,14561439744,0.246196,0.076799,0.036739,0.00981,0.00881,305.005902,0.037119,0.0,0.0,0.117618,0.210687,274.268271,0.0,1.574377,0.309695,5.599107,0.077269,24576,10621,1426,1,84968,87007232,87007232,1.56426,0.5820909999999999,2.02471,230.162,64.3921,3.73951,274.183,1426,3,3,1610907672
tiledb,node,65536,0,warm,window_4096,8192,,,2048,7,194.6441280306317,0,0,0,1.583255765,32768,14119,,0.430877685546875,,2.3208442524258093,,,,,,1959,4,230793728,14559883264,0.243716,0.092459,0.037469,0.01078,0.0077,192.049376,0.00994,0.0,0.0,0.112759,0.091538,140.310848,0.0,0.549172,0.090769,1.163553,0.075639,8192,3519,489,1,28152,28827648,28827648,0.9902750000000001,0.437201,1.2120900000000001,108.08800000000001,29.299200000000003,1.46462,140.25,489,1,1,536969224
tiledb,node,65536,0,warm,window_4096,8192,,,2048,8,304.41210098797455,0,0,0,1.878620227,32768,14169,,0.432403564453125,,2.312654386336368,,,,,,1899,5,327098880,14560587776,0.190887,0.0,0.0,0.00946,0.0,0.00079,0.0,0.0,0.0,0.0,0.0,0.0,0.0,0.0,0.0,303.894879,0.072029,0,0,0,0,0,0,0,0.0,0.0,0.0,0.0,0.0,0.0,0.0,0,0,0,0
tiledb,node,65536,0,warm,window_4096,8192,,,2048,9,319.640873989556,0,0,0,2.166614775,32768,14168,,0.432373046875,,2.312817617165443,,,,,,1908,4,327188992,14560702464,0.342705,0.091468,0.03551,0.00985,0.00759,312.943123,0.00754,0.0,0.0,0.092988,0.119139,275.548962,0.0,1.064395,0.159727,4.578622,0.076149,16384,7084,943,1,56672,58032128,58032128,1.17989,0.5037229999999999,1.50655,209.57,66.0192,2.56445,275.466,943,2,2,1073938448
tiledb,node,65536,0,warm,window_4096,65536,,,2048,0,366.18066002847627,0,0,0,2.440789368,262144,16384,,0.0625,,16.0,,,,,,4,5,2220360192,14559232000,0.239317,0.089129,0.038399,0.01395,0.0088,327.645945,0.043749,0.0,0.0,0.102899,0.01238,292.40192,0.0,1.220311,0.884407,34.87933,0.777938,131072,8192,2,1,65536,67108864,67108864,0.276776,0.170407,0.323395,231.71,73.0871,2.7626600000000003,292.35699999999997,2,3,3,1610907672
tiledb,node,65536,0,warm,window_4096,65536,,,2048,1,229.2957009631209,0,0,0,1.756623966,262144,16384,,0.0625,,16.0,,,,,,4,4,1647313408,14558920704,0.248846,0.081749,0.037629,0.01149,0.00739,200.447751,0.00576,0.0,0.0,0.094158,0.0085,150.450027,0.0,0.635761,0.450343,26.263799,0.777709,65536,4096,1,1,32768,33554432,33554432,0.148557,0.07990799999999999,0.200407,118.818,30.0289,1.18553,150.408,1,1,1,536969224
tiledb,node,65536,0,warm,window_4096,65536,,,2048,2,369.59537904476747,0,0,0,2.179594879,262144,16384,,0.0625,,16.0,,,,,,4,4,2220360192,14560186368,0.794688,0.087469,0.041409,0.01016,0.00863,330.723368,0.029009,0.0,0.0,0.082259,0.0093,289.66687,0.0,1.224912,0.890047,34.699533,0.775058,131072,8192,2,1,65536,67108864,67108864,0.182307,0.073379,0.225747,224.37199999999999,63.221399999999996,2.58499,289.62100000000004,2,2,2,1073938448
tiledb,node,65536,0,warm,window_4096,65536,,,2048,3,363.96285297814757,0,0,0,2.050964903,262144,16384,,0.0625,,16.0,,,,,,4,4,2220360192,14560354304,0.341055,0.083179,0.037779,0.00908,0.00756,172.144233,0.00549,0.0,0.0,0.082179,0.00711,127.883743,0.0,0.632731,0.445793,189.13891,0.784809,65536,4096,1,1,32768,33554432,33554432,0.085529,0.031479999999999994,0.139738,94.696,31.4749,1.38106,127.84599999999999,1,1,1,536969224
tiledb,node,65536,0,warm,window_4096,65536,,,2048,4,398.72240397380665,0,0,0,2.18200619,262144,16384,,0.0625,,16.0,,,,,,4,5,2220360192,14560485376,0.261436,0.086419,0.038169,0.00963,0.0084,359.399871,0.00885,0.0,0.0,0.076389,0.01021,316.642478,0.0,1.225532,0.883317,35.696138,0.780668,131072,8192,2,1,65536,67108864,67108864,0.242306,0.12786699999999998,0.317705,223.992,63.2553,2.93166,316.59999999999997,2,3,3,1610907672
tiledb,node,65536,0,warm,window_4096,65536,,,2048,5,368.23646898847073,0,0,0,2.1420218,262144,16384,,0.0625,,16.0,,,,,,4,4,2220360192,14560485376,0.274406,0.086379,0.039729,0.00943,0.00844,328.993094,0.00891,0.0,0.0,0.07858799999999999,0.01065,285.974306,0.0,1.221402,0.883827,35.595499,0.780829,131072,8192,2,1,65536,67108864,67108864,0.20915699999999998,0.103809,0.25958600000000004,227.565,61.491,2.6141900000000002,285.931,2,2,2,1073938448
tiledb,node,65536,0,warm,window_4096,65536,,,2048,6,358.9817470056005,0,0,0,2.1431444969999998,262144,16384,,0.0625,,16.0,,,,,,4,4,2220360192,14560481280,0.338135,0.086859,0.038199,0.00914,0.00907,320.488002,0.00924,0.0,0.0,0.07765899999999999,0.00947,277.132507,0.0,1.220981,0.884067,34.798231,0.778059,131072,8192,2,1,65536,67108864,67108864,0.16994800000000002,0.07075,0.229757,215.419,62.1439,2.84934,277.08700000000005,2,2,2,1073938448
tiledb,node,65536,0,warm,window_4096,65536,,,2048,7,365.2653730241582,0,0,0,2.142364519,262144,16384,,0.0625,,16.0,,,,,,4,4,2220360192,14560481280,0.265476,0.088399,0.037099,0.01653,0.009,325.92127,0.029999,0.0,0.0,0.087699,0.01027,284.537677,0.0,1.225732,0.883516,35.686378,0.779148,131072,8192,2,1,65536,67108864,67108864,0.27946600000000005,0.15081799999999998,0.332165,223.09799999999998,61.232,2.65699,284.49,2,2,2,1073938448
tiledb,node,65536,0,warm,window_4096,65536,,,2048,8,355.434090946801,0,0,0,1.981638792,262144,16384,,0.0625,,16.0,,,,,,4,4,2220360192,14560473088,0.330145,0.081579,0.038359,0.01059,0.00721,189.367966,0.00555,0.0,0.0,0.080609,0.00837,148.176651,0.0,0.635011,0.445013,163.395954,0.781258,65536,4096,1,1,32768,33554432,33554432,0.139258,0.078249,0.194607,113.771,32.6488,1.36829,148.138,1,1,1,536969224
tiledb,node,65536,0,warm,window_4096,65536,,,2048,9,351.5571180032566,0,0,0,2.216206915,262144,16384,,0.0625,,16.0,,,,,,4,4,2220360192,14560473088,0.229697,0.087709,0.038249,0.01189,0.00919,313.030613,0.03292,0.0,0.0,0.092628,0.0108,268.93872,0.0,1.222501,0.884647,34.92205,0.780798,131072,8192,2,1,65536,67108864,67108864,0.24674700000000002,0.112388,0.297636,213.697,59.4462,2.6252,268.892,2,2,2,1073938448
tiledb,node,65536,0,warm,window_65536,1024,,,2048,0,488.6450740159489,0,0,0,3.474172683,4096,4062,,0.99169921875,,1.0083702609551946,,,,,,4010,8,50315776,14564442112,0.167737,0.03458,0.040769,0.01266,0.00753,486.89158,0.0042,0.0,0.0,0.122658,0.262586,444.068679,0.0,0.340025,0.127308,0.637891,0.019219,2048,2035,2010,1,16280,16670720,16670720,1.6382700000000001,0.65503,2.22358,339.571,106.35799999999999,1.5759400000000001,443.987,2010,4,4,2147876896
tiledb,node,65536,0,warm,window_65536,1024,,,2048,1,463.5160790057853,0,0,0,2.973573506,4096,4056,,0.990234375,,1.009861932938856,,,,,,3995,8,50274816,14565445632,0.250646,0.0,0.0,0.00901,0.0,0.00103,0.0,0.0,0.0,0.0,0.0,0.0,0.0,0.0,0.0,462.950507,0.033119,0,0,0,0,0,0,0,0.0,0.0,0.0,0.0,0.0,0.0,0.0,0,0,0,0
tiledb,node,65536,0,warm,window_65536,1024,,,2048,2,503.0448989709839,0,0,0,3.116050175,4096,4066,,0.99267578125,,1.0073782587309394,,,,,,4000,8,67060224,14566473728,0.781808,0.092038,0.03599,0.009919,0.00721,500.784793,0.00626,0.0,0.0,0.160388,0.366284,472.13525,0.0,0.490583,0.064439,0.425134,0.01854,3072,3050,2996,1,24400,24985600,24985600,2.42482,0.9822780000000001,3.38133,389.403,105.213,2.08724,472.006,2996,6,6,3221815344
tiledb,node,65536,0,warm,window_65536,1024,,,2048,3,461.11685497453436,0,0,0,2.8992048859999997,4096,4061,,0.991455078125,,1.0086185668554544,,,,,,4014,8,50274816,14566584320,0.210947,0.034769,0.04057,0.01011,0.00733,459.420449,0.013099,0.0,0.0,0.138408,0.244817,426.254674,0.0,0.339185,0.055109,0.65103,0.01719,2048,2030,2004,1,16240,16629760,16629760,2.0169099999999998,0.920196,2.62583,340.639,94.1751,1.55105,426.159,2004,4,4,2147876896
tiledb,node,65536,0,warm,window_65536,1024,,,2048,4,507.1231889887713,0,0,0,3.4000276769999997,4096,4063,,0.991943359375,,1.008122077282796,,,,,,3989,8,50332160,14565937152,0.195317,0.0,0.0,0.00982,0.0,0.00085,0.0,0.0,0.0,0.0,0.0,0.0,0.0,0.0,0.0,506.620606,0.034969,0,0,0,0,0,0,0,0.0,0.0,0.0,0.0,0.0,0.0,0.0,0,0,0,0
tiledb,node,65536,0,warm,window_65536,1024,,,2048,5,367.01753799570724,0,0,0,2.884448453,4096,4066,,0.99267578125,,1.0073782587309394,,,,,,3991,8,50291200,14565924864,0.290615,0.033449,0.04118,0.01014,0.00514,365.265993,0.016319,0.0,0.0,0.15110800000000002,0.274796,332.916616,0.0,0.339365,0.054329,0.64455,0.01852,2048,2032,1997,1,16256,16646144,16646144,1.7773,0.8366870000000001,2.40565,249.825,74.7029,1.45591,332.82800000000003,1997,4,4,2147876896
tiledb,node,65536,0,warm,window_65536,1024,,,2048,6,482.2334499913268,0,0,0,3.338514843,4096,4064,,0.9921875,,1.0078740157480315,,,,,,3991,8,50299392,14564892672,0.173627,0.0,0.0,0.00883,0.0,0.00091,0.0,0.0,0.0,0.0,0.0,0.0,0.0,0.0,0.0,481.744397,0.029109,0,0,0,0,0,0,0,0.0,0.0,0.0,0.0,0.0,0.0,0.0,0,0,0,0
tiledb,node,65536,0,warm,window_65536,1024,,,2048,7,486.676552973222,0,0,0,3.462169803,4096,4069,,0.993408203125,,1.0066355369869746,,,,,,4004,8,50332160,14564888576,0.274966,0.035699,0.0404,0.009129,0.00699,484.89685,0.01106,0.0,0.0,0.117529,0.249616,445.547816,0.0,0.342355,0.056149,0.65935,0.019389,2048,2037,2002,1,16296,16687104,16687104,1.6799499999999998,0.681659,2.23253,347.394,90.2428,1.5051400000000001,445.465,2002,4,4,2147876896
tiledb,node,65536,0,warm,window_65536,1024,,,2048,8,492.7285839803517,0,0,0,3.362410626,4096,4062,,0.99169921875,,1.0083702609551946,,,,,,3989,8,50274816,14564880384,0.127708,0.03396,0.038989,0.01004,0.00641,330.787688,0.00384,0.0,0.0,0.110728,0.140008,286.175103,0.0,0.198057,0.051069,161.068178,0.04857,1024,1017,999,1,8136,8331264,8331264,1.27712,0.538161,1.6185699999999998,217.871,58.5748,0.75557,286.1,999,2,2,1073938448
tiledb,node,65536,0,warm,window_65536,1024,,,2048,9,663.4653670480475,0,0,0,4.028671085,4096,4073,,0.994384765625,,1.005646943285048,,,,,,4003,8,67092992,14567288832,0.284966,0.101819,0.035669,0.00958,0.00713,661.332909,0.01804,0.0,0.0,0.17360799999999998,0.370204,623.163038,0.0,0.494493,0.067129,0.782438,0.01954,3072,3054,3000,1,24432,25018368,25018368,2.36864,0.838718,3.19769,472.372,128.704,2.30982,623.027,3000,6,6,3221815344
tiledb,node,65536,0,warm,window_65536,8192,,,2048,0,485.52262102020904,0,0,0,2.8960611579999997,32768,30805,,0.940093994140625,,1.06372342152248,,,,,,27252,8,395280896,14623301632,0.68457,0.0,0.0,0.008989,0.0,0.00084,0.0,0.0,0.0,0.0,0.0,0.0,0.0,0.0,0.0,484.520416,0.072699,0,0,0,0,0,0,0,0.0,0.0,0.0,0.0,0.0,0.0,0.0,0,0,0,0
tiledb,node,65536,0,warm,window_65536,8192,,,2048,1,512.5652570277452,0,0,0,3.663993093,32768,30786,,0.93951416015625,,1.0643799129474436,,,,,,27198,8,395248128,14599847936,0.231566,0.093759,0.036759,0.01248,0.00966,504.860542,0.017639,0.0,0.0,0.380214,1.493158,462.164539,0.0,2.261776,0.203557,4.420774,0.078159,16384,15392,13582,1,123136,126091264,126091264,5.0816799999999995,2.6809600000000002,8.4542,352.496,94.71000000000001,8.04773,461.845,13582,4,4,2147876896
tiledb,node,65536,0,warm,window_65536,8192,,,2048,2,691.6313969995826,0,0,0,3.892281763,32768,30757,,0.938629150390625,,1.06538348993725,,,,,,27096,8,525681152,14609567744,0.201187,0.078159,0.03849,0.01034,0.011629,684.0715,0.075199,0.0,0.0,0.490813,2.061369,635.892548,0.0,3.3637,0.296266,3.140523,0.079539,24576,23082,20337,1,184656,189087744,189087744,10.2137,3.5118300000000002,15.1828,461.345,132.5,12.392900000000001,635.382,20337,6,6,3221815344
tiledb,node,65536,0,warm,window_65536,8192,,,2048,3,666.1778970155865,0,0,0,4.327764761,32768,30775,,0.939178466796875,,1.0647603574329814,,,,,,27218,8,525812224,14627074048,0.351695,0.077759,0.037749,0.00913,0.01126,656.055357,0.020039,0.0,0.0,0.511782,2.070109,616.139603,0.0,3.36638,0.296926,5.597937,0.075749,24576,23098,20430,1,184784,189218816,189218816,10.718399999999999,3.83077,16.250600000000002,446.808,146.60899999999998,12.9137,615.649,20430,6,6,3221815344
tiledb,node,65536,0,warm,window_65536,8192,,,2048,4,486.11959198024124,0,0,0,3.192783732,32768,30823,,0.940643310546875,,1.0631022288550758,,,,,,27323,8,395461120,14624206848,0.273596,0.094558,0.03611,0.009949,0.00895,478.337808,0.01421,0.0,0.0,0.450064,1.497457,436.685368,0.0,2.263796,0.204737,4.482854,0.076888,16384,15405,13663,1,123240,126197760,126197760,5.31667,2.91067,8.62899,320.761,104.753,8.6641,436.27500000000003,13663,4,4,2147876896
tiledb,node,65536,0,warm,window_65536,8192,,,2048,5,528.3882709918544,0,0,0,3.3289853569999996,32768,30803,,0.940032958984375,,1.0637924877447003,,,,,,27123,8,525918720,14633693184,0.251397,0.078499,0.03819,0.01053,0.01157,518.326812,0.04309,0.0,0.0,0.519063,2.184717,485.414262,0.0,3.368669,0.300676,5.582087,0.075509,24576,23111,20368,1,184888,189325312,189325312,8.54463,3.7230499999999997,13.651200000000001,376.712,113.844,12.6152,484.97,20368,6,6,3221815344
tiledb,node,65536,0,warm,window_65536,8192,,,2048,6,558.8090480305254,0,0,0,3.290844767,32768,30827,,0.940765380859375,,1.0629642845557465,,,,,,27278,8,525918720,14616498176,0.268756,0.093718,0.03672,0.00966,0.00776,309.479555,0.039899,0.0,0.0,0.297525,0.807288,271.038789,0.0,1.156103,0.114248,247.245514,0.072789,8192,7716,6798,1,61728,63209472,63209472,3.37247,1.435,4.80373,209.205,56.6353,5.15552,270.791,6798,2,2,1073938448
tiledb,node,65536,0,warm,window_65536,8192,,,2048,7,426.9321140018292,0,0,0,3.349326562,32768,30720,,0.9375,,1.0666666666666667,,,,,,27171,8,395289088,14616100864,0.235057,0.093779,0.038709,0.01112,0.00968,419.070401,0.01422,0.0,0.0,0.399074,1.551407,389.262425,0.0,2.263777,0.207677,4.587131,0.076629,16384,15397,13609,1,123176,126132224,126132224,4.502940000000001,2.10728,7.43011,305.444,65.8982,8.81155,388.936,13609,4,4,2147876896
tiledb,node,65536,0,warm,window_65536,8192,,,2048,8,495.9948440082371,0,0,0,3.678006813,32768,30797,,0.939849853515625,,1.0639997402344383,,,,,,27099,8,395346432,14598815744,0.251506,0.095069,0.102558,0.00982,0.00744,488.86948,0.01444,0.0,0.0,0.331025,1.454889,449.528847,0.0,2.335925,0.206467,3.707684,0.076229,16384,15404,13582,1,123232,126189568,126189568,4.9213499999999994,2.61464,8.21237,341.875,88.896,8.78745,449.229,13582,4,4,2147876896
tiledb,node,65536,0,warm,window_65536,8192,,,2048,9,504.6604860108346,0,0,0,3.557542294,32768,30842,,0.94122314453125,,1.0624473121068672,,,,,,27185,8,395698688,14598959104,0.212957,0.093158,0.03538,0.00996,0.00889,496.983759,0.014649,0.0,0.0,0.342715,1.489338,455.276791,0.0,2.268096,0.207107,4.428724,0.074738,16384,15447,13599,1,123576,126541824,126541824,4.7339,2.21881,7.866130000000001,342.639,86.2958,8.449480000000001,454.978,13599,4,4,2147876896
tiledb,node,65536,0,warm,window_65536,65536,,,2048,0,571.9185619964264,0,0,0,3.98506946,262144,165856,,0.6326904296875,,1.580551803974532,,,,,,61164,8,2833031680,14679941120,0.347865,0.090668,0.03776,0.01097,0.020449,516.239773,0.224387,0.0,0.0,0.675351,3.29706,469.4196,0.0,11.938652,1.287891,40.864871,0.777168,131072,82875,30552,1,663000,678912000,678912000,11.2825,5.143759999999999,18.9058,331.54699999999997,103.483,34.0614,468.688,30552,4,4,2147876896
tiledb,node,65536,0,warm,window_65536,65536,,,2048,1,563.8821520260535,0,0,0,3.810734836,262144,165959,,0.6330833435058594,,1.579570857862484,,,,,,60814,8,2833170944,14648614912,0.262816,0.092939,0.037289,0.01056,0.01999,513.71874,0.068439,0.0,0.0,0.6627599999999999,3.37062,473.169445,0.0,11.952962,1.287761,35.395822,0.777619,131072,82998,30457,1,663984,679919616,679919616,8.60633,4.54551,15.1779,339.481,84.8929,34.1844,472.552,30457,4,4,2147876896
tiledb,node,65536,0,warm,window_65536,65536,,,2048,2,549.4688570033759,0,0,0,3.790434426,262144,165848,,0.632659912109375,,1.580628044956828,,,,,,60850,8,2832728576,14649147392,0.248816,0.093308,0.03774,0.01261,0.020079,499.588311,0.066559,0.0,0.0,0.6527310000000001,3.385759,458.878208,0.0,11.928882,1.285301,35.124436,0.780088,131072,82817,30510,1,662536,678436864,678436864,8.429829999999999,4.4182,14.6886,334.60200000000003,88.65299999999999,34.8307,458.262,30510,4,4,2147876896
tiledb,node,65536,0,warm,window_65536,65536,,,2048,3,413.9344680006616,0,0,0,3.609416998,262144,166012,,0.6332855224609375,,1.5790665735007108,,,,,,60943,8,1954931200,14630268928,0.773869,0.082329,0.037909,0.01152,0.01288,377.191096,0.03367,0.0,0.0,0.37442400000000003,1.639186,334.051359,0.0,6.00896,0.650121,28.035932,0.779178,65536,41538,15241,1,332304,340279296,340279296,6.01976,3.3468299999999997,9.34291,229.774,59.8675,17.0424,333.71299999999997,15241,2,2,1073938448
tiledb,node,65536,0,warm,window_65536,65536,,,2048,4,598.2897789799608,0,0,0,3.884968868,262144,165653,,0.6319160461425781,,1.5824886962505962,,,,,,61016,8,2831966720,14649282560,0.243056,0.094468,0.03764,0.01177,0.020909,548.342664,0.159098,0.0,0.0,0.6464909999999999,3.147753,505.858277,0.0,11.935652,1.288341,35.172196,0.781388,131072,82851,30470,1,662808,678715392,678715392,12.3287,5.42434,19.8967,344.994,89.8308,34.0609,505.138,30470,4,4,2147876896
tiledb,node,65536,0,warm,window_65536,65536,,,2048,5,443.18445201497525,0,0,0,3.29425343,262144,165510,,0.6313705444335938,,1.5838559603649327,,,,,,61220,8,2831974912,14649491456,0.253356,0.089148,0.03825,0.01566,0.021029,393.950346,0.066939,0.0,0.0,0.644631,3.365959,360.138,0.0,11.934982,1.291321,34.472156,0.778439,131072,82852,30543,1,662816,678723584,678723584,8.34248,4.484369999999999,14.5779,261.171,71.8305,35.744400000000006,359.52299999999997,30543,4,4,2147876896
tiledb,node,65536,0,warm,window_65536,65536,,,2048,6,560.2461760281585,0,0,0,3.793926854,262144,165794,,0.6324539184570312,,1.581142864036093,,,,,,61155,8,2832728576,14649581568,0.257886,0.090039,0.038209,0.0125,0.02058,510.829433,0.176487,0.0,0.0,0.639431,3.157933,473.386161,0.0,11.964611,1.290291,34.612464,0.778169,131072,82920,30640,1,663360,679280640,679280640,10.371699999999999,4.83103,18.193399999999997,345.294,90.12570000000001,35.999700000000004,472.638,30640,4,4,2147876896
tiledb,node,65536,0,warm,window_65536,65536,,,2048,7,535.9746380127035,0,0,0,3.5860850010000003,262144,165392,,0.63092041015625,,1.5849859727193576,,,,,,60775,8,2832728576,14684704768,0.230707,0.090488,0.03866,0.01213,0.020769,486.27329,0.171728,0.0,0.0,0.6588210000000001,3.190542,445.727464,0.0,11.881602,1.281551,35.008288,0.779698,131072,82505,30426,1,660040,675880960,675880960,10.7393,5.13514,17.538,332.454,93.9044,38.618399999999994,445.001,30426,4,4,2147876896
tiledb,node,65536,0,warm,window_65536,65536,,,2048,8,531.7392610013485,0,0,0,3.644005231,262144,165709,,0.6321296691894531,,1.5819539071504867,,,,,,60901,8,2832728576,14665752576,0.234557,0.080499,0.03546,0.01216,0.012529,359.239584,0.03374,0.0,0.0,0.479673,1.599746,315.20356,0.0,5.982231,0.64748,164.36366,0.780808,65536,41383,15227,1,331064,339009536,339009536,5.2615,2.71878,8.46158,234.304,65.8392,19.9208,314.764,15227,2,2,1073938448
tiledb,node,65536,0,warm,window_65536,65536,,,2048,9,651.1208019801416,0,0,0,4.153588256,262144,165707,,0.6321220397949219,,1.5819730005370927,,,,,,61063,8,3711074816,14689280000,0.280676,0.094139,0.039379,0.0124,0.02624,585.358602,0.139488,0.0,0.0,1.038965,4.947576,547.716293,0.0,17.878373,1.902682,44.400078,0.780308,196608,124308,45789,1,994464,1018331136,1018331136,19.7622,8.48454,31.1189,394.941,113.486,51.6569,546.662,45789,6,6,3221815344
