backend,array_layout,tile_extent_rows,query_chunk_rows,cache_mode,pattern,batch_size,overlap_case,overlap_placement,width,sample,latency_ms,slowest_rank,slowest_rank_has_storage,process_read_bytes,process_write_bytes,process_read_ops,process_write_ops,process_total_io_ops,device_read_bytes,device_write_bytes,device_read_ops,device_write_ops,device_total_io_ops,measured_read_bytes,measured_read_ops,measured_write_ops,cpu_seconds,requested_rows,unique_rows,node_unique_rows,within_rank_unique_row_fraction,node_unique_row_fraction,within_rank_repetition,requesting_ranks_per_unique_row,owner_unique_rows_mean,owner_unique_rows_max,owner_unique_max_to_mean,contiguous_ranges,estimated_tiles_touched,cuda_peak_temporary_bytes,rss_bytes_after,direct_io_open_attempts,direct_io_open_successes,direct_io_open_failures,direct_io_read_ops,direct_io_requested_bytes,direct_io_submitted_bytes,direct_io_returned_bytes,direct_io_read_failures,node_unique_id_sha256,node_contiguous_ranges,node_estimated_tiles_touched,clustered_run_count,storage_owner_count,id_routing_rank_max_ms,id_routing_rank_mean_ms,id_routing_rank_max_rank,id_routing_storage_owner_max_ms,id_routing_storage_owner_mean_ms,gpu_sort_rank_max_ms,gpu_sort_rank_mean_ms,gpu_sort_rank_max_rank,gpu_sort_storage_owner_max_ms,gpu_sort_storage_owner_mean_ms,gpu_deduplicate_rank_max_ms,gpu_deduplicate_rank_mean_ms,gpu_deduplicate_rank_max_rank,gpu_deduplicate_storage_owner_max_ms,gpu_deduplicate_storage_owner_mean_ms,staging_allocation_rank_max_ms,staging_allocation_rank_mean_ms,staging_allocation_rank_max_rank,staging_allocation_storage_owner_max_ms,staging_allocation_storage_owner_mean_ms,indices_d2h_rank_max_ms,indices_d2h_rank_mean_ms,indices_d2h_rank_max_rank,indices_d2h_storage_owner_max_ms,indices_d2h_storage_owner_mean_ms,tiledb_read_rank_max_ms,tiledb_read_rank_mean_ms,tiledb_read_rank_max_rank,tiledb_read_storage_owner_max_ms,tiledb_read_storage_owner_mean_ms,id_decode_rank_max_ms,id_decode_rank_mean_ms,id_decode_rank_max_rank,id_decode_storage_owner_max_ms,id_decode_storage_owner_mean_ms,id_sort_rank_max_ms,id_sort_rank_mean_ms,id_sort_rank_max_rank,id_sort_storage_owner_max_ms,id_sort_storage_owner_mean_ms,id_deduplicate_rank_max_ms,id_deduplicate_rank_mean_ms,id_deduplicate_rank_max_rank,id_deduplicate_storage_owner_max_ms,id_deduplicate_storage_owner_mean_ms,query_setup_rank_max_ms,query_setup_rank_mean_ms,query_setup_rank_max_rank,query_setup_storage_owner_max_ms,query_setup_storage_owner_mean_ms,range_build_rank_max_ms,range_build_rank_mean_ms,range_build_rank_max_rank,range_build_storage_owner_max_ms,range_build_storage_owner_mean_ms,query_submit_rank_max_ms,query_submit_rank_mean_ms,query_submit_rank_max_rank,query_submit_storage_owner_max_ms,query_submit_storage_owner_mean_ms,cpu_reorder_rank_max_ms,cpu_reorder_rank_mean_ms,cpu_reorder_rank_max_rank,cpu_reorder_storage_owner_max_ms,cpu_reorder_storage_owner_mean_ms,rows_h2d_rank_max_ms,rows_h2d_rank_mean_ms,rows_h2d_rank_max_rank,rows_h2d_storage_owner_max_ms,rows_h2d_storage_owner_mean_ms,gpu_expand_rank_max_ms,gpu_expand_rank_mean_ms,gpu_expand_rank_max_rank,gpu_expand_storage_owner_max_ms,gpu_expand_storage_owner_mean_ms,embedding_exchange_rank_max_ms,embedding_exchange_rank_mean_ms,embedding_exchange_rank_max_rank,embedding_exchange_storage_owner_max_ms,embedding_exchange_storage_owner_mean_ms,output_reorder_rank_max_ms,output_reorder_rank_mean_ms,output_reorder_rank_max_rank,output_reorder_storage_owner_max_ms,output_reorder_storage_owner_mean_ms,storage_requested_rows_rank_max,storage_requested_rows_rank_mean,storage_requested_rows_rank_max_rank,storage_requested_rows_storage_owner_max,storage_requested_rows_storage_owner_mean,storage_unique_rows_rank_max,storage_unique_rows_rank_mean,storage_unique_rows_rank_max_rank,storage_unique_rows_storage_owner_max,storage_unique_rows_storage_owner_mean,storage_range_count_rank_max,storage_range_count_rank_mean,storage_range_count_rank_max_rank,storage_range_count_storage_owner_max,storage_range_count_storage_owner_mean,storage_query_count_rank_max,storage_query_count_rank_mean,storage_query_count_rank_max_rank,storage_query_count_storage_owner_max,storage_query_count_storage_owner_mean,index_bytes_rank_max,index_bytes_rank_mean,index_bytes_rank_max_rank,index_bytes_storage_owner_max,index_bytes_storage_owner_mean,raw_staging_bytes_rank_max,raw_staging_bytes_rank_mean,raw_staging_bytes_rank_max_rank,raw_staging_bytes_storage_owner_max,raw_staging_bytes_storage_owner_mean,output_bytes_rank_max,output_bytes_rank_mean,output_bytes_rank_max_rank,output_bytes_storage_owner_max,output_bytes_storage_owner_mean,id_routing_ms,gpu_sort_ms,gpu_deduplicate_ms,staging_allocation_ms,indices_d2h_ms,tiledb_read_ms,id_decode_ms,id_sort_ms,id_deduplicate_ms,query_setup_ms,range_build_ms,query_submit_ms,cpu_reorder_ms,rows_h2d_ms,gpu_expand_ms,embedding_exchange_ms,output_reorder_ms,storage_requested_rows,storage_unique_rows,storage_range_count,storage_query_count,index_bytes,raw_staging_bytes,output_bytes,tile_overlap_planning_ms,relevant_tile_overlap_ms,partition_planning_ms,internal_tile_read_ms,internal_unfilter_ms,internal_copy_ms,internal_reader_work_ms,tiledb_ranges_requested,tiledb_tiles_read,tiledb_vfs_read_ops,tiledb_vfs_read_bytes,storage_read_ops,storage_write_ops,storage_total_io_ops,storage_read_iops,storage_write_iops,storage_iops,storage_total_iops
cpu,none,,0,resident,overlap_clustered_independent,100000,independent,clustered,2048,0,115.25045894086361,2,False,0,0,8,0,8,0,0,0,0,0,0,0,0,0.456782712,400000,400000,400000,1.0,1.0,1.0,1,100000,400000,4.0,4,,4921822208,143575896064,,,,,,,,,002a640dafb29725a6a96ab7d6e3787f95da0dd1a6e978e5e2409dbb27763dcb,1,,,0,0.0,0.0,0,,,0.0,0.0,0,,,0.0,0.0,0,,,0.0,0.0,0,,,0.0,0.0,0,,,0.0,0.0,0,,,0.0,0.0,0,,,0.0,0.0,0,,,0.0,0.0,0,,,0.0,0.0,0,,,0.0,0.0,0,,,0.0,0.0,0,,,0.0,0.0,0,,,0.0,0.0,0,,,0.0,0.0,0,,,0.0,0.0,0,,,0.0,0.0,0,,,0,0,0,,,0,0,0,,,0,0,0,,,0,0,0,,,0,0,0,,,0,0,0,,,0,0,0,,,0.0,0.0,0.0,0.0,0.0,0.0,0.0,0.0,0.0,0.0,0.0,0.0,0.0,0.0,0.0,0.0,0.0,0,0,0,0,0,0,0,,,,,,,,,,,,0,0,0,0.0,0.0,0.0,0.0
cpu,none,,0,resident,overlap_clustered_independent,100000,independent,clustered,2048,1,114.96770405210555,0,False,0,0,10,2,12,0,0,0,0,0,0,0,0,0.45508147,400000,400000,400000,1.0,1.0,1.0,1,100000,400000,4.0,4,,4921822208,143610597376,,,,,,,,,6bb974abc81f2ba6ba920f70674eedb9c3e3f8ea3b84bc4f945db32bf1a803fb,1,,,0,0.0,0.0,0,,,0.0,0.0,0,,,0.0,0.0,0,,,0.0,0.0,0,,,0.0,0.0,0,,,0.0,0.0,0,,,0.0,0.0,0,,,0.0,0.0,0,,,0.0,0.0,0,,,0.0,0.0,0,,,0.0,0.0,0,,,0.0,0.0,0,,,0.0,0.0,0,,,0.0,0.0,0,,,0.0,0.0,0,,,0.0,0.0,0,,,0.0,0.0,0,,,0,0,0,,,0,0,0,,,0,0,0,,,0,0,0,,,0,0,0,,,0,0,0,,,0,0,0,,,0.0,0.0,0.0,0.0,0.0,0.0,0.0,0.0,0.0,0.0,0.0,0.0,0.0,0.0,0.0,0.0,0.0,0,0,0,0,0,0,0,,,,,,,,,,,,0,0,0,0.0,0.0,0.0,0.0
cpu,none,,0,resident,overlap_clustered_independent,100000,independent,clustered,2048,2,114.87771407701075,1,False,0,0,8,0,8,0,0,0,0,0,0,0,0,0.45476078200000003,400000,400000,400000,1.0,1.0,1.0,1,100000,400000,4.0,4,,4921822208,143610769408,,,,,,,,,41422c75c4dda92bcc06e098a7ee0ba259d011dfc01c75876317611df0d0077a,1,,,0,0.0,0.0,0,,,0.0,0.0,0,,,0.0,0.0,0,,,0.0,0.0,0,,,0.0,0.0,0,,,0.0,0.0,0,,,0.0,0.0,0,,,0.0,0.0,0,,,0.0,0.0,0,,,0.0,0.0,0,,,0.0,0.0,0,,,0.0,0.0,0,,,0.0,0.0,0,,,0.0,0.0,0,,,0.0,0.0,0,,,0.0,0.0,0,,,0.0,0.0,0,,,0,0,0,,,0,0,0,,,0,0,0,,,0,0,0,,,0,0,0,,,0,0,0,,,0,0,0,,,0.0,0.0,0.0,0.0,0.0,0.0,0.0,0.0,0.0,0.0,0.0,0.0,0.0,0.0,0.0,0.0,0.0,0,0,0,0,0,0,0,,,,,,,,,,,,0,0,0,0.0,0.0,0.0,0.0
cpu,none,,0,resident,overlap_clustered_independent,100000,independent,clustered,2048,3,114.85003493726254,0,False,0,0,9,1,10,0,0,0,0,0,0,0,0,0.454517352,400000,400000,400000,1.0,1.0,1.0,1,100000,400000,4.0,4,,4921822208,143610867712,,,,,,,,,2b6864e7f00fc67d81f3a5cb8ddfc814fb6fac85c10272979ef0a8412053f4be,1,,,0,0.0,0.0,0,,,0.0,0.0,0,,,0.0,0.0,0,,,0.0,0.0,0,,,0.0,0.0,0,,,0.0,0.0,0,,,0.0,0.0,0,,,0.0,0.0,0,,,0.0,0.0,0,,,0.0,0.0,0,,,0.0,0.0,0,,,0.0,0.0,0,,,0.0,0.0,0,,,0.0,0.0,0,,,0.0,0.0,0,,,0.0,0.0,0,,,0.0,0.0,0,,,0,0,0,,,0,0,0,,,0,0,0,,,0,0,0,,,0,0,0,,,0,0,0,,,0,0,0,,,0.0,0.0,0.0,0.0,0.0,0.0,0.0,0.0,0.0,0.0,0.0,0.0,0.0,0.0,0.0,0.0,0.0,0,0,0,0,0,0,0,,,,,,,,,,,,0,0,0,0.0,0.0,0.0,0.0
cpu,none,,0,resident,overlap_clustered_independent,100000,independent,clustered,2048,4,114.8563640890643,2,False,0,0,8,0,8,0,0,0,0,0,0,0,0,0.454508072,400000,400000,400000,1.0,1.0,1.0,1,100000,400000,4.0,4,,4921822208,143610871808,,,,,,,,,57c2024bc3c00839323cd98729719070cc74a7ab62003f8180dcb78f3ddfb0b2,1,,,0,0.0,0.0,0,,,0.0,0.0,0,,,0.0,0.0,0,,,0.0,0.0,0,,,0.0,0.0,0,,,0.0,0.0,0,,,0.0,0.0,0,,,0.0,0.0,0,,,0.0,0.0,0,,,0.0,0.0,0,,,0.0,0.0,0,,,0.0,0.0,0,,,0.0,0.0,0,,,0.0,0.0,0,,,0.0,0.0,0,,,0.0,0.0,0,,,0.0,0.0,0,,,0,0,0,,,0,0,0,,,0,0,0,,,0,0,0,,,0,0,0,,,0,0,0,,,0,0,0,,,0.0,0.0,0.0,0.0,0.0,0.0,0.0,0.0,0.0,0.0,0.0,0.0,0.0,0.0,0.0,0.0,0.0,0,0,0,0,0,0,0,,,,,,,,,,,,0,0,0,0.0,0.0,0.0,0.0
cpu,none,,0,resident,overlap_clustered_cross_rank_25,100000,cross_rank_25,clustered,2048,0,115.01500196754932,0,False,0,0,8,0,8,0,0,0,0,0,0,0,0,0.454528131,400000,400000,100000,1.0,0.25,1.0,4,25000,100000,4.0,4,,4921822208,143611006976,,,,,,,,,1ef431b664d23cfba7bfef6ecbd96dfe4a579d98a1dede3574d832df1ab6904d,1,,,0,0.0,0.0,0,,,0.0,0.0,0,,,0.0,0.0,0,,,0.0,0.0,0,,,0.0,0.0,0,,,0.0,0.0,0,,,0.0,0.0,0,,,0.0,0.0,0,,,0.0,0.0,0,,,0.0,0.0,0,,,0.0,0.0,0,,,0.0,0.0,0,,,0.0,0.0,0,,,0.0,0.0,0,,,0.0,0.0,0,,,0.0,0.0,0,,,0.0,0.0,0,,,0,0,0,,,0,0,0,,,0,0,0,,,0,0,0,,,0,0,0,,,0,0,0,,,0,0,0,,,0.0,0.0,0.0,0.0,0.0,0.0,0.0,0.0,0.0,0.0,0.0,0.0,0.0,0.0,0.0,0.0,0.0,0,0,0,0,0,0,0,,,,,,,,,,,,0,0,0,0.0,0.0,0.0,0.0
cpu,none,,0,resident,overlap_clustered_cross_rank_25,100000,cross_rank_25,clustered,2048,1,114.9593039881438,0,False,0,0,8,0,8,0,0,0,0,0,0,0,0,0.454813172,400000,400000,100000,1.0,0.25,1.0,4,25000,100000,4.0,4,,4921822208,143611092992,,,,,,,,,8b620a11217e3ec9028aff7bab338a87c8610543271627b8966301d4f2de2786,1,,,0,0.0,0.0,0,,,0.0,0.0,0,,,0.0,0.0,0,,,0.0,0.0,0,,,0.0,0.0,0,,,0.0,0.0,0,,,0.0,0.0,0,,,0.0,0.0,0,,,0.0,0.0,0,,,0.0,0.0,0,,,0.0,0.0,0,,,0.0,0.0,0,,,0.0,0.0,0,,,0.0,0.0,0,,,0.0,0.0,0,,,0.0,0.0,0,,,0.0,0.0,0,,,0,0,0,,,0,0,0,,,0,0,0,,,0,0,0,,,0,0,0,,,0,0,0,,,0,0,0,,,0.0,0.0,0.0,0.0,0.0,0.0,0.0,0.0,0.0,0.0,0.0,0.0,0.0,0.0,0.0,0.0,0.0,0,0,0,0,0,0,0,,,,,,,,,,,,0,0,0,0.0,0.0,0.0,0.0
cpu,none,,0,resident,overlap_clustered_cross_rank_25,100000,cross_rank_25,clustered,2048,2,114.92666404228657,0,False,0,0,10,2,12,0,0,0,0,0,0,0,0,0.454705703,400000,400000,100000,1.0,0.25,1.0,4,25000,100000,4.0,4,,4921822208,143611265024,,,,,,,,,5aed05750d6eb4725ef15c817b5658e9c16e32fc25bdb6bd3f104c68a37c49ec,1,,,0,0.0,0.0,0,,,0.0,0.0,0,,,0.0,0.0,0,,,0.0,0.0,0,,,0.0,0.0,0,,,0.0,0.0,0,,,0.0,0.0,0,,,0.0,0.0,0,,,0.0,0.0,0,,,0.0,0.0,0,,,0.0,0.0,0,,,0.0,0.0,0,,,0.0,0.0,0,,,0.0,0.0,0,,,0.0,0.0,0,,,0.0,0.0,0,,,0.0,0.0,0,,,0,0,0,,,0,0,0,,,0,0,0,,,0,0,0,,,0,0,0,,,0,0,0,,,0,0,0,,,0.0,0.0,0.0,0.0,0.0,0.0,0.0,0.0,0.0,0.0,0.0,0.0,0.0,0.0,0.0,0.0,0.0,0,0,0,0,0,0,0,,,,,,,,,,,,0,0,0,0.0,0.0,0.0,0.0
cpu,none,,0,resident,overlap_clustered_cross_rank_25,100000,cross_rank_25,clustered,2048,3,114.89698407240212,2,False,0,0,8,0,8,0,0,0,0,0,0,0,0,0.454240392,400000,400000,100000,1.0,0.25,1.0,4,25000,100000,4.0,4,,4921822208,143611846656,,,,,,,,,8e39e3c9f8232d5ab505c076825beede285e70d8d4457f3e09b9122ed88f2a0d,1,,,0,0.0,0.0,0,,,0.0,0.0,0,,,0.0,0.0,0,,,0.0,0.0,0,,,0.0,0.0,0,,,0.0,0.0,0,,,0.0,0.0,0,,,0.0,0.0,0,,,0.0,0.0,0,,,0.0,0.0,0,,,0.0,0.0,0,,,0.0,0.0,0,,,0.0,0.0,0,,,0.0,0.0,0,,,0.0,0.0,0,,,0.0,0.0,0,,,0.0,0.0,0,,,0,0,0,,,0,0,0,,,0,0,0,,,0,0,0,,,0,0,0,,,0,0,0,,,0,0,0,,,0.0,0.0,0.0,0.0,0.0,0.0,0.0,0.0,0.0,0.0,0.0,0.0,0.0,0.0,0.0,0.0,0.0,0,0,0,0,0,0,0,,,,,,,,,,,,0,0,0,0.0,0.0,0.0,0.0
cpu,none,,0,resident,overlap_clustered_cross_rank_25,100000,cross_rank_25,clustered,2048,4,114.79608598165214,0,False,0,0,10,2,12,0,0,0,0,0,0,0,0,0.454185512,400000,400000,100000,1.0,0.25,1.0,4,25000,100000,4.0,4,,4921822208,143611846656,,,,,,,,,de6726a9748611993943992c84bc562a0e510bc946cae28495b41c954d4d3d2a,1,,,0,0.0,0.0,0,,,0.0,0.0,0,,,0.0,0.0,0,,,0.0,0.0,0,,,0.0,0.0,0,,,0.0,0.0,0,,,0.0,0.0,0,,,0.0,0.0,0,,,0.0,0.0,0,,,0.0,0.0,0,,,0.0,0.0,0,,,0.0,0.0,0,,,0.0,0.0,0,,,0.0,0.0,0,,,0.0,0.0,0,,,0.0,0.0,0,,,0.0,0.0,0,,,0,0,0,,,0,0,0,,,0,0,0,,,0,0,0,,,0,0,0,,,0,0,0,,,0,0,0,,,0.0,0.0,0.0,0.0,0.0,0.0,0.0,0.0,0.0,0.0,0.0,0.0,0.0,0.0,0.0,0.0,0.0,0,0,0,0,0,0,0,,,,,,,,,,,,0,0,0,0.0,0.0,0.0,0.0
cpu,none,,0,resident,overlap_clustered_within_rank_25,100000,within_rank_25,clustered,2048,0,67.83758394885808,2,False,0,0,8,0,8,0,0,0,0,0,0,0,0,0.265967852,400000,100000,100000,0.25,0.25,4.0,1,25000,100000,4.0,4,,4921822208,143611899904,,,,,,,,,1ef431b664d23cfba7bfef6ecbd96dfe4a579d98a1dede3574d832df1ab6904d,1,,,0,0.0,0.0,0,,,0.0,0.0,0,,,0.0,0.0,0,,,0.0,0.0,0,,,0.0,0.0,0,,,0.0,0.0,0,,,0.0,0.0,0,,,0.0,0.0,0,,,0.0,0.0,0,,,0.0,0.0,0,,,0.0,0.0,0,,,0.0,0.0,0,,,0.0,0.0,0,,,0.0,0.0,0,,,0.0,0.0,0,,,0.0,0.0,0,,,0.0,0.0,0,,,0,0,0,,,0,0,0,,,0,0,0,,,0,0,0,,,0,0,0,,,0,0,0,,,0,0,0,,,0.0,0.0,0.0,0.0,0.0,0.0,0.0,0.0,0.0,0.0,0.0,0.0,0.0,0.0,0.0,0.0,0.0,0,0,0,0,0,0,0,,,,,,,,,,,,0,0,0,0.0,0.0,0.0,0.0
cpu,none,,0,resident,overlap_clustered_within_rank_25,100000,within_rank_25,clustered,2048,1,67.85822298843414,2,False,0,0,8,0,8,0,0,0,0,0,0,0,0,0.266139584,400000,100000,100000,0.25,0.25,4.0,1,25000,100000,4.0,4,,4921822208,143611916288,,,,,,,,,8b620a11217e3ec9028aff7bab338a87c8610543271627b8966301d4f2de2786,1,,,0,0.0,0.0,0,,,0.0,0.0,0,,,0.0,0.0,0,,,0.0,0.0,0,,,0.0,0.0,0,,,0.0,0.0,0,,,0.0,0.0,0,,,0.0,0.0,0,,,0.0,0.0,0,,,0.0,0.0,0,,,0.0,0.0,0,,,0.0,0.0,0,,,0.0,0.0,0,,,0.0,0.0,0,,,0.0,0.0,0,,,0.0,0.0,0,,,0.0,0.0,0,,,0,0,0,,,0,0,0,,,0,0,0,,,0,0,0,,,0,0,0,,,0,0,0,,,0,0,0,,,0.0,0.0,0.0,0.0,0.0,0.0,0.0,0.0,0.0,0.0,0.0,0.0,0.0,0.0,0.0,0.0,0.0,0,0,0,0,0,0,0,,,,,,,,,,,,0,0,0,0.0,0.0,0.0,0.0
cpu,none,,0,resident,overlap_clustered_within_rank_25,100000,within_rank_25,clustered,2048,2,67.8874229779467,2,False,0,0,8,0,8,0,0,0,0,0,0,0,0,0.266208802,400000,100000,100000,0.25,0.25,4.0,1,25000,100000,4.0,4,,4921822208,143611953152,,,,,,,,,5aed05750d6eb4725ef15c817b5658e9c16e32fc25bdb6bd3f104c68a37c49ec,1,,,0,0.0,0.0,0,,,0.0,0.0,0,,,0.0,0.0,0,,,0.0,0.0,0,,,0.0,0.0,0,,,0.0,0.0,0,,,0.0,0.0,0,,,0.0,0.0,0,,,0.0,0.0,0,,,0.0,0.0,0,,,0.0,0.0,0,,,0.0,0.0,0,,,0.0,0.0,0,,,0.0,0.0,0,,,0.0,0.0,0,,,0.0,0.0,0,,,0.0,0.0,0,,,0,0,0,,,0,0,0,,,0,0,0,,,0,0,0,,,0,0,0,,,0,0,0,,,0,0,0,,,0.0,0.0,0.0,0.0,0.0,0.0,0.0,0.0,0.0,0.0,0.0,0.0,0.0,0.0,0.0,0.0,0.0,0,0,0,0,0,0,0,,,,,,,,,,,,0,0,0,0.0,0.0,0.0,0.0
cpu,none,,0,resident,overlap_clustered_within_rank_25,100000,within_rank_25,clustered,2048,3,67.92418204713613,2,False,0,0,8,0,8,0,0,0,0,0,0,0,0,0.266093696,400000,100000,100000,0.25,0.25,4.0,1,25000,100000,4.0,4,,4921822208,143612039168,,,,,,,,,8e39e3c9f8232d5ab505c076825beede285e70d8d4457f3e09b9122ed88f2a0d,1,,,0,0.0,0.0,0,,,0.0,0.0,0,,,0.0,0.0,0,,,0.0,0.0,0,,,0.0,0.0,0,,,0.0,0.0,0,,,0.0,0.0,0,,,0.0,0.0,0,,,0.0,0.0,0,,,0.0,0.0,0,,,0.0,0.0,0,,,0.0,0.0,0,,,0.0,0.0,0,,,0.0,0.0,0,,,0.0,0.0,0,,,0.0,0.0,0,,,0.0,0.0,0,,,0,0,0,,,0,0,0,,,0,0,0,,,0,0,0,,,0,0,0,,,0,0,0,,,0,0,0,,,0.0,0.0,0.0,0.0,0.0,0.0,0.0,0.0,0.0,0.0,0.0,0.0,0.0,0.0,0.0,0.0,0.0,0,0,0,0,0,0,0,,,,,,,,,,,,0,0,0,0.0,0.0,0.0,0.0
cpu,none,,0,resident,overlap_clustered_within_rank_25,100000,within_rank_25,clustered,2048,4,67.78338400181383,0,False,0,0,8,0,8,0,0,0,0,0,0,0,0,0.265715992,400000,100000,100000,0.25,0.25,4.0,1,25000,100000,4.0,4,,4921822208,143612178432,,,,,,,,,de6726a9748611993943992c84bc562a0e510bc946cae28495b41c954d4d3d2a,1,,,0,0.0,0.0,0,,,0.0,0.0,0,,,0.0,0.0,0,,,0.0,0.0,0,,,0.0,0.0,0,,,0.0,0.0,0,,,0.0,0.0,0,,,0.0,0.0,0,,,0.0,0.0,0,,,0.0,0.0,0,,,0.0,0.0,0,,,0.0,0.0,0,,,0.0,0.0,0,,,0.0,0.0,0,,,0.0,0.0,0,,,0.0,0.0,0,,,0.0,0.0,0,,,0,0,0,,,0,0,0,,,0,0,0,,,0,0,0,,,0,0,0,,,0,0,0,,,0,0,0,,,0.0,0.0,0.0,0.0,0.0,0.0,0.0,0.0,0.0,0.0,0.0,0.0,0.0,0.0,0.0,0.0,0.0,0,0,0,0,0,0,0,,,,,,,,,,,,0,0,0,0.0,0.0,0.0,0.0
cpu,none,,0,resident,overlap_clustered_combined_12_5,100000,combined_12_5,clustered,2048,0,83.87800899799913,3,False,0,0,10,2,12,0,0,0,0,0,0,0,0,0.330913723,400000,200000,50000,0.5,0.125,2.0,4,12500,50000,4.0,4,,4921822208,143612559360,,,,,,,,,e503c7cb99f9b706f31ea7bbdb7d912e6118cde2c8f074ad630d36d6e8e92385,1,,,0,0.0,0.0,0,,,0.0,0.0,0,,,0.0,0.0,0,,,0.0,0.0,0,,,0.0,0.0,0,,,0.0,0.0,0,,,0.0,0.0,0,,,0.0,0.0,0,,,0.0,0.0,0,,,0.0,0.0,0,,,0.0,0.0,0,,,0.0,0.0,0,,,0.0,0.0,0,,,0.0,0.0,0,,,0.0,0.0,0,,,0.0,0.0,0,,,0.0,0.0,0,,,0,0,0,,,0,0,0,,,0,0,0,,,0,0,0,,,0,0,0,,,0,0,0,,,0,0,0,,,0.0,0.0,0.0,0.0,0.0,0.0,0.0,0.0,0.0,0.0,0.0,0.0,0.0,0.0,0.0,0.0,0.0,0,0,0,0,0,0,0,,,,,,,,,,,,0,0,0,0.0,0.0,0.0,0.0
cpu,none,,0,resident,overlap_clustered_combined_12_5,100000,combined_12_5,clustered,2048,1,83.58773298095912,1,False,0,0,8,0,8,0,0,0,0,0,0,0,0,0.328959722,400000,200000,50000,0.5,0.125,2.0,4,12500,50000,4.0,4,,4921822208,143612559360,,,,,,,,,2ba0910f71c67d14737709a679d3f61541396496df427c5e6d019d6b197b208e,1,,,0,0.0,0.0,0,,,0.0,0.0,0,,,0.0,0.0,0,,,0.0,0.0,0,,,0.0,0.0,0,,,0.0,0.0,0,,,0.0,0.0,0,,,0.0,0.0,0,,,0.0,0.0,0,,,0.0,0.0,0,,,0.0,0.0,0,,,0.0,0.0,0,,,0.0,0.0,0,,,0.0,0.0,0,,,0.0,0.0,0,,,0.0,0.0,0,,,0.0,0.0,0,,,0,0,0,,,0,0,0,,,0,0,0,,,0,0,0,,,0,0,0,,,0,0,0,,,0,0,0,,,0.0,0.0,0.0,0.0,0.0,0.0,0.0,0.0,0.0,0.0,0.0,0.0,0.0,0.0,0.0,0.0,0.0,0,0,0,0,0,0,0,,,,,,,,,,,,0,0,0,0.0,0.0,0.0,0.0
cpu,none,,0,resident,overlap_clustered_combined_12_5,100000,combined_12_5,clustered,2048,2,83.59180297702551,3,False,0,0,10,2,12,0,0,0,0,0,0,0,0,0.329216892,400000,200000,50000,0.5,0.125,2.0,4,12500,50000,4.0,4,,4921822208,143612559360,,,,,,,,,d42fd5add5b02c164d390790687ecf2b4baf06b18ad7453cabebaeccb8e7febb,1,,,0,0.0,0.0,0,,,0.0,0.0,0,,,0.0,0.0,0,,,0.0,0.0,0,,,0.0,0.0,0,,,0.0,0.0,0,,,0.0,0.0,0,,,0.0,0.0,0,,,0.0,0.0,0,,,0.0,0.0,0,,,0.0,0.0,0,,,0.0,0.0,0,,,0.0,0.0,0,,,0.0,0.0,0,,,0.0,0.0,0,,,0.0,0.0,0,,,0.0,0.0,0,,,0,0,0,,,0,0,0,,,0,0,0,,,0,0,0,,,0,0,0,,,0,0,0,,,0,0,0,,,0.0,0.0,0.0,0.0,0.0,0.0,0.0,0.0,0.0,0.0,0.0,0.0,0.0,0.0,0.0,0.0,0.0,0,0,0,0,0,0,0,,,,,,,,,,,,0,0,0,0.0,0.0,0.0,0.0
cpu,none,,0,resident,overlap_clustered_combined_12_5,100000,combined_12_5,clustered,2048,3,83.57994200196117,1,False,0,0,8,0,8,0,0,0,0,0,0,0,0,0.328917943,400000,200000,50000,0.5,0.125,2.0,4,12500,50000,4.0,4,,4921822208,143612559360,,,,,,,,,1868ae3f0978c6f66a29ea1d1f123fe88c527eff6adda8ef08474961e17c2c9b,1,,,0,0.0,0.0,0,,,0.0,0.0,0,,,0.0,0.0,0,,,0.0,0.0,0,,,0.0,0.0,0,,,0.0,0.0,0,,,0.0,0.0,0,,,0.0,0.0,0,,,0.0,0.0,0,,,0.0,0.0,0,,,0.0,0.0,0,,,0.0,0.0,0,,,0.0,0.0,0,,,0.0,0.0,0,,,0.0,0.0,0,,,0.0,0.0,0,,,0.0,0.0,0,,,0,0,0,,,0,0,0,,,0,0,0,,,0,0,0,,,0,0,0,,,0,0,0,,,0,0,0,,,0.0,0.0,0.0,0.0,0.0,0.0,0.0,0.0,0.0,0.0,0.0,0.0,0.0,0.0,0.0,0.0,0.0,0,0,0,0,0,0,0,,,,,,,,,,,,0,0,0,0.0,0.0,0.0,0.0
cpu,none,,0,resident,overlap_clustered_combined_12_5,100000,combined_12_5,clustered,2048,4,83.72176100965589,1,False,0,0,8,0,8,0,0,0,0,0,0,0,0,0.329190663,400000,200000,50000,0.5,0.125,2.0,4,12500,50000,4.0,4,,4921822208,143612571648,,,,,,,,,dd821f2e5a2af1dc96ecaa69e54d44cceaefedbb956b67436cc06dc3a30f8f89,1,,,0,0.0,0.0,0,,,0.0,0.0,0,,,0.0,0.0,0,,,0.0,0.0,0,,,0.0,0.0,0,,,0.0,0.0,0,,,0.0,0.0,0,,,0.0,0.0,0,,,0.0,0.0,0,,,0.0,0.0,0,,,0.0,0.0,0,,,0.0,0.0,0,,,0.0,0.0,0,,,0.0,0.0,0,,,0.0,0.0,0,,,0.0,0.0,0,,,0.0,0.0,0,,,0,0,0,,,0,0,0,,,0,0,0,,,0,0,0,,,0,0,0,,,0,0,0,,,0,0,0,,,0.0,0.0,0.0,0.0,0.0,0.0,0.0,0.0,0.0,0.0,0.0,0.0,0.0,0.0,0.0,0.0,0.0,0,0,0,0,0,0,0,,,,,,,,,,,,0,0,0,0.0,0.0,0.0,0.0
cpu,none,,0,resident,overlap_clustered_combined_6_25,100000,combined_6_25,clustered,2048,0,67.94746196828783,1,False,0,0,8,0,8,0,0,0,0,0,0,0,0,0.266285872,400000,100000,25000,0.25,0.0625,4.0,4,6250,25000,4.0,4,,4921822208,143612731392,,,,,,,,,84bb9c2acbf4e30809952e8de290bd1b9a7a25ced4c4fa43aca8df64b86fa1c3,1,,,0,0.0,0.0,0,,,0.0,0.0,0,,,0.0,0.0,0,,,0.0,0.0,0,,,0.0,0.0,0,,,0.0,0.0,0,,,0.0,0.0,0,,,0.0,0.0,0,,,0.0,0.0,0,,,0.0,0.0,0,,,0.0,0.0,0,,,0.0,0.0,0,,,0.0,0.0,0,,,0.0,0.0,0,,,0.0,0.0,0,,,0.0,0.0,0,,,0.0,0.0,0,,,0,0,0,,,0,0,0,,,0,0,0,,,0,0,0,,,0,0,0,,,0,0,0,,,0,0,0,,,0.0,0.0,0.0,0.0,0.0,0.0,0.0,0.0,0.0,0.0,0.0,0.0,0.0,0.0,0.0,0.0,0.0,0,0,0,0,0,0,0,,,,,,,,,,,,0,0,0,0.0,0.0,0.0,0.0
cpu,none,,0,resident,overlap_clustered_combined_6_25,100000,combined_6_25,clustered,2048,1,67.86543305497617,3,False,0,0,8,0,8,0,0,0,0,0,0,0,0,0.266262476,400000,100000,25000,0.25,0.0625,4.0,4,6250,25000,4.0,4,,4921822208,143612731392,,,,,,,,,099ae8b87add43962c93e78691747ffba91e00bc05c5e53b921aa00755634219,1,,,0,0.0,0.0,0,,,0.0,0.0,0,,,0.0,0.0,0,,,0.0,0.0,0,,,0.0,0.0,0,,,0.0,0.0,0,,,0.0,0.0,0,,,0.0,0.0,0,,,0.0,0.0,0,,,0.0,0.0,0,,,0.0,0.0,0,,,0.0,0.0,0,,,0.0,0.0,0,,,0.0,0.0,0,,,0.0,0.0,0,,,0.0,0.0,0,,,0.0,0.0,0,,,0,0,0,,,0,0,0,,,0,0,0,,,0,0,0,,,0,0,0,,,0,0,0,,,0,0,0,,,0.0,0.0,0.0,0.0,0.0,0.0,0.0,0.0,0.0,0.0,0.0,0.0,0.0,0.0,0.0,0.0,0.0,0,0,0,0,0,0,0,,,,,,,,,,,,0,0,0,0.0,0.0,0.0,0.0
cpu,none,,0,resident,overlap_clustered_combined_6_25,100000,combined_6_25,clustered,2048,2,67.90362298488617,1,False,0,0,8,0,8,0,0,0,0,0,0,0,0,0.266263403,400000,100000,25000,0.25,0.0625,4.0,4,6250,25000,4.0,4,,4921822208,143612735488,,,,,,,,,e42ddac3a7a22b798994f0c89e738e5cc9c8871d8f39cffbaf0755d36ced77d7,1,,,0,0.0,0.0,0,,,0.0,0.0,0,,,0.0,0.0,0,,,0.0,0.0,0,,,0.0,0.0,0,,,0.0,0.0,0,,,0.0,0.0,0,,,0.0,0.0,0,,,0.0,0.0,0,,,0.0,0.0,0,,,0.0,0.0,0,,,0.0,0.0,0,,,0.0,0.0,0,,,0.0,0.0,0,,,0.0,0.0,0,,,0.0,0.0,0,,,0.0,0.0,0,,,0,0,0,,,0,0,0,,,0,0,0,,,0,0,0,,,0,0,0,,,0,0,0,,,0,0,0,,,0.0,0.0,0.0,0.0,0.0,0.0,0.0,0.0,0.0,0.0,0.0,0.0,0.0,0.0,0.0,0.0,0.0,0,0,0,0,0,0,0,,,,,,,,,,,,0,0,0,0.0,0.0,0.0,0.0
cpu,none,,0,resident,overlap_clustered_combined_6_25,100000,combined_6_25,clustered,2048,3,68.07005999144167,1,False,0,0,8,0,8,0,0,0,0,0,0,0,0,0.26638701200000003,400000,100000,25000,0.25,0.0625,4.0,4,6250,25000,4.0,4,,4921822208,143612764160,,,,,,,,,7168199ecc7aa17e3f8896999ab5635300cd44be21ad77a24b3b3a2e3a687d8a,1,,,0,0.0,0.0,0,,,0.0,0.0,0,,,0.0,0.0,0,,,0.0,0.0,0,,,0.0,0.0,0,,,0.0,0.0,0,,,0.0,0.0,0,,,0.0,0.0,0,,,0.0,0.0,0,,,0.0,0.0,0,,,0.0,0.0,0,,,0.0,0.0,0,,,0.0,0.0,0,,,0.0,0.0,0,,,0.0,0.0,0,,,0.0,0.0,0,,,0.0,0.0,0,,,0,0,0,,,0,0,0,,,0,0,0,,,0,0,0,,,0,0,0,,,0,0,0,,,0,0,0,,,0.0,0.0,0.0,0.0,0.0,0.0,0.0,0.0,0.0,0.0,0.0,0.0,0.0,0.0,0.0,0.0,0.0,0,0,0,0,0,0,0,,,,,,,,,,,,0,0,0,0.0,0.0,0.0,0.0
cpu,none,,0,resident,overlap_clustered_combined_6_25,100000,combined_6_25,clustered,2048,4,67.94014200568199,1,False,0,0,8,0,8,0,0,0,0,0,0,0,0,0.266371433,400000,100000,25000,0.25,0.0625,4.0,4,6250,25000,4.0,4,,4921822208,143612764160,,,,,,,,,8aa2fb5e2d3dfdc0c2e2522404dc8e477e7bd2fbe1beff3a860df4674931c6a2,1,,,0,0.0,0.0,0,,,0.0,0.0,0,,,0.0,0.0,0,,,0.0,0.0,0,,,0.0,0.0,0,,,0.0,0.0,0,,,0.0,0.0,0,,,0.0,0.0,0,,,0.0,0.0,0,,,0.0,0.0,0,,,0.0,0.0,0,,,0.0,0.0,0,,,0.0,0.0,0,,,0.0,0.0,0,,,0.0,0.0,0,,,0.0,0.0,0,,,0.0,0.0,0,,,0,0,0,,,0,0,0,,,0,0,0,,,0,0,0,,,0,0,0,,,0,0,0,,,0,0,0,,,0.0,0.0,0.0,0.0,0.0,0.0,0.0,0.0,0.0,0.0,0.0,0.0,0.0,0.0,0.0,0.0,0.0,0,0,0,0,0,0,0,,,,,,,,,,,,0,0,0,0.0,0.0,0.0,0.0
cpu,none,,0,resident,overlap_clustered_combined_3_125,100000,combined_3_125,clustered,2048,0,60.08317205123603,3,False,0,0,8,0,8,0,0,0,0,0,0,0,0,0.235127831,400000,50000,12500,0.125,0.03125,8.0,4,3125,12500,4.0,4,,4921822208,143613030400,,,,,,,,,23539a2deec1b65b53470296a63def95404ee5e76bee94d9da27f6f7faaa4fa9,1,,,0,0.0,0.0,0,,,0.0,0.0,0,,,0.0,0.0,0,,,0.0,0.0,0,,,0.0,0.0,0,,,0.0,0.0,0,,,0.0,0.0,0,,,0.0,0.0,0,,,0.0,0.0,0,,,0.0,0.0,0,,,0.0,0.0,0,,,0.0,0.0,0,,,0.0,0.0,0,,,0.0,0.0,0,,,0.0,0.0,0,,,0.0,0.0,0,,,0.0,0.0,0,,,0,0,0,,,0,0,0,,,0,0,0,,,0,0,0,,,0,0,0,,,0,0,0,,,0,0,0,,,0.0,0.0,0.0,0.0,0.0,0.0,0.0,0.0,0.0,0.0,0.0,0.0,0.0,0.0,0.0,0.0,0.0,0,0,0,0,0,0,0,,,,,,,,,,,,0,0,0,0.0,0.0,0.0,0.0
cpu,none,,0,resident,overlap_clustered_combined_3_125,100000,combined_3_125,clustered,2048,1,60.070381965488195,1,False,0,0,8,0,8,0,0,0,0,0,0,0,0,0.235012864,400000,50000,12500,0.125,0.03125,8.0,4,3125,12500,4.0,4,,4921822208,143613030400,,,,,,,,,dd735e702aab6a5ef4e078e005d31bae113c86702f38c9b08a1107977ef0c950,1,,,0,0.0,0.0,0,,,0.0,0.0,0,,,0.0,0.0,0,,,0.0,0.0,0,,,0.0,0.0,0,,,0.0,0.0,0,,,0.0,0.0,0,,,0.0,0.0,0,,,0.0,0.0,0,,,0.0,0.0,0,,,0.0,0.0,0,,,0.0,0.0,0,,,0.0,0.0,0,,,0.0,0.0,0,,,0.0,0.0,0,,,0.0,0.0,0,,,0.0,0.0,0,,,0,0,0,,,0,0,0,,,0,0,0,,,0,0,0,,,0,0,0,,,0,0,0,,,0,0,0,,,0.0,0.0,0.0,0.0,0.0,0.0,0.0,0.0,0.0,0.0,0.0,0.0,0.0,0.0,0.0,0.0,0.0,0,0,0,0,0,0,0,,,,,,,,,,,,0,0,0,0.0,0.0,0.0,0.0
cpu,none,,0,resident,overlap_clustered_combined_3_125,100000,combined_3_125,clustered,2048,2,60.26626902166754,1,False,0,0,10,2,12,0,0,0,0,0,0,0,0,0.235067484,400000,50000,12500,0.125,0.03125,8.0,4,3125,12500,4.0,4,,4921822208,143613030400,,,,,,,,,1f3440f1ece5472a09fa600f0d3b94e74502e6d5c62dacc3b9b56e7b9c63eade,1,,,0,0.0,0.0,0,,,0.0,0.0,0,,,0.0,0.0,0,,,0.0,0.0,0,,,0.0,0.0,0,,,0.0,0.0,0,,,0.0,0.0,0,,,0.0,0.0,0,,,0.0,0.0,0,,,0.0,0.0,0,,,0.0,0.0,0,,,0.0,0.0,0,,,0.0,0.0,0,,,0.0,0.0,0,,,0.0,0.0,0,,,0.0,0.0,0,,,0.0,0.0,0,,,0,0,0,,,0,0,0,,,0,0,0,,,0,0,0,,,0,0,0,,,0,0,0,,,0,0,0,,,0.0,0.0,0.0,0.0,0.0,0.0,0.0,0.0,0.0,0.0,0.0,0.0,0.0,0.0,0.0,0.0,0.0,0,0,0,0,0,0,0,,,,,,,,,,,,0,0,0,0.0,0.0,0.0,0.0
cpu,none,,0,resident,overlap_clustered_combined_3_125,100000,combined_3_125,clustered,2048,3,60.06956205237657,1,False,0,0,8,0,8,0,0,0,0,0,0,0,0,0.23497548299999999,400000,50000,12500,0.125,0.03125,8.0,4,3125,12500,4.0,4,,4921822208,143613030400,,,,,,,,,b85c5508b2843b381d9e27bae605a062858046c0dc876dbb271c5505b644d538,1,,,0,0.0,0.0,0,,,0.0,0.0,0,,,0.0,0.0,0,,,0.0,0.0,0,,,0.0,0.0,0,,,0.0,0.0,0,,,0.0,0.0,0,,,0.0,0.0,0,,,0.0,0.0,0,,,0.0,0.0,0,,,0.0,0.0,0,,,0.0,0.0,0,,,0.0,0.0,0,,,0.0,0.0,0,,,0.0,0.0,0,,,0.0,0.0,0,,,0.0,0.0,0,,,0,0,0,,,0,0,0,,,0,0,0,,,0,0,0,,,0,0,0,,,0,0,0,,,0,0,0,,,0.0,0.0,0.0,0.0,0.0,0.0,0.0,0.0,0.0,0.0,0.0,0.0,0.0,0.0,0.0,0.0,0.0,0,0,0,0,0,0,0,,,,,,,,,,,,0,0,0,0.0,0.0,0.0,0.0
cpu,none,,0,resident,overlap_clustered_combined_3_125,100000,combined_3_125,clustered,2048,4,60.04313298035413,1,False,0,0,8,0,8,0,0,0,0,0,0,0,0,0.234585761,400000,50000,12500,0.125,0.03125,8.0,4,3125,12500,4.0,4,,4921822208,143613030400,,,,,,,,,d096782fef9ffccf811ca1387bca6e2ec7ceddfe8a93f2d44027c449f3b9c1a2,1,,,0,0.0,0.0,0,,,0.0,0.0,0,,,0.0,0.0,0,,,0.0,0.0,0,,,0.0,0.0,0,,,0.0,0.0,0,,,0.0,0.0,0,,,0.0,0.0,0,,,0.0,0.0,0,,,0.0,0.0,0,,,0.0,0.0,0,,,0.0,0.0,0,,,0.0,0.0,0,,,0.0,0.0,0,,,0.0,0.0,0,,,0.0,0.0,0,,,0.0,0.0,0,,,0,0,0,,,0,0,0,,,0,0,0,,,0,0,0,,,0,0,0,,,0,0,0,,,0,0,0,,,0.0,0.0,0.0,0.0,0.0,0.0,0.0,0.0,0.0,0.0,0.0,0.0,0.0,0.0,0.0,0.0,0.0,0,0,0,0,0,0,0,,,,,,,,,,,,0,0,0,0.0,0.0,0.0,0.0
cpu,none,,0,resident,overlap_clustered_stress_1,100000,stress_1,clustered,2048,0,60.00154302455485,3,False,0,0,8,0,8,0,0,0,0,0,0,0,0,0.234722501,400000,16000,4000,0.04,0.01,25.0,4,1000,4000,4.0,4,,4921822208,143613403136,,,,,,,,,a2c4b3b8e2fdd4b2e2e10a92c5cb5282f0630ea1798ef3c2f9fbb20a2af67363,1,,,0,0.0,0.0,0,,,0.0,0.0,0,,,0.0,0.0,0,,,0.0,0.0,0,,,0.0,0.0,0,,,0.0,0.0,0,,,0.0,0.0,0,,,0.0,0.0,0,,,0.0,0.0,0,,,0.0,0.0,0,,,0.0,0.0,0,,,0.0,0.0,0,,,0.0,0.0,0,,,0.0,0.0,0,,,0.0,0.0,0,,,0.0,0.0,0,,,0.0,0.0,0,,,0,0,0,,,0,0,0,,,0,0,0,,,0,0,0,,,0,0,0,,,0,0,0,,,0,0,0,,,0.0,0.0,0.0,0.0,0.0,0.0,0.0,0.0,0.0,0.0,0.0,0.0,0.0,0.0,0.0,0.0,0.0,0,0,0,0,0,0,0,,,,,,,,,,,,0,0,0,0.0,0.0,0.0,0.0
cpu,none,,0,resident,overlap_clustered_stress_1,100000,stress_1,clustered,2048,1,59.83195605222136,1,False,0,0,8,0,8,0,0,0,0,0,0,0,0,0.233541214,400000,16000,4000,0.04,0.01,25.0,4,1000,4000,4.0,4,,4921822208,143613403136,,,,,,,,,db91bdaebcd0e69de86822aedf9b846e1387b455c9a7b47d61aec4a8c1d88519,1,,,0,0.0,0.0,0,,,0.0,0.0,0,,,0.0,0.0,0,,,0.0,0.0,0,,,0.0,0.0,0,,,0.0,0.0,0,,,0.0,0.0,0,,,0.0,0.0,0,,,0.0,0.0,0,,,0.0,0.0,0,,,0.0,0.0,0,,,0.0,0.0,0,,,0.0,0.0,0,,,0.0,0.0,0,,,0.0,0.0,0,,,0.0,0.0,0,,,0.0,0.0,0,,,0,0,0,,,0,0,0,,,0,0,0,,,0,0,0,,,0,0,0,,,0,0,0,,,0,0,0,,,0.0,0.0,0.0,0.0,0.0,0.0,0.0,0.0,0.0,0.0,0.0,0.0,0.0,0.0,0.0,0.0,0.0,0,0,0,0,0,0,0,,,,,,,,,,,,0,0,0,0.0,0.0,0.0,0.0
cpu,none,,0,resident,overlap_clustered_stress_1,100000,stress_1,clustered,2048,2,59.53796999529004,1,False,0,0,8,0,8,0,0,0,0,0,0,0,0,0.232783711,400000,16000,4000,0.04,0.01,25.0,4,1000,4000,4.0,4,,4921822208,143613403136,,,,,,,,,433351ebbc526cfbffd56af38f1c1e44f3aa076854688f6acd3fff540d67bdb5,1,,,0,0.0,0.0,0,,,0.0,0.0,0,,,0.0,0.0,0,,,0.0,0.0,0,,,0.0,0.0,0,,,0.0,0.0,0,,,0.0,0.0,0,,,0.0,0.0,0,,,0.0,0.0,0,,,0.0,0.0,0,,,0.0,0.0,0,,,0.0,0.0,0,,,0.0,0.0,0,,,0.0,0.0,0,,,0.0,0.0,0,,,0.0,0.0,0,,,0.0,0.0,0,,,0,0,0,,,0,0,0,,,0,0,0,,,0,0,0,,,0,0,0,,,0,0,0,,,0,0,0,,,0.0,0.0,0.0,0.0,0.0,0.0,0.0,0.0,0.0,0.0,0.0,0.0,0.0,0.0,0.0,0.0,0.0,0,0,0,0,0,0,0,,,,,,,,,,,,0,0,0,0.0,0.0,0.0,0.0
cpu,none,,0,resident,overlap_clustered_stress_1,100000,stress_1,clustered,2048,3,59.96528302785009,1,False,0,0,8,0,8,0,0,0,0,0,0,0,0,0.234507854,400000,16000,4000,0.04,0.01,25.0,4,1000,4000,4.0,4,,4921822208,143613419520,,,,,,,,,8ac78a257781d9fdb9dc9b8e82f774322fe2329139601e87ca7b4a1d00f208a4,1,,,0,0.0,0.0,0,,,0.0,0.0,0,,,0.0,0.0,0,,,0.0,0.0,0,,,0.0,0.0,0,,,0.0,0.0,0,,,0.0,0.0,0,,,0.0,0.0,0,,,0.0,0.0,0,,,0.0,0.0,0,,,0.0,0.0,0,,,0.0,0.0,0,,,0.0,0.0,0,,,0.0,0.0,0,,,0.0,0.0,0,,,0.0,0.0,0,,,0.0,0.0,0,,,0,0,0,,,0,0,0,,,0,0,0,,,0,0,0,,,0,0,0,,,0,0,0,,,0,0,0,,,0.0,0.0,0.0,0.0,0.0,0.0,0.0,0.0,0.0,0.0,0.0,0.0,0.0,0.0,0.0,0.0,0.0,0,0,0,0,0,0,0,,,,,,,,,,,,0,0,0,0.0,0.0,0.0,0.0
cpu,none,,0,resident,overlap_clustered_stress_1,100000,stress_1,clustered,2048,4,59.96189301367849,1,False,0,0,8,0,8,0,0,0,0,0,0,0,0,0.23518075100000002,400000,16000,4000,0.04,0.01,25.0,4,1000,4000,4.0,4,,4921822208,143613431808,,,,,,,,,fa56805010965a551d918947a5c97d69553e8b18cc05129fd376495ae544c8b0,1,,,0,0.0,0.0,0,,,0.0,0.0,0,,,0.0,0.0,0,,,0.0,0.0,0,,,0.0,0.0,0,,,0.0,0.0,0,,,0.0,0.0,0,,,0.0,0.0,0,,,0.0,0.0,0,,,0.0,0.0,0,,,0.0,0.0,0,,,0.0,0.0,0,,,0.0,0.0,0,,,0.0,0.0,0,,,0.0,0.0,0,,,0.0,0.0,0,,,0.0,0.0,0,,,0,0,0,,,0,0,0,,,0,0,0,,,0,0,0,,,0,0,0,,,0,0,0,,,0,0,0,,,0.0,0.0,0.0,0.0,0.0,0.0,0.0,0.0,0.0,0.0,0.0,0.0,0.0,0.0,0.0,0.0,0.0,0,0,0,0,0,0,0,,,,,,,,,,,,0,0,0,0.0,0.0,0.0,0.0
tiledb,node,256,0,cold,overlap_clustered_independent,100000,independent,clustered,2048,0,787.3898081015795,2,False,3278843904,0,49,4,53,3278843904,0,25044,0,25044,3278843904,25044,0,4.938443431,400000,400000,400000,1.0,1.0,1.0,1,100000,400000,4.0,4,1566,8212470784,10523631616,,,,,,,,,002a640dafb29725a6a96ab7d6e3787f95da0dd1a6e978e5e2409dbb27763dcb,1,1563,,1,0.681039,0.53733175,3,0.582742,0.582742,0.106849,0.02671225,1,0.106849,0.106849,0.038809,0.00970225,1,0.038809,0.038809,0.01316,0.01115,0,0.01293,0.01293,0.065279,0.01631975,1,0.065279,0.065279,672.168068,168.04256199999998,1,672.168068,672.168068,0.318415,0.07960375,1,0.318415,0.318415,0.0,0.0,0,0.0,0.0,0.0,0.0,0,0.0,0.0,0.093788,0.023447,1,0.093788,0.093788,0.104629,0.02615725,1,0.104629,0.104629,614.941463,153.73536575,1,614.941463,614.941463,0.0,0.0,0,0.0,0.0,57.441913,14.36047825,1,57.441913,57.441913,4.57413,1.1435325,1,4.57413,4.57413,785.336559,600.261202,2,50.828353,50.828353,1.195862,1.17829725,2,1.139573,1.139573,400000,100000,1,400000,400000,400000,100000,1,400000,400000,1,0.25,1,1,1,1,0.25,1,1,1,3200000,800000,1,3200000,3200000,3276800000,819200000,1,3276800000,3276800000,3276800000,819200000,1,3276800000,3276800000,0.62436,0.0,0.0,0.00941,0.0,0.00077,0.0,0.0,0.0,0.0,0.0,0.0,0.0,0.0,0.0,785.336559,1.195862,0,0,0,0,0,0,0,,,,,,,,,,,,25044,0,25044,31806.35530498145,0.0,31806.35530498145,31806.35530498145
tiledb,node,256,0,cold,overlap_clustered_independent,100000,independent,clustered,2048,1,797.2524880897254,2,False,3279003648,0,56,4,60,3279003648,0,25048,0,25048,3279003648,25048,0,4.5366513600000005,400000,400000,400000,1.0,1.0,1.0,1,100000,400000,4.0,4,1566,8212470784,10543050752,,,,,,,,,6bb974abc81f2ba6ba920f70674eedb9c3e3f8ea3b84bc4f945db32bf1a803fb,1,1563,,1,0.448613,0.33959725,3,0.292955,0.292955,0.106778,0.0266945,1,0.106778,0.106778,0.03797,0.0094925,1,0.03797,0.03797,0.012529,0.010302,1,0.012529,0.012529,0.065379,0.01634475,1,0.065379,0.065379,682.296144,170.5746535,1,682.296144,682.296144,0.314596,0.078649,1,0.314596,0.314596,0.0,0.0,0,0.0,0.0,0.0,0.0,0,0.0,0.0,0.09206800000000001,0.023017000000000003,1,0.09206800000000001,0.09206800000000001,0.104229,0.02605725,1,0.104229,0.104229,614.300343,153.57508575,1,614.300343,614.300343,0.0,0.0,0,0.0,0.0,57.439313,14.35982825,1,57.439313,57.439313,4.58141,1.1453525,1,4.58141,4.58141,795.434265,607.847306,2,50.801763,50.801763,1.198592,1.17796225,2,1.132213,1.132213,400000,100000,1,400000,400000,400000,100000,1,400000,400000,1,0.25,1,1,1,1,0.25,1,1,1,3200000,800000,1,3200000,3200000,3276800000,819200000,1,3276800000,3276800000,3276800000,819200000,1,3276800000,3276800000,0.376524,0.0,0.0,0.008559,0.0,0.0009,0.0,0.0,0.0,0.0,0.0,0.0,0.0,0.0,0.0,795.434265,1.198592,0,0,0,0,0,0,0,,,,,,,,,,,,25048,0,25048,31417.901322599595,0.0,31417.901322599595,31417.901322599595
tiledb,node,256,0,cold,overlap_clustered_independent,100000,independent,clustered,2048,2,802.7407740009949,1,True,3278819328,0,48,2,50,3278819328,0,25046,0,25046,3278819328,25046,0,4.593077375,400000,400000,400000,1.0,1.0,1.0,1,100000,400000,4.0,4,1566,8212470784,10543202304,,,,,,,,,41422c75c4dda92bcc06e098a7ee0ba259d011dfc01c75876317611df0d0077a,1,1563,,1,0.435494,0.34101225,3,0.307595,0.307595,0.107238,0.0268095,1,0.107238,0.107238,0.039159,0.00978975,1,0.039159,0.039159,0.013,0.01074,0,0.01197,0.01197,0.065119,0.01627975,1,0.065119,0.065119,687.890729,171.97325725,1,687.890729,687.890729,0.316715,0.07917875,1,0.316715,0.316715,0.0,0.0,0,0.0,0.0,0.0,0.0,0,0.0,0.0,0.091199,0.02279975,1,0.091199,0.091199,0.104808,0.026202,1,0.104808,0.104808,618.216343,154.55408575,1,618.216343,618.216343,0.0,0.0,0,0.0,0.0,57.419782,14.3549455,1,57.419782,57.419782,4.58562,1.146405,1,4.58562,4.58562,801.01266,612.0189232500001,0,50.814934,50.814934,1.192271,1.17581925,2,1.137993,1.137993,400000,100000,1,400000,400000,400000,100000,1,400000,400000,1,0.25,1,1,1,1,0.25,1,1,1,3200000,800000,1,3200000,3200000,3276800000,819200000,1,3276800000,3276800000,3276800000,819200000,1,3276800000,3276800000,0.307595,0.107238,0.039159,0.01197,0.065119,687.890729,0.316715,0.0,0.0,0.091199,0.104808,618.216343,0.0,57.419782,4.58562,50.814934,1.137993,400000,400000,1,1,3200000,3276800000,3276800000,,,,,,,,,,,,25046,0,25046,31200.60773189149,0.0,31200.60773189149,31200.60773189149
tiledb,node,256,0,cold,overlap_clustered_independent,100000,independent,clustered,2048,3,789.9297990370542,2,False,3278917632,0,47,2,49,3278917632,0,25045,0,25045,3278917632,25045,0,4.509466949,400000,400000,400000,1.0,1.0,1.0,1,100000,400000,4.0,4,1566,8212470784,10543300608,,,,,,,,,2b6864e7f00fc67d81f3a5cb8ddfc814fb6fac85c10272979ef0a8412053f4be,1,1563,,1,0.364504,0.30357775,3,0.252526,0.252526,0.106969,0.02674225,1,0.106969,0.106969,0.038159,0.00953975,1,0.038159,0.038159,0.0106,0.00949,1,0.0106,0.0106,0.065339,0.01633475,1,0.065339,0.065339,674.905867,168.72713424999998,1,674.905867,674.905867,0.314325,0.07858125,1,0.314325,0.314325,0.0,0.0,0,0.0,0.0,0.0,0.0,0,0.0,0.0,0.087629,0.02190725,1,0.087629,0.087629,0.105598,0.0263995,1,0.105598,0.105598,607.739483,151.93487075,1,607.739483,607.739483,0.0,0.0,0,0.0,0.0,57.416352,14.354088,1,57.416352,57.416352,4.58042,1.145105,1,4.58042,4.58042,788.003148,602.28642625,0,50.795004,50.795004,1.438148,1.23744375,2,1.135253,1.135253,400000,100000,1,400000,400000,400000,100000,1,400000,400000,1,0.25,1,1,1,1,0.25,1,1,1,3200000,800000,1,3200000,3200000,3276800000,819200000,1,3276800000,3276800000,3276800000,819200000,1,3276800000,3276800000,0.323145,0.0,0.0,0.00862,0.0,0.00084,0.0,0.0,0.0,0.0,0.0,0.0,0.0,0.0,0.0,787.952219,1.438148,0,0,0,0,0,0,0,,,,,,,,,,,,25045,0,25045,31705.34904561207,0.0,31705.34904561207,31705.34904561207
tiledb,node,256,0,cold,overlap_clustered_independent,100000,independent,clustered,2048,4,796.6525659430772,0,False,3280855040,0,50,4,54,3280855040,0,25062,0,25062,3280855040,25062,0,4.563944353,400000,400000,400000,1.0,1.0,1.0,1,100000,400000,4.0,4,1567,8212470784,10543349760,,,,,,,,,57c2024bc3c00839323cd98729719070cc74a7ab62003f8180dcb78f3ddfb0b2,1,1564,,1,0.420314,0.351615,3,0.267326,0.267326,0.107698,0.0269245,1,0.107698,0.107698,0.03816,0.00954,1,0.03816,0.03816,0.01263,0.009802,1,0.01263,0.01263,0.064589,0.01614725,1,0.064589,0.064589,681.778951,170.44532775,1,681.778951,681.778951,0.314375,0.07859375,1,0.314375,0.314375,0.0,0.0,0,0.0,0.0,0.0,0.0,0,0.0,0.0,0.08982799999999999,0.022456999999999998,1,0.08982799999999999,0.08982799999999999,0.104479,0.02611975,1,0.104479,0.104479,617.706901,154.42672525,1,617.706901,617.706901,0.0,0.0,0,0.0,0.0,57.454742,14.3636855,1,57.454742,57.454742,4.648359,1.16208975,1,4.648359,4.648359,794.913463,607.45952275,0,50.716386,50.716386,1.191491,1.17373425,2,1.132452,1.132452,400000,100000,1,400000,400000,400000,100000,1,400000,400000,1,0.25,1,1,1,1,0.25,1,1,1,3200000,800000,1,3200000,3200000,3276800000,819200000,1,3276800000,3276800000,3276800000,819200000,1,3276800000,3276800000,0.350955,0.0,0.0,0.009329,0.0,0.00089,0.0,0.0,0.0,0.0,0.0,0.0,0.0,0.0,0.0,794.913463,1.186112,0,0,0,0,0,0,0,,,,,,,,,,,,25062,0,25062,31459.13422161844,0.0,31459.13422161844,31459.13422161844
tiledb,node,256,0,cold,overlap_clustered_cross_rank_25,100000,cross_rank_25,clustered,2048,0,303.36384393740445,2,False,822562816,0,17,0,17,822562816,0,6283,0,6283,822562816,6283,0,1.86710862,400000,400000,100000,1.0,0.25,1.0,4,25000,100000,4.0,4,1568,5753822208,11610128384,,,,,,,,,1ef431b664d23cfba7bfef6ecbd96dfe4a579d98a1dede3574d832df1ab6904d,1,392,,1,0.427774,0.34584475,3,0.262796,0.262796,0.106478,0.0266195,1,0.106478,0.106478,0.04015,0.0100375,1,0.04015,0.04015,0.013609,0.0098045,1,0.013609,0.013609,0.02275,0.0056875,1,0.02275,0.02275,231.977795,57.994806249999996,1,231.977795,231.977795,0.083129,0.02078225,1,0.083129,0.083129,0.0,0.0,0,0.0,0.0,0.0,0.0,0,0.0,0.0,0.084289,0.02107225,1,0.084289,0.084289,0.034129,0.00853225,1,0.034129,0.034129,175.661386,43.9153465,1,175.661386,175.661386,0.0,0.0,0,0.0,0.0,14.39241,3.5981025,1,14.39241,14.39241,4.244855,1.06121375,1,4.244855,4.244855,301.678441,237.56634525,2,50.772335,50.772335,1.184362,1.171037,0,1.135102,1.135102,400000,100000,1,400000,400000,100000,25000,1,100000,100000,1,0.25,1,1,1,1,0.25,1,1,1,800000,200000,1,800000,800000,819200000,204800000,1,819200000,819200000,819200000,204800000,1,819200000,819200000,0.319675,0.0,0.0,0.00923,0.0,0.00055,0.0,0.0,0.0,0.0,0.0,0.0,0.0,0.0,0.0,301.678441,1.181242,0,0,0,0,0,0,0,,,,,,,,,,,,6283,0,6283,20711.10359907103,0.0,20711.10359907103,20711.10359907103
tiledb,node,256,0,cold,overlap_clustered_cross_rank_25,100000,cross_rank_25,clustered,2048,1,331.65082207415253,0,False,822665216,0,19,2,21,822665216,0,6283,0,6283,822665216,6283,0,1.941854786,400000,400000,100000,1.0,0.25,1.0,4,25000,100000,4.0,4,1568,5753822208,11610177536,,,,,,,,,8b620a11217e3ec9028aff7bab338a87c8610543271627b8966301d4f2de2786,1,392,,1,0.427914,0.36193975,3,0.262156,0.262156,0.107119,0.02677975,1,0.107119,0.107119,0.037959,0.00948975,1,0.037959,0.037959,0.01172,0.00928,1,0.01172,0.01172,0.02204,0.00551,1,0.02204,0.02204,260.374171,65.09398525,1,260.374171,260.374171,0.077039,0.01925975,1,0.077039,0.077039,0.0,0.0,0,0.0,0.0,0.0,0.0,0,0.0,0.0,0.086879,0.02171975,1,0.086879,0.086879,0.031549,0.00788725,1,0.031549,0.031549,196.561216,49.140304,1,196.561216,196.561216,0.0,0.0,0,0.0,0.0,14.41109,3.6027725,1,14.41109,14.41109,4.246595,1.06164875,1,4.246595,4.246595,329.947298,258.788678,0,50.634546,50.634546,1.183672,1.17035475,0,1.133923,1.133923,400000,100000,1,400000,400000,100000,25000,1,100000,100000,1,0.25,1,1,1,1,0.25,1,1,1,800000,200000,1,800000,800000,819200000,204800000,1,819200000,819200000,819200000,204800000,1,819200000,819200000,0.394114,0.0,0.0,0.00884,0.0,0.00048,0.0,0.0,0.0,0.0,0.0,0.0,0.0,0.0,0.0,329.947298,1.183672,0,0,0,0,0,0,0,,,,,,,,,,,,6283,0,6283,18944.62362766346,0.0,18944.62362766346,18944.62362766346
tiledb,node,256,0,cold,overlap_clustered_cross_rank_25,100000,cross_rank_25,clustered,2048,2,322.3050340311602,0,False,822505472,0,19,2,21,822505472,0,6283,0,6283,822505472,6283,0,1.876915093,400000,400000,100000,1.0,0.25,1.0,4,25000,100000,4.0,4,1568,5753822208,11610214400,,,,,,,,,5aed05750d6eb4725ef15c817b5658e9c16e32fc25bdb6bd3f104c68a37c49ec,1,392,,1,0.390724,0.33884749999999997,3,0.258316,0.258316,0.106048,0.026512,1,0.106048,0.106048,0.03813,0.0095325,1,0.03813,0.03813,0.011139,0.00894425,1,0.011139,0.011139,0.0228,0.0057,1,0.0228,0.0228,251.103513,62.77637075,1,251.103513,251.103513,0.077509,0.01937725,1,0.077509,0.077509,0.0,0.0,0,0.0,0.0,0.0,0.0,0,0.0,0.0,0.083468,0.020867,1,0.083468,0.083468,0.03014,0.007535,1,0.03014,0.03014,188.758656,47.189664,1,188.758656,188.758656,0.0,0.0,0,0.0,0.0,14.38834,3.597085,1,14.38834,14.38834,4.211576,1.052894,1,4.211576,4.211576,320.63963,251.78248775,0,50.653706,50.653706,1.190842,1.1749497500000001,3,1.140383,1.140383,400000,100000,1,400000,400000,100000,25000,1,100000,100000,1,0.25,1,1,1,1,0.25,1,1,1,800000,200000,1,800000,800000,819200000,204800000,1,819200000,819200000,819200000,204800000,1,819200000,819200000,0.360095,0.0,0.0,0.00877,0.0,0.00086,0.0,0.0,0.0,0.0,0.0,0.0,0.0,0.0,0.0,320.63963,1.180392,0,0,0,0,0,0,0,,,,,,,,,,,,6283,0,6283,19493.9555284531,0.0,19493.9555284531,19493.9555284531
tiledb,node,256,0,cold,overlap_clustered_cross_rank_25,100000,cross_rank_25,clustered,2048,3,301.35938501916826,2,False,822607872,0,17,0,17,822607872,0,6283,0,6283,822607872,6283,0,1.865104214,400000,400000,100000,1.0,0.25,1.0,4,25000,100000,4.0,4,1568,5753822208,11610230784,,,,,,,,,8e39e3c9f8232d5ab505c076825beede285e70d8d4457f3e09b9122ed88f2a0d,1,392,,1,0.414964,0.35450975,3,0.258896,0.258896,0.106449,0.02661225,1,0.106449,0.106449,0.037829,0.00945725,1,0.037829,0.037829,0.01362,0.010217500000000001,1,0.01362,0.01362,0.02245,0.0056125,1,0.02245,0.02245,229.907946,57.477524,1,229.907946,229.907946,0.077079,0.01926975,1,0.077079,0.077079,0.0,0.0,0,0.0,0.0,0.0,0.0,0,0.0,0.0,0.089259,0.02231475,1,0.089259,0.089259,0.030759,0.00768975,1,0.030759,0.030759,165.513441,41.37836025,1,165.513441,165.513441,0.0,0.0,0,0.0,0.0,14.38906,3.597265,1,14.38906,14.38906,4.256245,1.06406125,1,4.256245,4.256245,299.626171,235.99839375,2,50.796684,50.796684,1.190961,1.17353925,3,1.136992,1.136992,400000,100000,1,400000,400000,100000,25000,1,100000,100000,1,0.25,1,1,1,1,0.25,1,1,1,800000,200000,1,800000,800000,819200000,204800000,1,819200000,819200000,819200000,204800000,1,819200000,819200000,0.360414,0.0,0.0,0.00935,0.0,0.00047,0.0,0.0,0.0,0.0,0.0,0.0,0.0,0.0,0.0,299.626171,1.186972,0,0,0,0,0,0,0,,,,,,,,,,,,6283,0,6283,20848.861234570024,0.0,20848.861234570024,20848.861234570024
tiledb,node,256,0,cold,overlap_clustered_cross_rank_25,100000,cross_rank_25,clustered,2048,4,297.5258630467579,1,True,822710272,0,19,2,21,822710272,0,6284,0,6284,822710272,6284,0,1.838593479,400000,400000,100000,1.0,0.25,1.0,4,25000,100000,4.0,4,1568,5753822208,11610288128,,,,,,,,,de6726a9748611993943992c84bc562a0e510bc946cae28495b41c954d4d3d2a,1,392,,1,0.587911,0.4303035,3,0.263936,0.263936,0.106648,0.026662,1,0.106648,0.106648,0.038169,0.00954225,1,0.038169,0.038169,0.01155,0.008952,1,0.01155,0.01155,0.02224,0.00556,1,0.02224,0.02224,225.642992,56.411153,1,225.642992,225.642992,0.082199,0.02054975,1,0.082199,0.082199,0.0,0.0,0,0.0,0.0,0.0,0.0,0,0.0,0.0,0.086319,0.02157975,1,0.086319,0.086319,0.030739,0.00768475,1,0.030739,0.030739,162.068123,40.51703075,1,162.068123,162.068123,0.0,0.0,0,0.0,0.0,14.38998,3.597495,1,14.38998,14.38998,4.215156,1.053789,1,4.215156,4.215156,295.414626,232.8178025,2,50.895722,50.895722,1.187942,1.183702,0,1.177552,1.177552,400000,100000,1,400000,400000,100000,25000,1,100000,100000,1,0.25,1,1,1,1,0.25,1,1,1,800000,200000,1,800000,800000,819200000,204800000,1,819200000,819200000,819200000,204800000,1,819200000,819200000,0.263936,0.106648,0.038169,0.01155,0.02224,225.642992,0.082199,0.0,0.0,0.086319,0.030739,162.068123,0.0,14.38998,4.215156,50.895722,1.177552,400000,100000,1,1,800000,819200000,819200000,,,,,,,,,,,,6284,0,6284,21120.852942496746,0.0,21120.852942496746,21120.852942496746
tiledb,node,256,0,cold,overlap_clustered_within_rank_25,100000,within_rank_25,clustered,2048,0,323.27606005128473,0,False,822562816,0,17,0,17,822562816,0,6283,0,6283,822562816,6283,0,1.879228013,400000,100000,100000,0.25,0.25,4.0,1,25000,100000,4.0,4,395,5753822208,11610492928,,,,,,,,,1ef431b664d23cfba7bfef6ecbd96dfe4a579d98a1dede3574d832df1ab6904d,1,392,,1,0.398354,0.31077774999999996,3,0.244786,0.244786,0.105348,0.026337,1,0.105348,0.105348,0.03833,0.0095825,1,0.03833,0.03833,0.012449,0.010749,1,0.012449,0.012449,0.02264,0.00566,1,0.02264,0.02264,253.21824,63.3049325,1,253.21824,253.21824,0.079759,0.01993975,1,0.079759,0.079759,0.0,0.0,0,0.0,0.0,0.0,0.0,0,0.0,0.0,0.080559,0.02013975,1,0.080559,0.080559,0.032899,0.00822475,1,0.032899,0.032899,192.332451,48.08311275,1,192.332451,192.332451,0.0,0.0,0,0.0,0.0,14.387611,3.59690275,1,14.387611,14.387611,2.998134,0.7495335,1,2.998134,2.998134,321.620895,252.481162,0,50.750395,50.750395,1.219731,1.18058425,2,1.136932,1.136932,400000,100000,1,400000,400000,100000,25000,1,100000,100000,1,0.25,1,1,1,1,0.25,1,1,1,800000,200000,1,800000,800000,819200000,204800000,1,819200000,819200000,819200000,204800000,1,819200000,819200000,0.312365,0.0,0.0,0.011139,0.0,0.00051,0.0,0.0,0.0,0.0,0.0,0.0,0.0,0.0,0.0,321.620895,1.181912,0,0,0,0,0,0,0,,,,,,,,,,,,6283,0,6283,19435.401430601636,0.0,19435.401430601636,19435.401430601636
tiledb,node,256,0,cold,overlap_clustered_within_rank_25,100000,within_rank_25,clustered,2048,1,308.09317296370864,2,False,822665216,0,21,4,25,822665216,0,6283,0,6283,822665216,6283,0,1.864949489,400000,100000,100000,0.25,0.25,4.0,1,25000,100000,4.0,4,395,5753822208,11610492928,,,,,,,,,8b620a11217e3ec9028aff7bab338a87c8610543271627b8966301d4f2de2786,1,392,,1,0.354764,0.30218525,3,0.269366,0.269366,0.105218,0.0263045,1,0.105218,0.105218,0.03871,0.0096775,1,0.03871,0.03871,0.01409,0.010285,2,0.01081,0.01081,0.021819,0.00545475,1,0.021819,0.021819,237.998494,59.5001435,1,237.998494,237.998494,0.077919,0.01947975,1,0.077919,0.077919,0.0,0.0,0,0.0,0.0,0.0,0.0,0,0.0,0.0,0.08009899999999999,0.020024749999999997,1,0.08009899999999999,0.08009899999999999,0.03271,0.0081775,1,0.03271,0.03271,176.513562,44.1283905,1,176.513562,176.513562,0.0,0.0,0,0.0,0.0,14.3902,3.59755,1,14.3902,14.3902,2.983774,0.7459435,1,2.983774,2.983774,306.380778,241.151215,2,50.732405,50.732405,1.186822,1.17123475,2,1.132513,1.132513,400000,100000,1,400000,400000,100000,25000,1,100000,100000,1,0.25,1,1,1,1,0.25,1,1,1,800000,200000,1,800000,800000,819200000,204800000,1,819200000,819200000,819200000,204800000,1,819200000,819200000,0.264636,0.0,0.0,0.01409,0.0,0.00123,0.0,0.0,0.0,0.0,0.0,0.0,0.0,0.0,0.0,306.380778,1.186822,0,0,0,0,0,0,0,,,,,,,,,,,,6283,0,6283,20393.181515710174,0.0,20393.181515710174,20393.181515710174
tiledb,node,256,0,cold,overlap_clustered_within_rank_25,100000,within_rank_25,clustered,2048,2,308.31913801375777,2,False,822505472,0,17,0,17,822505472,0,6283,0,6283,822505472,6283,0,1.889975932,400000,100000,100000,0.25,0.25,4.0,1,25000,100000,4.0,4,395,5753822208,11610509312,,,,,,,,,5aed05750d6eb4725ef15c817b5658e9c16e32fc25bdb6bd3f104c68a37c49ec,1,392,,1,0.386524,0.3296475,3,0.252757,0.252757,0.104699,0.02617475,1,0.104699,0.104699,0.038259,0.00956475,1,0.038259,0.038259,0.01071,0.0090425,1,0.01071,0.01071,0.02233,0.0055825,1,0.02233,0.02233,238.19822,59.5501175,1,238.19822,238.19822,0.078168,0.019542,1,0.078168,0.078168,0.0,0.0,0,0.0,0.0,0.0,0.0,0,0.0,0.0,0.089008,0.022252,1,0.089008,0.089008,0.03197,0.0079925,1,0.03197,0.03197,176.632551,44.15813775,1,176.632551,176.632551,0.0,0.0,0,0.0,0.0,14.38904,3.59726,1,14.38904,14.38904,2.988624,0.747156,1,2.988624,2.988624,306.657914,241.26324325,0,50.805014,50.805014,1.187522,1.17378725,3,1.134793,1.134793,400000,100000,1,400000,400000,100000,25000,1,100000,100000,1,0.25,1,1,1,1,0.25,1,1,1,800000,200000,1,800000,800000,819200000,204800000,1,819200000,819200000,819200000,204800000,1,819200000,819200000,0.320185,0.0,0.0,0.00858,0.0,0.00092,0.0,0.0,0.0,0.0,0.0,0.0,0.0,0.0,0.0,306.607214,1.187482,0,0,0,0,0,0,0,,,,,,,,,,,,6283,0,6283,20378.235488319384,0.0,20378.235488319384,20378.235488319384
tiledb,node,256,0,cold,overlap_clustered_within_rank_25,100000,within_rank_25,clustered,2048,3,294.16753503028303,2,False,822607872,0,17,0,17,822607872,0,6283,0,6283,822607872,6283,0,1.670646704,400000,100000,100000,0.25,0.25,4.0,1,25000,100000,4.0,4,395,5753822208,11610562560,,,,,,,,,8e39e3c9f8232d5ab505c076825beede285e70d8d4457f3e09b9122ed88f2a0d,1,392,,1,0.371354,0.31413775,3,0.251786,0.251786,0.103758,0.0259395,1,0.103758,0.103758,0.03785,0.0094625,1,0.03785,0.03785,0.01047,0.00871975,1,0.01047,0.01047,0.022249,0.00556225,1,0.022249,0.022249,224.161785,56.04089625,1,224.161785,224.161785,0.078219,0.01955475,1,0.078219,0.078219,0.0,0.0,0,0.0,0.0,0.0,0.0,0,0.0,0.0,0.080979,0.02024475,1,0.080979,0.080979,0.03146,0.007865,1,0.03146,0.03146,172.297227,43.07430675,1,172.297227,172.297227,0.0,0.0,0,0.0,0.0,14.3873,3.596825,1,14.3873,14.3873,2.983814,0.7459535,1,2.983814,2.983814,292.488771,230.7065695,2,50.688635,50.688635,1.187732,1.17268975,0,1.134233,1.134233,400000,100000,1,400000,400000,100000,25000,1,100000,100000,1,0.25,1,1,1,1,0.25,1,1,1,800000,200000,1,800000,800000,819200000,204800000,1,819200000,819200000,819200000,204800000,1,819200000,819200000,0.304716,0.0,0.0,0.008379,0.0,0.00067,0.0,0.0,0.0,0.0,0.0,0.0,0.0,0.0,0.0,292.488771,1.182082,0,0,0,0,0,0,0,,,,,,,,,,,,6283,0,6283,21358.577177298634,0.0,21358.577177298634,21358.577177298634
tiledb,node,256,0,cold,overlap_clustered_within_rank_25,100000,within_rank_25,clustered,2048,4,296.6028969967738,0,False,822710272,0,21,4,25,822710272,0,6284,0,6284,822710272,6284,0,1.8493298870000001,400000,100000,100000,0.25,0.25,4.0,1,25000,100000,4.0,4,395,5753822208,11610574848,,,,,,,,,de6726a9748611993943992c84bc562a0e510bc946cae28495b41c954d4d3d2a,1,392,,1,0.420304,0.35307225,3,0.255286,0.255286,0.105078,0.0262695,1,0.105078,0.105078,0.03896,0.00974,1,0.03896,0.03896,0.011599,0.009164,1,0.011599,0.011599,0.02225,0.0055625,1,0.02225,0.02225,226.573568,56.643872,1,226.573568,226.573568,0.078519,0.01962975,1,0.078519,0.078519,0.0,0.0,0,0.0,0.0,0.0,0.0,0,0.0,0.0,0.082188,0.020547,1,0.082188,0.082188,0.03216,0.00804,1,0.03216,0.03216,164.640454,41.1601135,1,164.640454,164.640454,0.0,0.0,0,0.0,0.0,14.38725,3.5968125,1,14.38725,14.38725,2.986804,0.746701,1,2.986804,2.986804,294.919584,232.49487,0,50.690775,50.690775,1.191271,1.1737345000000001,3,1.136803,1.136803,400000,100000,1,400000,400000,100000,25000,1,100000,100000,1,0.25,1,1,1,1,0.25,1,1,1,800000,200000,1,800000,800000,819200000,204800000,1,819200000,819200000,819200000,204800000,1,819200000,819200000,0.380144,0.0,0.0,0.008479,0.0,0.00057,0.0,0.0,0.0,0.0,0.0,0.0,0.0,0.0,0.0,294.919584,1.186492,0,0,0,0,0,0,0,,,,,,,,,,,,6284,0,6284,21186.576610100852,0.0,21186.576610100852,21186.576610100852
tiledb,node,256,0,cold,overlap_clustered_combined_12_5,100000,combined_12_5,clustered,2048,0,268.6253450810909,2,True,413581312,0,13,0,13,413581312,0,3160,0,3160,413581312,3160,0,1.3707885370000001,400000,200000,50000,0.5,0.125,2.0,4,12500,50000,4.0,4,788,5344222208,12678295552,,,,,,,,,e503c7cb99f9b706f31ea7bbdb7d912e6118cde2c8f074ad630d36d6e8e92385,1,197,,1,0.409534,0.34526225,3,0.378554,0.378554,0.415474,0.1038685,2,0.415474,0.415474,0.044349,0.01108725,2,0.044349,0.044349,82.685546,20.67820375,2,82.685546,82.685546,0.0341,0.008525,2,0.0341,0.0341,122.594377,30.64894175,2,122.594377,122.594377,0.040709,0.01017725,2,0.040709,0.040709,0.0,0.0,0,0.0,0.0,0.0,0.0,0,0.0,0.0,0.104338,0.0260845,2,0.104338,0.104338,0.02029,0.0050725,2,0.02029,0.02029,122.102784,30.525696,2,122.102784,122.102784,0.0,0.0,0,0.0,0.0,7.219809,1.80495225,2,7.219809,7.219809,3.053314,0.7633285,2,3.053314,3.053314,266.932101,211.49524775,1,50.805823,50.805823,1.182312,1.16972975,3,1.141273,1.141273,400000,100000,2,400000,400000,50000,12500,2,50000,50000,1,0.25,2,1,1,1,0.25,2,1,1,400000,100000,2,400000,400000,409600000,102400000,2,409600000,409600000,409600000,102400000,2,409600000,409600000,0.378554,0.415474,0.044349,82.685546,0.0341,122.594377,0.040709,0.0,0.0,0.104338,0.02029,122.102784,0.0,7.219809,3.053314,50.805823,1.141273,400000,50000,1,1,400000,409600000,409600000,,,,,,,,,,,,3160,0,3160,11763.595870099596,0.0,11763.595870099596,11763.595870099596
tiledb,node,256,0,cold,overlap_clustered_combined_12_5,100000,combined_12_5,clustered,2048,1,187.899359036237,1,False,413683712,0,15,2,17,413683712,94208,3160,2,3162,413683712,3160,2,1.039376545,400000,200000,50000,0.5,0.125,2.0,4,12500,50000,4.0,4,788,5344222208,12680769536,,,,,,,,,2ba0910f71c67d14737709a679d3f61541396496df427c5e6d019d6b197b208e,1,197,,1,0.414043,0.35488675000000003,3,0.258196,0.258196,0.105939,0.02648475,2,0.105939,0.105939,0.038019,0.00950475,2,0.038019,0.038019,0.01211,0.0092325,2,0.01211,0.01211,0.01464,0.00366,2,0.01464,0.01464,124.881731,31.22075775,2,124.881731,124.881731,0.039059,0.00976475,2,0.039059,0.039059,0.0,0.0,0,0.0,0.0,0.0,0.0,0,0.0,0.0,0.076829,0.01920725,2,0.076829,0.076829,0.018559,0.00463975,2,0.018559,0.018559,124.406749,31.10168725,2,124.406749,124.406749,0.0,0.0,0,0.0,0.0,7.21609,1.8040225,2,7.21609,7.21609,3.054664,0.763666,2,3.054664,3.054664,186.233894,150.9181235,1,50.807303,50.807303,1.182912,1.16731475,3,1.134273,1.134273,400000,100000,2,400000,400000,50000,12500,2,50000,50000,1,0.25,2,1,1,1,0.25,2,1,1,400000,100000,2,400000,400000,409600000,102400000,2,409600000,409600000,409600000,102400000,2,409600000,409600000,0.353964,0.0,0.0,0.00843,0.0,0.00053,0.0,0.0,0.0,0.0,0.0,0.0,0.0,0.0,0.0,186.233894,1.173642,0,0,0,0,0,0,0,,,,,,,,,,,,3160,2,3162,16817.51346150459,10.643995861711765,16828.157457366302,16828.157457366302
tiledb,node,256,0,cold,overlap_clustered_combined_12_5,100000,combined_12_5,clustered,2048,2,190.96459192223847,1,False,413523968,0,14,1,15,413523968,0,3159,0,3159,413523968,3159,0,1.041055073,400000,200000,50000,0.5,0.125,2.0,4,12500,50000,4.0,4,788,5344222208,12680818688,,,,,,,,,d42fd5add5b02c164d390790687ecf2b4baf06b18ad7453cabebaeccb8e7febb,1,197,,1,0.415884,0.3677195,3,0.260116,0.260116,0.104388,0.026097,2,0.104388,0.104388,0.0369,0.009225,2,0.0369,0.0369,0.01204,0.0088875,2,0.01204,0.01204,0.014919,0.00372975,2,0.014919,0.014919,128.005764,32.001836,2,128.005764,128.005764,0.0392,0.0098,2,0.0392,0.0392,0.0,0.0,0,0.0,0.0,0.0,0.0,0,0.0,0.0,0.080019,0.02000475,2,0.080019,0.080019,0.02362,0.005905,2,0.02362,0.02362,127.527241,31.88181025,2,127.527241,127.527241,0.0,0.0,0,0.0,0.0,7.21792,1.80448,2,7.21792,7.21792,3.034384,0.758596,2,3.034384,3.034384,189.280367,153.22125075,1,50.742574,50.742574,1.182382,1.1694122500000002,0,1.133733,1.133733,400000,100000,2,400000,400000,50000,12500,2,50000,50000,1,0.25,2,1,1,1,0.25,2,1,1,400000,100000,2,400000,400000,409600000,102400000,2,409600000,409600000,409600000,102400000,2,409600000,409600000,0.395124,0.0,0.0,0.00777,0.0,0.00078,0.0,0.0,0.0,0.0,0.0,0.0,0.0,0.0,0.0,189.280367,1.180772,0,0,0,0,0,0,0,,,,,,,,,,,,3159,0,3159,16542.333676634447,0.0,16542.333676634447,16542.333676634447
tiledb,node,256,0,cold,overlap_clustered_combined_12_5,100000,combined_12_5,clustered,2048,3,188.01975704263896,1,False,411529216,0,12,0,12,411529216,0,3143,0,3143,411529216,3143,0,1.013023348,400000,200000,50000,0.5,0.125,2.0,4,12500,50000,4.0,4,784,5344222208,12680896512,,,,,,,,,1868ae3f0978c6f66a29ea1d1f123fe88c527eff6adda8ef08474961e17c2c9b,1,196,,1,0.345754,0.31409775,3,0.247757,0.247757,0.104829,0.02620725,2,0.104829,0.104829,0.038939,0.00973475,2,0.038939,0.038939,0.01054,0.00872,2,0.01054,0.01054,0.01434,0.003585,2,0.01434,0.01434,125.116098,31.279411999999997,2,125.116098,125.116098,0.039259,0.00981475,2,0.039259,0.039259,0.0,0.0,0,0.0,0.0,0.0,0.0,0,0.0,0.0,0.067469,0.01686725,2,0.067469,0.067469,0.01893,0.0047325,2,0.01893,0.01893,124.631685,31.15792125,2,124.631685,124.631685,0.0,0.0,0,0.0,0.0,7.21822,1.804555,2,7.21822,7.21822,3.043353,0.76083825,2,3.043353,3.043353,186.383862,151.0908385,1,50.734364,50.734364,1.184102,1.17051225,1,1.139333,1.139333,400000,100000,2,400000,400000,50000,12500,2,50000,50000,1,0.25,2,1,1,1,0.25,2,1,1,400000,100000,2,400000,400000,409600000,102400000,2,409600000,409600000,409600000,102400000,2,409600000,409600000,0.335475,0.0,0.0,0.00807,0.0,0.00038,0.0,0.0,0.0,0.0,0.0,0.0,0.0,0.0,0.0,186.383862,1.184102,0,0,0,0,0,0,0,,,,,,,,,,,,3143,0,3143,16716.328376529244,0.0,16716.328376529244,16716.328376529244
tiledb,node,256,0,cold,overlap_clustered_combined_12_5,100000,combined_12_5,clustered,2048,4,190.3456610161811,2,True,411631616,0,12,0,12,411631616,0,3144,0,3144,411631616,3144,0,1.032849361,400000,200000,50000,0.5,0.125,2.0,4,12500,50000,4.0,4,784,5344222208,12680978432,,,,,,,,,dd821f2e5a2af1dc96ecaa69e54d44cceaefedbb956b67436cc06dc3a30f8f89,1,196,,1,0.409834,0.322778,3,0.310176,0.310176,0.109109,0.02727725,2,0.109109,0.109109,0.039249,0.00981225,2,0.039249,0.039249,0.01125,0.00937,2,0.01125,0.01125,0.01487,0.0037175,2,0.01487,0.01487,127.356444,31.839401,2,127.356444,127.356444,0.039469,0.00986725,2,0.039469,0.039469,0.0,0.0,0,0.0,0.0,0.0,0.0,0,0.0,0.0,0.069458,0.0173645,2,0.069458,0.069458,0.01819,0.0045475,2,0.01819,0.01819,126.879281,31.71982025,2,126.879281,126.879281,0.0,0.0,0,0.0,0.0,7.216039,1.80400975,2,7.216039,7.216039,3.043864,0.760966,2,3.043864,3.043864,188.663027,152.777313,3,50.765334,50.765334,1.175172,1.16529225,0,1.140893,1.140893,400000,100000,2,400000,400000,50000,12500,2,50000,50000,1,0.25,2,1,1,1,0.25,2,1,1,400000,100000,2,400000,400000,409600000,102400000,2,409600000,409600000,409600000,102400000,2,409600000,409600000,0.310176,0.109109,0.039249,0.01125,0.01487,127.356444,0.039469,0.0,0.0,0.069458,0.01819,126.879281,0.0,7.216039,3.043864,50.765334,1.140893,400000,50000,1,1,400000,409600000,409600000,,,,,,,,,,,,3144,0,3144,16517.318982820056,0.0,16517.318982820056,16517.318982820056
tiledb,node,256,0,cold,overlap_clustered_combined_6_25,100000,combined_6_25,clustered,2048,0,137.93960202019662,1,False,208199680,0,19,2,21,208199680,0,1592,0,1592,208199680,1592,0,0.688631343,400000,100000,25000,0.25,0.0625,4.0,4,6250,25000,4.0,4,396,5139422208,12949037056,,,,,,,,,84bb9c2acbf4e30809952e8de290bd1b9a7a25ced4c4fa43aca8df64b86fa1c3,1,99,,1,0.411724,0.36725474999999996,1,0.250947,0.250947,0.103629,0.02590725,2,0.103629,0.103629,0.040779,0.01019475,2,0.040779,0.040779,0.01158,0.0086875,2,0.01158,0.01158,0.00981,0.0024525,2,0.00981,0.00981,78.975893,19.74429575,2,78.975893,78.975893,0.02107,0.0052675,2,0.02107,0.02107,0.0,0.0,0,0.0,0.0,0.0,0.0,0,0.0,0.0,0.068909,0.01722725,2,0.068909,0.068909,0.01386,0.003465,2,0.01386,0.01386,78.51542,19.628855,2,78.51542,78.51542,0.0,0.0,0,0.0,0.0,3.632694,0.9081735,2,3.632694,3.632694,2.65886,0.664715,2,2.65886,2.65886,136.253368,113.50347550000001,1,50.714745,50.714745,1.182392,1.16823475,1,1.132473,1.132473,400000,100000,2,400000,400000,25000,6250,2,25000,25000,1,0.25,2,1,1,1,0.25,2,1,1,200000,50000,2,200000,200000,204800000,51200000,2,204800000,204800000,204800000,51200000,2,204800000,204800000,0.411724,0.0,0.0,0.00753,0.0,0.00045,0.0,0.0,0.0,0.0,0.0,0.0,0.0,0.0,0.0,136.253368,1.182392,0,0,0,0,0,0,0,,,,,,,,,,,,1592,0,1592,11541.283117279874,0.0,11541.283117279874,11541.283117279874
tiledb,node,256,0,cold,overlap_clustered_combined_6_25,100000,combined_6_25,clustered,2048,1,134.50391497462988,1,False,208015360,0,11,0,11,208015360,0,1590,0,1590,208015360,1590,0,0.667366065,400000,100000,25000,0.25,0.0625,4.0,4,6250,25000,4.0,4,396,5139422208,12949225472,,,,,,,,,099ae8b87add43962c93e78691747ffba91e00bc05c5e53b921aa00755634219,1,99,,1,0.355345,0.32378775,3,0.243656,0.243656,0.104098,0.0260245,2,0.104098,0.104098,0.03835,0.0095875,2,0.03835,0.03835,0.010209,0.0085865,2,0.010209,0.010209,0.01129,0.0028225,2,0.01129,0.01129,75.493327,18.873509249999998,2,75.493327,75.493327,0.0204,0.0051,2,0.0204,0.0204,0.0,0.0,0,0.0,0.0,0.0,0.0,0,0.0,0.0,0.067529,0.01688225,2,0.067529,0.067529,0.01296,0.00324,2,0.01296,0.01296,75.063842,18.7659605,2,75.063842,75.063842,0.0,0.0,0,0.0,0.0,3.630844,0.907711,2,3.630844,3.630844,2.666059,0.66651475,2,2.666059,2.666059,132.86809,110.88643575,1,50.814383,50.814383,1.184202,1.17291725,3,1.143723,1.143723,400000,100000,2,400000,400000,25000,6250,2,25000,25000,1,0.25,2,1,1,1,0.25,2,1,1,200000,50000,2,200000,200000,204800000,51200000,2,204800000,204800000,204800000,51200000,2,204800000,204800000,0.353605,0.0,0.0,0.007969,0.0,0.00025,0.0,0.0,0.0,0.0,0.0,0.0,0.0,0.0,0.0,132.86809,1.182252,0,0,0,0,0,0,0,,,,,,,,,,,,1590,0,1590,11821.217250813152,0.0,11821.217250813152,11821.217250813152
tiledb,node,256,0,cold,overlap_clustered_combined_6_25,100000,combined_6_25,clustered,2048,2,136.74325996544212,1,False,208113664,0,11,0,11,208113664,0,1590,0,1590,208113664,1590,0,0.68106749,400000,100000,25000,0.25,0.0625,4.0,4,6250,25000,4.0,4,396,5139422208,12949233664,,,,,,,,,e42ddac3a7a22b798994f0c89e738e5cc9c8871d8f39cffbaf0755d36ced77d7,1,99,,1,0.364685,0.32926525,3,0.244896,0.244896,0.103488,0.025872,2,0.103488,0.103488,0.037559,0.00938975,2,0.037559,0.037559,0.00953,0.0084125,2,0.00953,0.00953,0.01123,0.0028075,2,0.01123,0.01123,77.87401,19.468695,2,77.87401,77.87401,0.02045,0.0051125,2,0.02045,0.02045,0.0,0.0,0,0.0,0.0,0.0,0.0,0,0.0,0.0,0.064028,0.016007,2,0.064028,0.064028,0.01264,0.00316,2,0.01264,0.01264,77.444687,19.36117175,2,77.444687,77.444687,0.0,0.0,0,0.0,0.0,3.630015,0.90750375,2,3.630015,3.630015,2.666069,0.66651725,2,2.666069,2.666069,135.106136,112.66693624999999,1,50.670656,50.670656,1.180312,1.1680595,0,1.138112,1.138112,400000,100000,2,400000,400000,25000,6250,2,25000,25000,1,0.25,2,1,1,1,0.25,2,1,1,200000,50000,2,200000,200000,204800000,51200000,2,204800000,204800000,204800000,51200000,2,204800000,204800000,0.360345,0.0,0.0,0.00784,0.0,0.00026,0.0,0.0,0.0,0.0,0.0,0.0,0.0,0.0,0.0,135.106136,1.179142,0,0,0,0,0,0,0,,,,,,,,,,,,1590,0,1590,11627.629766921062,0.0,11627.629766921062,11627.629766921062
tiledb,node,256,0,cold,overlap_clustered_combined_6_25,100000,combined_6_25,clustered,2048,3,136.98054605629295,3,False,207953920,0,11,0,11,207953920,0,1589,0,1589,207953920,1589,0,0.681183373,400000,100000,25000,0.25,0.0625,4.0,4,6250,25000,4.0,4,396,5139422208,12949254144,,,,,,,,,7168199ecc7aa17e3f8896999ab5635300cd44be21ad77a24b3b3a2e3a687d8a,1,99,,1,0.359294,0.32626225000000003,1,0.245136,0.245136,0.103779,0.02594475,2,0.103779,0.103779,0.039919,0.00997975,2,0.039919,0.039919,0.00992,0.00839,2,0.00992,0.00992,0.01174,0.002935,2,0.01174,0.01174,77.985938,19.496642,2,77.985938,77.985938,0.021059,0.00526475,2,0.021059,0.021059,0.0,0.0,0,0.0,0.0,0.0,0.0,0,0.0,0.0,0.065609,0.01640225,2,0.065609,0.065609,0.01671,0.0041775,2,0.01671,0.01671,77.562495,19.39062375,2,77.562495,77.562495,0.0,0.0,0,0.0,0.0,3.629834,0.9074585,2,3.629834,3.629834,2.67101,0.6677525,2,2.67101,2.67101,135.343192,112.7864365,3,50.792614,50.792614,1.181152,1.1668645,3,1.135012,1.135012,400000,100000,2,400000,400000,25000,6250,2,25000,25000,1,0.25,2,1,1,1,0.25,2,1,1,200000,50000,2,200000,200000,204800000,51200000,2,204800000,204800000,204800000,51200000,2,204800000,204800000,0.359094,0.0,0.0,0.0079,0.0,0.0002,0.0,0.0,0.0,0.0,0.0,0.0,0.0,0.0,0.0,135.343192,1.181152,0,0,0,0,0,0,0,,,,,,,,,,,,1589,0,1589,11600.187367825145,0.0,11600.187367825145,11600.187367825145
tiledb,node,256,0,cold,overlap_clustered_combined_6_25,100000,combined_6_25,clustered,2048,4,137.95127195771784,1,False,208056320,0,11,0,11,208056320,0,1590,0,1590,208056320,1590,0,0.692189174,400000,100000,25000,0.25,0.0625,4.0,4,6250,25000,4.0,4,396,5139422208,12949270528,,,,,,,,,8aa2fb5e2d3dfdc0c2e2522404dc8e477e7bd2fbe1beff3a860df4674931c6a2,1,99,,1,0.370854,0.33401975,3,0.249026,0.249026,0.104998,0.0262495,2,0.104998,0.104998,0.03708,0.00927,2,0.03708,0.03708,0.00963,0.00834,2,0.00963,0.00963,0.011619,0.00290475,2,0.011619,0.011619,78.793726,19.6985865,2,78.793726,78.793726,0.0206,0.00515,2,0.0206,0.0206,0.0,0.0,0,0.0,0.0,0.0,0.0,0,0.0,0.0,0.066719,0.01667975,2,0.066719,0.066719,0.01257,0.0031425,2,0.01257,0.01257,78.367102,19.5917755,2,78.367102,78.367102,0.0,0.0,0,0.0,0.0,3.631995,0.90799875,2,3.631995,3.631995,2.676389,0.66909725,2,2.676389,2.676389,136.312517,113.46174625,1,50.944522,50.944522,1.183342,1.17011475,0,1.136683,1.136683,400000,100000,2,400000,400000,25000,6250,2,25000,25000,1,0.25,2,1,1,1,0.25,2,1,1,200000,50000,2,200000,200000,204800000,51200000,2,204800000,204800000,204800000,51200000,2,204800000,204800000,0.366404,0.0,0.0,0.00781,0.0,0.00022,0.0,0.0,0.0,0.0,0.0,0.0,0.0,0.0,0.0,136.312517,1.181042,0,0,0,0,0,0,0,,,,,,,,,,,,1590,0,1590,11525.808913797737,0.0,11525.808913797737,11525.808913797737
tiledb,node,256,0,cold,overlap_clustered_combined_3_125,100000,combined_3_125,clustered,2048,0,112.03688802197576,1,False,105213952,0,10,0,10,105213952,0,804,0,804,105213952,804,0,0.505977402,400000,50000,12500,0.125,0.03125,8.0,4,3125,12500,4.0,4,200,5037022208,13083422720,,,,,,,,,23539a2deec1b65b53470296a63def95404ee5e76bee94d9da27f6f7faaa4fa9,1,50,,1,0.416914,0.35523975,3,0.252316,0.252316,0.103858,0.0259645,2,0.103858,0.103858,0.037489,0.00937225,2,0.037489,0.037489,0.01254,0.00891975,2,0.01254,0.01254,0.00978,0.002445,2,0.00978,0.00978,54.889901,13.72268525,2,54.889901,54.889901,0.01134,0.002835,2,0.01134,0.01134,0.0,0.0,0,0.0,0.0,0.0,0.0,0,0.0,0.0,0.063779,0.01594475,2,0.063779,0.063779,0.01068,0.00267,2,0.01068,0.01068,54.593395,13.64834875,2,54.593395,54.593395,0.0,0.0,0,0.0,0.0,1.832442,0.4581105,2,1.832442,1.832442,2.549751,0.63743775,2,2.549751,2.549751,110.363403,93.99457600000001,1,50.820663,50.820663,1.181042,1.16986475,0,1.140873,1.140873,400000,100000,2,400000,400000,12500,3125,2,12500,12500,1,0.25,2,1,1,1,0.25,2,1,1,100000,25000,2,100000,100000,102400000,25600000,2,102400000,102400000,102400000,25600000,2,102400000,102400000,0.410374,0.0,0.0,0.00722,0.0,0.00025,0.0,0.0,0.0,0.0,0.0,0.0,0.0,0.0,0.0,110.363403,1.178582,0,0,0,0,0,0,0,,,,,,,,,,,,804,0,804,7176.2078918355655,0.0,7176.2078918355655,7176.2078918355655
tiledb,node,256,0,cold,overlap_clustered_combined_3_125,100000,combined_3_125,clustered,2048,1,111.94580898154527,1,False,105369600,0,17,1,18,105369600,0,807,0,807,105369600,807,0,0.512677235,400000,50000,12500,0.125,0.03125,8.0,4,3125,12500,4.0,4,200,5037022208,13083561984,,,,,,,,,dd735e702aab6a5ef4e078e005d31bae113c86702f38c9b08a1107977ef0c950,1,50,,1,0.346285,0.303958,3,0.239706,0.239706,0.103478,0.0258695,2,0.103478,0.103478,0.03725,0.0093125,2,0.03725,0.03725,0.00997,0.008575,2,0.00997,0.00997,0.00892,0.00223,2,0.00892,0.00892,54.876761,13.71939025,2,54.876761,54.876761,0.011019,0.00275475,2,0.011019,0.011019,0.0,0.0,0,0.0,0.0,0.0,0.0,0,0.0,0.0,0.062019000000000005,0.015504750000000001,2,0.062019000000000005,0.062019000000000005,0.00954,0.002385,2,0.00954,0.00954,54.499697,13.62492425,2,54.499697,54.499697,0.0,0.0,0,0.0,0.0,1.835502,0.4588755,2,1.835502,1.835502,2.537741,0.63443525,2,2.537741,2.537741,110.327914,93.96882875,1,50.827203,50.827203,1.177662,1.16555975,3,1.137443,1.137443,400000,100000,2,400000,400000,12500,3125,2,12500,12500,1,0.25,2,1,1,1,0.25,2,1,1,100000,25000,2,100000,100000,102400000,25600000,2,102400000,102400000,102400000,25600000,2,102400000,102400000,0.341385,0.0,0.0,0.00793,0.0,0.00022,0.0,0.0,0.0,0.0,0.0,0.0,0.0,0.0,0.0,110.327914,1.176302,0,0,0,0,0,0,0,,,,,,,,,,,,807,0,807,7208.845130888619,0.0,7208.845130888619,7208.845130888619
tiledb,node,256,0,cold,overlap_clustered_combined_3_125,100000,combined_3_125,clustered,2048,2,112.52923996653408,1,False,105185280,0,10,0,10,105185280,0,804,0,804,105185280,804,0,0.513074863,400000,50000,12500,0.125,0.03125,8.0,4,3125,12500,4.0,4,200,5037022208,13083561984,,,,,,,,,1f3440f1ece5472a09fa600f0d3b94e74502e6d5c62dacc3b9b56e7b9c63eade,1,50,,1,0.335245,0.299613,3,0.240746,0.240746,0.101848,0.025462,2,0.101848,0.101848,0.03648,0.00912,2,0.03648,0.03648,0.012369,0.0106345,1,0.010349,0.010349,0.00828,0.00207,2,0.00828,0.00828,55.544261,13.88639025,2,55.544261,55.544261,0.01075,0.0026875,2,0.01075,0.01075,0.0,0.0,0,0.0,0.0,0.0,0.0,0,0.0,0.0,0.060759,0.01518975,2,0.060759,0.060759,0.00865,0.0021625,2,0.00865,0.00865,55.202506,13.8006265,2,55.202506,55.202506,0.0,0.0,0,0.0,0.0,1.829122,0.4572805,2,1.829122,1.829122,2.538312,0.634578,2,2.538312,2.538312,110.922655,94.45841425,1,50.769064,50.769064,1.186471,1.169287,0,1.137883,1.137883,400000,100000,2,400000,400000,12500,3125,2,12500,12500,1,0.25,2,1,1,1,0.25,2,1,1,100000,25000,2,100000,100000,102400000,25600000,2,102400000,102400000,102400000,25600000,2,102400000,102400000,0.334455,0.0,0.0,0.012369,0.0,0.00041,0.0,0.0,0.0,0.0,0.0,0.0,0.0,0.0,0.0,110.922655,1.173892,0,0,0,0,0,0,0,,,,,,,,,,,,804,0,804,7144.809653376382,0.0,7144.809653376382,7144.809653376382
tiledb,node,256,0,cold,overlap_clustered_combined_3_125,100000,combined_3_125,clustered,2048,3,112.77180607430637,1,False,103190528,0,9,0,9,103190528,0,788,0,788,103190528,788,0,0.515819722,400000,50000,12500,0.125,0.03125,8.0,4,3125,12500,4.0,4,196,5037022208,13083553792,,,,,,,,,b85c5508b2843b381d9e27bae605a062858046c0dc876dbb271c5505b644d538,1,49,,1,0.332355,0.296918,3,0.242296,0.242296,0.102968,0.025742,2,0.102968,0.102968,0.036679,0.00916975,2,0.036679,0.036679,0.0096,0.00830475,2,0.0096,0.0096,0.00914,0.002285,2,0.00914,0.00914,55.849487,13.962669250000001,2,55.849487,55.849487,0.01081,0.0027025,2,0.01081,0.01081,0.0,0.0,0,0.0,0.0,0.0,0.0,0,0.0,0.0,0.062559,0.01563975,2,0.062559,0.062559,0.00939,0.0023475,2,0.00939,0.00939,55.488592,13.872148,2,55.488592,55.488592,0.0,0.0,0,0.0,0.0,1.835792,0.458948,2,1.835792,1.835792,2.545131,0.63628275,2,2.545131,2.545131,111.181841,94.70303025,1,50.695285,50.695285,1.182482,1.16533475,0,1.132853,1.132853,400000,100000,2,400000,400000,12500,3125,2,12500,12500,1,0.25,2,1,1,1,0.25,2,1,1,100000,25000,2,100000,100000,102400000,25600000,2,102400000,102400000,102400000,25600000,2,102400000,102400000,0.329685,0.0,0.0,0.007589,0.0,0.00045,0.0,0.0,0.0,0.0,0.0,0.0,0.0,0.0,0.0,111.181841,1.169652,0,0,0,0,0,0,0,,,,,,,,,,,,788,0,788,6987.562117084297,0.0,6987.562117084297,6987.562117084297
tiledb,node,256,0,cold,overlap_clustered_combined_3_125,100000,combined_3_125,clustered,2048,4,110.63400900457054,1,False,105390080,0,10,0,10,105390080,0,806,0,806,105390080,806,0,0.50337045,400000,50000,12500,0.125,0.03125,8.0,4,3125,12500,4.0,4,200,5037022208,13083570176,,,,,,,,,d096782fef9ffccf811ca1387bca6e2ec7ceddfe8a93f2d44027c449f3b9c1a2,1,50,,1,0.339685,0.30634275,3,0.243646,0.243646,0.103728,0.025932,2,0.103728,0.103728,0.03885,0.0097125,2,0.03885,0.03885,0.00983,0.00844,2,0.00983,0.00983,0.009399,0.00234975,2,0.009399,0.009399,53.584362,13.396412999999999,2,53.584362,53.584362,0.0109,0.002725,2,0.0109,0.0109,0.0,0.0,0,0.0,0.0,0.0,0.0,0,0.0,0.0,0.061409,0.01535225,2,0.061409,0.061409,0.00967,0.0024175,2,0.00967,0.00967,53.224647,13.30616175,2,53.224647,53.224647,0.0,0.0,0,0.0,0.0,1.834012,0.458503,2,1.834012,1.834012,2.536431,0.63410775,2,2.536431,2.536431,109.030543,93.01351825,1,50.817594,50.817594,1.180242,1.16770475,0,1.141962,1.141962,400000,100000,2,400000,400000,12500,3125,2,12500,12500,1,0.25,2,1,1,1,0.25,2,1,1,100000,25000,2,100000,100000,102400000,25600000,2,102400000,102400000,102400000,25600000,2,102400000,102400000,0.337625,0.0,0.0,0.00788,0.0,0.00042,0.0,0.0,0.0,0.0,0.0,0.0,0.0,0.0,0.0,109.030543,1.174503,0,0,0,0,0,0,0,,,,,,,,,,,,806,0,806,7285.282412270736,0.0,7285.282412270736,7285.282412270736
tiledb,node,256,0,cold,overlap_clustered_stress_1,100000,stress_1,clustered,2048,0,74.31194407399744,1,False,36093952,0,9,0,9,36093952,0,276,0,276,36093952,276,0,0.316363678,400000,16000,4000,0.04,0.01,25.0,4,1000,4000,4.0,4,68,4967390208,13116981248,,,,,,,,,a2c4b3b8e2fdd4b2e2e10a92c5cb5282f0630ea1798ef3c2f9fbb20a2af67363,1,17,,1,0.357095,0.3158255,1,0.227587,0.227587,0.101248,0.025312,2,0.101248,0.101248,0.03619,0.0090475,2,0.03619,0.03619,0.011139,0.00859725,2,0.011139,0.011139,0.00764,0.00191,2,0.00764,0.00764,18.862672,4.7157755,2,18.862672,18.862672,0.00451,0.0011275,2,0.00451,0.00451,0.0,0.0,0,0.0,0.0,0.0,0.0,0,0.0,0.0,0.03744,0.00936,2,0.03744,0.03744,0.00449,0.0011225,2,0.00449,0.00449,18.743504,4.685876,2,18.743504,18.743504,0.0,0.0,0,0.0,0.0,0.587061,0.14676525,2,0.587061,0.587061,2.389924,0.597481,2,2.389924,2.389924,72.701989,65.78359999999999,1,50.647747,50.647747,1.178132,1.165487,3,1.135982,1.135982,400000,100000,2,400000,400000,4000,1000,2,4000,4000,1,0.25,2,1,1,1,0.25,2,1,1,32000,8000,2,32000,32000,32768000,8192000,2,32768000,32768000,32768000,8192000,2,32768000,32768000,0.357095,0.0,0.0,0.00758,0.0,0.00013,0.0,0.0,0.0,0.0,0.0,0.0,0.0,0.0,0.0,72.701989,1.170712,0,0,0,0,0,0,0,,,,,,,,,,,,276,0,276,3714.0732010074735,0.0,3714.0732010074735,3714.0732010074735
tiledb,node,256,0,cold,overlap_clustered_stress_1,100000,stress_1,clustered,2048,1,73.61606496851891,3,False,35934208,0,9,0,9,35934208,0,275,0,275,35934208,275,0,0.31265038,400000,16000,4000,0.04,0.01,25.0,4,1000,4000,4.0,4,68,4967390208,13116985344,,,,,,,,,db91bdaebcd0e69de86822aedf9b846e1387b455c9a7b47d61aec4a8c1d88519,1,17,,1,0.219736,0.209639,3,0.209267,0.209267,0.100958,0.0252395,2,0.100958,0.100958,0.03083,0.0077075,2,0.03083,0.03083,0.00806,0.007835,2,0.00806,0.00806,0.007209,0.00180225,2,0.007209,0.007209,18.240702,4.560347999999999,2,18.240702,18.240702,0.00409,0.0010225,2,0.00409,0.00409,0.0,0.0,0,0.0,0.0,0.0,0.0,0,0.0,0.0,0.02444,0.00611,2,0.02444,0.02444,0.00294,0.000735,2,0.00294,0.00294,18.069214,4.5173035,2,18.069214,18.069214,0.0,0.0,0,0.0,0.0,0.594841,0.14871025,2,0.594841,0.594841,2.463322,0.6158305,2,2.463322,2.463322,72.129778,65.4080405,3,50.637366,50.637366,1.183502,1.16594475,1,1.129893,1.129893,400000,100000,2,400000,400000,4000,1000,2,4000,4000,1,0.25,2,1,1,1,0.25,2,1,1,32000,8000,2,32000,32000,32768000,8192000,2,32768000,32768000,32768000,8192000,2,32768000,32768000,0.219736,0.0,0.0,0.00788,0.0,0.00024,0.0,0.0,0.0,0.0,0.0,0.0,0.0,0.0,0.0,72.129778,1.171482,0,0,0,0,0,0,0,,,,,,,,,,,,275,0,275,3735.597659527179,0.0,3735.597659527179,3735.597659527179
tiledb,node,256,0,cold,overlap_clustered_stress_1,100000,stress_1,clustered,2048,2,72.67750904429704,1,False,33996800,0,17,2,19,33996800,0,262,0,262,33996800,262,0,0.306820086,400000,16000,4000,0.04,0.01,25.0,4,1000,4000,4.0,4,64,4967390208,13117026304,,,,,,,,,433351ebbc526cfbffd56af38f1c1e44f3aa076854688f6acd3fff540d67bdb5,1,16,,1,0.238766,0.2247665,3,0.215967,0.215967,0.099899,0.02497475,2,0.099899,0.099899,0.033999,0.00849975,2,0.033999,0.033999,0.00846,0.00813,2,0.00846,0.00846,0.00717,0.0017925,2,0.00717,0.00717,17.241597,4.31055425,2,17.241597,17.241597,0.00431,0.0010775,2,0.00431,0.00431,0.0,0.0,0,0.0,0.0,0.0,0.0,0,0.0,0.0,0.030949,0.00773725,2,0.030949,0.030949,0.00302,0.000755,2,0.00302,0.00302,17.098319,4.27457975,2,17.098319,17.098319,0.0,0.0,0,0.0,0.0,0.588331,0.14708275,2,0.588331,0.588331,2.379543,0.59488575,2,2.379543,2.379543,71.165942,64.62911249999999,1,50.754605,50.754605,1.179072,1.165477,1,1.137602,1.137602,400000,100000,2,400000,400000,4000,1000,2,4000,4000,1,0.25,2,1,1,1,0.25,2,1,1,32000,8000,2,32000,32000,32768000,8192000,2,32768000,32768000,32768000,8192000,2,32768000,32768000,0.237126,0.0,0.0,0.0078,0.0,0.00021,0.0,0.0,0.0,0.0,0.0,0.0,0.0,0.0,0.0,71.165942,1.179072,0,0,0,0,0,0,0,,,,,,,,,,,,262,0,262,3604.9667007754856,0.0,3604.9667007754856,3604.9667007754856
tiledb,node,256,0,cold,overlap_clustered_stress_1,100000,stress_1,clustered,2048,3,72.12323800195009,1,False,34070528,0,9,0,9,34070528,0,260,0,260,34070528,260,0,0.305079297,400000,16000,4000,0.04,0.01,25.0,4,1000,4000,4.0,4,64,4967390208,13117022208,,,,,,,,,8ac78a257781d9fdb9dc9b8e82f774322fe2329139601e87ca7b4a1d00f208a4,1,16,,1,0.226826,0.2138265,3,0.211147,0.211147,0.099748,0.024937,2,0.099748,0.099748,0.03085,0.0077125,2,0.03085,0.03085,0.00828,0.00797,2,0.00828,0.00828,0.005359,0.00133975,2,0.005359,0.005359,16.876593,4.21937325,2,16.876593,16.876593,0.00426,0.001065,2,0.00426,0.00426,0.0,0.0,0,0.0,0.0,0.0,0.0,0,0.0,0.0,0.02639,0.0065975,2,0.02639,0.02639,0.00297,0.0007425,2,0.00297,0.00297,16.732604,4.183151,2,16.732604,16.732604,0.0,0.0,0,0.0,0.0,0.588051,0.14701275,2,0.588051,0.588051,2.384643,0.59616075,2,2.384643,2.384643,70.636021,64.28717775,1,50.598047,50.598047,1.177772,1.166117,0,1.136252,1.136252,400000,100000,2,400000,400000,4000,1000,2,4000,4000,1,0.25,2,1,1,1,0.25,2,1,1,32000,8000,2,32000,32000,32768000,8192000,2,32768000,32768000,32768000,8192000,2,32768000,32768000,0.219136,0.0,0.0,0.00772,0.0,0.00027,0.0,0.0,0.0,0.0,0.0,0.0,0.0,0.0,0.0,70.636021,1.176912,0,0,0,0,0,0,0,,,,,,,,,,,,260,0,260,3604.940754226399,0.0,3604.940754226399,3604.940754226399
tiledb,node,256,0,cold,overlap_clustered_stress_1,100000,stress_1,clustered,2048,4,72.4765119375661,1,False,33910784,0,10,1,11,33910784,0,259,0,259,33910784,259,0,0.296807485,400000,16000,4000,0.04,0.01,25.0,4,1000,4000,4.0,4,64,4967390208,13117026304,,,,,,,,,fa56805010965a551d918947a5c97d69553e8b18cc05129fd376495ae544c8b0,1,16,,1,0.222697,0.21232425,3,0.211816,0.211816,0.101018,0.0252545,2,0.101018,0.101018,0.03061,0.0076525,2,0.03061,0.03061,0.00838,0.0079545,2,0.00838,0.00838,0.00712,0.00178,2,0.00712,0.00712,17.109148,4.2774295,2,17.109148,17.109148,0.00413,0.0010325,2,0.00413,0.00413,0.0,0.0,0,0.0,0.0,0.0,0.0,0,0.0,0.0,0.026379,0.00659475,2,0.026379,0.026379,0.00281,0.0007025,2,0.00281,0.00281,16.971901,4.24297525,2,16.971901,16.971901,0.0,0.0,0,0.0,0.0,0.589051,0.14726275,2,0.589051,0.589051,2.389964,0.597491,2,2.389964,2.389964,70.991495,64.4942595,1,50.704815,50.704815,1.175192,1.163897,1,1.136872,1.136872,400000,100000,2,400000,400000,4000,1000,2,4000,4000,1,0.25,2,1,1,1,0.25,2,1,1,32000,8000,2,32000,32000,32768000,8192000,2,32768000,32768000,32768000,8192000,2,32768000,32768000,0.222667,0.0,0.0,0.00753,0.0,0.00019,0.0,0.0,0.0,0.0,0.0,0.0,0.0,0.0,0.0,70.991495,1.175192,0,0,0,0,0,0,0,,,,,,,,,,,,259,0,259,3573.571534776839,0.0,3573.571534776839,3573.571534776839
tiledb,node,256,0,warm,overlap_clustered_independent,100000,independent,clustered,2048,0,436.2587840296328,0,False,0,0,45,0,45,0,0,0,0,0,0,0,0,3.685779717,400000,400000,400000,1.0,1.0,1.0,1,100000,400000,4.0,4,1566,8212470784,13128044544,,,,,,,,,002a640dafb29725a6a96ab7d6e3787f95da0dd1a6e978e5e2409dbb27763dcb,1,1563,,1,0.407054,0.30240775,3,0.256656,0.256656,0.107519,0.02687975,1,0.107519,0.107519,0.037889,0.00947225,1,0.037889,0.037889,0.01289,0.0111775,1,0.01289,0.01289,0.063819,0.01595475,1,0.063819,0.063819,321.356159,80.33960725,1,321.356159,321.356159,0.315555,0.07888875,1,0.315555,0.315555,0.0,0.0,0,0.0,0.0,0.0,0.0,0,0.0,0.0,0.083089,0.02077225,1,0.083089,0.083089,0.101188,0.025297,1,0.101188,0.101188,272.038463,68.00961575,1,272.038463,272.038463,0.0,0.0,0,0.0,0.0,57.439332,14.359833,1,57.439332,57.439332,4.659059,1.16476475,1,4.659059,4.659059,434.547209,337.17105475,0,50.786433,50.786433,1.225081,1.182077,3,1.137263,1.137263,400000,100000,1,400000,400000,400000,100000,1,400000,400000,1,0.25,1,1,1,1,0.25,1,1,1,3200000,800000,1,3200000,3200000,3276800000,819200000,1,3276800000,3276800000,3276800000,819200000,1,3276800000,3276800000,0.254176,0.0,0.0,0.01162,0.0,0.00078,0.0,0.0,0.0,0.0,0.0,0.0,0.0,0.0,0.0,434.547209,1.183982,0,0,0,0,0,0,0,,,,,,,,,,,,0,0,0,0.0,0.0,0.0,0.0
tiledb,node,256,0,warm,overlap_clustered_independent,100000,independent,clustered,2048,1,430.254514911212,0,False,0,0,50,4,54,0,0,0,0,0,0,0,0,3.613063505,400000,400000,400000,1.0,1.0,1.0,1,100000,400000,4.0,4,1566,8212470784,13132996608,,,,,,,,,6bb974abc81f2ba6ba920f70674eedb9c3e3f8ea3b84bc4f945db32bf1a803fb,1,1563,,1,0.354334,0.2751755,2,0.282425,0.282425,0.107278,0.0268195,1,0.107278,0.107278,0.03775,0.0094375,1,0.03775,0.03775,0.01051,0.00930475,1,0.01051,0.01051,0.064799,0.01619975,1,0.064799,0.064799,315.357011,78.84001775,1,315.357011,315.357011,0.311815,0.07795375,1,0.311815,0.311815,0.0,0.0,0,0.0,0.0,0.0,0.0,0,0.0,0.0,0.082698,0.0206745,1,0.082698,0.082698,0.100259,0.02506475,1,0.100259,0.100259,266.239731,66.55993275,1,266.239731,266.239731,0.0,0.0,0,0.0,0.0,57.420352,14.355088,1,57.420352,57.420352,4.58692,1.14673,1,4.58692,4.58692,428.545981,332.6396845,0,50.850563,50.850563,1.200842,1.17851225,0,1.136333,1.136333,400000,100000,1,400000,400000,400000,100000,1,400000,400000,1,0.25,1,1,1,1,0.25,1,1,1,3200000,800000,1,3200000,3200000,3276800000,819200000,1,3276800000,3276800000,3276800000,819200000,1,3276800000,3276800000,0.233756,0.0,0.0,0.00919,0.0,0.00108,0.0,0.0,0.0,0.0,0.0,0.0,0.0,0.0,0.0,428.545981,1.200842,0,0,0,0,0,0,0,,,,,,,,,,,,0,0,0,0.0,0.0,0.0,0.0
tiledb,node,256,0,warm,overlap_clustered_independent,100000,independent,clustered,2048,2,449.093876988627,1,True,0,0,46,0,46,0,0,0,0,0,0,0,0,3.745406978,400000,400000,400000,1.0,1.0,1.0,1,100000,400000,4.0,4,1566,8212470784,13133062144,,,,,,,,,41422c75c4dda92bcc06e098a7ee0ba259d011dfc01c75876317611df0d0077a,1,1563,,1,0.350425,0.27880325,2,0.307056,0.307056,0.107489,0.02687225,1,0.107489,0.107489,0.038239,0.00955975,1,0.038239,0.038239,0.00958,0.0091325,3,0.00921,0.00921,0.064919,0.01622975,1,0.064919,0.064919,334.37542,83.5945325,1,334.37542,334.37542,0.312695,0.07817375,1,0.312695,0.312695,0.0,0.0,0,0.0,0.0,0.0,0.0,0,0.0,0.0,0.082349,0.02058725,1,0.082349,0.082349,0.098569,0.02464225,1,0.098569,0.098569,275.47164,68.86791,1,275.47164,275.47164,0.0,0.0,0,0.0,0.0,57.441123,14.36028075,1,57.441123,57.441123,4.58242,1.145605,1,4.58242,4.58242,447.403873,346.87778675,0,50.700355,50.700355,1.223291,1.1829645,3,1.136643,1.136643,400000,100000,1,400000,400000,400000,100000,1,400000,400000,1,0.25,1,1,1,1,0.25,1,1,1,3200000,800000,1,3200000,3200000,3276800000,819200000,1,3276800000,3276800000,3276800000,819200000,1,3276800000,3276800000,0.307056,0.107489,0.038239,0.00921,0.064919,334.37542,0.312695,0.0,0.0,0.082349,0.098569,275.47164,0.0,57.441123,4.58242,50.700355,1.136643,400000,400000,1,1,3200000,3276800000,3276800000,,,,,,,,,,,,0,0,0,0.0,0.0,0.0,0.0
tiledb,node,256,0,warm,overlap_clustered_independent,100000,independent,clustered,2048,3,428.8218569708988,0,False,0,0,49,4,53,0,0,0,0,0,0,0,0,3.351740855,400000,400000,400000,1.0,1.0,1.0,1,100000,400000,4.0,4,1566,8212470784,13133123584,,,,,,,,,2b6864e7f00fc67d81f3a5cb8ddfc814fb6fac85c10272979ef0a8412053f4be,1,1563,,1,0.348554,0.275748,2,0.253356,0.253356,0.106719,0.02667975,1,0.106719,0.106719,0.037669,0.00941725,1,0.037669,0.037669,0.01044,0.0090375,1,0.01044,0.01044,0.065049,0.01626225,1,0.065049,0.065049,314.174229,78.54427975,1,314.174229,314.174229,0.307815,0.07695375,1,0.307815,0.307815,0.0,0.0,0,0.0,0.0,0.0,0.0,0,0.0,0.0,0.079859,0.01996475,1,0.079859,0.079859,0.107228,0.026807,1,0.107228,0.107228,255.718342,63.9295855,1,255.718342,255.718342,0.0,0.0,0,0.0,0.0,57.414583,14.35364575,1,57.414583,57.414583,4.57128,1.14282,1,4.57128,4.57128,427.138582,331.6850585,0,50.671136,50.671136,1.191082,1.176367,3,1.144162,1.144162,400000,100000,1,400000,400000,400000,100000,1,400000,400000,1,0.25,1,1,1,1,0.25,1,1,1,3200000,800000,1,3200000,3200000,3276800000,819200000,1,3276800000,3276800000,3276800000,819200000,1,3276800000,3276800000,0.242186,0.0,0.0,0.00896,0.0,0.0013,0.0,0.0,0.0,0.0,0.0,0.0,0.0,0.0,0.0,427.138582,1.182032,0,0,0,0,0,0,0,,,,,,,,,,,,0,0,0,0.0,0.0,0.0,0.0
tiledb,node,256,0,warm,overlap_clustered_independent,100000,independent,clustered,2048,4,442.3581500304863,2,False,0,0,46,0,46,0,0,0,0,0,0,0,0,3.7285297049999997,400000,400000,400000,1.0,1.0,1.0,1,100000,400000,4.0,4,1567,8212470784,13133209600,,,,,,,,,57c2024bc3c00839323cd98729719070cc74a7ab62003f8180dcb78f3ddfb0b2,1,1564,,1,0.327805,0.26492075,2,0.245836,0.245836,0.107518,0.0268795,1,0.107518,0.107518,0.03804,0.00951,1,0.03804,0.03804,0.01014,0.009097000000000001,1,0.01014,0.01014,0.065769,0.01644225,1,0.065769,0.065769,327.553844,81.8891485,1,327.553844,327.553844,0.310505,0.07762625,1,0.310505,0.310505,0.0,0.0,0,0.0,0.0,0.0,0.0,0,0.0,0.0,0.080819,0.02020475,1,0.080819,0.080819,0.108458,0.0271145,1,0.108458,0.108458,278.904418,69.7261045,1,278.904418,278.904418,0.0,0.0,0,0.0,0.0,57.439263,14.35981575,1,57.439263,57.439263,4.57366,1.143415,1,4.57366,4.57366,440.730725,341.81545675,2,50.835613,50.835613,1.187442,1.175877,3,1.142392,1.142392,400000,100000,1,400000,400000,400000,100000,1,400000,400000,1,0.25,1,1,1,1,0.25,1,1,1,3200000,800000,1,3200000,3200000,3276800000,819200000,1,3276800000,3276800000,3276800000,819200000,1,3276800000,3276800000,0.327805,0.0,0.0,0.0077,0.0,0.0006,0.0,0.0,0.0,0.0,0.0,0.0,0.0,0.0,0.0,440.730725,1.187192,0,0,0,0,0,0,0,,,,,,,,,,,,0,0,0,0.0,0.0,0.0,0.0
tiledb,node,256,0,warm,overlap_clustered_cross_rank_25,100000,cross_rank_25,clustered,2048,0,231.94972495548427,0,False,0,0,17,0,17,0,0,0,0,0,0,0,0,1.573631769,400000,400000,100000,1.0,0.25,1.0,4,25000,100000,4.0,4,1568,5753822208,13126500352,,,,,,,,,1ef431b664d23cfba7bfef6ecbd96dfe4a579d98a1dede3574d832df1ab6904d,1,392,,1,0.64029,0.35472225,0,0.260666,0.260666,0.106648,0.026662,1,0.106648,0.106648,0.03898,0.009745,1,0.03898,0.03898,0.01242,0.01070975,1,0.01242,0.01242,0.022149,0.00553725,1,0.022149,0.022149,160.224432,40.05670025,1,160.224432,160.224432,0.078829,0.01970725,1,0.078829,0.078829,0.0,0.0,0,0.0,0.0,0.0,0.0,0,0.0,0.0,0.078189,0.01954725,1,0.078189,0.078189,0.03278,0.008195,1,0.03278,0.03278,111.643923,27.91098075,1,111.643923,111.643923,0.0,0.0,0,0.0,0.0,14.38752,3.59688,1,14.38752,14.38752,4.234255,1.05856375,1,4.234255,4.234255,229.897117,183.674031,0,50.781024,50.781024,1.186042,1.17289975,0,1.146283,1.146283,400000,100000,1,400000,400000,100000,25000,1,100000,100000,1,0.25,1,1,1,1,0.25,1,1,1,800000,200000,1,800000,800000,819200000,204800000,1,819200000,819200000,819200000,204800000,1,819200000,819200000,0.64029,0.0,0.0,0.00967,0.0,0.00089,0.0,0.0,0.0,0.0,0.0,0.0,0.0,0.0,0.0,229.897117,1.186042,0,0,0,0,0,0,0,,,,,,,,,,,,0,0,0,0.0,0.0,0.0,0.0
tiledb,node,256,0,warm,overlap_clustered_cross_rank_25,100000,cross_rank_25,clustered,2048,1,230.0165049964562,0,False,0,0,17,0,17,0,0,0,0,0,0,0,0,1.693885544,400000,400000,100000,1.0,0.25,1.0,4,25000,100000,4.0,4,1568,5753822208,13126500352,,,,,,,,,8b620a11217e3ec9028aff7bab338a87c8610543271627b8966301d4f2de2786,1,392,,1,0.368664,0.314855,2,0.257396,0.257396,0.106808,0.026702,1,0.106808,0.106808,0.04251,0.0106275,1,0.04251,0.04251,0.012029,0.0104345,1,0.012029,0.012029,0.02287,0.0057175,1,0.02287,0.02287,158.625096,39.6568515,1,158.625096,158.625096,0.077589,0.01939725,1,0.077589,0.077589,0.0,0.0,0,0.0,0.0,0.0,0.0,0,0.0,0.0,0.083838,0.0209595,1,0.083838,0.083838,0.03148,0.00787,1,0.03148,0.03148,107.694835,26.92370875,1,107.694835,107.694835,0.0,0.0,0,0.0,0.0,14.38945,3.5973625,1,14.38945,14.38945,4.244955,1.06123875,1,4.244955,4.244955,228.236542,182.47330399999998,0,50.693005,50.693005,1.205971,1.1766619999999999,0,1.131113,1.131113,400000,100000,1,400000,400000,100000,25000,1,100000,100000,1,0.25,1,1,1,1,0.25,1,1,1,800000,200000,1,800000,800000,819200000,204800000,1,819200000,819200000,819200000,204800000,1,819200000,819200000,0.313625,0.0,0.0,0.00951,0.0,0.00062,0.0,0.0,0.0,0.0,0.0,0.0,0.0,0.0,0.0,228.236542,1.205971,0,0,0,0,0,0,0,,,,,,,,,,,,0,0,0,0.0,0.0,0.0,0.0
tiledb,node,256,0,warm,overlap_clustered_cross_rank_25,100000,cross_rank_25,clustered,2048,2,229.1006890591234,0,False,0,0,17,0,17,0,0,0,0,0,0,0,0,1.7008209369999998,400000,400000,100000,1.0,0.25,1.0,4,25000,100000,4.0,4,1568,5753822208,13126795264,,,,,,,,,5aed05750d6eb4725ef15c817b5658e9c16e32fc25bdb6bd3f104c68a37c49ec,1,392,,1,0.347814,0.316965,2,0.256786,0.256786,0.106179,0.02654475,1,0.106179,0.106179,0.039129,0.00978225,1,0.039129,0.039129,0.01098,0.0090825,1,0.01098,0.01098,0.022199,0.00554975,1,0.022199,0.022199,157.71802,39.430165,1,157.71802,157.71802,0.078049,0.01951225,1,0.078049,0.078049,0.0,0.0,0,0.0,0.0,0.0,0.0,0,0.0,0.0,0.085919,0.02147975,1,0.085919,0.085919,0.031,0.00775,1,0.031,0.031,107.662414,26.9156035,1,107.662414,107.662414,0.0,0.0,0,0.0,0.0,14.386841,3.59671025,1,14.386841,14.386841,4.242635,1.06065875,1,4.242635,4.242635,227.397575,181.77485725,0,50.790494,50.790494,1.184391,1.1697342499999999,3,1.138582,1.138582,400000,100000,1,400000,400000,100000,25000,1,100000,100000,1,0.25,1,1,1,1,0.25,1,1,1,800000,200000,1,800000,800000,819200000,204800000,1,819200000,819200000,819200000,204800000,1,819200000,819200000,0.347225,0.0,0.0,0.0087,0.0,0.00083,0.0,0.0,0.0,0.0,0.0,0.0,0.0,0.0,0.0,227.397575,1.175672,0,0,0,0,0,0,0,,,,,,,,,,,,0,0,0,0.0,0.0,0.0,0.0
tiledb,node,256,0,warm,overlap_clustered_cross_rank_25,100000,cross_rank_25,clustered,2048,3,229.77322898805141,0,False,0,0,19,2,21,0,0,0,0,0,0,0,0,1.6950328510000001,400000,400000,100000,1.0,0.25,1.0,4,25000,100000,4.0,4,1568,5753822208,13126533120,,,,,,,,,8e39e3c9f8232d5ab505c076825beede285e70d8d4457f3e09b9122ed88f2a0d,1,392,,1,0.402944,0.32716275,0,0.259856,0.259856,0.106618,0.0266545,1,0.106618,0.106618,0.03993,0.0099825,1,0.03993,0.03993,0.01088,0.0089025,1,0.01088,0.01088,0.022419,0.00560475,1,0.022419,0.022419,158.331241,39.58316775,1,158.331241,158.331241,0.077879,0.01946975,1,0.077879,0.077879,0.0,0.0,0,0.0,0.0,0.0,0.0,0,0.0,0.0,0.082219,0.02055475,1,0.082219,0.082219,0.03099,0.0077475,1,0.03099,0.03099,107.415478,26.8538695,1,107.415478,107.415478,0.0,0.0,0,0.0,0.0,14.38943,3.5973575,1,14.38943,14.38943,4.245685,1.06142125,1,4.245685,4.245685,228.064504,182.2919065,0,50.818154,50.818154,1.187302,1.172172,2,1.130212,1.130212,400000,100000,1,400000,400000,100000,25000,1,100000,100000,1,0.25,1,1,1,1,0.25,1,1,1,800000,200000,1,800000,800000,819200000,204800000,1,819200000,819200000,819200000,204800000,1,819200000,819200000,0.402944,0.0,0.0,0.00809,0.0,0.00032,0.0,0.0,0.0,0.0,0.0,0.0,0.0,0.0,0.0,228.064504,1.184182,0,0,0,0,0,0,0,,,,,,,,,,,,0,0,0,0.0,0.0,0.0,0.0
tiledb,node,256,0,warm,overlap_clustered_cross_rank_25,100000,cross_rank_25,clustered,2048,4,235.67771795205772,0,False,0,0,19,2,21,0,0,0,0,0,0,0,0,1.7152356530000001,400000,400000,100000,1.0,0.25,1.0,4,25000,100000,4.0,4,1568,5753822208,13126549504,,,,,,,,,de6726a9748611993943992c84bc562a0e510bc946cae28495b41c954d4d3d2a,1,392,,1,0.372324,0.31228775,0,0.249836,0.249836,0.107038,0.0267595,1,0.107038,0.107038,0.03815,0.0095375,1,0.03815,0.03815,0.011439,0.00918925,1,0.011439,0.011439,0.02211,0.0055275,1,0.02211,0.02211,164.315369,41.07936225,1,164.315369,164.315369,0.076759,0.01918975,1,0.076759,0.076759,0.0,0.0,0,0.0,0.0,0.0,0.0,0,0.0,0.0,0.079649,0.01991225,1,0.079649,0.079649,0.03124,0.00781,1,0.03124,0.03124,105.918061,26.47951525,1,105.918061,105.918061,0.0,0.0,0,0.0,0.0,14.39427,3.5985675,1,14.39427,14.39427,4.253485,1.06337125,1,4.253485,4.253485,234.008404,186.73683925,0,50.763085,50.763085,1.186992,1.17450425,3,1.144932,1.144932,400000,100000,1,400000,400000,100000,25000,1,100000,100000,1,0.25,1,1,1,1,0.25,1,1,1,800000,200000,1,800000,800000,819200000,204800000,1,819200000,819200000,819200000,204800000,1,819200000,819200000,0.372324,0.0,0.0,0.00839,0.0,0.00046,0.0,0.0,0.0,0.0,0.0,0.0,0.0,0.0,0.0,234.008404,1.184251,0,0,0,0,0,0,0,,,,,,,,,,,,0,0,0,0.0,0.0,0.0,0.0
tiledb,node,256,0,warm,overlap_clustered_within_rank_25,100000,within_rank_25,clustered,2048,0,247.70692398305982,0,False,0,0,19,2,21,0,0,0,0,0,0,0,0,1.670165404,400000,100000,100000,0.25,0.25,4.0,1,25000,100000,4.0,4,395,5753822208,13126672384,,,,,,,,,1ef431b664d23cfba7bfef6ecbd96dfe4a579d98a1dede3574d832df1ab6904d,1,392,,1,0.406284,0.3069255,0,0.247706,0.247706,0.105528,0.026382,1,0.105528,0.105528,0.039349,0.00983725,1,0.039349,0.039349,0.01271,0.00977475,1,0.01271,0.01271,0.02223,0.0055575,1,0.02223,0.02223,177.681895,44.42097125,1,177.681895,177.681895,0.078079,0.01951975,1,0.078079,0.078079,0.0,0.0,0,0.0,0.0,0.0,0.0,0,0.0,0.0,0.07839900000000001,0.019599750000000003,1,0.07839900000000001,0.07839900000000001,0.032729,0.00818225,1,0.032729,0.032729,119.821769,29.95544225,1,119.821769,119.821769,0.0,0.0,0,0.0,0.0,14.38808,3.59702,1,14.38808,14.38808,2.988774,0.7471935,1,2.988774,2.988774,246.021201,195.83998525,0,50.685996,50.685996,1.194372,1.17341725,3,1.136383,1.136383,400000,100000,1,400000,400000,100000,25000,1,100000,100000,1,0.25,1,1,1,1,0.25,1,1,1,800000,200000,1,800000,800000,819200000,204800000,1,819200000,819200000,819200000,204800000,1,819200000,819200000,0.406284,0.0,0.0,0.007819,0.0,0.00054,0.0,0.0,0.0,0.0,0.0,0.0,0.0,0.0,0.0,246.021201,1.177192,0,0,0,0,0,0,0,,,,,,,,,,,,0,0,0,0.0,0.0,0.0,0.0
tiledb,node,256,0,warm,overlap_clustered_within_rank_25,100000,within_rank_25,clustered,2048,1,231.92684596870095,0,False,0,0,19,2,21,0,0,0,0,0,0,0,0,1.710800445,400000,100000,100000,0.25,0.25,4.0,1,25000,100000,4.0,4,395,5753822208,13126672384,,,,,,,,,8b620a11217e3ec9028aff7bab338a87c8610543271627b8966301d4f2de2786,1,392,,1,0.402094,0.32646225,0,0.255826,0.255826,0.105469,0.02636725,1,0.105469,0.105469,0.036689,0.00917225,1,0.036689,0.036689,0.01211,0.009462499999999999,1,0.01211,0.01211,0.02228,0.00557,1,0.02228,0.02228,161.924055,40.48139125,1,161.924055,161.924055,0.077699,0.01942475,1,0.077699,0.077699,0.0,0.0,0,0.0,0.0,0.0,0.0,0,0.0,0.0,0.082838,0.0207095,1,0.082838,0.082838,0.03498,0.008745,1,0.03498,0.03498,108.350635,27.08765875,1,108.350635,108.350635,0.0,0.0,0,0.0,0.0,14.41621,3.6040525,1,14.41621,14.41621,2.991034,0.7477585,1,2.991034,2.991034,230.245322,184.00120575,0,50.621136,50.621136,1.189182,1.17062475,2,1.134883,1.134883,400000,100000,1,400000,400000,100000,25000,1,100000,100000,1,0.25,1,1,1,1,0.25,1,1,1,800000,200000,1,800000,800000,819200000,204800000,1,819200000,819200000,819200000,204800000,1,819200000,819200000,0.402094,0.0,0.0,0.00825,0.0,0.00027,0.0,0.0,0.0,0.0,0.0,0.0,0.0,0.0,0.0,230.245322,1.176052,0,0,0,0,0,0,0,,,,,,,,,,,,0,0,0,0.0,0.0,0.0,0.0
tiledb,node,256,0,warm,overlap_clustered_within_rank_25,100000,within_rank_25,clustered,2048,2,230.51039793062955,2,False,0,0,17,0,17,0,0,0,0,0,0,0,0,1.701363111,400000,100000,100000,0.25,0.25,4.0,1,25000,100000,4.0,4,395,5753822208,13126696960,,,,,,,,,5aed05750d6eb4725ef15c817b5658e9c16e32fc25bdb6bd3f104c68a37c49ec,1,392,,1,0.344345,0.2827455,0,0.249546,0.249546,0.105039,0.02625975,1,0.105039,0.105039,0.038759,0.00968975,1,0.038759,0.038759,0.01,0.0086575,1,0.01,0.01,0.02272,0.00568,1,0.02272,0.02272,160.409959,40.10294974999999,1,160.409959,160.409959,0.076519,0.01912975,1,0.076519,0.076519,0.0,0.0,0,0.0,0.0,0.0,0.0,0,0.0,0.0,0.085199,0.02129975,1,0.085199,0.085199,0.031659,0.00791475,1,0.031659,0.031659,108.63233,27.1580825,1,108.63233,108.63233,0.0,0.0,0,0.0,0.0,14.39127,3.5978175,1,14.39127,14.39127,2.987304,0.746826,1,2.987304,2.987304,228.841013,182.92030475,2,50.780254,50.780254,1.191722,1.17254975,3,1.135883,1.135883,400000,100000,1,400000,400000,100000,25000,1,100000,100000,1,0.25,1,1,1,1,0.25,1,1,1,800000,200000,1,800000,800000,819200000,204800000,1,819200000,819200000,819200000,204800000,1,819200000,819200000,0.296185,0.0,0.0,0.0082,0.0,0.00044,0.0,0.0,0.0,0.0,0.0,0.0,0.0,0.0,0.0,228.841013,1.177732,0,0,0,0,0,0,0,,,,,,,,,,,,0,0,0,0.0,0.0,0.0,0.0
tiledb,node,256,0,warm,overlap_clustered_within_rank_25,100000,within_rank_25,clustered,2048,3,248.72940906789154,2,False,0,0,17,0,17,0,0,0,0,0,0,0,0,1.680955807,400000,100000,100000,0.25,0.25,4.0,1,25000,100000,4.0,4,395,5753822208,13126709248,,,,,,,,,8e39e3c9f8232d5ab505c076825beede285e70d8d4457f3e09b9122ed88f2a0d,1,392,,1,0.409294,0.33293475,0,0.254326,0.254326,0.107459,0.02686475,1,0.107459,0.107459,0.038049,0.00951225,1,0.038049,0.038049,0.01161,0.009135,1,0.01161,0.01161,0.02215,0.0055375,1,0.02215,0.02215,178.493192,44.6237755,1,178.493192,178.493192,0.078439,0.01960975,1,0.078439,0.078439,0.0,0.0,0,0.0,0.0,0.0,0.0,0,0.0,0.0,0.08091899999999999,0.020229749999999998,1,0.08091899999999999,0.08091899999999999,0.031969,0.00799225,1,0.031969,0.031969,126.92243,31.7306075,1,126.92243,126.92243,0.0,0.0,0,0.0,0.0,14.415,3.60375,1,14.415,14.415,2.992124,0.748031,1,2.992124,2.992124,247.006445,196.50084,2,50.830304,50.830304,1.181122,1.1679445,3,1.136212,1.136212,400000,100000,1,400000,400000,100000,25000,1,100000,100000,1,0.25,1,1,1,1,0.25,1,1,1,800000,200000,1,800000,800000,819200000,204800000,1,819200000,819200000,819200000,204800000,1,819200000,819200000,0.354674,0.0,0.0,0.00858,0.0,0.00061,0.0,0.0,0.0,0.0,0.0,0.0,0.0,0.0,0.0,247.006445,1.180382,0,0,0,0,0,0,0,,,,,,,,,,,,0,0,0,0.0,0.0,0.0,0.0
tiledb,node,256,0,warm,overlap_clustered_within_rank_25,100000,within_rank_25,clustered,2048,4,249.64948499109596,0,False,0,0,19,2,21,0,0,0,0,0,0,0,0,1.689095307,400000,100000,100000,0.25,0.25,4.0,1,25000,100000,4.0,4,395,5753822208,13126733824,,,,,,,,,de6726a9748611993943992c84bc562a0e510bc946cae28495b41c954d4d3d2a,1,392,,1,0.360545,0.28952825,0,0.246697,0.246697,0.104799,0.02619975,1,0.104799,0.104799,0.039039,0.00975975,1,0.039039,0.039039,0.01053,0.00852,1,0.01053,0.01053,0.02263,0.0056575,1,0.02263,0.02263,179.599535,44.90032125,1,179.599535,179.599535,0.077219,0.01930475,1,0.077219,0.077219,0.0,0.0,0,0.0,0.0,0.0,0.0,0,0.0,0.0,0.07944899999999999,0.019862249999999998,1,0.07944899999999999,0.07944899999999999,0.031949,0.00798725,1,0.031949,0.031949,127.523442,31.8808605,1,127.523442,127.523442,0.0,0.0,0,0.0,0.0,14.3892,3.5973,1,14.3892,14.3892,2.987395,0.74684875,1,2.987395,2.987395,247.993601,197.26613075,0,50.739185,50.739185,1.186702,1.1715845,0,1.132982,1.132982,400000,100000,1,400000,400000,100000,25000,1,100000,100000,1,0.25,1,1,1,1,0.25,1,1,1,800000,200000,1,800000,800000,819200000,204800000,1,819200000,819200000,819200000,204800000,1,819200000,819200000,0.360545,0.0,0.0,0.00773,0.0,0.00042,0.0,0.0,0.0,0.0,0.0,0.0,0.0,0.0,0.0,247.993601,1.186702,0,0,0,0,0,0,0,,,,,,,,,,,,0,0,0,0.0,0.0,0.0,0.0
tiledb,node,256,0,warm,overlap_clustered_combined_12_5,100000,combined_12_5,clustered,2048,0,150.86228505242616,2,True,0,0,13,0,13,0,0,0,0,0,0,0,0,0.863430876,400000,200000,50000,0.5,0.125,2.0,4,12500,50000,4.0,4,788,5344222208,13120421888,,,,,,,,,e503c7cb99f9b706f31ea7bbdb7d912e6118cde2c8f074ad630d36d6e8e92385,1,197,,1,0.381144,0.262121,2,0.381144,0.381144,0.105458,0.0263645,2,0.105458,0.105458,0.03799,0.0094975,2,0.03799,0.03799,0.01144,0.00990475,1,0.01052,0.01052,0.014889,0.00372225,2,0.014889,0.014889,87.923397,21.981259249999997,2,87.923397,87.923397,0.04541,0.0113525,2,0.04541,0.04541,0.0,0.0,0,0.0,0.0,0.0,0.0,0,0.0,0.0,0.116879,0.02921975,2,0.116879,0.116879,0.022009,0.00550225,2,0.022009,0.022009,87.354405,21.83860125,2,87.354405,87.354405,0.0,0.0,0,0.0,0.0,7.216799,1.80419975,2,7.216799,7.216799,3.046024,0.761506,2,3.046024,3.046024,149.183911,123.2109875,3,50.747255,50.747255,1.184562,1.170382,1,1.138682,1.138682,400000,100000,2,400000,400000,50000,12500,2,50000,50000,1,0.25,2,1,1,1,0.25,2,1,1,400000,100000,2,400000,400000,409600000,102400000,2,409600000,409600000,409600000,102400000,2,409600000,409600000,0.381144,0.105458,0.03799,0.01052,0.014889,87.923397,0.04541,0.0,0.0,0.116879,0.022009,87.354405,0.0,7.216799,3.046024,50.747255,1.138682,400000,50000,1,1,400000,409600000,409600000,,,,,,,,,,,,0,0,0,0.0,0.0,0.0,0.0
tiledb,node,256,0,warm,overlap_clustered_combined_12_5,100000,combined_12_5,clustered,2048,1,159.36882398091257,2,True,0,0,13,0,13,0,0,0,0,0,0,0,0,0.926155388,400000,200000,50000,0.5,0.125,2.0,4,12500,50000,4.0,4,788,5344222208,13123108864,,,,,,,,,2ba0910f71c67d14737709a679d3f61541396496df427c5e6d019d6b197b208e,1,197,,1,0.353084,0.29755525,0,0.249556,0.249556,0.104599,0.02614975,2,0.104599,0.104599,0.038349,0.00958725,2,0.038349,0.038349,0.0101,0.0085475,2,0.0101,0.0101,0.01458,0.003645,2,0.01458,0.01458,96.410316,24.102888999999998,2,96.410316,96.410316,0.039849,0.00996225,2,0.039849,0.039849,0.0,0.0,0,0.0,0.0,0.0,0.0,0,0.0,0.0,0.067379,0.01684475,2,0.067379,0.067379,0.017939,0.00448475,2,0.017939,0.017939,95.887515,23.97187875,2,95.887515,95.887515,0.0,0.0,0,0.0,0.0,7.21591,1.8039775,2,7.21591,7.21591,3.046273,0.76156825,2,3.046273,3.046273,157.740529,129.576142,1,50.803743,50.803743,1.183612,1.16818225,3,1.135053,1.135053,400000,100000,2,400000,400000,50000,12500,2,50000,50000,1,0.25,2,1,1,1,0.25,2,1,1,400000,100000,2,400000,400000,409600000,102400000,2,409600000,409600000,409600000,102400000,2,409600000,409600000,0.249556,0.104599,0.038349,0.0101,0.01458,96.410316,0.039849,0.0,0.0,0.067379,0.017939,95.887515,0.0,7.21591,3.046273,50.803743,1.135053,400000,50000,1,1,400000,409600000,409600000,,,,,,,,,,,,0,0,0,0.0,0.0,0.0,0.0
tiledb,node,256,0,warm,overlap_clustered_combined_12_5,100000,combined_12_5,clustered,2048,2,159.2102670110762,3,False,0,0,13,0,13,0,0,0,0,0,0,0,0,0.926305574,400000,200000,50000,0.5,0.125,2.0,4,12500,50000,4.0,4,788,5344222208,13123137536,,,,,,,,,d42fd5add5b02c164d390790687ecf2b4baf06b18ad7453cabebaeccb8e7febb,1,197,,1,0.423814,0.35283975,0,0.260426,0.260426,0.105359,0.02633975,2,0.105359,0.105359,0.042959,0.01073975,2,0.042959,0.042959,0.01191,0.008915,2,0.01191,0.01191,0.01443,0.0036075,2,0.01443,0.01443,96.236499,24.05962725,2,96.236499,96.236499,0.040219,0.01005475,2,0.040219,0.040219,0.0,0.0,0,0.0,0.0,0.0,0.0,0,0.0,0.0,0.076738,0.0191845,2,0.076738,0.076738,0.01942,0.004855,2,0.01942,0.01942,95.706338,23.9265845,2,95.706338,95.706338,0.0,0.0,0,0.0,0.0,7.21944,1.80486,2,7.21944,7.21944,3.037654,0.7594135,2,3.037654,3.037654,157.509273,129.4492795,3,50.750834,50.750834,1.187432,1.16956725,3,1.134033,1.134033,400000,100000,2,400000,400000,50000,12500,2,50000,50000,1,0.25,2,1,1,1,0.25,2,1,1,400000,100000,2,400000,400000,409600000,102400000,2,409600000,409600000,409600000,102400000,2,409600000,409600000,0.311325,0.0,0.0,0.00837,0.0,0.00096,0.0,0.0,0.0,0.0,0.0,0.0,0.0,0.0,0.0,157.509273,1.187432,0,0,0,0,0,0,0,,,,,,,,,,,,0,0,0,0.0,0.0,0.0,0.0
tiledb,node,256,0,warm,overlap_clustered_combined_12_5,100000,combined_12_5,clustered,2048,3,156.98720095679164,1,False,0,0,14,2,16,0,0,0,0,0,0,0,0,0.8987470750000001,400000,200000,50000,0.5,0.125,2.0,4,12500,50000,4.0,4,784,5344222208,13123166208,,,,,,,,,1868ae3f0978c6f66a29ea1d1f123fe88c527eff6adda8ef08474961e17c2c9b,1,196,,1,0.426193,0.3524745,0,0.258866,0.258866,0.104869,0.02621725,2,0.104869,0.104869,0.038689,0.00967225,2,0.038689,0.038689,0.01172,0.00915,2,0.01172,0.01172,0.01459,0.0036475,2,0.01459,0.01459,94.100322,23.525375500000003,2,94.100322,94.100322,0.039729,0.00993225,2,0.039729,0.039729,0.0,0.0,0,0.0,0.0,0.0,0.0,0,0.0,0.0,0.080149,0.02003725,2,0.080149,0.080149,0.018949,0.00473725,2,0.018949,0.018949,93.57237,23.3930925,2,93.57237,93.57237,0.0,0.0,0,0.0,0.0,7.21481,1.8037025,2,7.21481,7.21481,3.041663,0.76041575,2,3.041663,3.041663,155.290007,127.82351175,1,50.656466,50.656466,1.187712,1.17359725,1,1.144373,1.144373,400000,100000,2,400000,400000,50000,12500,2,50000,50000,1,0.25,2,1,1,1,0.25,2,1,1,400000,100000,2,400000,400000,409600000,102400000,2,409600000,409600000,409600000,102400000,2,409600000,409600000,0.413714,0.0,0.0,0.00822,0.0,0.00023,0.0,0.0,0.0,0.0,0.0,0.0,0.0,0.0,0.0,155.290007,1.187712,0,0,0,0,0,0,0,,,,,,,,,,,,0,0,0,0.0,0.0,0.0,0.0
tiledb,node,256,0,warm,overlap_clustered_combined_12_5,100000,combined_12_5,clustered,2048,4,158.79361296538264,1,False,0,0,14,2,16,0,0,0,0,0,0,0,0,0.920759046,400000,200000,50000,0.5,0.125,2.0,4,12500,50000,4.0,4,784,5344222208,13123227648,,,,,,,,,dd821f2e5a2af1dc96ecaa69e54d44cceaefedbb956b67436cc06dc3a30f8f89,1,196,,1,0.439643,0.36193675000000003,0,0.261976,0.261976,0.105288,0.026322,2,0.105288,0.105288,0.04284,0.01071,2,0.04284,0.04284,0.01228,0.009145,2,0.01228,0.01228,0.014659,0.00366475,2,0.014659,0.014659,95.889245,23.97270125,2,95.889245,95.889245,0.03973,0.0099325,2,0.03973,0.03973,0.0,0.0,0,0.0,0.0,0.0,0.0,0,0.0,0.0,0.080599,0.02014975,2,0.080599,0.080599,0.01876,0.00469,2,0.01876,0.01876,95.387532,23.846883,2,95.387532,95.387532,0.0,0.0,0,0.0,0.0,7.21841,1.8046025,2,7.21841,7.21841,3.025043,0.75626075,2,3.025043,3.025043,157.091989,129.11960625,1,50.677565,50.677565,1.185422,1.17014725,3,1.138873,1.138873,400000,100000,2,400000,400000,50000,12500,2,50000,50000,1,0.25,2,1,1,1,0.25,2,1,1,400000,100000,2,400000,400000,409600000,102400000,2,409600000,409600000,409600000,102400000,2,409600000,409600000,0.429153,0.0,0.0,0.00785,0.0,0.00043,0.0,0.0,0.0,0.0,0.0,0.0,0.0,0.0,0.0,157.091989,1.179202,0,0,0,0,0,0,0,,,,,,,,,,,,0,0,0,0.0,0.0,0.0,0.0
tiledb,node,256,0,warm,overlap_clustered_combined_6_25,100000,combined_6_25,clustered,2048,0,113.69011201895773,1,False,0,0,11,0,11,0,0,0,0,0,0,0,0,0.577337268,400000,100000,25000,0.25,0.0625,4.0,4,6250,25000,4.0,4,396,5139422208,13122715648,,,,,,,,,84bb9c2acbf4e30809952e8de290bd1b9a7a25ced4c4fa43aca8df64b86fa1c3,1,99,,1,0.457243,0.37571425,0,0.262046,0.262046,0.104298,0.0260745,2,0.104298,0.104298,0.038899,0.00972475,2,0.038899,0.038899,0.0137,0.00948975,2,0.0137,0.0137,0.01206,0.003015,2,0.01206,0.01206,54.680065,13.67012625,2,54.680065,54.680065,0.02204,0.00551,2,0.02204,0.02204,0.0,0.0,0,0.0,0.0,0.0,0.0,0,0.0,0.0,0.082138,0.0205345,2,0.082138,0.082138,0.01477,0.0036925,2,0.01477,0.01477,54.283001,13.57075025,2,54.283001,54.283001,0.0,0.0,0,0.0,0.0,3.630674,0.9076685,2,3.630674,3.630674,2.664889,0.66622225,2,2.664889,2.664889,111.977559,95.27480425,1,50.727204,50.727204,1.188802,1.16805475,3,1.134973,1.134973,400000,100000,2,400000,400000,25000,6250,2,25000,25000,1,0.25,2,1,1,1,0.25,2,1,1,200000,50000,2,200000,200000,204800000,51200000,2,204800000,204800000,204800000,51200000,2,204800000,204800000,0.454163,0.0,0.0,0.00752,0.0,0.00011,0.0,0.0,0.0,0.0,0.0,0.0,0.0,0.0,0.0,111.977559,1.173232,0,0,0,0,0,0,0,,,,,,,,,,,,0,0,0,0.0,0.0,0.0,0.0
tiledb,node,256,0,warm,overlap_clustered_combined_6_25,100000,combined_6_25,clustered,2048,1,112.66285798046738,1,False,0,0,11,0,11,0,0,0,0,0,0,0,0,0.565294159,400000,100000,25000,0.25,0.0625,4.0,4,6250,25000,4.0,4,396,5139422208,13122727936,,,,,,,,,099ae8b87add43962c93e78691747ffba91e00bc05c5e53b921aa00755634219,1,99,,1,0.416874,0.34907225,0,0.256216,0.256216,0.105848,0.026462,2,0.105848,0.105848,0.03743,0.0093575,2,0.03743,0.03743,0.010799,0.008687,2,0.010799,0.010799,0.0115,0.002875,2,0.0115,0.0115,53.65028,13.412935000000001,2,53.65028,53.65028,0.02043,0.0051075,2,0.02043,0.02043,0.0,0.0,0,0.0,0.0,0.0,0.0,0,0.0,0.0,0.079538,0.0198845,2,0.079538,0.079538,0.01294,0.003235,2,0.01294,0.01294,53.232807,13.30820175,2,53.232807,53.232807,0.0,0.0,0,0.0,0.0,3.634735,0.90868375,2,3.634735,3.634735,2.673009,0.66825225,2,2.673009,2.673009,110.986384,94.52277075,1,50.752685,50.752685,1.184742,1.166322,3,1.135292,1.135292,400000,100000,2,400000,400000,25000,6250,2,25000,25000,1,0.25,2,1,1,1,0.25,2,1,1,200000,50000,2,200000,200000,204800000,51200000,2,204800000,204800000,204800000,51200000,2,204800000,204800000,0.410784,0.0,0.0,0.00785,0.0,0.00052,0.0,0.0,0.0,0.0,0.0,0.0,0.0,0.0,0.0,110.986384,1.171642,0,0,0,0,0,0,0,,,,,,,,,,,,0,0,0,0.0,0.0,0.0,0.0
tiledb,node,256,0,warm,overlap_clustered_combined_6_25,100000,combined_6_25,clustered,2048,2,110.96016399096698,1,False,0,0,11,0,11,0,0,0,0,0,0,0,0,0.553656134,400000,100000,25000,0.25,0.0625,4.0,4,6250,25000,4.0,4,396,5139422208,13122740224,,,,,,,,,e42ddac3a7a22b798994f0c89e738e5cc9c8871d8f39cffbaf0755d36ced77d7,1,99,,1,0.421563,0.35403175,0,0.257486,0.257486,0.103789,0.02594725,2,0.103789,0.103789,0.042069,0.01051725,2,0.042069,0.042069,0.01182,0.0088875,2,0.01182,0.01182,0.01125,0.0028125,2,0.01125,0.01125,51.858877,12.96484675,2,51.858877,51.858877,0.020039,0.00500975,2,0.020039,0.020039,0.0,0.0,0,0.0,0.0,0.0,0.0,0,0.0,0.0,0.078709,0.01967725,2,0.078709,0.078709,0.01289,0.0032225,2,0.01289,0.01289,51.435714,12.8589285,2,51.435714,51.435714,0.0,0.0,0,0.0,0.0,3.631355,0.90783875,2,3.631355,3.631355,2.662559,0.66563975,2,2.662559,2.662559,109.26733,93.150154,1,50.836123,50.836123,1.187682,1.1714197499999999,3,1.133873,1.133873,400000,100000,2,400000,400000,25000,6250,2,25000,25000,1,0.25,2,1,1,1,0.25,2,1,1,200000,50000,2,200000,200000,204800000,51200000,2,204800000,204800000,204800000,51200000,2,204800000,204800000,0.416933,0.0,0.0,0.00774,0.0,0.00017,0.0,0.0,0.0,0.0,0.0,0.0,0.0,0.0,0.0,109.26733,1.183382,0,0,0,0,0,0,0,,,,,,,,,,,,0,0,0,0.0,0.0,0.0,0.0
tiledb,node,256,0,warm,overlap_clustered_combined_6_25,100000,combined_6_25,clustered,2048,3,118.89503302518278,1,False,0,0,11,0,11,0,0,0,0,0,0,0,0,0.603657679,400000,100000,25000,0.25,0.0625,4.0,4,6250,25000,4.0,4,396,5139422208,13122760704,,,,,,,,,7168199ecc7aa17e3f8896999ab5635300cd44be21ad77a24b3b3a2e3a687d8a,1,99,,1,0.426034,0.35778975,0,0.255456,0.255456,0.103678,0.0259195,2,0.103678,0.103678,0.03747,0.0093675,2,0.03747,0.03747,0.01206,0.00907725,2,0.01206,0.01206,0.01103,0.0027575,2,0.01103,0.01103,59.933184,14.983595999999999,2,59.933184,59.933184,0.02009,0.0050225,2,0.02009,0.02009,0.0,0.0,0,0.0,0.0,0.0,0.0,0,0.0,0.0,0.079338,0.0198345,2,0.079338,0.079338,0.01307,0.0032675,2,0.01307,0.01307,59.515641,14.87891025,2,59.515641,59.515641,0.0,0.0,0,0.0,0.0,3.631905,0.90797625,2,3.631905,3.631905,2.659799,0.66494975,2,2.659799,2.659799,117.206419,99.2390535,1,50.707465,50.707465,1.182912,1.168387,0,1.133542,1.133542,400000,100000,2,400000,400000,25000,6250,2,25000,25000,1,0.25,2,1,1,1,0.25,2,1,1,200000,50000,2,200000,200000,204800000,51200000,2,204800000,204800000,204800000,51200000,2,204800000,204800000,0.420164,0.0,0.0,0.00784,0.0,0.00039,0.0,0.0,0.0,0.0,0.0,0.0,0.0,0.0,0.0,117.206419,1.175402,0,0,0,0,0,0,0,,,,,,,,,,,,0,0,0,0.0,0.0,0.0,0.0
tiledb,node,256,0,warm,overlap_clustered_combined_6_25,100000,combined_6_25,clustered,2048,4,110.3200149955228,1,False,0,0,13,2,15,0,0,0,0,0,0,0,0,0.549420068,400000,100000,25000,0.25,0.0625,4.0,4,6250,25000,4.0,4,396,5139422208,13122801664,,,,,,,,,8aa2fb5e2d3dfdc0c2e2522404dc8e477e7bd2fbe1beff3a860df4674931c6a2,1,99,,1,0.406124,0.3431075,1,0.256537,0.256537,0.103989,0.02599725,2,0.103989,0.103989,0.037749,0.00943725,2,0.037749,0.037749,0.01107,0.0087025,2,0.01107,0.01107,0.01158,0.002895,2,0.01158,0.01158,51.266686,12.8169015,2,51.266686,51.266686,0.020279,0.00506975,2,0.020279,0.020279,0.0,0.0,0,0.0,0.0,0.0,0.0,0,0.0,0.0,0.07987899999999999,0.019969749999999998,2,0.07987899999999999,0.07987899999999999,0.01271,0.0031775,2,0.01271,0.01271,50.847743,12.71193575,2,50.847743,50.847743,0.0,0.0,0,0.0,0.0,3.627935,0.90698375,2,3.627935,3.627935,2.663899,0.66597475,2,2.663899,2.663899,108.64839,92.77255,1,50.814654,50.814654,1.184862,1.1709445,3,1.151682,1.151682,400000,100000,2,400000,400000,25000,6250,2,25000,25000,1,0.25,2,1,1,1,0.25,2,1,1,200000,50000,2,200000,200000,204800000,51200000,2,204800000,204800000,204800000,51200000,2,204800000,204800000,0.406124,0.0,0.0,0.00756,0.0,0.00014,0.0,0.0,0.0,0.0,0.0,0.0,0.0,0.0,0.0,108.64839,1.174882,0,0,0,0,0,0,0,,,,,,,,,,,,0,0,0,0.0,0.0,0.0,0.0
tiledb,node,256,0,warm,overlap_clustered_combined_3_125,100000,combined_3_125,clustered,2048,0,92.14719210285693,1,False,0,0,10,0,10,0,0,0,0,0,0,0,0,0.426653654,400000,50000,12500,0.125,0.03125,8.0,4,3125,12500,4.0,4,200,5037022208,13122805760,,,,,,,,,23539a2deec1b65b53470296a63def95404ee5e76bee94d9da27f6f7faaa4fa9,1,50,,1,0.408314,0.3423525,1,0.250067,0.250067,0.104619,0.02615475,2,0.104619,0.104619,0.039069,0.00976725,2,0.039069,0.039069,0.384805,0.10357625000000001,0,0.01279,0.01279,0.00906,0.002265,2,0.00906,0.00906,35.064374,8.76633075,2,35.064374,35.064374,0.01211,0.0030275,2,0.01211,0.01211,0.0,0.0,0,0.0,0.0,0.0,0.0,0,0.0,0.0,0.075249,0.01881225,2,0.075249,0.075249,0.011199,0.00279975,2,0.011199,0.011199,34.744289,8.68607225,2,34.744289,34.744289,0.0,0.0,0,0.0,0.0,1.838462,0.4596155,2,1.838462,1.838462,2.543911,0.63597775,2,2.543911,2.543911,90.479138,79.02852525,1,50.760874,50.760874,1.190161,1.17053925,3,1.139072,1.139072,400000,100000,2,400000,400000,12500,3125,2,12500,12500,1,0.25,2,1,1,1,0.25,2,1,1,100000,25000,2,100000,100000,102400000,25600000,2,102400000,102400000,102400000,25600000,2,102400000,102400000,0.408314,0.0,0.0,0.00733,0.0,0.00025,0.0,0.0,0.0,0.0,0.0,0.0,0.0,0.0,0.0,90.479138,1.179752,0,0,0,0,0,0,0,,,,,,,,,,,,0,0,0,0.0,0.0,0.0,0.0
tiledb,node,256,0,warm,overlap_clustered_combined_3_125,100000,combined_3_125,clustered,2048,1,89.91721598431468,1,False,0,0,10,0,10,0,0,0,0,0,0,0,0,0.407106494,400000,50000,12500,0.125,0.03125,8.0,4,3125,12500,4.0,4,200,5037022208,13122764800,,,,,,,,,dd735e702aab6a5ef4e078e005d31bae113c86702f38c9b08a1107977ef0c950,1,50,,1,0.336795,0.29355549999999997,0,0.246386,0.246386,0.103748,0.025937,2,0.103748,0.103748,0.03926,0.009815,2,0.03926,0.03926,0.01022,0.00854,2,0.01022,0.01022,0.00955,0.0023875,2,0.00955,0.00955,32.890507,8.22280675,2,32.890507,32.890507,0.01111,0.0027775,2,0.01111,0.01111,0.0,0.0,0,0.0,0.0,0.0,0.0,0,0.0,0.0,0.065359,0.01633975,2,0.065359,0.065359,0.00939,0.0023475,2,0.00939,0.00939,32.545353,8.13633825,2,32.545353,32.545353,0.0,0.0,0,0.0,0.0,1.833602,0.4584005,2,1.833602,1.833602,2.544911,0.63622775,2,2.544911,2.544911,88.30998,77.48321825,1,50.773474,50.773474,1.176162,1.16460725,3,1.136603,1.136603,400000,100000,2,400000,400000,12500,3125,2,12500,12500,1,0.25,2,1,1,1,0.25,2,1,1,100000,25000,2,100000,100000,102400000,25600000,2,102400000,102400000,102400000,25600000,2,102400000,102400000,0.335495,0.0,0.0,0.00786,0.0,0.00022,0.0,0.0,0.0,0.0,0.0,0.0,0.0,0.0,0.0,88.30998,1.175462,0,0,0,0,0,0,0,,,,,,,,,,,,0,0,0,0.0,0.0,0.0,0.0
tiledb,node,256,0,warm,overlap_clustered_combined_3_125,100000,combined_3_125,clustered,2048,2,92.59260504040867,1,False,0,0,10,0,10,0,0,0,0,0,0,0,0,0.42350650300000003,400000,50000,12500,0.125,0.03125,8.0,4,3125,12500,4.0,4,200,5037022208,13122768896,,,,,,,,,1f3440f1ece5472a09fa600f0d3b94e74502e6d5c62dacc3b9b56e7b9c63eade,1,50,,1,0.366395,0.32327300000000003,1,0.251226,0.251226,0.103658,0.0259145,2,0.103658,0.103658,0.03868,0.00967,2,0.03868,0.03868,0.009779,0.0083545,2,0.009779,0.009779,0.00929,0.0023225,2,0.00929,0.00929,35.434759,8.85893975,2,35.434759,35.434759,0.011,0.00275,2,0.011,0.011,0.0,0.0,0,0.0,0.0,0.0,0.0,0,0.0,0.0,0.066929,0.01673225,2,0.066929,0.066929,0.00991,0.0024775,2,0.00991,0.00991,35.086844,8.771711,2,35.086844,35.086844,0.0,0.0,0,0.0,0.0,1.836942,0.4592355,2,1.836942,1.836942,2.533401,0.63335025,2,2.533401,2.533401,90.95433,79.4161865,1,50.880223,50.880223,1.185362,1.170042,3,1.133712,1.133712,400000,100000,2,400000,400000,12500,3125,2,12500,12500,1,0.25,2,1,1,1,0.25,2,1,1,100000,25000,2,100000,100000,102400000,25600000,2,102400000,102400000,102400000,25600000,2,102400000,102400000,0.366395,0.0,0.0,0.00773,0.0,0.00034,0.0,0.0,0.0,0.0,0.0,0.0,0.0,0.0,0.0,90.95433,1.180852,0,0,0,0,0,0,0,,,,,,,,,,,,0,0,0,0.0,0.0,0.0,0.0
tiledb,node,256,0,warm,overlap_clustered_combined_3_125,100000,combined_3_125,clustered,2048,3,92.20755100250244,1,False,0,0,9,0,9,0,0,0,0,0,0,0,0,0.417202664,400000,50000,12500,0.125,0.03125,8.0,4,3125,12500,4.0,4,196,5037022208,13122760704,,,,,,,,,b85c5508b2843b381d9e27bae605a062858046c0dc876dbb271c5505b644d538,1,49,,1,0.357434,0.30248525,1,0.239576,0.239576,0.102558,0.0256395,2,0.102558,0.102558,0.03665,0.0091625,2,0.03665,0.03665,0.00957,0.0082375,2,0.00957,0.00957,0.00723,0.0018075,2,0.00723,0.00723,35.247501,8.812085249999999,2,35.247501,35.247501,0.011049,0.00276225,2,0.011049,0.011049,0.0,0.0,0,0.0,0.0,0.0,0.0,0,0.0,0.0,0.06601900000000001,0.016504750000000002,2,0.06601900000000001,0.06601900000000001,0.00968,0.00242,2,0.00968,0.00968,34.911017,8.72775425,2,34.911017,34.911017,0.0,0.0,0,0.0,0.0,1.834912,0.458728,2,1.834912,1.834912,2.548411,0.63710275,2,2.548411,2.548411,90.578765,79.20984925,1,50.694606,50.694606,1.184692,1.1686145000000001,3,1.130362,1.130362,400000,100000,2,400000,400000,12500,3125,2,12500,12500,1,0.25,2,1,1,1,0.25,2,1,1,100000,25000,2,100000,100000,102400000,25600000,2,102400000,102400000,102400000,25600000,2,102400000,102400000,0.357434,0.0,0.0,0.00755,0.0,0.00021,0.0,0.0,0.0,0.0,0.0,0.0,0.0,0.0,0.0,90.578765,1.180812,0,0,0,0,0,0,0,,,,,,,,,,,,0,0,0,0.0,0.0,0.0,0.0
tiledb,node,256,0,warm,overlap_clustered_combined_3_125,100000,combined_3_125,clustered,2048,4,93.20376603864133,1,False,0,0,10,0,10,0,0,0,0,0,0,0,0,0.424926367,400000,50000,12500,0.125,0.03125,8.0,4,3125,12500,4.0,4,200,5037022208,13122772992,,,,,,,,,d096782fef9ffccf811ca1387bca6e2ec7ceddfe8a93f2d44027c449f3b9c1a2,1,50,,1,0.359685,0.3072755,1,0.245066,0.245066,0.102598,0.0256495,2,0.102598,0.102598,0.037919,0.00947975,2,0.037919,0.037919,0.00972,0.008312,2,0.00972,0.00972,0.00911,0.0022775,2,0.00911,0.00911,36.248836,9.062408999999999,2,36.248836,36.248836,0.01112,0.00278,2,0.01112,0.01112,0.0,0.0,0,0.0,0.0,0.0,0.0,0,0.0,0.0,0.069789,0.01744725,2,0.069789,0.069789,0.0098,0.00245,2,0.0098,0.0098,35.894621,8.97365525,2,35.894621,35.894621,0.0,0.0,0,0.0,0.0,1.837242,0.4593105,2,1.837242,1.837242,2.550871,0.63771775,2,2.550871,2.550871,91.580581,80.03804725,1,50.680316,50.680316,1.184182,1.16903475,3,1.138463,1.138463,400000,100000,2,400000,400000,12500,3125,2,12500,12500,1,0.25,2,1,1,1,0.25,2,1,1,100000,25000,2,100000,100000,102400000,25600000,2,102400000,102400000,102400000,25600000,2,102400000,102400000,0.359685,0.0,0.0,0.007479,0.0,0.00022,0.0,0.0,0.0,0.0,0.0,0.0,0.0,0.0,0.0,91.580581,1.177942,0,0,0,0,0,0,0,,,,,,,,,,,,0,0,0,0.0,0.0,0.0,0.0
tiledb,node,256,0,warm,overlap_clustered_stress_1,100000,stress_1,clustered,2048,0,68.55151290073991,1,False,0,0,9,0,9,0,0,0,0,0,0,0,0,0.288908519,400000,16000,4000,0.04,0.01,25.0,4,1000,4000,4.0,4,68,4967390208,13122572288,,,,,,,,,a2c4b3b8e2fdd4b2e2e10a92c5cb5282f0630ea1798ef3c2f9fbb20a2af67363,1,17,,1,0.318215,0.2860955,1,0.224426,0.224426,0.102468,0.025617,2,0.102468,0.102468,0.03564,0.00891,2,0.03564,0.03564,0.00955,0.008234749999999999,2,0.00955,0.00955,0.00738,0.001845,2,0.00738,0.00738,12.969821,3.2425699999999997,2,12.969821,12.969821,0.004579,0.00114475,2,0.004579,0.004579,0.0,0.0,0,0.0,0.0,0.0,0.0,0,0.0,0.0,0.043460000000000006,0.010865000000000001,2,0.043460000000000006,0.043460000000000006,0.00361,0.0009025,2,0.00361,0.00361,12.789904,3.197476,2,12.789904,12.789904,0.0,0.0,0,0.0,0.0,0.591771,0.14794275,2,0.591771,0.591771,2.384464,0.596116,2,2.384464,2.384464,66.975806,61.437696,1,50.816273,50.816273,1.181132,1.16924975,3,1.140573,1.140573,400000,100000,2,400000,400000,4000,1000,2,4000,4000,1,0.25,2,1,1,1,0.25,2,1,1,32000,8000,2,32000,32000,32768000,8192000,2,32768000,32768000,32768000,8192000,2,32768000,32768000,0.318215,0.0,0.0,0.00779,0.0,0.00015,0.0,0.0,0.0,0.0,0.0,0.0,0.0,0.0,0.0,66.975806,1.177002,0,0,0,0,0,0,0,,,,,,,,,,,,0,0,0,0.0,0.0,0.0,0.0
tiledb,node,256,0,warm,overlap_clustered_stress_1,100000,stress_1,clustered,2048,1,68.5114930383861,1,False,0,0,11,2,13,0,0,0,0,0,0,0,0,0.288817278,400000,16000,4000,0.04,0.01,25.0,4,1000,4000,4.0,4,68,4967390208,13122576384,,,,,,,,,db91bdaebcd0e69de86822aedf9b846e1387b455c9a7b47d61aec4a8c1d88519,1,17,,1,0.269586,0.25099625,1,0.221757,0.221757,0.101089,0.02527225,2,0.101089,0.101089,0.034619,0.00865475,2,0.034619,0.034619,0.00924,0.0081575,2,0.00924,0.00924,0.00749,0.0018725,2,0.00749,0.00749,12.709706,3.1775765000000002,2,12.709706,12.709706,0.00466,0.001165,2,0.00466,0.00466,0.0,0.0,0,0.0,0.0,0.0,0.0,0,0.0,0.0,0.037448999999999996,0.009362249999999999,2,0.037448999999999996,0.037448999999999996,0.00365,0.0009125,2,0.00365,0.00365,12.516339,3.12908475,2,12.516339,12.516339,0.0,0.0,0,0.0,0.0,0.591271,0.14781775,2,0.591271,0.591271,2.389713,0.59742825,2,2.389713,2.389713,66.790859,61.412743999999996,1,50.881113,50.881113,1.212732,1.172947,1,1.130942,1.130942,400000,100000,2,400000,400000,4000,1000,2,4000,4000,1,0.25,2,1,1,1,0.25,2,1,1,32000,8000,2,32000,32000,32768000,8192000,2,32768000,32768000,32768000,8192000,2,32768000,32768000,0.269586,0.0,0.0,0.00773,0.0,0.00021,0.0,0.0,0.0,0.0,0.0,0.0,0.0,0.0,0.0,66.790859,1.212732,0,0,0,0,0,0,0,,,,,,,,,,,,0,0,0,0.0,0.0,0.0,0.0
tiledb,node,256,0,warm,overlap_clustered_stress_1,100000,stress_1,clustered,2048,2,67.39809992723167,1,False,0,0,9,0,9,0,0,0,0,0,0,0,0,0.283524435,400000,16000,4000,0.04,0.01,25.0,4,1000,4000,4.0,4,64,4967390208,13122568192,,,,,,,,,433351ebbc526cfbffd56af38f1c1e44f3aa076854688f6acd3fff540d67bdb5,1,16,,1,0.329055,0.2916255,0,0.305706,0.305706,0.102109,0.02552725,2,0.102109,0.102109,0.034159,0.00853975,2,0.034159,0.034159,0.00957,0.008505,2,0.00957,0.00957,0.00757,0.0018925,2,0.00757,0.00757,11.853399,2.9636822499999997,2,11.853399,11.853399,0.00457,0.0011425,2,0.00457,0.00457,0.0,0.0,0,0.0,0.0,0.0,0.0,0,0.0,0.0,0.040239000000000004,0.010059750000000001,2,0.040239000000000004,0.040239000000000004,0.00416,0.00104,2,0.00416,0.00416,11.661502,2.9153755,2,11.661502,11.661502,0.0,0.0,0,0.0,0.0,0.589561,0.14739025,2,0.589561,0.589561,2.380764,0.595191,2,2.380764,2.380764,65.793164,60.59488175,1,50.777655,50.777655,1.181282,1.165437,3,1.128272,1.128272,400000,100000,2,400000,400000,4000,1000,2,4000,4000,1,0.25,2,1,1,1,0.25,2,1,1,32000,8000,2,32000,32000,32768000,8192000,2,32768000,32768000,32768000,8192000,2,32768000,32768000,0.223746,0.0,0.0,0.00898,0.0,0.0009,0.0,0.0,0.0,0.0,0.0,0.0,0.0,0.0,0.0,65.793164,1.174312,0,0,0,0,0,0,0,,,,,,,,,,,,0,0,0,0.0,0.0,0.0,0.0
tiledb,node,256,0,warm,overlap_clustered_stress_1,100000,stress_1,clustered,2048,3,66.83234905358404,1,False,0,0,11,2,13,0,0,0,0,0,0,0,0,0.280911495,400000,16000,4000,0.04,0.01,25.0,4,1000,4000,4.0,4,64,4967390208,13122568192,,,,,,,,,8ac78a257781d9fdb9dc9b8e82f774322fe2329139601e87ca7b4a1d00f208a4,1,16,,1,0.247256,0.226949,0,0.222847,0.222847,0.101039,0.02525975,2,0.101039,0.101039,0.034689,0.00867225,2,0.034689,0.034689,0.00872,0.008065,2,0.00872,0.00872,0.00737,0.0018425,2,0.00737,0.00737,11.481395,2.8705137499999998,2,11.481395,11.481395,0.00463,0.0011575,2,0.00463,0.00463,0.0,0.0,0,0.0,0.0,0.0,0.0,0,0.0,0.0,0.037299,0.00932475,2,0.037299,0.037299,0.00353,0.0008825,2,0.00353,0.00353,11.295328,2.823832,2,11.295328,11.295328,0.0,0.0,0,0.0,0.0,0.590601,0.14765025,2,0.590601,0.590601,2.387223,0.59680575,2,2.387223,2.387223,65.335402,60.27039925,1,50.670396,50.670396,1.178062,1.1657095,3,1.135552,1.135552,400000,100000,2,400000,400000,4000,1000,2,4000,4000,1,0.25,2,1,1,1,0.25,2,1,1,32000,8000,2,32000,32000,32768000,8192000,2,32768000,32768000,32768000,8192000,2,32768000,32768000,0.208467,0.0,0.0,0.00788,0.0,0.00023,0.0,0.0,0.0,0.0,0.0,0.0,0.0,0.0,0.0,65.335402,1.171562,0,0,0,0,0,0,0,,,,,,,,,,,,0,0,0,0.0,0.0,0.0,0.0
tiledb,node,256,0,warm,overlap_clustered_stress_1,100000,stress_1,clustered,2048,4,66.32724602241069,1,False,0,0,9,0,9,0,0,0,0,0,0,0,0,0.278136408,400000,16000,4000,0.04,0.01,25.0,4,1000,4000,4.0,4,64,4967390208,13122572288,,,,,,,,,fa56805010965a551d918947a5c97d69553e8b18cc05129fd376495ae544c8b0,1,16,,1,0.262706,0.23880625,0,0.221397,0.221397,0.101889,0.02547225,2,0.101889,0.101889,0.034469,0.00861725,2,0.034469,0.034469,0.00913,0.0081875,2,0.00913,0.00913,0.00729,0.0018225,2,0.00729,0.00729,11.015842,2.7541105,2,11.015842,11.015842,0.00493,0.0012325,2,0.00493,0.00493,0.0,0.0,0,0.0,0.0,0.0,0.0,0,0.0,0.0,0.037509,0.00937725,2,0.037509,0.037509,0.00324,0.00081,2,0.00324,0.00324,10.829395,2.70734875,2,10.829395,10.829395,0.0,0.0,0,0.0,0.0,0.587881,0.14697025,2,0.587881,0.587881,2.390363,0.59759075,2,2.390363,2.390363,64.823709,59.9204565,1,50.623066,50.623066,1.179272,1.16498725,0,1.130843,1.130843,400000,100000,2,400000,400000,4000,1000,2,4000,4000,1,0.25,2,1,1,1,0.25,2,1,1,32000,8000,2,32000,32000,32768000,8192000,2,32768000,32768000,32768000,8192000,2,32768000,32768000,0.231006,0.0,0.0,0.00793,0.0,0.00022,0.0,0.0,0.0,0.0,0.0,0.0,0.0,0.0,0.0,64.823709,1.173922,0,0,0,0,0,0,0,,,,,,,,,,,,0,0,0,0.0,0.0,0.0,0.0
