backend,array_layout,tile_extent_rows,query_chunk_rows,cache_mode,pattern,batch_size,overlap_case,overlap_placement,width,sample,latency_ms,slowest_rank,slowest_rank_has_storage,process_read_bytes,process_write_bytes,process_read_ops,process_write_ops,process_total_io_ops,device_read_bytes,device_write_bytes,device_read_ops,device_write_ops,device_total_io_ops,measured_read_bytes,measured_read_ops,measured_write_ops,cpu_seconds,requested_rows,unique_rows,node_unique_rows,within_rank_unique_row_fraction,node_unique_row_fraction,within_rank_repetition,requesting_ranks_per_unique_row,owner_unique_rows_mean,owner_unique_rows_max,owner_unique_max_to_mean,contiguous_ranges,estimated_tiles_touched,cuda_peak_temporary_bytes,rss_bytes_after,direct_io_open_attempts,direct_io_open_successes,direct_io_open_failures,direct_io_read_ops,direct_io_requested_bytes,direct_io_submitted_bytes,direct_io_returned_bytes,direct_io_read_failures,node_unique_id_sha256,node_contiguous_ranges,node_estimated_tiles_touched,clustered_run_count,storage_owner_count,id_routing_rank_max_ms,id_routing_rank_mean_ms,id_routing_rank_max_rank,id_routing_storage_owner_max_ms,id_routing_storage_owner_mean_ms,gpu_sort_rank_max_ms,gpu_sort_rank_mean_ms,gpu_sort_rank_max_rank,gpu_sort_storage_owner_max_ms,gpu_sort_storage_owner_mean_ms,gpu_deduplicate_rank_max_ms,gpu_deduplicate_rank_mean_ms,gpu_deduplicate_rank_max_rank,gpu_deduplicate_storage_owner_max_ms,gpu_deduplicate_storage_owner_mean_ms,staging_allocation_rank_max_ms,staging_allocation_rank_mean_ms,staging_allocation_rank_max_rank,staging_allocation_storage_owner_max_ms,staging_allocation_storage_owner_mean_ms,indices_d2h_rank_max_ms,indices_d2h_rank_mean_ms,indices_d2h_rank_max_rank,indices_d2h_storage_owner_max_ms,indices_d2h_storage_owner_mean_ms,tiledb_read_rank_max_ms,tiledb_read_rank_mean_ms,tiledb_read_rank_max_rank,tiledb_read_storage_owner_max_ms,tiledb_read_storage_owner_mean_ms,id_decode_rank_max_ms,id_decode_rank_mean_ms,id_decode_rank_max_rank,id_decode_storage_owner_max_ms,id_decode_storage_owner_mean_ms,id_sort_rank_max_ms,id_sort_rank_mean_ms,id_sort_rank_max_rank,id_sort_storage_owner_max_ms,id_sort_storage_owner_mean_ms,id_deduplicate_rank_max_ms,id_deduplicate_rank_mean_ms,id_deduplicate_rank_max_rank,id_deduplicate_storage_owner_max_ms,id_deduplicate_storage_owner_mean_ms,query_setup_rank_max_ms,query_setup_rank_mean_ms,query_setup_rank_max_rank,query_setup_storage_owner_max_ms,query_setup_storage_owner_mean_ms,range_build_rank_max_ms,range_build_rank_mean_ms,range_build_rank_max_rank,range_build_storage_owner_max_ms,range_build_storage_owner_mean_ms,query_submit_rank_max_ms,query_submit_rank_mean_ms,query_submit_rank_max_rank,query_submit_storage_owner_max_ms,query_submit_storage_owner_mean_ms,cpu_reorder_rank_max_ms,cpu_reorder_rank_mean_ms,cpu_reorder_rank_max_rank,cpu_reorder_storage_owner_max_ms,cpu_reorder_storage_owner_mean_ms,rows_h2d_rank_max_ms,rows_h2d_rank_mean_ms,rows_h2d_rank_max_rank,rows_h2d_storage_owner_max_ms,rows_h2d_storage_owner_mean_ms,gpu_expand_rank_max_ms,gpu_expand_rank_mean_ms,gpu_expand_rank_max_rank,gpu_expand_storage_owner_max_ms,gpu_expand_storage_owner_mean_ms,embedding_exchange_rank_max_ms,embedding_exchange_rank_mean_ms,embedding_exchange_rank_max_rank,embedding_exchange_storage_owner_max_ms,embedding_exchange_storage_owner_mean_ms,output_reorder_rank_max_ms,output_reorder_rank_mean_ms,output_reorder_rank_max_rank,output_reorder_storage_owner_max_ms,output_reorder_storage_owner_mean_ms,storage_requested_rows_rank_max,storage_requested_rows_rank_mean,storage_requested_rows_rank_max_rank,storage_requested_rows_storage_owner_max,storage_requested_rows_storage_owner_mean,storage_unique_rows_rank_max,storage_unique_rows_rank_mean,storage_unique_rows_rank_max_rank,storage_unique_rows_storage_owner_max,storage_unique_rows_storage_owner_mean,storage_range_count_rank_max,storage_range_count_rank_mean,storage_range_count_rank_max_rank,storage_range_count_storage_owner_max,storage_range_count_storage_owner_mean,storage_query_count_rank_max,storage_query_count_rank_mean,storage_query_count_rank_max_rank,storage_query_count_storage_owner_max,storage_query_count_storage_owner_mean,index_bytes_rank_max,index_bytes_rank_mean,index_bytes_rank_max_rank,index_bytes_storage_owner_max,index_bytes_storage_owner_mean,raw_staging_bytes_rank_max,raw_staging_bytes_rank_mean,raw_staging_bytes_rank_max_rank,raw_staging_bytes_storage_owner_max,raw_staging_bytes_storage_owner_mean,output_bytes_rank_max,output_bytes_rank_mean,output_bytes_rank_max_rank,output_bytes_storage_owner_max,output_bytes_storage_owner_mean,id_routing_ms,gpu_sort_ms,gpu_deduplicate_ms,staging_allocation_ms,indices_d2h_ms,tiledb_read_ms,id_decode_ms,id_sort_ms,id_deduplicate_ms,query_setup_ms,range_build_ms,query_submit_ms,cpu_reorder_ms,rows_h2d_ms,gpu_expand_ms,embedding_exchange_ms,output_reorder_ms,storage_requested_rows,storage_unique_rows,storage_range_count,storage_query_count,index_bytes,raw_staging_bytes,output_bytes,tile_overlap_planning_ms,relevant_tile_overlap_ms,partition_planning_ms,internal_tile_read_ms,internal_unfilter_ms,internal_copy_ms,internal_reader_work_ms,tiledb_ranges_requested,tiledb_tiles_read,tiledb_vfs_read_ops,tiledb_vfs_read_bytes,storage_read_ops,storage_write_ops,storage_total_io_ops,storage_read_iops,storage_write_iops,storage_iops,storage_total_iops
cpu,none,,0,resident,overlap_clustered_runs_10_cross_rank_25,100000,cross_rank_25,clustered_runs_10,2048,0,35.06282402668148,3,False,0,0,9,1,10,0,0,0,0,0,0,0,0,0.14055449,400000,400000,100000,1.0,0.25,1.0,4,25000,25000,1.0,40,,2461560320,143552876544,,,,,,,,,06515cd658be08d88e7d3e9ba7197f2bac224210af08eb4eb4d14a4eb4dea90a,10,,10,0,0.0,0.0,0,,,0.0,0.0,0,,,0.0,0.0,0,,,0.0,0.0,0,,,0.0,0.0,0,,,0.0,0.0,0,,,0.0,0.0,0,,,0.0,0.0,0,,,0.0,0.0,0,,,0.0,0.0,0,,,0.0,0.0,0,,,0.0,0.0,0,,,0.0,0.0,0,,,0.0,0.0,0,,,0.0,0.0,0,,,0.0,0.0,0,,,0.0,0.0,0,,,0,0,0,,,0,0,0,,,0,0,0,,,0,0,0,,,0,0,0,,,0,0,0,,,0,0,0,,,0.0,0.0,0.0,0.0,0.0,0.0,0.0,0.0,0.0,0.0,0.0,0.0,0.0,0.0,0.0,0.0,0.0,0,0,0,0,0,0,0,,,,,,,,,,,,0,0,0,0.0,0.0,0.0,0.0
cpu,none,,0,resident,overlap_clustered_runs_10_cross_rank_25,100000,cross_rank_25,clustered_runs_10,2048,1,35.144002991728485,3,False,0,0,8,0,8,0,0,0,0,0,0,0,0,0.140428273,400000,400000,100000,1.0,0.25,1.0,4,25000,25000,1.0,40,,2461560320,143587241984,,,,,,,,,c4a9bdb6b29370f3c20a2b88174636e3da01163f290b1a479e0eff071a9cc3d5,10,,10,0,0.0,0.0,0,,,0.0,0.0,0,,,0.0,0.0,0,,,0.0,0.0,0,,,0.0,0.0,0,,,0.0,0.0,0,,,0.0,0.0,0,,,0.0,0.0,0,,,0.0,0.0,0,,,0.0,0.0,0,,,0.0,0.0,0,,,0.0,0.0,0,,,0.0,0.0,0,,,0.0,0.0,0,,,0.0,0.0,0,,,0.0,0.0,0,,,0.0,0.0,0,,,0,0,0,,,0,0,0,,,0,0,0,,,0,0,0,,,0,0,0,,,0,0,0,,,0,0,0,,,0.0,0.0,0.0,0.0,0.0,0.0,0.0,0.0,0.0,0.0,0.0,0.0,0.0,0.0,0.0,0.0,0.0,0,0,0,0,0,0,0,,,,,,,,,,,,0,0,0,0.0,0.0,0.0,0.0
cpu,none,,0,resident,overlap_clustered_runs_10_cross_rank_25,100000,cross_rank_25,clustered_runs_10,2048,2,34.95493601076305,1,False,0,0,8,0,8,0,0,0,0,0,0,0,0,0.14020802,400000,400000,100000,1.0,0.25,1.0,4,25000,25000,1.0,40,,2461560320,143587389440,,,,,,,,,9b8d000a2d371ea934f56b4b32da6a64c4ab410445bbf1d1b3719ca99c66d8bf,10,,10,0,0.0,0.0,0,,,0.0,0.0,0,,,0.0,0.0,0,,,0.0,0.0,0,,,0.0,0.0,0,,,0.0,0.0,0,,,0.0,0.0,0,,,0.0,0.0,0,,,0.0,0.0,0,,,0.0,0.0,0,,,0.0,0.0,0,,,0.0,0.0,0,,,0.0,0.0,0,,,0.0,0.0,0,,,0.0,0.0,0,,,0.0,0.0,0,,,0.0,0.0,0,,,0,0,0,,,0,0,0,,,0,0,0,,,0,0,0,,,0,0,0,,,0,0,0,,,0,0,0,,,0.0,0.0,0.0,0.0,0.0,0.0,0.0,0.0,0.0,0.0,0.0,0.0,0.0,0.0,0.0,0.0,0.0,0,0,0,0,0,0,0,,,,,,,,,,,,0,0,0,0.0,0.0,0.0,0.0
cpu,none,,0,resident,overlap_clustered_runs_10_cross_rank_25,100000,cross_rank_25,clustered_runs_10,2048,3,34.84085691161454,3,False,0,0,8,0,8,0,0,0,0,0,0,0,0,0.13939473400000002,400000,400000,100000,1.0,0.25,1.0,4,25000,25000,1.0,40,,2461560320,143587487744,,,,,,,,,ab433b66c347b17f84e6d73a175da384dcf266e6a028195ce7972f63016af071,10,,10,0,0.0,0.0,0,,,0.0,0.0,0,,,0.0,0.0,0,,,0.0,0.0,0,,,0.0,0.0,0,,,0.0,0.0,0,,,0.0,0.0,0,,,0.0,0.0,0,,,0.0,0.0,0,,,0.0,0.0,0,,,0.0,0.0,0,,,0.0,0.0,0,,,0.0,0.0,0,,,0.0,0.0,0,,,0.0,0.0,0,,,0.0,0.0,0,,,0.0,0.0,0,,,0,0,0,,,0,0,0,,,0,0,0,,,0,0,0,,,0,0,0,,,0,0,0,,,0,0,0,,,0.0,0.0,0.0,0.0,0.0,0.0,0.0,0.0,0.0,0.0,0.0,0.0,0.0,0.0,0.0,0.0,0.0,0,0,0,0,0,0,0,,,,,,,,,,,,0,0,0,0.0,0.0,0.0,0.0
cpu,none,,0,resident,overlap_clustered_runs_10_cross_rank_25,100000,cross_rank_25,clustered_runs_10,2048,4,35.03377502784133,3,False,0,0,8,0,8,0,0,0,0,0,0,0,0,0.139765564,400000,400000,100000,1.0,0.25,1.0,4,25000,25000,1.0,40,,2461560320,143587520512,,,,,,,,,9893bfa0df948d445bbec04d0a96bea1e28ba260f5d6e19c7064ab9943885cfe,10,,10,0,0.0,0.0,0,,,0.0,0.0,0,,,0.0,0.0,0,,,0.0,0.0,0,,,0.0,0.0,0,,,0.0,0.0,0,,,0.0,0.0,0,,,0.0,0.0,0,,,0.0,0.0,0,,,0.0,0.0,0,,,0.0,0.0,0,,,0.0,0.0,0,,,0.0,0.0,0,,,0.0,0.0,0,,,0.0,0.0,0,,,0.0,0.0,0,,,0.0,0.0,0,,,0,0,0,,,0,0,0,,,0,0,0,,,0,0,0,,,0,0,0,,,0,0,0,,,0,0,0,,,0.0,0.0,0.0,0.0,0.0,0.0,0.0,0.0,0.0,0.0,0.0,0.0,0.0,0.0,0.0,0.0,0.0,0,0,0,0,0,0,0,,,,,,,,,,,,0,0,0,0.0,0.0,0.0,0.0
cpu,none,,0,resident,overlap_clustered_runs_10_within_rank_25,100000,within_rank_25,clustered_runs_10,2048,0,35.55351693648845,1,False,0,0,8,0,8,0,0,0,0,0,0,0,0,0.126750102,400000,100000,100000,0.25,0.25,4.0,1,25000,25000,1.0,13,,2461560320,143587639296,,,,,,,,,06515cd658be08d88e7d3e9ba7197f2bac224210af08eb4eb4d14a4eb4dea90a,10,,10,0,0.0,0.0,0,,,0.0,0.0,0,,,0.0,0.0,0,,,0.0,0.0,0,,,0.0,0.0,0,,,0.0,0.0,0,,,0.0,0.0,0,,,0.0,0.0,0,,,0.0,0.0,0,,,0.0,0.0,0,,,0.0,0.0,0,,,0.0,0.0,0,,,0.0,0.0,0,,,0.0,0.0,0,,,0.0,0.0,0,,,0.0,0.0,0,,,0.0,0.0,0,,,0,0,0,,,0,0,0,,,0,0,0,,,0,0,0,,,0,0,0,,,0,0,0,,,0,0,0,,,0.0,0.0,0.0,0.0,0.0,0.0,0.0,0.0,0.0,0.0,0.0,0.0,0.0,0.0,0.0,0.0,0.0,0,0,0,0,0,0,0,,,,,,,,,,,,0,0,0,0.0,0.0,0.0,0.0
cpu,none,,0,resident,overlap_clustered_runs_10_within_rank_25,100000,within_rank_25,clustered_runs_10,2048,1,35.53604695480317,1,False,0,0,8,0,8,0,0,0,0,0,0,0,0,0.12692523,400000,100000,100000,0.25,0.25,4.0,1,25000,25000,1.0,13,,2461560320,143587733504,,,,,,,,,c4a9bdb6b29370f3c20a2b88174636e3da01163f290b1a479e0eff071a9cc3d5,10,,10,0,0.0,0.0,0,,,0.0,0.0,0,,,0.0,0.0,0,,,0.0,0.0,0,,,0.0,0.0,0,,,0.0,0.0,0,,,0.0,0.0,0,,,0.0,0.0,0,,,0.0,0.0,0,,,0.0,0.0,0,,,0.0,0.0,0,,,0.0,0.0,0,,,0.0,0.0,0,,,0.0,0.0,0,,,0.0,0.0,0,,,0.0,0.0,0,,,0.0,0.0,0,,,0,0,0,,,0,0,0,,,0,0,0,,,0,0,0,,,0,0,0,,,0,0,0,,,0,0,0,,,0.0,0.0,0.0,0.0,0.0,0.0,0.0,0.0,0.0,0.0,0.0,0.0,0.0,0.0,0.0,0.0,0.0,0,0,0,0,0,0,0,,,,,,,,,,,,0,0,0,0.0,0.0,0.0,0.0
cpu,none,,0,resident,overlap_clustered_runs_10_within_rank_25,100000,within_rank_25,clustered_runs_10,2048,2,35.45918792951852,1,False,0,0,8,0,8,0,0,0,0,0,0,0,0,0.12652867,400000,100000,100000,0.25,0.25,4.0,1,25000,25000,1.0,13,,2461560320,143587876864,,,,,,,,,9b8d000a2d371ea934f56b4b32da6a64c4ab410445bbf1d1b3719ca99c66d8bf,10,,10,0,0.0,0.0,0,,,0.0,0.0,0,,,0.0,0.0,0,,,0.0,0.0,0,,,0.0,0.0,0,,,0.0,0.0,0,,,0.0,0.0,0,,,0.0,0.0,0,,,0.0,0.0,0,,,0.0,0.0,0,,,0.0,0.0,0,,,0.0,0.0,0,,,0.0,0.0,0,,,0.0,0.0,0,,,0.0,0.0,0,,,0.0,0.0,0,,,0.0,0.0,0,,,0,0,0,,,0,0,0,,,0,0,0,,,0,0,0,,,0,0,0,,,0,0,0,,,0,0,0,,,0.0,0.0,0.0,0.0,0.0,0.0,0.0,0.0,0.0,0.0,0.0,0.0,0.0,0.0,0.0,0.0,0.0,0,0,0,0,0,0,0,,,,,,,,,,,,0,0,0,0.0,0.0,0.0,0.0
cpu,none,,0,resident,overlap_clustered_runs_10_within_rank_25,100000,within_rank_25,clustered_runs_10,2048,3,35.48634797334671,1,False,0,0,8,0,8,0,0,0,0,0,0,0,0,0.126632869,400000,100000,100000,0.25,0.25,4.0,1,25000,25000,1.0,13,,2461560320,143587962880,,,,,,,,,ab433b66c347b17f84e6d73a175da384dcf266e6a028195ce7972f63016af071,10,,10,0,0.0,0.0,0,,,0.0,0.0,0,,,0.0,0.0,0,,,0.0,0.0,0,,,0.0,0.0,0,,,0.0,0.0,0,,,0.0,0.0,0,,,0.0,0.0,0,,,0.0,0.0,0,,,0.0,0.0,0,,,0.0,0.0,0,,,0.0,0.0,0,,,0.0,0.0,0,,,0.0,0.0,0,,,0.0,0.0,0,,,0.0,0.0,0,,,0.0,0.0,0,,,0,0,0,,,0,0,0,,,0,0,0,,,0,0,0,,,0,0,0,,,0,0,0,,,0,0,0,,,0.0,0.0,0.0,0.0,0.0,0.0,0.0,0.0,0.0,0.0,0.0,0.0,0.0,0.0,0.0,0.0,0.0,0,0,0,0,0,0,0,,,,,,,,,,,,0,0,0,0.0,0.0,0.0,0.0
cpu,none,,0,resident,overlap_clustered_runs_10_within_rank_25,100000,within_rank_25,clustered_runs_10,2048,4,35.4266680078581,1,False,0,0,8,0,8,0,0,0,0,0,0,0,0,0.126379019,400000,100000,100000,0.25,0.25,4.0,1,25000,25000,1.0,13,,2461560320,143587962880,,,,,,,,,9893bfa0df948d445bbec04d0a96bea1e28ba260f5d6e19c7064ab9943885cfe,10,,10,0,0.0,0.0,0,,,0.0,0.0,0,,,0.0,0.0,0,,,0.0,0.0,0,,,0.0,0.0,0,,,0.0,0.0,0,,,0.0,0.0,0,,,0.0,0.0,0,,,0.0,0.0,0,,,0.0,0.0,0,,,0.0,0.0,0,,,0.0,0.0,0,,,0.0,0.0,0,,,0.0,0.0,0,,,0.0,0.0,0,,,0.0,0.0,0,,,0.0,0.0,0,,,0,0,0,,,0,0,0,,,0,0,0,,,0,0,0,,,0,0,0,,,0,0,0,,,0,0,0,,,0.0,0.0,0.0,0.0,0.0,0.0,0.0,0.0,0.0,0.0,0.0,0.0,0.0,0.0,0.0,0.0,0.0,0,0,0,0,0,0,0,,,,,,,,,,,,0,0,0,0.0,0.0,0.0,0.0
cpu,none,,0,resident,overlap_clustered_runs_40_cross_rank_25,100000,cross_rank_25,clustered_runs_40,2048,0,34.890586975961924,3,False,0,0,10,2,12,0,0,0,0,0,0,0,0,0.139791465,400000,400000,100000,1.0,0.25,1.0,4,25000,25000,1.0,160,,2461560320,143588032512,,,,,,,,,bee75faa87e67be1f8773a3b91bca0359f7c2ca546d099257ab6611a547e69b1,40,,40,0,0.0,0.0,0,,,0.0,0.0,0,,,0.0,0.0,0,,,0.0,0.0,0,,,0.0,0.0,0,,,0.0,0.0,0,,,0.0,0.0,0,,,0.0,0.0,0,,,0.0,0.0,0,,,0.0,0.0,0,,,0.0,0.0,0,,,0.0,0.0,0,,,0.0,0.0,0,,,0.0,0.0,0,,,0.0,0.0,0,,,0.0,0.0,0,,,0.0,0.0,0,,,0,0,0,,,0,0,0,,,0,0,0,,,0,0,0,,,0,0,0,,,0,0,0,,,0,0,0,,,0.0,0.0,0.0,0.0,0.0,0.0,0.0,0.0,0.0,0.0,0.0,0.0,0.0,0.0,0.0,0.0,0.0,0,0,0,0,0,0,0,,,,,,,,,,,,0,0,0,0.0,0.0,0.0,0.0
cpu,none,,0,resident,overlap_clustered_runs_40_cross_rank_25,100000,cross_rank_25,clustered_runs_40,2048,1,34.99924496281892,3,False,0,0,8,0,8,0,0,0,0,0,0,0,0,0.139971284,400000,400000,100000,1.0,0.25,1.0,4,25000,25000,1.0,160,,2461560320,143588577280,,,,,,,,,feda3e29af8130d212fb1b5a9444586694cc88c14a72a273e53a8905fb9e1a67,40,,40,0,0.0,0.0,0,,,0.0,0.0,0,,,0.0,0.0,0,,,0.0,0.0,0,,,0.0,0.0,0,,,0.0,0.0,0,,,0.0,0.0,0,,,0.0,0.0,0,,,0.0,0.0,0,,,0.0,0.0,0,,,0.0,0.0,0,,,0.0,0.0,0,,,0.0,0.0,0,,,0.0,0.0,0,,,0.0,0.0,0,,,0.0,0.0,0,,,0.0,0.0,0,,,0,0,0,,,0,0,0,,,0,0,0,,,0,0,0,,,0,0,0,,,0,0,0,,,0,0,0,,,0.0,0.0,0.0,0.0,0.0,0.0,0.0,0.0,0.0,0.0,0.0,0.0,0.0,0.0,0.0,0.0,0.0,0,0,0,0,0,0,0,,,,,,,,,,,,0,0,0,0.0,0.0,0.0,0.0
cpu,none,,0,resident,overlap_clustered_runs_40_cross_rank_25,100000,cross_rank_25,clustered_runs_40,2048,2,34.99181498773396,3,False,0,0,8,0,8,0,0,0,0,0,0,0,0,0.139908834,400000,400000,100000,1.0,0.25,1.0,4,25000,25000,1.0,160,,2461560320,143588626432,,,,,,,,,9908655c3e0c4f575e26e5181051499771dd5d741c0bc4da7c09c5886d9f776f,40,,40,0,0.0,0.0,0,,,0.0,0.0,0,,,0.0,0.0,0,,,0.0,0.0,0,,,0.0,0.0,0,,,0.0,0.0,0,,,0.0,0.0,0,,,0.0,0.0,0,,,0.0,0.0,0,,,0.0,0.0,0,,,0.0,0.0,0,,,0.0,0.0,0,,,0.0,0.0,0,,,0.0,0.0,0,,,0.0,0.0,0,,,0.0,0.0,0,,,0.0,0.0,0,,,0,0,0,,,0,0,0,,,0,0,0,,,0,0,0,,,0,0,0,,,0,0,0,,,0,0,0,,,0.0,0.0,0.0,0.0,0.0,0.0,0.0,0.0,0.0,0.0,0.0,0.0,0.0,0.0,0.0,0.0,0.0,0,0,0,0,0,0,0,,,,,,,,,,,,0,0,0,0.0,0.0,0.0,0.0
cpu,none,,0,resident,overlap_clustered_runs_40_cross_rank_25,100000,cross_rank_25,clustered_runs_40,2048,3,34.96846498455852,3,False,0,0,8,0,8,0,0,0,0,0,0,0,0,0.139728134,400000,400000,100000,1.0,0.25,1.0,4,25000,25000,1.0,160,,2461560320,143588741120,,,,,,,,,3ef88a05032ac7d8f932159c91871ccf138153c97090ef9c6bfabec2aa14f642,40,,40,0,0.0,0.0,0,,,0.0,0.0,0,,,0.0,0.0,0,,,0.0,0.0,0,,,0.0,0.0,0,,,0.0,0.0,0,,,0.0,0.0,0,,,0.0,0.0,0,,,0.0,0.0,0,,,0.0,0.0,0,,,0.0,0.0,0,,,0.0,0.0,0,,,0.0,0.0,0,,,0.0,0.0,0,,,0.0,0.0,0,,,0.0,0.0,0,,,0.0,0.0,0,,,0,0,0,,,0,0,0,,,0,0,0,,,0,0,0,,,0,0,0,,,0,0,0,,,0,0,0,,,0.0,0.0,0.0,0.0,0.0,0.0,0.0,0.0,0.0,0.0,0.0,0.0,0.0,0.0,0.0,0.0,0.0,0,0,0,0,0,0,0,,,,,,,,,,,,0,0,0,0.0,0.0,0.0,0.0
cpu,none,,0,resident,overlap_clustered_runs_40_cross_rank_25,100000,cross_rank_25,clustered_runs_40,2048,4,35.00774491112679,2,False,0,0,8,0,8,0,0,0,0,0,0,0,0,0.140151694,400000,400000,100000,1.0,0.25,1.0,4,25000,25000,1.0,160,,2461560320,143588876288,,,,,,,,,be2531b0b90632b33d29c1658aa560d2ecab05e5948896fca9e514eb0029ba8a,40,,40,0,0.0,0.0,0,,,0.0,0.0,0,,,0.0,0.0,0,,,0.0,0.0,0,,,0.0,0.0,0,,,0.0,0.0,0,,,0.0,0.0,0,,,0.0,0.0,0,,,0.0,0.0,0,,,0.0,0.0,0,,,0.0,0.0,0,,,0.0,0.0,0,,,0.0,0.0,0,,,0.0,0.0,0,,,0.0,0.0,0,,,0.0,0.0,0,,,0.0,0.0,0,,,0,0,0,,,0,0,0,,,0,0,0,,,0,0,0,,,0,0,0,,,0,0,0,,,0,0,0,,,0.0,0.0,0.0,0.0,0.0,0.0,0.0,0.0,0.0,0.0,0.0,0.0,0.0,0.0,0.0,0.0,0.0,0,0,0,0,0,0,0,,,,,,,,,,,,0,0,0,0.0,0.0,0.0,0.0
cpu,none,,0,resident,overlap_clustered_runs_40_within_rank_25,100000,within_rank_25,clustered_runs_40,2048,0,24.809699971228838,1,False,0,0,8,0,8,0,0,0,0,0,0,0,0,0.099333508,400000,100000,100000,0.25,0.25,4.0,1,25000,25000,1.0,40,,2461560320,143589281792,,,,,,,,,bee75faa87e67be1f8773a3b91bca0359f7c2ca546d099257ab6611a547e69b1,40,,40,0,0.0,0.0,0,,,0.0,0.0,0,,,0.0,0.0,0,,,0.0,0.0,0,,,0.0,0.0,0,,,0.0,0.0,0,,,0.0,0.0,0,,,0.0,0.0,0,,,0.0,0.0,0,,,0.0,0.0,0,,,0.0,0.0,0,,,0.0,0.0,0,,,0.0,0.0,0,,,0.0,0.0,0,,,0.0,0.0,0,,,0.0,0.0,0,,,0.0,0.0,0,,,0,0,0,,,0,0,0,,,0,0,0,,,0,0,0,,,0,0,0,,,0,0,0,,,0,0,0,,,0.0,0.0,0.0,0.0,0.0,0.0,0.0,0.0,0.0,0.0,0.0,0.0,0.0,0.0,0.0,0.0,0.0,0,0,0,0,0,0,0,,,,,,,,,,,,0,0,0,0.0,0.0,0.0,0.0
cpu,none,,0,resident,overlap_clustered_runs_40_within_rank_25,100000,within_rank_25,clustered_runs_40,2048,1,25.011767982505262,2,False,0,0,8,0,8,0,0,0,0,0,0,0,0,0.099265622,400000,100000,100000,0.25,0.25,4.0,1,25000,25000,1.0,40,,2461560320,143589281792,,,,,,,,,feda3e29af8130d212fb1b5a9444586694cc88c14a72a273e53a8905fb9e1a67,40,,40,0,0.0,0.0,0,,,0.0,0.0,0,,,0.0,0.0,0,,,0.0,0.0,0,,,0.0,0.0,0,,,0.0,0.0,0,,,0.0,0.0,0,,,0.0,0.0,0,,,0.0,0.0,0,,,0.0,0.0,0,,,0.0,0.0,0,,,0.0,0.0,0,,,0.0,0.0,0,,,0.0,0.0,0,,,0.0,0.0,0,,,0.0,0.0,0,,,0.0,0.0,0,,,0,0,0,,,0,0,0,,,0,0,0,,,0,0,0,,,0,0,0,,,0,0,0,,,0,0,0,,,0.0,0.0,0.0,0.0,0.0,0.0,0.0,0.0,0.0,0.0,0.0,0.0,0.0,0.0,0.0,0.0,0.0,0,0,0,0,0,0,0,,,,,,,,,,,,0,0,0,0.0,0.0,0.0,0.0
cpu,none,,0,resident,overlap_clustered_runs_40_within_rank_25,100000,within_rank_25,clustered_runs_40,2048,2,24.659872986376286,2,False,0,0,8,0,8,0,0,0,0,0,0,0,0,0.098087648,400000,100000,100000,0.25,0.25,4.0,1,25000,25000,1.0,40,,2461560320,143589281792,,,,,,,,,9908655c3e0c4f575e26e5181051499771dd5d741c0bc4da7c09c5886d9f776f,40,,40,0,0.0,0.0,0,,,0.0,0.0,0,,,0.0,0.0,0,,,0.0,0.0,0,,,0.0,0.0,0,,,0.0,0.0,0,,,0.0,0.0,0,,,0.0,0.0,0,,,0.0,0.0,0,,,0.0,0.0,0,,,0.0,0.0,0,,,0.0,0.0,0,,,0.0,0.0,0,,,0.0,0.0,0,,,0.0,0.0,0,,,0.0,0.0,0,,,0.0,0.0,0,,,0,0,0,,,0,0,0,,,0,0,0,,,0,0,0,,,0,0,0,,,0,0,0,,,0,0,0,,,0.0,0.0,0.0,0.0,0.0,0.0,0.0,0.0,0.0,0.0,0.0,0.0,0.0,0.0,0.0,0.0,0.0,0,0,0,0,0,0,0,,,,,,,,,,,,0,0,0,0.0,0.0,0.0,0.0
cpu,none,,0,resident,overlap_clustered_runs_40_within_rank_25,100000,within_rank_25,clustered_runs_40,2048,3,24.817941011860967,2,False,0,0,8,0,8,0,0,0,0,0,0,0,0,0.09857585199999999,400000,100000,100000,0.25,0.25,4.0,1,25000,25000,1.0,40,,2461560320,143589281792,,,,,,,,,3ef88a05032ac7d8f932159c91871ccf138153c97090ef9c6bfabec2aa14f642,40,,40,0,0.0,0.0,0,,,0.0,0.0,0,,,0.0,0.0,0,,,0.0,0.0,0,,,0.0,0.0,0,,,0.0,0.0,0,,,0.0,0.0,0,,,0.0,0.0,0,,,0.0,0.0,0,,,0.0,0.0,0,,,0.0,0.0,0,,,0.0,0.0,0,,,0.0,0.0,0,,,0.0,0.0,0,,,0.0,0.0,0,,,0.0,0.0,0,,,0.0,0.0,0,,,0,0,0,,,0,0,0,,,0,0,0,,,0,0,0,,,0,0,0,,,0,0,0,,,0,0,0,,,0.0,0.0,0.0,0.0,0.0,0.0,0.0,0.0,0.0,0.0,0.0,0.0,0.0,0.0,0.0,0.0,0.0,0,0,0,0,0,0,0,,,,,,,,,,,,0,0,0,0.0,0.0,0.0,0.0
cpu,none,,0,resident,overlap_clustered_runs_40_within_rank_25,100000,within_rank_25,clustered_runs_40,2048,4,24.961668998003006,2,False,0,0,8,0,8,0,0,0,0,0,0,0,0,0.099084732,400000,100000,100000,0.25,0.25,4.0,1,25000,25000,1.0,40,,2461560320,143589281792,,,,,,,,,be2531b0b90632b33d29c1658aa560d2ecab05e5948896fca9e514eb0029ba8a,40,,40,0,0.0,0.0,0,,,0.0,0.0,0,,,0.0,0.0,0,,,0.0,0.0,0,,,0.0,0.0,0,,,0.0,0.0,0,,,0.0,0.0,0,,,0.0,0.0,0,,,0.0,0.0,0,,,0.0,0.0,0,,,0.0,0.0,0,,,0.0,0.0,0,,,0.0,0.0,0,,,0.0,0.0,0,,,0.0,0.0,0,,,0.0,0.0,0,,,0.0,0.0,0,,,0,0,0,,,0,0,0,,,0,0,0,,,0,0,0,,,0,0,0,,,0,0,0,,,0,0,0,,,0.0,0.0,0.0,0.0,0.0,0.0,0.0,0.0,0.0,0.0,0.0,0.0,0.0,0.0,0.0,0.0,0.0,0,0,0,0,0,0,0,,,,,,,,,,,,0,0,0,0.0,0.0,0.0,0.0
cpu,none,,0,resident,overlap_clustered_runs_100_cross_rank_25,100000,cross_rank_25,clustered_runs_100,2048,0,34.70086900051683,0,False,0,0,8,0,8,0,0,0,0,0,0,0,0,0.138962524,400000,400000,100000,1.0,0.25,1.0,4,25000,25000,1.0,400,,2461560320,143589384192,,,,,,,,,1a7341e1fb12073b6f4d534d9d1181af2fb5f2969ec7e239233887c24dd0025d,100,,100,0,0.0,0.0,0,,,0.0,0.0,0,,,0.0,0.0,0,,,0.0,0.0,0,,,0.0,0.0,0,,,0.0,0.0,0,,,0.0,0.0,0,,,0.0,0.0,0,,,0.0,0.0,0,,,0.0,0.0,0,,,0.0,0.0,0,,,0.0,0.0,0,,,0.0,0.0,0,,,0.0,0.0,0,,,0.0,0.0,0,,,0.0,0.0,0,,,0.0,0.0,0,,,0,0,0,,,0,0,0,,,0,0,0,,,0,0,0,,,0,0,0,,,0,0,0,,,0,0,0,,,0.0,0.0,0.0,0.0,0.0,0.0,0.0,0.0,0.0,0.0,0.0,0.0,0.0,0.0,0.0,0.0,0.0,0,0,0,0,0,0,0,,,,,,,,,,,,0,0,0,0.0,0.0,0.0,0.0
cpu,none,,0,resident,overlap_clustered_runs_100_cross_rank_25,100000,cross_rank_25,clustered_runs_100,2048,1,34.741578972898424,1,False,0,0,8,0,8,0,0,0,0,0,0,0,0,0.139209364,400000,400000,100000,1.0,0.25,1.0,4,25000,25000,1.0,400,,2461560320,143589421056,,,,,,,,,4e9af92e727e080188c683f3999dedde6ee901ebe2223c853002da7f2c379057,100,,100,0,0.0,0.0,0,,,0.0,0.0,0,,,0.0,0.0,0,,,0.0,0.0,0,,,0.0,0.0,0,,,0.0,0.0,0,,,0.0,0.0,0,,,0.0,0.0,0,,,0.0,0.0,0,,,0.0,0.0,0,,,0.0,0.0,0,,,0.0,0.0,0,,,0.0,0.0,0,,,0.0,0.0,0,,,0.0,0.0,0,,,0.0,0.0,0,,,0.0,0.0,0,,,0,0,0,,,0,0,0,,,0,0,0,,,0,0,0,,,0,0,0,,,0,0,0,,,0,0,0,,,0.0,0.0,0.0,0.0,0.0,0.0,0.0,0.0,0.0,0.0,0.0,0.0,0.0,0.0,0.0,0.0,0.0,0,0,0,0,0,0,0,,,,,,,,,,,,0,0,0,0.0,0.0,0.0,0.0
cpu,none,,0,resident,overlap_clustered_runs_100_cross_rank_25,100000,cross_rank_25,clustered_runs_100,2048,2,34.81440793257207,2,False,0,0,8,0,8,0,0,0,0,0,0,0,0,0.139254524,400000,400000,100000,1.0,0.25,1.0,4,25000,25000,1.0,400,,2461560320,143589433344,,,,,,,,,618d2664490a8ac1870afb9b9300e638c80761ae044b7bbbe302adb0330ef3da,100,,100,0,0.0,0.0,0,,,0.0,0.0,0,,,0.0,0.0,0,,,0.0,0.0,0,,,0.0,0.0,0,,,0.0,0.0,0,,,0.0,0.0,0,,,0.0,0.0,0,,,0.0,0.0,0,,,0.0,0.0,0,,,0.0,0.0,0,,,0.0,0.0,0,,,0.0,0.0,0,,,0.0,0.0,0,,,0.0,0.0,0,,,0.0,0.0,0,,,0.0,0.0,0,,,0,0,0,,,0,0,0,,,0,0,0,,,0,0,0,,,0,0,0,,,0,0,0,,,0,0,0,,,0.0,0.0,0.0,0.0,0.0,0.0,0.0,0.0,0.0,0.0,0.0,0.0,0.0,0.0,0.0,0.0,0.0,0,0,0,0,0,0,0,,,,,,,,,,,,0,0,0,0.0,0.0,0.0,0.0
cpu,none,,0,resident,overlap_clustered_runs_100_cross_rank_25,100000,cross_rank_25,clustered_runs_100,2048,3,34.66499096248299,1,False,0,0,8,0,8,0,0,0,0,0,0,0,0,0.13883185,400000,400000,100000,1.0,0.25,1.0,4,25000,25000,1.0,400,,2461560320,143589474304,,,,,,,,,c431334b174e0b10e6781199628eb37bc918b0acdf21e1cd77217a06b3301cbc,100,,100,0,0.0,0.0,0,,,0.0,0.0,0,,,0.0,0.0,0,,,0.0,0.0,0,,,0.0,0.0,0,,,0.0,0.0,0,,,0.0,0.0,0,,,0.0,0.0,0,,,0.0,0.0,0,,,0.0,0.0,0,,,0.0,0.0,0,,,0.0,0.0,0,,,0.0,0.0,0,,,0.0,0.0,0,,,0.0,0.0,0,,,0.0,0.0,0,,,0.0,0.0,0,,,0,0,0,,,0,0,0,,,0,0,0,,,0,0,0,,,0,0,0,,,0,0,0,,,0,0,0,,,0.0,0.0,0.0,0.0,0.0,0.0,0.0,0.0,0.0,0.0,0.0,0.0,0.0,0.0,0.0,0.0,0.0,0,0,0,0,0,0,0,,,,,,,,,,,,0,0,0,0.0,0.0,0.0,0.0
cpu,none,,0,resident,overlap_clustered_runs_100_cross_rank_25,100000,cross_rank_25,clustered_runs_100,2048,4,35.0152850151062,2,False,0,0,8,0,8,0,0,0,0,0,0,0,0,0.140788825,400000,400000,100000,1.0,0.25,1.0,4,25000,25000,1.0,400,,2461560320,143589535744,,,,,,,,,62b7086c06814e91ec3a77b53ae2bc91d91f03a1f4c875fe2b09425a9d8e201a,100,,100,0,0.0,0.0,0,,,0.0,0.0,0,,,0.0,0.0,0,,,0.0,0.0,0,,,0.0,0.0,0,,,0.0,0.0,0,,,0.0,0.0,0,,,0.0,0.0,0,,,0.0,0.0,0,,,0.0,0.0,0,,,0.0,0.0,0,,,0.0,0.0,0,,,0.0,0.0,0,,,0.0,0.0,0,,,0.0,0.0,0,,,0.0,0.0,0,,,0.0,0.0,0,,,0,0,0,,,0,0,0,,,0,0,0,,,0,0,0,,,0,0,0,,,0,0,0,,,0,0,0,,,0.0,0.0,0.0,0.0,0.0,0.0,0.0,0.0,0.0,0.0,0.0,0.0,0.0,0.0,0.0,0.0,0.0,0,0,0,0,0,0,0,,,,,,,,,,,,0,0,0,0.0,0.0,0.0,0.0
cpu,none,,0,resident,overlap_clustered_runs_100_within_rank_25,100000,within_rank_25,clustered_runs_100,2048,0,22.167491959407926,3,False,0,0,8,0,8,0,0,0,0,0,0,0,0,0.088835088,400000,100000,100000,0.25,0.25,4.0,1,25000,25000,1.0,100,,2461560320,143589711872,,,,,,,,,1a7341e1fb12073b6f4d534d9d1181af2fb5f2969ec7e239233887c24dd0025d,100,,100,0,0.0,0.0,0,,,0.0,0.0,0,,,0.0,0.0,0,,,0.0,0.0,0,,,0.0,0.0,0,,,0.0,0.0,0,,,0.0,0.0,0,,,0.0,0.0,0,,,0.0,0.0,0,,,0.0,0.0,0,,,0.0,0.0,0,,,0.0,0.0,0,,,0.0,0.0,0,,,0.0,0.0,0,,,0.0,0.0,0,,,0.0,0.0,0,,,0.0,0.0,0,,,0,0,0,,,0,0,0,,,0,0,0,,,0,0,0,,,0,0,0,,,0,0,0,,,0,0,0,,,0.0,0.0,0.0,0.0,0.0,0.0,0.0,0.0,0.0,0.0,0.0,0.0,0.0,0.0,0.0,0.0,0.0,0,0,0,0,0,0,0,,,,,,,,,,,,0,0,0,0.0,0.0,0.0,0.0
cpu,none,,0,resident,overlap_clustered_runs_100_within_rank_25,100000,within_rank_25,clustered_runs_100,2048,1,22.301199031062424,2,False,0,0,8,0,8,0,0,0,0,0,0,0,0,0.089541774,400000,100000,100000,0.25,0.25,4.0,1,25000,25000,1.0,100,,2461560320,143589711872,,,,,,,,,4e9af92e727e080188c683f3999dedde6ee901ebe2223c853002da7f2c379057,100,,100,0,0.0,0.0,0,,,0.0,0.0,0,,,0.0,0.0,0,,,0.0,0.0,0,,,0.0,0.0,0,,,0.0,0.0,0,,,0.0,0.0,0,,,0.0,0.0,0,,,0.0,0.0,0,,,0.0,0.0,0,,,0.0,0.0,0,,,0.0,0.0,0,,,0.0,0.0,0,,,0.0,0.0,0,,,0.0,0.0,0,,,0.0,0.0,0,,,0.0,0.0,0,,,0,0,0,,,0,0,0,,,0,0,0,,,0,0,0,,,0,0,0,,,0,0,0,,,0,0,0,,,0.0,0.0,0.0,0.0,0.0,0.0,0.0,0.0,0.0,0.0,0.0,0.0,0.0,0.0,0.0,0.0,0.0,0,0,0,0,0,0,0,,,,,,,,,,,,0,0,0,0.0,0.0,0.0,0.0
cpu,none,,0,resident,overlap_clustered_runs_100_within_rank_25,100000,within_rank_25,clustered_runs_100,2048,2,22.207630914635956,3,False,0,0,8,0,8,0,0,0,0,0,0,0,0,0.088872558,400000,100000,100000,0.25,0.25,4.0,1,25000,25000,1.0,100,,2461560320,143589711872,,,,,,,,,618d2664490a8ac1870afb9b9300e638c80761ae044b7bbbe302adb0330ef3da,100,,100,0,0.0,0.0,0,,,0.0,0.0,0,,,0.0,0.0,0,,,0.0,0.0,0,,,0.0,0.0,0,,,0.0,0.0,0,,,0.0,0.0,0,,,0.0,0.0,0,,,0.0,0.0,0,,,0.0,0.0,0,,,0.0,0.0,0,,,0.0,0.0,0,,,0.0,0.0,0,,,0.0,0.0,0,,,0.0,0.0,0,,,0.0,0.0,0,,,0.0,0.0,0,,,0,0,0,,,0,0,0,,,0,0,0,,,0,0,0,,,0,0,0,,,0,0,0,,,0,0,0,,,0.0,0.0,0.0,0.0,0.0,0.0,0.0,0.0,0.0,0.0,0.0,0.0,0.0,0.0,0.0,0.0,0.0,0,0,0,0,0,0,0,,,,,,,,,,,,0,0,0,0.0,0.0,0.0,0.0
cpu,none,,0,resident,overlap_clustered_runs_100_within_rank_25,100000,within_rank_25,clustered_runs_100,2048,3,22.16197201050818,2,False,0,0,8,0,8,0,0,0,0,0,0,0,0,0.08883033800000001,400000,100000,100000,0.25,0.25,4.0,1,25000,25000,1.0,100,,2461560320,143589711872,,,,,,,,,c431334b174e0b10e6781199628eb37bc918b0acdf21e1cd77217a06b3301cbc,100,,100,0,0.0,0.0,0,,,0.0,0.0,0,,,0.0,0.0,0,,,0.0,0.0,0,,,0.0,0.0,0,,,0.0,0.0,0,,,0.0,0.0,0,,,0.0,0.0,0,,,0.0,0.0,0,,,0.0,0.0,0,,,0.0,0.0,0,,,0.0,0.0,0,,,0.0,0.0,0,,,0.0,0.0,0,,,0.0,0.0,0,,,0.0,0.0,0,,,0.0,0.0,0,,,0,0,0,,,0,0,0,,,0,0,0,,,0,0,0,,,0,0,0,,,0,0,0,,,0,0,0,,,0.0,0.0,0.0,0.0,0.0,0.0,0.0,0.0,0.0,0.0,0.0,0.0,0.0,0.0,0.0,0.0,0.0,0,0,0,0,0,0,0,,,,,,,,,,,,0,0,0,0.0,0.0,0.0,0.0
cpu,none,,0,resident,overlap_clustered_runs_100_within_rank_25,100000,within_rank_25,clustered_runs_100,2048,4,22.354908054694533,3,False,0,0,8,0,8,0,0,0,0,0,0,0,0,0.089351188,400000,100000,100000,0.25,0.25,4.0,1,25000,25000,1.0,100,,2461560320,143589711872,,,,,,,,,62b7086c06814e91ec3a77b53ae2bc91d91f03a1f4c875fe2b09425a9d8e201a,100,,100,0,0.0,0.0,0,,,0.0,0.0,0,,,0.0,0.0,0,,,0.0,0.0,0,,,0.0,0.0,0,,,0.0,0.0,0,,,0.0,0.0,0,,,0.0,0.0,0,,,0.0,0.0,0,,,0.0,0.0,0,,,0.0,0.0,0,,,0.0,0.0,0,,,0.0,0.0,0,,,0.0,0.0,0,,,0.0,0.0,0,,,0.0,0.0,0,,,0.0,0.0,0,,,0,0,0,,,0,0,0,,,0,0,0,,,0,0,0,,,0,0,0,,,0,0,0,,,0,0,0,,,0.0,0.0,0.0,0.0,0.0,0.0,0.0,0.0,0.0,0.0,0.0,0.0,0.0,0.0,0.0,0.0,0.0,0,0,0,0,0,0,0,,,,,,,,,,,,0,0,0,0.0,0.0,0.0,0.0
tiledb,node,256,0,cold,overlap_clustered_runs_10_cross_rank_25,100000,cross_rank_25,clustered_runs_10,2048,0,213.43239804264158,3,True,850427904,0,29,1,30,850427904,0,6500,0,6500,850427904,6500,0,1.504469072,400000,400000,100000,1.0,0.25,1.0,4,25000,25000,1.0,40,1612,2670282240,7265308672,,,,,,,,,06515cd658be08d88e7d3e9ba7197f2bac224210af08eb4eb4d14a4eb4dea90a,10,403,10,4,0.341025,0.31282275000000004,2,0.341025,0.31282275000000004,0.089119,0.08801575,0,0.089119,0.08801575,0.03948,0.038204749999999996,2,0.03948,0.038204749999999996,0.01424,0.01339425,0,0.01424,0.01339425,0.0118,0.0110125,1,0.0118,0.0110125,188.785245,172.66521925,3,188.785245,172.66521925,0.02186,0.021175,0,0.02186,0.021175,0.0,0.0,0,0.0,0.0,0.0,0.0,0,0.0,0.0,0.112978,0.08441799999999999,0,0.112978,0.08441799999999999,0.01632,0.0145075,0,0.01632,0.0145075,188.310543,172.22962325,3,188.310543,172.22962325,0.0,0.0,0,0.0,0.0,3.672614,3.648009,3,3.672614,3.648009,0.978555,0.96935025,2,0.978555,0.96935025,53.465443,34.01401225,0,53.465443,34.01401225,1.187332,1.1674422500000001,3,1.187332,1.1674422500000001,100000,100000,0,100000,100000,25000,25000,0,25000,25000,3,2.5,0,3,2.5,1,1,0,1,1,200000,200000,0,200000,200000,204800000,204800000,0,204800000,204800000,204800000,204800000,0,204800000,204800000,0.320515,0.088048,0.03503,0.013569,0.0096,188.785245,0.02104,0.0,0.0,0.07825800000000001,0.01395,188.310543,0.0,3.672614,0.967106,17.978955,1.187332,100000,25000,2,1,200000,204800000,204800000,,,,,,,,,,,,6500,0,6500,30454.607920871353,0.0,30454.607920871353,30454.607920871353
tiledb,node,256,0,cold,overlap_clustered_runs_10_cross_rank_25,100000,cross_rank_25,clustered_runs_10,2048,1,212.63564098626375,3,True,848330752,0,28,0,28,848330752,0,6484,0,6484,848330752,6484,0,1.470608943,400000,400000,100000,1.0,0.25,1.0,4,25000,25000,1.0,40,1608,2670282240,7265460224,,,,,,,,,c4a9bdb6b29370f3c20a2b88174636e3da01163f290b1a479e0eff071a9cc3d5,10,402,10,4,0.297376,0.27067625,2,0.297376,0.27067625,0.089469,0.087851,3,0.089469,0.087851,0.03931,0.0379675,0,0.03931,0.0379675,0.012799,0.011374,0,0.012799,0.011374,0.0111,0.01041,1,0.0111,0.01041,188.121946,169.2561315,3,188.121946,169.2561315,0.02078,0.0203975,0,0.02078,0.0203975,0.0,0.0,0,0.0,0.0,0.0,0.0,0,0.0,0.0,0.08469900000000001,0.07597125,0,0.08469900000000001,0.07597125,0.01409,0.013447,1,0.01409,0.013447,187.642603,168.60653125,3,187.642603,168.60653125,0.0,0.0,0,0.0,0.0,3.738812,3.67047875,3,3.738812,3.67047875,0.978095,0.972578,2,0.978095,0.972578,58.654744,36.7196815,0,58.654744,36.7196815,1.185662,1.16418725,3,1.185662,1.16418725,100000,100000,0,100000,100000,25000,25000,0,25000,25000,3,2.5,0,3,2.5,1,1,0,1,1,200000,200000,0,200000,200000,204800000,204800000,0,204800000,204800000,204800000,204800000,0,204800000,204800000,0.245177,0.089469,0.03695,0.012139,0.01101,188.121946,0.02,0.0,0.0,0.083189,0.013569,187.642603,0.0,3.738812,0.961416,17.883807,1.185662,100000,25000,2,1,200000,204800000,204800000,,,,,,,,,,,,6484,0,6484,30493.47686928395,0.0,30493.47686928395,30493.47686928395
tiledb,node,256,0,cold,overlap_clustered_runs_10_cross_rank_25,100000,cross_rank_25,clustered_runs_10,2048,2,214.62420001626015,3,True,846245888,0,29,1,30,846245888,0,6468,0,6468,846245888,6468,0,1.483967765,400000,400000,100000,1.0,0.25,1.0,4,25000,25000,1.0,40,1604,2670282240,7265579008,,,,,,,,,9b8d000a2d371ea934f56b4b32da6a64c4ab410445bbf1d1b3719ca99c66d8bf,10,401,10,4,0.293406,0.25727425,2,0.293406,0.25727425,0.088649,0.087754,3,0.088649,0.087754,0.038339,0.0376815,1,0.038339,0.0376815,0.01341,0.011747500000000001,0,0.01341,0.011747500000000001,0.01155,0.0114175,0,0.01155,0.0114175,189.596503,168.64209825,3,189.596503,168.64209825,0.02106,0.020415,1,0.02106,0.020415,0.0,0.0,0,0.0,0.0,0.0,0.0,0,0.0,0.0,0.087719,0.07952624999999999,0,0.087719,0.07952624999999999,0.01504,0.013902,0,0.01504,0.013902,189.0963,168.18955725,3,189.0963,168.18955725,0.0,0.0,0,0.0,0.0,3.798322,3.69426825,1,3.798322,3.69426825,0.985115,0.976645,1,0.985115,0.976645,57.195176,39.2769375,1,57.195176,39.2769375,1.176402,1.1713594999999999,3,1.176402,1.1713594999999999,100000,100000,0,100000,100000,25000,25000,0,25000,25000,3,2.5,0,3,2.5,1,1,0,1,1,200000,200000,0,200000,200000,204800000,204800000,0,204800000,204800000,204800000,204800000,0,204800000,204800000,0.231527,0.088649,0.037069,0.01191,0.01146,189.596503,0.01986,0.0,0.0,0.080029,0.012909,189.0963,0.0,3.640744,0.974525,18.501458,1.176402,100000,25000,2,1,200000,204800000,204800000,,,,,,,,,,,,6468,0,6468,30136.396545729596,0.0,30136.396545729596,30136.396545729596
tiledb,node,256,0,cold,overlap_clustered_runs_10_cross_rank_25,100000,cross_rank_25,clustered_runs_10,2048,3,212.82198803965002,3,True,846233600,0,28,0,28,846233600,0,6468,0,6468,846233600,6468,0,1.476685268,400000,400000,100000,1.0,0.25,1.0,4,25000,25000,1.0,40,1604,2670282240,7265751040,,,,,,,,,ab433b66c347b17f84e6d73a175da384dcf266e6a028195ce7972f63016af071,10,401,10,4,0.283355,0.25719825,2,0.283355,0.25719825,0.087949,0.08755399999999999,3,0.087949,0.08755399999999999,0.038469,0.037874000000000005,1,0.038469,0.037874000000000005,0.0125,0.01144,0,0.0125,0.01144,0.01116,0.010985,0,0.01116,0.010985,188.330842,173.4295745,3,188.330842,173.4295745,0.020689,0.020449,0,0.020689,0.020449,0.0,0.0,0,0.0,0.0,0.0,0.0,0,0.0,0.0,0.082679,0.0766965,0,0.082679,0.0766965,0.01438,0.013575,0,0.01438,0.013575,187.80903,172.93610475,3,187.80903,172.93610475,0.0,0.0,0,0.0,0.0,3.706343,3.6608662499999998,2,3.706343,3.6608662499999998,0.978745,0.9732605,3,0.978745,0.9732605,48.983701,32.73678675,0,48.983701,32.73678675,1.182002,1.16719,3,1.182002,1.16719,100000,100000,0,100000,100000,25000,25000,0,25000,25000,3,2.5,0,3,2.5,1,1,0,1,1,200000,200000,0,200000,200000,204800000,204800000,0,204800000,204800000,204800000,204800000,0,204800000,204800000,0.233696,0.087949,0.037039,0.01183,0.01108,188.330842,0.019939,0.0,0.0,0.080109,0.01252,187.80903,0.0,3.654314,0.978745,17.930596,1.182002,100000,25000,2,1,200000,204800000,204800000,,,,,,,,,,,,6468,0,6468,30391.596561888015,0.0,30391.596561888015,30391.596561888015
tiledb,node,256,0,cold,overlap_clustered_runs_10_cross_rank_25,100000,cross_rank_25,clustered_runs_10,2048,4,202.8110109968111,2,True,848334848,0,28,0,28,848334848,0,6484,0,6484,848334848,6484,0,1.426311237,400000,400000,100000,1.0,0.25,1.0,4,25000,25000,1.0,40,1608,2670282240,7265849344,,,,,,,,,9893bfa0df948d445bbec04d0a96bea1e28ba260f5d6e19c7064ab9943885cfe,10,402,10,4,0.605601,0.4464205,2,0.605601,0.4464205,0.090388,0.08861575000000001,3,0.090388,0.08861575000000001,0.03907,0.03807725,0,0.03907,0.03807725,0.01401,0.012625,1,0.01401,0.012625,0.011519,0.011212,1,0.011519,0.011212,177.844192,159.051327,2,177.844192,159.051327,0.02052,0.020277,1,0.02052,0.020277,0.0,0.0,0,0.0,0.0,0.0,0.0,0,0.0,0.0,0.09577899999999999,0.087541,1,0.09577899999999999,0.087541,0.014379,0.01366475,1,0.014379,0.01366475,177.454418,158.59818925000002,2,177.454418,158.59818925000002,0.0,0.0,0,0.0,0.0,3.721803,3.6665865,2,3.721803,3.6665865,1.047154,0.98908475,0,1.047154,0.98908475,57.891385,36.725091,1,57.891385,36.725091,1.187372,1.1652025,3,1.187372,1.1652025,100000,100000,0,100000,100000,25000,25000,0,25000,25000,3,2.5,0,3,2.5,1,1,0,1,1,200000,200000,0,200000,200000,204800000,204800000,0,204800000,204800000,204800000,204800000,0,204800000,204800000,0.605601,0.087539,0.037479,0.01033,0.011,177.844192,0.020209,0.0,0.0,0.073659,0.0132,177.454418,0.0,3.721803,0.969905,18.014034,1.179632,100000,25000,2,1,200000,204800000,204800000,,,,,,,,,,,,6484,0,6484,31970.650745890474,0.0,31970.650745890474,31970.650745890474
tiledb,node,256,0,cold,overlap_clustered_runs_10_within_rank_25,100000,within_rank_25,clustered_runs_10,2048,0,212.13096799328923,1,True,850427904,0,28,0,28,850427904,0,6500,0,6500,850427904,6500,0,1.44963064,400000,100000,100000,0.25,0.25,4.0,1,25000,25000,1.0,13,406,2670282240,7266152448,,,,,,,,,06515cd658be08d88e7d3e9ba7197f2bac224210af08eb4eb4d14a4eb4dea90a,10,403,10,4,0.299655,0.283736,2,0.299655,0.283736,0.087679,0.08625375,3,0.087679,0.08625375,0.03949,0.0381575,0,0.03949,0.0381575,0.014669,0.01338925,0,0.014669,0.01338925,0.01174,0.01100225,3,0.01174,0.01100225,183.21862,167.79110375,3,183.21862,167.79110375,0.02276,0.0220625,0,0.02276,0.0220625,0.0,0.0,0,0.0,0.0,0.0,0.0,0,0.0,0.0,0.090728,0.07671875,0,0.090728,0.07671875,0.015569,0.014999499999999999,1,0.015569,0.014999499999999999,182.740068,167.35272025,3,182.740068,167.35272025,0.0,0.0,0,0.0,0.0,3.799162,3.690106,2,3.799162,3.690106,0.790618,0.788518,1,0.790618,0.788518,52.781154,34.97366825,0,52.781154,34.97366825,1.181142,1.17106475,1,1.181142,1.17106475,100000,100000,0,100000,100000,25000,25000,0,25000,25000,3,2.5,0,3,2.5,1,1,0,1,1,200000,200000,0,200000,200000,204800000,204800000,0,204800000,204800000,204800000,204800000,0,204800000,204800000,0.299196,0.086669,0.03863,0.012599,0.0115,156.637197,0.02252,0.0,0.0,0.071999,0.015569,156.164874,0.0,3.630904,0.790618,49.07663,1.181142,100000,25000,3,1,200000,204800000,204800000,,,,,,,,,,,,6500,0,6500,30641.447882355526,0.0,30641.447882355526,30641.447882355526
tiledb,node,256,0,cold,overlap_clustered_runs_10_within_rank_25,100000,within_rank_25,clustered_runs_10,2048,1,214.0191700309515,1,True,848330752,0,29,1,30,848330752,0,6484,0,6484,848330752,6484,0,1.439348017,400000,100000,100000,0.25,0.25,4.0,1,25000,25000,1.0,13,405,2670282240,7266226176,,,,,,,,,c4a9bdb6b29370f3c20a2b88174636e3da01163f290b1a479e0eff071a9cc3d5,10,402,10,4,0.269566,0.243956,2,0.269566,0.243956,0.087568,0.086361,1,0.087568,0.086361,0.039089,0.038109500000000004,0,0.039089,0.038109500000000004,0.0125,0.011317500000000001,0,0.0125,0.011317500000000001,0.01125,0.01095475,2,0.01125,0.01095475,186.992802,167.6350585,3,186.992802,167.6350585,0.020699,0.020492,2,0.020699,0.020492,0.0,0.0,0,0.0,0.0,0.0,0.0,0,0.0,0.0,0.081879,0.076399,0,0.081879,0.076399,0.01402,0.013837499999999999,3,0.01402,0.013837499999999999,186.48144,167.17346775,3,186.48144,167.17346775,0.0,0.0,0,0.0,0.0,3.635295,3.63363925,3,3.635295,3.63363925,0.794497,0.78978275,3,0.794497,0.78978275,55.368874,36.628763,0,55.368874,36.628763,1.178402,1.16740975,1,1.178402,1.16740975,100000,100000,0,100000,100000,25000,25000,0,25000,25000,3,2.5,0,3,2.5,1,1,0,1,1,200000,200000,0,200000,200000,204800000,204800000,0,204800000,204800000,204800000,204800000,0,204800000,204800000,0.235176,0.087568,0.03821,0.01179,0.010899,152.985663,0.02041,0.0,0.0,0.081169,0.01398,152.46566,0.0,3.634844,0.793638,54.671235,1.178402,100000,25000,3,1,200000,204800000,204800000,,,,,,,,,,,,6484,0,6484,30296.351486001382,0.0,30296.351486001382,30296.351486001382
tiledb,node,256,0,cold,overlap_clustered_runs_10_within_rank_25,100000,within_rank_25,clustered_runs_10,2048,2,212.41465397179127,1,True,846245888,0,28,0,28,846245888,0,6468,0,6468,846245888,6468,0,1.435645753,400000,100000,100000,0.25,0.25,4.0,1,25000,25000,1.0,13,404,2670282240,7266299904,,,,,,,,,9b8d000a2d371ea934f56b4b32da6a64c4ab410445bbf1d1b3719ca99c66d8bf,10,401,10,4,0.285146,0.2566365,2,0.285146,0.2566365,0.088059,0.08646575,3,0.088059,0.08646575,0.04317,0.04140225,1,0.04317,0.04140225,0.01426,0.0124795,2,0.01426,0.0124795,0.0115,0.01089475,3,0.0115,0.01089475,184.253335,165.91940275000002,3,184.253335,165.91940275000002,0.02085,0.02043,0,0.02085,0.02043,0.0,0.0,0,0.0,0.0,0.0,0.0,0,0.0,0.0,0.083689,0.07819625,1,0.083689,0.07819625,0.014839,0.013617,1,0.014839,0.013617,183.731533,165.43516975,3,183.731533,165.43516975,0.0,0.0,0,0.0,0.0,3.692143,3.65567875,2,3.692143,3.65567875,0.863647,0.80642,1,0.863647,0.80642,59.616379,37.182182,1,59.616379,37.182182,1.180392,1.171832,1,1.180392,1.171832,100000,100000,0,100000,100000,25000,25000,0,25000,25000,3,2.5,0,3,2.5,1,1,0,1,1,200000,200000,0,200000,200000,204800000,204800000,0,204800000,204800000,204800000,204800000,0,204800000,204800000,0.233697,0.086278,0.04317,0.012289,0.01027,146.362184,0.02035,0.0,0.0,0.083689,0.014839,145.901481,0.0,3.635184,0.863647,59.616379,1.180392,100000,25000,3,1,200000,204800000,204800000,,,,,,,,,,,,6468,0,6468,30449.876593066656,0.0,30449.876593066656,30449.876593066656
tiledb,node,256,0,cold,overlap_clustered_runs_10_within_rank_25,100000,within_rank_25,clustered_runs_10,2048,3,213.4279990568757,1,True,846233600,0,31,3,34,846233600,0,6468,0,6468,846233600,6468,0,1.443628228,400000,100000,100000,0.25,0.25,4.0,1,25000,25000,1.0,13,404,2670282240,7266402304,,,,,,,,,ab433b66c347b17f84e6d73a175da384dcf266e6a028195ce7972f63016af071,10,401,10,4,0.276325,0.25395825,2,0.276325,0.25395825,0.087299,0.086354,3,0.087299,0.086354,0.039109,0.038474,0,0.039109,0.038474,0.01367,0.0125975,1,0.01367,0.0125975,0.01149,0.011245,2,0.01149,0.011245,185.341898,169.620308,3,185.341898,169.620308,0.020979,0.02038175,0,0.020979,0.02038175,0.0,0.0,0,0.0,0.0,0.0,0.0,0,0.0,0.0,0.082009,0.07710924999999999,1,0.082009,0.07710924999999999,0.01459,0.01368975,0,0.01459,0.01368975,184.866145,169.16455725,3,184.866145,169.16455725,0.0,0.0,0,0.0,0.0,3.689194,3.6601292500000002,2,3.689194,3.6601292500000002,0.791048,0.78895775,3,0.791048,0.78895775,50.624446,34.53256725,1,50.624446,34.53256725,1.181572,1.16985925,1,1.181572,1.16985925,100000,100000,0,100000,100000,25000,25000,0,25000,25000,3,2.5,0,3,2.5,1,1,0,1,1,200000,200000,0,200000,200000,204800000,204800000,0,204800000,204800000,204800000,204800000,0,204800000,204800000,0.232556,0.087069,0.038699,0.01367,0.01129,156.41007,0.020159,0.0,0.0,0.082009,0.01419,155.906327,0.0,3.675284,0.787378,50.624446,1.181572,100000,25000,3,1,200000,204800000,204800000,,,,,,,,,,,,6468,0,6468,30305.302156144775,0.0,30305.302156144775,30305.302156144775
tiledb,node,256,0,cold,overlap_clustered_runs_10_within_rank_25,100000,within_rank_25,clustered_runs_10,2048,4,211.1748829483986,1,True,848334848,0,28,0,28,848334848,0,6484,0,6484,848334848,6484,0,1.4604566939999999,400000,100000,100000,0.25,0.25,4.0,1,25000,25000,1.0,13,405,2670282240,7266476032,,,,,,,,,9893bfa0df948d445bbec04d0a96bea1e28ba260f5d6e19c7064ab9943885cfe,10,402,10,4,0.374204,0.32184250000000003,2,0.374204,0.32184250000000003,0.087308,0.086673,3,0.087308,0.086673,0.03875,0.0377975,2,0.03875,0.0377975,0.014719,0.01189975,0,0.014719,0.01189975,0.01099,0.010882,2,0.01099,0.010882,182.719388,163.12636725,3,182.719388,163.12636725,0.02125,0.02055975,0,0.02125,0.02055975,0.0,0.0,0,0.0,0.0,0.0,0.0,0,0.0,0.0,0.094139,0.07972375,0,0.094139,0.07972375,0.014599,0.01347725,0,0.014599,0.01347725,182.253584,159.427951,3,182.253584,159.427951,0.0,0.0,0,0.0,0.0,3.762453,3.7121035,0,3.762453,3.7121035,0.792498,0.789018,3,0.792498,0.789018,60.275739,38.53833625,1,60.275739,38.53833625,1.179652,1.168082,1,1.179652,1.168082,100000,100000,0,100000,100000,25000,25000,0,25000,25000,3,2.5,0,3,2.5,1,1,0,1,1,200000,200000,0,200000,200000,204800000,204800000,0,204800000,204800000,204800000,204800000,0,204800000,204800000,0.335645,0.086568,0.03773,0.01078,0.010829,144.396704,0.02027,0.0,0.0,0.080958,0.01385,130.89365,0.0,3.685474,0.786568,60.275739,1.179652,100000,25000,3,1,200000,204800000,204800000,,,,,,,,,,,,6484,0,6484,30704.409110928173,0.0,30704.409110928173,30704.409110928173
tiledb,node,256,0,cold,overlap_clustered_runs_40_cross_rank_25,100000,cross_rank_25,clustered_runs_40,2048,0,217.82830101437867,1,True,915943424,0,48,0,48,915943424,0,7005,0,7005,915943424,7005,0,1.035135182,400000,400000,100000,1.0,0.25,1.0,4,25000,25000,1.0,160,1716,2670282240,7267098624,,,,,,,,,bee75faa87e67be1f8773a3b91bca0359f7c2ca546d099257ab6611a547e69b1,40,429,40,4,0.318325,0.2915855,1,0.318325,0.2915855,0.092198,0.089118,3,0.092198,0.089118,0.0398,0.03835,0,0.0398,0.03835,0.015009,0.0132395,0,0.015009,0.0132395,0.01177,0.0115745,3,0.01177,0.0115745,193.551043,191.62151975,1,193.551043,191.62151975,0.02181,0.0212975,0,0.02181,0.0212975,0.0,0.0,0,0.0,0.0,0.0,0.0,0,0.0,0.0,0.091718,0.07719625,0,0.091718,0.07719625,0.01693,0.01640225,0,0.01693,0.01640225,192.046826,187.4782775,3,192.046826,187.4782775,0.0,0.0,0,0.0,0.0,3.719623,3.70535575,0,3.719623,3.70535575,1.063904,1.00415225,2,1.063904,1.00415225,21.394913,19.38711875,0,21.394913,19.38711875,1.178792,1.17496225,3,1.178792,1.17496225,100000,100000,0,100000,100000,25000,25000,0,25000,25000,10,10,0,10,10,1,1,0,1,1,200000,200000,0,200000,200000,204800000,204800000,0,204800000,204800000,204800000,204800000,0,204800000,204800000,0.318325,0.087058,0.03784,0.01191,0.011759,193.551043,0.02107,0.0,0.0,0.071829,0.01623,178.409713,0.0,3.712743,0.983385,17.565432,1.173982,100000,25000,10,1,200000,204800000,204800000,,,,,,,,,,,,7005,0,7005,32158.35576635015,0.0,32158.35576635015,32158.35576635015
tiledb,node,256,0,cold,overlap_clustered_runs_40_cross_rank_25,100000,cross_rank_25,clustered_runs_40,2048,1,220.01027793157846,3,True,913854464,0,51,3,54,913854464,0,6988,0,6988,913854464,6988,0,1.022602077,400000,400000,100000,1.0,0.25,1.0,4,25000,25000,1.0,160,1712,2670282240,7267192832,,,,,,,,,feda3e29af8130d212fb1b5a9444586694cc88c14a72a273e53a8905fb9e1a67,40,428,40,4,0.274276,0.24512175,2,0.274276,0.24512175,0.090259,0.087794,3,0.090259,0.087794,0.039349,0.0382565,0,0.039349,0.0382565,0.01351,0.0117225,0,0.01351,0.0117225,0.01838,0.01499,1,0.01838,0.01499,195.508062,193.67666025,3,195.508062,193.67666025,0.0248,0.02155,2,0.0248,0.02155,0.0,0.0,0,0.0,0.0,0.0,0.0,0,0.0,0.0,0.08373900000000001,0.077719,0,0.08373900000000001,0.077719,0.01672,0.01599975,1,0.01672,0.01599975,194.949341,193.21197275,3,194.949341,193.21197275,0.0,0.0,0,0.0,0.0,3.757663,3.685116,3,3.757663,3.685116,0.986275,0.97452275,1,0.986275,0.97452275,22.585915,19.6403125,2,22.585915,19.6403125,1.181022,1.1764295,3,1.181022,1.1764295,100000,100000,0,100000,100000,25000,25000,0,25000,25000,10,10,0,10,10,1,1,0,1,1,200000,200000,0,200000,200000,204800000,204800000,0,204800000,204800000,204800000,204800000,0,204800000,204800000,0.232497,0.090259,0.037289,0.01161,0.01378,195.508062,0.01981,0.0,0.0,0.080779,0.01569,194.949341,0.0,3.757663,0.971715,17.842758,1.181022,100000,25000,10,1,200000,204800000,204800000,,,,,,,,,,,,6988,0,6988,31762.15250349902,0.0,31762.15250349902,31762.15250349902
tiledb,node,256,0,cold,overlap_clustered_runs_40_cross_rank_25,100000,cross_rank_25,clustered_runs_40,2048,2,220.65366804599762,3,True,918089728,0,48,0,48,918089728,0,7022,0,7022,918089728,7022,0,1.066258433,400000,400000,100000,1.0,0.25,1.0,4,25000,25000,1.0,160,1720,2670282240,7267250176,,,,,,,,,9908655c3e0c4f575e26e5181051499771dd5d741c0bc4da7c09c5886d9f776f,40,430,40,4,0.286936,0.244929,2,0.286936,0.244929,0.090548,0.08852550000000001,3,0.090548,0.08852550000000001,0.03921,0.037575,1,0.03921,0.037575,0.01276,0.0114725,0,0.01276,0.0114725,0.011669,0.010774249999999999,1,0.011669,0.010774249999999999,196.258212,195.39389475000002,3,196.258212,195.39389475000002,0.02096,0.02036975,0,0.02096,0.02036975,0.0,0.0,0,0.0,0.0,0.0,0.0,0,0.0,0.0,0.084928,0.07864325,0,0.084928,0.07864325,0.0166,0.0159775,0,0.0166,0.0159775,195.71275,194.91876925,3,195.71275,194.91876925,0.0,0.0,0,0.0,0.0,3.823221,3.7723445,2,3.823221,3.7723445,0.985985,0.97208025,0,0.985985,0.97208025,19.719969,18.51683725,0,19.719969,18.51683725,1.184752,1.178577,3,1.184752,1.178577,100000,100000,0,100000,100000,25000,25000,0,25000,25000,10,10,0,10,10,1,1,0,1,1,200000,200000,0,200000,200000,204800000,204800000,0,204800000,204800000,204800000,204800000,0,204800000,204800000,0.230966,0.090548,0.03794,0.01192,0.011269,196.258212,0.01982,0.0,0.0,0.079298,0.01589,195.71275,0.0,3.767152,0.971385,17.733179,1.184752,100000,25000,10,1,200000,204800000,204800000,,,,,,,,,,,,7022,0,7022,31823.62687275241,0.0,31823.62687275241,31823.62687275241
tiledb,node,256,0,cold,overlap_clustered_runs_40_cross_rank_25,100000,cross_rank_25,clustered_runs_40,2048,3,221.02647298015654,0,True,918036480,0,49,1,50,918036480,0,7020,0,7020,918036480,7020,0,1.081341493,400000,400000,100000,1.0,0.25,1.0,4,25000,25000,1.0,160,1720,2670282240,7267336192,,,,,,,,,3ef88a05032ac7d8f932159c91871ccf138153c97090ef9c6bfabec2aa14f642,40,430,40,4,0.298516,0.25489875,2,0.298516,0.25489875,0.090048,0.088208,3,0.090048,0.088208,0.03897,0.038017499999999996,1,0.03897,0.038017499999999996,0.013089,0.01169425,0,0.013089,0.01169425,0.01192,0.01130725,1,0.01192,0.01130725,196.723954,195.9473785,0,196.723954,195.9473785,0.02068,0.020245,0,0.02068,0.020245,0.0,0.0,0,0.0,0.0,0.0,0.0,0,0.0,0.0,0.095238,0.0822085,0,0.095238,0.0822085,0.02134,0.017492,2,0.02134,0.017492,196.189022,195.4540385,0,196.189022,195.4540385,0.0,0.0,0,0.0,0.0,3.94854,3.83275125,1,3.94854,3.83275125,0.983325,0.9704025000000001,0,0.983325,0.9704025000000001,18.910101,18.227729,3,18.910101,18.227729,1.181872,1.1754820000000001,3,1.181872,1.1754820000000001,100000,100000,0,100000,100000,25000,25000,0,25000,25000,10,10,0,10,10,1,1,0,1,1,200000,200000,0,200000,200000,204800000,204800000,0,204800000,204800000,204800000,204800000,0,204800000,204800000,0.245186,0.088138,0.03815,0.013089,0.01067,196.723954,0.02068,0.0,0.0,0.095238,0.01737,196.189022,0.0,3.785282,0.983325,17.595961,1.177342,100000,25000,10,1,200000,204800000,204800000,,,,,,,,,,,,7020,0,7020,31760.901331625766,0.0,31760.901331625766,31760.901331625766
tiledb,node,256,0,cold,overlap_clustered_runs_40_cross_rank_25,100000,cross_rank_25,clustered_runs_40,2048,4,220.28159408364445,1,True,920166400,0,48,0,48,920166400,0,7038,0,7038,920166400,7038,0,1.037998704,400000,400000,100000,1.0,0.25,1.0,4,25000,25000,1.0,160,1724,2670282240,7267336192,,,,,,,,,be2531b0b90632b33d29c1658aa560d2ecab05e5948896fca9e514eb0029ba8a,40,431,40,4,0.284746,0.24978675,2,0.284746,0.24978675,0.089899,0.0879115,3,0.089899,0.0879115,0.03869,0.038025,2,0.03869,0.038025,0.012729,0.011546500000000001,0,0.012729,0.011546500000000001,0.01152,0.0112975,3,0.01152,0.0112975,196.079514,194.94174375,1,196.079514,194.94174375,0.02094,0.02042,0,0.02094,0.02042,0.0,0.0,0,0.0,0.0,0.0,0.0,0,0.0,0.0,0.084679,0.07812625000000001,0,0.084679,0.07812625000000001,0.016889,0.01605925,0,0.016889,0.01605925,195.560652,194.37121525,1,195.560652,194.37121525,0.0,0.0,0,0.0,0.0,3.759373,3.72175575,1,3.759373,3.72175575,0.978225,0.9758425,2,0.978225,0.9758425,20.120462,18.5714085,3,20.120462,18.5714085,1.183952,1.17695725,1,1.183952,1.17695725,100000,100000,0,100000,100000,25000,25000,0,25000,25000,10,10,0,10,10,1,1,0,1,1,200000,200000,0,200000,200000,204800000,204800000,0,204800000,204800000,204800000,204800000,0,204800000,204800000,0.230167,0.087069,0.03785,0.010909,0.01141,196.079514,0.02038,0.0,0.0,0.07887899999999999,0.015859,195.560652,0.0,3.759373,0.976065,17.516492,1.183952,100000,25000,10,1,200000,204800000,204800000,,,,,,,,,,,,7038,0,7038,31950.013932292313,0.0,31950.013932292313,31950.013932292313
tiledb,node,256,0,cold,overlap_clustered_runs_40_within_rank_25,100000,within_rank_25,clustered_runs_40,2048,0,223.9451080095023,1,True,915943424,0,48,0,48,915943424,0,7005,0,7005,915943424,7005,0,1.068007387,400000,100000,100000,0.25,0.25,4.0,1,25000,25000,1.0,40,429,2670282240,7267631104,,,,,,,,,bee75faa87e67be1f8773a3b91bca0359f7c2ca546d099257ab6611a547e69b1,40,429,40,4,0.259307,0.24800450000000002,1,0.259307,0.24800450000000002,0.089809,0.0867715,3,0.089809,0.0867715,0.038909,0.0380515,0,0.038909,0.0380515,0.01458,0.013864999999999999,0,0.01458,0.013864999999999999,0.01184,0.011105,3,0.01184,0.011105,198.357399,197.11772525,1,198.357399,197.11772525,0.02196,0.021517500000000002,0,0.02196,0.021517500000000002,0.0,0.0,0,0.0,0.0,0.0,0.0,0,0.0,0.0,0.079169,0.0759515,0,0.079169,0.0759515,0.01755,0.01671975,1,0.01755,0.01671975,197.915505,196.69165925,1,197.915505,196.69165925,0.0,0.0,0,0.0,0.0,3.719623,3.7045832499999998,1,3.719623,3.7045832499999998,0.793188,0.7900205,2,0.793188,0.7900205,21.881045,19.917038,2,21.881045,19.917038,1.182032,1.1773945000000001,1,1.182032,1.1773945000000001,100000,100000,0,100000,100000,25000,25000,0,25000,25000,10,10,0,10,10,1,1,0,1,1,200000,200000,0,200000,200000,204800000,204800000,0,204800000,204800000,204800000,204800000,0,204800000,204800000,0.259307,0.086469,0.037129,0.0135,0.00996,198.357399,0.02175,0.0,0.0,0.07916899999999999,0.01755,197.915505,0.0,3.719623,0.788928,19.105568,1.182032,100000,25000,10,1,200000,204800000,204800000,,,,,,,,,,,,7005,0,7005,31279.9866996995,0.0,31279.9866996995,31279.9866996995
tiledb,node,256,0,cold,overlap_clustered_runs_40_within_rank_25,100000,within_rank_25,clustered_runs_40,2048,1,221.0820720065385,1,True,913854464,0,49,1,50,913854464,0,6988,0,6988,913854464,6988,0,1.066269165,400000,100000,100000,0.25,0.25,4.0,1,25000,25000,1.0,40,428,2670282240,7267717120,,,,,,,,,feda3e29af8130d212fb1b5a9444586694cc88c14a72a273e53a8905fb9e1a67,40,428,40,4,0.269526,0.25345875,2,0.269526,0.25345875,0.090788,0.087823,3,0.090788,0.087823,0.03871,0.038072499999999995,1,0.03871,0.038072499999999995,0.01191,0.0110125,0,0.01191,0.0110125,0.011349,0.011171500000000001,3,0.011349,0.011171500000000001,195.337795,194.39803225,1,195.337795,194.39803225,0.02091,0.020345000000000002,0,0.02091,0.020345000000000002,0.0,0.0,0,0.0,0.0,0.0,0.0,0,0.0,0.0,0.079248,0.07113625,3,0.079248,0.07113625,0.01536,0.015237500000000001,1,0.01536,0.015237500000000001,194.781813,193.914764,1,194.781813,193.914764,0.0,0.0,0,0.0,0.0,3.835062,3.7951995,1,3.835062,3.7951995,0.796278,0.7914455,3,0.796278,0.7914455,20.9177,19.765863,2,20.9177,19.765863,1.178952,1.1760245,0,1.178952,1.1760245,100000,100000,0,100000,100000,25000,25000,0,25000,25000,10,10,0,10,10,1,1,0,1,1,200000,200000,0,200000,200000,204800000,204800000,0,204800000,204800000,204800000,204800000,0,204800000,204800000,0.266416,0.086728,0.03871,0.0099,0.011279,195.337795,0.02028,0.0,0.0,0.065139,0.01536,194.781813,0.0,3.835062,0.790158,19.179937,1.172492,100000,25000,10,1,200000,204800000,204800000,,,,,,,,,,,,6988,0,6988,31608.171284885233,0.0,31608.171284885233,31608.171284885233
tiledb,node,256,0,cold,overlap_clustered_runs_40_within_rank_25,100000,within_rank_25,clustered_runs_40,2048,2,223.98389701265842,1,True,918089728,0,48,0,48,918089728,0,7022,0,7022,918089728,7022,0,1.050703402,400000,100000,100000,0.25,0.25,4.0,1,25000,25000,1.0,40,430,2670282240,7267782656,,,,,,,,,9908655c3e0c4f575e26e5181051499771dd5d741c0bc4da7c09c5886d9f776f,40,430,40,4,0.270356,0.24983875,2,0.270356,0.24983875,0.086118,0.085603,3,0.086118,0.085603,0.04055,0.03861,0,0.04055,0.03861,0.01166,0.0104425,0,0.01166,0.0104425,0.01148,0.01111225,3,0.01148,0.01111225,198.692093,197.36165875,3,198.692093,197.36165875,0.02067,0.02032175,0,0.02067,0.02032175,0.0,0.0,0,0.0,0.0,0.0,0.0,0,0.0,0.0,0.078009,0.07192899999999999,3,0.078009,0.07192899999999999,0.01612,0.015502499999999999,0,0.01612,0.015502499999999999,198.187741,196.89708825,3,198.187741,196.89708825,0.0,0.0,0,0.0,0.0,3.854411,3.731633,1,3.854411,3.731633,0.790268,0.7879929999999999,2,0.790268,0.7879929999999999,22.510946,19.9854895,0,22.510946,19.9854895,1.182241,1.17868675,2,1.182241,1.17868675,100000,100000,0,100000,100000,25000,25000,0,25000,25000,10,10,0,10,10,1,1,0,1,1,200000,200000,0,200000,200000,204800000,204800000,0,204800000,204800000,204800000,204800000,0,204800000,204800000,0.263866,0.085188,0.03801,0.00965,0.01111,198.193521,0.020349,0.0,0.0,0.06694900000000001,0.01484,197.686979,0.0,3.854411,0.788848,19.214476,1.178552,100000,25000,10,1,200000,204800000,204800000,,,,,,,,,,,,7022,0,7022,31350.46801870383,0.0,31350.46801870383,31350.46801870383
tiledb,node,256,0,cold,overlap_clustered_runs_40_within_rank_25,100000,within_rank_25,clustered_runs_40,2048,3,223.7884399946779,1,True,918036480,0,48,0,48,918036480,0,7020,0,7020,918036480,7020,0,1.049065713,400000,100000,100000,0.25,0.25,4.0,1,25000,25000,1.0,40,430,2670282240,7267897344,,,,,,,,,3ef88a05032ac7d8f932159c91871ccf138153c97090ef9c6bfabec2aa14f642,40,430,40,4,0.279536,0.255439,2,0.279536,0.255439,0.088679,0.086254,3,0.088679,0.086254,0.039459,0.038204,0,0.039459,0.038204,0.01261,0.011165,0,0.01261,0.011165,0.01135,0.011115,1,0.01135,0.011115,198.066443,197.071621,1,198.066443,197.071621,0.02077,0.0202475,0,0.02077,0.0202475,0.0,0.0,0,0.0,0.0,0.0,0.0,0,0.0,0.0,0.097839,0.08080975,0,0.097839,0.08080975,0.01667,0.01603175,0,0.01667,0.01603175,197.519962,196.605278,1,197.519962,196.605278,0.0,0.0,0,0.0,0.0,3.853641,3.75096525,2,3.853641,3.75096525,0.800327,0.7931302499999999,3,0.800327,0.7931302499999999,21.519211,20.052621000000002,3,21.519211,20.052621000000002,1.179642,1.17519225,1,1.179642,1.17519225,100000,100000,0,100000,100000,25000,25000,0,25000,25000,10,10,0,10,10,1,1,0,1,1,200000,200000,0,200000,200000,204800000,204800000,0,204800000,204800000,204800000,204800000,0,204800000,204800000,0.273766,0.085369,0.038809,0.00971,0.01135,198.066443,0.02037,0.0,0.0,0.07575,0.016069,197.519962,0.0,3.772143,0.791418,19.202086,1.179642,100000,25000,10,1,200000,204800000,204800000,,,,,,,,,,,,7020,0,7020,31368.912532599756,0.0,31368.912532599756,31368.912532599756
tiledb,node,256,0,cold,overlap_clustered_runs_40_within_rank_25,100000,within_rank_25,clustered_runs_40,2048,4,223.15719001926482,1,True,920166400,0,50,2,52,920166400,0,7038,0,7038,920166400,7038,0,1.0752852019999999,400000,100000,100000,0.25,0.25,4.0,1,25000,25000,1.0,40,431,2670282240,7267975168,,,,,,,,,be2531b0b90632b33d29c1658aa560d2ecab05e5948896fca9e514eb0029ba8a,40,431,40,4,0.274086,0.253034,1,0.274086,0.253034,0.089289,0.086459,3,0.089289,0.086459,0.039349,0.0383895,0,0.039349,0.0383895,0.01487,0.0126145,0,0.01487,0.0126145,0.01136,0.011130000000000001,3,0.01136,0.011130000000000001,197.341185,196.0781815,1,197.341185,196.0781815,0.02119,0.0206275,0,0.02119,0.0206275,0.0,0.0,0,0.0,0.0,0.0,0.0,0,0.0,0.0,0.08562800000000001,0.07565325,0,0.08562800000000001,0.07565325,0.01724,0.015747249999999997,0,0.01724,0.015747249999999997,196.801493,195.609121,1,196.801493,195.609121,0.0,0.0,0,0.0,0.0,3.789132,3.75367975,0,3.789132,3.75367975,0.801968,0.7916555,3,0.801968,0.7916555,20.989159,20.1101775,3,20.989159,20.1101775,1.181102,1.1778945,3,1.181102,1.1778945,100000,100000,0,100000,100000,25000,25000,0,25000,25000,10,10,0,10,10,1,1,0,1,1,200000,200000,0,200000,200000,204800000,204800000,0,204800000,204800000,204800000,204800000,0,204800000,204800000,0.274086,0.085019,0.03888,0.011219,0.01098,197.341185,0.02074,0.0,0.0,0.069038,0.01534,196.801493,0.0,3.745682,0.787188,19.338485,1.179612,100000,25000,10,1,200000,204800000,204800000,,,,,,,,,,,,7038,0,7038,31538.307143016187,0.0,31538.307143016187,31538.307143016187
tiledb,node,256,0,cold,overlap_clustered_runs_100_cross_rank_25,100000,cross_rank_25,clustered_runs_100,2048,0,253.67064401507378,3,True,1069322240,0,109,0,109,1069322240,0,8219,0,8219,1069322240,8219,0,1.1123778629999999,400000,400000,100000,1.0,0.25,1.0,4,25000,25000,1.0,400,1968,2670282240,7268642816,,,,,,,,,1a7341e1fb12073b6f4d534d9d1181af2fb5f2969ec7e239233887c24dd0025d,100,492,100,4,0.322765,0.29875050000000003,1,0.322765,0.29875050000000003,0.090349,0.0887015,3,0.090349,0.0887015,0.039529,0.038464,2,0.039529,0.038464,0.01327,0.012905,2,0.01327,0.012905,0.01242,0.0113375,1,0.01242,0.0113375,229.204017,228.599764,1,229.204017,228.599764,0.02181,0.021187499999999998,0,0.02181,0.021187499999999998,0.0,0.0,0,0.0,0.0,0.0,0.0,0,0.0,0.0,0.095319,0.0783915,0,0.095319,0.0783915,0.02104,0.01969,0,0.02104,0.01969,228.725585,228.157281,1,228.725585,228.157281,0.0,0.0,0,0.0,0.0,3.94981,3.85173625,2,3.94981,3.85173625,0.993435,0.97858,3,0.993435,0.97858,18.801853,18.111791250000003,3,18.801853,18.111791250000003,1.182172,1.179017,3,1.182172,1.179017,100000,100000,0,100000,100000,25000,25000,0,25000,25000,25,25,0,25,25,1,1,0,1,1,200000,200000,0,200000,200000,204800000,204800000,0,204800000,204800000,204800000,204800000,0,204800000,204800000,0.310265,0.090349,0.038449,0.01309,0.0114,228.054645,0.02056,0.0,0.0,0.080929,0.01915,227.636691,0.0,3.794782,0.993435,18.801853,1.182172,100000,25000,25,1,200000,204800000,204800000,,,,,,,,,,,,8219,0,8219,32400.28041838221,0.0,32400.28041838221,32400.28041838221
tiledb,node,256,0,cold,overlap_clustered_runs_100_cross_rank_25,100000,cross_rank_25,clustered_runs_100,2048,1,248.180388007313,0,True,1068216320,0,112,3,115,1068216320,0,8209,0,8209,1068216320,8209,0,1.1292511699999999,400000,400000,100000,1.0,0.25,1.0,4,25000,25000,1.0,400,1964,2670282240,7268753408,,,,,,,,,4e9af92e727e080188c683f3999dedde6ee901ebe2223c853002da7f2c379057,100,491,100,4,0.282816,0.2495515,2,0.282816,0.2495515,0.090808,0.088533,3,0.090808,0.088533,0.03883,0.03782,2,0.03883,0.03782,0.014089,0.0131815,0,0.014089,0.0131815,0.01168,0.011195,3,0.01168,0.011195,223.985707,222.29842825,0,223.985707,222.29842825,0.04475,0.0298425,0,0.04475,0.0298425,0.0,0.0,0,0.0,0.0,0.0,0.0,0,0.0,0.0,0.085409,0.0797715,0,0.085409,0.0797715,0.018519,0.01817425,3,0.018519,0.01817425,223.535854,221.84167525,0,223.535854,221.84167525,0.0,0.0,0,0.0,0.0,3.771122,3.70876825,1,3.771122,3.70876825,0.979195,0.973455,3,0.979195,0.973455,21.639199,19.185384499999998,3,21.639199,19.185384499999998,1.180282,1.1761295,0,1.180282,1.1761295,100000,100000,0,100000,100000,25000,25000,0,25000,25000,25,25,0,25,25,1,1,0,1,1,200000,200000,0,200000,200000,204800000,204800000,0,204800000,204800000,204800000,204800000,0,204800000,204800000,0.234217,0.087358,0.03718,0.014089,0.01103,223.985707,0.04475,0.0,0.0,0.085409,0.0185,223.535854,0.0,3.714654,0.974695,17.558092,1.180282,100000,25000,25,1,200000,204800000,204800000,,,,,,,,,,,,8209,0,8209,33076.74738488244,0.0,33076.74738488244,33076.74738488244
tiledb,node,256,0,cold,overlap_clustered_runs_100_cross_rank_25,100000,cross_rank_25,clustered_runs_100,2048,2,245.5222780117765,3,True,1064005632,0,109,0,109,1064005632,0,8177,0,8177,1064005632,8177,0,1.188617177,400000,400000,100000,1.0,0.25,1.0,4,25000,25000,1.0,400,1956,2670282240,7268876288,,,,,,,,,618d2664490a8ac1870afb9b9300e638c80761ae044b7bbbe302adb0330ef3da,100,489,100,4,0.312855,0.27159574999999997,2,0.312855,0.27159574999999997,0.090448,0.0883185,3,0.090448,0.0883185,0.03844,0.037702,0,0.03844,0.037702,0.01281,0.01176,0,0.01281,0.01176,0.01141,0.0111875,1,0.01141,0.0111875,221.002532,220.4974325,1,221.002532,220.4974325,0.02085,0.02035675,0,0.02085,0.02035675,0.0,0.0,0,0.0,0.0,0.0,0.0,0,0.0,0.0,0.09040799999999999,0.07931125,0,0.09040799999999999,0.07931125,0.01943,0.01823,0,0.01943,0.01823,220.435371,220.01401275,1,220.435371,220.01401275,0.0,0.0,0,0.0,0.0,3.913241,3.842989,1,3.913241,3.842989,0.983745,0.9790125,2,0.983745,0.9790125,19.446223,18.139775,3,19.446223,18.139775,1.188572,1.18045225,3,1.188572,1.18045225,100000,100000,0,100000,100000,25000,25000,0,25000,25000,25,25,0,25,25,1,1,0,1,1,200000,200000,0,200000,200000,204800000,204800000,0,204800000,204800000,204800000,204800000,0,204800000,204800000,0.262906,0.090448,0.03717,0.01159,0.0112,219.344938,0.019729,0.0,0.0,0.078379,0.01756,218.853465,0.0,3.782412,0.978465,19.446223,1.188572,100000,25000,25,1,200000,204800000,204800000,,,,,,,,,,,,8177,0,8177,33304.51340797591,0.0,33304.51340797591,33304.51340797591
tiledb,node,256,0,cold,overlap_clustered_runs_100_cross_rank_25,100000,cross_rank_25,clustered_runs_100,2048,3,247.67001497093588,0,True,1069809664,0,109,0,109,1069809664,110592,8222,2,8224,1069809664,8222,2,1.182107968,400000,400000,100000,1.0,0.25,1.0,4,25000,25000,1.0,400,1968,2670282240,7268966400,,,,,,,,,c431334b174e0b10e6781199628eb37bc918b0acdf21e1cd77217a06b3301cbc,100,492,100,4,0.283856,0.25181175,2,0.283856,0.25181175,0.089699,0.088189,3,0.089699,0.088189,0.038849,0.037389,2,0.038849,0.037389,0.01298,0.011985,0,0.01298,0.011985,0.01143,0.0107125,2,0.01143,0.0107125,223.330967,222.39184649999999,0,223.330967,222.39184649999999,0.02108,0.0206325,0,0.02108,0.0206325,0.0,0.0,0,0.0,0.0,0.0,0.0,0,0.0,0.0,0.086428,0.08107400000000001,1,0.086428,0.08107400000000001,0.02432,0.01932225,0,0.02432,0.01932225,222.828605,221.8884195,0,222.828605,221.8884195,0.0,0.0,0,0.0,0.0,3.811362,3.7661505,1,3.811362,3.7661505,0.990304,0.97591725,0,0.990304,0.97591725,19.257816,18.48936225,2,19.257816,18.48936225,1.181502,1.1775795,0,1.181502,1.1775795,100000,100000,0,100000,100000,25000,25000,0,25000,25000,25,25,0,25,25,1,1,0,1,1,200000,200000,0,200000,200000,204800000,204800000,0,204800000,204800000,204800000,204800000,0,204800000,204800000,0.230877,0.087939,0.037849,0.01298,0.01087,223.330967,0.02108,0.0,0.0,0.084269,0.02432,222.828605,0.0,3.784533,0.990304,17.62358,1.181502,100000,25000,25,1,200000,204800000,204800000,,,,,,,,,,,,8222,2,8224,33197.39775913065,8.075260948462818,33205.47302007911,33205.47302007911
tiledb,node,256,0,cold,overlap_clustered_runs_100_cross_rank_25,100000,cross_rank_25,clustered_runs_100,2048,4,249.67586400453,1,True,1061974016,0,111,1,112,1061974016,0,8162,0,8162,1061974016,8162,0,1.1882673480000001,400000,400000,100000,1.0,0.25,1.0,4,25000,25000,1.0,400,1952,2670282240,7269044224,,,,,,,,,62b7086c06814e91ec3a77b53ae2bc91d91f03a1f4c875fe2b09425a9d8e201a,100,488,100,4,0.253786,0.245196,3,0.253786,0.245196,0.090209,0.088854,3,0.090209,0.088854,0.038959,0.0380215,0,0.038959,0.0380215,0.01306,0.01217,0,0.01306,0.01217,0.0111,0.010985,2,0.0111,0.010985,225.245097,224.635059,1,225.245097,224.635059,0.020849,0.0204465,2,0.020849,0.0204465,0.0,0.0,0,0.0,0.0,0.0,0.0,0,0.0,0.0,0.086158,0.07910125,0,0.086158,0.07910125,0.0182,0.017660000000000002,0,0.0182,0.017660000000000002,224.717286,224.16470175,1,224.717286,224.16470175,0.0,0.0,0,0.0,0.0,3.910211,3.7865075,1,3.910211,3.7865075,0.991655,0.977805,3,0.991655,0.977805,18.706024,18.2151265,3,18.706024,18.2151265,1.178372,1.175667,2,1.178372,1.175667,100000,100000,0,100000,100000,25000,25000,0,25000,25000,25,25,0,25,25,1,1,0,1,1,200000,200000,0,200000,200000,204800000,204800000,0,204800000,204800000,204800000,204800000,0,204800000,204800000,0.252826,0.088919,0.038409,0.0111,0.01095,225.245097,0.020269,0.0,0.0,0.076419,0.01726,224.717286,0.0,3.910211,0.975105,17.598351,1.177572,100000,25000,25,1,200000,204800000,204800000,,,,,,,,,,,,8162,0,8162,32690.384521316453,0.0,32690.384521316453,32690.384521316453
tiledb,node,256,0,cold,overlap_clustered_runs_100_within_rank_25,100000,within_rank_25,clustered_runs_100,2048,0,249.80368302203715,0,True,1069322240,0,110,1,111,1069322240,0,8219,0,8219,1069322240,8219,0,1.232734095,400000,100000,100000,0.25,0.25,4.0,1,25000,25000,1.0,100,492,2670282240,7269748736,,,,,,,,,1a7341e1fb12073b6f4d534d9d1181af2fb5f2969ec7e239233887c24dd0025d,100,492,100,4,0.543711,0.32264725000000005,0,0.543711,0.32264725000000005,0.090719,0.0878565,3,0.090719,0.0878565,0.039509,0.038596500000000006,1,0.039509,0.038596500000000006,0.01435,0.013615,0,0.01435,0.013615,0.01154,0.0109925,2,0.01154,0.0109925,226.076415,225.10967225,3,226.076415,225.10967225,0.02182,0.0213375,2,0.02182,0.0213375,0.0,0.0,0,0.0,0.0,0.0,0.0,0,0.0,0.0,0.093819,0.081779,0,0.093819,0.081779,0.02032,0.01952,0,0.02032,0.01952,225.568683,224.66022425,3,225.568683,224.66022425,0.0,0.0,0,0.0,0.0,3.857231,3.81581925,3,3.857231,3.81581925,0.796118,0.7919105,2,0.796118,0.7919105,18.590536,17.930526,2,18.590536,17.930526,1.188942,1.1768144999999999,3,1.188942,1.1768144999999999,100000,100000,0,100000,100000,25000,25000,0,25000,25000,25,25,0,25,25,1,1,0,1,1,200000,200000,0,200000,200000,204800000,204800000,0,204800000,204800000,204800000,204800000,0,204800000,204800000,0.543711,0.086009,0.038649,0.01435,0.0094,224.751505,0.02173,0.0,0.0,0.093819,0.02032,224.309812,0.0,3.759923,0.789878,18.245721,1.167092,100000,25000,25,1,200000,204800000,204800000,,,,,,,,,,,,8219,0,8219,32901.836756645964,0.0,32901.836756645964,32901.836756645964
tiledb,node,256,0,cold,overlap_clustered_runs_100_within_rank_25,100000,within_rank_25,clustered_runs_100,2048,1,246.87759799417108,1,True,1068216320,0,109,0,109,1068216320,0,8209,0,8209,1068216320,8209,0,1.229032852,400000,100000,100000,0.25,0.25,4.0,1,25000,25000,1.0,100,491,2670282240,7269785600,,,,,,,,,4e9af92e727e080188c683f3999dedde6ee901ebe2223c853002da7f2c379057,100,491,100,4,0.288056,0.25513625,2,0.288056,0.25513625,0.088258,0.087183,3,0.088258,0.087183,0.03894,0.038110000000000005,1,0.03894,0.038110000000000005,0.013629,0.01149725,0,0.013629,0.01149725,0.01528,0.01203675,0,0.01528,0.01203675,223.557354,222.01711,1,223.557354,222.01711,0.04338,0.0277925,3,0.04338,0.0277925,0.0,0.0,0,0.0,0.0,0.0,0.0,0,0.0,0.0,0.087679,0.0778915,0,0.087679,0.0778915,0.019809,0.01831425,0,0.019809,0.01831425,222.873375,221.492938,1,222.873375,221.492938,0.0,0.0,0,0.0,0.0,3.765203,3.73115575,1,3.765203,3.73115575,0.792868,0.7899155,1,0.792868,0.7899155,19.998634,18.3134175,2,19.998634,18.3134175,1.178692,1.175992,1,1.178692,1.175992,100000,100000,0,100000,100000,25000,25000,0,25000,25000,25,25,0,25,25,1,1,0,1,1,200000,200000,0,200000,200000,204800000,204800000,0,204800000,204800000,204800000,204800000,0,204800000,204800000,0.254766,0.087558,0.03894,0.01117,0.011179,223.557354,0.02016,0.0,0.0,0.07894899999999999,0.018139,222.873375,0.0,3.765203,0.792868,16.815573,1.178692,100000,25000,25,1,200000,204800000,204800000,,,,,,,,,,,,8209,0,8209,33251.29564892242,0.0,33251.29564892242,33251.29564892242
tiledb,node,256,0,cold,overlap_clustered_runs_100_within_rank_25,100000,within_rank_25,clustered_runs_100,2048,2,247.04358400776982,1,True,1064005632,0,112,3,115,1064005632,0,8177,0,8177,1064005632,8177,0,1.263821044,400000,100000,100000,0.25,0.25,4.0,1,25000,25000,1.0,100,489,2670282240,7269863424,,,,,,,,,618d2664490a8ac1870afb9b9300e638c80761ae044b7bbbe302adb0330ef3da,100,489,100,4,0.278066,0.26261875,2,0.278066,0.26261875,0.090408,0.087928,3,0.090408,0.087928,0.0391,0.037805000000000005,0,0.0391,0.037805000000000005,0.01302,0.0114,0,0.01302,0.0114,0.011549,0.0108065,1,0.011549,0.0108065,223.726742,221.0503175,1,223.726742,221.0503175,0.02129,0.02061,0,0.02129,0.02061,0.0,0.0,0,0.0,0.0,0.0,0.0,0,0.0,0.0,0.084419,0.076846,0,0.084419,0.076846,0.019669,0.01824475,0,0.019669,0.01824475,223.262249,213.60028625,1,223.262249,213.60028625,0.0,0.0,0,0.0,0.0,3.675094,3.6528442500000002,2,3.675094,3.6528442500000002,0.866956,0.8104875,0,0.866956,0.8104875,22.345769,19.4533205,3,22.345769,19.4533205,1.186361,1.17932425,1,1.186361,1.17932425,100000,100000,0,100000,100000,25000,25000,0,25000,25000,25,25,0,25,25,1,1,0,1,1,200000,200000,0,200000,200000,204800000,204800000,0,204800000,204800000,204800000,204800000,0,204800000,204800000,0.264326,0.087258,0.0378,0.01157,0.011549,223.726742,0.02067,0.0,0.0,0.07721800000000001,0.01811,223.262249,0.0,3.657464,0.795628,16.895922,1.186361,100000,25000,25,1,200000,204800000,204800000,,,,,,,,,,,,8177,0,8177,33099.42264982208,0.0,33099.42264982208,33099.42264982208
tiledb,node,256,0,cold,overlap_clustered_runs_100_within_rank_25,100000,within_rank_25,clustered_runs_100,2048,3,247.84826196264476,1,True,1069809664,0,109,0,109,1069809664,0,8222,0,8222,1069809664,8222,0,1.196837447,400000,100000,100000,0.25,0.25,4.0,1,25000,25000,1.0,100,492,2670282240,7269969920,,,,,,,,,c431334b174e0b10e6781199628eb37bc918b0acdf21e1cd77217a06b3301cbc,100,492,100,4,0.303155,0.25731075,2,0.303155,0.25731075,0.089259,0.0869465,3,0.089259,0.0869465,0.038089,0.0370165,0,0.038089,0.0370165,0.01381,0.011745,0,0.01381,0.011745,0.01141,0.010475,3,0.01141,0.010475,224.542079,223.74537825,1,224.542079,223.74537825,0.020979,0.0205295,0,0.020979,0.0205295,0.0,0.0,0,0.0,0.0,0.0,0.0,0,0.0,0.0,0.084339,0.07617175,0,0.084339,0.07617175,0.02015,0.01834475,0,0.02015,0.01834475,224.002677,215.88381075,1,224.002677,215.88381075,0.0,0.0,0,0.0,0.0,3.798941,3.77250725,1,3.798941,3.77250725,0.800387,0.79276525,2,0.800387,0.79276525,18.149223,17.515839749999998,2,18.149223,17.515839749999998,1.184102,1.1769595,2,1.184102,1.1769595,100000,100000,0,100000,100000,25000,25000,0,25000,25000,25,25,0,25,25,1,1,0,1,1,200000,200000,0,200000,200000,204800000,204800000,0,204800000,204800000,204800000,204800000,0,204800000,204800000,0.247646,0.086459,0.037109,0.01168,0.00988,224.542079,0.02032,0.0,0.0,0.07630899999999999,0.01809,224.002677,0.0,3.798941,0.789858,16.783113,1.177022,100000,25000,25,1,200000,204800000,204800000,,,,,,,,,,,,8222,0,8222,33173.52292443836,0.0,33173.52292443836,33173.52292443836
tiledb,node,256,0,cold,overlap_clustered_runs_100_within_rank_25,100000,within_rank_25,clustered_runs_100,2048,4,251.7358830664307,2,True,1061974016,0,111,1,112,1061974016,0,8162,0,8162,1061974016,8162,0,1.157939361,400000,100000,100000,0.25,0.25,4.0,1,25000,25000,1.0,100,488,2670282240,7270068224,,,,,,,,,62b7086c06814e91ec3a77b53ae2bc91d91f03a1f4c875fe2b09425a9d8e201a,100,488,100,4,0.280485,0.25035075,2,0.280485,0.25035075,0.089579,0.0876515,3,0.089579,0.0876515,0.038909,0.0380765,0,0.038909,0.0380765,0.01262,0.0111725,0,0.01262,0.0111725,0.01127,0.01103,3,0.01127,0.01103,228.437529,226.81718375,2,228.437529,226.81718375,0.02067,0.0204825,0,0.02067,0.0204825,0.0,0.0,0,0.0,0.0,0.0,0.0,0,0.0,0.0,0.085599,0.07795674999999999,0,0.085599,0.07795674999999999,0.01839,0.01825725,1,0.01839,0.01825725,226.769055,218.79035925,1,226.769055,218.79035925,0.0,0.0,0,0.0,0.0,3.732763,3.7193407499999998,3,3.732763,3.7193407499999998,0.790778,0.789933,3,0.790778,0.789933,19.413694,18.37148425,3,19.413694,18.37148425,1.180432,1.1771147499999999,2,1.180432,1.1771147499999999,100000,100000,0,100000,100000,25000,25000,0,25000,25000,25,25,0,25,25,1,1,0,1,1,200000,200000,0,200000,200000,204800000,204800000,0,204800000,204800000,204800000,204800000,0,204800000,204800000,0.280485,0.087229,0.038539,0.01002,0.01117,228.437529,0.02044,0.0,0.0,0.06966,0.018379,197.729219,0.0,3.711373,0.790508,16.839802,1.180432,100000,25000,25,1,200000,204800000,204800000,,,,,,,,,,,,8162,0,8162,32422.8707507945,0.0,32422.8707507945,32422.8707507945
tiledb,node,256,0,warm,overlap_clustered_runs_10_cross_rank_25,100000,cross_rank_25,clustered_runs_10,2048,0,104.4274140149355,3,True,0,0,28,0,28,0,0,0,0,0,0,0,0,1.1162981840000001,400000,400000,100000,1.0,0.25,1.0,4,25000,25000,1.0,40,1612,2670282240,7270150144,,,,,,,,,06515cd658be08d88e7d3e9ba7197f2bac224210af08eb4eb4d14a4eb4dea90a,10,403,10,4,0.244616,0.2392685,0,0.244616,0.2392685,0.088419,0.0874765,0,0.088419,0.0874765,0.039639,0.0376165,2,0.039639,0.0376165,0.01357,0.013005,1,0.01357,0.013005,0.01245,0.011765,3,0.01245,0.011765,79.783371,71.47143249999999,3,79.783371,71.47143249999999,0.021679,0.021339,0,0.021679,0.021339,0.0,0.0,0,0.0,0.0,0.0,0.0,0,0.0,0.0,0.082619,0.0789765,3,0.082619,0.0789765,0.01573,0.01403,1,0.01573,0.01403,79.387787,64.5048765,3,79.387787,64.5048765,0.0,0.0,0,0.0,0.0,3.755093,3.680159,1,3.755093,3.680159,0.991785,0.9802500000000001,1,0.991785,0.9802500000000001,32.73599,26.2154795,0,32.73599,26.2154795,1.189502,1.1698119999999999,3,1.189502,1.1698119999999999,100000,100000,0,100000,100000,25000,25000,0,25000,25000,3,2.5,0,3,2.5,1,1,0,1,1,200000,200000,0,200000,200000,204800000,204800000,0,204800000,204800000,204800000,204800000,0,204800000,204800000,0.234366,0.087009,0.035249,0.01321,0.01245,79.783371,0.020919,0.0,0.0,0.082619,0.0131,79.387787,0.0,3.632724,0.982465,18.068734,1.189502,100000,25000,2,1,200000,204800000,204800000,,,,,,,,,,,,0,0,0,0.0,0.0,0.0,0.0
tiledb,node,256,0,warm,overlap_clustered_runs_10_cross_rank_25,100000,cross_rank_25,clustered_runs_10,2048,1,97.22684405278414,2,True,0,0,28,0,28,0,0,0,0,0,0,0,0,1.049814876,400000,400000,100000,1.0,0.25,1.0,4,25000,25000,1.0,40,1608,2670282240,7270166528,,,,,,,,,c4a9bdb6b29370f3c20a2b88174636e3da01163f290b1a479e0eff071a9cc3d5,10,402,10,4,0.284716,0.25190175000000004,1,0.284716,0.25190175000000004,0.088379,0.087429,1,0.088379,0.087429,0.037779,0.0376765,2,0.037779,0.0376765,0.01212,0.011630000000000001,0,0.01212,0.011630000000000001,0.01125,0.01104,2,0.01125,0.01104,72.858686,69.12049125,2,72.858686,69.12049125,0.02051,0.020355,0,0.02051,0.020355,0.0,0.0,0,0.0,0.0,0.0,0.0,0,0.0,0.0,0.081169,0.0786715,2,0.081169,0.0786715,0.01424,0.01357225,2,0.01424,0.01357225,67.670006,62.433436,3,67.670006,62.433436,0.0,0.0,0,0.0,0.0,3.864021,3.75415525,3,3.864021,3.75415525,0.981245,0.97317525,2,0.981245,0.97317525,22.93137,21.38046575,0,22.93137,21.38046575,1.182372,1.17416975,3,1.182372,1.17416975,100000,100000,0,100000,100000,25000,25000,0,25000,25000,3,2.5,0,3,2.5,1,1,0,1,1,200000,200000,0,200000,200000,204800000,204800000,0,204800000,204800000,204800000,204800000,0,204800000,204800000,0.226777,0.087719,0.037779,0.012,0.01125,72.858686,0.0205,0.0,0.0,0.081169,0.01424,47.540283,0.0,3.720724,0.981245,17.747679,1.174252,100000,25000,2,1,200000,204800000,204800000,,,,,,,,,,,,0,0,0,0.0,0.0,0.0,0.0
tiledb,node,256,0,warm,overlap_clustered_runs_10_cross_rank_25,100000,cross_rank_25,clustered_runs_10,2048,2,103.00322598777711,3,True,0,0,28,0,28,0,0,0,0,0,0,0,0,1.0686108429999999,400000,400000,100000,1.0,0.25,1.0,4,25000,25000,1.0,40,1604,2670282240,7270141952,,,,,,,,,9b8d000a2d371ea934f56b4b32da6a64c4ab410445bbf1d1b3719ca99c66d8bf,10,401,10,4,0.309115,0.26304375,3,0.309115,0.26304375,0.088038,0.087363,1,0.088038,0.087363,0.03917,0.038065,1,0.03917,0.038065,0.013349,0.0116315,2,0.013349,0.0116315,0.01135,0.0109975,2,0.01135,0.0109975,77.90291,69.838013,3,77.90291,69.838013,0.02094,0.020470000000000002,0,0.02094,0.020470000000000002,0.0,0.0,0,0.0,0.0,0.0,0.0,0,0.0,0.0,0.081439,0.0752835,2,0.081439,0.0752835,0.013849,0.01327225,2,0.013849,0.01327225,77.421817,62.4768655,3,77.421817,62.4768655,0.0,0.0,0,0.0,0.0,3.698744,3.66348175,1,3.698744,3.66348175,0.974875,0.96962,1,0.974875,0.96962,29.767325,26.48873275,1,29.767325,26.48873275,1.179272,1.1704095,3,1.179272,1.1704095,100000,100000,0,100000,100000,25000,25000,0,25000,25000,3,2.5,0,3,2.5,1,1,0,1,1,200000,200000,0,200000,200000,204800000,204800000,0,204800000,204800000,204800000,204800000,0,204800000,204800000,0.309115,0.087518,0.03725,0.009749,0.01066,77.90291,0.01999,0.0,0.0,0.064219,0.0127,77.421817,0.0,3.637354,0.968065,18.517907,1.179272,100000,25000,2,1,200000,204800000,204800000,,,,,,,,,,,,0,0,0,0.0,0.0,0.0,0.0
tiledb,node,256,0,warm,overlap_clustered_runs_10_cross_rank_25,100000,cross_rank_25,clustered_runs_10,2048,3,95.75148590374738,2,True,0,0,29,1,30,0,0,0,0,0,0,0,0,1.008050119,400000,400000,100000,1.0,0.25,1.0,4,25000,25000,1.0,40,1604,2670282240,7270166528,,,,,,,,,ab433b66c347b17f84e6d73a175da384dcf266e6a028195ce7972f63016af071,10,401,10,4,0.282516,0.26233125,1,0.282516,0.26233125,0.088169,0.0874265,2,0.088169,0.0874265,0.039319,0.037564,2,0.039319,0.037564,0.01219,0.011165,2,0.01219,0.011165,0.01123,0.010695,1,0.01123,0.010695,71.532947,69.06772724999999,2,71.532947,69.06772724999999,0.02083,0.020275,0,0.02083,0.020275,0.0,0.0,0,0.0,0.0,0.0,0.0,0,0.0,0.0,0.078309,0.0722065,2,0.078309,0.0722065,0.01458,0.013757,2,0.01458,0.013757,70.501623,58.2365505,3,70.501623,58.2365505,0.0,0.0,0,0.0,0.0,3.773792,3.70488575,3,3.773792,3.70488575,0.979465,0.97305,3,0.979465,0.97305,22.558885,19.998528999999998,1,22.558885,19.998528999999998,1.184082,1.17306475,2,1.184082,1.17306475,100000,100000,0,100000,100000,25000,25000,0,25000,25000,3,2.5,0,3,2.5,1,1,0,1,1,200000,200000,0,200000,200000,204800000,204800000,0,204800000,204800000,204800000,204800000,0,204800000,204800000,0.224697,0.088169,0.039319,0.01219,0.01115,71.532947,0.02052,0.0,0.0,0.078309,0.01458,46.101526,0.0,3.654294,0.968445,17.688509,1.184082,100000,25000,2,1,200000,204800000,204800000,,,,,,,,,,,,0,0,0,0.0,0.0,0.0,0.0
tiledb,node,256,0,warm,overlap_clustered_runs_10_cross_rank_25,100000,cross_rank_25,clustered_runs_10,2048,4,104.85631797928363,3,True,0,0,28,0,28,0,0,0,0,0,0,0,0,1.098612386,400000,400000,100000,1.0,0.25,1.0,4,25000,25000,1.0,40,1608,2670282240,7270232064,,,,,,,,,9893bfa0df948d445bbec04d0a96bea1e28ba260f5d6e19c7064ab9943885cfe,10,402,10,4,0.250586,0.2390585,2,0.250586,0.2390585,0.088429,0.087814,1,0.088429,0.087814,0.038679,0.0379165,2,0.038679,0.0379165,0.01295,0.01123,1,0.01295,0.01123,0.01149,0.01121,1,0.01149,0.01121,79.664612,69.8261275,3,79.664612,69.8261275,0.020819,0.0205265,0,0.020819,0.0205265,0.0,0.0,0,0.0,0.0,0.0,0.0,0,0.0,0.0,0.080319,0.076249,0,0.080319,0.076249,0.01441,0.01368,1,0.01441,0.01368,79.16908,55.6789665,3,79.16908,55.6789665,0.0,0.0,0,0.0,0.0,3.782953,3.688799,1,3.782953,3.688799,0.980815,0.9768325,0,0.980815,0.9768325,32.866568,28.374928750000002,1,32.866568,28.374928750000002,1.175412,1.166315,3,1.175412,1.166315,100000,100000,0,100000,100000,25000,25000,0,25000,25000,3,2.5,0,3,2.5,1,1,0,1,1,200000,200000,0,200000,200000,204800000,204800000,0,204800000,204800000,204800000,204800000,0,204800000,204800000,0.239226,0.088069,0.036829,0.00985,0.01128,79.664612,0.020259,0.0,0.0,0.073479,0.01338,79.16908,0.0,3.636475,0.973615,18.663215,1.175412,100000,25000,2,1,200000,204800000,204800000,,,,,,,,,,,,0,0,0,0.0,0.0,0.0,0.0
tiledb,node,256,0,warm,overlap_clustered_runs_10_within_rank_25,100000,within_rank_25,clustered_runs_10,2048,0,103.84912299923599,1,True,0,0,28,0,28,0,0,0,0,0,0,0,0,1.036347081,400000,100000,100000,0.25,0.25,4.0,1,25000,25000,1.0,13,406,2670282240,7270850560,,,,,,,,,06515cd658be08d88e7d3e9ba7197f2bac224210af08eb4eb4d14a4eb4dea90a,10,403,10,4,0.68418,0.56382175,3,0.68418,0.56382175,0.088008,0.0866555,0,0.088008,0.0866555,0.03856,0.037407499999999996,0,0.03856,0.037407499999999996,0.012819,0.01253925,1,0.012819,0.01253925,0.01167,0.01102725,3,0.01167,0.01102725,71.835393,66.42243049999999,2,71.835393,66.42243049999999,0.02238,0.0219125,2,0.02238,0.0219125,0.0,0.0,0,0.0,0.0,0.0,0.0,0,0.0,0.0,0.09228800000000001,0.079593,0,0.09228800000000001,0.079593,0.01601,0.015390000000000001,0,0.01601,0.015390000000000001,71.36444,53.45132875,3,71.36444,53.45132875,0.0,0.0,0,0.0,0.0,3.736253,3.6881985,3,3.736253,3.6881985,0.789748,0.788743,2,0.789748,0.788743,34.778189,26.334485,1,34.778189,26.334485,1.174832,1.164152,0,1.174832,1.164152,100000,100000,0,100000,100000,25000,25000,0,25000,25000,3,2.5,0,3,2.5,1,1,0,1,1,200000,200000,0,200000,200000,204800000,204800000,0,204800000,204800000,204800000,204800000,0,204800000,204800000,0.6666,0.086368,0.03611,0.012819,0.00988,62.279019,0.02167,0.0,0.0,0.078138,0.01593,61.874995,0.0,3.648314,0.789308,34.778189,1.173892,100000,25000,3,1,200000,204800000,204800000,,,,,,,,,,,,0,0,0,0.0,0.0,0.0,0.0
tiledb,node,256,0,warm,overlap_clustered_runs_10_within_rank_25,100000,within_rank_25,clustered_runs_10,2048,1,103.64707594271749,1,True,0,0,31,3,34,0,0,0,0,0,0,0,0,1.048140195,400000,100000,100000,0.25,0.25,4.0,1,25000,25000,1.0,13,405,2670282240,7270903808,,,,,,,,,c4a9bdb6b29370f3c20a2b88174636e3da01163f290b1a479e0eff071a9cc3d5,10,402,10,4,0.292415,0.25030325,3,0.292415,0.25030325,0.087049,0.085974,1,0.087049,0.085974,0.038449,0.0374865,0,0.038449,0.0374865,0.01156,0.01074,0,0.01156,0.01074,0.0117,0.0113625,1,0.0117,0.0113625,75.980129,66.34924325,3,75.980129,66.34924325,0.020609,0.020149,0,0.020609,0.020149,0.0,0.0,0,0.0,0.0,0.0,0.0,0,0.0,0.0,0.086549,0.07706650000000001,0,0.086549,0.07706650000000001,0.0139,0.0134675,0,0.0139,0.0134675,75.506666,53.4026115,3,75.506666,53.4026115,0.0,0.0,0,0.0,0.0,3.645515,3.63690725,1,3.645515,3.63690725,0.791638,0.78934775,2,0.791638,0.78934775,33.713934,27.01742475,1,33.713934,27.01742475,1.183942,1.165702,2,1.183942,1.165702,100000,100000,0,100000,100000,25000,25000,0,25000,25000,3,2.5,0,3,2.5,1,1,0,1,1,200000,200000,0,200000,200000,204800000,204800000,0,204800000,204800000,204800000,204800000,0,204800000,204800000,0.240276,0.087049,0.037059,0.01097,0.0117,63.578548,0.019869,0.0,0.0,0.081059,0.01387,62.958088,0.0,3.645515,0.790287,33.713934,1.179342,100000,25000,3,1,200000,204800000,204800000,,,,,,,,,,,,0,0,0,0.0,0.0,0.0,0.0
tiledb,node,256,0,warm,overlap_clustered_runs_10_within_rank_25,100000,within_rank_25,clustered_runs_10,2048,2,103.11129398178309,1,True,0,0,28,0,28,0,0,0,0,0,0,0,0,1.029066591,400000,100000,100000,0.25,0.25,4.0,1,25000,25000,1.0,13,404,2670282240,7270928384,,,,,,,,,9b8d000a2d371ea934f56b4b32da6a64c4ab410445bbf1d1b3719ca99c66d8bf,10,401,10,4,0.275985,0.25004075,1,0.275985,0.25004075,0.087039,0.0859815,0,0.087039,0.0859815,0.038139,0.0372315,2,0.038139,0.0372315,0.01194,0.0107075,2,0.01194,0.0107075,0.01116,0.0106,3,0.01116,0.0106,71.901801,66.70175775,2,71.901801,66.70175775,0.020769,0.020451999999999998,0,0.020769,0.020451999999999998,0.0,0.0,0,0.0,0.0,0.0,0.0,0,0.0,0.0,0.083199,0.0792015,2,0.083199,0.0792015,0.01396,0.0135175,0,0.01396,0.0135175,69.579277,53.89670625,3,69.579277,53.89670625,0.0,0.0,0,0.0,0.0,3.728083,3.67500675,3,3.728083,3.67500675,0.788748,0.785658,3,0.788748,0.785658,35.007405,25.64498325,1,35.007405,25.64498325,1.182902,1.16536725,0,1.182902,1.16536725,100000,100000,0,100000,100000,25000,25000,0,25000,25000,3,2.5,0,3,2.5,1,1,0,1,1,200000,200000,0,200000,200000,204800000,204800000,0,204800000,204800000,204800000,204800000,0,204800000,204800000,0.275985,0.086549,0.036039,0.00921,0.00956,61.744916,0.02034,0.0,0.0,0.07705899999999999,0.01355,61.240864,0.0,3.640095,0.784148,35.007405,1.171462,100000,25000,3,1,200000,204800000,204800000,,,,,,,,,,,,0,0,0,0.0,0.0,0.0,0.0
tiledb,node,256,0,warm,overlap_clustered_runs_10_within_rank_25,100000,within_rank_25,clustered_runs_10,2048,3,104.02509989216924,1,True,0,0,28,0,28,0,0,0,0,0,0,0,0,1.04342429,400000,100000,100000,0.25,0.25,4.0,1,25000,25000,1.0,13,404,2670282240,7270985728,,,,,,,,,ab433b66c347b17f84e6d73a175da384dcf266e6a028195ce7972f63016af071,10,401,10,4,0.256636,0.243134,3,0.256636,0.243134,0.086728,0.0859635,0,0.086728,0.0859635,0.03954,0.0386875,2,0.03954,0.0386875,0.012629,0.01094675,0,0.012629,0.01094675,0.01117,0.010937249999999999,1,0.01117,0.010937249999999999,75.030194,66.872066,3,75.030194,66.872066,0.02076,0.020365,0,0.02076,0.020365,0.0,0.0,0,0.0,0.0,0.0,0.0,0,0.0,0.0,0.081889,0.075346,0,0.081889,0.075346,0.01405,0.01333475,1,0.01405,0.01333475,74.544561,53.6317405,3,74.544561,53.6317405,0.0,0.0,0,0.0,0.0,3.726933,3.66609125,2,3.726933,3.66609125,0.790858,0.786168,3,0.790858,0.786168,32.866298,26.17259275,1,32.866298,26.17259275,1.181242,1.1638795,2,1.181242,1.1638795,100000,100000,0,100000,100000,25000,25000,0,25000,25000,3,2.5,0,3,2.5,1,1,0,1,1,200000,200000,0,200000,200000,204800000,204800000,0,204800000,204800000,204800000,204800000,0,204800000,204800000,0.227767,0.086159,0.03887,0.010959,0.01117,64.79505,0.02021,0.0,0.0,0.07660800000000001,0.01405,64.342187,0.0,3.672754,0.785898,32.866298,1.179062,100000,25000,3,1,200000,204800000,204800000,,,,,,,,,,,,0,0,0,0.0,0.0,0.0,0.0
tiledb,node,256,0,warm,overlap_clustered_runs_10_within_rank_25,100000,within_rank_25,clustered_runs_10,2048,4,102.02534100972116,1,True,0,0,28,0,28,0,0,0,0,0,0,0,0,1.0579936989999998,400000,100000,100000,0.25,0.25,4.0,1,25000,25000,1.0,13,405,2670282240,7271059456,,,,,,,,,9893bfa0df948d445bbec04d0a96bea1e28ba260f5d6e19c7064ab9943885cfe,10,402,10,4,0.277265,0.255623,3,0.277265,0.255623,0.086789,0.085414,0,0.086789,0.085414,0.039039,0.038039,2,0.039039,0.038039,0.01194,0.0109975,0,0.01194,0.0109975,0.0113,0.01068,3,0.0113,0.01068,72.315565,66.69695825,2,72.315565,66.69695825,0.02079,0.0204075,0,0.02079,0.0204075,0.0,0.0,0,0.0,0.0,0.0,0.0,0,0.0,0.0,0.083539,0.07887675,1,0.083539,0.07887675,0.02054,0.01554225,0,0.02054,0.01554225,68.444524,53.956115499999996,3,68.444524,53.956115499999996,0.0,0.0,0,0.0,0.0,3.649504,3.6399869999999996,3,3.649504,3.6399869999999996,0.790468,0.786485,3,0.790468,0.786485,33.269981,25.312193,1,33.269981,25.312193,1.187572,1.170587,1,1.187572,1.170587,100000,100000,0,100000,100000,25000,25000,0,25000,25000,3,2.5,0,3,2.5,1,1,0,1,1,200000,200000,0,200000,200000,204800000,204800000,0,204800000,204800000,204800000,204800000,0,204800000,204800000,0.225316,0.085129,0.037019,0.01136,0.0095,62.415536,0.02029,0.0,0.0,0.083539,0.01463,61.945073,0.0,3.646625,0.785337,33.269981,1.187572,100000,25000,3,1,200000,204800000,204800000,,,,,,,,,,,,0,0,0,0.0,0.0,0.0,0.0
tiledb,node,256,0,warm,overlap_clustered_runs_40_cross_rank_25,100000,cross_rank_25,clustered_runs_40,2048,0,86.6680450271815,3,True,0,0,48,0,48,0,0,0,0,0,0,0,0,1.176757333,400000,400000,100000,1.0,0.25,1.0,4,25000,25000,1.0,160,1716,2670282240,7271243776,,,,,,,,,bee75faa87e67be1f8773a3b91bca0359f7c2ca546d099257ab6611a547e69b1,40,429,40,4,0.245656,0.2360035,3,0.245656,0.2360035,0.089529,0.088894,2,0.089529,0.088894,0.039969,0.0391665,1,0.039969,0.0391665,0.01349,0.0131025,2,0.01349,0.0131025,0.01229,0.011805,1,0.01229,0.011805,62.474835,60.22674925,3,62.474835,60.22674925,0.022309,0.0218415,0,0.022309,0.0218415,0.0,0.0,0,0.0,0.0,0.0,0.0,0,0.0,0.0,0.089748,0.08490575,0,0.089748,0.08490575,0.0188,0.018285,0,0.0188,0.018285,62.072271,46.94612,3,62.072271,46.94612,0.0,0.0,0,0.0,0.0,3.669674,3.6567790000000002,2,3.669674,3.6567790000000002,0.978925,0.9736955,2,0.978925,0.9736955,21.926355,19.7741,0,21.926355,19.7741,1.180182,1.175562,3,1.180182,1.175562,100000,100000,0,100000,100000,25000,25000,0,25000,25000,10,10,0,10,10,1,1,0,1,1,200000,200000,0,200000,200000,204800000,204800000,0,204800000,204800000,204800000,204800000,0,204800000,204800000,0.245656,0.088699,0.037339,0.01253,0.01165,62.474835,0.021739,0.0,0.0,0.074939,0.01734,62.072271,0.0,3.649964,0.968835,17.62714,1.180182,100000,25000,10,1,200000,204800000,204800000,,,,,,,,,,,,0,0,0,0.0,0.0,0.0,0.0
tiledb,node,256,0,warm,overlap_clustered_runs_40_cross_rank_25,100000,cross_rank_25,clustered_runs_40,2048,1,86.46003901958466,1,True,0,0,48,0,48,0,0,0,0,0,0,0,0,1.222557114,400000,400000,100000,1.0,0.25,1.0,4,25000,25000,1.0,160,1712,2670282240,7271305216,,,,,,,,,feda3e29af8130d212fb1b5a9444586694cc88c14a72a273e53a8905fb9e1a67,40,428,40,4,0.267626,0.2446365,3,0.267626,0.2446365,0.088218,0.0872855,2,0.088218,0.0872855,0.03793,0.0374725,2,0.03793,0.0374725,0.013999,0.013316499999999998,0,0.013999,0.013316499999999998,0.01119,0.010995,1,0.01119,0.010995,62.248109,60.8736325,1,62.248109,60.8736325,0.02062,0.020354999999999998,0,0.02062,0.020354999999999998,0.0,0.0,0,0.0,0.0,0.0,0.0,0,0.0,0.0,0.084949,0.078946,2,0.084949,0.078946,0.016859,0.015797,0,0.016859,0.015797,61.750327,46.953933,1,61.750327,46.953933,0.0,0.0,0,0.0,0.0,3.89516,3.7527600000000003,3,3.89516,3.7527600000000003,0.982795,0.97407275,2,0.982795,0.97407275,19.841557,18.8503895,2,19.841557,18.8503895,1.181222,1.1744995,1,1.181222,1.1744995,100000,100000,0,100000,100000,25000,25000,0,25000,25000,10,10,0,10,10,1,1,0,1,1,200000,200000,0,200000,200000,204800000,204800000,0,204800000,204800000,204800000,204800000,0,204800000,204800000,0.233797,0.085918,0.0377,0.013699,0.01119,62.248109,0.02014,0.0,0.0,0.077738,0.01501,61.750327,0.0,3.712423,0.976785,17.604301,1.181222,100000,25000,10,1,200000,204800000,204800000,,,,,,,,,,,,0,0,0,0.0,0.0,0.0,0.0
tiledb,node,256,0,warm,overlap_clustered_runs_40_cross_rank_25,100000,cross_rank_25,clustered_runs_40,2048,2,85.98466590046883,1,True,0,0,48,0,48,0,0,0,0,0,0,0,0,1.208463031,400000,400000,100000,1.0,0.25,1.0,4,25000,25000,1.0,160,1720,2670282240,7271370752,,,,,,,,,9908655c3e0c4f575e26e5181051499771dd5d741c0bc4da7c09c5886d9f776f,40,430,40,4,0.259226,0.24258400000000002,3,0.259226,0.24258400000000002,0.088029,0.08795649999999999,1,0.088029,0.08795649999999999,0.038169,0.03778175,1,0.038169,0.03778175,0.01202,0.010919749999999999,1,0.01202,0.010919749999999999,0.01157,0.011365,2,0.01157,0.011365,61.872645,60.82905325,1,61.872645,60.82905325,0.02068,0.0202775,0,0.02068,0.0202775,0.0,0.0,0,0.0,0.0,0.0,0.0,0,0.0,0.0,0.085858,0.07725850000000001,0,0.085858,0.07725850000000001,0.01646,0.0157295,0,0.01646,0.0157295,61.369892,46.833597,1,61.369892,46.833597,0.0,0.0,0,0.0,0.0,3.89859,3.7528325000000002,3,3.89859,3.7528325000000002,0.987885,0.97975,2,0.987885,0.97975,19.255346,18.42290875,2,19.255346,18.42290875,1.182462,1.176817,1,1.182462,1.176817,100000,100000,0,100000,100000,25000,25000,0,25000,25000,10,10,0,10,10,1,1,0,1,1,200000,200000,0,200000,200000,204800000,204800000,0,204800000,204800000,204800000,204800000,0,204800000,204800000,0.230547,0.088029,0.038169,0.01202,0.01146,61.872645,0.01994,0.0,0.0,0.079599,0.015309,61.369892,0.0,3.713353,0.975165,17.510643,1.182462,100000,25000,10,1,200000,204800000,204800000,,,,,,,,,,,,0,0,0,0.0,0.0,0.0,0.0
tiledb,node,256,0,warm,overlap_clustered_runs_40_cross_rank_25,100000,cross_rank_25,clustered_runs_40,2048,3,86.9467610027641,1,True,0,0,48,0,48,0,0,0,0,0,0,0,0,1.225691815,400000,400000,100000,1.0,0.25,1.0,4,25000,25000,1.0,160,1720,2670282240,7271460864,,,,,,,,,3ef88a05032ac7d8f932159c91871ccf138153c97090ef9c6bfabec2aa14f642,40,430,40,4,0.271616,0.2511735,2,0.271616,0.2511735,0.088678,0.087998,2,0.088678,0.087998,0.03863,0.03797,1,0.03863,0.03797,0.0125,0.0117275,0,0.0125,0.0117275,0.01145,0.01105225,3,0.01145,0.01105225,62.86249,60.68673,1,62.86249,60.68673,0.02063,0.02038475,0,0.02063,0.02038475,0.0,0.0,0,0.0,0.0,0.0,0.0,0,0.0,0.0,0.085598,0.07414124999999999,0,0.085598,0.07414124999999999,0.01555,0.01532,2,0.01555,0.01532,62.395796,47.09534775,1,62.395796,47.09534775,0.0,0.0,0,0.0,0.0,3.792402,3.70153075,3,3.792402,3.70153075,0.982365,0.9733725,3,0.982365,0.9733725,21.243266,19.5768785,2,21.243266,19.5768785,1.179592,1.174127,1,1.179592,1.174127,100000,100000,0,100000,100000,25000,25000,0,25000,25000,10,10,0,10,10,1,1,0,1,1,200000,200000,0,200000,200000,204800000,204800000,0,204800000,204800000,204800000,204800000,0,204800000,204800000,0.226736,0.088398,0.03863,0.01172,0.011119,62.86249,0.02017,0.0,0.0,0.068219,0.01491,62.395796,0.0,3.650084,0.973915,17.544531,1.179592,100000,25000,10,1,200000,204800000,204800000,,,,,,,,,,,,0,0,0,0.0,0.0,0.0,0.0
tiledb,node,256,0,warm,overlap_clustered_runs_40_cross_rank_25,100000,cross_rank_25,clustered_runs_40,2048,4,85.93966695480049,2,True,0,0,50,2,52,0,0,0,0,0,0,0,0,1.2312340179999999,400000,400000,100000,1.0,0.25,1.0,4,25000,25000,1.0,160,1724,2670282240,7271538688,,,,,,,,,be2531b0b90632b33d29c1658aa560d2ecab05e5948896fca9e514eb0029ba8a,40,431,40,4,0.272735,0.24904075,3,0.272735,0.24904075,0.088389,0.087574,2,0.088389,0.087574,0.038789,0.037573999999999996,0,0.038789,0.037573999999999996,0.01353,0.01169,0,0.01353,0.01169,0.01114,0.0105325,1,0.01114,0.0105325,61.723387,59.992143,2,61.723387,59.992143,0.020439,0.02029925,1,0.020439,0.02029925,0.0,0.0,0,0.0,0.0,0.0,0.0,0,0.0,0.0,0.083869,0.0771915,0,0.083869,0.0771915,0.01576,0.0153875,0,0.01576,0.0153875,59.824726,46.404118249999996,1,59.824726,46.404118249999996,0.0,0.0,0,0.0,0.0,3.823252,3.7266457500000003,3,3.823252,3.7266457500000003,1.051614,0.99328975,0,1.051614,0.99328975,20.488817,19.245091000000002,3,20.488817,19.245091000000002,1.176142,1.174052,1,1.176142,1.174052,100000,100000,0,100000,100000,25000,25000,0,25000,25000,10,10,0,10,10,1,1,0,1,1,200000,200000,0,200000,200000,204800000,204800000,0,204800000,204800000,204800000,204800000,0,204800000,204800000,0.224736,0.088389,0.037599,0.01146,0.01093,61.723387,0.020399,0.0,0.0,0.07987899999999999,0.01542,35.113223,0.0,3.649734,0.970575,17.69049,1.174192,100000,25000,10,1,200000,204800000,204800000,,,,,,,,,,,,0,0,0,0.0,0.0,0.0,0.0
tiledb,node,256,0,warm,overlap_clustered_runs_40_within_rank_25,100000,within_rank_25,clustered_runs_40,2048,0,87.35489496029913,1,True,0,0,48,0,48,0,0,0,0,0,0,0,0,1.195510623,400000,100000,100000,0.25,0.25,4.0,1,25000,25000,1.0,40,429,2670282240,7272038400,,,,,,,,,bee75faa87e67be1f8773a3b91bca0359f7c2ca546d099257ab6611a547e69b1,40,429,40,4,0.66267,0.65582975,2,0.66267,0.65582975,0.087479,0.0869365,3,0.087479,0.0869365,0.040589,0.0390265,0,0.040589,0.0390265,0.01428,0.0133375,0,0.01428,0.0133375,0.01209,0.0116175,1,0.01209,0.0116175,61.250314,60.21160975,1,61.250314,60.21160975,0.022649,0.02194675,0,0.022649,0.02194675,0.0,0.0,0,0.0,0.0,0.0,0.0,0,0.0,0.0,0.097398,0.08930375,0,0.097398,0.08930375,0.01941,0.018505,1,0.01941,0.018505,60.770741,46.72647325,1,60.770741,46.72647325,0.0,0.0,0,0.0,0.0,3.867851,3.7487775,3,3.867851,3.7487775,0.794198,0.7911805000000001,3,0.794198,0.7911805000000001,20.301669,19.76908275,2,20.301669,19.76908275,1.177642,1.17371725,1,1.177642,1.17371725,100000,100000,0,100000,100000,25000,25000,0,25000,25000,10,10,0,10,10,1,1,0,1,1,200000,200000,0,200000,200000,204800000,204800000,0,204800000,204800000,204800000,204800000,0,204800000,204800000,0.662629,0.086999,0.040039,0.01347,0.01209,61.250314,0.022019,0.0,0.0,0.08742899999999999,0.01941,60.770741,0.0,3.754722,0.790908,19.184047,1.177642,100000,25000,10,1,200000,204800000,204800000,,,,,,,,,,,,0,0,0,0.0,0.0,0.0,0.0
tiledb,node,256,0,warm,overlap_clustered_runs_40_within_rank_25,100000,within_rank_25,clustered_runs_40,2048,1,88.1026639835909,1,True,0,0,48,0,48,0,0,0,0,0,0,0,0,1.172360434,400000,100000,100000,0.25,0.25,4.0,1,25000,25000,1.0,40,428,2670282240,7272067072,,,,,,,,,feda3e29af8130d212fb1b5a9444586694cc88c14a72a273e53a8905fb9e1a67,40,428,40,4,0.243177,0.234822,1,0.243177,0.234822,0.086289,0.0859215,1,0.086289,0.0859215,0.03885,0.03821725,0,0.03885,0.03821725,0.012029,0.01150675,0,0.012029,0.01150675,0.01147,0.011025,3,0.01147,0.011025,62.221129,59.382815,1,62.221129,59.382815,0.02114,0.0205575,2,0.02114,0.0205575,0.0,0.0,0,0.0,0.0,0.0,0.0,0,0.0,0.0,0.08312900000000001,0.0806415,2,0.08312900000000001,0.0806415,0.016669,0.0159665,2,0.016669,0.0159665,61.778776,46.052471249999996,1,61.778776,46.052471249999996,0.0,0.0,0,0.0,0.0,3.726703,3.674414,3,3.726703,3.674414,0.796088,0.7907555,3,0.796088,0.7907555,23.498061,21.72403075,3,23.498061,21.72403075,1.182251,1.173072,1,1.182251,1.173072,100000,100000,0,100000,100000,25000,25000,0,25000,25000,10,10,0,10,10,1,1,0,1,1,200000,200000,0,200000,200000,204800000,204800000,0,204800000,204800000,204800000,204800000,0,204800000,204800000,0.243177,0.086289,0.038689,0.01127,0.01109,62.221129,0.02039,0.0,0.0,0.078599,0.015489,61.778776,0.0,3.634965,0.789308,19.524072,1.182251,100000,25000,10,1,200000,204800000,204800000,,,,,,,,,,,,0,0,0,0.0,0.0,0.0,0.0
tiledb,node,256,0,warm,overlap_clustered_runs_40_within_rank_25,100000,within_rank_25,clustered_runs_40,2048,2,86.78555395454168,1,True,0,0,48,0,48,0,0,0,0,0,0,0,0,1.2182678,400000,100000,100000,0.25,0.25,4.0,1,25000,25000,1.0,40,430,2670282240,7272153088,,,,,,,,,9908655c3e0c4f575e26e5181051499771dd5d741c0bc4da7c09c5886d9f776f,40,430,40,4,0.279656,0.26100850000000003,1,0.279656,0.26100850000000003,0.087249,0.0861165,2,0.087249,0.0861165,0.038889,0.037944000000000006,2,0.038889,0.037944000000000006,0.01162,0.010562499999999999,0,0.01162,0.010562499999999999,0.01104,0.0104525,1,0.01104,0.0104525,61.070296,59.245279249999996,1,61.070296,59.245279249999996,0.021109,0.0205665,0,0.021109,0.0205665,0.0,0.0,0,0.0,0.0,0.0,0.0,0,0.0,0.0,0.082179,0.073784,0,0.082179,0.073784,0.01618,0.015505,2,0.01618,0.015505,60.556675,46.02100925,1,60.556675,46.02100925,0.0,0.0,0,0.0,0.0,3.726393,3.682004,3,3.726393,3.682004,0.799788,0.7902705,3,0.799788,0.7902705,22.212191,20.54567375,3,22.212191,20.54567375,1.177322,1.1753244999999999,1,1.177322,1.1753244999999999,100000,100000,0,100000,100000,25000,25000,0,25000,25000,10,10,0,10,10,1,1,0,1,1,200000,200000,0,200000,200000,204800000,204800000,0,204800000,204800000,204800000,204800000,0,204800000,204800000,0.279656,0.085699,0.038219,0.01028,0.01104,61.070296,0.020739,0.0,0.0,0.071369,0.01499,60.556675,0.0,3.653275,0.787378,19.330694,1.177322,100000,25000,10,1,200000,204800000,204800000,,,,,,,,,,,,0,0,0,0.0,0.0,0.0,0.0
tiledb,node,256,0,warm,overlap_clustered_runs_40_within_rank_25,100000,within_rank_25,clustered_runs_40,2048,3,87.26932597346604,2,True,0,0,48,0,48,0,0,0,0,0,0,0,0,1.1991494440000001,400000,100000,100000,0.25,0.25,4.0,1,25000,25000,1.0,40,430,2670282240,7272226816,,,,,,,,,3ef88a05032ac7d8f932159c91871ccf138153c97090ef9c6bfabec2aa14f642,40,430,40,4,0.275335,0.2500805,1,0.275335,0.2500805,0.086709,0.0857965,3,0.086709,0.0857965,0.038939,0.0382465,2,0.038939,0.0382465,0.01236,0.0107775,0,0.01236,0.0107775,0.01196,0.01154,3,0.01196,0.01154,61.391072,59.929013999999995,2,61.391072,59.929013999999995,0.02093,0.0202325,0,0.02093,0.0202325,0.0,0.0,0,0.0,0.0,0.0,0.0,0,0.0,0.0,0.08366900000000001,0.07615425,0,0.08366900000000001,0.07615425,0.01696,0.01630725,2,0.01696,0.01630725,59.916925,46.308295,1,59.916925,46.308295,0.0,0.0,0,0.0,0.0,3.821732,3.7292507500000003,3,3.821732,3.7292507500000003,0.792108,0.7880155,3,0.792108,0.7880155,21.253296,20.40673325,0,21.253296,20.40673325,1.182582,1.1756195,3,1.182582,1.1756195,100000,100000,0,100000,100000,25000,25000,0,25000,25000,10,10,0,10,10,1,1,0,1,1,200000,200000,0,200000,200000,204800000,204800000,0,204800000,204800000,204800000,204800000,0,204800000,204800000,0.267295,0.085339,0.038939,0.0099,0.01128,61.391072,0.0204,0.0,0.0,0.07499900000000001,0.01696,33.981411,0.0,3.710383,0.787688,19.449163,1.176912,100000,25000,10,1,200000,204800000,204800000,,,,,,,,,,,,0,0,0,0.0,0.0,0.0,0.0
tiledb,node,256,0,warm,overlap_clustered_runs_40_within_rank_25,100000,within_rank_25,clustered_runs_40,2048,4,86.99151093605906,1,True,0,0,48,0,48,0,0,0,0,0,0,0,0,1.203145393,400000,100000,100000,0.25,0.25,4.0,1,25000,25000,1.0,40,431,2670282240,7272239104,,,,,,,,,be2531b0b90632b33d29c1658aa560d2ecab05e5948896fca9e514eb0029ba8a,40,431,40,4,0.273905,0.24345575,2,0.273905,0.24345575,0.091409,0.087924,0,0.091409,0.087924,0.039889,0.038549,2,0.039889,0.038549,0.0125,0.01146,0,0.0125,0.01146,0.01124,0.009855,1,0.01124,0.009855,61.139055,60.24777625,1,61.139055,60.24777625,0.021069,0.02050425,0,0.021069,0.02050425,0.0,0.0,0,0.0,0.0,0.0,0.0,0,0.0,0.0,0.081369,0.0772915,0,0.081369,0.0772915,0.01758,0.0163975,0,0.01758,0.0163975,60.632073,46.364633749999996,1,60.632073,46.364633749999996,0.0,0.0,0,0.0,0.0,3.893421,3.7639355,1,3.893421,3.7639355,0.798867,0.79154025,0,0.798867,0.79154025,20.597935,19.94656775,0,20.597935,19.94656775,1.182582,1.175307,1,1.182582,1.175307,100000,100000,0,100000,100000,25000,25000,0,25000,25000,10,10,0,10,10,1,1,0,1,1,200000,200000,0,200000,200000,204800000,204800000,0,204800000,204800000,204800000,204800000,0,204800000,204800000,0.226706,0.087989,0.038879,0.01188,0.01124,61.139055,0.020789,0.0,0.0,0.07804900000000001,0.0163,60.632073,0.0,3.893421,0.789348,19.252456,1.182582,100000,25000,10,1,200000,204800000,204800000,,,,,,,,,,,,0,0,0,0.0,0.0,0.0,0.0
tiledb,node,256,0,warm,overlap_clustered_runs_100_cross_rank_25,100000,cross_rank_25,clustered_runs_100,2048,0,92.06538298167288,3,True,0,0,110,1,111,0,0,0,0,0,0,0,0,1.3367726819999999,400000,400000,100000,1.0,0.25,1.0,4,25000,25000,1.0,400,1968,2670282240,7272558592,,,,,,,,,1a7341e1fb12073b6f4d534d9d1181af2fb5f2969ec7e239233887c24dd0025d,100,492,100,4,0.258776,0.247881,2,0.258776,0.247881,0.089159,0.0887015,3,0.089159,0.0887015,0.040349,0.038859000000000005,0,0.040349,0.038859000000000005,0.01327,0.012995,3,0.01327,0.012995,0.01237,0.01194,2,0.01237,0.01194,67.935262,65.7256155,3,67.935262,65.7256155,0.021749,0.021224,0,0.021749,0.021224,0.0,0.0,0,0.0,0.0,0.0,0.0,0,0.0,0.0,0.090988,0.08682100000000001,0,0.090988,0.08682100000000001,0.02292,0.022699999999999998,3,0.02292,0.022699999999999998,67.489439,52.83022525,3,67.489439,52.83022525,0.0,0.0,0,0.0,0.0,3.677154,3.650634,2,3.677154,3.650634,0.981855,0.97340775,3,0.981855,0.97340775,22.772902,19.67700175,0,22.772902,19.67700175,1.180112,1.174757,3,1.180112,1.174757,100000,100000,0,100000,100000,25000,25000,0,25000,25000,25,25,0,25,25,1,1,0,1,1,200000,200000,0,200000,200000,204800000,204800000,0,204800000,204800000,204800000,204800000,0,204800000,204800000,0.241246,0.089159,0.037899,0.01327,0.01199,67.935262,0.020739,0.0,0.0,0.089668,0.02292,67.489439,0.0,3.654834,0.981855,17.525542,1.180112,100000,25000,25,1,200000,204800000,204800000,,,,,,,,,,,,0,0,0,0.0,0.0,0.0,0.0
tiledb,node,256,0,warm,overlap_clustered_runs_100_cross_rank_25,100000,cross_rank_25,clustered_runs_100,2048,1,90.08690295740962,0,True,0,0,109,0,109,0,0,0,0,0,0,0,0,1.307043046,400000,400000,100000,1.0,0.25,1.0,4,25000,25000,1.0,400,1964,2670282240,7272615936,,,,,,,,,4e9af92e727e080188c683f3999dedde6ee901ebe2223c853002da7f2c379057,100,491,100,4,0.283075,0.24995075,2,0.283075,0.24995075,0.088389,0.0881515,2,0.088389,0.0881515,0.038729,0.0379165,1,0.038729,0.0379165,0.01242,0.0114175,0,0.01242,0.0114175,0.01112,0.01099,1,0.01112,0.01099,65.750845,64.72357325,1,65.750845,64.72357325,0.020839,0.020379500000000002,0,0.020839,0.020379500000000002,0.0,0.0,0,0.0,0.0,0.0,0.0,0,0.0,0.0,0.082489,0.080259,3,0.082489,0.080259,0.01849,0.01788,1,0.01849,0.01788,65.198704,51.0396225,1,65.198704,51.0396225,0.0,0.0,0,0.0,0.0,3.792312,3.72437575,1,3.792312,3.72437575,0.987595,0.9738525,2,0.987595,0.9738525,21.144697,18.61271275,2,21.144697,18.61271275,1.178742,1.1746245,2,1.178742,1.1746245,100000,100000,0,100000,100000,25000,25000,0,25000,25000,25,25,0,25,25,1,1,0,1,1,200000,200000,0,200000,200000,204800000,204800000,0,204800000,204800000,204800000,204800000,0,204800000,204800000,0.252516,0.088029,0.037769,0.01242,0.011,65.489379,0.020839,0.0,0.0,0.081119,0.01759,40.515971,0.0,3.699584,0.975175,17.982535,1.171592,100000,25000,25,1,200000,204800000,204800000,,,,,,,,,,,,0,0,0,0.0,0.0,0.0,0.0
tiledb,node,256,0,warm,overlap_clustered_runs_100_cross_rank_25,100000,cross_rank_25,clustered_runs_100,2048,2,92.36720798071474,1,True,0,0,109,0,109,0,0,0,0,0,0,0,0,1.32144008,400000,400000,100000,1.0,0.25,1.0,4,25000,25000,1.0,400,1956,2670282240,7272747008,,,,,,,,,618d2664490a8ac1870afb9b9300e638c80761ae044b7bbbe302adb0330ef3da,100,489,100,4,0.275166,0.249619,2,0.275166,0.249619,0.088469,0.08791650000000001,1,0.088469,0.08791650000000001,0.038039,0.03762425,1,0.038039,0.03762425,0.01281,0.01149225,0,0.01281,0.01149225,0.01113,0.0110675,1,0.01113,0.0110675,68.023321,66.43996250000001,1,68.023321,66.43996250000001,0.02071,0.020382499999999998,0,0.02071,0.020382499999999998,0.0,0.0,0,0.0,0.0,0.0,0.0,0,0.0,0.0,0.07854900000000001,0.0772565,0,0.07854900000000001,0.0772565,0.018249,0.0177815,2,0.018249,0.0177815,67.520528,51.6543985,1,67.520528,51.6543985,0.0,0.0,0,0.0,0.0,3.869071,3.73723525,1,3.869071,3.73723525,0.978415,0.96928025,0,0.978415,0.96928025,21.463942,19.2196585,0,21.463942,19.2196585,1.178182,1.176637,0,1.178182,1.176637,100000,100000,0,100000,100000,25000,25000,0,25000,25000,25,25,0,25,25,1,1,0,1,1,200000,200000,0,200000,200000,204800000,204800000,0,204800000,204800000,204800000,204800000,0,204800000,204800000,0.229257,0.088469,0.038039,0.01105,0.01113,68.023321,0.02041,0.0,0.0,0.077139,0.017779,67.520528,0.0,3.869071,0.976055,17.583191,1.177492,100000,25000,25,1,200000,204800000,204800000,,,,,,,,,,,,0,0,0,0.0,0.0,0.0,0.0
tiledb,node,256,0,warm,overlap_clustered_runs_100_cross_rank_25,100000,cross_rank_25,clustered_runs_100,2048,3,92.11074293125421,3,True,0,0,109,0,109,0,0,0,0,0,0,0,0,1.33500833,400000,400000,100000,1.0,0.25,1.0,4,25000,25000,1.0,400,1968,2670282240,7272820736,,,,,,,,,c431334b174e0b10e6781199628eb37bc918b0acdf21e1cd77217a06b3301cbc,100,492,100,4,0.288196,0.2619285,2,0.288196,0.2619285,0.089788,0.08826300000000001,3,0.089788,0.08826300000000001,0.03874,0.0381375,2,0.03874,0.0381375,0.01311,0.011965,3,0.01311,0.011965,0.011289,0.011169,1,0.011289,0.011169,67.875853,66.71153125000001,3,67.875853,66.71153125000001,0.02085,0.020535,2,0.02085,0.020535,0.0,0.0,0,0.0,0.0,0.0,0.0,0,0.0,0.0,0.083948,0.07982049999999999,0,0.083948,0.07982049999999999,0.0183,0.0180925,2,0.0183,0.0180925,67.355841,52.4092595,3,67.355841,52.4092595,0.0,0.0,0,0.0,0.0,3.783982,3.73089775,1,3.783982,3.73089775,0.979375,0.9757724999999999,3,0.979375,0.9757724999999999,20.160752,18.6782275,0,20.160752,18.6782275,1.177862,1.17415225,0,1.177862,1.17415225,100000,100000,0,100000,100000,25000,25000,0,25000,25000,25,25,0,25,25,1,1,0,1,1,200000,200000,0,200000,200000,204800000,204800000,0,204800000,204800000,204800000,204800000,0,204800000,204800000,0.230246,0.089788,0.03748,0.01311,0.011219,67.875853,0.02005,0.0,0.0,0.08030799999999999,0.01823,67.355841,0.0,3.772153,0.979375,17.565602,1.172793,100000,25000,25,1,200000,204800000,204800000,,,,,,,,,,,,0,0,0,0.0,0.0,0.0,0.0
tiledb,node,256,0,warm,overlap_clustered_runs_100_cross_rank_25,100000,cross_rank_25,clustered_runs_100,2048,4,92.2021510777995,1,True,0,0,110,0,110,0,0,0,0,0,0,0,0,1.32085762,400000,400000,100000,1.0,0.25,1.0,4,25000,25000,1.0,400,1952,2670282240,7272886272,,,,,,,,,62b7086c06814e91ec3a77b53ae2bc91d91f03a1f4c875fe2b09425a9d8e201a,100,488,100,4,0.256486,0.23763600000000001,2,0.256486,0.23763600000000001,0.088169,0.0878765,1,0.088169,0.0878765,0.039139,0.0383665,1,0.039139,0.0383665,0.01255,0.0117575,0,0.01255,0.0117575,0.01187,0.011795,1,0.01187,0.011795,68.0679,66.83843625,1,68.0679,66.83843625,0.02096,0.0206175,0,0.02096,0.0206175,0.0,0.0,0,0.0,0.0,0.0,0.0,0,0.0,0.0,0.082659,0.0798965,0,0.082659,0.0798965,0.0186,0.0180125,2,0.0186,0.0180125,67.547198,52.56356925,1,67.547198,52.56356925,0.0,0.0,0,0.0,0.0,3.806532,3.75678,3,3.806532,3.75678,0.980105,0.97649,2,0.980105,0.97649,19.66325,18.64975275,0,19.66325,18.64975275,1.187272,1.1803370000000002,3,1.187272,1.1803370000000002,100000,100000,0,100000,100000,25000,25000,0,25000,25000,25,25,0,25,25,1,1,0,1,1,200000,200000,0,200000,200000,204800000,204800000,0,204800000,204800000,204800000,204800000,0,204800000,204800000,0.230716,0.088169,0.039139,0.0122,0.01187,68.0679,0.02077,0.0,0.0,0.08105899999999999,0.01782,67.547198,0.0,3.766992,0.972665,17.479713,1.183262,100000,25000,25,1,200000,204800000,204800000,,,,,,,,,,,,0,0,0,0.0,0.0,0.0,0.0
tiledb,node,256,0,warm,overlap_clustered_runs_100_within_rank_25,100000,within_rank_25,clustered_runs_100,2048,0,91.90082596614957,3,True,0,0,109,0,109,0,0,0,0,0,0,0,0,1.344655662,400000,100000,100000,0.25,0.25,4.0,1,25000,25000,1.0,100,492,2670282240,7273426944,,,,,,,,,1a7341e1fb12073b6f4d534d9d1181af2fb5f2969ec7e239233887c24dd0025d,100,492,100,4,0.249437,0.2410395,0,0.249437,0.2410395,0.088519,0.087849,2,0.088519,0.087849,0.041049,0.0392365,1,0.041049,0.0392365,0.01422,0.013395,2,0.01422,0.013395,0.01213,0.0116925,1,0.01213,0.0116925,68.379655,67.1665635,3,68.379655,67.1665635,0.02152,0.0212525,1,0.02152,0.0212525,0.0,0.0,0,0.0,0.0,0.0,0.0,0,0.0,0.0,0.090099,0.088634,2,0.090099,0.088634,0.02425,0.022985,3,0.02425,0.022985,67.881082,53.213009,3,67.881082,53.213009,0.0,0.0,0,0.0,0.0,3.887681,3.7385057500000003,3,3.887681,3.7385057500000003,0.868786,0.806345,3,0.868786,0.806345,20.780682,18.15642,2,20.780682,18.15642,1.179982,1.1773845,2,1.179982,1.1773845,100000,100000,0,100000,100000,25000,25000,0,25000,25000,25,25,0,25,25,1,1,0,1,1,200000,200000,0,200000,200000,204800000,204800000,0,204800000,204800000,204800000,204800000,0,204800000,204800000,0.234037,0.087859,0.038149,0.01319,0.01165,68.379655,0.02071,0.0,0.0,0.086119,0.02425,67.881082,0.0,3.887681,0.868786,16.822133,1.173772,100000,25000,25,1,200000,204800000,204800000,,,,,,,,,,,,0,0,0,0.0,0.0,0.0,0.0
tiledb,node,256,0,warm,overlap_clustered_runs_100_within_rank_25,100000,within_rank_25,clustered_runs_100,2048,1,91.98558400385082,0,True,0,0,109,0,109,0,0,0,0,0,0,0,0,1.336809511,400000,100000,100000,0.25,0.25,4.0,1,25000,25000,1.0,100,491,2670282240,7273504768,,,,,,,,,4e9af92e727e080188c683f3999dedde6ee901ebe2223c853002da7f2c379057,100,491,100,4,0.64531,0.35181475,0,0.64531,0.35181475,0.087278,0.0867955,2,0.087278,0.0867955,0.04309,0.0416525,1,0.04309,0.0416525,0.012769,0.0115765,0,0.012769,0.0115765,0.01128,0.01114,1,0.01128,0.01114,68.466794,64.7606105,3,68.466794,64.7606105,0.02094,0.020345000000000002,0,0.02094,0.020345000000000002,0.0,0.0,0,0.0,0.0,0.0,0.0,0,0.0,0.0,0.083799,0.0802865,0,0.083799,0.0802865,0.018499,0.0183315,1,0.018499,0.0183315,68.016531,51.01420825,3,68.016531,51.01420825,0.0,0.0,0,0.0,0.0,3.638155,3.6335245,1,3.638155,3.6335245,0.791238,0.789263,0,0.791238,0.789263,26.322767,20.511846249999998,1,26.322767,20.511846249999998,1.180962,1.1756495,0,1.180962,1.1756495,100000,100000,0,100000,100000,25000,25000,0,25000,25000,25,25,0,25,25,1,1,0,1,1,200000,200000,0,200000,200000,204800000,204800000,0,204800000,204800000,204800000,204800000,0,204800000,204800000,0.64531,0.087068,0.04074,0.012769,0.01103,67.004476,0.02094,0.0,0.0,0.083799,0.018399,42.241925,0.0,3.631895,0.791238,18.222811,1.180962,100000,25000,25,1,200000,204800000,204800000,,,,,,,,,,,,0,0,0,0.0,0.0,0.0,0.0
tiledb,node,256,0,warm,overlap_clustered_runs_100_within_rank_25,100000,within_rank_25,clustered_runs_100,2048,2,90.8105329144746,1,True,0,0,109,0,109,0,0,0,0,0,0,0,0,1.335952301,400000,100000,100000,0.25,0.25,4.0,1,25000,25000,1.0,100,489,2670282240,7273582592,,,,,,,,,618d2664490a8ac1870afb9b9300e638c80761ae044b7bbbe302adb0330ef3da,100,489,100,4,0.260176,0.240686,2,0.260176,0.240686,0.087369,0.08677375,3,0.087369,0.08677375,0.039559,0.03801925,2,0.039559,0.03801925,0.01196,0.0109325,0,0.01196,0.0109325,0.01148,0.0105825,3,0.01148,0.0105825,67.503668,66.87072524999999,1,67.503668,66.87072524999999,0.020609,0.020154,0,0.020609,0.020154,0.0,0.0,0,0.0,0.0,0.0,0.0,0,0.0,0.0,0.079129,0.0765415,0,0.079129,0.0765415,0.01876,0.018000000000000002,0,0.01876,0.018000000000000002,67.055565,52.60826325,1,67.055565,52.60826325,0.0,0.0,0,0.0,0.0,3.762743,3.73016825,1,3.762743,3.73016825,0.792987,0.78938275,3,0.792987,0.78938275,18.211811,17.41348375,3,18.211811,17.41348375,1.187632,1.1792645,3,1.187632,1.1792645,100000,100000,0,100000,100000,25000,25000,0,25000,25000,25,25,0,25,25,1,1,0,1,1,200000,200000,0,200000,200000,204800000,204800000,0,204800000,204800000,204800000,204800000,0,204800000,204800000,0.226486,0.087028,0.03843,0.01056,0.01106,67.503668,0.019809,0.0,0.0,0.077699,0.01801,67.055565,0.0,3.762743,0.789738,16.838092,1.177252,100000,25000,25,1,200000,204800000,204800000,,,,,,,,,,,,0,0,0,0.0,0.0,0.0,0.0
tiledb,node,256,0,warm,overlap_clustered_runs_100_within_rank_25,100000,within_rank_25,clustered_runs_100,2048,3,92.44076802860945,1,True,0,0,110,1,111,0,0,0,0,0,0,0,0,1.344318884,400000,100000,100000,0.25,0.25,4.0,1,25000,25000,1.0,100,492,2670282240,7273689088,,,,,,,,,c431334b174e0b10e6781199628eb37bc918b0acdf21e1cd77217a06b3301cbc,100,492,100,4,0.241696,0.2317185,0,0.241696,0.2317185,0.088028,0.087161,3,0.088028,0.087161,0.03893,0.038312,1,0.03893,0.038312,0.01165,0.01118,0,0.01165,0.01118,0.01116,0.0110775,1,0.01116,0.0110775,69.043714,67.43905649999999,1,69.043714,67.43905649999999,0.020799,0.020449000000000002,2,0.020799,0.020449000000000002,0.0,0.0,0,0.0,0.0,0.0,0.0,0,0.0,0.0,0.081229,0.078039,2,0.081229,0.078039,0.01959,0.0181675,2,0.01959,0.0181675,68.517993,53.54103675,1,68.517993,53.54103675,0.0,0.0,0,0.0,0.0,3.811162,3.75166525,3,3.811162,3.75166525,0.887616,0.81656975,2,0.887616,0.81656975,19.960035,18.395063999999998,2,19.960035,18.395063999999998,1.183452,1.1791745,2,1.183452,1.1791745,100000,100000,0,100000,100000,25000,25000,0,25000,25000,25,25,0,25,25,1,1,0,1,1,200000,200000,0,200000,200000,204800000,204800000,0,204800000,204800000,204800000,204800000,0,204800000,204800000,0.227816,0.087478,0.03893,0.01112,0.01116,69.043714,0.020369,0.0,0.0,0.076669,0.01767,68.517993,0.0,3.767743,0.790178,16.918922,1.180162,100000,25000,25,1,200000,204800000,204800000,,,,,,,,,,,,0,0,0,0.0,0.0,0.0,0.0
tiledb,node,256,0,warm,overlap_clustered_runs_100_within_rank_25,100000,within_rank_25,clustered_runs_100,2048,4,92.68188395071775,1,True,0,0,110,0,110,0,0,0,0,0,0,0,0,1.316182678,400000,100000,100000,0.25,0.25,4.0,1,25000,25000,1.0,100,488,2670282240,7273721856,,,,,,,,,62b7086c06814e91ec3a77b53ae2bc91d91f03a1f4c875fe2b09425a9d8e201a,100,488,100,4,0.266565,0.24789575,2,0.266565,0.24789575,0.087319,0.08698149999999999,1,0.087319,0.08698149999999999,0.039769,0.0381665,0,0.039769,0.0381665,0.01188,0.0110625,0,0.01188,0.0110625,0.01153,0.011045,2,0.01153,0.011045,69.37884,68.13419125,1,69.37884,68.13419125,0.02077,0.0203375,0,0.02077,0.0203375,0.0,0.0,0,0.0,0.0,0.0,0.0,0,0.0,0.0,0.081739,0.0778265,0,0.081739,0.0778265,0.0187,0.0179525,2,0.0187,0.0179525,68.872137,53.30454525,1,68.872137,53.30454525,0.0,0.0,0,0.0,0.0,3.735473,3.70542575,0,3.735473,3.70542575,0.793548,0.791648,1,0.793548,0.791648,19.498232,18.04528675,2,19.498232,18.04528675,1.183802,1.1757695,1,1.183802,1.1757695,100000,100000,0,100000,100000,25000,25000,0,25000,25000,25,25,0,25,25,1,1,0,1,1,200000,200000,0,200000,200000,204800000,204800000,0,204800000,204800000,204800000,204800000,0,204800000,204800000,0.230026,0.087319,0.038429,0.01124,0.01096,69.37884,0.02052,0.0,0.0,0.078699,0.01744,68.872137,0.0,3.706843,0.793548,16.882482,1.183802,100000,25000,25,1,200000,204800000,204800000,,,,,,,,,,,,0,0,0,0.0,0.0,0.0,0.0
