backend,array_layout,tile_extent_rows,query_chunk_rows,cache_mode,pattern,batch_size,width,sample,latency_ms,process_read_bytes,device_read_bytes,measured_read_bytes,cpu_seconds,requested_rows,unique_rows,contiguous_ranges,estimated_tiles_touched,cuda_peak_temporary_bytes,rss_bytes_after,id_routing_ms,gpu_sort_ms,gpu_deduplicate_ms,staging_allocation_ms,indices_d2h_ms,tiledb_read_ms,id_decode_ms,id_sort_ms,id_deduplicate_ms,query_setup_ms,range_build_ms,query_submit_ms,cpu_reorder_ms,rows_h2d_ms,gpu_expand_ms,embedding_exchange_ms,output_reorder_ms,storage_requested_rows,storage_unique_rows,storage_range_count,storage_query_count,index_bytes,raw_staging_bytes,output_bytes,tile_overlap_planning_ms,relevant_tile_overlap_ms,partition_planning_ms,internal_tile_read_ms,internal_unfilter_ms,internal_copy_ms,internal_reader_work_ms,tiledb_ranges_requested,tiledb_tiles_read,tiledb_vfs_read_ops,tiledb_vfs_read_bytes
cpu,none,,0,resident,random,1024,128,0,0.23958698147907853,0,0,0,0.00140444,4096,4083,4053,,1603072,6242131968,0.0,0.0,0.0,0.0,0.0,0.0,0.0,0.0,0.0,0.0,0.0,0.0,0.0,0.0,0.0,0.0,0.0,0,0,0,0,0,0,0,,,,,,,,,,,
cpu,none,,0,resident,random,1024,128,1,0.2420759992673993,0,0,0,0.00127498,4096,4092,4079,,1604096,6250512384,0.0,0.0,0.0,0.0,0.0,0.0,0.0,0.0,0.0,0.0,0.0,0.0,0.0,0.0,0.0,0.0,0.0,0,0,0,0,0,0,0,,,,,,,,,,,
cpu,none,,0,resident,random,8192,128,0,0.44132297625765204,0,0,0,0.00203175,32768,32229,31226,,12760576,6250995712,0.0,0.0,0.0,0.0,0.0,0.0,0.0,0.0,0.0,0.0,0.0,0.0,0.0,0.0,0.0,0.0,0.0,0,0,0,0,0,0,0,,,,,,,,,,,
cpu,none,,0,resident,random,8192,128,1,0.44446298852562904,0,0,0,0.0021703,32768,32256,31257,,12806656,6251732992,0.0,0.0,0.0,0.0,0.0,0.0,0.0,0.0,0.0,0.0,0.0,0.0,0.0,0.0,0.0,0.0,0.0,0,0,0,0,0,0,0,,,,,,,,,,,
cpu,none,,0,resident,random,65536,128,0,1.8239429919049144,0,0,0,0.0072878000000000005,262144,232061,180857,,101868032,6251798528,0.0,0.0,0.0,0.0,0.0,0.0,0.0,0.0,0.0,0.0,0.0,0.0,0.0,0.0,0.0,0.0,0.0,0,0,0,0,0,0,0,,,,,,,,,,,
cpu,none,,0,resident,random,65536,128,1,1.6965949907898903,0,0,0,0.0070146440000000004,262144,231814,180317,,101821440,6265819136,0.0,0.0,0.0,0.0,0.0,0.0,0.0,0.0,0.0,0.0,0.0,0.0,0.0,0.0,0.0,0.0,0.0,0,0,0,0,0,0,0,,,,,,,,,,,
cpu,none,,0,resident,window_256,1024,128,0,0.2080470439977944,0,0,0,0.0010903,4096,1008,20,,2122240,6266015744,0.0,0.0,0.0,0.0,0.0,0.0,0.0,0.0,0.0,0.0,0.0,0.0,0.0,0.0,0.0,0.0,0.0,0,0,0,0,0,0,0,,,,,,,,,,,
cpu,none,,0,resident,window_256,1024,128,1,0.2090269699692726,0,0,0,0.00104586,4096,1014,14,,2122240,6266130432,0.0,0.0,0.0,0.0,0.0,0.0,0.0,0.0,0.0,0.0,0.0,0.0,0.0,0.0,0.0,0.0,0.0,0,0,0,0,0,0,0,,,,,,,,,,,
cpu,none,,0,resident,window_256,8192,128,0,0.6061209714971483,0,0,0,0.0023860599999999997,32768,1024,4,,16974336,6266175488,0.0,0.0,0.0,0.0,0.0,0.0,0.0,0.0,0.0,0.0,0.0,0.0,0.0,0.0,0.0,0.0,0.0,0,0,0,0,0,0,0,,,,,,,,,,,
cpu,none,,0,resident,window_256,8192,128,1,0.5455419886857271,0,0,0,0.00203184,32768,1024,4,,16974336,6266175488,0.0,0.0,0.0,0.0,0.0,0.0,0.0,0.0,0.0,0.0,0.0,0.0,0.0,0.0,0.0,0.0,0.0,0,0,0,0,0,0,0,,,,,,,,,,,
cpu,none,,0,resident,window_256,65536,128,0,3.692345053423196,0,0,0,0.012941474,262144,1024,4,,135791104,6266245120,0.0,0.0,0.0,0.0,0.0,0.0,0.0,0.0,0.0,0.0,0.0,0.0,0.0,0.0,0.0,0.0,0.0,0,0,0,0,0,0,0,,,,,,,,,,,
cpu,none,,0,resident,window_256,65536,128,1,3.026914957445115,0,0,0,0.010398334,262144,1024,4,,135791104,6266261504,0.0,0.0,0.0,0.0,0.0,0.0,0.0,0.0,0.0,0.0,0.0,0.0,0.0,0.0,0.0,0.0,0.0,0,0,0,0,0,0,0,,,,,,,,,,,
cpu,none,,0,resident,window_4096,1024,128,0,0.20800699712708592,0,0,0,0.00100047,4096,3611,2805,,2122240,6266499072,0.0,0.0,0.0,0.0,0.0,0.0,0.0,0.0,0.0,0.0,0.0,0.0,0.0,0.0,0.0,0.0,0.0,0,0,0,0,0,0,0,,,,,,,,,,,
cpu,none,,0,resident,window_4096,1024,128,1,0.21283701062202454,0,0,0,0.0010530499999999998,4096,3628,2797,,2122240,6266568704,0.0,0.0,0.0,0.0,0.0,0.0,0.0,0.0,0.0,0.0,0.0,0.0,0.0,0.0,0.0,0.0,0.0,0,0,0,0,0,0,0,,,,,,,,,,,
cpu,none,,0,resident,window_4096,8192,128,0,0.6075510173104703,0,0,0,0.00247195,32768,14126,1943,,16974336,6266658816,0.0,0.0,0.0,0.0,0.0,0.0,0.0,0.0,0.0,0.0,0.0,0.0,0.0,0.0,0.0,0.0,0.0,0,0,0,0,0,0,0,,,,,,,,,,,
cpu,none,,0,resident,window_4096,8192,128,1,0.5374719621613622,0,0,0,0.0022424999999999997,32768,14107,1992,,13843456,6266658816,0.0,0.0,0.0,0.0,0.0,0.0,0.0,0.0,0.0,0.0,0.0,0.0,0.0,0.0,0.0,0.0,0.0,0,0,0,0,0,0,0,,,,,,,,,,,
cpu,none,,0,resident,window_4096,65536,128,0,2.0283000194467604,0,0,0,0.00687036,262144,16384,4,,135791104,6266748928,0.0,0.0,0.0,0.0,0.0,0.0,0.0,0.0,0.0,0.0,0.0,0.0,0.0,0.0,0.0,0.0,0.0,0,0,0,0,0,0,0,,,,,,,,,,,
cpu,none,,0,resident,window_4096,65536,128,1,3.024025005288422,0,0,0,0.010798552999999999,262144,16384,4,,135791104,6266781696,0.0,0.0,0.0,0.0,0.0,0.0,0.0,0.0,0.0,0.0,0.0,0.0,0.0,0.0,0.0,0.0,0.0,0,0,0,0,0,0,0,,,,,,,,,,,
cpu,none,,0,resident,window_65536,1024,128,0,0.22196699865162373,0,0,0,0.0011069,4096,4071,3996,,2377216,6266941440,0.0,0.0,0.0,0.0,0.0,0.0,0.0,0.0,0.0,0.0,0.0,0.0,0.0,0.0,0.0,0.0,0.0,0,0,0,0,0,0,0,,,,,,,,,,,
cpu,none,,0,resident,window_65536,1024,128,1,0.21078699501231313,0,0,0,0.00102867,4096,4073,4023,,1926656,6266957824,0.0,0.0,0.0,0.0,0.0,0.0,0.0,0.0,0.0,0.0,0.0,0.0,0.0,0.0,0.0,0.0,0.0,0,0,0,0,0,0,0,,,,,,,,,,,
cpu,none,,0,resident,window_65536,8192,128,0,0.6106009823270142,0,0,0,0.002523004,32768,30785,27200,,15370240,6267228160,0.0,0.0,0.0,0.0,0.0,0.0,0.0,0.0,0.0,0.0,0.0,0.0,0.0,0.0,0.0,0.0,0.0,0,0,0,0,0,0,0,,,,,,,,,,,
cpu,none,,0,resident,window_65536,8192,128,1,0.5782010266557336,0,0,0,0.00277227,32768,30837,27186,,15026688,6267228160,0.0,0.0,0.0,0.0,0.0,0.0,0.0,0.0,0.0,0.0,0.0,0.0,0.0,0.0,0.0,0.0,0.0,0,0,0,0,0,0,0,,,,,,,,,,,
cpu,none,,0,resident,window_65536,65536,128,0,2.9597359825856984,0,0,0,0.010511684,262144,165702,61013,,135866880,6267289600,0.0,0.0,0.0,0.0,0.0,0.0,0.0,0.0,0.0,0.0,0.0,0.0,0.0,0.0,0.0,0.0,0.0,0,0,0,0,0,0,0,,,,,,,,,,,
cpu,none,,0,resident,window_65536,65536,128,1,3.435518010519445,0,0,0,0.011593534,262144,165690,61084,,132240384,6267289600,0.0,0.0,0.0,0.0,0.0,0.0,0.0,0.0,0.0,0.0,0.0,0.0,0.0,0.0,0.0,0.0,0.0,0,0,0,0,0,0,0,,,,,,,,,,,
tiledb,rank,256,0,cold,random,1024,128,0,31.776464951690286,134250496,134250496,134250496,0.227539882,4096,4083,4053,2608,2170880,6182227968,0.144268,0.03401,0.032079,0.0102,0.00721,29.302252,0.00227,0.0,0.0,0.064319,0.133068,26.446935,0.0,0.02927,0.02419,2.02187,0.01217,1032,1024,1010,1,8192,524288,524288,0.471833,0.363084,0.747349,21.2657,1.50004,0.072149,26.401500000000002,1010,253,1,33562624
tiledb,rank,256,0,cold,random,1024,128,1,31.682797009125352,134250496,134250496,134250496,0.231529698,4096,4092,4079,2570,2171904,6182383616,0.123488,0.03412,0.032619,0.0091,0.00708,30.468055,0.00223,0.0,0.0,0.0534,0.119228,28.08342,0.0,0.02634,0.023169,0.794299,0.01247,1024,1019,1002,1,8152,521728,521728,0.462663,0.37061700000000003,0.744579,22.2872,1.75717,0.068019,28.0426,1002,250,1,33562624
tiledb,rank,256,0,cold,random,8192,128,0,36.378845979925245,134250496,134250496,134250496,0.29852910099999996,32768,32229,31226,4094,17006592,6208860160,0.301546,0.094529,0.03231,0.010439,0.00823,34.458875,0.00823,0.0,0.0,0.161878,0.747368,30.393766,0.0,0.094499,0.03017,1.154153,0.0155,8240,7732,6821,1,61856,3958784,3958784,1.2513100000000001,1.08054,2.75384,22.1511,1.78553,0.146908,30.1873,6821,256,1,33562624
tiledb,rank,256,0,cold,random,8192,128,1,36.155320005491376,134250496,134250496,134250496,0.30282391,32768,32256,31257,4094,17116160,6209159168,0.193607,0.093879,0.033939,0.00999,0.0081,35.213594,0.00763,0.0,0.0,0.174997,0.740349,31.46413,0.0,0.115878,0.04356,0.165348,0.016839,8369,7893,6946,1,63144,4041216,4041216,0.7100989999999999,0.5928399999999999,2.08853,22.4682,1.88334,0.191627,31.2968,6946,256,1,33562624
tiledb,rank,256,0,cold,random,65536,128,0,46.21826997026801,134250496,134250496,134250496,0.423248016,262144,232061,180857,4096,125202432,6360702976,0.340794,0.086389,0.039209,0.01254,0.013,44.019323,0.034279,0.0,0.0,0.349536,1.699164,36.553214,0.0,0.412713,0.061289,0.867837,0.030589,65835,41459,15136,1,331672,21227008,21227008,2.62624,2.38821,5.74535,21.113400000000002,1.95147,0.560912,35.7764,15136,256,1,33562624
tiledb,rank,256,0,cold,random,65536,128,1,45.3097730060108,134250496,134250496,134250496,0.423320607,262144,231814,180317,4096,125137408,6360956928,0.252066,0.084939,0.039139,0.01226,0.01411,43.117006,0.033549,0.0,0.0,0.341485,1.557587,36.200789,0.0,0.421294,0.143818,0.859967,0.03065,65745,41427,15244,1,331416,21210624,21210624,2.4576,2.12963,5.3805499999999995,21.935799999999997,1.87762,0.49794200000000005,35.5329,15244,256,1,33562624
tiledb,rank,256,0,cold,window_256,1024,128,0,5.862182006239891,9957376,9957376,9957376,0.019987794,4096,1008,20,8,2446848,6339231744,0.154038,0.034889,0.040899,0.72926,0.011239,4.641811,0.00138,0.0,0.0,0.062069,0.00757,3.595997,0.0,0.02188,0.030829,0.065159,0.01226,2048,506,8,1,4048,259072,259072,0.13004800000000002,0.083468,0.164957,3.0727900000000004,0.213427,0.020040000000000002,3.56653,8,4,1,7997344
tiledb,rank,256,0,cold,window_256,1024,128,1,7.106344040948898,15200256,15200256,15200256,0.022241788000000002,4096,1014,14,8,2447872,6341287936,0.101928,0.03384,0.038759,0.67229,0.01071,5.98951,0.00163,0.0,0.0,0.029389000000000002,0.00297,5.549758,0.0,0.02027,0.02815,0.067979,0.012259,2048,508,6,1,4064,260096,260096,0.11924799999999999,0.086119,0.144718,5.23501,0.085579,0.01487,5.532450000000001,6,4,1,13241504
tiledb,rank,256,0,cold,window_256,8192,128,0,7.356729998718947,14147584,14147584,14147584,0.027458586,32768,1024,4,8,17912832,6341238784,0.163927,0.091739,0.028119,0.03728,0.00629,6.526002,0.00417,0.0,0.0,0.025529,0.00245,5.524198,0.0,0.01731,0.02608,0.327855,0.0138,16384,512,2,1,4096,262144,262144,0.063769,0.041440000000000005,0.087909,5.24717,0.089279,0.01431,5.5030399999999995,2,4,1,12192672
tiledb,rank,256,0,cold,window_256,8192,128,1,6.417524011339992,14278656,14278656,14278656,0.014599154,32768,1024,4,8,17912832,6341373952,0.166388,0.094738,0.02762,0.00832,0.006039,0.7158,0.00086,0.0,0.0,0.025119999999999996,0.00186,0.598751,0.0,0.01422,0.024509,5.232632,0.01316,8192,256,1,1,2048,131072,131072,0.023399,0.010719,0.048169,0.432373,0.048269,0.01072,0.582461,1,2,1,262208
tiledb,rank,256,0,cold,window_256,65536,128,0,6.535101972986013,11005952,11005952,11005952,0.022077196,262144,1024,4,8,143177728,6341844992,0.188607,0.530672,0.031129,0.00917,0.00747,3.231282,0.00466,0.0,0.0,0.02542,0.00255,2.962655,0.0,0.01886,0.054669,2.317495,0.02583,131072,512,2,1,4096,262144,262144,0.072709,0.04629,0.098379,2.6574400000000002,0.093089,0.02039,2.94568,2,4,1,6161888
tiledb,rank,256,0,cold,window_256,65536,128,1,8.951786032412201,17563648,17563648,17563648,0.021122758000000002,262144,1024,4,8,143177728,6342283264,0.182887,0.076869,0.02878,0.008629,0.00694,0.67062,0.00098,0.0,0.0,0.02512,0.00181,0.542052,0.0,0.01477,0.03361,7.790563,0.0239,65536,256,1,1,2048,131072,131072,0.019649,0.007949,0.043079,0.377214,0.055489,0.010169999999999998,0.5252720000000001,1,2,1,262208
tiledb,rank,256,0,cold,window_4096,1024,128,0,4.286636016331613,10739712,10739712,10739712,0.025757435000000002,4096,3611,2805,68,3112960,6345543680,0.120099,0.0,0.0,0.00773,0.0,0.00013,0.0,0.0,0.0,0.0,0.0,0.0,0.0,0.0,0.0,4.06547,0.010879,0,0,0,0,0,0,0,0.0,0.0,0.0,0.0,0.0,0.0,0.0,0,0,0,0
tiledb,rank,256,0,cold,window_4096,1024,128,1,4.961845988873392,10473472,10473472,10473472,0.028343024,4096,3628,2797,68,3113984,6344183808,0.118128,0.033009,0.02772,0.00878,0.007249,4.541413,0.00288,0.0,0.0,0.062398999999999996,0.158418,3.543747,0.0,0.029689,0.02181,0.059129,0.01127,2048,1809,1387,1,14472,926208,926208,0.5045130000000001,0.379796,0.820848,2.1915099999999996,0.198537,0.05033,3.48817,1387,34,1,4850848
tiledb,rank,256,0,cold,window_4096,8192,128,0,13.286740984767675,26210304,26210304,26210304,0.068545242,32768,14126,1943,68,21692928,6350983168,0.172947,0.090119,0.028629,0.00915,0.00645,12.409405,0.031059,0.0,0.0,0.05622,0.115378,10.326725,0.0,0.080929,0.026479,0.330665,0.01348,16384,7039,997,1,56312,3603968,3603968,0.45672300000000005,0.35216400000000003,0.70069,9.021619999999999,0.234067,0.097008,10.2747,997,34,1,20321120
tiledb,rank,256,0,cold,window_4096,8192,128,1,8.234207052737474,19009536,19009536,19009536,0.04038221,32768,14107,1992,68,16451072,6350434304,0.167868,0.088519,0.032849,0.00881,0.00732,7.442199,0.0079,0.0,0.0,0.066059,0.081599,6.281396,0.0,0.054249,0.02406,0.280716,0.011999,10363,4445,630,1,35560,2275840,2275840,0.361795,0.28736700000000004,0.5467719999999999,5.19351,0.289525,0.05364,6.24456,630,22,1,11537152
tiledb,rank,256,0,cold,window_4096,65536,128,0,14.120888954494148,27254784,27254784,27254784,0.045964283,262144,16384,4,68,144179712,6352838656,0.179038,0.081159,0.02853,0.00874,0.008239,1.949851,0.00432,0.0,0.0,0.023919999999999997,0.00265,1.705734,0.0,0.05124,0.034649,11.639176,0.02411,65536,4096,1,1,32768,2097152,2097152,0.041419,0.02915,0.073409,1.35309,0.13752799999999998,0.03347,1.68912,1,17,1,2228768
tiledb,rank,256,0,cold,window_4096,65536,128,1,14.16666799923405,25948160,25948160,25948160,0.066322679,262144,16384,4,68,144179712,6353387520,0.191267,0.087518,0.03093,0.00849,0.00833,11.186213,0.028559,0.0,0.0,0.02454,0.00405,9.508728,0.0,0.087138,0.055349,2.371785,0.02421,131072,8192,2,1,65536,4194304,4194304,0.054540000000000005,0.0216,0.090199,8.99018,0.197607,0.07221899999999999,9.491869999999999,2,34,1,20190016
tiledb,rank,256,0,cold,window_65536,1024,128,0,26.950008003041148,85213184,85213184,85213184,0.172588096,4096,4071,3996,1004,3737600,6354984960,0.270166,0.03176,0.027549,0.00875,0.00721,9.33877,0.00104,0.0,0.0,0.033420000000000005,0.040239,7.99573,0.0,0.0171,0.0141,17.119634,0.01011,296,294,288,1,2352,150528,150528,0.24320599999999998,0.168657,0.318055,7.02744,0.38234500000000005,0.01863,7.96768,288,65,1,8652864
tiledb,rank,256,0,cold,window_65536,1024,128,1,27.597348031122237,98717696,98717696,98717696,0.18555954,4096,4073,4023,1013,2826240,6355111936,0.146188,0.031839,0.02787,0.00849,0.006119,12.888798,0.00444,0.0,0.0,0.03782,0.052169,11.001256,0.0,0.01729,0.015619,14.327726,0.01212,474,470,464,1,3760,240640,240640,0.264796,0.189847,0.40189400000000003,9.44313,0.760919,0.02113,10.971699999999998,464,120,1,15732480
tiledb,rank,256,0,cold,window_65536,8192,128,0,33.29068300081417,99495936,99495936,99495936,0.250801626,32768,30785,27200,1026,21854208,6379569152,0.236256,0.093319,0.028689,1.771714,0.01229,30.463504,0.048449,0.0,0.0,0.285146,1.262211,25.999552,0.0,0.138428,0.05603,0.301386,0.01556,13299,11832,9404,1,94656,6057984,6057984,1.9053200000000001,1.62999,3.99448,16.7716,1.44391,0.195757,25.635,9404,230,1,30153920
tiledb,rank,256,0,cold,window_65536,8192,128,1,32.22745901439339,87048192,87048192,87048192,0.24024174099999998,32768,30837,27186,1027,21544448,6382182400,0.191307,0.093178,0.03286,0.00963,0.009069,31.387432,0.03673,0.0,0.0,0.209817,0.996645,27.096665,0.0,0.120458,0.032629,0.141018,0.0157,11645,10549,8622,1,84392,5401088,5401088,1.60623,1.35542,3.29232,17.2975,1.7212900000000002,0.234416,26.697200000000002,8622,253,1,33562624
tiledb,rank,256,0,cold,window_65536,65536,128,0,34.72637105733156,78925824,78925824,78925824,0.23980565199999998,262144,165702,61013,1028,169127936,6390677504,0.316056,0.090019,0.037209,0.01208,0.0153,31.595998,0.042319,0.0,0.0,0.33852499999999996,1.220582,26.138709,0.0,0.497193,0.067969,1.778344,0.031039,108894,51523,10185,1,412184,26379776,26379776,1.75727,1.54321,3.8438,15.853200000000001,1.41122,0.49891300000000005,25.9107,10185,256,1,33562624
tiledb,rank,256,0,cold,window_65536,65536,128,1,37.11826598737389,82591744,82591744,82591744,0.263925968,262144,165690,61084,1028,163669504,6412505088,0.345935,0.094069,0.043019,0.01016,0.01529,33.564158,0.04293,0.0,0.0,0.524563,1.038244,28.281288,0.0,0.506853,0.074009,2.192557,0.03064,124243,53617,8944,1,428936,27451904,27451904,1.83742,1.63873,3.62588,18.2504,1.55568,0.487903,28.0274,8944,256,1,33562624
tiledb,rank,256,0,warm,random,1024,128,0,20.205728011205792,0,0,0,0.169770864,4096,4083,4053,2608,2170880,6398652416,0.145498,0.03376,0.036299,0.01048,0.00761,19.673926,0.00657,0.0,0.0,0.064108,0.121319,16.988487,0.0,0.02973,0.023839,0.0435,0.014479,1049,1041,1023,1,8328,532992,532992,0.385374,0.274316,0.6677000000000001,10.787400000000002,1.5697599999999998,0.07747899999999999,16.9475,1023,253,1,33562624
tiledb,rank,256,0,warm,random,1024,128,1,18.160658015403897,0,0,0,0.161975823,4096,4092,4079,2570,2171904,6398652416,0.107369,0.03273,0.036459,0.00931,0.00706,16.779869,0.00587,0.0,0.0,0.072569,0.136828,13.792774,0.0,0.04164,0.036339,0.861187,0.01493,1028,1024,1009,1,8192,524288,524288,0.24401699999999998,0.172218,0.457703,8.60453,1.65675,0.052299000000000005,13.748399999999998,1009,250,1,33562624
tiledb,rank,256,0,warm,random,8192,128,0,23.626207024790347,0,0,0,0.238405958,32768,32229,31226,4094,17006592,6406385664,0.261407,0.092559,0.035789,0.01071,0.00812,22.74752,0.00769,0.0,0.0,0.175637,0.786119,18.345785,0.0,0.090439,0.03023,0.139618,0.01636,8240,7732,6821,1,61856,3958784,3958784,1.29127,1.12712,2.88996,8.46611,1.92298,0.151588,18.024600000000003,6821,256,1,33562624
tiledb,rank,256,0,warm,random,8192,128,1,24.55462299985811,0,0,0,0.24378625199999998,32768,32256,31257,4094,17116160,6406696960,0.254926,0.091619,0.035229,0.0098,0.0079,23.687836,0.00757,0.0,0.0,0.169737,0.747969,19.210893,0.0,0.099749,0.031969,0.131708,0.01669,8123,7666,6787,1,61328,3924992,3924992,1.32827,1.17601,2.93525,8.31705,1.83723,0.150988,18.8985,6787,256,1,33562624
tiledb,rank,256,0,warm,random,65536,128,0,32.741581031586975,0,0,0,0.36045499400000003,262144,232061,180857,4096,125202432,6421909504,0.288725,0.092949,0.038939,0.01338,0.0147,30.576283,0.039459,0.0,0.0,0.357915,1.773283,23.537868,0.0,0.410414,0.061849,0.879616,0.02819,65740,41559,15288,1,332472,21278208,21278208,2.18941,1.94186,5.340339999999999,9.14345,1.52756,0.5225120000000001,22.9267,15288,256,1,33562624
tiledb,rank,256,0,warm,random,65536,128,1,33.072106016334146,0,0,0,0.35779673700000003,262144,231814,180317,4096,125137408,6422130688,0.275396,0.084819,0.037949,0.01004,0.01369,31.005607,0.03479,0.0,0.0,0.72984,1.579856,24.376466,0.0,0.404644,0.057319,0.853158,0.030509,65745,41427,15244,1,331416,21210624,21210624,2.7443,2.47211,5.91313,9.02313,1.61104,0.413364,23.7394,15244,256,1,33562624
tiledb,rank,256,0,warm,window_256,1024,128,0,3.1828120118007064,0,0,0,0.012083664,4096,1008,20,8,2446848,6399299584,0.161928,0.03241,0.038969,0.00969,0.00575,2.71149,0.00165,0.0,0.0,0.06333899999999999,0.0079,1.696675,0.0,0.019559,0.02645,0.059219,0.01237,2048,506,8,1,4048,259072,259072,0.126068,0.08119900000000001,0.14953699999999998,1.31202,0.078709,0.01859,1.66518,8,4,1,7997344
tiledb,rank,256,0,warm,window_256,1024,128,1,3.5643469891510904,0,0,0,0.013247423,4096,1014,14,8,2447872,6399242240,0.130798,0.032649,0.03209,0.00825,0.00685,0.540822,0.00126,0.0,0.0,0.029469,0.003,0.376355,0.0,0.014769,0.01975,2.66207,0.01136,1024,251,6,1,2008,128512,128512,0.120668,0.077288,0.151058,0.077519,0.051248999999999996,0.01632,0.35855499999999996,6,2,1,262208
tiledb,rank,256,0,warm,window_256,8192,128,0,3.5980460233986378,0,0,0,0.012889033,32768,1024,4,8,17912832,6399246336,0.170307,0.091199,0.033279,0.00898,0.00635,2.804248,0.00404,0.0,0.0,0.02316,0.002349,2.397825,0.0,0.01565,0.024599,0.317746,0.012079,16384,512,2,1,4096,262144,262144,0.06595899999999999,0.042818999999999996,0.088669,2.14066,0.074389,0.017050000000000003,2.38234,2,4,1,12192672
tiledb,rank,256,0,warm,window_256,8192,128,1,3.3644699724391103,0,0,0,0.009980194,32768,1024,4,8,17912832,6399377408,0.192268,0.086249,0.02579,0.00796,0.006779,0.364655,0.001,0.0,0.0,0.02364,0.0018,0.239456,0.0,0.01438,0.024159,2.519543,0.013659,8192,256,1,1,2048,131072,131072,0.042609,0.030269,0.056679,0.068039,0.04575,0.00964,0.223516,1,2,1,262208
tiledb,rank,256,0,warm,window_256,65536,128,0,4.366774985101074,0,0,0,0.016032264,262144,1024,4,8,143177728,6400356352,0.185747,0.087539,0.028199,0.00848,0.00704,1.570517,0.00454,0.0,0.0,0.02202,0.00207,1.32049,0.0,0.01735,0.056469,2.265196,0.026749,131072,512,2,1,4096,262144,262144,0.078318,0.052119,0.106808,1.04341,0.065889,0.018769,1.30472,2,4,1,6161888
tiledb,rank,256,0,warm,window_256,65536,128,1,5.56901702657342,0,0,0,0.016235982,262144,1024,4,8,143177728,6400507904,0.181038,0.076439,0.02838,0.0083,0.00698,0.370914,0.00108,0.0,0.0,0.023529,0.00174,0.219447,0.0,0.01419,0.032939,4.71704,0.023579,65536,256,1,1,2048,131072,131072,0.02001,0.00866,0.043248999999999996,0.066659,0.038749,0.01046,0.20327699999999999,1,2,1,262208
tiledb,rank,256,0,warm,window_4096,1024,128,0,3.3108099596574903,0,0,0,0.019161229,4096,3611,2805,68,3112960,6401892352,0.129618,0.0,0.0,0.00773,0.0,0.0001,0.0,0.0,0.0,0.0,0.0,0.0,0.0,0.0,0.0,3.089734,0.01187,0,0,0,0,0,0,0,0.0,0.0,0.0,0.0,0.0,0.0,0.0,0,0,0,0
tiledb,rank,256,0,warm,window_4096,1024,128,1,3.796492994297296,0,0,0,0.022249601,4096,3628,2797,68,3113984,6400180224,0.122208,0.033009,0.02886,0.00877,0.00734,3.373719,0.00665,0.0,0.0,0.058629,0.144828,2.141908,0.0,0.03125,0.024099,0.058559,0.01118,2048,1809,1387,1,14472,926208,926208,0.470573,0.364555,0.788628,0.858597,0.19266699999999998,0.039689,2.0944800000000003,1387,34,1,4850848
tiledb,rank,256,0,warm,window_4096,8192,128,0,9.211842028889805,0,0,0,0.050369917,32768,14126,1943,68,21692928,6400991232,0.162168,0.093069,0.02703,0.009209,0.00804,8.347456,0.02959,0.0,0.0,0.053648,0.122639,6.189428,0.0,0.080438,0.02639,0.330985,0.0128,16384,7039,997,1,56312,3603968,3603968,0.478483,0.393426,0.7370789999999999,4.87034,0.244467,0.06878899999999999,6.14329,997,34,1,20321120
tiledb,rank,256,0,warm,window_4096,8192,128,1,5.441079032607377,0,0,0,0.029056387,32768,14107,1992,68,16451072,6400045056,0.185688,0.085139,0.02696,0.00883,0.006949,1.467059,0.00403,0.0,0.0,0.03678,0.059629,1.030275,0.0,0.045489,0.025049,3.476768,0.01296,8192,3532,492,1,28256,1808384,1808384,0.251977,0.179927,0.359235,0.414304,0.109808,0.024620000000000003,1.0031700000000001,492,17,1,2228768
tiledb,rank,256,0,warm,window_4096,65536,128,0,8.221207011956722,0,0,0,0.030074757,262144,16384,4,68,144179712,6400802816,0.177447,0.081249,0.028479,0.00841,0.00737,1.090994,0.00453,0.0,0.0,0.02206,0.00246,0.818268,0.0,0.049389,0.03419,6.607721,0.024419,65536,4096,1,1,32768,2097152,2097152,0.02448,0.01275,0.066609,0.424644,0.144168,0.046489,0.8024389999999999,1,17,1,2228768
tiledb,rank,256,0,warm,window_4096,65536,128,1,10.203996964264661,0,0,0,0.048050258,262144,16384,4,68,144179712,6401028096,0.196957,0.088148,0.0309,0.00853,0.0077,7.221802,0.028019,0.0,0.0,0.0229,0.00409,5.178712,0.0,0.087188,0.054549,2.370035,0.02592,131072,8192,2,1,65536,4194304,4194304,0.07148900000000001,0.040009,0.101599,4.61242,0.241927,0.069669,5.162240000000001,2,34,1,20190016
tiledb,rank,256,0,warm,window_65536,1024,128,0,17.52773899352178,0,0,0,0.128414891,4096,4071,3996,1004,3737600,6400294912,0.150397,0.03102,0.028419,0.00834,0.00614,4.526002,0.00111,0.0,0.0,0.03171,0.037909,2.925946,0.0,0.01646,0.01467,12.637291,0.01148,296,294,288,1,2352,150528,150528,0.250866,0.18105700000000002,0.339975,1.8686900000000002,0.439413,0.026860000000000002,2.90114,288,65,1,8652864
tiledb,rank,256,0,warm,window_65536,1024,128,1,18.039009999483824,0,0,0,0.13759352,4096,4073,4023,1013,2826240,6400458752,0.117238,0.031799,0.02781,0.00865,0.00619,7.782353,0.00396,0.0,0.0,0.039579,0.054189,5.262162,0.0,0.01929,0.01632,9.905812,0.01178,474,470,464,1,3760,240640,240640,0.239376,0.167348,0.34309500000000004,3.66474,0.864057,0.03458,5.23151,464,120,1,15732480
tiledb,rank,256,0,warm,window_65536,8192,128,0,21.572867990471423,0,0,0,0.19227407400000002,32768,30785,27200,1026,21854208,6407405568,0.356684,0.093079,0.030359,0.00969,0.00871,20.412705,0.01123,0.0,0.0,0.27856499999999995,1.316501,14.551353,0.0,0.133228,0.03542,0.296136,0.01604,13299,11832,9404,1,94656,6057984,6057984,1.67304,1.41811,3.52873,6.5446100000000005,1.43848,0.227856,14.3082,9404,230,1,30153920
tiledb,rank,256,0,warm,window_65536,8192,128,1,22.892519016750157,0,0,0,0.198300928,32768,30837,27186,1027,21544448,6410227712,0.192577,0.093958,0.03257,0.00973,0.00867,22.04101,0.027669,0.0,0.0,0.203977,1.005855,17.742665,0.0,0.121659,0.035559,0.135588,0.01676,11645,10549,8622,1,84392,5401088,5401088,1.494,1.2921600000000002,3.2947100000000002,8.30133,1.84104,0.210887,17.488,8622,253,1,33562624
tiledb,rank,256,0,warm,window_65536,65536,128,0,26.491094031371176,0,0,0,0.20471201,262144,165702,61013,1028,169127936,6409752576,0.281916,0.090739,0.038729,0.01161,0.01518,23.344631,0.047359,0.0,0.0,0.261586,1.284651,18.223808,0.0,0.495463,0.069669,1.802843,0.03035,108894,51523,10185,1,412184,26379776,26379776,1.70165,1.48392,3.88056,7.83505,1.47004,0.457793,17.8442,10185,256,1,33562624
tiledb,rank,256,0,warm,window_65536,65536,128,1,26.826089015230536,0,0,0,0.21801109999999999,262144,165690,61084,1028,163669504,6414524416,0.341275,0.093099,0.03862,0.009989,0.01508,23.206904,0.042939,0.0,0.0,0.218127,1.064234,18.407105,0.0,0.516272,0.077039,2.204367,0.03101,124243,53617,8944,1,428936,27451904,27451904,1.46963,1.2823000000000002,3.3159,8.3885,1.35424,0.481453,18.0347,8944,256,1,33562624
tiledb,rank,4096,0,cold,random,1024,128,0,32.82721998402849,134250496,134250496,134250496,0.237710263,4096,4083,4053,256,2170880,6398218240,0.153448,0.031,0.030749,0.01,0.00508,30.739711,0.0019,0.0,0.0,0.062398999999999996,0.125378,28.431116,0.0,0.02412,0.021519,1.621216,0.01202,1012,1006,983,1,8048,515072,515072,0.350404,0.267325,0.580021,22.6694,2.60064,0.045709,28.3847,983,16,1,33560704
tiledb,rank,4096,0,cold,random,1024,128,1,32.99354703631252,134250496,134250496,134250496,0.245659457,4096,4092,4079,256,2171904,6398238720,0.103988,0.031709,0.03551,0.00952,0.005129,32.526045,0.00225,0.0,0.0,0.05506,0.115298,29.945433,0.0,0.025719,0.02461,0.038499,0.01445,1024,1019,1002,1,8152,521728,521728,0.532462,0.43954299999999996,0.862827,23.5324,2.46077,0.048379,29.8538,1002,16,1,33560704
tiledb,rank,4096,0,cold,random,8192,128,0,35.911783983465284,134250496,134250496,134250496,0.258983364,32768,32229,31226,256,17006592,6406836224,0.187607,0.091909,0.03265,0.009849,0.00868,35.121246,0.00798,0.0,0.0,0.17186800000000002,0.831097,30.905968,0.0,0.092668,0.03088,0.132788,0.015519,8280,7773,6819,1,62184,3979776,3979776,1.21702,1.04588,2.61157,22.7067,2.20664,0.12335800000000001,30.6467,6819,16,1,33560704
tiledb,rank,4096,0,cold,random,8192,128,1,36.13117994973436,134250496,134250496,134250496,0.277925566,32768,32256,31257,256,17116160,6406946816,0.183737,0.095559,0.033549,0.00922,0.00786,35.345682,0.00783,0.0,0.0,0.171597,0.746399,31.433111,0.0,0.089459,0.030629,0.135018,0.01554,8207,7684,6810,1,61472,3934208,3934208,1.31023,1.13392,2.62087,23.11,2.03514,0.117828,31.114099999999997,6810,16,1,33560704
tiledb,rank,4096,0,cold,random,65536,128,0,46.019783010706306,134250496,134250496,134250496,0.36697033,262144,232061,180857,256,125202432,6422089728,0.409224,0.085468,0.03461,0.01037,0.01337,43.783056,0.034989,0.0,0.0,0.33287500000000003,1.811973,37.339612,0.0,0.421483,0.066009,0.863217,0.030989,65835,41459,15136,1,331672,21227008,21227008,2.9830799999999997,2.72318,6.35065,24.9076,2.25515,0.39861399999999997,36.357,15136,16,1,33560704
tiledb,rank,4096,0,cold,random,65536,128,1,43.50220103515312,134250496,134250496,134250496,0.377968597,262144,231814,180317,256,125137408,6421364736,0.290006,0.082539,0.038479,0.01081,0.01482,41.47728,0.033399,0.0,0.0,0.33708499999999997,1.528097,34.78276,0.0,0.402114,0.049969,0.849667,0.03021,65368,41407,15232,1,331256,21200384,21200384,2.76255,2.45585,5.9480699999999995,22.664199999999997,2.19843,0.446533,34.0133,15232,16,1,33560704
tiledb,rank,4096,0,cold,window_256,1024,128,0,6.714980001561344,16248832,16248832,16248832,0.023341806,4096,1008,20,4,2446848,6397808640,0.123528,0.03399,0.041939,0.01105,0.0075,6.225497,0.00149,0.0,0.0,0.071249,0.00786,5.008365,0.0,0.021589,0.02801,0.063729,0.0136,2048,506,8,1,4048,259072,259072,0.125268,0.087649,0.16145800000000002,4.50059,0.218977,0.01395,4.97674,8,2,1,10487720
tiledb,rank,4096,0,cold,window_256,1024,128,1,7.924921985249966,20443136,20443136,20443136,0.027186755,4096,1014,14,4,2447872,6397779968,0.144848,0.03198,0.035899,0.00855,0.007,2.076439,0.0012,0.0,0.0,0.030119,0.00297,1.817143,0.0,0.01565,0.019919,5.467679,0.011549,1024,251,6,1,2008,128512,128512,0.144948,0.10199799999999999,0.17910800000000002,1.32492,0.225827,0.026659,1.79995,6,1,1,2097544
tiledb,rank,4096,0,cold,window_256,8192,128,0,7.95353198191151,22536192,22536192,22536192,0.02773562,32768,1024,4,5,17912832,6397714432,0.175317,0.091508,0.02837,0.00919,0.00647,7.132843,0.00425,0.0,0.0,0.026098999999999997,0.00246,6.590572,0.0,0.01865,0.026779,0.329265,0.01349,16384,512,2,1,4096,262144,262144,0.086299,0.06690900000000001,0.115718,6.0963199999999995,0.283256,0.02419,6.57433,2,2,1,14682808
tiledb,rank,4096,0,cold,window_256,8192,128,1,7.5565470033325255,19931136,19931136,19931136,0.020637115,32768,1024,4,4,17912832,6397849600,0.165837,0.085599,0.02694,0.008689,0.006,1.920442,0.00098,0.0,0.0,0.02708,0.00185,1.648875,0.0,0.01489,0.024699,5.175123,0.012929,8192,256,1,1,2048,131072,131072,0.025318999999999998,0.012469999999999998,0.059279,1.36554,0.146898,0.015458999999999999,1.63141,1,1,1,2097544
tiledb,rank,4096,0,cold,window_256,65536,128,0,7.057295006234199,11534336,11534336,11534336,0.029135146,262144,1024,4,4,143177728,6399074304,0.188187,0.088969,0.028929,0.0089,0.00711,4.215447,0.00428,0.0,0.0,0.024699,0.00226,3.682515,0.0,0.01785,0.053409,2.309975,0.02422,131072,512,2,1,4096,262144,262144,0.088069,0.052819,0.115718,3.14875,0.32949500000000004,0.02527,3.6662,2,2,1,6292632
tiledb,rank,4096,0,cold,window_256,65536,128,1,9.944752033334225,22544384,22544384,22544384,0.027261994,262144,1024,4,4,143177728,6398799872,0.180048,0.078079,0.03026,0.008449,0.00698,1.908762,0.00105,0.0,0.0,0.02542,0.00176,1.651885,0.0,0.0152,0.034479,7.538527,0.02423,65536,256,1,1,2048,131072,131072,0.028689,0.01567,0.059489,1.3696599999999999,0.148478,0.017449,1.63525,1,1,1,2097544
tiledb,rank,4096,0,cold,window_4096,1024,128,0,5.906192003749311,18874368,18874368,18874368,0.029337219,4096,3611,2805,8,3112960,6400802816,0.130848,0.0,0.0,0.00791,0.0,0.00012,0.0,0.0,0.0,0.0,0.0,0.0,0.0,0.0,0.0,5.674255,0.01153,0,0,0,0,0,0,0,0.0,0.0,0.0,0.0,0.0,0.0,0.0,0,0,0,0
tiledb,rank,4096,0,cold,window_4096,1024,128,1,5.82129304530099,15208448,15208448,15208448,0.028112972,4096,3628,2797,8,3113984,6398750720,0.130028,0.033269,0.02901,0.00918,0.00729,5.378179,0.00233,0.0,0.0,0.054307999999999995,0.167158,4.448894,0.0,0.03133,0.02494,0.05996,0.010979,2048,1809,1387,1,14472,926208,926208,0.558261,0.458111,0.932136,2.9657899999999997,0.30791500000000005,0.060989,4.40568,1387,3,1,6292632
tiledb,rank,4096,0,cold,window_4096,8192,128,0,12.247726961504668,30928896,30928896,30928896,0.053071304,32768,14126,1943,8,21692928,6400065536,0.167277,0.093069,0.029909,0.00945,0.00838,11.344641,0.02392,0.0,0.0,0.052059,0.120548,9.871093,0.0,0.079068,0.02605,0.336455,0.033689,16384,7039,997,1,56312,3603968,3603968,0.550692,0.429664,0.835818,8.28419,0.466573,0.126338,9.824670000000001,997,4,1,20975440
tiledb,rank,4096,0,cold,window_4096,8192,128,1,8.873737999238074,24649728,24649728,24649728,0.036145829,32768,14107,1992,8,16451072,6398660608,0.167037,0.088618,0.02787,0.0087,0.0074,8.075039,0.00761,0.0,0.0,0.044439,0.074839,6.969416,0.0,0.056779,0.0255,0.281726,0.013319,10363,4445,630,1,35560,2275840,2275840,0.470153,0.38981299999999997,0.658601,5.74512,0.326355,0.099509,6.940359999999999,630,3,1,12585264
tiledb,rank,4096,0,cold,window_4096,65536,128,0,7.245882006827742,18866176,18866176,18866176,0.026859835,262144,16384,4,8,144179712,6399934464,0.185457,0.081919,0.03023,0.008419,0.00765,3.463089,0.00449,0.0,0.0,0.02528,0.00265,3.115623,0.0,0.050659,0.034899,3.241742,0.024779,65536,4096,1,1,32768,2097152,2097152,0.02448,0.01254,0.0531,2.62642,0.300725,0.065979,3.0988700000000002,1,2,1,4195088
tiledb,rank,4096,0,cold,window_4096,65536,128,1,8.532702981028706,18870272,18870272,18870272,0.032772381,262144,16384,4,8,144179712,6399717376,0.185828,0.088099,0.02821,0.00826,0.007849,5.539308,0.02775,0.0,0.0,0.025810000000000003,0.00414,4.723609,0.0,0.088508,0.05653,2.387235,0.025089,131072,8192,2,1,65536,4194304,4194304,0.071769,0.050829,0.103779,3.88558,0.570802,0.088348,4.70657,2,4,2,8390176
tiledb,rank,4096,0,cold,window_65536,1024,128,0,29.114595032297075,91246592,91246592,91246592,0.17879699300000002,4096,4071,3996,68,3737600,6399000576,0.190337,0.03115,0.0285,0.009069,0.00701,10.115549,0.00117,0.0,0.0,0.03336,0.032669,8.963666,0.0,0.01757,0.01491,18.578612,0.01211,296,294,288,1,2352,150528,150528,0.332635,0.239597,0.422244,7.93171,0.488713,0.02828,8.9356,288,5,1,10487720
tiledb,rank,4096,0,cold,window_65536,1024,128,1,28.328426997177303,101212160,101212160,101212160,0.186766621,4096,4073,4023,68,2826240,6399000576,0.133068,0.032479,0.0294,0.00861,0.00606,15.624286,0.00415,0.0,0.0,0.038709,0.053969,13.206733,0.0,0.01911,0.01555,12.331336,0.011369,474,470,464,1,3760,240640,240640,0.324185,0.261296,0.456573,11.8595,0.71944,0.024099000000000002,13.1769,464,8,1,16780352
tiledb,rank,4096,0,cold,window_65536,8192,128,0,29.653646983206272,103821312,103821312,103821312,0.202944185,32768,30785,27200,68,21854208,6406651904,0.314665,0.092419,0.029129,0.01005,0.00913,28.572263,0.043979,0.0,0.0,0.295086,1.056584,23.891873,0.0,0.128728,0.02982,0.288965,0.0155,13299,11832,9404,1,94656,6057984,6057984,2.1097799999999998,1.84238,4.26648,16.0494,1.79776,0.179438,23.6063,9404,15,1,31463160
tiledb,rank,4096,0,cold,window_65536,8192,128,1,32.37359598278999,88621056,88621056,88621056,0.218034782,32768,30837,27186,68,21544448,6409089024,0.238637,0.092639,0.0318,0.009429,0.00856,31.430351,0.01065,0.0,0.0,0.217656,1.025485,26.688222,0.0,0.131118,0.040969,0.152018,0.016589,11645,10549,8622,1,84392,5401088,5401088,2.00317,1.7394100000000001,3.89762,18.073800000000002,1.65876,0.191467,26.1401,8622,16,1,33560704
tiledb,rank,4096,0,cold,window_65536,65536,128,0,34.96628801804036,80236544,80236544,80236544,0.223442061,262144,165702,61013,68,169127936,6408957952,0.340235,0.089288,0.03723,0.00999,0.014929,31.905154,0.056619,0.0,0.0,0.235286,1.255692,26.691991,0.0,0.482113,0.058799,1.782523,0.029259,108894,51523,10185,1,412184,26379776,26379776,2.08352,1.88899,4.36575,16.646,1.60801,0.467453,26.027,10185,16,1,33560704
tiledb,rank,4096,0,cold,window_65536,65536,128,1,36.72454197658226,84426752,84426752,84426752,0.233286988,262144,165690,61084,68,163669504,6414155776,0.347305,0.093198,0.03608,0.00933,0.01504,33.205124,0.043919,0.0,0.0,0.580232,1.023294,27.719036,0.0,0.504902,0.069699,2.189577,0.03044,124243,53617,8944,1,428936,27451904,27451904,2.0387600000000003,1.79964,3.9269099999999995,18.38,1.79261,0.440933,27.2726,8944,16,1,33560704
tiledb,rank,4096,0,warm,random,1024,128,0,18.85031897109002,0,0,0,0.166885971,4096,4083,4053,256,2170880,6400352256,0.191257,0.032119,0.03439,0.00998,0.00503,13.463939,0.00502,0.0,0.0,0.070599,0.120808,11.723045,0.0,0.026039,0.02286,4.891387,0.013309,1012,1006,983,1,8048,515072,515072,0.339055,0.252745,0.5683819999999999,6.8061,1.5235800000000002,0.037059,11.681000000000001,983,16,1,33560704
tiledb,rank,4096,0,warm,random,1024,128,1,18.146399001125246,0,0,0,0.149146539,4096,4092,4079,256,2171904,6400307200,0.133308,0.03293,0.038579,0.00956,0.00709,17.607987,0.00224,0.0,0.0,0.06705900000000001,0.123148,14.772709,0.0,0.024429,0.02315,0.070709,0.01461,1024,1019,1002,1,8152,521728,521728,0.511863,0.415313,0.841238,8.380479999999999,1.75357,0.044539999999999996,14.6713,1002,16,1,33560704
tiledb,rank,4096,0,warm,random,8192,128,0,22.64363196445629,0,0,0,0.20900802799999998,32768,32229,31226,256,17006592,6408011776,0.237357,0.092488,0.03499,0.01006,0.008419,19.345832,0.02844,0.0,0.0,0.179027,0.71546,15.053795,0.0,0.107988,0.042199,2.499663,0.017429,8122,7667,6758,1,61336,3925504,3925504,0.839697,0.685508,2.1776500000000003,8.279440000000001,1.38321,0.123208,14.8,6758,16,1,33560704
tiledb,rank,4096,0,warm,random,8192,128,1,23.17482396028936,0,0,0,0.208979317,32768,32256,31257,256,17116160,6408093696,0.622471,0.093238,0.03482,0.00904,0.00844,21.958322,0.007979,0.0,0.0,0.17541800000000002,0.768878,17.464689,0.0,0.085728,0.02913,0.133438,0.015559,8123,7666,6787,1,61328,3924992,3924992,1.52488,1.3628399999999998,3.27202,8.59159,1.95947,0.124768,17.0266,6787,16,1,33560704
tiledb,rank,4096,0,warm,random,65536,128,0,29.86324398079887,0,0,0,0.284218458,262144,232061,180857,256,125202432,6423552000,0.302416,0.081448,0.03767,0.01188,0.014159,27.711756,0.03435,0.0,0.0,0.34538599999999997,1.777613,20.981686,0.0,0.411364,0.066149,0.862767,0.029429,65687,41409,15342,1,331272,21201408,21201408,2.4667399999999997,2.18641,5.93351,8.632050000000001,1.99438,0.451133,20.3933,15342,16,1,33560704
tiledb,rank,4096,0,warm,random,65536,128,1,32.05565101234242,0,0,0,0.30859224399999996,262144,231814,180317,256,125137408,6423166976,0.290326,0.084209,0.03815,0.010169,0.01492,30.030182,0.03389,0.0,0.0,0.349535,1.560237,23.126394,0.0,0.397194,0.050539,0.845767,0.03038,65745,41427,15244,1,331416,21210624,21210624,2.89913,2.6238799999999998,6.09767,10.5947,1.9094,0.432674,22.2015,15244,16,1,33560704
tiledb,rank,4096,0,warm,window_256,1024,128,0,4.2935460223816335,0,0,0,0.020572886999999998,4096,1008,20,4,2446848,6400208896,0.140338,0.03289,0.041749,0.01053,0.00769,3.817473,0.00165,0.0,0.0,0.07907900000000001,0.008639,2.493523,0.0,0.018849,0.02728,0.060809,0.01308,2048,506,8,1,4048,259072,259072,0.164467,0.120247,0.203787,1.9467899999999998,0.210437,0.017750000000000002,2.46311,8,2,1,10487720
tiledb,rank,4096,0,warm,window_256,1024,128,1,4.358165024314076,0,0,0,0.019278954,4096,1014,14,4,2447872,6400176128,0.134588,0.030549,0.03025,0.00819,0.00477,1.241581,0.00118,0.0,0.0,0.033739,0.00385,0.967826,0.0,0.0151,0.01956,2.750699,0.011379,1024,251,6,1,2008,128512,128512,0.198447,0.148089,0.234976,0.41548399999999996,0.208507,0.0333,0.946366,6,1,1,2097544
tiledb,rank,4096,0,warm,window_256,8192,128,0,4.837627988308668,0,0,0,0.020722907,32768,1024,4,5,17912832,6400131072,0.171138,0.088928,0.02982,0.00987,0.00618,4.045999,0.00378,0.0,0.0,0.023299,0.00245,3.233852,0.0,0.01732,0.02624,0.316826,0.01358,16384,512,2,1,4096,262144,262144,0.095019,0.07357899999999999,0.134298,2.76476,0.24603599999999998,0.021019999999999997,3.21712,2,2,1,14682808
tiledb,rank,4096,0,warm,window_256,8192,128,1,5.866042978595942,0,0,0,0.022992145000000002,32768,1024,4,4,17912832,6400258048,0.161048,0.087659,0.026279,0.00838,0.007,1.003755,0.00103,0.0,0.0,0.025258999999999997,0.00181,0.71568,0.0,0.01393,0.024289,4.408224,0.01324,8192,256,1,1,2048,131072,131072,0.04496,0.033170000000000005,0.062049,0.407774,0.176587,0.01448,0.69883,1,1,1,2097544
tiledb,rank,4096,0,warm,window_256,65536,128,0,5.1225629867985845,0,0,0,0.020657555,262144,1024,4,4,143177728,6401716224,0.183607,0.088498,0.02879,0.00866,0.00728,2.284886,0.00384,0.0,0.0,0.022219,0.00217,1.741404,0.0,0.016439,0.05493,2.310196,0.02647,131072,512,2,1,4096,262144,262144,0.10449900000000001,0.082689,0.137288,1.25567,0.26513600000000004,0.018088999999999997,1.72573,2,2,1,6292632
tiledb,rank,4096,0,warm,window_256,65536,128,1,6.378524994943291,0,0,0,0.021452376,262144,1024,4,4,143177728,6401155072,0.178997,0.076479,0.02874,0.008369,0.00717,0.930176,0.00137,0.0,0.0,0.024030000000000003,0.00176,0.67183,0.0,0.01437,0.03355,4.965936,0.024309,65536,256,1,1,2048,131072,131072,0.026279,0.013809,0.061229000000000006,0.40223400000000004,0.13722800000000002,0.01458,0.6555899999999999,1,1,1,2097544
tiledb,rank,4096,0,warm,window_4096,1024,128,0,4.365004017017782,0,0,0,0.027893078,4096,3611,2805,8,3112960,6403637248,0.112778,0.0,0.0,0.00745,0.0,0.00014,0.0,0.0,0.0,0.0,0.0,0.0,0.0,0.0,0.0,4.160178,0.01066,0,0,0,0,0,0,0,0.0,0.0,0.0,0.0,0.0,0.0,0.0,0,0,0,0
tiledb,rank,4096,0,warm,window_4096,1024,128,1,4.174737026914954,0,0,0,0.028074272,4096,3628,2797,8,3113984,6401228800,0.158568,0.03266,0.028849,0.00872,0.00737,3.708735,0.00271,0.0,0.0,0.054619,0.148438,2.67104,0.0,0.030669,0.0243,0.060839,0.01132,2048,1809,1387,1,14472,926208,926208,0.5810919999999999,0.486943,0.950406,1.1434900000000001,0.295746,0.07292900000000001,2.61476,1387,3,1,6292632
tiledb,rank,4096,0,warm,window_4096,8192,128,0,8.420453988946974,0,0,0,0.048727183,32768,14126,1943,8,21692928,6402691072,0.446033,0.092428,0.02694,0.0094,0.00811,7.278251,0.032369,0.0,0.0,0.05049,0.122308,5.287691,0.0,0.078619,0.025649,0.330865,0.01283,16384,7039,997,1,56312,3603968,3603968,0.569031,0.469283,0.8549869999999999,3.65132,0.49095300000000003,0.128698,5.24218,997,4,1,20975440
tiledb,rank,4096,0,warm,window_4096,8192,128,1,5.456057959236205,0,0,0,0.031691207,32768,14107,1992,8,16451072,6400978944,0.166537,0.089299,0.027769,0.00844,0.00736,4.66525,0.0072,0.0,0.0,0.041179,0.073979,3.610676,0.0,0.056299,0.02612,0.280316,0.013229,10363,4445,630,1,35560,2275840,2275840,0.471123,0.385835,0.6700299999999999,2.3917100000000002,0.32901600000000003,0.083929,3.58144,630,3,1,12585264
tiledb,rank,4096,0,warm,window_4096,65536,128,0,4.942786006722599,0,0,0,0.026747379,262144,16384,4,8,144179712,6402289664,0.182727,0.080939,0.029169,0.00857,0.00763,1.774384,0.00441,0.0,0.0,0.02487,0.007059,1.238072,0.0,0.052109,0.034189,2.636201,0.022829,65536,4096,1,1,32768,2097152,2097152,0.043479000000000004,0.02955,0.072659,0.720749,0.27056600000000003,0.104688,1.22139,1,2,1,4195088
tiledb,rank,4096,0,warm,window_4096,65536,128,1,5.961181013844907,0,0,0,0.031094688,262144,16384,4,8,144179712,6401925120,0.181918,0.086139,0.02792,0.00861,0.006959,2.989026,0.02572,0.0,0.0,0.02586,0.00442,2.132588,0.0,0.086169,0.055039,2.371094,0.02636,131072,8192,2,1,65536,4194304,4194304,0.068219,0.047449,0.093999,1.15557,0.6743,0.129228,2.1156,2,4,2,8390176
tiledb,rank,4096,0,warm,window_65536,1024,128,0,17.016865022014827,0,0,0,0.123629293,4096,4071,3996,68,3737600,6401163264,0.221417,0.03145,0.028459,0.00862,0.00718,4.204767,0.00091,0.0,0.0,0.033600000000000005,0.036659,3.066904,0.0,0.01655,0.01422,12.373705,0.01167,296,294,288,1,2352,150528,150528,0.30737499999999995,0.212965,0.39573400000000003,2.01271,0.524372,0.02563,3.04088,288,5,1,10487720
tiledb,rank,4096,0,warm,window_65536,1024,128,1,14.806089049670845,0,0,0,0.115463279,4096,4073,4023,68,2826240,6401159168,0.150098,0.03177,0.028049,0.00843,0.0061,8.03158,0.00395,0.0,0.0,0.03744,0.060579,5.752254,0.0,0.0177,0.01652,6.389844,0.01176,474,470,464,1,3760,240640,240640,0.28099599999999997,0.196056,0.394014,4.44867,0.768798,0.022359999999999998,5.723459999999999,464,8,1,16780352
tiledb,rank,4096,0,warm,window_65536,8192,128,0,22.12760003749281,0,0,0,0.178779767,32768,30785,27200,68,21854208,6408491008,0.230656,0.092289,0.029819,0.00974,0.00898,21.130804,0.044439,0.0,0.0,0.28916600000000003,1.168682,14.443745,0.0,0.123199,0.027869,0.288575,0.01515,13299,11832,9404,1,94656,6057984,6057984,2.07222,1.81388,4.1925,7.480910000000001,1.9825599999999999,0.178037,14.1479,9404,15,1,31463160
tiledb,rank,4096,0,warm,window_65536,8192,128,1,23.61986698815599,0,0,0,0.179672371,32768,30837,27186,68,21544448,6410616832,0.189137,0.093268,0.03208,0.00926,0.00919,22.791479,0.00979,0.0,0.0,0.195687,1.020725,17.886393,0.0,0.118089,0.03393,0.136728,0.016019,11645,10549,8622,1,84392,5401088,5401088,1.93824,1.6546200000000002,3.8406,9.04472,1.72152,0.18839799999999998,17.4024,8622,16,1,33560704
tiledb,rank,4096,0,warm,window_65536,65536,128,0,26.26103803049773,0,0,0,0.185908837,262144,165702,61013,68,169127936,6410620928,0.372184,0.089739,0.032659,0.01015,0.01505,23.171294,0.041699,0.0,0.0,0.233337,1.266281,17.967681,0.0,0.493693,0.057619,1.791274,0.028869,108894,51523,10185,1,412184,26379776,26379776,2.19636,1.9317799999999998,4.65945,7.92438,1.5616,0.486893,17.363699999999998,10185,16,1,33560704
tiledb,rank,4096,0,warm,window_65536,65536,128,1,25.446228974033147,0,0,0,0.195088185,262144,165690,61084,68,163669504,6415851520,0.395714,0.093628,0.035,0.00906,0.014829,20.922538,0.0433,0.0,0.0,0.206098,1.040354,15.742865,0.0,0.505642,0.071429,3.157473,0.027769,124243,53617,8944,1,428936,27451904,27451904,2.16241,1.9418300000000002,4.245299999999999,7.32662,1.8198299999999998,0.543652,15.2222,8944,16,1,33560704
tiledb,rank,65536,0,cold,random,1024,128,0,32.055082032456994,134250496,134250496,134250496,0.196082738,4096,4083,4053,16,2170880,6400114688,0.164978,0.03218,0.034519,0.00969,0.00715,29.112295,0.00714,0.0,0.0,0.057258,0.122259,28.702431,0.0,0.02945,0.025679,2.421314,0.01351,1003,993,975,1,7944,508416,508416,0.35214399999999996,0.266815,0.569291,21.813,2.67781,0.09447900000000001,28.6605,975,1,1,33560584
tiledb,rank,65536,0,cold,random,1024,128,1,29.796914954204112,134250496,134250496,134250496,0.150854397,4096,4092,4079,16,2171904,6400118784,0.119728,0.03318,0.033989,0.00921,0.00631,27.42185,0.00705,0.0,0.0,0.062429,0.125898,27.003817,0.0,0.02875,0.027559,1.913022,0.020039,1028,1024,1009,1,8192,524288,524288,0.403374,0.289877,0.617611,20.9209,2.04081,0.098019,26.944,1009,1,1,33560584
tiledb,rank,65536,0,cold,random,8192,128,0,32.82884001964703,134250496,134250496,134250496,0.17429736299999998,32768,32229,31226,16,17006592,6408486912,0.285586,0.093589,0.0311,0.009459,0.00898,31.974403,0.00729,0.0,0.0,0.155038,0.758788,30.080611,0.0,0.089618,0.02953,0.134768,0.01571,8240,7732,6821,1,61856,3958784,3958784,1.1938199999999999,1.0131700000000001,2.56516,20.395699999999998,2.71926,0.5635720000000001,29.6508,6821,1,1,33560584
tiledb,rank,65536,0,cold,random,8192,128,1,34.21532898209989,134250496,134250496,134250496,0.191803217,32768,32256,31257,16,17116160,6408622080,0.254426,0.093179,0.031589,0.0091,0.00805,33.396261,0.00776,0.0,0.0,0.159527,0.731259,31.540559,0.0,0.084609,0.029269,0.133928,0.01573,8123,7666,6787,1,61328,3924992,3924992,1.22892,1.04718,2.6058499999999998,21.0487,3.32409,0.624721,31.1184,6787,1,1,33560584
tiledb,rank,65536,0,cold,random,65536,128,0,42.81415097648278,134250496,134250496,134250496,0.26074831600000004,262144,232061,180857,16,125202432,6425395200,0.408854,0.083509,0.033229,0.0095,0.01367,40.798451,0.034459,0.0,0.0,0.31986400000000004,1.731105,36.85402,0.0,0.389194,0.045759,0.828218,0.028499,65835,41459,15136,1,331672,21227008,21227008,2.40119,2.15701,5.23478,23.2459,1.47122,2.3292,35.9576,15136,1,1,33560584
tiledb,rank,65536,0,cold,random,65536,128,1,42.65199298970401,134250496,134250496,134250496,0.275191954,262144,231814,180317,16,125137408,6425559040,0.246017,0.083779,0.03856,0.009989,0.01352,40.719222,0.03358,0.0,0.0,0.346115,1.563137,36.848969,0.0,0.390554,0.04132,0.841388,0.029429,65368,41407,15232,1,331256,21200384,21200384,2.4605,2.19444,5.365530000000001,20.8112,2.30459,2.5030099999999997,35.8781,15232,1,1,33560584
tiledb,rank,65536,0,cold,window_256,1024,128,0,23.849914025049657,100687872,100687872,100687872,0.103925011,4096,1008,20,4,2446848,6402056192,0.210407,0.03402,0.040669,0.0095,0.00581,23.190644,0.00163,0.0,0.0,0.07352900000000001,0.00743,22.254468,0.0,0.037429,0.0315,0.075539,0.01524,2048,506,8,1,4048,259072,259072,0.148588,0.089788,0.17740799999999998,17.0882,1.75911,0.050549,22.221899999999998,8,1,1,33560584
tiledb,rank,65536,0,cold,window_256,1024,128,1,25.45231900876388,100687872,100687872,100687872,0.137705632,4096,1014,14,4,2447872,6402052096,0.105378,0.030929,0.0342,0.0094,0.00505,22.273217,0.00102,0.0,0.0,0.048659,0.00294,22.08147,0.0,0.0202,0.026069,2.720579,0.01334,1024,255,2,1,2040,130560,130560,0.057039,0.02533,0.075218,17.0763,2.25156,0.02404,22.0584,2,1,1,33560584
tiledb,rank,65536,0,cold,window_256,8192,128,0,23.157403978984803,100687872,100687872,100687872,0.104676042,32768,1024,4,4,17912832,6402203648,0.269126,0.090799,0.030469,0.00951,0.00526,22.231728,0.00506,0.0,0.0,0.03428,0.00236,22.09147,0.0,0.021,0.029229,0.329475,0.01487,16384,512,2,1,4096,262144,262144,0.065459,0.045619,0.092249,16.467699999999997,2.1963299999999997,0.033528999999999996,22.0524,2,1,1,33560584
tiledb,rank,65536,0,cold,window_256,8192,128,1,23.12864497071132,100687872,100687872,100687872,0.106700096,32768,1024,4,4,17912832,6402338816,0.194667,0.087439,0.035689,0.00855,0.00752,22.496244,0.00137,0.0,0.0,0.057189,0.00324,22.277337,0.0,0.01791,0.027349,0.093249,0.013129,8192,256,1,1,2048,131072,131072,0.031749,0.01561,0.07317799999999999,16.477,2.19595,0.026309,22.2547,1,1,1,33560584
tiledb,rank,65536,0,cold,window_256,65536,128,0,22.609681996982545,67125248,67125248,67125248,0.096460189,262144,1024,4,4,143177728,6403997696,0.829967,0.088809,0.032979,0.00969,0.00759,19.147824,0.0046,0.0,0.0,0.033239000000000005,0.00249,19.010686,0.0,0.02002,0.056999,2.258906,0.02658,131072,512,2,1,4096,262144,262144,0.078669,0.048879,0.105999,14.133099999999999,1.7476200000000002,0.026699999999999998,18.9924,2,1,1,33560584
tiledb,rank,65536,0,cold,window_256,65536,128,1,24.73311102949083,100687872,100687872,100687872,0.111273051,262144,1024,4,4,143177728,6403248128,0.194907,0.078569,0.03675,0.00891,0.006699,21.075386,0.00126,0.0,0.0,0.047439999999999996,0.00273,20.816559,0.0,0.023299,0.03948,3.066675,0.026429,65536,256,1,1,2048,131072,131072,0.02656,0.01268,0.049589999999999995,16.3065,1.9369299999999998,0.022189,20.7944,1,1,1,33560584
tiledb,rank,65536,0,cold,window_4096,1024,128,0,23.862114001531154,100687872,100687872,100687872,0.106983906,4096,3611,2805,4,3112960,6405529600,0.165137,0.0,0.0,0.00802,0.0,0.00015,0.0,0.0,0.0,0.0,0.0,0.0,0.0,0.0,0.0,23.586657,0.0126,0,0,0,0,0,0,0,0.0,0.0,0.0,0.0,0.0,0.0,0.0,0,0,0,0
tiledb,rank,65536,0,cold,window_4096,1024,128,1,24.05186096439138,100687872,100687872,100687872,0.106983319,4096,3628,2797,4,3113984,6403211264,0.177468,0.03452,0.035059,0.00916,0.00717,23.515939,0.00826,0.0,0.0,0.10095799999999999,0.154238,22.802039,0.0,0.037699,0.02938,0.062889,0.010709,2048,1809,1387,1,14472,926208,926208,0.7107399999999999,0.562893,1.116,16.6889,1.7696999999999998,0.176728,22.7454,1387,1,1,33560584
tiledb,rank,65536,0,cold,window_4096,8192,128,0,24.825048982165754,100687872,100687872,100687872,0.113584361,32768,14126,1943,4,21692928,6405189632,0.168498,0.091328,0.03381,0.0099,0.007589,23.941733,0.00522,0.0,0.0,0.061259999999999995,0.062159,23.587107,0.0,0.052839,0.03049,0.310346,0.01507,8192,3560,461,1,28480,1822720,1822720,0.49467300000000003,0.409355,0.65172,17.6697,1.98643,0.15333799999999997,23.5536,461,1,1,33560584
tiledb,rank,65536,0,cold,window_4096,8192,128,1,31.272382999304682,134250496,134250496,134250496,0.171459623,32768,14107,1992,5,16451072,6403129344,0.213267,0.089908,0.03215,0.00936,0.007169,30.428686,0.00457,0.0,0.0,0.058449,0.065529,30.037012,0.0,0.049979,0.02991,0.268126,0.013959,8192,3532,492,1,28256,1808384,1808384,0.279606,0.190478,0.409134,23.3476,1.40048,0.252526,29.9989,492,1,1,33560584
tiledb,rank,65536,0,cold,window_4096,65536,128,0,25.009447010234,100687872,100687872,100687872,0.118455096,262144,16384,4,4,144179712,6405083136,0.191507,0.081589,0.030399,0.00911,0.00788,23.181694,0.00454,0.0,0.0,0.035228999999999996,0.00337,23.028096,0.0,0.052229,0.036199,1.258882,0.025299,65536,4096,1,1,32768,2097152,2097152,0.041669,0.026089,0.07711900000000001,16.685599999999997,3.10188,0.079288,23.0078,1,1,1,33560584
tiledb,rank,65536,0,cold,window_4096,65536,128,1,26.265417982358485,100687872,100687872,100687872,0.115936896,262144,16384,4,4,144179712,6404476928,0.257646,0.088659,0.029949,0.00907,0.00792,23.268493,0.02871,0.0,0.0,0.033669,0.005,23.055926,0.0,0.087298,0.055329,2.301586,0.027669,131072,8192,2,1,65536,4194304,4194304,0.11979799999999999,0.096418,0.167067,16.9207,1.9848700000000001,0.26451600000000003,23.0357,2,1,1,33560584
tiledb,rank,65536,0,cold,window_65536,1024,128,0,29.443520994391292,134250496,134250496,134250496,0.12053088599999999,4096,4071,3996,8,3737600,6404104192,0.182117,0.031929,0.03351,0.009229,0.00723,27.649507,0.00128,0.0,0.0,0.04536,0.033879,27.278083,0.0,0.01862,0.0159,1.364989,0.01239,296,294,288,1,2352,150528,150528,0.474033,0.372125,0.599671,21.229000000000003,1.72261,0.043059,27.2465,288,1,1,33560584
tiledb,rank,65536,0,cold,window_65536,1024,128,1,29.32469197548926,134250496,134250496,134250496,0.131286094,4096,4073,4023,8,2826240,6404153344,0.226617,0.033069,0.0324,0.009259,0.0075,28.12522,0.00832,0.0,0.0,0.117939,0.182097,27.45827,0.0,0.02978,0.025109,0.69698,0.01055,1671,1649,1615,1,13192,844288,844288,0.593032,0.474012,0.956666,20.4072,2.40333,0.158807,27.377499999999998,1615,1,1,33560584
tiledb,rank,65536,0,cold,window_65536,8192,128,0,34.35963694937527,134250496,134250496,134250496,0.17382625699999998,32768,30785,27200,8,21854208,6412685312,0.273316,0.091399,0.030639,0.00956,0.00892,33.356162,0.01009,0.0,0.0,0.27388599999999996,1.197552,30.533724,0.0,0.122808,0.027019,0.286686,0.01431,13299,11832,9404,1,94656,6057984,6057984,1.69275,1.41318,3.64211,21.1044,1.6367099999999999,0.870407,30.2515,9404,1,1,33560584
tiledb,rank,65536,0,cold,window_65536,8192,128,1,31.109886011108756,100687872,100687872,100687872,0.16840249499999999,32768,30837,27186,8,21544448,6415310848,0.183637,0.092439,0.036029,0.00971,0.00806,26.240968,0.025699,0.0,0.0,0.213378,0.750458,24.375376,0.0,0.099698,0.03788,4.170148,0.01704,8485,7699,6349,1,61592,3941888,3941888,1.08566,0.898997,2.32586,16.257299999999997,1.66027,0.6401399999999999,24.17,6349,1,1,33560584
tiledb,rank,65536,0,cold,window_65536,65536,128,0,38.5842039831914,134250496,134250496,134250496,0.187620159,262144,165702,61013,8,169127936,6414729216,0.394044,0.088149,0.031319,0.00907,0.01522,35.397261,0.041019,0.0,0.0,0.219066,1.223362,32.253968,0.0,0.501863,0.071729,1.819113,0.030479,108894,51523,10185,1,412184,26379776,26379776,1.77352,1.53786,3.78942,20.254,1.98505,2.40504,31.6294,10185,1,1,33560584
tiledb,rank,65536,0,cold,window_65536,65536,128,1,35.08885600604117,100687872,100687872,100687872,0.188169268,262144,165690,61084,8,163669504,6419963904,0.334485,0.092719,0.036769,0.00956,0.01503,29.916993,0.044169,0.0,0.0,0.229916,1.031805,27.301022,0.0,0.499703,0.065929,3.884452,0.028829,124243,53617,8944,1,428936,27451904,27451904,1.73498,1.50809,3.47579,16.187,1.71032,2.03175,26.7988,8944,1,1,33560584
tiledb,rank,65536,0,warm,random,1024,128,0,16.634672007057816,0,0,0,0.130510446,4096,4083,4053,16,2170880,6406062080,0.230467,0.03249,0.029929,0.00859,0.00701,15.177633,0.00713,0.0,0.0,0.054917999999999995,0.119859,14.679451,0.0,0.02449,0.02339,0.942465,0.01269,1049,1041,1023,1,8328,532992,532992,0.64627,0.54393,0.923676,7.09541,3.0273700000000003,0.108048,14.5846,1023,1,1,33560584
tiledb,rank,65536,0,warm,random,1024,128,1,16.48217299953103,0,0,0,0.122950671,4096,4092,4079,16,2171904,6406066176,0.144618,0.03326,0.030709,0.00911,0.00702,15.497848,0.00243,0.0,0.0,0.062709,0.119708,14.959897,0.0,0.03685,0.031429,0.494713,0.014199,1051,1041,1024,1,8328,532992,532992,0.608241,0.505562,0.879387,7.51577,2.15662,0.13333799999999998,14.8612,1024,1,1,33560584
tiledb,rank,65536,0,warm,random,8192,128,0,21.438619995024055,0,0,0,0.179062858,32768,32229,31226,16,17006592,6414336000,0.196147,0.093058,0.03196,0.00986,0.00815,20.656861,0.028769,0.0,0.0,0.212227,0.761878,18.537334,0.0,0.088939,0.027789,0.131948,0.01597,8126,7647,6781,1,61176,3915264,3915264,1.54384,1.33446,3.06448,7.6986,2.2712399999999997,0.571441,18.388,6781,1,1,33560584
tiledb,rank,65536,0,warm,random,8192,128,1,22.393764986190945,0,0,0,0.182405501,32768,32256,31257,16,17116160,6414430208,0.187917,0.089809,0.033919,0.00877,0.00803,21.639477,0.00733,0.0,0.0,0.163707,0.831948,19.557248,0.0,0.083778,0.02621,0.133418,0.01319,8207,7684,6810,1,61472,3934208,3934208,1.48679,1.25531,2.94306,8.575930000000001,1.7943799999999999,0.601431,19.0731,6810,1,1,33560584
tiledb,rank,65536,0,warm,random,65536,128,0,29.338191961869597,0,0,0,0.24842990799999998,262144,232061,180857,16,125202432,6428078080,0.287386,0.086388,0.03486,0.01085,0.013369,27.335882,0.03437,0.0,0.0,0.33196499999999995,1.735154,22.981927,0.0,0.395554,0.05113,0.834918,0.028979,65740,41559,15288,1,332472,21278208,21278208,2.64427,2.32837,5.74067,8.01575,1.48482,2.35673,21.929299999999998,15288,1,1,33560584
tiledb,rank,65536,0,warm,random,65536,128,1,30.436865985393524,0,0,0,0.280967206,262144,231814,180317,16,125137408,6427959296,0.232877,0.082608,0.03563,0.0098,0.01355,28.540753,0.033609,0.0,0.0,0.327845,1.583336,24.446975,0.0,0.393854,0.04109,0.836988,0.02817,65368,41407,15232,1,331256,21200384,21200384,2.84679,2.58842,5.93966,8.014560000000001,2.81214,2.27977,23.3644,15232,1,1,33560584
tiledb,rank,65536,0,warm,window_256,1024,128,0,15.204563038423657,0,0,0,0.097319363,4096,1008,20,4,2446848,6404694016,0.149548,0.033759,0.03661,0.009489,0.00746,14.714231,0.00145,0.0,0.0,0.04392,0.00477,13.852653,0.0,0.019969,0.02783,0.061229,0.01194,2048,506,8,1,4048,259072,259072,0.202127,0.148938,0.247407,8.01019,2.26431,0.033129,13.8295,8,1,1,33560584
tiledb,rank,65536,0,warm,window_256,1024,128,1,14.133109012618661,0,0,0,0.095998152,4096,1014,14,4,2447872,6404665344,0.167817,0.032999,0.03505,0.00835,0.00707,12.776219,0.00124,0.0,0.0,0.038269000000000004,0.00332,12.612652,0.0,0.01943,0.021729,0.949056,0.01132,1024,251,6,1,2008,128512,128512,0.174487,0.114457,0.204167,6.8544599999999996,2.26245,0.023348999999999998,12.5937,6,1,1,33560584
tiledb,rank,65536,0,warm,window_256,8192,128,0,14.039450034033507,0,0,0,0.092700375,32768,1024,4,4,17912832,6404632576,0.403794,0.087909,0.03364,0.008469,0.00613,13.071255,0.00202,0.0,0.0,0.0364,0.00183,12.918147,0.0,0.01514,0.02635,0.254407,0.013819,8192,256,1,1,2048,131072,131072,0.03131,0.01726,0.09865900000000001,7.22791,2.13245,0.02587,12.8999,1,1,1,33560584
tiledb,rank,65536,0,warm,window_256,8192,128,1,13.624585990328342,0,0,0,0.082891957,32768,1024,4,4,17912832,6404767744,0.168837,0.088679,0.036299,0.00828,0.00718,13.037905,0.00144,0.0,0.0,0.07222899999999999,0.0058,12.810929,0.0,0.01904,0.02851,0.095589,0.01444,8192,256,1,1,2048,131072,131072,0.047939999999999997,0.02728,0.09379900000000001,8.01486,1.62153,0.032449,12.7791,1,1,1,33560584
tiledb,rank,65536,0,warm,window_256,65536,128,0,14.967246039304882,0,0,0,0.078469229,262144,1024,4,4,143177728,6406266880,0.182507,0.083768,0.03299,0.00921,0.00709,12.114389,0.004149,0.0,0.0,0.03421,0.00239,11.959511,0.0,0.017629,0.05605,2.294736,0.0262,131072,512,2,1,4096,262144,262144,0.072739,0.051109999999999996,0.110898,7.11435,1.70408,0.035339,11.9414,2,1,1,33560584
tiledb,rank,65536,0,warm,window_256,65536,128,1,15.991251973900944,0,0,0,0.100670616,262144,1024,4,4,143177728,6405701632,0.176698,0.077129,0.03407,0.00868,0.007249,12.889548,0.00144,0.0,0.0,0.03465,0.0021,12.71878,0.0,0.01663,0.035479,2.582572,0.024539,65536,256,1,1,2048,131072,131072,0.053699000000000004,0.0383,0.09611800000000001,7.30232,2.11279,0.028709,12.7014,1,1,1,33560584
tiledb,rank,65536,0,warm,window_4096,1024,128,0,14.527283026836812,0,0,0,0.089998554,4096,3611,2805,4,3112960,6408175616,0.140338,0.0,0.0,0.00765,0.0,0.00016,0.0,0.0,0.0,0.0,0.0,0.0,0.0,0.0,0.0,14.288896,0.01317,0,0,0,0,0,0,0,0.0,0.0,0.0,0.0,0.0,0.0,0.0,0,0,0,0
tiledb,rank,65536,0,warm,window_4096,1024,128,1,14.861607982311398,0,0,0,0.09763303,4096,3628,2797,4,3113984,6405926912,0.133598,0.032279,0.02962,0.00888,0.005429,14.414685,0.00744,0.0,0.0,0.074509,0.160538,13.755704,0.0,0.03272,0.024609,0.060279,0.01101,2048,1809,1387,1,14472,926208,926208,0.69731,0.57184,1.06127,7.42223,1.81759,0.131858,13.692599999999999,1387,1,1,33560584
tiledb,rank,65536,0,warm,window_4096,8192,128,0,15.107173996511847,0,0,0,0.101792875,32768,14126,1943,4,21692928,6408159232,0.182217,0.090199,0.027469,0.00881,0.00736,14.278877,0.00395,0.0,0.0,0.040209,0.065519,13.963892,0.0,0.046439,0.02626,0.305096,0.0128,8192,3560,461,1,28480,1822720,1822720,0.453663,0.374003,0.606711,7.26211,2.0160299999999998,0.183368,13.9376,461,1,1,33560584
tiledb,rank,65536,0,warm,window_4096,8192,128,1,16.078909975476563,0,0,0,0.119208752,32768,14107,1992,5,16451072,6406021120,0.295656,0.087898,0.0304,0.00861,0.00701,13.142444,0.00786,0.0,0.0,0.045529,0.074439,12.744539,0.0,0.055069,0.027979,2.285596,0.01364,10363,4445,630,1,35560,2275840,2275840,0.424204,0.33375499999999997,0.597131,6.98188,2.01221,0.160858,12.711,630,1,1,33560584
tiledb,rank,65536,0,warm,window_4096,65536,128,0,14.64735099580139,0,0,0,0.09177557,262144,16384,4,4,144179712,6407340032,0.181367,0.081289,0.028629,0.00879,0.00731,12.791409,0.01892,0.0,0.0,0.026679,0.00266,12.632392,0.0,0.050899,0.03641,1.31448,0.02525,65536,4096,1,1,32768,2097152,2097152,0.06598899999999999,0.052729000000000005,0.102799,7.34472,2.19996,0.09992799999999999,12.6149,1,1,1,33560584
tiledb,rank,65536,0,warm,window_4096,65536,128,1,16.529232962056994,0,0,0,0.097971894,262144,16384,4,4,144179712,6406885376,0.205297,0.088339,0.028349,0.01428,0.00793,13.596147,0.03189,0.0,0.0,0.02795,0.00406,13.39087,0.0,0.088129,0.057309,2.293245,0.02747,131072,8192,2,1,65536,4194304,4194304,0.083468,0.063769,0.126658,7.37542,1.8816499999999998,0.270036,13.3727,2,1,1,33560584
tiledb,rank,65536,0,warm,window_65536,1024,128,0,16.726700006984174,0,0,0,0.126053257,4096,4071,3996,8,3737600,6406295552,0.103378,0.084338,0.0288,0.00898,0.00714,16.130239,0.01031,0.0,0.0,0.097608,0.285236,15.157543,0.0,0.054119,0.039359,0.079119,0.01378,2538,2497,2389,1,19976,1278464,1278464,0.814747,0.670469,1.42358,7.590870000000001,1.83601,0.24597699999999997,15.067,2389,1,1,33560584
tiledb,rank,65536,0,warm,window_65536,1024,128,1,16.39839494600892,0,0,0,0.12697861600000002,4096,4073,4023,8,2826240,6406381568,0.140878,0.03267,0.031519,0.00902,0.00718,15.608487,0.0083,0.0,0.0,0.092939,0.179717,14.942047,0.0,0.03267,0.026169,0.368545,0.011969,1671,1649,1615,1,13192,844288,844288,0.601491,0.471872,0.981355,7.05251,2.6194,0.234177,14.8778,1615,1,1,33560584
tiledb,rank,65536,0,warm,window_65536,8192,128,0,20.750599971506745,0,0,0,0.163332981,32768,30785,27200,8,21854208,6414327808,0.170757,0.091789,0.028799,0.01021,0.00729,19.840964,0.01075,0.0,0.0,0.276155,1.175043,16.979447,0.0,0.121248,0.031239,0.289396,0.01194,13299,11832,9404,1,94656,6057984,6057984,1.54856,1.34382,3.51086,7.23011,1.8754,0.753359,16.7031,9404,1,1,33560584
tiledb,rank,65536,0,warm,window_65536,8192,128,1,21.343212050851434,0,0,0,0.153353734,32768,30837,27186,8,21544448,6416945152,0.168528,0.092449,0.02884,0.008949,0.0086,20.464395,0.04275,0.0,0.0,0.202737,0.965006,17.871103,0.0,0.117178,0.029699,0.266026,0.01475,12638,11260,8840,1,90080,5765120,5765120,1.85712,1.55216,3.74338,7.628539999999999,2.2719300000000002,0.881577,17.676299999999998,8840,1,1,33560584
tiledb,rank,65536,0,warm,window_65536,65536,128,0,25.01411596313119,0,0,0,0.182150788,262144,165702,61013,8,169127936,6416498688,0.257786,0.088958,0.03097,0.00918,0.014999,22.168249,0.04104,0.0,0.0,0.222747,1.222422,19.267122,0.0,0.479433,0.053959,1.737514,0.02717,108894,51523,10185,1,412184,26379776,26379776,1.69866,1.5022799999999998,3.72002,7.62319,2.05674,2.2222600000000003,18.639300000000002,10185,1,1,33560584
tiledb,rank,65536,0,warm,window_65536,65536,128,1,26.209829025901854,0,0,0,0.175341858,262144,165690,61084,8,163669504,6421647360,0.325485,0.091939,0.031639,0.00888,0.0148,20.981147,0.043949,0.0,0.0,0.193806,1.001716,18.317526,0.0,0.519732,0.077159,3.907492,0.030699,124243,53617,8944,1,428936,27451904,27451904,1.5656400000000001,1.3636,3.27297,7.33871,1.5755400000000002,2.36425,17.8149,8944,1,1,33560584
tiledb,node,256,0,cold,random,1024,128,0,34.9029689677991,134250496,134250496,134250496,0.25954798300000004,4096,4083,4053,2608,2170880,6407405568,0.115789,0.03211,0.029559,0.00862,0.00713,32.263188,0.00728,0.0,0.0,0.049579,0.116578,29.602548,0.0,0.02493,0.046689,2.229117,0.012209,1049,1041,1023,1,8328,532992,532992,0.6133310000000001,0.520841,0.9296960000000001,22.5355,2.45355,0.071919,29.5104,1023,253,1,33562624
tiledb,node,256,0,cold,random,1024,128,1,33.95334299420938,134250496,134250496,134250496,0.252038582,4096,4092,4079,2570,2171904,6407471104,0.508662,0.031109,0.02897,0.00908,0.00695,33.077336,0.006769,0.0,0.0,0.101169,0.130538,30.092651,0.0,0.023989,0.0217,0.109438,0.01149,1028,1024,1009,1,8192,524288,524288,0.64442,0.508083,0.961005,23.1299,2.38222,0.081509,30.002299999999998,1009,250,1,33562624
tiledb,node,256,0,cold,random,8192,128,0,38.419666001573205,134250496,134250496,134250496,0.326923819,32768,32229,31226,4094,17006592,6415327232,0.175267,0.089748,0.03156,0.00896,0.00805,37.701916,0.011279,0.0,0.0,0.175418,0.791138,33.558969,0.0,0.085749,0.02743,0.132698,0.014479,8280,7773,6819,1,62184,3979776,3979776,1.71401,1.51714,3.62973,22.8354,1.7810199999999998,0.257626,33.073499999999996,6819,256,1,33562624
tiledb,node,256,0,cold,random,8192,128,1,41.45082097966224,134250496,134250496,134250496,0.349775551,32768,32256,31257,4094,17116160,6415527936,0.170968,0.090359,0.029189,0.00891,0.0078,40.755312,0.00788,0.0,0.0,0.163458,0.817037,36.544335,0.0,0.084328,0.02699,0.131208,0.01399,8207,7684,6810,1,61472,3934208,3934208,1.72723,1.5361,3.4988799999999998,24.6821,2.3848,0.254426,36.0735,6810,256,1,33562624
tiledb,node,256,0,cold,random,65536,128,0,49.78550603846088,134250496,134250496,134250496,0.479638259,262144,232061,180857,4096,125202432,6430511104,0.304946,0.081028,0.03062,0.01005,0.01553,47.859405,0.03325,0.0,0.0,0.31803400000000004,1.777584,41.349913,0.0,0.393044,0.045959,0.836107,0.02781,65687,41409,15342,1,331272,21201408,21201408,3.28468,2.97781,7.30849,23.2804,1.8008099999999998,0.5811419999999999,40.3936,15342,256,1,33562624
tiledb,node,256,0,cold,random,65536,128,1,50.39491702336818,134250496,134250496,134250496,0.48635578700000004,262144,231814,180317,4096,125137408,6430535680,0.285865,0.083079,0.031019,0.00898,0.01331,48.534345,0.03287,0.0,0.0,0.312356,1.589446,42.038012,0.0,0.389084,0.04387,0.830338,0.02659,65745,41427,15244,1,331416,21210624,21210624,3.32477,3.0508699999999997,6.90107,23.0189,2.84761,0.493983,41.005,15244,256,1,33562624
tiledb,node,256,0,cold,window_256,1024,128,0,5.110272963065654,9916416,9916416,9916416,0.017277673,4096,1008,20,8,2446848,6407516160,0.144218,0.033549,0.036879,0.00915,0.00741,4.639911,0.00133,0.0,0.0,0.055778999999999995,0.00673,3.683585,0.0,0.01935,0.025729,0.061699,0.01225,2048,506,8,1,4048,259072,259072,0.17258700000000002,0.117817,0.219537,3.2363600000000003,0.073999,0.026608999999999997,3.65718,8,4,1,7997344
tiledb,node,256,0,cold,window_256,1024,128,1,6.7283789976499975,15175680,15175680,15175680,0.021770669,4096,1014,14,8,2447872,6407483392,0.110598,0.032229,0.02892,0.00857,0.00695,1.143833,0.0013,0.0,0.0,0.029039,0.00293,0.990975,0.0,0.015529,0.02019,5.211292,0.01115,1024,251,6,1,2008,128512,128512,0.16647699999999999,0.102688,0.212117,0.457603,0.212117,0.034509,0.9738249999999999,6,2,1,262208
tiledb,node,256,0,cold,window_256,8192,128,0,6.216007983312011,14114816,14114816,14114816,0.019320717,32768,1024,4,8,17912832,6407553024,0.169737,0.088378,0.03001,0.00917,0.00641,5.423349,0.0036,0.0,0.0,0.025559000000000002,0.00239,5.075184,0.0,0.018209,0.02649,0.315415,0.01349,16384,512,2,1,4096,262144,262144,0.099019,0.079669,0.134078,4.700410000000001,0.11599799999999999,0.02685,5.0588500000000005,2,4,1,12192672
tiledb,node,256,0,cold,window_256,8192,128,1,5.959431000519544,14254080,14254080,14254080,0.014132067,32768,1024,4,8,17912832,6407688192,0.164578,0.087469,0.02637,0.0084,0.005959,0.902737,0.00101,0.0,0.0,0.027950000000000003,0.00185,0.762229,0.0,0.01466,0.024589,4.592342,0.013369,8192,256,1,1,2048,131072,131072,0.041569,0.027279,0.07833899999999999,0.512992,0.071259,0.02579,0.745459,1,2,1,262208
tiledb,node,256,0,cold,window_256,65536,128,0,6.057959981262684,10997760,10997760,10997760,0.020946065,262144,1024,4,8,143177728,6409678848,0.188298,0.088029,0.0312,0.008679,0.0073,3.199742,0.00386,0.0,0.0,0.02954,0.00219,2.946086,0.0,0.01745,0.055019,2.319546,0.026579,131072,512,2,1,4096,262144,262144,0.126799,0.106259,0.16226700000000002,2.5526899999999997,0.096038,0.03189,2.92961,2,4,1,6161888
tiledb,node,256,0,cold,window_256,65536,128,1,9.481249027885497,17522688,17522688,17522688,0.023957444999999997,262144,1024,4,8,143177728,6408908800,0.452533,0.076938,0.02787,0.00872,0.007,0.827627,0.00111,0.0,0.0,0.026779,0.00189,0.67225,0.0,0.01488,0.03369,7.888502,0.024959,65536,256,1,1,2048,131072,131072,0.037689,0.024199,0.06798900000000001,0.434894,0.071289,0.027699,0.65432,1,2,1,262208
tiledb,node,256,0,cold,window_4096,1024,128,0,4.948465968482196,10682368,10682368,10682368,0.02803516,4096,3611,2805,68,3112960,6411493376,0.117918,0.0,0.0,0.00779,0.0,0.0002,0.0,0.0,0.0,0.0,0.0,0.0,0.0,0.0,0.0,4.737359,0.01095,0,0,0,0,0,0,0,0.0,0.0,0.0,0.0,0.0,0.0,0.0,0,0,0,0
tiledb,node,256,0,cold,window_4096,1024,128,1,5.6614950299263,10432512,10432512,10432512,0.034799511,4096,3628,2797,68,3113984,6408617984,0.126538,0.03294,0.028409,0.00897,0.00725,5.224762,0.00292,0.0,0.0,0.054819,0.150768,4.171187,0.0,0.029969,0.02384,0.059439,0.01107,2048,1809,1387,1,14472,926208,926208,0.720929,0.578903,1.11375,2.42828,0.26618600000000003,0.045319,4.11459,1387,34,1,4850848
tiledb,node,256,0,cold,window_4096,8192,128,0,13.030914997216314,26161152,26161152,26161152,0.069906919,32768,14126,1943,68,21692928,6410493952,0.161328,0.093209,0.02979,0.010199,0.00801,12.162449,0.03006,0.0,0.0,0.05982799999999999,0.117799,10.06698,0.0,0.077419,0.026189,0.332195,0.01319,16384,7039,997,1,56312,3603968,3603968,0.549492,0.43484300000000004,0.8832570000000001,8.49178,0.301166,0.085629,10.0158,997,34,1,20321120
tiledb,node,256,0,cold,window_4096,8192,128,1,8.562122005969286,18968576,18968576,18968576,0.046767928,32768,14107,1992,68,16451072,6408400896,0.167148,0.089738,0.02891,0.00846,0.00707,7.775364,0.008269,0.0,0.0,0.04368,0.075679,6.497643,0.0,0.055379,0.023639,0.279796,0.01136,10363,4445,630,1,35560,2275840,2275840,0.5179619999999999,0.417464,0.726409,5.222079999999999,0.252816,0.06208899999999999,6.46451,630,22,1,11537152
tiledb,node,256,0,cold,window_4096,65536,128,0,13.944792037364095,27230208,27230208,27230208,0.045878387,262144,16384,4,68,144179712,6409945088,0.184437,0.080168,0.03048,0.00866,0.00723,2.460303,0.00475,0.0,0.0,0.0251,0.00261,2.147718,0.0,0.051069,0.03511,10.948577,0.02451,65536,4096,1,1,32768,2097152,2097152,0.034709000000000004,0.022158999999999998,0.07085899999999999,1.6228099999999999,0.240296,0.044739,2.13091,1,17,1,2228768
tiledb,node,256,0,cold,window_4096,65536,128,1,13.963892008177936,25899008,25899008,25899008,0.06465549400000001,262144,16384,4,68,144179712,6409265152,0.188317,0.087778,0.02966,0.00842,0.00787,10.997735,0.027019,0.0,0.0,0.02605,0.00407,9.198492,0.0,0.087259,0.054659,2.360805,0.026189,131072,8192,2,1,65536,4194304,4194304,0.071199,0.036139,0.117429,8.510800000000001,0.272166,0.079789,9.18154,2,34,1,20190016
tiledb,node,256,0,cold,window_65536,1024,128,0,29.498409014195204,85180416,85180416,85180416,0.193136156,4096,4071,3996,1004,3737600,6408794112,0.094078,0.03132,0.029339,0.00903,0.00741,12.03515,0.00254,0.0,0.0,0.039288000000000003,0.06034,10.472314,0.0,0.01658,0.01506,17.098374,0.01206,394,392,388,1,3136,200704,200704,0.483543,0.373225,0.629651,8.67868,0.702479,0.04826999999999999,10.4419,388,95,1,12717088
tiledb,node,256,0,cold,window_65536,1024,128,1,29.379740997683257,98693120,98693120,98693120,0.200220456,4096,4073,4023,1013,2826240,6408859648,0.101939,0.03116,0.029229,0.00838,0.00599,14.07371,0.00375,0.0,0.0,0.04141,0.054549,11.324161,0.0,0.0185,0.01615,14.963667,0.01245,474,470,464,1,3760,240640,240640,0.44654299999999997,0.361763,0.5969909999999999,9.45599,0.687799,0.04276,11.2757,464,120,1,15732480
tiledb,node,256,0,cold,window_65536,8192,128,0,33.38218096178025,99463168,99463168,99463168,0.269673736,32768,30785,27200,1026,21854208,6416240640,0.211337,0.092459,0.029539,0.01632,0.00859,32.437246,0.046729,0.0,0.0,0.217617,1.182942,25.774645,0.0,0.124018,0.028629,0.290806,0.01358,13299,11832,9404,1,94656,6057984,6057984,2.3024199999999997,1.95384,4.67423,15.690699999999998,2.12825,0.200157,25.47,9404,230,1,30153920
tiledb,node,256,0,cold,window_65536,8192,128,1,36.91371897002682,87031808,87031808,87031808,0.281471952,32768,30837,27186,1027,21544448,6418477056,0.569601,0.089989,0.027369,0.00905,0.00768,26.389526,0.02686,0.0,0.0,0.384044,0.768429,20.967826,0.0,0.087649,0.029319,9.550538,0.014949,8485,7699,6349,1,61592,3941888,3941888,1.57562,1.36059,3.09783,14.1943,1.36051,0.17296799999999998,20.7104,6349,186,1,24385344
tiledb,node,256,0,cold,window_65536,65536,128,0,36.92195896292105,78901248,78901248,78901248,0.270603405,262144,165702,61013,1028,169127936,6418251776,0.302546,0.089949,0.030399,0.00993,0.01477,33.966533,0.041979,0.0,0.0,0.235977,1.193882,28.975257,0.0,0.478413,0.057649,1.786533,0.027569,108894,51523,10185,1,412184,26379776,26379776,2.51145,2.24443,5.0305,16.2418,1.58315,0.534592,28.285700000000002,10185,256,1,33562624
tiledb,node,256,0,cold,window_65536,65536,128,1,37.29014296550304,82575360,82575360,82575360,0.283406462,262144,165690,61084,1028,163669504,6423064576,0.325485,0.092459,0.030659,0.009,0.0131,33.920023,0.042289,0.0,0.0,0.21385600000000002,1.038115,28.644412,0.0,0.495973,0.064029,2.164407,0.0277,124243,53617,8944,1,428936,27451904,27451904,2.1989,1.98102,4.4393,16.8453,1.80433,0.5913309999999999,28.038500000000003,8944,256,1,33562624
tiledb,node,256,0,warm,random,1024,128,0,19.904761982616037,0,0,0,0.181424389,4096,4083,4053,2608,2170880,6410059776,0.266796,0.0322,0.03199,0.009109,0.00707,17.745685,0.00633,0.0,0.0,0.063049,0.117538,14.76126,0.0,0.02319,0.02135,1.620936,0.01152,1012,1006,983,1,8048,515072,515072,0.5111920000000001,0.404363,0.7872079999999999,8.29791,1.77578,0.070679,14.722900000000001,983,253,1,33562624
tiledb,node,256,0,warm,random,1024,128,1,19.66586703201756,0,0,0,0.182877587,4096,4092,4079,2570,2171904,6410051584,0.144288,0.030999,0.03029,0.0088,0.00523,18.793279,0.00228,0.0,0.0,0.054479,0.123728,15.618907,0.0,0.02396,0.023099,0.458403,0.0114,1051,1041,1024,1,8328,532992,532992,0.542591,0.432765,0.877657,8.461730000000001,2.14895,0.092129,15.5275,1024,252,1,33562624
tiledb,node,256,0,warm,random,8192,128,0,24.510974006261677,0,0,0,0.259825661,32768,32229,31226,4094,17006592,6417289216,0.173887,0.090349,0.030919,0.00858,0.00801,23.786615,0.00809,0.0,0.0,0.167307,0.798718,18.997386,0.0,0.083498,0.02727,0.128818,0.01344,8280,7773,6819,1,62184,3979776,3979776,1.72726,1.506,3.49214,8.26702,1.90967,0.22764700000000002,18.5419,6819,256,1,33562624
tiledb,node,256,0,warm,random,8192,128,1,25.030846009030938,0,0,0,0.260668747,32768,32256,31257,4094,17116160,6417428480,0.189897,0.093438,0.02888,0.00897,0.00784,24.317337,0.00734,0.0,0.0,0.162157,0.749969,19.858013,0.0,0.085198,0.02713,0.127308,0.01395,8123,7666,6787,1,61328,3924992,3924992,1.83646,1.67025,3.71624,8.60674,2.40207,0.160877,19.3733,6787,256,1,33562624
tiledb,node,256,0,warm,random,65536,128,0,35.74945603031665,0,0,0,0.406815594,262144,232061,180857,4096,125202432,6432104448,0.271046,0.081509,0.032549,0.00969,0.01672,33.842044,0.034129,0.0,0.0,0.318825,1.942561,27.016157,0.0,0.389304,0.04622,0.839238,0.02769,65687,41409,15342,1,331272,21201408,21201408,3.42759,3.15169,7.45728,8.74446,2.22118,0.40800400000000003,26.0834,15342,256,1,33562624
tiledb,node,256,0,warm,random,65536,128,1,35.536020004656166,0,0,0,0.40951673,262144,231814,180317,4096,125137408,6432026624,0.259916,0.082859,0.031869,0.0089,0.01337,33.683627,0.034419,0.0,0.0,0.369625,1.573816,26.925458,0.0,0.391404,0.037179,0.826318,0.027499,65368,41407,15232,1,331256,21200384,21200384,3.36622,3.08991,6.94495,9.34854,1.7989499999999998,0.43569399999999997,25.9193,15232,256,1,33562624
tiledb,node,256,0,warm,window_256,1024,128,0,3.135443024802953,0,0,0,0.012851154,4096,1008,20,8,2446848,6410391552,0.117798,0.03383,0.037439,0.00965,0.00745,2.69657,0.0013,0.0,0.0,0.053379,0.00644,1.789803,0.0,0.019279,0.02531,0.060989,0.01214,2048,506,8,1,4048,259072,259072,0.171368,0.116538,0.212917,1.36199,0.064469,0.018799,1.7637200000000002,8,4,1,7997344
tiledb,node,256,0,warm,window_256,1024,128,1,3.7635340122506022,0,0,0,0.014724563,4096,1014,14,8,2447872,6410342400,0.099079,0.031379,0.02905,0.00895,0.006089,0.550722,0.00099,0.0,0.0,0.03119,0.00282,0.398774,0.0,0.01441,0.01997,2.872347,0.01138,1024,255,2,1,2040,130560,130560,0.101578,0.081239,0.148837,0.079319,0.06169,0.022459999999999997,0.37887400000000004,2,2,1,262208
tiledb,node,256,0,warm,window_256,8192,128,0,4.858137981500477,0,0,0,0.019886373000000002,32768,1024,4,8,17912832,6410297344,0.166277,0.091208,0.02692,0.00907,0.0065,4.061779,0.00358,0.0,0.0,0.023129,0.00217,3.107024,0.0,0.01672,0.025429,0.327445,0.01386,16384,512,2,1,4096,262144,262144,0.108298,0.08627800000000001,0.141328,2.74801,0.095689,0.025239,3.09077,2,4,1,12192672
tiledb,node,256,0,warm,window_256,8192,128,1,3.9357010391540825,0,0,0,0.011783482999999999,32768,1024,4,8,17912832,6410420224,0.164278,0.085469,0.02547,0.00841,0.0069,0.460703,0.00086,0.0,0.0,0.024429,0.00183,0.328185,0.0,0.01405,0.024499,3.017135,0.01311,8192,256,1,1,2048,131072,131072,0.046609,0.033349000000000004,0.084709,0.070309,0.07103899999999999,0.025418999999999997,0.310725,1,2,1,262208
tiledb,node,256,0,warm,window_256,65536,128,0,4.514742991887033,0,0,0,0.017160936,262144,1024,4,8,143177728,6412001280,0.184787,0.087129,0.029019,0.00884,0.00706,1.727054,0.00403,0.0,0.0,0.023000000000000003,0.00216,1.478538,0.0,0.01693,0.054659,2.260846,0.02589,131072,512,2,1,4096,262144,262144,0.081978,0.062499,0.117428,1.1261999999999999,0.101528,0.02291,1.46185,2,4,1,6161888
tiledb,node,256,0,warm,window_256,65536,128,1,6.03788997977972,0,0,0,0.017842186,262144,1024,4,8,143177728,6411321344,0.183478,0.076289,0.02852,0.00892,0.00695,0.486232,0.00143,0.0,0.0,0.024398999999999997,0.0018,0.320275,0.0,0.01403,0.03333,5.065254,0.024099,65536,256,1,1,2048,131072,131072,0.056769,0.043068999999999996,0.08967900000000001,0.07012900000000001,0.057939000000000004,0.02343,0.302885,1,2,1,262208
tiledb,node,256,0,warm,window_4096,1024,128,0,3.746173984836787,0,0,0,0.025179694,4096,3611,2805,68,3112960,6413574144,0.113718,0.0,0.0,0.00763,0.0,0.0001,0.0,0.0,0.0,0.0,0.0,0.0,0.0,0.0,0.0,3.540067,0.01058,0,0,0,0,0,0,0,0.0,0.0,0.0,0.0,0.0,0.0,0.0,0,0,0,0
tiledb,node,256,0,warm,window_4096,1024,128,1,4.551821970380843,0,0,0,0.030720541,4096,3628,2797,68,3113984,6411046912,0.126258,0.03296,0.028109,0.00862,0.00702,4.125878,0.00262,0.0,0.0,0.06627,0.151637,2.955616,0.0,0.02984,0.02407,0.059079,0.010989,2048,1809,1387,1,14472,926208,926208,0.714859,0.595241,1.1171,1.17754,0.276666,0.050939,2.9109000000000003,1387,34,1,4850848
tiledb,node,256,0,warm,window_4096,8192,128,0,9.172443009447306,0,0,0,0.052839202,32768,14126,1943,68,21692928,6413402112,0.168477,0.090108,0.02995,0.00942,0.00824,8.301766,0.024539,0.0,0.0,0.057839,0.125218,6.143519,0.0,0.077548,0.02601,0.332595,0.01291,16384,7039,997,1,56312,3603968,3603968,0.561891,0.456742,0.9141760000000001,4.51058,0.310865,0.093658,6.0939499999999995,997,34,1,20321120
tiledb,node,256,0,warm,window_4096,8192,128,1,6.190826999954879,0,0,0,0.036633264,32768,14107,1992,68,16451072,6410817536,0.192277,0.088789,0.026309,0.0085,0.00695,2.187507,0.00394,0.0,0.0,0.036748,0.06361,1.514008,0.0,0.04281,0.022559,3.496288,0.01314,8192,3532,492,1,28256,1808384,1808384,0.439493,0.32494700000000004,0.624591,0.47797300000000004,0.180397,0.042629,1.4873,492,17,1,2228768
tiledb,node,256,0,warm,window_4096,65536,128,0,8.948246017098427,0,0,0,0.034190912,262144,16384,4,68,144179712,6412636160,0.183497,0.081759,0.029359,0.00844,0.00751,1.34807,0.00449,0.0,0.0,0.02347,0.00254,0.969005,0.0,0.049339,0.03405,7.066304,0.02482,65536,4096,1,1,32768,2097152,2097152,0.02438,0.01282,0.064399,0.5142220000000001,0.174978,0.06206999999999999,0.953246,1,17,1,2228768
tiledb,node,256,0,warm,window_4096,65536,128,1,9.79911396279931,0,0,0,0.047324263,262144,16384,4,68,144179712,6411984896,0.184437,0.088399,0.029639,0.00826,0.00772,6.836408,0.02817,0.0,0.0,0.024419,0.0041,5.051285,0.0,0.087409,0.054809,2.362735,0.025659,131072,8192,2,1,65536,4194304,4194304,0.057489,0.02702,0.10879799999999999,4.34705,0.305485,0.084969,5.03432,2,34,1,20190016
tiledb,node,256,0,warm,window_65536,1024,128,0,18.204968015197664,0,0,0,0.138484945,4096,4071,3996,1004,3737600,6411182080,0.122548,0.03126,0.027459,0.00799,0.00702,5.682305,0.00108,0.0,0.0,0.03364,0.032849,3.647496,0.0,0.01784,0.01457,12.184288,0.011419,296,294,288,1,2352,150528,150528,0.383924,0.289066,0.492012,2.27528,0.505922,0.03108,3.6238,288,65,1,8652864
tiledb,node,256,0,warm,window_65536,1024,128,1,18.49771401612088,0,0,0,0.153597931,4096,4073,4023,1013,2826240,6411296768,0.096299,0.03188,0.027809,0.00852,0.00616,9.040315,0.00461,0.0,0.0,0.03918,0.055399,5.928701,0.0,0.01752,0.01638,9.124533,0.01159,474,470,464,1,3760,240640,240640,0.440734,0.318865,0.6053010000000001,3.3550899999999997,1.39461,0.049909,5.89897,464,120,1,15732480
tiledb,node,256,0,warm,window_65536,8192,128,0,23.753704968839884,0,0,0,0.22021277,32768,30785,27200,1026,21854208,6417784832,0.179187,0.093148,0.02781,0.00966,0.00877,22.858038,0.081788,0.0,0.0,0.212518,1.241481,16.215037,0.0,0.124968,0.02848,0.283366,0.014139,13299,11832,9404,1,94656,6057984,6057984,2.38708,2.11809,4.72659,7.3275500000000005,1.6599,0.198627,15.899799999999999,9404,230,1,30153920
tiledb,node,256,0,warm,window_65536,8192,128,1,25.09161498164758,0,0,0,0.226807046,32768,30837,27186,1027,21544448,6419963904,0.183587,0.091929,0.027309,0.00875,0.00866,24.365846,0.00936,0.0,0.0,0.18808799999999998,0.954775,19.837744,0.0,0.111039,0.027079,0.129308,0.01373,11645,10549,8622,1,84392,5401088,5401088,2.02047,1.77163,4.14546,8.98007,1.8442,0.243316,19.264400000000002,8622,253,1,33562624
tiledb,node,256,0,warm,window_65536,65536,128,0,29.20636400813237,0,0,0,0.230668131,262144,165702,61013,1028,169127936,6420078592,0.272566,0.087498,0.0305,0.00928,0.014689,26.267488,0.04247,0.0,0.0,0.229627,1.176902,21.106305,0.0,0.483753,0.058299,1.791783,0.0279,108894,51523,10185,1,412184,26379776,26379776,2.3762499999999998,2.0877600000000003,4.92144,8.43228,1.85417,0.549972,20.4061,10185,256,1,33562624
tiledb,node,256,0,warm,window_65536,65536,128,1,28.096951020415872,0,0,0,0.237665592,262144,165690,61084,1028,163669504,6424444928,0.318935,0.092719,0.031709,0.00937,0.0147,24.401075,0.042569,0.0,0.0,0.202746,1.038295,19.591087,0.0,0.497263,0.062829,2.478373,0.028009,124243,53617,8944,1,428936,27451904,27451904,2.14325,1.92108,4.38206,8.24873,1.63251,0.468713,18.9969,8944,256,1,33562624
tiledb,node,4096,0,cold,random,1024,128,0,33.53926900308579,134246400,134246400,134246400,0.249258472,4096,4083,4053,256,2170880,6408835072,0.219197,0.031069,0.02967,0.00905,0.005119,32.102911,0.00652,0.0,0.0,0.05383,0.118718,28.75857,0.0,0.02291,0.023239,0.936586,0.0121,1032,1024,1010,1,8192,524288,524288,0.505522,0.419825,0.815967,23.2581,1.90459,0.040299999999999996,28.6858,1010,16,1,33560704
tiledb,node,4096,0,cold,random,1024,128,1,33.97959202993661,134246400,134246400,134246400,0.24542835699999999,4096,4092,4079,256,2171904,6408859648,0.143617,0.03282,0.031639,0.0087,0.00705,31.977942,0.00214,0.0,0.0,0.057239,0.157388,29.093195,0.0,0.0242,0.02227,1.577877,0.01262,1024,1019,1002,1,8152,521728,521728,0.49332300000000007,0.407396,0.813078,23.2921,1.95185,0.04595,29.010399999999997,1002,16,1,33560704
tiledb,node,4096,0,cold,random,8192,128,0,37.97698300331831,134246400,134246400,134246400,0.298845055,32768,32229,31226,256,17006592,6416982016,0.179787,0.437463,0.03307,0.01013,0.008319,36.85105,0.00804,0.0,0.0,0.175508,0.780938,32.551104,0.0,0.091019,0.032829,0.137688,0.0152,8280,7773,6819,1,62184,3979776,3979776,1.79231,1.5932400000000002,3.49884,23.552500000000002,1.8424500000000001,0.123618,32.0714,6819,16,1,33560704
tiledb,node,4096,0,cold,random,8192,128,1,38.11751102330163,134246400,134246400,134246400,0.300805331,32768,32256,31257,256,17116160,6416986112,0.213647,0.094308,0.03018,0.00888,0.0094,35.566378,0.007079,0.0,0.0,0.16250799999999999,0.766709,31.41122,0.0,0.087289,0.03079,1.904172,0.01474,8123,7666,6787,1,61328,3924992,3924992,1.49456,1.3298400000000001,3.0811200000000003,22.7184,1.7413999999999998,0.130418,31.0424,6787,16,1,33560704
tiledb,node,4096,0,cold,random,65536,128,0,47.09664703113958,134246400,134246400,134246400,0.408045532,262144,232061,180857,256,125202432,6432210944,0.263296,0.083919,0.035359,0.01199,0.01182,45.080856,0.035099,0.0,0.0,0.345275,1.816763,38.288128,0.0,0.401844,0.05284,0.850968,0.028619,65835,41459,15136,1,331672,21227008,21227008,3.4638400000000003,3.20105,6.66277,24.788500000000003,1.99673,0.441283,37.5051,15136,16,1,33560704
tiledb,node,4096,0,cold,random,65536,128,1,46.905509021598846,134246400,134246400,134246400,0.410341083,262144,231814,180317,256,125137408,6432014336,0.274286,0.080808,0.03494,0.0094,0.0131,44.881739,0.032759,0.0,0.0,0.31820499999999996,1.798673,38.280988,0.0,0.410294,0.055969,0.856057,0.02936,65456,41258,15249,1,330064,21124096,21124096,3.5367900000000003,3.2475300000000002,7.476520000000001,25.3669,1.9295200000000001,0.355825,37.6618,15249,16,1,33560704
tiledb,node,4096,0,cold,window_256,1024,128,0,6.907947012223303,16216064,16216064,16216064,0.025601753,4096,1008,20,4,2446848,6408904704,0.252196,0.033459,0.03179,0.00881,0.00729,6.345315,0.0011,0.0,0.0,0.040259,0.00441,5.246502,0.0,0.02014,0.023789,0.061059,0.01224,2048,506,8,1,4048,259072,259072,0.167457,0.12084800000000001,0.20408700000000002,4.65385,0.267436,0.02872,5.225910000000001,8,2,1,10487720
tiledb,node,4096,0,cold,window_256,1024,128,1,7.888541964348406,20426752,20426752,20426752,0.028595646,4096,1014,14,4,2447872,6408851456,0.145928,0.032249,0.03118,0.00874,0.00692,2.166677,0.0012,0.0,0.0,0.035389,0.00355,1.907302,0.0,0.016,0.02068,5.33992,0.01158,1024,251,6,1,2008,128512,128512,0.147428,0.101688,0.178397,1.41573,0.223607,0.02098,1.88814,6,1,1,2097544
tiledb,node,4096,0,cold,window_256,8192,128,0,8.317845000419766,22515712,22515712,22515712,0.029734624,32768,1024,4,5,17912832,6408802304,0.172867,0.091159,0.029799,0.00941,0.00652,7.502188,0.00451,0.0,0.0,0.027799,0.00222,6.779319,0.0,0.022569,0.02726,0.324665,0.01338,16384,512,2,1,4096,262144,262144,0.06401899999999999,0.0324,0.091209,6.31168,0.282806,0.027669,6.76237,2,2,1,14682808
tiledb,node,4096,0,cold,window_256,8192,128,1,7.481608015950769,20426752,20426752,20426752,0.021595165,32768,1024,4,4,17912832,6408933376,0.165298,0.085709,0.02892,0.00855,0.006,2.020979,0.00099,0.0,0.0,0.028699000000000002,0.00188,1.765404,0.0,0.01493,0.02503,4.998395,0.01301,8192,256,1,1,2048,131072,131072,0.026268999999999997,0.012619,0.060788999999999996,1.33117,0.294696,0.01942,1.7485700000000002,1,1,1,2097544
tiledb,node,4096,0,cold,window_256,65536,128,0,6.3867439748719335,11526144,11526144,11526144,0.024584427,262144,1024,4,4,143177728,6411448320,0.194157,0.088228,0.02856,0.0088,0.00738,3.557396,0.004399,0.0,0.0,0.0264,0.00219,3.162863,0.0,0.01771,0.056109,2.285606,0.02608,131072,512,2,1,4096,262144,262144,0.06538899999999999,0.037939,0.094418,2.70065,0.283136,0.01692,3.14587,2,2,1,6292632
tiledb,node,4096,0,cold,window_256,65536,128,1,10.03805996151641,22515712,22515712,22515712,0.028251697,262144,1024,4,4,143177728,6409842688,0.177437,0.076189,0.028839,0.00887,0.00694,2.0408,0.00122,0.0,0.0,0.026520000000000002,0.00187,1.773853,0.0,0.015229,0.03397,7.509308,0.023739,65536,256,1,1,2048,131072,131072,0.0412,0.027250000000000003,0.06967899999999999,1.33621,0.28134600000000004,0.024859,1.75637,1,1,1,2097544
tiledb,node,4096,0,cold,window_4096,1024,128,0,7.17226299457252,18829312,18829312,18829312,0.040777731,4096,3611,2805,8,3112960,6412738560,0.373315,0.0,0.0,0.00761,0.0,0.00017,0.0,0.0,0.0,0.0,0.0,0.0,0.0,0.0,0.0,6.703569,0.01077,0,0,0,0,0,0,0,0.0,0.0,0.0,0.0,0.0,0.0,0.0,0,0,0,0
tiledb,node,4096,0,cold,window_4096,1024,128,1,7.502487977035344,16211968,16211968,16211968,0.040612861,4096,3628,2797,8,3113984,6409834496,0.115938,0.03363,0.031159,0.00924,0.00732,7.071204,0.00282,0.0,0.0,0.08185799999999999,0.170378,5.464098,0.0,0.03209,0.024989,0.059629,0.01171,2048,1809,1387,1,14472,926208,926208,0.7474689999999999,0.63044,1.1766999999999999,3.59752,0.366114,0.106109,5.39802,1387,3,1,6292632
tiledb,node,4096,0,cold,window_4096,8192,128,0,14.976845995988697,30896128,30896128,30896128,0.07397998,32768,14126,1943,8,21692928,6412103680,0.415214,0.097129,0.027959,0.00931,0.00821,13.850523,0.02545,0.0,0.0,0.05470800000000001,0.119869,11.317321,0.0,0.078409,0.02598,0.330765,0.013209,16384,7039,997,1,56312,3603968,3603968,0.464684,0.367645,0.73142,9.82462,0.505072,0.113538,11.2746,997,4,1,20975440
tiledb,node,4096,0,cold,window_4096,8192,128,1,9.354040957987309,24616960,24616960,24616960,0.049654381,32768,14107,1992,8,16451072,6409650176,0.250877,0.088249,0.02874,0.008579,0.00716,8.482014,0.00734,0.0,0.0,0.043669,0.076579,7.40747,0.0,0.055519,0.024629,0.279056,0.01129,10363,4445,630,1,35560,2275840,2275840,0.439273,0.35508300000000004,0.6318609999999999,6.24654,0.32137499999999997,0.075879,7.37828,630,3,1,12585264
tiledb,node,4096,0,cold,window_4096,65536,128,0,7.445399009156972,18849792,18849792,18849792,0.036683291,262144,16384,4,8,144179712,6411984896,0.178587,0.080979,0.028909,0.009,0.00774,3.706715,0.00452,0.0,0.0,0.02773,0.002989,3.246712,0.0,0.051509,0.03359,3.201443,0.024539,65536,4096,1,1,32768,2097152,2097152,0.049499,0.035449,0.100799,2.72838,0.268216,0.07091900000000001,3.22306,1,2,1,4195088
tiledb,node,4096,0,cold,window_4096,65536,128,1,8.187357976567,18817024,18817024,18817024,0.034461647,262144,16384,4,8,144179712,6410592256,0.183897,0.087529,0.029219,0.00861,0.00795,5.210792,0.02402,0.0,0.0,0.025839,0.00399,4.382335,0.0,0.087479,0.055929,2.370014,0.02613,131072,8192,2,1,65536,4194304,4194304,0.08996900000000001,0.05478,0.124418,3.45326,0.557352,0.129968,4.36529,2,4,2,8390176
tiledb,node,4096,0,cold,window_65536,1024,128,0,28.18229905096814,91217920,91217920,91217920,0.18319366,4096,4071,3996,68,3737600,6409854976,0.266926,0.031289,0.0284,0.00849,0.00714,11.528417,0.00094,0.0,0.0,0.035349,0.03601,9.677465,0.0,0.01567,0.01448,16.170218,0.01184,296,294,288,1,2352,150528,150528,0.5025430000000001,0.367396,0.624341,8.17362,0.71223,0.034099,9.651299999999999,288,5,1,10487720
tiledb,node,4096,0,cold,window_65536,1024,128,1,27.994672011118382,101187584,101187584,101187584,0.190597548,4096,4073,4023,68,2826240,6409920512,0.100078,0.033429,0.03389,0.00901,0.00719,25.487199,0.00763,0.0,0.0,0.069058,0.142038,23.674367,0.0,0.036729,0.03192,2.035479,0.01396,1173,1169,1155,1,9352,598528,598528,0.65441,0.511914,0.984415,19.266599999999997,1.66587,0.047649,23.6211,1155,16,1,33560704
tiledb,node,4096,0,cold,window_65536,8192,128,0,30.795869999565184,103792640,103792640,103792640,0.210245362,32768,30785,27200,68,21854208,6417158144,0.199797,0.097659,0.02922,0.010109,0.00874,29.839115,0.03079,0.0,0.0,0.281555,1.046885,23.307932,0.0,0.124438,0.030249,0.289356,0.01333,13299,11832,9404,1,94656,6057984,6057984,1.9163,1.6763100000000002,4.01447,16.2011,2.2802000000000002,0.180957,23.026,9404,15,1,31463160
tiledb,node,4096,0,cold,window_65536,8192,128,1,32.063760969322175,88604672,88604672,88604672,0.23357709200000001,32768,30837,27186,68,21544448,6419480576,0.170408,0.092909,0.031719,0.00898,0.00855,29.290363,0.04263,0.0,0.0,0.217527,1.071634,22.13036,0.0,0.133638,0.119618,1.96961,0.01632,12638,11260,8840,1,90080,5765120,5765120,2.12787,1.8246499999999999,4.1563,15.3066,1.8594600000000001,0.209877,21.8644,8840,14,1,29365616
tiledb,node,4096,0,cold,window_65536,65536,128,0,32.63488196535036,80211968,80211968,80211968,0.214923498,262144,165702,61013,68,169127936,6417457152,0.482293,0.089458,0.03431,0.01025,0.014919,29.430491,0.04195,0.0,0.0,0.243757,1.257011,24.230608,0.0,0.488733,0.061169,1.765974,0.029359,108894,51523,10185,1,412184,26379776,26379776,2.0855,1.81026,4.40674,15.628,1.6457600000000001,0.647631,23.6738,10185,16,1,33560704
tiledb,node,4096,0,cold,window_65536,65536,128,1,34.35138700297102,84410368,84410368,84410368,0.21846737900000002,262144,165690,61084,68,163669504,6422470656,0.326825,0.092949,0.035729,0.00908,0.01493,30.829009,0.044019,0.0,0.0,0.215706,1.008385,26.1587,0.0,0.532402,0.070809,2.185557,0.03041,124243,53617,8944,1,428936,27451904,27451904,2.0235700000000003,1.8339,3.8768499999999997,16.807699999999997,1.6744299999999999,0.5226719999999999,25.6602,8944,16,1,33560704
tiledb,node,4096,0,warm,random,1024,128,0,20.7858900539577,0,0,0,0.17853729299999999,4096,4083,4053,256,2170880,6410895360,0.262396,0.03286,0.030509,0.00934,0.00611,20.198958,0.00554,0.0,0.0,0.051239,0.114608,17.923663,0.0,0.02307,0.02127,0.035079,0.01048,1012,1006,983,1,8048,515072,515072,0.574852,0.472133,0.8472869999999999,10.1633,3.07903,0.044319,17.8326,983,16,1,33560704
tiledb,node,4096,0,warm,random,1024,128,1,17.93797203572467,0,0,0,0.16321551,4096,4092,4079,256,2171904,6410854400,0.140368,0.033389,0.0348,0.008699,0.00738,16.844209,0.00642,0.0,0.0,0.064689,0.121398,13.468299,0.0,0.027249,0.02411,0.63459,0.01326,1051,1041,1024,1,8328,532992,532992,0.595711,0.49759200000000003,0.9216460000000001,7.64016,1.84955,0.04483,13.379800000000001,1024,16,1,33560704
tiledb,node,4096,0,warm,random,8192,128,0,22.543192957527936,0,0,0,0.212662209,32768,32229,31226,256,17006592,6418419712,0.299056,0.089699,0.03277,0.009179,0.00798,21.687686,0.0078,0.0,0.0,0.16340700000000002,0.774469,17.454209,0.0,0.085139,0.02822,0.129728,0.015439,8280,7773,6819,1,62184,3979776,3979776,1.88693,1.68128,3.65372,8.127320000000001,1.68333,0.121218,16.9984,6819,16,1,33560704
tiledb,node,4096,0,warm,random,8192,128,1,21.817113971337676,0,0,0,0.211343355,32768,32256,31257,256,17116160,6418173952,0.182297,0.093049,0.032649,0.00887,0.00585,20.450115,0.027709,0.0,0.0,0.17738800000000002,0.762108,15.563168,0.0,0.102098,0.043479,0.627741,0.017419,8069,7576,6725,1,60608,3878912,3878912,1.63118,1.44407,3.2865300000000004,7.44973,1.83283,0.141477,15.0913,6725,16,1,33560704
tiledb,node,4096,0,warm,random,65536,128,0,29.87566404044628,0,0,0,0.302288194,262144,232061,180857,256,125202432,6433193984,0.272706,0.084939,0.040589,0.01131,0.01383,27.633577,0.034439,0.0,0.0,0.334245,1.796163,20.503934,0.0,0.406124,0.053939,0.911246,0.176967,65835,41459,15136,1,331672,21227008,21227008,2.7457599999999998,2.4354099999999996,5.94768,8.32663,1.65299,0.44868399999999997,19.6357,15136,16,1,33560704
tiledb,node,4096,0,warm,random,65536,128,1,31.059656001161784,0,0,0,0.323521045,262144,231814,180317,256,125137408,6432944128,0.287146,0.082059,0.034299,0.00926,0.01278,29.086335,0.032729,0.0,0.0,0.313495,1.584127,22.74013,0.0,0.395115,0.049119,0.856258,0.028589,65456,41258,15249,1,330064,21124096,21124096,3.64115,3.35443,7.59695,9.11647,2.41325,0.388505,22.1284,15249,16,1,33560704
tiledb,node,4096,0,warm,window_256,1024,128,0,3.9541509468108416,0,0,0,0.018570193,4096,1008,20,4,2446848,6407479296,0.143158,0.033739,0.04147,0.00935,0.00741,3.500407,0.00131,0.0,0.0,0.043838999999999996,0.0047,2.471883,0.0,0.01821,0.02505,0.058839,0.01047,2048,506,8,1,4048,259072,259072,0.180748,0.110109,0.215197,1.8981,0.236077,0.0251,2.4483099999999998,8,2,1,10487720
tiledb,node,4096,0,warm,window_256,1024,128,1,4.316175996791571,0,0,0,0.020156127,4096,1014,14,4,2447872,6407450624,0.110109,0.03067,0.031629,0.00841,0.00483,1.239942,0.00098,0.0,0.0,0.043948999999999995,0.00556,0.976596,0.0,0.014959,0.0207,2.736919,0.01057,1024,251,6,1,2008,128512,128512,0.163748,0.115049,0.198827,0.460304,0.209826,0.02372,0.9516560000000001,6,1,1,2097544
tiledb,node,4096,0,warm,window_256,8192,128,0,6.349004979711026,0,0,0,0.030580968,32768,1024,4,5,17912832,6406651904,0.472133,0.088578,0.02871,0.00917,0.00635,5.259651,0.00146,0.0,0.0,0.026539,0.00271,3.937662,0.0,0.01718,0.02551,0.315986,0.013709,16384,512,2,1,4096,262144,262144,0.095399,0.076319,0.129168,3.47766,0.245076,0.020550000000000002,3.9201799999999998,2,2,1,14682808
tiledb,node,4096,0,warm,window_256,8192,128,1,4.973765986505896,0,0,0,0.018490056,32768,1024,4,4,17912832,6406787072,0.168908,0.086308,0.02637,0.0083,0.00567,1.157372,0.00125,0.0,0.0,0.024809,0.00177,0.916966,0.0,0.01401,0.02435,3.354809,0.01324,8192,256,1,1,2048,131072,131072,0.051619,0.039279,0.087599,0.456443,0.28316600000000003,0.02627,0.900586,1,1,1,2097544
tiledb,node,4096,0,warm,window_256,65536,128,0,4.967404995113611,0,0,0,0.02244982,262144,1024,4,4,143177728,6412029952,0.183517,0.086619,0.027689,0.00824,0.00729,2.193357,0.00469,0.0,0.0,0.02319,0.002379,1.578277,0.0,0.01617,0.054649,2.253126,0.02546,131072,512,2,1,4096,262144,262144,0.091269,0.070689,0.127318,1.07277,0.27664500000000003,0.02793,1.5616700000000001,2,2,1,4195088
tiledb,node,4096,0,warm,window_256,65536,128,1,6.2158769578672945,0,0,0,0.022558582,262144,1024,4,4,143177728,6410350592,0.182658,0.076839,0.03057,0.00837,0.00625,1.164972,0.0011,0.0,0.0,0.024589,0.00173,0.875607,0.0,0.01502,0.033109,4.560782,0.02433,65536,256,1,1,2048,131072,131072,0.035879,0.023008999999999998,0.07996900000000001,0.410084,0.272926,0.045929,0.8580369999999999,1,1,1,2097544
tiledb,node,4096,0,warm,window_4096,1024,128,0,5.3463500225916505,0,0,0,0.031308286000000005,4096,3611,2805,8,3112960,6409416704,0.115138,0.0,0.0,0.00775,0.0,0.00014,0.0,0.0,0.0,0.0,0.0,0.0,0.0,0.0,0.0,5.129604,0.012019,0,0,0,0,0,0,0,0.0,0.0,0.0,0.0,0.0,0.0,0.0,0,0,0,0
tiledb,node,4096,0,warm,window_4096,1024,128,1,4.843828035518527,0,0,0,0.033030735,4096,3628,2797,8,3113984,6407294976,0.118438,0.03301,0.028579,0.00886,0.00718,4.414804,0.0077,0.0,0.0,0.06562899999999999,0.150628,3.136933,0.0,0.03145,0.024649,0.058209,0.01139,2048,1809,1387,1,14472,926208,926208,0.67919,0.543142,1.09789,1.3123500000000001,0.444523,0.087999,3.0879000000000003,1387,3,1,6292632
tiledb,node,4096,0,warm,window_4096,8192,128,0,7.602716039400548,0,0,0,0.043055429,32768,14126,1943,8,21692928,6409793536,0.179968,0.092329,0.02703,0.008989,0.00819,6.69964,0.02683,0.0,0.0,0.05316799999999999,0.120639,5.36161,0.0,0.082969,0.028669,0.332765,0.01377,16384,7039,997,1,56312,3603968,3603968,0.48636300000000005,0.407895,0.768129,3.87296,0.425274,0.125578,5.3186800000000005,997,4,1,20975440
tiledb,node,4096,0,warm,window_4096,8192,128,1,6.516392983030528,0,0,0,0.040488328000000004,32768,14107,1992,8,16451072,6407282688,0.208807,0.085769,0.026499,0.00813,0.00502,2.860347,0.00388,0.0,0.0,0.044309,0.065219,2.128778,0.0,0.04524,0.024819,3.132543,0.01325,8192,3532,492,1,28256,1808384,1808384,0.48269300000000004,0.36421400000000004,0.65969,0.830488,0.370164,0.154198,2.10135,492,2,1,4195088
tiledb,node,4096,0,warm,window_4096,65536,128,0,5.589327018242329,0,0,0,0.028559367,262144,16384,4,8,144179712,6409961472,0.179418,0.081339,0.03455,0.008729,0.00724,1.993811,0.00464,0.0,0.0,0.02447,0.00304,1.32227,0.0,0.049629,0.034229,3.060864,0.02499,65536,4096,1,1,32768,2097152,2097152,0.02726,0.01413,0.056929,0.839907,0.283156,0.072659,1.30639,1,2,1,4195088
tiledb,node,4096,0,warm,window_4096,65536,128,1,6.534693005960435,0,0,0,0.034054915000000005,262144,16384,4,8,144179712,6408450048,0.188247,0.087859,0.030629,0.00826,0.00796,3.551847,0.03098,0.0,0.0,0.025829,0.00477,2.344945,0.0,0.086579,0.054579,2.371914,0.02668,131072,8192,2,1,65536,4194304,4194304,0.10079800000000001,0.048868,0.138438,1.31518,0.6689499999999999,0.12243799999999999,2.3273099999999998,2,4,2,8390176
tiledb,node,4096,0,warm,window_65536,1024,128,0,17.813473008573055,0,0,0,0.135990847,4096,4071,3996,68,3737600,6407958528,0.393524,0.084949,0.02727,0.00856,0.006909,16.992977,0.00641,0.0,0.0,0.10513800000000001,0.285876,14.11079,0.0,0.044629,0.02934,0.062729,0.01292,2538,2497,2389,1,19976,1278464,1278464,0.817558,0.66332,1.43358,7.33843,2.56255,0.062839,14.0257,2389,16,1,33560704
tiledb,node,4096,0,warm,window_65536,1024,128,1,16.66196098085493,0,0,0,0.135222639,4096,4073,4023,68,2826240,6408024064,0.111568,0.03169,0.028499,0.00865,0.00621,8.551702,0.00416,0.0,0.0,0.039369,0.058829,5.525998,0.0,0.01706,0.01527,7.755044,0.01164,474,470,464,1,3760,240640,240640,0.519482,0.427172,0.69596,3.48182,1.14006,0.030579,5.49685,464,8,1,16780352
tiledb,node,4096,0,warm,window_65536,8192,128,0,19.457608985248953,0,0,0,0.159993948,32768,30785,27200,68,21854208,6414553088,0.298735,0.092818,0.02695,0.00869,0.0082,18.538563,0.00822,0.0,0.0,0.505773,0.773728,12.033941,0.0,0.086389,0.025599,0.239107,0.013659,8771,8100,6913,1,64800,4147200,4147200,1.40701,1.18358,2.77759,6.6577,1.69502,0.177987,11.6115,6913,15,1,31463160
tiledb,node,4096,0,warm,window_65536,8192,128,1,21.85749396448955,0,0,0,0.178011545,32768,30837,27186,68,21544448,6416756736,0.198587,0.093358,0.03126,0.009,0.0087,21.022606,0.009429,0.0,0.0,0.19367700000000002,1.022175,15.937452,0.0,0.118028,0.032679,0.137898,0.01554,11645,10549,8622,1,84392,5401088,5401088,1.7696,1.5588799999999998,3.63732,7.61897,1.65905,0.19806700000000002,15.502500000000001,8622,16,1,33560704
tiledb,node,4096,0,warm,window_65536,65536,128,0,26.477083971258253,0,0,0,0.19642407,262144,165702,61013,68,169127936,6417059840,0.261436,0.089778,0.04053,0.010559,0.01496,23.367481,0.04188,0.0,0.0,0.260466,1.252742,18.06578,0.0,0.499023,0.074999,1.816833,0.030439,108894,51523,10185,1,412184,26379776,26379776,2.1207499999999997,1.81467,4.43637,8.2667,2.06636,0.537012,17.5092,10185,16,1,33560704
tiledb,node,4096,0,warm,window_65536,65536,128,1,25.847064040135592,0,0,0,0.196378806,262144,165690,61084,68,163669504,6421856256,0.338775,0.092029,0.038279,0.00992,0.01499,20.214708,0.044149,0.0,0.0,0.225446,1.009195,15.324141,0.0,0.507432,0.070629,4.284786,0.029919,124243,53617,8944,1,428936,27451904,27451904,1.96764,1.7768300000000001,3.9422399999999995,7.16514,1.65255,0.600171,14.8283,8944,16,1,33560704
tiledb,node,65536,0,cold,random,1024,128,0,29.082935012411326,134246400,134246400,134246400,0.133864831,4096,4083,4053,16,2170880,6407270400,0.150308,0.032439,0.03691,0.010609,0.00508,28.285208,0.00795,0.0,0.0,0.105689,0.119978,27.720106,0.0,0.034039,0.03008,0.298995,0.01397,1032,1024,1010,1,8192,524288,524288,0.6213310000000001,0.523352,0.921156,21.213099999999997,2.63733,0.141367,27.676,1010,1,1,33560584
tiledb,node,65536,0,cold,random,1024,128,1,28.219779022037983,134246400,134246400,134246400,0.125471435,4096,4092,4079,16,2171904,6407282688,0.119978,0.033859,0.036039,0.00924,0.00715,27.306092,0.00217,0.0,0.0,0.058288999999999994,0.126578,26.79272,0.0,0.03555,0.028239,0.443353,0.01235,1024,1019,1002,1,8152,521728,521728,0.613201,0.49478300000000003,1.01753,20.493199999999998,2.24774,0.126618,26.6969,1002,1,1,33560584
tiledb,node,65536,0,cold,random,8192,128,0,32.56001300178468,134246400,134246400,134246400,0.16992459599999998,32768,32229,31226,16,17006592,6415233024,0.257567,0.093039,0.030989,0.00949,0.00813,31.708457,0.00768,0.0,0.0,0.16057700000000003,0.776269,29.792465,0.0,0.091068,0.03232,0.139308,0.01509,8280,7773,6819,1,62184,3979776,3979776,1.52359,1.3247499999999999,2.93304,21.0325,1.73677,0.6957899999999999,29.4146,6819,1,1,33560584
tiledb,node,65536,0,cold,random,8192,128,1,32.280888000968844,134246400,134246400,134246400,0.168789747,32768,32256,31257,16,17116160,6415278080,0.258707,0.091229,0.033029,0.0095,0.00814,31.442091,0.00795,0.0,0.0,0.164837,0.781849,29.44291,0.0,0.089918,0.03122,0.135138,0.015269,8207,7684,6810,1,61472,3934208,3934208,1.53988,1.32922,2.9733799999999997,20.8545,1.68685,0.605651,29.065299999999997,6810,1,1,33560584
tiledb,node,65536,0,cold,random,65536,128,0,42.185070051345974,134246400,134246400,134246400,0.260550634,262144,232061,180857,16,125202432,6429437952,0.6694,0.084929,0.03581,0.010629,0.01352,39.274504,0.03683,0.0,0.0,0.32422500000000004,1.743604,35.031117,0.0,0.413643,0.06382,1.31064,0.0305,65740,41559,15288,1,332472,21278208,21278208,2.6945200000000002,2.4449099999999997,5.691940000000001,21.281000000000002,1.5390300000000001,2.52851,34.3724,15288,1,1,33560584
tiledb,node,65536,0,cold,random,65536,128,1,41.56223003519699,134246400,134246400,134246400,0.259667847,262144,231814,180317,16,125137408,6429392896,0.381854,0.084489,0.034259,0.00943,0.01311,39.571479,0.038929,0.0,0.0,0.316006,1.512667,35.660288,0.0,0.415953,0.04467,0.814348,0.028699,65745,41427,15244,1,331416,21210624,21210624,3.5096200000000004,3.2070100000000004,6.67495,20.697799999999997,1.85032,2.55032,34.6369,15244,1,1,33560584
tiledb,node,65536,0,cold,window_256,1024,128,0,24.329857027623802,101203968,101203968,101203968,0.110617044,4096,1008,20,4,2446848,6405885952,0.212707,0.033769,0.03933,0.01004,0.0075,23.740835,0.00122,0.0,0.0,0.09085800000000001,0.00805,22.78709,0.0,0.02863,0.033849,0.069159,0.01426,2048,506,8,1,4048,259072,259072,0.127218,0.076619,0.153277,16.974,1.9497099999999998,0.026869999999999998,22.7515,8,1,1,33560584
tiledb,node,65536,0,cold,window_256,1024,128,1,24.7483309940435,101187584,101187584,101187584,0.127373809,4096,1014,14,4,2447872,6405885952,0.193767,0.03272,0.03125,0.008539,0.00629,22.624142,0.00126,0.0,0.0,0.03576,0.00332,22.464764,0.0,0.01837,0.02358,1.687814,0.01161,1024,251,6,1,2008,128512,128512,0.206827,0.144068,0.28353599999999995,17.955,1.91703,0.036619000000000006,22.4425,6,1,1,33560584
tiledb,node,65536,0,cold,window_256,8192,128,0,23.369721020571887,101199872,101199872,101199872,0.117774773,32768,1024,4,4,17912832,6406094848,0.239997,0.093738,0.0312,0.00956,0.007179,22.488515,0.00426,0.0,0.0,0.0326,0.00254,22.355896,0.0,0.020769,0.02748,0.318695,0.01384,16384,512,2,1,4096,262144,262144,0.086598,0.06669900000000001,0.126698,17.734199999999998,1.78754,0.028709,22.334799999999998,2,1,1,33560584
tiledb,node,65536,0,cold,window_256,8192,128,1,23.871873039752245,101187584,101187584,101187584,0.122498051,32768,1024,4,4,17912832,6406205440,0.216716,0.088629,0.033499,0.00843,0.00713,23.244373,0.00123,0.0,0.0,0.056759000000000004,0.00485,23.049196,0.0,0.01611,0.028639,0.093649,0.01422,8192,256,1,1,2048,131072,131072,0.030948999999999997,0.01313,0.063599,17.3419,1.67889,0.01822,23.0193,1,1,1,33560584
tiledb,node,65536,0,cold,window_256,65536,128,0,20.994227030314505,67633152,67633152,67633152,0.092570081,262144,1024,4,4,143177728,6408691712,0.225677,0.088539,0.02876,0.00879,0.007269,18.170929,0.00412,0.0,0.0,0.02855,0.00245,18.0471,0.0,0.01863,0.056959,2.241986,0.02653,131072,512,2,1,4096,262144,262144,0.098728,0.072469,0.137148,14.272,1.86542,0.0415,18.0284,2,1,1,33560584
tiledb,node,65536,0,cold,window_256,65536,128,1,24.26981698954478,101203968,101203968,101203968,0.101743416,262144,1024,4,4,143177728,6407290880,0.182377,0.078098,0.03367,0.00872,0.00642,21.812284,0.00111,0.0,0.0,0.041629,0.00246,21.621217,0.0,0.01703,0.036669,1.917501,0.02552,65536,256,1,1,2048,131072,131072,0.046769,0.032719000000000005,0.079749,16.6403,1.71729,0.02607,21.601499999999998,1,1,1,33560584
tiledb,node,65536,0,cold,window_4096,1024,128,0,24.96637700824067,101199872,101199872,101199872,0.133911738,4096,3611,2805,4,3112960,6410469376,0.230416,0.0,0.0,0.00775,0.0,9e-05,0.0,0.0,0.0,0.0,0.0,0.0,0.0,0.0,0.0,24.636772,0.01219,0,0,0,0,0,0,0,0.0,0.0,0.0,0.0,0.0,0.0,0.0,0,0,0,0
tiledb,node,65536,0,cold,window_4096,1024,128,1,24.121110036503524,101203968,101203968,101203968,0.118573335,4096,3628,2797,4,3113984,6407553024,0.184347,0.03237,0.033439,0.00923,0.00553,23.603827,0.00263,0.0,0.0,0.09600800000000001,0.158318,22.894888,0.0,0.03436,0.02901,0.061769,0.0101,2048,1809,1387,1,14472,926208,926208,0.6331709999999999,0.513274,0.9719260000000001,16.3685,2.46469,0.145888,22.8372,1387,1,1,33560584
tiledb,node,65536,0,cold,window_4096,8192,128,0,23.471048974897712,100687872,100687872,100687872,0.105607506,32768,14126,1943,4,21692928,6410227712,0.234227,0.097239,0.030719,0.00978,0.00826,22.513304,0.02697,0.0,0.0,0.058478999999999996,0.119788,22.023621,0.0,0.080439,0.028929,0.331765,0.01376,16384,7039,997,1,56312,3603968,3603968,0.6258210000000001,0.4963119999999999,0.932586,16.9397,1.96204,0.22298700000000002,21.976300000000002,997,1,1,33560584
tiledb,node,65536,0,cold,window_4096,8192,128,1,29.64895695913583,134246400,134246400,134246400,0.172217434,32768,14107,1992,5,16451072,6407524352,0.215497,0.082239,0.03372,0.00867,0.008479,28.063111,0.011,0.0,0.0,0.05555,0.046969,27.731535,0.0,0.03936,0.028479,1.024425,0.01432,6021,2606,374,1,20848,1334272,1334272,0.380154,0.29466600000000004,0.492763,21.6973,1.86778,0.119758,27.6946,374,1,1,33560584
tiledb,node,65536,0,cold,window_4096,65536,128,0,23.34528201026842,101187584,101187584,101187584,0.101180953,262144,16384,4,4,144179712,6409371648,0.185577,0.082399,0.035119,0.00936,0.00775,20.187059,0.00474,0.0,0.0,0.045399,0.00403,19.995882,0.0,0.053379,0.037619,2.579132,0.025869,65536,4096,1,1,32768,2097152,2097152,0.034928999999999995,0.019419000000000002,0.092848,16.0235,1.60372,0.076499,19.9691,1,1,1,33560584
tiledb,node,65536,0,cold,window_4096,65536,128,1,24.140908964909613,100687872,100687872,100687872,0.101617402,262144,16384,4,4,144179712,6408142848,0.228097,0.081648,0.03658,0.00829,0.0077,21.659526,0.004649,0.0,0.0,0.057249,0.00516,21.293322,0.0,0.058419,0.04252,1.852813,0.024679,65536,4096,1,1,32768,2097152,2097152,0.03207,0.01392,0.068699,16.5068,1.58536,0.106179,21.2631,1,1,1,33560584
tiledb,node,65536,0,cold,window_65536,1024,128,0,28.971066989470273,134246400,134246400,134246400,0.190790278,4096,4071,3996,8,3737600,6407622656,0.100948,0.03164,0.032429,0.00973,0.00798,26.278747,0.00468,0.0,0.0,0.053659,0.056459,25.894973,0.0,0.03368,0.026159,2.250506,0.01415,394,392,388,1,3136,200704,200704,0.389034,0.295218,0.510852,21.1635,2.04995,0.057539,25.8641,388,1,1,33560584
tiledb,node,65536,0,cold,window_65536,1024,128,1,28.22511800331995,134246400,134246400,134246400,0.125499684,4096,4073,4023,8,2826240,6407684096,0.154147,0.03355,0.037039,0.00945,0.00623,27.404681,0.00479,0.0,0.0,0.06731899999999999,0.057739,27.073016,0.0,0.028029,0.02348,0.372074,0.01086,474,470,464,1,3760,240640,240640,0.241857,0.180848,0.34390499999999996,21.7241,1.92493,0.05863,27.031699999999997,464,1,1,33560584
tiledb,node,65536,0,cold,window_65536,8192,128,0,32.87700901273638,134246400,134246400,134246400,0.174640093,32768,30785,27200,8,21854208,6415712256,0.288056,0.093859,0.03055,0.009429,0.00875,31.859194,0.0099,0.0,0.0,0.26776500000000003,1.186413,28.970917,0.0,0.125619,0.030099,0.283296,0.01392,13299,11832,9404,1,94656,6057984,6057984,2.29399,1.9668799999999997,4.50881,19.0514,1.80112,0.913336,28.7049,9404,1,1,33560584
tiledb,node,65536,0,cold,window_65536,8192,128,1,30.528884031809866,101187584,101187584,101187584,0.173550855,32768,30837,27186,8,21544448,6418096128,0.255006,0.092008,0.02821,0.00874,0.00858,29.724696,0.009519,0.0,0.0,0.19234800000000002,0.988345,27.268002,0.0,0.110458,0.029809,0.130828,0.0126,11645,10549,8622,1,84392,5401088,5401088,2.1482699999999997,1.9066400000000001,4.11989,17.1478,1.72827,0.912027,26.6982,8622,1,1,33560584
tiledb,node,65536,0,cold,window_65536,65536,128,0,38.041491992771626,134246400,134246400,134246400,0.201112876,262144,165702,61013,8,169127936,6418001920,0.444413,0.089349,0.035879,0.00894,0.01487,34.940608,0.041519,0.0,0.0,0.21628599999999998,1.231172,31.985852,0.0,0.486073,0.058769,1.797653,0.027389,108894,51523,10185,1,412184,26379776,26379776,2.86828,2.59838,5.08303,19.6462,1.74403,2.37971,31.3256,10185,1,1,33560584
tiledb,node,65536,0,cold,window_65536,65536,128,1,35.28023301623762,101187584,101187584,101187584,0.200087362,262144,165690,61084,8,163669504,6423003136,0.429164,0.091788,0.03143,0.00889,0.014879,31.665277,0.04422,0.0,0.0,0.19345800000000002,0.990625,28.935987,0.0,0.518593,0.074949,2.197947,0.02952,124243,53617,8944,1,428936,27451904,27451904,2.4472,2.20513,4.43226,17.536099999999998,1.67304,2.15956,28.3829,8944,1,1,33560584
tiledb,node,65536,0,warm,random,1024,128,0,15.971211018040776,0,0,0,0.120757065,4096,4083,4053,16,2170880,6409932800,0.260747,0.03352,0.036429,0.00988,0.00643,12.668301,0.0068,0.0,0.0,0.077788,0.113319,12.208738,0.0,0.026719,0.02474,2.731029,0.01379,1012,1006,983,1,8048,515072,515072,0.356495,0.26243700000000003,0.565002,6.68186,1.72903,0.108619,12.1373,983,1,1,33560584
tiledb,node,65536,0,warm,random,1024,128,1,16.340795962605625,0,0,0,0.139023665,4096,4092,4079,16,2171904,6409900032,0.174328,0.032509,0.03386,0.008799,0.00708,14.035521,0.00242,0.0,0.0,0.063559,0.122648,13.526188,0.0,0.023329,0.02308,1.840982,0.01305,1024,1019,1002,1,8152,521728,521728,0.5974109999999999,0.49881100000000006,0.8903169999999999,7.22786,2.00115,0.128908,13.4357,1002,1,1,33560584
tiledb,node,65536,0,warm,random,8192,128,0,19.392371003050357,0,0,0,0.169471209,32768,32229,31226,16,17006592,6417289216,0.234177,0.091929,0.030929,0.00896,0.00822,18.596622,0.00805,0.0,0.0,0.16053800000000001,0.760108,16.591082,0.0,0.089689,0.03007,0.136078,0.01472,8240,7732,6821,1,61856,3958784,3958784,1.8319,1.6477,3.4195900000000004,7.45204,1.75629,0.615221,16.1038,6821,1,1,33560584
tiledb,node,65536,0,warm,random,8192,128,1,19.542968017049134,0,0,0,0.16959691,32768,32256,31257,16,17116160,6417354752,0.225026,0.093949,0.030409,0.00884,0.00814,18.7108,0.00729,0.0,0.0,0.164217,0.743949,16.625202,0.0,0.094359,0.03539,0.137828,0.01573,8123,7666,6787,1,61328,3924992,3924992,1.73061,1.54658,3.2342500000000003,7.45501,1.76238,0.6714600000000001,16.1366,6787,1,1,33560584
tiledb,node,65536,0,warm,random,65536,128,0,29.324921953957528,0,0,0,0.270100907,262144,232061,180857,16,125202432,6430547968,0.427263,0.083429,0.034699,0.01,0.0142,27.236123,0.03434,0.0,0.0,0.317715,1.742064,23.057976,0.0,0.399644,0.05171,0.838408,0.029649,65835,41459,15136,1,331672,21227008,21227008,3.76696,3.46611,7.14231,7.8026,1.66609,2.6853599999999997,22.026899999999998,15136,1,1,33560584
tiledb,node,65536,0,warm,random,65536,128,1,30.20495903911069,0,0,0,0.281120013,262144,231814,180317,16,125137408,6430564352,0.294195,0.084209,0.037069,0.00899,0.01359,28.287967,0.032839,0.0,0.0,0.327464,1.531058,24.455475,0.0,0.389905,0.043009,0.838667,0.02906,65745,41427,15244,1,331416,21210624,21210624,3.80538,3.49768,7.2443,8.064490000000001,1.91991,2.46502,23.3896,15244,1,1,33560584
tiledb,node,65536,0,warm,window_256,1024,128,0,13.190254045184702,0,0,0,0.081978903,4096,1008,20,4,2446848,6408134656,0.217086,0.03283,0.036839,0.00965,0.00527,12.625261,0.00169,0.0,0.0,0.057379,0.0043,11.789324,0.0,0.02466,0.03067,0.067659,0.01238,2048,506,8,1,4048,259072,259072,0.155187,0.10807800000000001,0.185697,7.55064,1.51097,0.03697,11.758899999999999,8,1,1,33560584
tiledb,node,65536,0,warm,window_256,1024,128,1,12.250366969965398,0,0,0,0.080291836,4096,1014,14,4,2447872,6408118272,0.162757,0.032909,0.03526,0.00844,0.00708,11.796524,0.00128,0.0,0.0,0.037709000000000006,0.00406,11.635926,0.0,0.017209,0.02205,0.051179,0.01137,1024,251,6,1,2008,128512,128512,0.194697,0.136978,0.25307599999999997,7.06268,1.68093,0.02816,11.6126,6,1,1,33560584
tiledb,node,65536,0,warm,window_256,8192,128,0,12.846428027842194,0,0,0,0.084211743,32768,1024,4,4,17912832,6408327168,0.206687,0.089888,0.03208,0.00918,0.00654,12.0045,0.00345,0.0,0.0,0.029349,0.00279,11.863943,0.0,0.01869,0.0276,0.316295,0.01376,16384,512,2,1,4096,262144,262144,0.08689899999999999,0.06598899999999999,0.123488,6.923760000000001,1.71864,0.043640000000000005,11.8447,2,1,1,33560584
tiledb,node,65536,0,warm,window_256,8192,128,1,12.385274982079864,0,0,0,0.081643229,32768,1024,4,4,17912832,6408462336,0.168988,0.087668,0.03241,0.00863,0.00726,11.36401,0.00123,0.0,0.0,0.039679,0.00207,11.195543,0.0,0.027359,0.03374,0.488572,0.01475,8192,256,1,1,2048,131072,131072,0.025119000000000002,0.012490000000000001,0.063749,6.732489999999999,1.65152,0.022859,11.1751,1,1,1,33560584
tiledb,node,65536,0,warm,window_256,65536,128,0,14.331176003906876,0,0,0,0.076164169,262144,1024,4,4,143177728,6411034624,0.224277,0.087859,0.02962,0.00877,0.007629,11.467789,0.00458,0.0,0.0,0.0295,0.00263,11.328451,0.0,0.01634,0.054949,2.282146,0.026229,131072,512,2,1,4096,262144,262144,0.07006899999999999,0.035089999999999996,0.103968,6.86101,1.74575,0.02595,11.3105,2,1,1,33560584
tiledb,node,65536,0,warm,window_256,65536,128,1,13.940052012912929,0,0,0,0.083699708,262144,1024,4,4,143177728,6409465856,0.179957,0.077669,0.03278,0.008999,0.00621,11.118134,0.00146,0.0,0.0,0.03952,0.00215,10.931326,0.0,0.01692,0.036709,2.265636,0.02584,65536,256,1,1,2048,131072,131072,0.03366,0.01961,0.063319,6.656890000000001,1.5251100000000002,0.021089,10.911900000000001,1,1,1,33560584
tiledb,node,65536,0,warm,window_4096,1024,128,0,15.164974029175937,0,0,0,0.102342406,4096,3611,2805,4,3112960,6412005376,0.336325,0.03231,0.029579,0.00891,0.00731,14.567462,0.00239,0.0,0.0,0.054019,0.086039,14.118209,0.0,0.02164,0.02167,0.0294,0.01091,1024,894,680,1,7152,457728,457728,0.556752,0.444463,0.7754489999999999,7.6856,1.89865,0.091949,14.0798,680,1,1,33560584
tiledb,node,65536,0,warm,window_4096,1024,128,1,13.197613006923348,0,0,0,0.0880526,4096,3628,2797,4,3113984,6409183232,0.105899,0.032229,0.03707,0.009039,0.00702,12.666001,0.00175,0.0,0.0,0.103709,0.113578,12.137199,0.0,0.03041,0.028979,0.062949,0.01437,1024,909,701,1,7272,465408,465408,0.530022,0.414354,0.759509,7.17444,1.27044,0.10385899999999999,12.0693,701,1,1,33560584
tiledb,node,65536,0,warm,window_4096,8192,128,0,13.986660982482135,0,0,0,0.090888286,32768,14126,1943,4,21692928,6411890688,0.202487,0.090418,0.02812,0.00948,0.00807,13.077384,0.026669,0.0,0.0,0.056879,0.122448,12.572103,0.0,0.077029,0.02766,0.333056,0.014129,16384,7039,997,1,56312,3603968,3603968,0.66817,0.554193,0.963675,7.13496,1.67704,0.266177,12.523100000000001,997,1,1,33560584
tiledb,node,65536,0,warm,window_4096,8192,128,1,16.165738983545452,0,0,0,0.134457052,32768,14107,1992,5,16451072,6409191424,0.190927,0.085939,0.030799,0.00872,0.00715,15.000596,0.00376,0.0,0.0,0.050058,0.04617,14.711601,0.0,0.037439,0.02633,0.63965,0.014,6021,2606,374,1,20848,1334272,1334272,0.338005,0.257945,0.458123,6.92807,1.98731,0.11183799999999999,14.6799,374,1,1,33560584
tiledb,node,65536,0,warm,window_4096,65536,128,0,14.106179994996637,0,0,0,0.08586772,262144,16384,4,4,144179712,6411710464,0.223537,0.081358,0.03244,0.0088,0.00785,10.828908,0.005159,0.0,0.0,0.035750000000000004,0.00304,10.664581,0.0,0.052379,0.03681,2.67547,0.02473,65536,4096,1,1,32768,2097152,2097152,0.02637,0.01268,0.067549,5.7809,1.5192,0.069899,10.6419,1,1,1,33560584
tiledb,node,65536,0,warm,window_4096,65536,128,1,14.735169999767095,0,0,0,0.090479467,262144,16384,4,4,144179712,6410313728,0.240996,0.087029,0.030849,0.00888,0.00638,11.615487,0.02686,0.0,0.0,0.035849,0.00443,11.40239,0.0,0.088848,0.057379,2.440714,0.026699,131072,8192,2,1,65536,4194304,4194304,0.08140900000000001,0.048609,0.119538,5.89969,1.82441,0.164528,11.3791,2,1,1,33560584
tiledb,node,65536,0,warm,window_65536,1024,128,0,15.616716002114117,0,0,0,0.122301602,4096,4071,3996,8,3737600,6409850880,0.129738,0.032079,0.03429,0.00872,0.00713,13.171943,0.00107,0.0,0.0,0.055619999999999996,0.044099,12.03998,0.0,0.020109,0.01838,2.077899,0.01183,296,294,288,1,2352,150528,150528,0.35158500000000004,0.26208600000000004,0.450004,6.90091,1.70472,0.04926,12.0047,288,1,1,33560584
tiledb,node,65536,0,warm,window_65536,1024,128,1,16.247967956587672,0,0,0,0.126372556,4096,4073,4023,8,2826240,6409920512,0.104599,0.033119,0.03416,0.008339,0.00605,12.7119,0.00438,0.0,0.0,0.060249,0.055919,12.412175,0.0,0.02462,0.01866,3.164292,0.01172,474,470,464,1,3760,240640,240640,0.33994500000000005,0.24602499999999997,0.468583,6.84028,1.62655,0.059359,12.3733,464,1,1,33560584
tiledb,node,65536,0,warm,window_65536,8192,128,0,22.368395992089063,0,0,0,0.182475025,32768,30785,27200,8,21854208,6417641472,0.210317,0.092969,0.02805,0.009749,0.00883,21.42487,0.05062,0.0,0.0,0.273146,1.097344,18.591822,0.0,0.125348,0.03488,0.282225,0.01309,13299,11832,9404,1,94656,6057984,6057984,2.26383,1.95574,4.494800000000001,7.68763,2.23395,0.970446,18.328899999999997,9404,1,1,33560584
tiledb,node,65536,0,warm,window_65536,8192,128,1,20.778749021701515,0,0,0,0.165766048,32768,30837,27186,8,21544448,6420000768,0.199957,0.093409,0.029109,0.0086,0.00865,20.012321,0.03918,0.0,0.0,0.19217700000000001,0.971646,17.511559,0.0,0.110859,0.030219,0.132278,0.01416,11645,10549,8622,1,84392,5401088,5401088,2.17544,1.9188,4.16086,7.4852,1.68578,0.9263560000000001,16.933,8622,1,1,33560584
tiledb,node,65536,0,warm,window_65536,65536,128,0,26.3217170140706,0,0,0,0.193132955,262144,165702,61013,8,169127936,6419435520,0.392175,0.088919,0.03204,0.009289,0.01483,23.100025,0.04167,0.0,0.0,0.227827,1.231581,19.911033,0.0,0.500933,0.071959,1.835683,0.029319,108894,51523,10185,1,412184,26379776,26379776,2.4788200000000002,2.22834,4.73285,7.38052,1.76797,2.25338,19.2159,10185,1,1,33560584
tiledb,node,65536,0,warm,window_65536,65536,128,1,24.823058978654444,0,0,0,0.18427584,262144,165690,61084,8,163669504,6424285184,0.342615,0.093729,0.039259,0.00978,0.01512,21.323351,0.043649,0.0,0.0,0.228776,1.013485,18.617472,0.0,0.497313,0.065409,2.190217,0.02984,124243,53617,8944,1,428936,27451904,27451904,2.23858,2.00725,4.2098700000000004,7.19842,1.76457,1.9129399999999999,18.058,8944,1,1,33560584
